"ibutton","date.time","ibutton.temp","site","fish.depth","dissolved.oxygen"
22,2021-07-26 00:10:00,14.486,"blue.ruin.2",0.932830769230769,2.67269258741259
22,2021-07-26 00:20:00,14.361,"blue.ruin.2",0.923017928286852,2.77777942774357
22,2021-07-26 00:35:00,14.361,"blue.ruin.2",0.891438945155742,2.9022008929347
22,2021-07-26 00:45:00,13.922,"blue.ruin.2",0.915699658703072,2.68829661805771
22,2021-07-26 01:00:00,13.985,"blue.ruin.2",0.896120689655172,2.76878526645768
22,2021-07-26 01:10:00,13.86,"blue.ruin.2",0.903170167662363,2.70628690061143
22,2021-07-26 01:20:00,13.797,"blue.ruin.2",0.899777562862669,2.69019905046597
22,2021-07-26 01:35:00,13.672,"blue.ruin.2",0.90907514450867,2.56867157120336
22,2021-07-26 01:45:00,13.734,"blue.ruin.2",0.915221655551197,2.51578872285032
22,2021-07-26 02:00:00,14.173,"blue.ruin.2",0.905959031657356,2.42102420856611
22,2021-07-26 02:10:00,14.048,"blue.ruin.2",0.947251308900523,2.13594240837696
22,2021-07-26 02:20:00,14.236,"blue.ruin.2",0.96584671154842,2.38693940963231
22,2021-07-26 02:35:00,14.424,"blue.ruin.2",0.9801775147929,2.24608875739645
22,2021-07-26 02:45:00,14.424,"blue.ruin.2",0.955870236869207,2.22191658084449
22,2021-07-26 03:00:00,14.11,"blue.ruin.2",0.958103241296519,2.19782713085234
22,2021-07-26 03:10:00,14.298,"blue.ruin.2",0.928604651162791,2.4726976744186
22,2021-07-26 03:20:00,14.424,"blue.ruin.2",0.873899647887324,2.57345790653009
22,2021-07-26 03:35:00,14.236,"blue.ruin.2",0.941050228310502,2.53035533416355
22,2021-07-26 03:45:00,14.549,"blue.ruin.2",0.975666111573689,2.46817834096586
22,2021-07-26 04:00:00,14.298,"blue.ruin.2",1.02556390977444,2.4535469924812
22,2021-07-26 04:10:00,14.8,"blue.ruin.2",1.01186395286556,2.65155463310123
22,2021-07-26 04:20:00,14.988,"blue.ruin.2",1.00801366263794,2.64439516552811
22,2021-07-26 04:35:00,15.176,"blue.ruin.2",0.995073489384867,2.57014425694066
22,2021-07-26 04:45:00,14.361,"blue.ruin.2",1.02911954765751,2.79648273424879
22,2021-07-26 05:00:00,14.674,"blue.ruin.2",1.01180438448567,2.5695731450253
22,2021-07-26 05:10:00,14.236,"blue.ruin.2",1.02796110783736,2.45883073070124
22,2021-07-26 05:20:00,14.424,"blue.ruin.2",1.02266775777414,2.72250245499182
22,2021-07-26 05:35:00,14.674,"blue.ruin.2",1.01229737283399,2.59397813024036
22,2021-07-26 05:45:00,15.113,"blue.ruin.2",0.995912547528517,2.73754752851711
22,2021-07-26 06:00:00,14.988,"blue.ruin.2",1.0000279798545,2.60752658086178
22,2021-07-26 06:10:00,14.8,"blue.ruin.2",1.00434157561817,2.44662162162162
22,2021-07-26 06:20:00,14.925,"blue.ruin.2",0.98479883192732,2.65688209766385
22,2021-07-26 06:35:00,14.612,"blue.ruin.2",0.968788125254168,2.452545750305
22,2021-07-26 06:45:00,14.549,"blue.ruin.2",0.964060417592181,2.42077426699245
22,2021-07-26 07:00:00,14.486,"blue.ruin.2",0.980366285939346,2.59325108310358
22,2021-07-26 07:10:00,14.549,"blue.ruin.2",0.969252992158481,2.57647286421791
22,2021-07-26 07:20:00,14.674,"blue.ruin.2",0.921165644171779,2.77481316229782
22,2021-07-26 07:35:00,14.8,"blue.ruin.2",0.952601908065915,2.98185385949696
22,2021-07-26 07:45:00,14.549,"blue.ruin.2",0.973560541913633,2.7007008361558
22,2021-07-26 08:00:00,14.8,"blue.ruin.2",0.953992901508429,3.00516082519965
22,2021-07-26 08:10:00,14.737,"blue.ruin.2",0.950215723873442,3.19024376797699
22,2021-07-26 08:20:00,14.925,"blue.ruin.2",0.963233483791547,3.43055370332376
22,2021-07-26 08:35:00,14.361,"blue.ruin.2",1.00423565652676,3.66820254139392
22,2021-07-26 08:45:00,14.549,"blue.ruin.2",1.00329867335963,4.06748131050556
22,2021-07-26 09:00:00,14.486,"blue.ruin.2",0.998820471811275,3.9742799880048
22,2021-07-26 09:10:00,14.486,"blue.ruin.2",1.00591274397245,3.64310591274397
22,2021-07-26 09:20:00,14.486,"blue.ruin.2",1.02245881255828,4.33989267951508
22,2021-07-26 09:35:00,14.486,"blue.ruin.2",1.0306654676259,4.20105620503597
22,2021-07-26 09:45:00,14.8,"blue.ruin.2",1.01750924784217,4.49755317509248
22,2021-07-26 10:00:00,14.11,"blue.ruin.2",1.04865837696335,4.82544379908377
22,2021-07-26 10:10:00,14.862,"blue.ruin.2",1.00924283765348,5.12305559345157
22,2021-07-26 10:20:00,14.486,"blue.ruin.2",1.02847885402456,4.64603973396999
22,2021-07-26 10:35:00,14.862,"blue.ruin.2",1.02201055099648,5.50311554806565
22,2021-07-26 10:45:00,15.05,"blue.ruin.2",1.01760204081633,5.43735969387755
22,2021-07-26 11:00:00,14.612,"blue.ruin.2",1.04078838174274,5.61130622406639
22,2021-07-26 11:10:00,15.176,"blue.ruin.2",1.02309644670051,5.73306598984772
22,2021-07-26 11:20:00,15.05,"blue.ruin.2",1.02667864050843,5.84779186239293
22,2021-07-26 11:35:00,15.05,"blue.ruin.2",1.03367346938776,6.01007142857143
22,2021-07-26 11:45:00,15.238,"blue.ruin.2",1.03039909067946,5.83658884819399
22,2021-07-26 12:00:00,15.551,"blue.ruin.2",1.02927161334241,6.4711138529612
22,2021-07-26 12:10:00,15.551,"blue.ruin.2",1.02951597962019,6.13542786012043
22,2021-07-26 12:20:00,15.489,"blue.ruin.2",1.03755965292842,6.76
22,2021-07-26 12:35:00,14.925,"blue.ruin.2",1.06000611995104,6.45934325275398
22,2021-07-26 12:45:00,15.301,"blue.ruin.2",1.0485006119951,6.74
22,2021-07-26 13:00:00,15.176,"blue.ruin.2",1.05563554092966,6.86
22,2021-07-26 13:10:00,15.176,"blue.ruin.2",1.05771307365985,6.51220593906672
22,2021-07-26 13:20:00,14.988,"blue.ruin.2",1.06436716077537,7.04
22,2021-07-26 13:35:00,14.862,"blue.ruin.2",1.0722536806342,7.15726203284258
22,2021-07-26 13:45:00,15.113,"blue.ruin.2",1.06968897781011,6.8602082575482
22,2021-07-26 14:00:00,14.674,"blue.ruin.2",1.08045534150613,6.75813607705779
22,2021-07-26 14:10:00,15.05,"blue.ruin.2",1.07513061650993,6.80624412225705
22,2021-07-26 14:20:00,15.05,"blue.ruin.2",1.07393959959281,6.91585701560909
22,2021-07-26 14:35:00,15.176,"blue.ruin.2",1.07093100033014,6.77815706503797
22,2021-07-26 14:45:00,15.927,"blue.ruin.2",1.04913962635202,6.75069069567355
22,2021-07-26 15:00:00,15.865,"blue.ruin.2",1.05428405701028,7.1643112984753
22,2021-07-26 15:10:00,15.802,"blue.ruin.2",1.05826432593574,7.03023675057966
22,2021-07-26 15:20:00,15.614,"blue.ruin.2",1.06293838862559,6.64508116113744
22,2021-07-26 15:35:00,15.802,"blue.ruin.2",1.0591553734636,6.78484679325559
22,2021-07-26 15:45:00,14.988,"blue.ruin.2",1.07669947708397,6.54473077514611
22,2021-07-26 16:00:00,14.925,"blue.ruin.2",1.07695960205005,6.79765780449201
22,2021-07-26 16:10:00,15.739,"blue.ruin.2",1.06103275705187,6.55526893767061
22,2021-07-26 16:20:00,14.988,"blue.ruin.2",1.07771084337349,6.66724096385542
22,2021-07-26 16:35:00,14.674,"blue.ruin.2",1.08334875115634,6.19555515726179
22,2021-07-26 16:45:00,15.489,"blue.ruin.2",1.0613133640553,6.40253600230415
22,2021-07-26 17:00:00,15.865,"blue.ruin.2",1.05176056338028,6.35389964788732
22,2021-07-26 17:10:00,14.925,"blue.ruin.2",1.06970644850818,5.81375451154957
22,2021-07-26 17:20:00,14.988,"blue.ruin.2",1.0674958263773,5.78567679465776
22,2021-07-26 17:35:00,14.737,"blue.ruin.2",1.07462843295638,6.10970819870759
22,2021-07-26 17:45:00,14.674,"blue.ruin.2",1.07786658469105,6.07437795880725
22,2021-07-26 18:00:00,14.549,"blue.ruin.2",1.08086617781852,6.16755167277727
22,2021-07-26 18:10:00,14.486,"blue.ruin.2",1.08247048138056,6.06275613079019
22,2021-07-26 18:20:00,14.424,"blue.ruin.2",1.08227315247895,5.50322591206735
22,2021-07-26 18:35:00,14.11,"blue.ruin.2",1.08924765902486,5.58675431869551
22,2021-07-26 18:45:00,14.11,"blue.ruin.2",1.08638655462185,5.34714117647059
22,2021-07-26 19:00:00,14.048,"blue.ruin.2",1.08659813084112,4.90028261682243
22,2021-07-26 19:10:00,14.11,"blue.ruin.2",1.07934435468721,4.92663277287244
22,2021-07-26 19:20:00,14.236,"blue.ruin.2",1.07099615306742,4.61765215630694
22,2021-07-26 19:35:00,14.11,"blue.ruin.2",1.06759769839367,4.10301965955406
22,2021-07-26 19:45:00,13.985,"blue.ruin.2",1.06601656425327,3.64113445097515
22,2021-07-26 20:00:00,14.048,"blue.ruin.2",1.05293367346939,3.86644355867347
22,2021-07-26 20:10:00,13.985,"blue.ruin.2",1.0519645340751,3.74956493393602
22,2021-07-26 20:20:00,14.486,"blue.ruin.2",1.01902560455192,3.47309743954481
22,2021-07-26 20:35:00,13.922,"blue.ruin.2",1.04305124223602,3.4978943128882
22,2021-07-26 20:45:00,13.734,"blue.ruin.2",1.05058962264151,3.34164239386792
22,2021-07-26 21:00:00,14.298,"blue.ruin.2",0.99238310708899,3.07087368024133
22,2021-07-26 21:10:00,13.86,"blue.ruin.2",1.0111144397843,3.00880766926303
22,2021-07-26 21:20:00,13.797,"blue.ruin.2",1.00325865580448,3.34816395112016
22,2021-07-26 21:35:00,14.048,"blue.ruin.2",0.942862292718097,3.36204758471521
22,2021-07-26 21:45:00,13.797,"blue.ruin.2",0.950410209662716,3.14
22,2021-07-26 22:00:00,13.922,"blue.ruin.2",0.944931880108992,2.88243596730245
22,2021-07-26 22:10:00,14.486,"blue.ruin.2",0.90111234705228,3.24154818485186
22,2021-07-26 22:20:00,14.361,"blue.ruin.2",0.90493335801555,3.31548349096294
22,2021-07-26 22:35:00,14.298,"blue.ruin.2",0.890475313190862,3.23684464393381
22,2021-07-26 22:45:00,14.486,"blue.ruin.2",0.863617177463755,3.25845559652313
22,2021-07-26 23:00:00,14.424,"blue.ruin.2",0.861888111888112,3.18745708836618
22,2021-07-26 23:10:00,14.549,"blue.ruin.2",0.849825078254465,3.19012135719188
22,2021-07-26 23:20:00,14.361,"blue.ruin.2",0.86329816768462,3.06390540608753
22,2021-07-26 23:35:00,14.612,"blue.ruin.2",0.847074919796188,3.17152584535676
22,2021-07-26 23:45:00,14.674,"blue.ruin.2",0.83699171686747,3.20887732749179
22,2021-07-27,14.361,"blue.ruin.2",0.859040762902019,3.04960325015299
22,2021-07-27 00:10:00,13.922,"blue.ruin.2",0.897701793721973,2.91624541377905
22,2021-07-27 00:20:00,14.424,"blue.ruin.2",0.857226890756303,3.03362414056532
22,2021-07-27 00:35:00,14.236,"blue.ruin.2",0.87995717743437,2.92568423012474
22,2021-07-27 00:45:00,14.612,"blue.ruin.2",0.857248018120045,3.07038711005868
22,2021-07-27 01:00:00,14.298,"blue.ruin.2",0.890880858272163,2.93494379138648
22,2021-07-27 01:10:00,14.612,"blue.ruin.2",0.862919557472342,3.13015205495798
22,2021-07-27 01:20:00,14.612,"blue.ruin.2",0.862919557472342,3.12073470500997
22,2021-07-27 01:35:00,14.862,"blue.ruin.2",0.839577836411609,3.19419525065963
22,2021-07-27 01:45:00,14.298,"blue.ruin.2",0.88391845979615,3.02203438690415
22,2021-07-27 02:00:00,14.674,"blue.ruin.2",0.848450198450199,3.06882716791808
22,2021-07-27 02:10:00,14.424,"blue.ruin.2",0.861274787535411,2.92651403553953
22,2021-07-27 02:20:00,14.236,"blue.ruin.2",0.867443609022556,2.93927272727273
22,2021-07-27 02:35:00,15.238,"blue.ruin.2",0.770778488153441,3.1955403603542
22,2021-07-27 02:45:00,14.298,"blue.ruin.2",0.844413407821229,2.85641442356526
22,2021-07-27 03:00:00,14.11,"blue.ruin.2",0.847588017895351,2.64027019858181
22,2021-07-27 03:10:00,13.797,"blue.ruin.2",0.867742879438158,2.58565654595112
22,2021-07-27 03:20:00,15.363,"blue.ruin.2",0.731487492839412,3.22391480202059
22,2021-07-27 03:35:00,14.486,"blue.ruin.2",0.819572748267898,2.69736720554273
22,2021-07-27 03:45:00,14.361,"blue.ruin.2",0.843276066350711,2.71464831968979
22,2021-07-27 04:00:00,14.549,"blue.ruin.2",0.839896476209437,2.72040468390857
22,2021-07-27 04:10:00,14.862,"blue.ruin.2",0.821402364451692,2.77255568320795
22,2021-07-27 04:20:00,14.8,"blue.ruin.2",0.82590039102696,2.73255308799042
22,2021-07-27 04:35:00,14.424,"blue.ruin.2",0.839308681672026,2.80786027477346
22,2021-07-27 04:45:00,14.612,"blue.ruin.2",0.805739025372533,2.8498326804086
22,2021-07-27 05:00:00,14.11,"blue.ruin.2",0.825730699455755,2.70439739055542
22,2021-07-27 05:10:00,13.985,"blue.ruin.2",0.825,2.70181818181818
22,2021-07-27 05:20:00,14.424,"blue.ruin.2",0.778376421923475,2.78813744476826
22,2021-07-27 05:35:00,14.236,"blue.ruin.2",0.800301325833668,2.75643449358998
22,2021-07-27 05:45:00,14.173,"blue.ruin.2",0.814309598741149,2.69279504327301
22,2021-07-27 06:00:00,14.236,"blue.ruin.2",0.827205882352941,2.57838235294118
22,2021-07-27 06:10:00,14.298,"blue.ruin.2",0.828038247995065,2.65701531041445
22,2021-07-27 06:20:00,14.737,"blue.ruin.2",0.793010193467859,2.75252321425194
22,2021-07-27 06:35:00,14.612,"blue.ruin.2",0.800718899770785,2.78656102597132
22,2021-07-27 06:45:00,14.549,"blue.ruin.2",0.803190817186184,2.73963391284369
22,2021-07-27 07:00:00,15.176,"blue.ruin.2",0.730358271865121,2.905192259795
22,2021-07-27 07:10:00,15.614,"blue.ruin.2",0.679621052631579,3.03567387559809
22,2021-07-27 07:20:00,14.988,"blue.ruin.2",0.73065469904963,2.98672631275799
22,2021-07-27 07:35:00,14.549,"blue.ruin.2",0.773860339825943,2.93659552424368
22,2021-07-27 07:45:00,14.674,"blue.ruin.2",0.77457165893973,2.96241007128328
22,2021-07-27 08:00:00,14.862,"blue.ruin.2",0.785608499678042,3.07763917344729
22,2021-07-27 08:10:00,14.737,"blue.ruin.2",0.751883720930232,3.12542621564482
22,2021-07-27 08:20:00,15.176,"blue.ruin.2",0.724564102564103,3.27217995337995
22,2021-07-27 08:35:00,15.113,"blue.ruin.2",0.829186746987952,3.20584994523549
22,2021-07-27 08:45:00,14.674,"blue.ruin.2",0.92191616766467,3.07956995100708
22,2021-07-27 09:00:00,15.176,"blue.ruin.2",0.931398601398601,2.94121551176097
22,2021-07-27 09:10:00,15.739,"blue.ruin.2",0.741993670886076,3.76023705408516
22,2021-07-27 09:20:00,15.99,"blue.ruin.2",0.673006134969325,4.2573229224763
22,2021-07-27 09:35:00,15.551,"blue.ruin.2",0.899736842105263,3.34368899521531
22,2021-07-27 09:45:00,15.426,"blue.ruin.2",0.96068281938326,3.32858810572687
22,2021-07-27 10:00:00,15.99,"blue.ruin.2",0.767708333333333,4.42162878787879
22,2021-07-27 10:10:00,15.99,"blue.ruin.2",0.796402877697842,4.67420536298234
22,2021-07-27 10:20:00,15.99,"blue.ruin.2",0.8688,4.18513454545455
22,2021-07-27 10:35:00,15.99,"blue.ruin.2",0.886111111111111,4.65530303030303
22,2021-07-27 10:45:00,15.489,"blue.ruin.2",0.973432403044581,4.2638251177963
22,2021-07-27 11:00:00,15.113,"blue.ruin.2",0.995074455899198,4.71912757731959
22,2021-07-27 11:10:00,15.05,"blue.ruin.2",0.983873029399233,4.432102151683
22,2021-07-27 11:20:00,14.486,"blue.ruin.2",1.01995223621363,4.51136723838472
22,2021-07-27 11:35:00,14.361,"blue.ruin.2",1.04333683105981,5.06466159496327
22,2021-07-27 11:45:00,14.298,"blue.ruin.2",1.05107707842477,4.19944909121508
22,2021-07-27 12:00:00,14.612,"blue.ruin.2",1.04592140518011,4.79242259601072
22,2021-07-27 12:10:00,14.612,"blue.ruin.2",1.0475625400898,4.41512379730597
22,2021-07-27 12:20:00,14.424,"blue.ruin.2",1.05029850746269,4.84110447761194
22,2021-07-27 12:35:00,15.614,"blue.ruin.2",0.984412676541509,4.8606428694454
22,2021-07-27 12:45:00,14.298,"blue.ruin.2",1.06026072329689,5.10692115222876
22,2021-07-27 13:00:00,14.236,"blue.ruin.2",1.05467815687654,4.10092648610623
22,2021-07-27 13:10:00,14.236,"blue.ruin.2",1.03430709802028,3.97716175760502
22,2021-07-27 13:20:00,14.298,"blue.ruin.2",1.01790726052471,4.32116549725442
22,2021-07-27 13:35:00,14.298,"blue.ruin.2",0.996735617323853,4.24334728506787
22,2021-07-27 13:45:00,14.236,"blue.ruin.2",0.989941477688369,4.21409144111192
22,2021-07-27 14:00:00,14.298,"blue.ruin.2",0.958431550317316,4.52387851314596
22,2021-07-27 14:10:00,14.424,"blue.ruin.2",0.940454545454545,4.43278512396694
22,2021-07-27 14:20:00,14.298,"blue.ruin.2",0.957604251839738,4.58321279640229
22,2021-07-27 14:35:00,14.361,"blue.ruin.2",0.945725630644659,4.87155261742306
22,2021-07-27 14:45:00,14.424,"blue.ruin.2",0.939978348283328,4.75539240221579
22,2021-07-27 15:00:00,14.361,"blue.ruin.2",0.930962059620596,5.07861295885686
22,2021-07-27 15:10:00,14.298,"blue.ruin.2",0.934093271944156,5.03548465495592
22,2021-07-27 15:20:00,14.298,"blue.ruin.2",0.93073275862069,5.01015752351097
22,2021-07-27 15:35:00,14.298,"blue.ruin.2",0.931247377989092,5.02422051588462
22,2021-07-27 15:45:00,14.236,"blue.ruin.2",0.932785862785863,4.89581969381969
22,2021-07-27 16:00:00,14.298,"blue.ruin.2",0.919903303787268,4.73773716211267
22,2021-07-27 16:10:00,14.173,"blue.ruin.2",0.930275108595498,4.63353728146278
22,2021-07-27 16:20:00,14.298,"blue.ruin.2",0.921937377690802,4.72001245330012
22,2021-07-27 16:35:00,14.173,"blue.ruin.2",0.925372851365015,4.50985361706039
22,2021-07-27 16:45:00,14.173,"blue.ruin.2",0.924607623318386,4.34453322462291
22,2021-07-27 17:00:00,14.173,"blue.ruin.2",0.921287313432836,4.17917944369064
22,2021-07-27 17:10:00,14.173,"blue.ruin.2",0.916647919010124,4.26621024644647
22,2021-07-27 17:20:00,14.173,"blue.ruin.2",0.917784857571214,4.09830686929263
22,2021-07-27 17:35:00,14.11,"blue.ruin.2",0.918005488337283,3.95930783448808
22,2021-07-27 17:45:00,14.11,"blue.ruin.2",0.91636259977195,3.94711412874469
22,2021-07-27 18:00:00,14.11,"blue.ruin.2",0.908004731861199,3.93655291081159
22,2021-07-27 18:10:00,14.048,"blue.ruin.2",0.912379047864792,3.85341340120336
22,2021-07-27 18:20:00,14.048,"blue.ruin.2",0.9133320358116,3.76534024558548
22,2021-07-27 18:35:00,14.11,"blue.ruin.2",0.905029980013324,3.74862576464175
22,2021-07-27 18:45:00,14.048,"blue.ruin.2",0.908347907977936,3.66870785073933
22,2021-07-27 19:00:00,14.11,"blue.ruin.2",0.901169673055242,3.65499154453213
22,2021-07-27 19:10:00,14.048,"blue.ruin.2",0.901184622261958,3.63585199333523
22,2021-07-27 19:20:00,14.048,"blue.ruin.2",0.894318529862175,3.58018432409857
22,2021-07-27 19:35:00,13.985,"blue.ruin.2",0.893176470588235,3.52002352941176
22,2021-07-27 19:45:00,13.985,"blue.ruin.2",0.892593165300758,3.49780887583114
22,2021-07-27 20:00:00,13.922,"blue.ruin.2",0.895571428571428,3.42125714285714
22,2021-07-27 20:10:00,13.86,"blue.ruin.2",0.896937438584998,3.3112854718161
22,2021-07-27 20:20:00,13.797,"blue.ruin.2",0.898165592464055,3.29524406183801
22,2021-07-27 20:35:00,13.86,"blue.ruin.2",0.890071709066075,3.24625079547395
22,2021-07-27 20:45:00,13.797,"blue.ruin.2",0.896853895569099,3.13867432353514
22,2021-07-27 21:00:00,13.734,"blue.ruin.2",0.908594335381388,3.04594907565086
22,2021-07-27 21:10:00,13.985,"blue.ruin.2",0.902648766328012,3.11741852487135
22,2021-07-27 21:20:00,13.86,"blue.ruin.2",0.916345462390335,2.93192722565799
22,2021-07-27 21:35:00,13.86,"blue.ruin.2",0.923657251573248,2.92146734430504
22,2021-07-27 21:45:00,14.925,"blue.ruin.2",0.845088275237664,3.34952755257418
22,2021-07-27 22:00:00,14.298,"blue.ruin.2",0.865116092874299,3.13689322366985
22,2021-07-27 22:10:00,14.173,"blue.ruin.2",0.857378487453939,3.06953117771858
22,2021-07-27 22:20:00,14.173,"blue.ruin.2",0.843409490333919,3.09969643713053
22,2021-07-27 22:35:00,14.486,"blue.ruin.2",0.793589743589744,3.1872027972028
22,2021-07-27 22:45:00,13.922,"blue.ruin.2",0.833791821561338,2.97201081446435
22,2021-07-27 23:00:00,13.86,"blue.ruin.2",0.831115459882583,2.95259206546878
22,2021-07-27 23:10:00,13.86,"blue.ruin.2",0.831550610193826,2.88796841349605
22,2021-07-27 23:20:00,14.048,"blue.ruin.2",0.816636911403705,2.91734576291818
22,2021-07-27 23:35:00,13.86,"blue.ruin.2",0.846509985878556,2.82966585361381
22,2021-07-27 23:45:00,13.922,"blue.ruin.2",0.842933491686461,2.85226624919024
22,2021-07-28,13.985,"blue.ruin.2",0.842218160831089,2.87510353632516
22,2021-07-28 00:10:00,14.048,"blue.ruin.2",0.837565470417071,2.80984287099903
22,2021-07-28 00:20:00,13.922,"blue.ruin.2",0.845274660366214,2.88987434892337
22,2021-07-28 00:35:00,13.86,"blue.ruin.2",0.845117540687161,2.83990300838402
22,2021-07-28 00:45:00,14.048,"blue.ruin.2",0.825611234592847,2.90447436580393
22,2021-07-28 01:00:00,13.86,"blue.ruin.2",0.838911371914205,2.88991906110886
22,2021-07-28 01:10:00,13.922,"blue.ruin.2",0.828839103869654,2.88313534530642
22,2021-07-28 01:20:00,13.86,"blue.ruin.2",0.834208341979664,2.79211133958384
22,2021-07-28 01:35:00,13.86,"blue.ruin.2",0.825848896434635,2.80956474764624
22,2021-07-28 01:45:00,13.734,"blue.ruin.2",0.831496746203904,2.73225320449616
22,2021-07-28 02:00:00,14.048,"blue.ruin.2",0.791758241758242,2.84978021978022
22,2021-07-28 02:10:00,13.734,"blue.ruin.2",0.820692025664528,2.70510540788268
22,2021-07-28 02:20:00,13.797,"blue.ruin.2",0.809069928456035,2.72367412877914
22,2021-07-28 02:35:00,13.546,"blue.ruin.2",0.833597518952447,2.61121734227179
22,2021-07-28 02:45:00,13.734,"blue.ruin.2",0.809548693586698,2.67727575037789
22,2021-07-28 03:00:00,13.609,"blue.ruin.2",0.817659936755047,2.66339974790473
22,2021-07-28 03:10:00,13.609,"blue.ruin.2",0.816096480433178,2.62476875573356
22,2021-07-28 03:20:00,13.672,"blue.ruin.2",0.804212637913741,2.65000638278472
22,2021-07-28 03:35:00,13.609,"blue.ruin.2",0.804579560155239,2.55864047983065
22,2021-07-28 03:45:00,13.546,"blue.ruin.2",0.802407704654896,2.62541368743616
22,2021-07-28 04:00:00,13.672,"blue.ruin.2",0.780338004946414,2.72145919208574
22,2021-07-28 04:10:00,13.672,"blue.ruin.2",0.782501356483994,2.66231638139397
22,2021-07-28 04:20:00,13.86,"blue.ruin.2",0.756950855281021,2.64006911361785
22,2021-07-28 04:35:00,13.797,"blue.ruin.2",0.766093366093366,2.61059414786688
22,2021-07-28 04:45:00,13.609,"blue.ruin.2",0.792701209889532,2.63163837214863
22,2021-07-28 05:00:00,14.674,"blue.ruin.2",0.672735530755256,2.732387985749
22,2021-07-28 05:10:00,14.549,"blue.ruin.2",0.686367157242448,2.86933244137737
22,2021-07-28 05:20:00,14.11,"blue.ruin.2",0.738759198173053,2.68653341330073
22,2021-07-28 05:35:00,15.489,"blue.ruin.2",0.583111668757842,2.94361948214897
22,2021-07-28 05:45:00,15.865,"blue.ruin.2",0.538365896980462,2.88163410301954
22,2021-07-28 06:00:00,15.176,"blue.ruin.2",0.615588914549653,2.9611379382742
22,2021-07-28 06:10:00,15.677,"blue.ruin.2",0.557736720554272,3.09901742599202
22,2021-07-28 06:20:00,14.988,"blue.ruin.2",0.635360185902401,2.94914442644884
22,2021-07-28 06:35:00,14.486,"blue.ruin.2",0.686255924170616,2.79128823782852
22,2021-07-28 06:45:00,15.677,"blue.ruin.2",0.534755603564677,3.01584317383939
22,2021-07-28 07:00:00,15.238,"blue.ruin.2",0.567652027027027,2.88758906633907
22,2021-07-28 07:10:00,15.426,"blue.ruin.2",0.557628752409804,2.90103102075561
22,2021-07-28 07:20:00,15.551,"blue.ruin.2",0.537087214225233,2.94033022861981
22,2021-07-28 07:35:00,15.426,"blue.ruin.2",0.555634987384357,3.02832173713587
22,2021-07-28 07:45:00,15.489,"blue.ruin.2",0.550658078969476,3.21647106743718
22,2021-07-28 08:00:00,15.426,"blue.ruin.2",0.540101674641148,3.32989832535885
22,2021-07-28 08:10:00,15.677,"blue.ruin.2",0.519023518904436,3.49015616119516
22,2021-07-28 08:20:00,15.551,"blue.ruin.2",0.520694444444444,3.47686111111111
22,2021-07-28 08:35:00,15.176,"blue.ruin.2",0.591019188424033,3.62287311618862
22,2021-07-28 08:45:00,15.176,"blue.ruin.2",0.612292051756007,3.56122332381112
22,2021-07-28 09:00:00,14.361,"blue.ruin.2",0.757763157894737,3.536504784689
22,2021-07-28 09:10:00,14.862,"blue.ruin.2",0.710520425293788,3.67645825914433
22,2021-07-28 09:20:00,15.927,"blue.ruin.2",0.61512460233298,3.82391135640605
22,2021-07-28 09:35:00,16.679,"blue.ruin.2",0.579337256908905,4.45218851772588
22,2021-07-28 09:45:00,16.679,"blue.ruin.2",0.399122340425532,5.51350531914894
22,2021-07-28 10:00:00,16.679,"blue.ruin.2",0.46748275862069,4.54006332288401
22,2021-07-28 10:10:00,16.679,"blue.ruin.2",0.514221311475411,4.79385991058122
22,2021-07-28 10:20:00,15.489,"blue.ruin.2",0.879717741935484,4.25040102639296
22,2021-07-28 10:35:00,14.737,"blue.ruin.2",0.993444909344491,4.71827754532776
22,2021-07-28 10:45:00,14.612,"blue.ruin.2",1.00051395007342,4.59050513950073
22,2021-07-28 11:00:00,14.298,"blue.ruin.2",1.03179258564054,4.62079833411544
22,2021-07-28 11:10:00,14.361,"blue.ruin.2",1.04630975143403,5.02165152963671
22,2021-07-28 11:20:00,14.424,"blue.ruin.2",1.04485890993429,4.90091051410901
22,2021-07-28 11:35:00,14.549,"blue.ruin.2",1.03325199645075,4.38152839396628
22,2021-07-28 11:45:00,14.674,"blue.ruin.2",1.01141843971631,4.95025106382979
22,2021-07-28 12:00:00,14.424,"blue.ruin.2",1.0430822758903,5.5161054031928
22,2021-07-28 12:10:00,14.361,"blue.ruin.2",1.03828571428571,5.11687571428571
22,2021-07-28 12:20:00,14.486,"blue.ruin.2",1.04508492952656,5.66499900614384
22,2021-07-28 12:35:00,14.486,"blue.ruin.2",1.04824390243902,5.31165292682927
22,2021-07-28 12:45:00,14.486,"blue.ruin.2",1.05239836209418,5.71520583503948
22,2021-07-28 13:00:00,14.486,"blue.ruin.2",1.04462402177611,4.76946197686288
22,2021-07-28 13:10:00,14.674,"blue.ruin.2",1.03413245946878,5.08561693687478
22,2021-07-28 13:20:00,14.549,"blue.ruin.2",1.03516443801952,4.98437563245392
22,2021-07-28 13:35:00,14.549,"blue.ruin.2",1.02991191114516,4.79369513596323
22,2021-07-28 13:45:00,14.549,"blue.ruin.2",1.03044469783352,4.84440322120867
22,2021-07-28 14:00:00,14.486,"blue.ruin.2",1.01271186440678,4.61115254237288
22,2021-07-28 14:10:00,14.486,"blue.ruin.2",0.987828725556305,4.76522218476062
22,2021-07-28 14:20:00,14.674,"blue.ruin.2",0.984402852049911,4.76219652406417
22,2021-07-28 14:35:00,14.612,"blue.ruin.2",1.01666666666667,4.66566666666667
22,2021-07-28 14:45:00,14.737,"blue.ruin.2",1.01439362148552,4.54647733948804
22,2021-07-28 15:00:00,14.549,"blue.ruin.2",1.01412482402628,4.50284660957297
22,2021-07-28 15:10:00,14.486,"blue.ruin.2",1.03353121409422,4.77219724243585
22,2021-07-28 15:20:00,14.549,"blue.ruin.2",1.02162282657156,4.7726201515827
22,2021-07-28 15:35:00,14.549,"blue.ruin.2",0.993000608642727,4.6189344187462
22,2021-07-28 15:45:00,14.424,"blue.ruin.2",1.00860631328172,4.63428707564026
22,2021-07-28 16:00:00,14.424,"blue.ruin.2",1.04983654789147,4.56315854854528
22,2021-07-28 16:10:00,14.424,"blue.ruin.2",1.05240509997102,4.16100854824689
22,2021-07-28 16:20:00,14.424,"blue.ruin.2",1.04905935776841,4.35000956860201
22,2021-07-28 16:35:00,14.11,"blue.ruin.2",1.06338661338661,4.32116508491509
22,2021-07-28 16:45:00,14.424,"blue.ruin.2",1.04065386036202,4.20600480236424
22,2021-07-28 17:00:00,14.424,"blue.ruin.2",1.04357218124341,4.19093150684931
22,2021-07-28 17:10:00,14.424,"blue.ruin.2",1.02669944420693,4.10299251817016
22,2021-07-28 17:20:00,14.361,"blue.ruin.2",0.999487179487179,4.25913076923077
22,2021-07-28 17:35:00,14.361,"blue.ruin.2",0.958923192771084,3.80883998493976
22,2021-07-28 17:45:00,14.298,"blue.ruin.2",0.957311320754717,3.72157193396226
22,2021-07-28 18:00:00,14.298,"blue.ruin.2",0.963495575221239,3.72969634955752
22,2021-07-28 18:10:00,14.361,"blue.ruin.2",0.956413043478261,3.71956711956522
22,2021-07-28 18:20:00,14.298,"blue.ruin.2",0.957311320754717,3.56208372641509
22,2021-07-28 18:35:00,14.361,"blue.ruin.2",0.99637721238938,3.35736255530973
22,2021-07-28 18:45:00,14.361,"blue.ruin.2",1.01084695393759,3.28932578008915
22,2021-07-28 19:00:00,14.424,"blue.ruin.2",0.995849367784497,3.39937135788895
22,2021-07-28 19:10:00,14.361,"blue.ruin.2",1.00037981551818,3.28985004069452
22,2021-07-28 19:20:00,14.361,"blue.ruin.2",0.975359007832898,3.18806829308094
22,2021-07-28 19:35:00,14.298,"blue.ruin.2",0.937867312935474,3.37728209082647
22,2021-07-28 19:45:00,14.298,"blue.ruin.2",0.916351351351351,3.44163636363636
22,2021-07-28 20:00:00,14.361,"blue.ruin.2",0.910477860587461,3.34689569965326
22,2021-07-28 20:10:00,14.361,"blue.ruin.2",0.944403500690926,3.21375444914367
22,2021-07-28 20:20:00,14.424,"blue.ruin.2",0.967541766109785,2.69854922434368
22,2021-07-28 20:35:00,14.361,"blue.ruin.2",0.921151210598447,3.16026579176876
22,2021-07-28 20:45:00,14.361,"blue.ruin.2",0.897717557251908,3.35882886884108
22,2021-07-28 21:00:00,14.236,"blue.ruin.2",0.881278360194023,3.31356282271945
22,2021-07-28 21:10:00,14.173,"blue.ruin.2",0.882241835834069,3.16821375270802
22,2021-07-28 21:20:00,14.11,"blue.ruin.2",0.875165297535564,3.12417351232218
22,2021-07-28 21:35:00,14.11,"blue.ruin.2",0.864500982747325,3.08884075522643
22,2021-07-28 21:45:00,14.048,"blue.ruin.2",0.865800819142056,3.03976013639303
22,2021-07-28 22:00:00,14.11,"blue.ruin.2",0.857186901977461,3.02293990296329
22,2021-07-28 22:10:00,13.985,"blue.ruin.2",0.862973029479406,2.97487940242906
22,2021-07-28 22:20:00,14.173,"blue.ruin.2",0.844897959183673,3.07582560296846
22,2021-07-28 22:35:00,14.424,"blue.ruin.2",0.818292682926829,3.23937915742794
22,2021-07-28 22:45:00,14.298,"blue.ruin.2",0.82872090749071,3.12583308145014
22,2021-07-28 23:00:00,14.549,"blue.ruin.2",0.812234146341464,3.00836523281596
22,2021-07-28 23:10:00,14.424,"blue.ruin.2",0.818862623522573,3.18376530270737
22,2021-07-28 23:20:00,14.361,"blue.ruin.2",0.825034199726402,2.91080213903743
22,2021-07-28 23:35:00,14.361,"blue.ruin.2",0.821340508806262,2.96083490482121
22,2021-07-28 23:45:00,14.11,"blue.ruin.2",0.838724035608309,2.90273266792555
22,2021-07-29,14.11,"blue.ruin.2",0.834431614572964,2.91285613450853
22,2021-07-29 00:10:00,14.236,"blue.ruin.2",0.818115942028985,2.90723320158103
22,2021-07-29 00:20:00,14.236,"blue.ruin.2",0.813641887786105,2.93832691918169
22,2021-07-29 00:35:00,14.236,"blue.ruin.2",0.811787642471506,2.89971478431586
22,2021-07-29 00:45:00,14.236,"blue.ruin.2",0.81430155210643,2.87916952227374
22,2021-07-29 01:00:00,14.486,"blue.ruin.2",0.788517179023508,3.03959395035344
22,2021-07-29 01:10:00,14.236,"blue.ruin.2",0.808516872095373,2.86586307610353
22,2021-07-29 01:20:00,14.486,"blue.ruin.2",0.784561547962124,2.8490044537595
22,2021-07-29 01:35:00,14.424,"blue.ruin.2",0.791504754030591,2.92243188394904
22,2021-07-29 01:45:00,14.424,"blue.ruin.2",0.790714582467802,2.81490841107376
22,2021-07-29 02:00:00,14.361,"blue.ruin.2",0.793515575333757,2.85539501820494
22,2021-07-29 02:10:00,14.236,"blue.ruin.2",0.798831824878973,2.82356403436597
22,2021-07-29 02:20:00,14.298,"blue.ruin.2",0.788114406779661,2.77260130970724
22,2021-07-29 02:35:00,14.361,"blue.ruin.2",0.776862573738256,2.88349415059487
22,2021-07-29 02:45:00,13.985,"blue.ruin.2",0.810307114449845,2.69414654722211
22,2021-07-29 03:00:00,14.298,"blue.ruin.2",0.777045555064131,2.84477664750111
22,2021-07-29 03:10:00,14.424,"blue.ruin.2",0.763517118719431,2.78601277335381
22,2021-07-29 03:20:00,14.298,"blue.ruin.2",0.771843687374749,2.79744215704136
22,2021-07-29 03:35:00,14.236,"blue.ruin.2",0.772401103955842,2.73384544618215
22,2021-07-29 03:45:00,14.173,"blue.ruin.2",0.776378760255242,2.75304798209994
22,2021-07-29 04:00:00,14.236,"blue.ruin.2",0.764699744957106,2.77648040806863
22,2021-07-29 04:10:00,14.11,"blue.ruin.2",0.774923367130394,2.77012261259137
22,2021-07-29 04:20:00,14.236,"blue.ruin.2",0.756827215337854,2.83068654749506
22,2021-07-29 04:35:00,14.486,"blue.ruin.2",0.726818830242511,2.86766826611334
22,2021-07-29 04:45:00,14.486,"blue.ruin.2",0.725538020086083,2.75097691404722
22,2021-07-29 05:00:00,14.173,"blue.ruin.2",0.754684095860566,2.8002614379085
22,2021-07-29 05:10:00,14.173,"blue.ruin.2",0.74998774209365,2.87729768882748
22,2021-07-29 05:20:00,14.361,"blue.ruin.2",0.730538630270534,2.6913830235083
22,2021-07-29 05:35:00,15.301,"blue.ruin.2",0.625545476832557,2.89243798613742
22,2021-07-29 05:45:00,14.361,"blue.ruin.2",0.72907063197026,2.71716593443731
22,2021-07-29 06:00:00,15.05,"blue.ruin.2",0.649037512339585,2.82757112088307
22,2021-07-29 06:10:00,14.737,"blue.ruin.2",0.68172193877551,2.8151004174397
22,2021-07-29 06:20:00,15.113,"blue.ruin.2",0.642745535714286,2.72932224025974
22,2021-07-29 06:35:00,14.674,"blue.ruin.2",0.687045454545455,2.73426859504132
22,2021-07-29 06:45:00,14.925,"blue.ruin.2",0.65595298281092,2.8033543983822
22,2021-07-29 07:00:00,13.484,"blue.ruin.2",0.818303914044513,2.69775134305449
22,2021-07-29 07:10:00,13.985,"blue.ruin.2",0.76062931696086,2.74215516639922
22,2021-07-29 07:20:00,14.236,"blue.ruin.2",0.735518292682927,2.86888303769401
22,2021-07-29 07:35:00,14.236,"blue.ruin.2",0.745496894409938,2.99399491812535
22,2021-07-29 07:45:00,14.612,"blue.ruin.2",0.703928955866523,2.99632449359037
22,2021-07-29 08:00:00,14.8,"blue.ruin.2",0.689628820960699,3.14202064311235
22,2021-07-29 08:10:00,14.988,"blue.ruin.2",0.683690699544358,3.27978558027339
22,2021-07-29 08:20:00,15.113,"blue.ruin.2",0.676523909616395,3.55927960636316
22,2021-07-29 08:35:00,15.113,"blue.ruin.2",0.677456418383518,4.67469168707679
22,2021-07-29 08:45:00,15.238,"blue.ruin.2",0.695983787767133,4.52333288671535
22,2021-07-29 09:00:00,15.176,"blue.ruin.2",0.614411764705882,4.00694652406417
22,2021-07-29 09:10:00,16.053,"blue.ruin.2",0.483391089108911,4.22512736273627
22,2021-07-29 09:20:00,15.614,"blue.ruin.2",0.58851282051282,4.35491468531469
22,2021-07-29 09:35:00,15.238,"blue.ruin.2",0.740838323353293,4.49127054980947
22,2021-07-29 09:45:00,15.238,"blue.ruin.2",0.790949367088608,4.78964672036824
22,2021-07-29 10:00:00,14.988,"blue.ruin.2",0.961242603550296,4.86428846153846
22,2021-07-29 10:10:00,14.612,"blue.ruin.2",0.992706766917293,4.70626165413534
22,2021-07-29 10:20:00,14.737,"blue.ruin.2",1.00124137931034,5.04596413793103
22,2021-07-29 10:35:00,14.424,"blue.ruin.2",1.03845995893224,5.02236837782341
22,2021-07-29 10:45:00,14.298,"blue.ruin.2",1.05781600598355,5.21377486910995
22,2021-07-29 11:00:00,14.298,"blue.ruin.2",1.06532553035845,5.52003191294806
22,2021-07-29 11:10:00,14.298,"blue.ruin.2",1.06777385159011,5.38529249116608
22,2021-07-29 11:20:00,14.361,"blue.ruin.2",1.06953860640301,5.67060298964218
22,2021-07-29 11:35:00,14.424,"blue.ruin.2",1.07361031518625,5.60188810888252
22,2021-07-29 11:45:00,14.486,"blue.ruin.2",1.07310108509423,5.94328712164477
22,2021-07-29 12:00:00,14.549,"blue.ruin.2",1.06879891631547,5.83894920228778
22,2021-07-29 12:10:00,14.549,"blue.ruin.2",1.07454363947519,5.77543500427838
22,2021-07-29 12:20:00,14.612,"blue.ruin.2",1.06823635272945,5.75942426514697
22,2021-07-29 12:35:00,14.737,"blue.ruin.2",1.0639544688027,6.10225084317032
22,2021-07-29 12:45:00,15.113,"blue.ruin.2",1.05325370675453,5.52939724052718
22,2021-07-29 13:00:00,15.113,"blue.ruin.2",1.05166098807496,6.03433262350937
22,2021-07-29 13:10:00,14.862,"blue.ruin.2",1.05096731154103,6.21
22,2021-07-29 13:20:00,15.176,"blue.ruin.2",1.05309328177864,6.58458446109231
22,2021-07-29 13:35:00,15.238,"blue.ruin.2",1.06036363636364,6.15466227272727
22,2021-07-29 13:45:00,15.363,"blue.ruin.2",1.05555222088836,6.63573026710684
22,2021-07-29 14:00:00,15.489,"blue.ruin.2",1.05943070207348,6.95993247544562
22,2021-07-29 14:10:00,14.925,"blue.ruin.2",1.07688549880014,6.79574787881385
22,2021-07-29 14:20:00,14.8,"blue.ruin.2",1.07867519889312,6.38074368730543
22,2021-07-29 14:35:00,14.862,"blue.ruin.2",1.07445671535447,6.63831109725686
22,2021-07-29 14:45:00,14.862,"blue.ruin.2",1.07472682410998,6.82988755727881
22,2021-07-29 15:00:00,14.8,"blue.ruin.2",1.07469437652812,5.79376528117359
22,2021-07-29 15:10:00,14.737,"blue.ruin.2",1.07624120044461,6.30283996387551
22,2021-07-29 15:20:00,14.674,"blue.ruin.2",1.07996409335727,6.17761615798923
22,2021-07-29 15:35:00,14.674,"blue.ruin.2",1.07887788778878,6.05775907590759
22,2021-07-29 15:45:00,15.739,"blue.ruin.2",1.0537734241908,6.40356241482112
22,2021-07-29 16:00:00,14.737,"blue.ruin.2",1.079165232358,6.07396772805508
22,2021-07-29 16:10:00,15.176,"blue.ruin.2",1.06914480077745,6.19692322643343
22,2021-07-29 16:20:00,14.674,"blue.ruin.2",1.08253521126761,6.22893591549296
22,2021-07-29 16:35:00,14.8,"blue.ruin.2",1.07813591616386,5.836908145443
22,2021-07-29 16:45:00,14.737,"blue.ruin.2",1.07598445595855,5.85173102331606
22,2021-07-29 17:00:00,14.925,"blue.ruin.2",1.07050264550265,5.38996395502645
22,2021-07-29 17:10:00,15.05,"blue.ruin.2",1.06676798378926,5.46273872847011
22,2021-07-29 17:20:00,14.737,"blue.ruin.2",1.07552270499837,6.06749175106174
22,2021-07-29 17:35:00,15.614,"blue.ruin.2",1.05057232049948,5.3369441987513
22,2021-07-29 17:45:00,14.8,"blue.ruin.2",1.07114014251781,5.73715558194774
22,2021-07-29 18:00:00,14.737,"blue.ruin.2",1.0735704443679,5.39865753100241
22,2021-07-29 18:10:00,15.489,"blue.ruin.2",1.05120253164557,5.57886946202532
22,2021-07-29 18:20:00,15.301,"blue.ruin.2",1.05384832517877,5.25414264207753
22,2021-07-29 18:35:00,14.737,"blue.ruin.2",1.06030612244898,4.04205892857143
22,2021-07-29 18:45:00,14.862,"blue.ruin.2",1.04059024807528,3.46850085543199
22,2021-07-29 19:00:00,15.05,"blue.ruin.2",1.00931599572497,3.17065060562879
22,2021-07-29 19:10:00,15.301,"blue.ruin.2",0.98189349112426,3.0141724852071
22,2021-07-29 19:20:00,14.988,"blue.ruin.2",0.972907488986784,3.015140969163
22,2021-07-29 19:35:00,15.238,"blue.ruin.2",0.918360454405895,3.36267535657465
22,2021-07-29 19:45:00,14.549,"blue.ruin.2",0.951120923913044,3.00104245923913
22,2021-07-29 20:00:00,14.486,"blue.ruin.2",0.942671685358734,3.59502898085169
22,2021-07-29 20:10:00,14.361,"blue.ruin.2",0.945741545144275,3.04499675626886
22,2021-07-29 20:20:00,14.298,"blue.ruin.2",0.941763610981852,3.29915224840306
22,2021-07-29 20:35:00,14.361,"blue.ruin.2",0.932894321766561,3.33694063665042
22,2021-07-29 20:45:00,14.486,"blue.ruin.2",0.915510171897177,3.40271637682614
22,2021-07-29 21:00:00,14.424,"blue.ruin.2",0.905779527559055,3.4410511095204
22,2021-07-29 21:10:00,14.236,"blue.ruin.2",0.903555695405916,3.18568796841925
22,2021-07-29 21:20:00,14.173,"blue.ruin.2",0.897692673644148,3.09908874664821
22,2021-07-29 21:35:00,14.048,"blue.ruin.2",0.894924302788844,3.14349960159363
22,2021-07-29 21:45:00,14.236,"blue.ruin.2",0.876730769230769,3.20226223776224
22,2021-07-29 22:00:00,14.048,"blue.ruin.2",0.886363636363636,3.06132231404959
22,2021-07-29 22:10:00,13.985,"blue.ruin.2",0.889238952536825,3.02351882160393
22,2021-07-29 22:20:00,13.922,"blue.ruin.2",0.889578569095067,2.94222001128568
22,2021-07-29 22:35:00,13.985,"blue.ruin.2",0.882652554985943,2.99837019107897
22,2021-07-29 22:45:00,13.922,"blue.ruin.2",0.886340725806452,2.88273918621701
22,2021-07-29 23:00:00,13.985,"blue.ruin.2",0.878589809572826,2.95276891405044
22,2021-07-29 23:10:00,13.922,"blue.ruin.2",0.879702112919986,2.91058884655352
22,2021-07-29 23:20:00,13.922,"blue.ruin.2",0.87618840327355,2.92087537397306
22,2021-07-29 23:35:00,13.86,"blue.ruin.2",0.875893482831114,2.75324520609034
22,2021-07-29 23:45:00,13.86,"blue.ruin.2",0.877639807039486,2.84443792941024
22,2021-07-30,13.86,"blue.ruin.2",0.87,2.86745454545455
22,2021-07-30 00:10:00,13.797,"blue.ruin.2",0.873070739549839,2.82393890675241
22,2021-07-30 00:20:00,13.734,"blue.ruin.2",0.875838442120447,2.76271055306035
22,2021-07-30 00:35:00,13.797,"blue.ruin.2",0.868643597335307,2.82655036673171
22,2021-07-30 00:45:00,13.797,"blue.ruin.2",0.867914488424197,2.6876031977731
22,2021-07-30 01:00:00,14.048,"blue.ruin.2",0.840081547506163,2.8837301518887
22,2021-07-30 01:10:00,13.797,"blue.ruin.2",0.860294117647059,2.73323529411765
22,2021-07-30 01:20:00,13.672,"blue.ruin.2",0.870741599073001,2.69886653323502
22,2021-07-30 01:35:00,13.672,"blue.ruin.2",0.867153355250435,2.7500462368805
22,2021-07-30 01:45:00,14.424,"blue.ruin.2",0.798446962297324,2.88954891757978
22,2021-07-30 02:00:00,13.797,"blue.ruin.2",0.848548324240062,2.70581538298023
22,2021-07-30 02:10:00,13.734,"blue.ruin.2",0.85316679779701,2.6267634647021
22,2021-07-30 02:20:00,13.672,"blue.ruin.2",0.857802263251936,2.69110076344144
22,2021-07-30 02:35:00,13.672,"blue.ruin.2",0.853171417101566,2.68598080362031
22,2021-07-30 02:45:00,13.672,"blue.ruin.2",0.854131227217497,2.64256379100851
22,2021-07-30 03:00:00,13.672,"blue.ruin.2",0.851272158498436,2.5774486681202
22,2021-07-30 03:10:00,13.672,"blue.ruin.2",0.845923460898502,2.60435335047648
22,2021-07-30 03:20:00,13.672,"blue.ruin.2",0.844990723562152,2.62374262101535
22,2021-07-30 03:35:00,13.672,"blue.ruin.2",0.853134240094618,2.61731358529111
22,2021-07-30 03:45:00,13.484,"blue.ruin.2",0.877003651739381,2.54272063320113
22,2021-07-30 04:00:00,13.86,"blue.ruin.2",0.851694915254237,2.514437596302
22,2021-07-30 04:10:00,13.797,"blue.ruin.2",0.861114285714286,2.57807480519481
22,2021-07-30 04:20:00,13.672,"blue.ruin.2",0.871469575200918,2.55422085377309
22,2021-07-30 04:35:00,13.86,"blue.ruin.2",0.848974259725179,2.58613068951563
22,2021-07-30 04:45:00,13.734,"blue.ruin.2",0.85501179245283,2.54434819897084
22,2021-07-30 05:00:00,13.734,"blue.ruin.2",0.842752740560292,2.53089691064112
22,2021-07-30 05:10:00,13.672,"blue.ruin.2",0.83695468914647,2.54921141871827
22,2021-07-30 05:20:00,13.672,"blue.ruin.2",0.825326399645939,2.57427246575067
22,2021-07-30 05:35:00,13.672,"blue.ruin.2",0.810763804427147,2.55835231419031
22,2021-07-30 05:45:00,13.609,"blue.ruin.2",0.81132146439318,2.56051427008298
22,2021-07-30 06:00:00,13.922,"blue.ruin.2",0.771417682926829,2.57987804878049
22,2021-07-30 06:10:00,13.484,"blue.ruin.2",0.824553571428571,2.55298701298701
22,2021-07-30 06:20:00,13.421,"blue.ruin.2",0.839776470588235,2.55212598930481
22,2021-07-30 06:35:00,13.546,"blue.ruin.2",0.82705597788528,2.53270779669536
22,2021-07-30 06:45:00,13.421,"blue.ruin.2",0.844934827349646,2.56742406918487
22,2021-07-30 07:00:00,13.358,"blue.ruin.2",0.850323699421965,2.61873778244876
22,2021-07-30 07:10:00,13.546,"blue.ruin.2",0.830763005780347,2.73056521282186
22,2021-07-30 07:20:00,13.546,"blue.ruin.2",0.831639803784163,2.73912021405364
22,2021-07-30 07:35:00,13.546,"blue.ruin.2",0.835416178194607,2.76958392838111
22,2021-07-30 07:45:00,13.672,"blue.ruin.2",0.822837491256703,2.85409864558384
22,2021-07-30 08:00:00,13.734,"blue.ruin.2",0.818568047337278,2.96249768692846
22,2021-07-30 08:10:00,13.797,"blue.ruin.2",0.812556804592203,3.24739362049097
22,2021-07-30 08:20:00,13.609,"blue.ruin.2",0.837312007639055,3.56390980707047
22,2021-07-30 08:35:00,13.045,"blue.ruin.2",0.905385556915545,3.7162768443307
22,2021-07-30 08:45:00,12.481,"blue.ruin.2",1.04434210526316,3.68778190789474
22,2021-07-30 09:00:00,12.481,"blue.ruin.2",1.06798143851508,3.90263689095128
22,2021-07-30 09:10:00,12.669,"blue.ruin.2",1.01007025761124,4.11716481264637
22,2021-07-30 09:20:00,12.543,"blue.ruin.2",1.06754617414248,4.00215996042216
22,2021-07-30 09:35:00,12.669,"blue.ruin.2",1.05858208955224,4.18083115671642
22,2021-07-30 09:45:00,12.794,"blue.ruin.2",1.03788546255507,4.25507764317181
22,2021-07-30 10:00:00,12.731,"blue.ruin.2",1.08533210332103,4.26169580258303
22,2021-07-30 10:10:00,12.982,"blue.ruin.2",1.03688524590164,4.50683196721311
22,2021-07-30 10:20:00,13.045,"blue.ruin.2",1.03204930662558,4.50805373651772
22,2021-07-30 10:35:00,13.672,"blue.ruin.2",0.958247422680412,4.69150515463918
22,2021-07-30 10:45:00,14.11,"blue.ruin.2",0.936929460580913,4.68497170878914
22,2021-07-30 11:00:00,14.11,"blue.ruin.2",0.987298387096774,4.69188508064516
22,2021-07-30 11:10:00,14.8,"blue.ruin.2",0.916375545851528,4.63620087336245
22,2021-07-30 11:20:00,14.424,"blue.ruin.2",0.975305623471883,4.55975550122249
22,2021-07-30 11:35:00,14.298,"blue.ruin.2",1.01951392166116,4.41611196319018
22,2021-07-30 11:45:00,14.361,"blue.ruin.2",1.03250897487036,4.84612076186677
22,2021-07-30 12:00:00,14.236,"blue.ruin.2",1.05443756449948,5.22261403508772
22,2021-07-30 12:10:00,14.173,"blue.ruin.2",1.06593115622242,5.866993380406
22,2021-07-30 12:20:00,13.672,"blue.ruin.2",1.08789818398333,5.39355701101518
22,2021-07-30 12:35:00,13.86,"blue.ruin.2",1.07943514050525,5.77271927334658
22,2021-07-30 12:45:00,13.86,"blue.ruin.2",1.07761578044597,5.29119039451115
22,2021-07-30 13:00:00,14.11,"blue.ruin.2",1.0647512864494,4.54635205831904
22,2021-07-30 13:10:00,14.173,"blue.ruin.2",1.05516334960571,4.30274028351483
22,2021-07-30 13:20:00,14.236,"blue.ruin.2",1.03436067244014,4.35963321446765
22,2021-07-30 13:35:00,14.298,"blue.ruin.2",0.973234042553191,4.69472361702128
22,2021-07-30 13:45:00,14.11,"blue.ruin.2",0.951691093573844,4.85865558060879
22,2021-07-30 14:00:00,14.048,"blue.ruin.2",0.930927152317881,5.0264611679711
22,2021-07-30 14:10:00,14.236,"blue.ruin.2",0.909131800656861,5.29688302415848
22,2021-07-30 14:20:00,13.985,"blue.ruin.2",0.92448193783254,5.10662203100736
22,2021-07-30 14:35:00,14.173,"blue.ruin.2",0.915195804195804,5.14337113795296
22,2021-07-30 14:45:00,14.048,"blue.ruin.2",0.928070298277552,4.97417754070604
22,2021-07-30 15:00:00,14.11,"blue.ruin.2",0.932935393258427,4.69740040858018
22,2021-07-30 15:10:00,14.11,"blue.ruin.2",0.930516759776536,4.59652234636871
22,2021-07-30 15:20:00,14.11,"blue.ruin.2",0.920530862477358,4.66576298022724
22,2021-07-30 15:35:00,14.11,"blue.ruin.2",0.907925776754891,4.66839967569829
22,2021-07-30 15:45:00,13.985,"blue.ruin.2",0.906313967489464,4.64164769306551
22,2021-07-30 16:00:00,13.985,"blue.ruin.2",0.893143408981169,4.72875554189895
22,2021-07-30 16:10:00,13.734,"blue.ruin.2",0.905708367854184,4.66065285832643
22,2021-07-30 16:20:00,13.797,"blue.ruin.2",0.900227272727273,4.67809504132231
22,2021-07-30 16:35:00,13.672,"blue.ruin.2",0.911847988077496,4.69613196043897
22,2021-07-30 16:45:00,13.672,"blue.ruin.2",0.912585254952907,4.68285629927072
22,2021-07-30 17:00:00,13.797,"blue.ruin.2",0.903181189488243,4.72068024644788
22,2021-07-30 17:10:00,13.86,"blue.ruin.2",0.899445676274945,4.67934892158839
22,2021-07-30 17:20:00,13.86,"blue.ruin.2",0.903307392996109,4.72893172974885
22,2021-07-30 17:35:00,13.86,"blue.ruin.2",0.904780361757106,4.67802912849425
22,2021-07-30 17:45:00,13.86,"blue.ruin.2",0.903676470588235,4.70826203208556
22,2021-07-30 18:00:00,13.86,"blue.ruin.2",0.898444031583836,4.63402651691086
22,2021-07-30 18:10:00,13.86,"blue.ruin.2",0.890310579100615,4.71278815328961
22,2021-07-30 18:20:00,13.86,"blue.ruin.2",0.885338345864662,4.73451127819549
22,2021-07-30 18:35:00,13.86,"blue.ruin.2",0.878112519534641,4.46377496093072
22,2021-07-30 18:45:00,13.86,"blue.ruin.2",0.876595744680851,4.52419729206963
22,2021-07-30 19:00:00,13.86,"blue.ruin.2",0.868918918918919,4.5336855036855
22,2021-07-30 19:10:00,13.86,"blue.ruin.2",0.867203311867525,4.43451952830978
22,2021-07-30 19:20:00,13.734,"blue.ruin.2",0.875838442120447,4.35563321640494
22,2021-07-30 19:35:00,13.734,"blue.ruin.2",0.875133594584966,4.18857596269068
22,2021-07-30 19:45:00,13.672,"blue.ruin.2",0.875853658536585,4.05479379157428
22,2021-07-30 20:00:00,13.734,"blue.ruin.2",0.864502529510961,3.99442587766365
22,2021-07-30 20:10:00,13.672,"blue.ruin.2",0.865100798782807,3.83718074622221
22,2021-07-30 20:20:00,13.672,"blue.ruin.2",0.859660781590954,3.81121206109899
22,2021-07-30 20:35:00,13.609,"blue.ruin.2",0.863841138114997,3.61090154658619
22,2021-07-30 20:45:00,13.484,"blue.ruin.2",0.873148522865237,3.47483021228064
22,2021-07-30 21:00:00,13.546,"blue.ruin.2",0.865613608748481,3.37527118082404
22,2021-07-30 21:10:00,13.546,"blue.ruin.2",0.862873516168645,3.32216946377405
22,2021-07-30 21:20:00,13.484,"blue.ruin.2",0.869375760032428,3.28464494969967
22,2021-07-30 21:35:00,13.484,"blue.ruin.2",0.8689816700611,3.18786965376782
22,2021-07-30 21:45:00,13.484,"blue.ruin.2",0.867383177570093,3.14647578589635
22,2021-07-30 22:00:00,13.421,"blue.ruin.2",0.869011287625418,3.07039449680754
22,2021-07-30 22:10:00,13.421,"blue.ruin.2",0.868190456081081,3.04682605190418
22,2021-07-30 22:20:00,13.358,"blue.ruin.2",0.875016063396873,3.01039233629938
22,2021-07-30 22:35:00,13.296,"blue.ruin.2",0.87863606981254,2.96767056472939
22,2021-07-30 22:45:00,13.358,"blue.ruin.2",0.872222222222222,2.97121212121212
22,2021-07-30 23:00:00,13.985,"blue.ruin.2",0.808333333333333,3.14863636363636
22,2021-07-30 23:10:00,14.048,"blue.ruin.2",0.800065416484954,3.12612100067399
22,2021-07-30 23:20:00,14.549,"blue.ruin.2",0.750904928041867,3.14452503667288
22,2021-07-30 23:35:00,14.862,"blue.ruin.2",0.720191888355866,3.34641755540578
22,2021-07-30 23:45:00,14.8,"blue.ruin.2",0.725293095961789,3.36485927446414
22,2021-07-31,14.8,"blue.ruin.2",0.720750988142292,3.31778296802012
22,2021-07-31 00:10:00,15.113,"blue.ruin.2",0.684059252708379,3.35716338713243
22,2021-07-31 00:20:00,14.925,"blue.ruin.2",0.700111731843575,3.32509903504317
22,2021-07-31 00:35:00,14.925,"blue.ruin.2",0.697459349593496,3.27598854397635
22,2021-07-31 00:45:00,14.925,"blue.ruin.2",0.700111731843575,3.10701472828847
22,2021-07-31 01:00:00,15.865,"blue.ruin.2",0.612328468743193,3.40496960456229
22,2021-07-31 01:10:00,14.8,"blue.ruin.2",0.721219302024989,3.08907367514003
22,2021-07-31 01:20:00,15.113,"blue.ruin.2",0.692209601371625,3.28587441063009
22,2021-07-31 01:35:00,15.301,"blue.ruin.2",0.671210480727588,3.3110240560652
22,2021-07-31 01:45:00,15.301,"blue.ruin.2",0.667610542365498,3.22448129740005
22,2021-07-31 02:00:00,15.113,"blue.ruin.2",0.679601328903654,3.20370582905467
22,2021-07-31 02:10:00,15.05,"blue.ruin.2",0.675799034260749,3.20298062250465
22,2021-07-31 02:20:00,14.862,"blue.ruin.2",0.690074470560856,3.18272494552225
22,2021-07-31 02:35:00,14.737,"blue.ruin.2",0.684709821428571,3.17669642857143
22,2021-07-31 02:45:00,14.925,"blue.ruin.2",0.658522727272727,2.96157024793388
22,2021-07-31 03:00:00,14.925,"blue.ruin.2",0.663727678571428,2.96885551948052
22,2021-07-31 03:10:00,14.925,"blue.ruin.2",0.671934473620814,2.87940321061738
22,2021-07-31 03:20:00,14.862,"blue.ruin.2",0.685454545454545,2.87707438016529
22,2021-07-31 03:35:00,15.176,"blue.ruin.2",0.665874439461883,2.91810762331839
22,2021-07-31 03:45:00,14.486,"blue.ruin.2",0.73664139161463,2.83033979401508
22,2021-07-31 04:00:00,14.862,"blue.ruin.2",0.695309694793537,2.78227517545291
22,2021-07-31 04:10:00,15.176,"blue.ruin.2",0.658240635641317,2.91785367867093
22,2021-07-31 04:20:00,14.925,"blue.ruin.2",0.673395469561114,2.86742138229868
22,2021-07-31 04:35:00,14.925,"blue.ruin.2",0.655168511066398,2.8442063746113
22,2021-07-31 04:45:00,14.862,"blue.ruin.2",0.647860538827258,2.83213946117274
22,2021-07-31 05:00:00,14.674,"blue.ruin.2",0.65250626566416,2.79453861927546
22,2021-07-31 05:10:00,14.737,"blue.ruin.2",0.631946055684455,2.76805394431555
22,2021-07-31 05:20:00,13.609,"blue.ruin.2",0.773895759717314,2.57970044972695
22,2021-07-31 05:35:00,15.426,"blue.ruin.2",0.544587628865979,2.6379381443299
22,2021-07-31 05:45:00,14.925,"blue.ruin.2",0.606790657439446,2.69592560553633
22,2021-07-31 06:00:00,14.862,"blue.ruin.2",0.625381203215969,2.69886911812889
22,2021-07-31 06:10:00,14.737,"blue.ruin.2",0.652482365708085,2.74555763823805
22,2021-07-31 06:20:00,13.484,"blue.ruin.2",0.803804641122504,2.62493057940441
22,2021-07-31 06:35:00,15.363,"blue.ruin.2",0.563228324505158,2.70722406670553
22,2021-07-31 06:45:00,13.609,"blue.ruin.2",0.789189189189189,2.57572481572482
22,2021-07-31 07:00:00,12.543,"blue.ruin.2",0.918505184331797,2.50775162337662
22,2021-07-31 07:10:00,12.418,"blue.ruin.2",0.937044653349001,2.48319089840829
22,2021-07-31 07:20:00,14.236,"blue.ruin.2",0.691236494597839,2.85699225144603
22,2021-07-31 07:35:00,13.045,"blue.ruin.2",0.852111781517942,2.8139062905973
22,2021-07-31 07:45:00,12.669,"blue.ruin.2",0.910154707044108,2.84417978335029
22,2021-07-31 08:00:00,12.355,"blue.ruin.2",1.01535269709544,2.93738070539419
22,2021-07-31 08:10:00,12.23,"blue.ruin.2",1.1262331838565,3.13031950672646
22,2021-07-31 08:20:00,12.293,"blue.ruin.2",1.08798076923077,3.26929927884615
22,2021-07-31 08:35:00,12.293,"blue.ruin.2",1.09927884615385,3.40312980769231
22,2021-07-31 08:45:00,12.293,"blue.ruin.2",1.09920212765957,3.54202460106383
22,2021-07-31 09:00:00,12.355,"blue.ruin.2",1.07388392857143,3.95373325892857
22,2021-07-31 09:10:00,12.731,"blue.ruin.2",0.93716268311488,4.22762949463798
22,2021-07-31 09:20:00,12.418,"blue.ruin.2",1.08990719257541,4.13088515081206
22,2021-07-31 09:35:00,12.355,"blue.ruin.2",1.21201716738197,3.9998063304721
22,2021-07-31 09:45:00,12.418,"blue.ruin.2",1.09795640326976,4.18846117166212
22,2021-07-31 10:00:00,12.418,"blue.ruin.2",1.13940092165899,4.19709331797235
22,2021-07-31 10:10:00,12.418,"blue.ruin.2",1.18029045643154,4.12680497925311
22,2021-07-31 10:20:00,12.481,"blue.ruin.2",1.10734693877551,4.34801734693878
22,2021-07-31 10:35:00,12.481,"blue.ruin.2",1.28382352941177,4.19342279411765
22,2021-07-31 10:45:00,12.543,"blue.ruin.2",1.30991253644315,4.26825109329446
22,2021-07-31 11:00:00,12.606,"blue.ruin.2",1.34142857142857,4.37959285714286
22,2021-07-31 11:10:00,12.669,"blue.ruin.2",1.27345454545455,4.52200727272727
22,2021-07-31 11:20:00,12.669,"blue.ruin.2",1.34495412844037,4.30993119266055
22,2021-07-31 11:35:00,12.669,"blue.ruin.2",1.42325949367089,4.396
22,2021-07-31 11:45:00,12.731,"blue.ruin.2",1.35099601593625,4.48
22,2021-07-31 12:00:00,12.731,"blue.ruin.2",1.2537688442211,4.73313944723618
22,2021-07-31 12:10:00,12.794,"blue.ruin.2",1.09219178082192,5.0345205479452
22,2021-07-31 12:20:00,12.794,"blue.ruin.2",1.09387096774194,4.86312419354839
22,2021-07-31 12:35:00,12.794,"blue.ruin.2",1.09359550561798,4.66475898876404
22,2021-07-31 12:45:00,12.731,"blue.ruin.2",1.22774193548387,4.37645
22,2021-07-31 13:00:00,12.731,"blue.ruin.2",1.21314285714286,4.34897714285714
22,2021-07-31 13:10:00,12.731,"blue.ruin.2",1.21314285714286,4.34766428571428
22,2021-07-31 13:20:00,12.731,"blue.ruin.2",1.21314285714286,4.364375
22,2021-07-31 13:35:00,12.731,"blue.ruin.2",1.27094972067039,4.27255865921788
22,2021-07-31 13:45:00,12.794,"blue.ruin.2",1.17131147540984,4.6447131147541
22,2021-07-31 14:00:00,12.794,"blue.ruin.2",1.21521739130435,4.58865217391305
22,2021-07-31 14:10:00,12.731,"blue.ruin.2",1.42984293193717,4.201
22,2021-07-31 14:20:00,13.797,"blue.ruin.2",0.89519120458891,5.63041717364853
22,2021-07-31 14:35:00,14.236,"blue.ruin.2",0.872266816503452,5.54640012259373
22,2021-07-31 14:45:00,13.86,"blue.ruin.2",0.903053083768027,5.56036765321208
22,2021-07-31 15:00:00,14.048,"blue.ruin.2",0.892212333121424,5.56844246662429
22,2021-07-31 15:10:00,14.048,"blue.ruin.2",0.893245838668374,5.35643522290769
22,2021-07-31 15:20:00,14.236,"blue.ruin.2",0.876333445152633,5.48276966240737
22,2021-07-31 15:35:00,14.236,"blue.ruin.2",0.870061728395062,5.66557800224467
22,2021-07-31 15:45:00,14.173,"blue.ruin.2",0.884068664357777,5.73987515571313
22,2021-07-31 16:00:00,15.176,"blue.ruin.2",0.83370650121392,5.57721387056429
22,2021-07-31 16:10:00,14.11,"blue.ruin.2",0.901818885448916,5.3731550802139
22,2021-07-31 16:20:00,14.486,"blue.ruin.2",0.884592370979805,5.32303664921466
22,2021-07-31 16:35:00,14.298,"blue.ruin.2",0.90396728515625,5.1101200727983
22,2021-07-31 16:45:00,14.612,"blue.ruin.2",0.88908884371637,5.1900277195004
22,2021-07-31 17:00:00,14.298,"blue.ruin.2",0.91541695865452,5.04214181053704
22,2021-07-31 17:10:00,14.424,"blue.ruin.2",0.922694437755839,4.83213186524528
22,2021-07-31 17:20:00,14.486,"blue.ruin.2",0.935093399750934,4.69491633646553
22,2021-07-31 17:35:00,14.361,"blue.ruin.2",0.949942084942085,4.38044541944542
22,2021-07-31 17:45:00,15.489,"blue.ruin.2",0.880267880030761,4.84842837500874
22,2021-07-31 18:00:00,14.486,"blue.ruin.2",0.931481949002777,4.44477748961465
22,2021-07-31 18:10:00,14.361,"blue.ruin.2",0.934197700574856,4.35555645179614
22,2021-07-31 18:20:00,15.238,"blue.ruin.2",0.881410336628707,4.85361235935882
22,2021-07-31 18:35:00,14.11,"blue.ruin.2",0.944916530689092,4.28724796604174
22,2021-07-31 18:45:00,14.173,"blue.ruin.2",0.936892111513939,4.23438645739808
22,2021-07-31 19:00:00,14.173,"blue.ruin.2",0.92666373681567,4.29244714853203
22,2021-07-31 19:10:00,14.11,"blue.ruin.2",0.923522784176264,4.24941070696954
22,2021-07-31 19:20:00,14.11,"blue.ruin.2",0.918769716088328,4.23189274447949
22,2021-07-31 19:35:00,13.985,"blue.ruin.2",0.917416378316032,4.17355981964978
22,2021-07-31 19:45:00,13.922,"blue.ruin.2",0.916573069559668,4.10619991877937
22,2021-07-31 20:00:00,13.922,"blue.ruin.2",0.915193370165746,3.93301356102461
22,2021-07-31 20:10:00,13.985,"blue.ruin.2",0.910495963091119,3.86785362273252
22,2021-07-31 20:20:00,13.86,"blue.ruin.2",0.916121495327103,3.72714953271028
22,2021-07-31 20:35:00,13.86,"blue.ruin.2",0.914935064935065,3.62629279811098
22,2021-07-31 20:45:00,13.797,"blue.ruin.2",0.922335352493878,3.46667049408898
22,2021-07-31 21:00:00,13.86,"blue.ruin.2",0.919763535340483,3.32990156116012
22,2021-07-31 21:10:00,13.86,"blue.ruin.2",0.922877358490566,3.24415951972556
22,2021-07-31 21:20:00,13.922,"blue.ruin.2",0.922543581616482,3.24963549920761
22,2021-07-31 21:35:00,13.86,"blue.ruin.2",0.924296205630355,3.13357516412596
22,2021-07-31 21:45:00,13.734,"blue.ruin.2",0.926686521678903,3.01201828508104
22,2021-07-31 22:00:00,13.672,"blue.ruin.2",0.917796363636364,3.00249785123967
22,2021-07-31 22:10:00,13.609,"blue.ruin.2",0.915777678171224,3.01577849313394
22,2021-07-31 22:20:00,13.609,"blue.ruin.2",0.913235521235521,2.97732467532468
22,2021-07-31 22:35:00,13.609,"blue.ruin.2",0.905835543766578,2.97703158910055
22,2021-07-31 22:45:00,13.609,"blue.ruin.2",0.903539611835826,2.92412822144448
22,2021-07-31 23:00:00,13.546,"blue.ruin.2",0.902806165186798,2.93345984556573
22,2021-07-31 23:10:00,13.546,"blue.ruin.2",0.896913155631986,2.90412116000938
22,2021-07-31 23:20:00,13.546,"blue.ruin.2",0.892084736748803,2.89536429711044
22,2021-07-31 23:35:00,14.048,"blue.ruin.2",0.845628315346625,3.15601642915343
22,2021-07-31 23:45:00,13.546,"blue.ruin.2",0.881176470588235,2.86279144385027
22,2021-08-01,13.484,"blue.ruin.2",0.882575014708766,2.79246768528589
22,2021-08-01 00:10:00,13.484,"blue.ruin.2",0.88234899328859,2.86461378889567
22,2021-08-01 00:20:00,13.484,"blue.ruin.2",0.881503218477849,2.78677257237272
22,2021-08-01 00:35:00,13.484,"blue.ruin.2",0.883602495870802,2.78247201321343
22,2021-08-01 00:45:00,13.484,"blue.ruin.2",0.883068592057762,2.76460387266163
22,2021-08-01 01:00:00,13.421,"blue.ruin.2",0.888185920577617,2.66970774532327
22,2021-08-01 01:10:00,13.484,"blue.ruin.2",0.881900826446281,2.73763335837716
22,2021-08-01 01:20:00,13.484,"blue.ruin.2",0.878172917051543,2.74029424113666
22,2021-08-01 01:35:00,13.421,"blue.ruin.2",0.884232763587478,2.6924128358678
22,2021-08-01 01:45:00,13.421,"blue.ruin.2",0.88066935949221,2.64261186591827
22,2021-08-01 02:00:00,13.484,"blue.ruin.2",0.872365339578454,2.6730232063019
22,2021-08-01 02:10:00,13.358,"blue.ruin.2",0.880328358208955,2.64394789687924
22,2021-08-01 02:20:00,13.421,"blue.ruin.2",0.870588235294118,2.61780748663102
22,2021-08-01 02:35:00,13.358,"blue.ruin.2",0.867021276595745,2.70065764023211
22,2021-08-01 02:45:00,13.358,"blue.ruin.2",0.856925795053003,2.70322454224221
22,2021-08-01 03:00:00,14.361,"blue.ruin.2",0.727408256880734,2.72259174311927
22,2021-08-01 03:10:00,14.925,"blue.ruin.2",0.649166004765687,3.03509206440898
22,2021-08-01 03:20:00,13.546,"blue.ruin.2",0.810042678047479,2.71884235796212
22,2021-08-01 03:35:00,14.173,"blue.ruin.2",0.736363636363636,2.76859504132231
22,2021-08-01 03:45:00,13.672,"blue.ruin.2",0.799396984924623,2.65536774783006
22,2021-08-01 04:00:00,13.609,"blue.ruin.2",0.809176984705025,2.68618552605443
22,2021-08-01 04:10:00,13.609,"blue.ruin.2",0.814664022398507,2.62858354897552
22,2021-08-01 04:20:00,13.609,"blue.ruin.2",0.817628650904033,2.6893874067518
22,2021-08-01 04:35:00,13.609,"blue.ruin.2",0.81686940555428,2.61638283222401
22,2021-08-01 04:45:00,13.609,"blue.ruin.2",0.81616289801569,2.56600411125561
22,2021-08-01 05:00:00,13.609,"blue.ruin.2",0.815417633410673,2.50905188778739
22,2021-08-01 05:10:00,13.546,"blue.ruin.2",0.817602591792657,2.53684076182996
22,2021-08-01 05:20:00,13.358,"blue.ruin.2",0.834972215510993,2.49130202727932
22,2021-08-01 05:35:00,13.108,"blue.ruin.2",0.857926057229678,2.50542208614379
22,2021-08-01 05:45:00,13.108,"blue.ruin.2",0.85845921450151,2.45321889590772
22,2021-08-01 06:00:00,13.17,"blue.ruin.2",0.847136100893326,2.45977213012946
22,2021-08-01 06:10:00,13.045,"blue.ruin.2",0.855916917190489,2.37868766925886
22,2021-08-01 06:20:00,12.606,"blue.ruin.2",0.909907078436731,2.33467216576809
22,2021-08-01 06:35:00,12.293,"blue.ruin.2",0.956862745098041,2.34768627450981
22,2021-08-01 06:45:00,12.293,"blue.ruin.2",0.948253209913407,2.43155623116806
22,2021-08-01 07:00:00,12.167,"blue.ruin.2",1.07744360902256,2.61908740601504
22,2021-08-01 07:10:00,12.167,"blue.ruin.2",1.07744360902256,2.69614755639098
22,2021-08-01 07:20:00,12.167,"blue.ruin.2",1.08039215686275,2.76584803921569
22,2021-08-01 07:35:00,12.167,"blue.ruin.2",1.1085308056872,2.87728376777251
22,2021-08-01 07:45:00,12.167,"blue.ruin.2",1.19790794979079,3.04490847280335
22,2021-08-01 08:00:00,12.23,"blue.ruin.2",1.175,3.3123125
22,2021-08-01 08:10:00,12.23,"blue.ruin.2",1.2316037735849,3.51829834905661
22,2021-08-01 08:20:00,12.293,"blue.ruin.2",1.19613636363636,3.80019431818182
22,2021-08-01 08:35:00,12.293,"blue.ruin.2",1.35352112676056,3.559
22,2021-08-01 08:45:00,12.418,"blue.ruin.2",1.18755656108598,4.11355769230769
22,2021-08-01 09:00:00,12.418,"blue.ruin.2",1.31140939597316,4.02260067114094
22,2021-08-01 09:10:00,12.418,"blue.ruin.2",1.38167938931298,3.905
22,2021-08-01 09:20:00,12.481,"blue.ruin.2",1.36479591836735,3.993
22,2021-08-01 09:35:00,12.543,"blue.ruin.2",1.37376425855513,4.041
22,2021-08-01 09:45:00,12.543,"blue.ruin.2",1.45389830508475,4.187
22,2021-08-01 10:00:00,12.669,"blue.ruin.2",1.39228295819936,4.366
22,2021-08-01 10:10:00,12.669,"blue.ruin.2",1.43542435424354,4.42
22,2021-08-01 10:20:00,12.794,"blue.ruin.2",1.19655870445344,5.35549493927126
22,2021-08-01 10:35:00,12.794,"blue.ruin.2",1.26630434782609,4.85201902173913
22,2021-08-01 10:45:00,12.857,"blue.ruin.2",1.20125,5.24691874999999
22,2021-08-01 11:00:00,12.857,"blue.ruin.2",1.23785211267606,5.08177596830985
22,2021-08-01 11:10:00,12.857,"blue.ruin.2",1.35590659340659,4.406
22,2021-08-01 11:20:00,13.17,"blue.ruin.2",1.11516853932584,5.97241853932584
22,2021-08-01 11:35:00,12.982,"blue.ruin.2",1.41932515337423,4.6
22,2021-08-01 11:45:00,13.045,"blue.ruin.2",1.40060362173038,4.668
22,2021-08-01 12:00:00,13.045,"blue.ruin.2",1.43861386138614,4.79
22,2021-08-01 12:10:00,13.108,"blue.ruin.2",1.42017543859649,4.677
22,2021-08-01 12:20:00,13.17,"blue.ruin.2",1.40849056603774,4.935
22,2021-08-01 12:35:00,13.233,"blue.ruin.2",1.42202602230483,4.77
22,2021-08-01 12:45:00,13.296,"blue.ruin.2",1.41653992395437,4.919
22,2021-08-01 13:00:00,13.421,"blue.ruin.2",1.39396551724138,4.909
22,2021-08-01 13:10:00,13.421,"blue.ruin.2",1.44323529411765,4.918
22,2021-08-01 13:20:00,13.421,"blue.ruin.2",1.49208860759494,5.011
22,2021-08-01 13:35:00,13.546,"blue.ruin.2",1.43333333333333,4.837
22,2021-08-01 13:45:00,13.546,"blue.ruin.2",1.50876494023904,4.812
22,2021-08-01 14:00:00,13.672,"blue.ruin.2",1.51269430051813,4.797
22,2021-08-01 14:10:00,13.922,"blue.ruin.2",1.2736040609137,4.95685279187818
22,2021-08-01 14:20:00,14.8,"blue.ruin.2",1.0725791213982,5.68289265470005
22,2021-08-01 14:35:00,14.925,"blue.ruin.2",1.06244720788362,5.0824536602534
22,2021-08-01 14:45:00,14.8,"blue.ruin.2",1.05791366906475,5.17001798561151
22,2021-08-01 15:00:00,14.612,"blue.ruin.2",1.0677867609904,5.01031581606872
22,2021-08-01 15:10:00,14.8,"blue.ruin.2",1.05789616008653,4.26452677122769
22,2021-08-01 15:20:00,14.8,"blue.ruin.2",1.05084033613445,4.12336134453782
22,2021-08-01 15:35:00,14.925,"blue.ruin.2",1.05049909255898,4.44829287658802
22,2021-08-01 15:45:00,15.238,"blue.ruin.2",1.05276129621178,5.23958397991785
22,2021-08-01 16:00:00,15.05,"blue.ruin.2",1.06842105263158,5.19855263157895
22,2021-08-01 16:10:00,14.549,"blue.ruin.2",1.08368189806678,5.8986236599297
22,2021-08-01 16:20:00,14.612,"blue.ruin.2",1.08303482587065,5.23764004975124
22,2021-08-01 16:35:00,14.549,"blue.ruin.2",1.08455074875208,5.06760671797005
22,2021-08-01 16:45:00,14.173,"blue.ruin.2",1.09311145510836,4.92093440402477
22,2021-08-01 17:00:00,13.86,"blue.ruin.2",1.099377593361,5.169377593361
22,2021-08-01 17:10:00,13.546,"blue.ruin.2",1.38975609756098,3.941
22,2021-08-01 17:20:00,13.734,"blue.ruin.2",1.13134328358209,4.93144402985074
22,2021-08-01 17:35:00,14.862,"blue.ruin.2",1.07398950941068,5.5535290805307
22,2021-08-01 17:45:00,16.24,"blue.ruin.2",1.04315931593159,5.33672142214221
22,2021-08-01 18:00:00,15.238,"blue.ruin.2",1.06433179723502,5.21660184331797
22,2021-08-01 18:10:00,15.426,"blue.ruin.2",1.05934708962119,4.93290287188174
22,2021-08-01 18:20:00,15.802,"blue.ruin.2",1.04909437559581,4.61803384175405
22,2021-08-01 18:35:00,14.737,"blue.ruin.2",1.07358475394017,4.57655717272435
22,2021-08-01 18:45:00,14.862,"blue.ruin.2",1.06999016070843,4.58393657756642
22,2021-08-01 19:00:00,14.862,"blue.ruin.2",1.06666666666667,4.36283333333333
22,2021-08-01 19:10:00,16.053,"blue.ruin.2",1.03589500860585,4.40636557659208
22,2021-08-01 19:20:00,14.298,"blue.ruin.2",1.08039624608968,3.80678441084463
22,2021-08-01 19:35:00,14.298,"blue.ruin.2",1.0731673582296,3.36631967496542
22,2021-08-01 19:45:00,14.298,"blue.ruin.2",1.06732241880116,3.10500356482704
22,2021-08-01 20:00:00,14.236,"blue.ruin.2",1.06018003273322,3.05897037643208
22,2021-08-01 20:10:00,14.236,"blue.ruin.2",1.03083735909823,3.01921336553945
22,2021-08-01 20:20:00,14.173,"blue.ruin.2",0.994574898785425,3.04415253036437
22,2021-08-01 20:35:00,14.11,"blue.ruin.2",0.942936643835616,3.13509417808219
22,2021-08-01 20:45:00,14.048,"blue.ruin.2",0.929063829787234,3.16035976789168
22,2021-08-01 21:00:00,13.985,"blue.ruin.2",0.915064102564103,3.11770979020979
22,2021-08-01 21:10:00,14.048,"blue.ruin.2",0.90813352476669,3.09348247732167
22,2021-08-01 21:20:00,13.985,"blue.ruin.2",0.907971329278888,3.02210607376984
22,2021-08-01 21:35:00,13.922,"blue.ruin.2",0.910061919504644,2.91873627920068
22,2021-08-01 21:45:00,13.797,"blue.ruin.2",0.916654241836887,2.86856256014747
22,2021-08-01 22:00:00,13.797,"blue.ruin.2",0.920095802919708,2.80148266423358
22,2021-08-01 22:10:00,15.238,"blue.ruin.2",0.823454712362301,3.28484867030155
22,2021-08-01 22:20:00,13.797,"blue.ruin.2",0.923867837338262,2.74783229709293
22,2021-08-01 22:35:00,13.797,"blue.ruin.2",0.939342283904058,2.70034092623322
22,2021-08-01 22:45:00,13.797,"blue.ruin.2",1.02545285647933,2.6533878889921
22,2021-08-01 23:00:00,13.985,"blue.ruin.2",1.06432838697244,3.65445738581615
22,2021-08-01 23:10:00,13.922,"blue.ruin.2",1.0691540010987,3.76632411646219
22,2021-08-01 23:20:00,13.797,"blue.ruin.2",1.07146004406169,3.48394114259964
22,2021-08-01 23:35:00,13.86,"blue.ruin.2",1.06780821917808,3.14010273972603
22,2021-08-01 23:45:00,13.797,"blue.ruin.2",1.05254080118694,2.61741830489614
22,2021-08-02,13.797,"blue.ruin.2",0.980409090909091,2.51303488636364
22,2021-08-02 00:10:00,13.672,"blue.ruin.2",0.949149204348511,2.5048882077431
22,2021-08-02 00:20:00,13.734,"blue.ruin.2",0.93917863835103,2.55784509681449
22,2021-08-02 00:35:00,13.734,"blue.ruin.2",0.939137931034483,2.45727272727273
22,2021-08-02 00:45:00,13.734,"blue.ruin.2",0.972133333333333,2.34816466666667
22,2021-08-02 01:00:00,13.734,"blue.ruin.2",1.0300853485064,2.55426849217639
22,2021-08-02 01:10:00,13.797,"blue.ruin.2",1.04854050508363,2.45898765988849
22,2021-08-02 01:20:00,13.985,"blue.ruin.2",1.04084372003835,2.39128355704698
22,2021-08-02 01:35:00,13.86,"blue.ruin.2",1.05192023633678,2.4607717872969
22,2021-08-02 01:45:00,14.8,"blue.ruin.2",0.998241206030151,2.46521608040201
22,2021-08-02 02:00:00,13.609,"blue.ruin.2",1.05753233135267,2.515650515554
22,2021-08-02 02:10:00,13.797,"blue.ruin.2",1.0523400191022,2.61605300859599
22,2021-08-02 02:20:00,13.797,"blue.ruin.2",1.05141187925998,2.49101716163583
22,2021-08-02 02:35:00,13.734,"blue.ruin.2",1.05180904522613,2.56879472361809
22,2021-08-02 02:45:00,13.797,"blue.ruin.2",1.04495511669659,2.36994026032316
22,2021-08-02 03:00:00,13.797,"blue.ruin.2",1.02576271186441,2.41519449152542
22,2021-08-02 03:10:00,13.797,"blue.ruin.2",1.01694017998941,2.35133231868714
22,2021-08-02 03:20:00,13.734,"blue.ruin.2",1.02586726998492,2.33786877828054
22,2021-08-02 03:35:00,13.734,"blue.ruin.2",1.02830319888734,2.32750382475661
22,2021-08-02 03:45:00,13.734,"blue.ruin.2",1.02255883825739,2.29741024036054
22,2021-08-02 04:00:00,13.672,"blue.ruin.2",1.02769156159069,2.31623763336566
22,2021-08-02 04:10:00,13.672,"blue.ruin.2",1.01632996632997,2.30334511784512
22,2021-08-02 04:20:00,13.672,"blue.ruin.2",0.997240915208614,2.26574427994616
22,2021-08-02 04:35:00,13.672,"blue.ruin.2",0.987553956834532,2.24544028776978
22,2021-08-02 04:45:00,13.672,"blue.ruin.2",0.993673469387755,2.3049193877551
22,2021-08-02 05:00:00,13.734,"blue.ruin.2",1.01340839303992,2.38070035823951
22,2021-08-02 05:10:00,13.672,"blue.ruin.2",1.02138643067847,2.2418982300885
22,2021-08-02 05:20:00,13.546,"blue.ruin.2",1.0306784660767,2.0966331120944
22,2021-08-02 05:35:00,13.797,"blue.ruin.2",1.01468481375358,2.23746006446991
22,2021-08-02 05:45:00,13.609,"blue.ruin.2",1.01796619411123,2.1383560523446
22,2021-08-02 06:00:00,13.86,"blue.ruin.2",0.968828451882845,2.09518305439331
22,2021-08-02 06:10:00,13.484,"blue.ruin.2",0.988916256157636,2.20039655172414
22,2021-08-02 06:20:00,13.609,"blue.ruin.2",0.959491978609626,2.19873262032086
22,2021-08-02 06:35:00,13.484,"blue.ruin.2",0.998017621145374,2.2458204845815
22,2021-08-02 06:45:00,12.92,"blue.ruin.2",1.05995850622407,2.2176867219917
22,2021-08-02 07:00:00,12.543,"blue.ruin.2",1.12428057553957,2.33332464028777
22,2021-08-02 07:10:00,12.543,"blue.ruin.2",1.12428057553957,2.43035926258993
22,2021-08-02 07:20:00,12.543,"blue.ruin.2",1.12428057553957,2.44482194244604
22,2021-08-02 07:35:00,12.543,"blue.ruin.2",1.16223404255319,2.66484308510639
22,2021-08-02 07:45:00,12.543,"blue.ruin.2",1.19912587412588,3.01518575174825
22,2021-08-02 08:00:00,12.543,"blue.ruin.2",1.22629032258065,3.36643387096774
22,2021-08-02 08:10:00,12.543,"blue.ruin.2",1.26989795918367,3.56707015306123
22,2021-08-02 08:20:00,12.606,"blue.ruin.2",1.23513931888545,3.93610216718266
22,2021-08-02 08:35:00,12.606,"blue.ruin.2",1.29712990936556,4.69237764350453
22,2021-08-02 08:45:00,12.606,"blue.ruin.2",1.32701492537313,4.68393880597015
22,2021-08-02 09:00:00,12.669,"blue.ruin.2",1.34501347708895,4.24
22,2021-08-02 09:10:00,12.731,"blue.ruin.2",1.29747340425532,3.98
22,2021-08-02 09:20:00,12.731,"blue.ruin.2",1.349609375,3.91
22,2021-08-02 09:35:00,12.794,"blue.ruin.2",1.30180412371134,4.15
22,2021-08-02 09:45:00,12.857,"blue.ruin.2",1.27199519230769,4.08
22,2021-08-02 10:00:00,12.857,"blue.ruin.2",1.36415094339623,4.15
22,2021-08-02 10:10:00,12.857,"blue.ruin.2",1.41119842829077,4.22
22,2021-08-02 10:20:00,12.92,"blue.ruin.2",1.40663716814159,4.33
22,2021-08-02 10:35:00,12.92,"blue.ruin.2",1.4636,4.58
22,2021-08-02 10:45:00,12.92,"blue.ruin.2",1.48108728943338,4.86
22,2021-08-02 11:00:00,12.982,"blue.ruin.2",1.46997084548105,4.93
22,2021-08-02 11:10:00,13.045,"blue.ruin.2",1.44239130434783,5.04
22,2021-08-02 11:20:00,13.108,"blue.ruin.2",1.42879656160458,5.26
22,2021-08-02 11:35:00,13.108,"blue.ruin.2",1.47152588555858,5.18
22,2021-08-02 11:45:00,13.17,"blue.ruin.2",1.4496062992126,5.18
22,2021-08-02 12:00:00,13.17,"blue.ruin.2",1.48978102189781,5.35
22,2021-08-02 12:10:00,13.296,"blue.ruin.2",1.44373493975904,5.46
22,2021-08-02 12:20:00,13.233,"blue.ruin.2",1.48902877697842,5.72
22,2021-08-02 12:35:00,13.296,"blue.ruin.2",1.47933025404157,5.74
22,2021-08-02 12:45:00,13.358,"blue.ruin.2",1.45793103448276,6.03
22,2021-08-02 13:00:00,13.358,"blue.ruin.2",1.47518072289157,6.83
22,2021-08-02 13:10:00,13.421,"blue.ruin.2",1.46099508599509,6.34
22,2021-08-02 13:20:00,13.484,"blue.ruin.2",1.44302325581395,6.2
22,2021-08-02 13:35:00,13.985,"blue.ruin.2",1.5275,4.929
22,2021-08-02 13:45:00,14.424,"blue.ruin.2",1.03882282996433,5.39933472057075
22,2021-08-02 14:00:00,13.672,"blue.ruin.2",1.08922651933702,5.2362817679558
22,2021-08-02 14:10:00,13.734,"blue.ruin.2",1.07611650485437,5.23682645631068
22,2021-08-02 14:20:00,13.86,"blue.ruin.2",1.05,5.332
22,2021-08-02 14:35:00,13.546,"blue.ruin.2",1.0758064516129,5.03115322580645
22,2021-08-02 14:45:00,13.484,"blue.ruin.2",1.09032786885246,5.01743934426229
22,2021-08-02 15:00:00,13.672,"blue.ruin.2",1.06958285052144,4.75724681344148
22,2021-08-02 15:10:00,13.546,"blue.ruin.2",1.15217391304348,4.56666304347826
22,2021-08-02 15:20:00,13.609,"blue.ruin.2",1.17438775510204,4.44285739795918
22,2021-08-02 15:35:00,13.546,"blue.ruin.2",1.24708171206226,4.26289250972763
22,2021-08-02 15:45:00,13.734,"blue.ruin.2",1.08222996515679,4.57322648083624
22,2021-08-02 16:00:00,13.484,"blue.ruin.2",1.28363228699552,4.09448430493273
22,2021-08-02 16:10:00,13.484,"blue.ruin.2",1.2256345177665,4.28422715736041
22,2021-08-02 16:20:00,13.484,"blue.ruin.2",1.20459459459459,4.24380945945946
22,2021-08-02 16:35:00,13.546,"blue.ruin.2",1.0958041958042,4.16004195804196
22,2021-08-02 16:45:00,13.546,"blue.ruin.2",1.09525065963061,4.2438555408971
22,2021-08-02 17:00:00,13.484,"blue.ruin.2",1.14723756906077,4.18501104972376
22,2021-08-02 17:10:00,13.421,"blue.ruin.2",1.17027027027027,4.10387162162162
22,2021-08-02 17:20:00,13.922,"blue.ruin.2",0.93985604285236,4.39270809873086
22,2021-08-02 17:35:00,14.236,"blue.ruin.2",0.916504028140247,4.51017164725663
22,2021-08-02 17:45:00,14.236,"blue.ruin.2",0.91527793630864,4.50813045418228
22,2021-08-02 18:00:00,13.421,"blue.ruin.2",1.04545454545455,4.14020454545455
22,2021-08-02 18:10:00,13.296,"blue.ruin.2",1.14805825242719,3.98133980582524
22,2021-08-02 18:20:00,13.296,"blue.ruin.2",1.08869346733668,4.0428743718593
22,2021-08-02 18:35:00,13.233,"blue.ruin.2",1.1984,3.869865
22,2021-08-02 18:45:00,13.421,"blue.ruin.2",0.947776036644166,4.08269680897694
22,2021-08-02 19:00:00,14.048,"blue.ruin.2",0.913870192307692,4.21444405594406
22,2021-08-02 19:10:00,14.11,"blue.ruin.2",0.913136649649768,4.16788252943779
22,2021-08-02 19:20:00,13.358,"blue.ruin.2",1.01283185840708,3.81973451327434
22,2021-08-02 19:35:00,13.985,"blue.ruin.2",0.928321636731295,3.99809941931507
22,2021-08-02 19:45:00,14.048,"blue.ruin.2",0.922387969561541,3.84215792421131
22,2021-08-02 20:00:00,13.985,"blue.ruin.2",0.918661407617404,3.81626491713636
22,2021-08-02 20:10:00,13.922,"blue.ruin.2",0.917073170731707,3.7769623059867
22,2021-08-02 20:20:00,13.797,"blue.ruin.2",0.918616883116883,3.62319220779221
22,2021-08-02 20:35:00,13.86,"blue.ruin.2",0.909692092372288,3.57735479356193
22,2021-08-02 20:45:00,13.797,"blue.ruin.2",0.907096212451023,3.47629556338307
22,2021-08-02 21:00:00,13.734,"blue.ruin.2",0.902994729276473,3.3205044213094
22,2021-08-02 21:10:00,13.734,"blue.ruin.2",0.900778967867575,3.20353987784368
22,2021-08-02 21:20:00,13.922,"blue.ruin.2",0.884309758860657,3.1659944974915
22,2021-08-02 21:35:00,13.86,"blue.ruin.2",0.884825543120474,3.13456879526004
22,2021-08-02 21:45:00,13.797,"blue.ruin.2",0.891550079491256,3.12322430987137
22,2021-08-02 22:00:00,13.86,"blue.ruin.2",0.884122410839433,3.10841273661707
22,2021-08-02 22:10:00,13.797,"blue.ruin.2",0.886870503597122,3.0941530412034
22,2021-08-02 22:20:00,13.797,"blue.ruin.2",0.888084405396925,3.01163875973415
22,2021-08-02 22:35:00,14.737,"blue.ruin.2",0.814704469005286,3.1293084618409
22,2021-08-02 22:45:00,13.672,"blue.ruin.2",0.888753993610224,2.88805983154226
22,2021-08-02 23:00:00,13.672,"blue.ruin.2",0.88401715150496,2.91195790085146
22,2021-08-02 23:10:00,13.734,"blue.ruin.2",0.872464898595944,2.83995887108212
22,2021-08-02 23:20:00,13.609,"blue.ruin.2",0.878692560175055,2.90094638949672
22,2021-08-02 23:35:00,13.672,"blue.ruin.2",0.873842382422371,2.7606188817538
22,2021-08-02 23:45:00,13.672,"blue.ruin.2",0.868275467378863,2.72377440948979
22,2021-08-03,13.609,"blue.ruin.2",0.871903605454885,2.74691829560315
22,2021-08-03 00:10:00,13.609,"blue.ruin.2",0.872252185233401,2.71424078989636
22,2021-08-03 00:20:00,13.609,"blue.ruin.2",0.869817874577544,2.86931638958113
22,2021-08-03 00:35:00,13.546,"blue.ruin.2",0.872710900473934,2.7371258940112
22,2021-08-03 00:45:00,13.546,"blue.ruin.2",0.871278239042286,2.79162263687269
22,2021-08-03 01:00:00,13.546,"blue.ruin.2",0.86602176541717,2.71344069473453
22,2021-08-03 01:10:00,13.484,"blue.ruin.2",0.868583708555055,2.6548029620809
22,2021-08-03 01:20:00,13.985,"blue.ruin.2",0.817285894206549,2.72858426837646
22,2021-08-03 01:35:00,13.484,"blue.ruin.2",0.859470934030046,2.66621162638798
22,2021-08-03 01:45:00,13.484,"blue.ruin.2",0.858049535603715,2.6450773993808
22,2021-08-03 02:00:00,13.421,"blue.ruin.2",0.860850011243535,2.62703272890815
22,2021-08-03 02:10:00,13.421,"blue.ruin.2",0.858248472505092,2.63666358081837
22,2021-08-03 02:20:00,13.421,"blue.ruin.2",0.851344917876696,2.63896864382939
22,2021-08-03 02:35:00,13.421,"blue.ruin.2",0.835866983372922,2.64622543727057
22,2021-08-03 02:45:00,13.358,"blue.ruin.2",0.829457251240152,2.62095843170544
22,2021-08-03 03:00:00,13.296,"blue.ruin.2",0.82160409556314,2.61867576791809
22,2021-08-03 03:10:00,13.233,"blue.ruin.2",0.797308013355593,2.63277621793899
22,2021-08-03 03:20:00,13.233,"blue.ruin.2",0.799336816720257,2.64369665302543
22,2021-08-03 03:35:00,13.233,"blue.ruin.2",0.751525336091003,2.69691219328758
22,2021-08-03 03:45:00,13.233,"blue.ruin.2",0.751525336091003,2.66134671429914
22,2021-08-03 04:00:00,13.108,"blue.ruin.2",0.753832335329341,2.66063364180729
22,2021-08-03 04:10:00,13.296,"blue.ruin.2",0.685759096612296,2.67089198129349
22,2021-08-03 04:20:00,13.108,"blue.ruin.2",0.729310344827586,2.67031347962382
22,2021-08-03 04:35:00,13.734,"blue.ruin.2",0.588235294117647,2.76101604278075
22,2021-08-03 04:45:00,13.17,"blue.ruin.2",0.75098855359001,2.66598618862927
22,2021-08-03 05:00:00,13.108,"blue.ruin.2",0.753218645948945,2.66229038442135
22,2021-08-03 05:10:00,13.108,"blue.ruin.2",0.776261636452719,2.66738319005835
22,2021-08-03 05:20:00,12.92,"blue.ruin.2",0.816137828458106,2.64111101095236
22,2021-08-03 05:35:00,13.108,"blue.ruin.2",0.778847037207166,2.65290182486324
22,2021-08-03 05:45:00,12.543,"blue.ruin.2",0.895030190431955,2.63998902166111
22,2021-08-03 06:00:00,12.543,"blue.ruin.2",0.879796030871003,2.62169940863987
22,2021-08-03 06:10:00,12.481,"blue.ruin.2",0.890082872928177,2.56941386238071
22,2021-08-03 06:20:00,12.355,"blue.ruin.2",0.914965397923875,2.56528782636049
22,2021-08-03 06:35:00,12.293,"blue.ruin.2",0.92933962264151,2.6082641509434
22,2021-08-03 06:45:00,12.23,"blue.ruin.2",0.966129032258064,2.57181451612903
22,2021-08-03 07:00:00,12.167,"blue.ruin.2",1.10578778135048,2.66102049839228
22,2021-08-03 07:10:00,12.167,"blue.ruin.2",1.10618556701031,2.70021778350515
22,2021-08-03 07:20:00,12.167,"blue.ruin.2",1.10664206642066,2.75446125461255
22,2021-08-03 07:35:00,12.23,"blue.ruin.2",1.01923076923077,2.78869230769231
22,2021-08-03 07:45:00,12.23,"blue.ruin.2",1.03139534883721,2.90793604651163
22,2021-08-03 08:00:00,12.23,"blue.ruin.2",1.08636363636364,3.0925
22,2021-08-03 08:10:00,12.293,"blue.ruin.2",1.04525547445256,3.19095255474453
22,2021-08-03 08:20:00,12.23,"blue.ruin.2",1.11930693069307,3.32957673267327
22,2021-08-03 08:35:00,12.23,"blue.ruin.2",1.21517857142857,3.42773883928571
22,2021-08-03 08:45:00,12.293,"blue.ruin.2",1.13275316455696,3.56482001582278
22,2021-08-03 09:00:00,12.355,"blue.ruin.2",1.14650455927052,3.64293806990882
22,2021-08-03 09:10:00,12.418,"blue.ruin.2",1.07722513089005,3.91606937172775
22,2021-08-03 09:20:00,12.418,"blue.ruin.2",1.09550898203593,3.99215269461078
22,2021-08-03 09:35:00,12.481,"blue.ruin.2",1.08492462311558,4.08569283919598
22,2021-08-03 09:45:00,12.543,"blue.ruin.2",1.06297872340426,4.28983882978723
22,2021-08-03 10:00:00,12.543,"blue.ruin.2",1.09402654867257,4.46011449115044
22,2021-08-03 10:10:00,12.606,"blue.ruin.2",1.08487394957983,4.55235084033613
22,2021-08-03 10:20:00,12.606,"blue.ruin.2",1.08604651162791,4.65850581395349
22,2021-08-03 10:35:00,12.669,"blue.ruin.2",1.08907766990291,4.76984890776699
22,2021-08-03 10:45:00,12.669,"blue.ruin.2",1.17521613832853,4.91691534582133
22,2021-08-03 11:00:00,12.731,"blue.ruin.2",1.20272952853598,5.05769106699752
22,2021-08-03 11:10:00,12.794,"blue.ruin.2",1.16162790697674,5.09868023255814
22,2021-08-03 11:20:00,12.857,"blue.ruin.2",1.1421875,5.138890625
22,2021-08-03 11:35:00,12.857,"blue.ruin.2",1.170875,5.207293125
22,2021-08-03 11:45:00,12.857,"blue.ruin.2",1.240625,5.2531015625
22,2021-08-03 12:00:00,12.92,"blue.ruin.2",1.16195652173913,5.35493206521739
22,2021-08-03 12:10:00,12.92,"blue.ruin.2",1.22272727272727,5.49
22,2021-08-03 12:20:00,12.92,"blue.ruin.2",1.235,4.6387125
22,2021-08-03 12:35:00,12.92,"blue.ruin.2",1.19204545454546,5.19428693181818
22,2021-08-03 12:45:00,12.92,"blue.ruin.2",1.22857142857143,5.6
22,2021-08-03 13:00:00,13.484,"blue.ruin.2",0.92220971373432,5.77111611450627
22,2021-08-03 13:10:00,13.358,"blue.ruin.2",0.936803909952607,5.60679502369668
22,2021-08-03 13:20:00,13.358,"blue.ruin.2",1.00294117647059,5.47817647058824
22,2021-08-03 13:35:00,13.358,"blue.ruin.2",1.11870897155361,5.08541192560175
22,2021-08-03 13:45:00,13.421,"blue.ruin.2",1.14947145877379,4.87273810782241
22,2021-08-03 14:00:00,13.546,"blue.ruin.2",1.12297872340426,5.05566489361702
22,2021-08-03 14:10:00,14.236,"blue.ruin.2",0.919587137212154,5.44561557804506
22,2021-08-03 14:20:00,14.173,"blue.ruin.2",0.926903487005355,5.36768827098199
22,2021-08-03 14:35:00,14.173,"blue.ruin.2",0.937840923506279,5.16974167656522
22,2021-08-03 14:45:00,14.236,"blue.ruin.2",0.933688464364438,5.09986173268319
22,2021-08-03 15:00:00,14.236,"blue.ruin.2",0.946913655848132,5.0788547570005
22,2021-08-03 15:10:00,14.236,"blue.ruin.2",0.946963855421687,5.14225498357065
22,2021-08-03 15:20:00,14.236,"blue.ruin.2",0.951140684410646,4.89905608365019
22,2021-08-03 15:35:00,14.298,"blue.ruin.2",0.934141876430206,4.90957894736842
22,2021-08-03 15:45:00,14.236,"blue.ruin.2",0.926823266219239,5.00209111246695
22,2021-08-03 16:00:00,13.797,"blue.ruin.2",1.04642857142857,4.59141964285714
22,2021-08-03 16:10:00,13.797,"blue.ruin.2",0.957258064516129,4.64439314516129
22,2021-08-03 16:20:00,13.609,"blue.ruin.2",1.13214285714286,4.45741964285714
22,2021-08-03 16:35:00,13.484,"blue.ruin.2",1.19439024390244,4.3097243902439
22,2021-08-03 16:45:00,13.484,"blue.ruin.2",1.14253731343284,4.38266044776119
22,2021-08-03 17:00:00,13.546,"blue.ruin.2",1.01377952755906,4.37093503937008
22,2021-08-03 17:10:00,13.421,"blue.ruin.2",1.13610315186246,4.27741977077364
22,2021-08-03 17:20:00,13.546,"blue.ruin.2",1.00692307692308,4.15491538461538
22,2021-08-03 17:35:00,13.609,"blue.ruin.2",0.948606364801367,4.22869121587511
22,2021-08-03 17:45:00,13.672,"blue.ruin.2",0.948448275862069,4.12953605015674
22,2021-08-03 18:00:00,13.672,"blue.ruin.2",0.965272727272727,3.98007272727273
22,2021-08-03 18:10:00,13.734,"blue.ruin.2",0.947321723795878,3.95035489915133
22,2021-08-03 18:20:00,13.734,"blue.ruin.2",0.945308861040257,3.94300855958946
22,2021-08-03 18:35:00,13.734,"blue.ruin.2",0.942115143929912,3.94705768574354
22,2021-08-03 18:45:00,13.86,"blue.ruin.2",0.933375663818979,3.87969522050335
22,2021-08-03 19:00:00,13.922,"blue.ruin.2",0.926685031063181,3.92253077013246
22,2021-08-03 19:10:00,13.609,"blue.ruin.2",0.940072370724874,3.80111792607999
22,2021-08-03 19:20:00,13.609,"blue.ruin.2",0.941127056352818,3.70227193177841
22,2021-08-03 19:35:00,13.797,"blue.ruin.2",0.927249030067895,3.65553390353584
22,2021-08-03 19:45:00,13.734,"blue.ruin.2",0.926495079485238,3.66214094005918
22,2021-08-03 20:00:00,13.296,"blue.ruin.2",0.946804868771396,3.42201735882983
22,2021-08-03 20:10:00,13.108,"blue.ruin.2",1.07727272727273,3.34390909090909
22,2021-08-03 20:20:00,13.484,"blue.ruin.2",0.934698608964451,3.40627511591963
22,2021-08-03 20:35:00,13.108,"blue.ruin.2",1.00416666666667,3.19783333333333
22,2021-08-03 20:45:00,13.546,"blue.ruin.2",0.925597702684653,3.32330803696104
22,2021-08-03 21:00:00,13.17,"blue.ruin.2",0.945692013129103,3.11537795902128
22,2021-08-03 21:10:00,13.358,"blue.ruin.2",0.931398252184769,3.11943479741233
22,2021-08-03 21:20:00,13.358,"blue.ruin.2",0.9327709681862,3.0608681498917
22,2021-08-03 21:35:00,13.484,"blue.ruin.2",0.921196027038212,3.06439496356864
22,2021-08-03 21:45:00,13.358,"blue.ruin.2",0.927319442489089,2.94113485979036
22,2021-08-03 22:00:00,13.358,"blue.ruin.2",0.925294117647059,2.9163422459893
22,2021-08-03 22:10:00,13.045,"blue.ruin.2",0.941367403314917,2.82296082370668
22,2021-08-03 22:20:00,13.233,"blue.ruin.2",0.927734745494783,2.83112824418705
22,2021-08-03 22:35:00,13.358,"blue.ruin.2",0.913971061093247,2.84039988307512
22,2021-08-03 22:45:00,13.421,"blue.ruin.2",0.907453213995118,2.86686678008728
22,2021-08-03 23:00:00,13.358,"blue.ruin.2",0.910875888817065,2.75347446670976
22,2021-08-03 23:10:00,13.296,"blue.ruin.2",0.914458598726115,2.72649449913144
22,2021-08-03 23:20:00,13.296,"blue.ruin.2",0.913690383111806,2.76479451275855
22,2021-08-03 23:35:00,14.173,"blue.ruin.2",0.851978107896794,2.89277702750729
22,2021-08-03 23:45:00,13.421,"blue.ruin.2",0.904724533040339,2.76841768810377
22,2021-08-04,13.358,"blue.ruin.2",0.904948971326745,2.69863452277514
22,2021-08-04 00:10:00,13.797,"blue.ruin.2",0.869586859133897,2.66315851395991
22,2021-08-04 00:20:00,13.86,"blue.ruin.2",0.864883026381284,2.63690483732296
22,2021-08-04 00:35:00,13.609,"blue.ruin.2",0.882354886720688,2.72256475788144
22,2021-08-04 00:45:00,14.298,"blue.ruin.2",0.832461588754495,2.65068531011323
22,2021-08-04 01:00:00,13.609,"blue.ruin.2",0.885885579937304,2.75338315759476
22,2021-08-04 01:10:00,13.985,"blue.ruin.2",0.863745892661555,2.75348601015633
22,2021-08-04 01:20:00,14.11,"blue.ruin.2",0.856336725254394,2.76968295349424
22,2021-08-04 01:35:00,14.298,"blue.ruin.2",0.84626423690205,2.84046013667426
22,2021-08-04 01:45:00,14.048,"blue.ruin.2",0.865258395951541,2.71643152890661
22,2021-08-04 02:00:00,14.424,"blue.ruin.2",0.841405647276655,2.81075423265209
22,2021-08-04 02:10:00,14.361,"blue.ruin.2",0.844342389626428,2.79205198012855
22,2021-08-04 02:20:00,13.985,"blue.ruin.2",0.871316443891825,2.73024260321587
22,2021-08-04 02:35:00,13.672,"blue.ruin.2",0.891254019292604,2.71205846243788
22,2021-08-04 02:45:00,13.985,"blue.ruin.2",0.865822578010129,2.72529384681647
22,2021-08-04 03:00:00,13.672,"blue.ruin.2",0.880346232179226,2.64332160710979
22,2021-08-04 03:10:00,13.609,"blue.ruin.2",0.879444444444444,2.71111111111111
22,2021-08-04 03:20:00,13.546,"blue.ruin.2",0.878782894736842,2.727254784689
22,2021-08-04 03:35:00,13.484,"blue.ruin.2",0.878804248306171,2.77426894841105
22,2021-08-04 03:45:00,13.484,"blue.ruin.2",0.880021598272138,2.61689770272924
22,2021-08-04 04:00:00,13.546,"blue.ruin.2",0.879390370626948,2.68324589854205
22,2021-08-04 04:10:00,13.86,"blue.ruin.2",0.858428014244531,2.64656682134213
22,2021-08-04 04:20:00,13.985,"blue.ruin.2",0.851666108506363,2.71878889362479
22,2021-08-04 04:35:00,14.236,"blue.ruin.2",0.717616837918462,2.89026335613343
22,2021-08-04 04:45:00,14.236,"blue.ruin.2",0.782085380315094,2.88635917022161
22,2021-08-04 05:00:00,13.922,"blue.ruin.2",0.863366506520247,2.66341111873713
22,2021-08-04 05:10:00,13.985,"blue.ruin.2",0.852886115444618,2.63711388455538
22,2021-08-04 05:20:00,13.17,"blue.ruin.2",0.913287623676445,2.61003739881018
22,2021-08-04 05:35:00,13.17,"blue.ruin.2",0.911545169166376,2.60027618353046
22,2021-08-04 05:45:00,13.108,"blue.ruin.2",0.904599929502996,2.59705098215144
22,2021-08-04 06:00:00,12.857,"blue.ruin.2",0.95873417721519,2.52425791139241
22,2021-08-04 06:10:00,13.045,"blue.ruin.2",0.945497630331753,2.52401120206807
22,2021-08-04 06:20:00,12.669,"blue.ruin.2",1.04841121495327,2.54982570093458
22,2021-08-04 06:35:00,12.731,"blue.ruin.2",1.03238731218698,2.60068927378965
22,2021-08-04 06:45:00,12.606,"blue.ruin.2",1.07229007633588,2.60244580152672
22,2021-08-04 07:00:00,12.481,"blue.ruin.2",1.13414634146342,2.67485975609756
22,2021-08-04 07:10:00,13.045,"blue.ruin.2",0.942600116076611,2.75134543344062
22,2021-08-04 07:20:00,12.418,"blue.ruin.2",1.22446808510638,2.79332978723404
22,2021-08-04 07:35:00,12.355,"blue.ruin.2",1.28780487804878,2.95471951219512
22,2021-08-04 07:45:00,12.418,"blue.ruin.2",1.24745762711865,2.93702542372881
22,2021-08-04 08:00:00,12.355,"blue.ruin.2",1.36740837696335,3.152
22,2021-08-04 08:10:00,12.481,"blue.ruin.2",1.24114906832298,2.58975349378882
22,2021-08-04 08:20:00,12.481,"blue.ruin.2",1.30318181818182,2.9746625
22,2021-08-04 08:35:00,12.543,"blue.ruin.2",1.32291021671827,3.71
22,2021-08-04 08:45:00,12.606,"blue.ruin.2",1.2897212543554,3.46441637630662
22,2021-08-04 09:00:00,12.669,"blue.ruin.2",1.34495412844037,3.0334759174312
22,2021-08-04 09:10:00,12.731,"blue.ruin.2",1.33625,3.58641875
22,2021-08-04 09:20:00,12.731,"blue.ruin.2",1.3835,3.651
22,2021-08-04 09:35:00,12.857,"blue.ruin.2",1.2734375,3.67884765625
22,2021-08-04 09:45:00,12.857,"blue.ruin.2",1.34172297297297,4.03030532094594
22,2021-08-04 10:00:00,12.92,"blue.ruin.2",1.3625,4.266
22,2021-08-04 10:10:00,12.92,"blue.ruin.2",1.46692307692308,4.251
22,2021-08-04 10:20:00,13.045,"blue.ruin.2",1.37874015748032,4.328
22,2021-08-04 10:35:00,13.108,"blue.ruin.2",1.37700228832952,4.233
22,2021-08-04 10:45:00,13.108,"blue.ruin.2",1.40491183879093,3.923
22,2021-08-04 11:00:00,13.17,"blue.ruin.2",1.38795013850415,3.61
22,2021-08-04 11:10:00,13.233,"blue.ruin.2",1.3992443324937,3.652
22,2021-08-04 11:20:00,13.233,"blue.ruin.2",1.41605058365759,4.573
22,2021-08-04 11:35:00,13.296,"blue.ruin.2",1.40313807531381,4.678
22,2021-08-04 11:45:00,13.296,"blue.ruin.2",1.4101593625498,4.819
22,2021-08-04 12:00:00,13.358,"blue.ruin.2",1.37990430622009,4.91
22,2021-08-04 12:10:00,13.358,"blue.ruin.2",1.41787234042553,4.682
22,2021-08-04 12:20:00,13.358,"blue.ruin.2",1.43011583011583,4.855
22,2021-08-04 12:35:00,13.358,"blue.ruin.2",1.43011583011583,4.474
22,2021-08-04 12:45:00,13.421,"blue.ruin.2",1.37816455696203,4.737
22,2021-08-04 13:00:00,13.484,"blue.ruin.2",1.34956331877729,4.81076419213974
22,2021-08-04 13:10:00,13.484,"blue.ruin.2",1.38429602888087,4.895
22,2021-08-04 13:20:00,13.484,"blue.ruin.2",1.38764705882353,4.994
22,2021-08-04 13:35:00,13.484,"blue.ruin.2",1.41901408450704,4.934
22,2021-08-04 13:45:00,13.484,"blue.ruin.2",1.46290322580645,4.938
22,2021-08-04 14:00:00,13.546,"blue.ruin.2",1.42727272727273,4.855
22,2021-08-04 14:10:00,13.546,"blue.ruin.2",1.40655021834061,4.624
22,2021-08-04 14:20:00,13.546,"blue.ruin.2",1.38546255506608,4.533
22,2021-08-04 14:35:00,13.609,"blue.ruin.2",1.24146706586826,4.56918488023952
22,2021-08-04 14:45:00,13.546,"blue.ruin.2",1.29636363636364,4.44598636363636
22,2021-08-04 15:00:00,13.546,"blue.ruin.2",1.28514285714286,4.38404285714286
22,2021-08-04 15:10:00,13.609,"blue.ruin.2",1.28697183098592,4.64416725352113
22,2021-08-04 15:20:00,14.424,"blue.ruin.2",1.05021621621622,4.59428459459459
22,2021-08-04 15:35:00,15.301,"blue.ruin.2",0.947863372093023,4.65083853065539
22,2021-08-04 15:45:00,14.862,"blue.ruin.2",0.981929555895865,4.73413705972435
22,2021-08-04 16:00:00,15.113,"blue.ruin.2",0.957209469153515,4.52419637733142
22,2021-08-04 16:10:00,13.546,"blue.ruin.2",1.33175965665236,4.39828272532189
22,2021-08-04 16:20:00,13.484,"blue.ruin.2",1.37344497607656,4.301
22,2021-08-04 16:35:00,13.421,"blue.ruin.2",1.41847826086957,4.144
22,2021-08-04 16:45:00,13.484,"blue.ruin.2",1.31217616580311,4.30372020725389
22,2021-08-04 17:00:00,13.421,"blue.ruin.2",1.31991525423729,4.20539936440678
22,2021-08-04 17:10:00,13.86,"blue.ruin.2",1.07746113989637,4.1769067357513
22,2021-08-04 17:20:00,13.358,"blue.ruin.2",1.37257142857143,4.096
22,2021-08-04 17:35:00,13.296,"blue.ruin.2",1.38093922651934,4.198
22,2021-08-04 17:45:00,13.358,"blue.ruin.2",1.31578947368421,4.257375
22,2021-08-04 18:00:00,13.296,"blue.ruin.2",1.33992042440318,4.13157824933687
22,2021-08-04 18:10:00,13.296,"blue.ruin.2",1.29727793696275,4.07764756446991
22,2021-08-04 18:20:00,13.296,"blue.ruin.2",1.25904109589041,4.00238904109589
22,2021-08-04 18:35:00,13.233,"blue.ruin.2",1.28852867830424,3.96719451371571
22,2021-08-04 18:45:00,13.17,"blue.ruin.2",1.32338129496403,3.87276438848921
22,2021-08-04 19:00:00,13.108,"blue.ruin.2",1.35695652173913,3.798
22,2021-08-04 19:10:00,13.045,"blue.ruin.2",1.3672268907563,3.718
22,2021-08-04 19:20:00,13.045,"blue.ruin.2",1.31146131805158,3.73083739255014
22,2021-08-04 19:35:00,13.233,"blue.ruin.2",1.06614420062696,3.7565736677116
22,2021-08-04 19:45:00,12.982,"blue.ruin.2",1.27620481927711,3.5966438253012
22,2021-08-04 20:00:00,12.857,"blue.ruin.2",1.34220588235294,3.44879963235294
22,2021-08-04 20:10:00,12.857,"blue.ruin.2",1.28298192771085,3.4318125
22,2021-08-04 20:20:00,12.857,"blue.ruin.2",1.23785211267606,3.35883142605634
22,2021-08-04 20:35:00,12.794,"blue.ruin.2",1.26630434782609,3.23255434782609
22,2021-08-04 20:45:00,13.546,"blue.ruin.2",0.918983878124538,3.24161904505789
22,2021-08-04 21:00:00,12.794,"blue.ruin.2",1.17768729641694,3.04893892508143
22,2021-08-04 21:10:00,13.045,"blue.ruin.2",0.946976709465512,3.02939968511632
22,2021-08-04 21:20:00,14.298,"blue.ruin.2",0.860122745870586,3.26028985107936
22,2021-08-04 21:35:00,14.236,"blue.ruin.2",0.862777777777778,2.9519797979798
22,2021-08-04 21:45:00,14.486,"blue.ruin.2",0.841313857209811,2.91682947266762
22,2021-08-04 22:00:00,14.173,"blue.ruin.2",0.859730538922156,2.99382144801306
22,2021-08-04 22:10:00,14.048,"blue.ruin.2",0.864896373056995,2.92568064060292
22,2021-08-04 22:20:00,13.922,"blue.ruin.2",0.871668578921488,2.81542191295019
22,2021-08-04 22:35:00,13.86,"blue.ruin.2",0.869466486577748,2.73514189676607
22,2021-08-04 22:45:00,13.797,"blue.ruin.2",0.873634042553191,2.69499249516441
22,2021-08-04 23:00:00,13.797,"blue.ruin.2",0.86950146627566,2.725617168755
22,2021-08-04 23:10:00,13.797,"blue.ruin.2",0.867206266318538,2.7101068122478
22,2021-08-04 23:20:00,13.797,"blue.ruin.2",0.865241343126967,2.73321759038443
22,2021-08-04 23:35:00,13.797,"blue.ruin.2",0.86452380952381,2.67838095238095
22,2021-08-04 23:45:00,13.734,"blue.ruin.2",0.86952380952381,2.71535064935065
22,2021-08-05,13.672,"blue.ruin.2",0.870498664292075,2.71696543349794
22,2021-08-05 00:10:00,13.734,"blue.ruin.2",0.864448051948052,2.64510920897285
22,2021-08-05 00:20:00,13.672,"blue.ruin.2",0.869130434782609,2.62646640316206
22,2021-08-05 00:35:00,13.734,"blue.ruin.2",0.861999271667881,2.67920082102893
22,2021-08-05 00:45:00,13.672,"blue.ruin.2",0.866363636363636,2.59912396694215
22,2021-08-05 01:00:00,13.672,"blue.ruin.2",0.863888373817912,2.68419230315392
22,2021-08-05 01:10:00,13.609,"blue.ruin.2",0.866688506177462,2.65270821279058
22,2021-08-05 01:20:00,13.672,"blue.ruin.2",0.858410860072147,2.57497885634396
22,2021-08-05 01:35:00,13.672,"blue.ruin.2",0.856293706293706,2.5670375079466
22,2021-08-05 01:45:00,13.609,"blue.ruin.2",0.859280719280719,2.5680405049496
22,2021-08-05 02:00:00,13.609,"blue.ruin.2",0.854636363636364,2.58600826446281
22,2021-08-05 02:10:00,13.609,"blue.ruin.2",0.852739587545491,2.6094520824909
22,2021-08-05 02:20:00,13.609,"blue.ruin.2",0.853209255533199,2.5758384854582
22,2021-08-05 02:35:00,13.922,"blue.ruin.2",0.823055725658298,2.61616155430607
22,2021-08-05 02:45:00,13.672,"blue.ruin.2",0.846526508226691,2.60505068971248
22,2021-08-05 03:00:00,13.672,"blue.ruin.2",0.842537313432836,2.62298507462687
22,2021-08-05 03:10:00,13.609,"blue.ruin.2",0.847393216080402,2.5954459798995
22,2021-08-05 03:20:00,13.609,"blue.ruin.2",0.845421207041073,2.6123243541873
22,2021-08-05 03:35:00,13.609,"blue.ruin.2",0.844380952380952,2.57304415584416
22,2021-08-05 03:45:00,13.609,"blue.ruin.2",0.840741935483871,2.59185161290323
22,2021-08-05 04:00:00,13.609,"blue.ruin.2",0.83937042784305,2.57816025473086
22,2021-08-05 04:10:00,13.546,"blue.ruin.2",0.84030303030303,2.60792286501377
22,2021-08-05 04:20:00,13.546,"blue.ruin.2",0.839733754512635,2.58408229405973
22,2021-08-05 04:35:00,13.609,"blue.ruin.2",0.825714285714286,2.59033766233766
22,2021-08-05 04:45:00,13.609,"blue.ruin.2",0.825843757375501,2.56837556590212
22,2021-08-05 05:00:00,13.609,"blue.ruin.2",0.822181079789776,2.56485970551188
22,2021-08-05 05:10:00,13.609,"blue.ruin.2",0.819212906379858,2.61329126019422
22,2021-08-05 05:20:00,13.484,"blue.ruin.2",0.830865887036576,2.57465719649845
22,2021-08-05 05:35:00,13.358,"blue.ruin.2",0.847399124939232,2.56171299774606
22,2021-08-05 05:45:00,12.982,"blue.ruin.2",0.887073898979846,2.55173810762514
22,2021-08-05 06:00:00,12.731,"blue.ruin.2",0.910153884964682,2.55159159710118
22,2021-08-05 06:10:00,12.669,"blue.ruin.2",0.92144495412844,2.51194120100083
22,2021-08-05 06:20:00,12.982,"blue.ruin.2",0.881956352299299,2.56226883015659
22,2021-08-05 06:35:00,12.982,"blue.ruin.2",0.88353482260184,2.48108756420977
22,2021-08-05 06:45:00,12.794,"blue.ruin.2",0.905487966146522,2.53618619412854
22,2021-08-05 07:00:00,12.857,"blue.ruin.2",0.899132556248306,2.59572266443234
22,2021-08-05 07:10:00,12.794,"blue.ruin.2",0.90215866162979,2.6256571652848
22,2021-08-05 07:20:00,12.857,"blue.ruin.2",0.892651979921919,2.59710997312782
22,2021-08-05 07:35:00,12.92,"blue.ruin.2",0.886904094223219,2.70753275888441
22,2021-08-05 07:45:00,12.857,"blue.ruin.2",0.890683588116527,2.81156960432126
22,2021-08-05 08:00:00,12.731,"blue.ruin.2",0.908248806682578,2.92214580169234
22,2021-08-05 08:10:00,12.731,"blue.ruin.2",0.906995073891625,3.00407433945365
22,2021-08-05 08:20:00,12.857,"blue.ruin.2",0.891407018694654,3.17597990399237
22,2021-08-05 08:35:00,12.857,"blue.ruin.2",0.890221987315011,3.32086872957909
22,2021-08-05 08:45:00,12.731,"blue.ruin.2",0.912472924187726,3.46272924187726
22,2021-08-05 09:00:00,13.108,"blue.ruin.2",0.850422832980972,3.5727580242168
22,2021-08-05 09:10:00,13.17,"blue.ruin.2",0.845030425963489,3.68992070809515
22,2021-08-05 09:20:00,13.108,"blue.ruin.2",0.851227436823105,3.74689924515917
22,2021-08-05 09:35:00,13.045,"blue.ruin.2",0.85504421221865,3.82957358959369
22,2021-08-05 09:45:00,13.108,"blue.ruin.2",0.845621301775148,3.86788380849919
22,2021-08-05 10:00:00,12.794,"blue.ruin.2",0.90411481332798,3.99829750739024
22,2021-08-05 10:10:00,13.108,"blue.ruin.2",0.845417348608838,3.99534890641274
22,2021-08-05 10:20:00,13.17,"blue.ruin.2",0.825439367311072,4.02941044895351
22,2021-08-05 10:35:00,13.108,"blue.ruin.2",0.818292682926829,4.07223946784922
22,2021-08-05 10:45:00,13.045,"blue.ruin.2",0.828410914927769,4.09830731066686
22,2021-08-05 11:00:00,13.233,"blue.ruin.2",0.766774383078731,4.10342538190364
22,2021-08-05 11:10:00,13.108,"blue.ruin.2",0.807456647398844,4.1485570152391
22,2021-08-05 11:20:00,13.17,"blue.ruin.2",0.773474470734745,4.1331031359674
22,2021-08-05 11:35:00,13.045,"blue.ruin.2",0.786510791366906,4.19651079136691
22,2021-08-05 11:45:00,13.296,"blue.ruin.2",0.674170616113744,4.06921585523481
22,2021-08-05 12:00:00,13.108,"blue.ruin.2",0.725357710651828,4.11085127908657
22,2021-08-05 12:10:00,12.418,"blue.ruin.2",1.13326848249027,4.10916147859922
22,2021-08-05 12:20:00,12.418,"blue.ruin.2",1.08880597014926,4.10330597014925
22,2021-08-05 12:35:00,13.17,"blue.ruin.2",0.641899710703954,3.93389059349522
22,2021-08-05 12:45:00,13.296,"blue.ruin.2",0.558934010152285,3.85315459160129
22,2021-08-05 13:00:00,13.296,"blue.ruin.2",0.495634458672876,3.71867922531485
22,2021-08-05 13:10:00,13.233,"blue.ruin.2",0.525683709869203,3.73511728461788
22,2021-08-05 13:20:00,12.982,"blue.ruin.2",0.635594237695079,3.81275892175052
22,2021-08-05 13:35:00,12.92,"blue.ruin.2",0.685618115055079,3.83810837876933
22,2021-08-05 13:45:00,12.982,"blue.ruin.2",0.663885505481121,3.85711881297752
22,2021-08-05 14:00:00,13.108,"blue.ruin.2",0.679170931422722,3.98273006420396
22,2021-08-05 14:10:00,12.982,"blue.ruin.2",0.84251012145749,4.1715973500184
22,2021-08-05 14:20:00,13.233,"blue.ruin.2",0.640009940357852,4.1534592445328
22,2021-08-05 14:35:00,13.233,"blue.ruin.2",0.58780487804878,4.27219512195122
22,2021-08-05 14:45:00,13.233,"blue.ruin.2",0.556176853055917,4.31098947866178
22,2021-08-05 15:00:00,13.296,"blue.ruin.2",0.491830065359478,4.29676767676768
22,2021-08-05 15:10:00,13.358,"blue.ruin.2",0.483178654292343,4.29200590592702
22,2021-08-05 15:20:00,13.045,"blue.ruin.2",0.651497860199715,4.4729075346907
22,2021-08-05 15:35:00,13.233,"blue.ruin.2",0.516438356164383,4.38679950186799
22,2021-08-05 15:45:00,12.982,"blue.ruin.2",0.727762619372442,4.50200669725908
22,2021-08-05 16:00:00,13.045,"blue.ruin.2",0.680253878702398,4.52458520323118
22,2021-08-05 16:10:00,13.296,"blue.ruin.2",0.488244514106584,4.31305785123967
22,2021-08-05 16:20:00,13.233,"blue.ruin.2",0.53267776096823,4.36991472974832
22,2021-08-05 16:35:00,13.358,"blue.ruin.2",0.371993127147766,4.42164948453609
22,2021-08-05 16:45:00,13.17,"blue.ruin.2",0.49247491638796,4.39247491638796
22,2021-08-05 17:00:00,13.233,"blue.ruin.2",0.43050193050193,4.40772902772903
22,2021-08-05 17:10:00,13.108,"blue.ruin.2",0.50304054054054,4.41488943488943
22,2021-08-05 17:20:00,13.358,"blue.ruin.2",0.270522388059702,5.05917910447761
22,2021-08-05 17:35:00,13.233,"blue.ruin.2",0.314423076923077,4.94057692307692
22,2021-08-05 17:45:00,13.045,"blue.ruin.2",0.450559701492538,4.35331750339213
22,2021-08-05 18:00:00,13.045,"blue.ruin.2",0.423611111111111,4.40060606060606
22,2021-08-05 18:10:00,13.233,"blue.ruin.2",0.248064743138635,4.94
22,2021-08-05 18:20:00,13.296,"blue.ruin.2",0.241277578245254,5.11
22,2021-08-05 18:35:00,13.108,"blue.ruin.2",0.249440872239307,5.02
22,2021-08-05 18:45:00,13.045,"blue.ruin.2",0.377467105263158,4.16609649122807
22,2021-08-05 19:00:00,12.982,"blue.ruin.2",0.507352941176472,4.12516042780749
22,2021-08-05 19:10:00,13.233,"blue.ruin.2",0.512314709236032,4.01090390795066
22,2021-08-05 19:20:00,13.108,"blue.ruin.2",0.643545369504209,4.0655387362871
22,2021-08-05 19:35:00,13.233,"blue.ruin.2",0.8073127925117,4.16023790951638
22,2021-08-05 19:45:00,13.233,"blue.ruin.2",0.845136644137526,4.11416397296503
22,2021-08-05 20:00:00,13.296,"blue.ruin.2",0.850676223965377,3.97067622396538
22,2021-08-05 20:10:00,13.17,"blue.ruin.2",0.871566077003122,3.90727036231199
22,2021-08-05 20:20:00,13.358,"blue.ruin.2",0.850796505652621,3.78440390544707
22,2021-08-05 20:35:00,13.734,"blue.ruin.2",0.801186708860759,3.52118670886076
22,2021-08-05 20:45:00,13.421,"blue.ruin.2",0.83365617433414,3.43904028175215
22,2021-08-05 21:00:00,13.421,"blue.ruin.2",0.823835381537582,3.30888903323027
22,2021-08-05 21:10:00,13.358,"blue.ruin.2",0.825816416593116,3.21806868330258
22,2021-08-05 21:20:00,13.421,"blue.ruin.2",0.798765635286373,3.08025824406009
22,2021-08-05 21:35:00,13.358,"blue.ruin.2",0.759521829521829,3.02497788697789
22,2021-08-05 21:45:00,13.421,"blue.ruin.2",0.720217288615966,2.97835573495942
22,2021-08-05 22:00:00,13.734,"blue.ruin.2",0.591101223581758,2.96610172919405
22,2021-08-05 22:10:00,14.486,"blue.ruin.2",0.423825887743413,2.91956680204103
22,2021-08-05 22:20:00,13.86,"blue.ruin.2",0.489571589627959,2.87162857435687
22,2021-08-05 22:35:00,14.549,"blue.ruin.2",0.374144811858609,3.04719688331433
22,2021-08-05 22:45:00,14.549,"blue.ruin.2",0.366698595146871,3.1619902085994
22,2021-08-05 23:00:00,14.674,"blue.ruin.2",0.333530106257379,3.42164108618654
22,2021-08-05 23:10:00,14.361,"blue.ruin.2",0.383505467800729,2.94577156743621
22,2021-08-05 23:20:00,14.298,"blue.ruin.2",0.411504424778761,2.83769911504425
22,2021-08-05 23:35:00,14.549,"blue.ruin.2",0.384128386336867,3.00189045936396
22,2021-08-05 23:45:00,14.361,"blue.ruin.2",0.424338146811071,2.87070725303577
22,2021-08-06,14.612,"blue.ruin.2",0.394563918757467,2.91414575866189
22,2021-08-06 00:10:00,14.549,"blue.ruin.2",0.400832376578645,2.89971245172738
22,2021-08-06 00:20:00,14.486,"blue.ruin.2",0.408826945412311,2.88630873191849
22,2021-08-06 00:35:00,14.549,"blue.ruin.2",0.388710618436406,2.93235705950992
22,2021-08-06 00:45:00,14.424,"blue.ruin.2",0.41167290886392,2.82596754057428
22,2021-08-06 01:00:00,14.424,"blue.ruin.2",0.394721233689205,2.92173190984579
22,2021-08-06 01:10:00,14.486,"blue.ruin.2",0.38130381303813,2.99209102091021
22,2021-08-06 01:20:00,14.486,"blue.ruin.2",0.386577181208054,2.97469798657718
22,2021-08-06 01:35:00,14.424,"blue.ruin.2",0.381067961165049,2.96252427184466
22,2021-08-06 01:45:00,14.236,"blue.ruin.2",0.40086782376502,2.82976332079136
22,2021-08-06 02:00:00,14.236,"blue.ruin.2",0.384538152610442,2.95318607764391
22,2021-08-06 02:10:00,14.048,"blue.ruin.2",0.404539154539154,2.84851445851446
22,2021-08-06 02:20:00,14.298,"blue.ruin.2",0.353411513859275,2.94658848614072
22,2021-08-06 02:35:00,14.236,"blue.ruin.2",0.362542372881356,2.94986440677966
22,2021-08-06 02:45:00,14.236,"blue.ruin.2",0.362472963229993,2.92758471521269
22,2021-08-06 03:00:00,14.236,"blue.ruin.2",0.370168657765285,2.88574139142656
22,2021-08-06 03:10:00,14.173,"blue.ruin.2",0.385225669957687,2.9236389280677
22,2021-08-06 03:20:00,14.048,"blue.ruin.2",0.404539154539154,2.78851445851446
22,2021-08-06 03:35:00,13.985,"blue.ruin.2",0.406359189378057,2.80780318912394
22,2021-08-06 03:45:00,14.236,"blue.ruin.2",0.346369636963696,2.89435643564356
22,2021-08-06 04:00:00,14.173,"blue.ruin.2",0.34558327714093,2.94706675657451
22,2021-08-06 04:10:00,14.048,"blue.ruin.2",0.361033028812368,2.89572733661279
22,2021-08-06 04:20:00,13.985,"blue.ruin.2",0.362433862433863,2.71485008818342
22,2021-08-06 04:35:00,13.922,"blue.ruin.2",0.359756097560975,2.70536585365854
22,2021-08-06 04:45:00,13.86,"blue.ruin.2",0.367790414297319,2.73772813430815
22,2021-08-06 05:00:00,13.86,"blue.ruin.2",0.36119936457506,2.70050569234842
22,2021-08-06 05:10:00,13.734,"blue.ruin.2",0.373837700760778,2.73023386869541
22,2021-08-06 05:20:00,13.358,"blue.ruin.2",0.448984302862419,2.77307814992026
22,2021-08-06 05:35:00,13.296,"blue.ruin.2",0.449612403100775,2.72646934460888
22,2021-08-06 05:45:00,13.045,"blue.ruin.2",0.492778884462151,2.73457533502354
22,2021-08-06 06:00:00,12.731,"blue.ruin.2",0.657169117647059,2.70921457219251
22,2021-08-06 06:10:00,12.543,"blue.ruin.2",0.742540322580646,2.63789589442815
22,2021-08-06 06:20:00,12.669,"blue.ruin.2",0.6751953125,2.67493963068182
22,2021-08-06 06:35:00,12.606,"blue.ruin.2",0.706725888324873,2.66404014766959
22,2021-08-06 06:45:00,12.606,"blue.ruin.2",0.706725888324873,2.68846331333641
22,2021-08-06 07:00:00,12.794,"blue.ruin.2",0.609729064039409,2.76992163009404
22,2021-08-06 07:10:00,12.731,"blue.ruin.2",0.625458115183246,2.79341980009519
22,2021-08-06 07:20:00,12.543,"blue.ruin.2",0.755681818181819,2.74305785123967
22,2021-08-06 07:35:00,12.731,"blue.ruin.2",0.661118090452262,2.89181475559616
22,2021-08-06 07:45:00,12.669,"blue.ruin.2",0.693284574468085,2.92735372340426
22,2021-08-06 08:00:00,12.794,"blue.ruin.2",0.663737623762376,3.05491449144915
22,2021-08-06 08:10:00,12.731,"blue.ruin.2",0.7091796875,3.14259943181818
22,2021-08-06 08:20:00,12.731,"blue.ruin.2",0.701411290322581,3.22559384164223
22,2021-08-06 08:35:00,12.794,"blue.ruin.2",0.67687165775401,3.42435342732134
22,2021-08-06 08:45:00,12.731,"blue.ruin.2",0.710681818181818,3.4809173553719
22,2021-08-06 09:00:00,12.481,"blue.ruin.2",0.94936170212766,3.61019729206963
22,2021-08-06 09:10:00,12.543,"blue.ruin.2",0.913513513513514,3.74331695331695
22,2021-08-06 09:20:00,12.606,"blue.ruin.2",0.903953488372093,3.7866976744186
22,2021-08-06 09:35:00,12.857,"blue.ruin.2",0.758249641319943,3.96
22,2021-08-06 09:45:00,12.92,"blue.ruin.2",0.761594202898551,4.0602766798419
22,2021-08-06 10:00:00,12.92,"blue.ruin.2",0.792607313195548,4.25710651828299
22,2021-08-06 10:10:00,12.92,"blue.ruin.2",0.813013698630138,4.35765877957659
22,2021-08-06 10:20:00,13.233,"blue.ruin.2",0.504264705882353,4.35791443850267
22,2021-08-06 10:35:00,13.045,"blue.ruin.2",0.801923076923078,4.70884615384615
22,2021-08-06 10:45:00,13.045,"blue.ruin.2",1.0212987012987,4.82
22,2021-08-06 11:00:00,13.233,"blue.ruin.2",0.716973684210526,4.85255263157895
22,2021-08-06 11:10:00,13.233,"blue.ruin.2",0.928189910979228,5.0141381170758
22,2021-08-06 11:20:00,13.296,"blue.ruin.2",0.79939024390244,5.05855875831486
22,2021-08-06 11:35:00,13.17,"blue.ruin.2",1.05497592295345,5.34
22,2021-08-06 11:45:00,13.484,"blue.ruin.2",0.711984732824428,5.11169188063845
22,2021-08-06 12:00:00,13.484,"blue.ruin.2",0.853147353361946,5.36321108076473
22,2021-08-06 12:10:00,13.358,"blue.ruin.2",1.0312213740458,5.54
22,2021-08-06 12:20:00,13.546,"blue.ruin.2",0.883333333333335,5.57848484848485
22,2021-08-06 12:35:00,13.421,"blue.ruin.2",1.09755102040816,5.62
22,2021-08-06 12:45:00,13.296,"blue.ruin.2",1.00488958990536,5.65
22,2021-08-06 13:00:00,13.546,"blue.ruin.2",1.04683544303798,5.65
22,2021-08-06 13:10:00,13.421,"blue.ruin.2",1.04746543778802,5.67
22,2021-08-06 13:20:00,13.546,"blue.ruin.2",0.984752475247526,5.71
22,2021-08-06 13:35:00,13.484,"blue.ruin.2",0.938821490467938,5.61597605167796
22,2021-08-06 13:45:00,13.734,"blue.ruin.2",0.646699266503667,5.21052456101356
22,2021-08-06 14:00:00,13.17,"blue.ruin.2",1.01,5.39715
22,2021-08-06 14:10:00,13.045,"blue.ruin.2",1.278125,4.5317578125
22,2021-08-06 14:20:00,13.045,"blue.ruin.2",1.30769230769231,4.30179807692308
22,2021-08-06 14:35:00,13.045,"blue.ruin.2",1.29078341013825,4.22428398617511
22,2021-08-06 14:45:00,13.108,"blue.ruin.2",1.084375,4.6756875
22,2021-08-06 15:00:00,13.17,"blue.ruin.2",1.09321608040201,4.82
22,2021-08-06 15:10:00,13.17,"blue.ruin.2",1.17663755458515,4.63
22,2021-08-06 15:20:00,13.233,"blue.ruin.2",1.21368421052632,4.53
22,2021-08-06 15:35:00,13.358,"blue.ruin.2",1.1507874015748,3.6861220472441
22,2021-08-06 15:45:00,13.296,"blue.ruin.2",1.15571428571429,3.97131428571429
22,2021-08-06 16:00:00,13.421,"blue.ruin.2",0.955172413793101,4.26603448275863
22,2021-08-06 16:10:00,13.421,"blue.ruin.2",0.951948051948051,4.23345941558442
22,2021-08-06 16:20:00,13.985,"blue.ruin.2",0.883995327102804,4.19679906542056
22,2021-08-06 16:35:00,13.922,"blue.ruin.2",0.888821138211382,4.21335920177384
22,2021-08-06 16:45:00,13.86,"blue.ruin.2",0.898795751943865,4.15837887695464
22,2021-08-06 17:00:00,13.546,"blue.ruin.2",0.928461312582587,4.08253159995195
22,2021-08-06 17:10:00,13.17,"blue.ruin.2",1.00113636363636,3.84649147727273
22,2021-08-06 17:20:00,13.296,"blue.ruin.2",0.94434628975265,3.89637327336974
22,2021-08-06 17:35:00,13.484,"blue.ruin.2",0.936407526615499,3.7590294627383
22,2021-08-06 17:45:00,13.233,"blue.ruin.2",0.982926829268292,3.65641158536585
22,2021-08-06 18:00:00,13.484,"blue.ruin.2",0.940494776719091,3.63762786863005
22,2021-08-06 18:10:00,13.672,"blue.ruin.2",0.935023934351493,3.59643927305883
22,2021-08-06 18:20:00,13.609,"blue.ruin.2",0.941367763904654,3.56358724589826
22,2021-08-06 18:35:00,13.484,"blue.ruin.2",1.02313769751693,3.40807223476298
22,2021-08-06 18:45:00,13.672,"blue.ruin.2",1.01294416243655,3.40515228426396
22,2021-08-06 19:00:00,13.609,"blue.ruin.2",1.06219621962196,3.19343856885689
22,2021-08-06 19:10:00,13.421,"blue.ruin.2",1.09522776572668,2.88670227765727
22,2021-08-06 19:20:00,13.546,"blue.ruin.2",1.08398610233733,2.95398862918509
22,2021-08-06 19:35:00,13.672,"blue.ruin.2",1.07323897300856,3.06126793943384
22,2021-08-06 19:45:00,13.86,"blue.ruin.2",1.05215427380125,3.07458130646282
22,2021-08-06 20:00:00,13.546,"blue.ruin.2",1.08717314487633,2.98242897526502
22,2021-08-06 20:10:00,13.797,"blue.ruin.2",1.05481781376518,3.09
22,2021-08-06 20:20:00,13.734,"blue.ruin.2",1.04865771812081,3.01418959731544
22,2021-08-06 20:35:00,13.546,"blue.ruin.2",1.06877022653722,2.95590614886731
22,2021-08-06 20:45:00,14.11,"blue.ruin.2",0.995538178472861,3.21203426862925
22,2021-08-06 21:00:00,13.797,"blue.ruin.2",1.03681368136814,2.85874707470747
22,2021-08-06 21:10:00,14.048,"blue.ruin.2",0.99436018957346,2.84216398104265
22,2021-08-06 21:20:00,13.86,"blue.ruin.2",1.00798575788403,2.75912004069176
22,2021-08-06 21:35:00,13.922,"blue.ruin.2",0.957589880159787,2.83138548601864
22,2021-08-06 21:45:00,13.672,"blue.ruin.2",0.980046948356808,2.72671361502347
22,2021-08-06 22:00:00,15.927,"blue.ruin.2",0.801774283328695,3.38070338790072
22,2021-08-06 22:10:00,14.862,"blue.ruin.2",0.855162116040956,3.03107586099907
22,2021-08-06 22:20:00,16.053,"blue.ruin.2",0.766945819982523,3.5120644546249
22,2021-08-06 22:35:00,14.737,"blue.ruin.2",0.845270070838253,3.04178209187507
22,2021-08-06 22:45:00,14.674,"blue.ruin.2",0.845580110497238,2.89199899547966
22,2021-08-06 23:00:00,14.173,"blue.ruin.2",0.873697994612391,2.84919485184077
22,2021-08-06 23:10:00,14.424,"blue.ruin.2",0.855049594229035,2.88240839413067
22,2021-08-06 23:20:00,14.988,"blue.ruin.2",0.813524027459954,3.20786394840857
22,2021-08-06 23:35:00,15.113,"blue.ruin.2",0.804154749360229,2.99162536094043
22,2021-08-06 23:45:00,14.8,"blue.ruin.2",0.829928846723984,2.8616214322292
22,2021-08-07,14.925,"blue.ruin.2",0.826671565025716,2.91101596419745
22,2021-08-07 00:10:00,15.614,"blue.ruin.2",0.784175531914894,3.09189313346228
22,2021-08-07 00:20:00,14.737,"blue.ruin.2",0.84275481271452,2.87903433680183
22,2021-08-07 00:35:00,13.797,"blue.ruin.2",0.905082041932543,2.65108767713599
22,2021-08-07 00:45:00,14.424,"blue.ruin.2",0.858140262993112,2.71209142141515
22,2021-08-07 01:00:00,13.734,"blue.ruin.2",0.900063959066198,2.6217007297148
22,2021-08-07 01:10:00,13.797,"blue.ruin.2",0.887723214285714,2.67945211038961
22,2021-08-07 01:20:00,13.734,"blue.ruin.2",0.886075625958099,2.61857341942677
22,2021-08-07 01:35:00,13.734,"blue.ruin.2",0.876157989228007,2.61296262444916
22,2021-08-07 01:45:00,13.734,"blue.ruin.2",0.871129667855132,2.60585015097494
22,2021-08-07 02:00:00,13.734,"blue.ruin.2",0.861757880487333,2.61492326084281
22,2021-08-07 02:10:00,13.734,"blue.ruin.2",0.856853888452474,2.600161393987
22,2021-08-07 02:20:00,13.672,"blue.ruin.2",0.857906976744186,2.65362790697674
22,2021-08-07 02:35:00,13.672,"blue.ruin.2",0.850294860994103,2.5936256414184
22,2021-08-07 02:45:00,13.672,"blue.ruin.2",0.847796610169491,2.6004406779661
22,2021-08-07 03:00:00,13.609,"blue.ruin.2",0.851812977099237,2.60107390700902
22,2021-08-07 03:10:00,13.609,"blue.ruin.2",0.85131074168798,2.57717740060451
22,2021-08-07 03:20:00,13.609,"blue.ruin.2",0.850327280405405,2.56818776873464
22,2021-08-07 03:35:00,13.609,"blue.ruin.2",0.848810289389068,2.55919906460099
22,2021-08-07 03:45:00,13.609,"blue.ruin.2",0.848287007110537,2.55739730857378
22,2021-08-07 04:00:00,13.609,"blue.ruin.2",0.842011899515205,2.59337814014985
22,2021-08-07 04:10:00,13.546,"blue.ruin.2",0.846083727211344,2.59967712233749
22,2021-08-07 04:20:00,13.672,"blue.ruin.2",0.829258241758242,2.59146853146853
22,2021-08-07 04:35:00,13.546,"blue.ruin.2",0.838591715976331,2.57633286713287
22,2021-08-07 04:45:00,13.546,"blue.ruin.2",0.828644151974174,2.57103234982053
22,2021-08-07 05:00:00,13.546,"blue.ruin.2",0.826286353467562,2.58249339027863
22,2021-08-07 05:10:00,13.546,"blue.ruin.2",0.817667798380778,2.59887248035328
22,2021-08-07 05:20:00,13.421,"blue.ruin.2",0.832624302047328,2.58493872519398
22,2021-08-07 05:35:00,13.233,"blue.ruin.2",0.846035805626598,2.59890258079516
22,2021-08-07 05:45:00,12.731,"blue.ruin.2",0.905387312719158,2.55730025791868
22,2021-08-07 06:00:00,12.418,"blue.ruin.2",0.953750000000001,2.53039375
22,2021-08-07 06:10:00,12.293,"blue.ruin.2",1.18134615384615,2.60882548076923
22,2021-08-07 06:20:00,12.293,"blue.ruin.2",1.18134615384615,2.59667980769231
22,2021-08-07 06:35:00,12.293,"blue.ruin.2",1.1404296875,2.58903564453125
22,2021-08-07 06:45:00,12.543,"blue.ruin.2",0.927947224126114,2.53842015078821
22,2021-08-07 07:00:00,12.293,"blue.ruin.2",1.1375,2.63546875
22,2021-08-07 07:10:00,12.293,"blue.ruin.2",1.1404296875,2.658076171875
22,2021-08-07 07:20:00,12.293,"blue.ruin.2",1.1404296875,2.65713134765625
22,2021-08-07 07:35:00,12.293,"blue.ruin.2",1.17553571428572,2.732884375
22,2021-08-07 07:45:00,12.293,"blue.ruin.2",1.28430034129693,2.81196160409556
22,2021-08-07 08:00:00,12.293,"blue.ruin.2",1.35116279069768,3.051
22,2021-08-07 08:10:00,12.293,"blue.ruin.2",1.39544072948328,3.087
22,2021-08-07 08:20:00,12.355,"blue.ruin.2",1.36740837696335,3.244
22,2021-08-07 08:35:00,12.418,"blue.ruin.2",1.37257142857143,3.302
22,2021-08-07 08:45:00,12.481,"blue.ruin.2",1.37520661157025,3.472
22,2021-08-07 09:00:00,12.481,"blue.ruin.2",1.43493670886076,3.6
22,2021-08-07 09:10:00,12.543,"blue.ruin.2",1.4289817232376,3.676
22,2021-08-07 09:20:00,12.543,"blue.ruin.2",1.50113636363636,3.769
22,2021-08-07 09:35:00,12.606,"blue.ruin.2",1.50208333333333,4.099
22,2021-08-07 09:45:00,12.669,"blue.ruin.2",1.49431818181818,4.139
22,2021-08-07 10:00:00,12.731,"blue.ruin.2",1.53812949640288,4.195
22,2021-08-07 10:10:00,12.794,"blue.ruin.2",1.6,4.21
22,2021-08-07 10:20:00,12.857,"blue.ruin.2",1.52926829268293,4.298
22,2021-08-07 10:35:00,12.92,"blue.ruin.2",1.6,4.348
22,2021-08-07 10:45:00,12.982,"blue.ruin.2",1.46854304635762,4.23
22,2021-08-07 11:00:00,13.045,"blue.ruin.2",1.48426966292135,4.63
22,2021-08-07 11:10:00,13.108,"blue.ruin.2",1.415,4.034
22,2021-08-07 11:20:00,13.17,"blue.ruin.2",1.41553784860558,4.526
22,2021-08-07 11:35:00,13.233,"blue.ruin.2",1.28681818181818,4.58468522727273
22,2021-08-07 11:45:00,13.296,"blue.ruin.2",1.226,4.87046
22,2021-08-07 12:00:00,13.296,"blue.ruin.2",1.29,4.78905
22,2021-08-07 12:10:00,13.358,"blue.ruin.2",1.27117647058823,4.9223205882353
22,2021-08-07 12:20:00,13.358,"blue.ruin.2",1.30647058823529,4.854
22,2021-08-07 12:35:00,13.421,"blue.ruin.2",1.248125,4.9704578125
22,2021-08-07 12:45:00,13.86,"blue.ruin.2",1.08905595267439,5.25270775819571
22,2021-08-07 13:00:00,13.484,"blue.ruin.2",1.24142857142857,4.94594285714286
22,2021-08-07 13:10:00,13.484,"blue.ruin.2",1.34,4.674475
22,2021-08-07 13:20:00,13.484,"blue.ruin.2",1.35615384615385,4.679
22,2021-08-07 13:35:00,13.484,"blue.ruin.2",1.37545454545455,4.465
22,2021-08-07 13:45:00,13.546,"blue.ruin.2",1.20636363636364,4.83191818181818
22,2021-08-07 14:00:00,13.734,"blue.ruin.2",1.01230769230769,5.31821923076923
22,2021-08-07 14:10:00,14.674,"blue.ruin.2",0.987760690962713,5.28619101537813
22,2021-08-07 14:20:00,13.797,"blue.ruin.2",1.08902325581395,4.99139918604651
22,2021-08-07 14:35:00,13.672,"blue.ruin.2",1.03571428571428,5.02200000000001
22,2021-08-07 14:45:00,13.609,"blue.ruin.2",1.16689189189189,4.69025168918919
22,2021-08-07 15:00:00,13.546,"blue.ruin.2",1.15142857142857,4.66642142857143
22,2021-08-07 15:10:00,14.424,"blue.ruin.2",0.880121951219512,5.14835920177384
22,2021-08-07 15:20:00,14.486,"blue.ruin.2",0.896861255497801,5.02038748137109
22,2021-08-07 15:35:00,14.361,"blue.ruin.2",0.91325643776824,4.93012582910652
22,2021-08-07 15:45:00,14.236,"blue.ruin.2",0.919567010309278,4.81813945641987
22,2021-08-07 16:00:00,14.173,"blue.ruin.2",0.925691120445443,4.7588379052812
22,2021-08-07 16:10:00,14.173,"blue.ruin.2",0.925325358851675,4.77466089604176
22,2021-08-07 16:20:00,14.236,"blue.ruin.2",0.926364527192553,4.69122007928377
22,2021-08-07 16:35:00,14.236,"blue.ruin.2",0.926477472205968,4.76168732379382
22,2021-08-07 16:45:00,14.236,"blue.ruin.2",0.928249853829663,4.66344146985348
22,2021-08-07 17:00:00,14.298,"blue.ruin.2",0.926306517909571,4.63372871403406
22,2021-08-07 17:10:00,14.298,"blue.ruin.2",0.934961439588689,4.51886422061229
22,2021-08-07 17:20:00,14.361,"blue.ruin.2",1.00879705400982,4.12210290507365
22,2021-08-07 17:35:00,14.361,"blue.ruin.2",1.07285008715863,3.94916465717606
22,2021-08-07 17:45:00,14.361,"blue.ruin.2",1.07547477744807,3.65719647626113
22,2021-08-07 18:00:00,14.361,"blue.ruin.2",1.06569212410501,3.64200656324582
22,2021-08-07 18:10:00,14.424,"blue.ruin.2",1.03785982478098,3.71
22,2021-08-07 18:20:00,14.361,"blue.ruin.2",1.00540935672515,3.56
22,2021-08-07 18:35:00,14.361,"blue.ruin.2",0.944751732101617,3.81024910770523
22,2021-08-07 18:45:00,14.361,"blue.ruin.2",0.941408751334045,3.70373726593577
22,2021-08-07 19:00:00,14.298,"blue.ruin.2",0.931652593486128,3.642078298059
22,2021-08-07 19:10:00,14.236,"blue.ruin.2",0.929241810820758,3.60379094589621
22,2021-08-07 19:20:00,14.173,"blue.ruin.2",0.927737915407855,3.54495330953035
22,2021-08-07 19:35:00,14.11,"blue.ruin.2",0.930103587670541,3.48852588543341
22,2021-08-07 19:45:00,14.11,"blue.ruin.2",0.93338849287169,3.45701698759489
22,2021-08-07 20:00:00,14.11,"blue.ruin.2",0.943820996130321,3.41583947072775
22,2021-08-07 20:10:00,14.048,"blue.ruin.2",0.952241594022416,3.22
22,2021-08-07 20:20:00,14.048,"blue.ruin.2",0.978599801390268,3.22
22,2021-08-07 20:35:00,14.048,"blue.ruin.2",0.980963972736125,2.99
22,2021-08-07 20:45:00,14.424,"blue.ruin.2",0.929398817758773,3.03473079429689
22,2021-08-07 21:00:00,13.546,"blue.ruin.2",1.00358931552588,2.81140567612688
22,2021-08-07 21:10:00,13.609,"blue.ruin.2",0.9447184491626,2.87871243091604
22,2021-08-07 21:20:00,13.86,"blue.ruin.2",0.919437652811736,2.93891975994665
22,2021-08-07 21:35:00,13.797,"blue.ruin.2",0.913289975964937,2.83680462192975
22,2021-08-07 21:45:00,13.609,"blue.ruin.2",0.922017683722279,2.79478909986955
22,2021-08-07 22:00:00,13.734,"blue.ruin.2",0.906470936252034,2.74036331365721
22,2021-08-07 22:10:00,13.734,"blue.ruin.2",0.905735551663748,2.69092501194077
22,2021-08-07 22:20:00,13.609,"blue.ruin.2",0.912483516483516,2.73208591408591
22,2021-08-07 22:35:00,13.609,"blue.ruin.2",0.911278305332359,2.68659578989309
22,2021-08-07 22:45:00,13.609,"blue.ruin.2",0.911004855083125,2.66806425294582
22,2021-08-07 23:00:00,13.484,"blue.ruin.2",0.916360130525067,2.61526091529355
22,2021-08-07 23:10:00,13.546,"blue.ruin.2",0.91318549595445,2.67111286675566
22,2021-08-07 23:20:00,13.484,"blue.ruin.2",0.920205785863406,2.64234037361386
22,2021-08-07 23:35:00,13.484,"blue.ruin.2",0.923754872239064,2.55869364935627
22,2021-08-07 23:45:00,13.484,"blue.ruin.2",0.929000432089875,2.55765335917143
22,2021-08-08,13.546,"blue.ruin.2",0.93034541821296,2.56290063062829
22,2021-08-08 00:10:00,13.484,"blue.ruin.2",0.936954668182464,2.53842443189892
22,2021-08-08 00:20:00,13.484,"blue.ruin.2",0.94203426124197,2.51679384854974
22,2021-08-08 00:35:00,13.546,"blue.ruin.2",0.937885366912723,2.51656416531796
22,2021-08-08 00:45:00,13.546,"blue.ruin.2",0.935161949226729,2.47964002440512
22,2021-08-08 01:00:00,13.484,"blue.ruin.2",0.935112981834293,2.49249567003665
22,2021-08-08 01:10:00,13.546,"blue.ruin.2",0.930859607376562,2.50899762046401
22,2021-08-08 01:20:00,13.421,"blue.ruin.2",0.94176497277677,2.43635208711434
22,2021-08-08 01:35:00,13.484,"blue.ruin.2",0.932873186710342,2.51203854171098
22,2021-08-08 01:45:00,13.421,"blue.ruin.2",0.928635646687697,2.50554731861199
22,2021-08-08 02:00:00,13.421,"blue.ruin.2",0.917841516771998,2.59951915852742
22,2021-08-08 02:10:00,13.421,"blue.ruin.2",0.914329268292683,2.60284922394679
22,2021-08-08 02:20:00,13.421,"blue.ruin.2",0.912968134034166,2.56012349181699
22,2021-08-08 02:35:00,13.421,"blue.ruin.2",0.91353711790393,2.51563318777293
22,2021-08-08 02:45:00,13.358,"blue.ruin.2",0.922749118872156,2.50589758527279
22,2021-08-08 03:00:00,13.421,"blue.ruin.2",0.922790033328043,2.51025118668032
22,2021-08-08 03:10:00,13.421,"blue.ruin.2",0.923941289701636,2.52638157319101
22,2021-08-08 03:20:00,13.421,"blue.ruin.2",0.926588330632091,2.49128967143068
22,2021-08-08 03:35:00,13.421,"blue.ruin.2",0.923636806231743,2.46204921660618
22,2021-08-08 03:45:00,13.358,"blue.ruin.2",0.935187032418953,2.47700249376559
22,2021-08-08 04:00:00,13.421,"blue.ruin.2",0.921517811919635,2.44573219959173
22,2021-08-08 04:10:00,13.421,"blue.ruin.2",0.917145560908465,2.49449149095914
22,2021-08-08 04:20:00,13.421,"blue.ruin.2",0.919944065722776,2.48863596637587
22,2021-08-08 04:35:00,13.421,"blue.ruin.2",0.915889603429797,2.52132173828315
22,2021-08-08 04:45:00,13.421,"blue.ruin.2",0.915600792649973,2.55755457657097
22,2021-08-08 05:00:00,13.421,"blue.ruin.2",0.899182512884308,2.48603421813658
22,2021-08-08 05:10:00,13.358,"blue.ruin.2",0.926117542297418,2.4426053590221
22,2021-08-08 05:20:00,13.296,"blue.ruin.2",0.924607142857143,2.47507857142857
22,2021-08-08 05:35:00,13.296,"blue.ruin.2",0.920475488389237,2.47093556277854
22,2021-08-08 05:45:00,13.296,"blue.ruin.2",0.913578986448858,2.45794640295661
22,2021-08-08 06:00:00,13.296,"blue.ruin.2",0.90363321799308,2.46915696759987
22,2021-08-08 06:10:00,13.17,"blue.ruin.2",0.908683336589177,2.48225363618604
22,2021-08-08 06:20:00,13.233,"blue.ruin.2",0.898849434635985,2.49116012335215
22,2021-08-08 06:35:00,13.233,"blue.ruin.2",0.894115183246073,2.47812870061875
22,2021-08-08 06:45:00,13.233,"blue.ruin.2",0.891007271171942,2.49072595069601
22,2021-08-08 07:00:00,13.233,"blue.ruin.2",0.887436854820997,2.55706267595791
22,2021-08-08 07:10:00,13.17,"blue.ruin.2",0.89454054054054,2.57613366093366
22,2021-08-08 07:20:00,12.92,"blue.ruin.2",0.92237447928086,2.58054792609276
22,2021-08-08 07:35:00,12.794,"blue.ruin.2",0.935115979381443,2.67460051546392
22,2021-08-08 07:45:00,12.606,"blue.ruin.2",1.01558139534884,2.7458988372093
22,2021-08-08 08:00:00,12.731,"blue.ruin.2",0.977121771217712,2.99153136531365
22,2021-08-08 08:10:00,12.731,"blue.ruin.2",1.00343137254902,3.02214215686274
22,2021-08-08 08:20:00,12.543,"blue.ruin.2",1.17905405405406,3.1090777027027
22,2021-08-08 08:35:00,12.481,"blue.ruin.2",1.43269230769231,3.34
22,2021-08-08 08:45:00,12.543,"blue.ruin.2",1.3962962962963,3.451
22,2021-08-08 09:00:00,12.606,"blue.ruin.2",1.43532818532818,3.539
22,2021-08-08 09:10:00,12.669,"blue.ruin.2",1.43542435424354,3.6
22,2021-08-08 09:20:00,12.669,"blue.ruin.2",1.50339285714286,3.816
22,2021-08-08 09:35:00,12.731,"blue.ruin.2",1.53453125,3.693
22,2021-08-08 09:45:00,12.794,"blue.ruin.2",1.50335365853658,3.857
22,2021-08-08 10:00:00,12.857,"blue.ruin.2",1.52616822429907,4.012
22,2021-08-08 10:10:00,12.92,"blue.ruin.2",1.52087378640777,3.78
22,2021-08-08 10:20:00,12.982,"blue.ruin.2",1.46086261980831,4.284
22,2021-08-08 10:35:00,13.045,"blue.ruin.2",1.52047244094488,4.465
22,2021-08-08 10:45:00,13.546,"blue.ruin.2",1.064332247557,4.75854234527687
22,2021-08-08 11:00:00,13.672,"blue.ruin.2",1.05909090909091,4.89590909090909
22,2021-08-08 11:10:00,13.797,"blue.ruin.2",1.00988372093023,4.97472965116279
22,2021-08-08 11:20:00,13.296,"blue.ruin.2",1.42302904564315,4.572
22,2021-08-08 11:35:00,13.296,"blue.ruin.2",1.43324324324324,4.666
22,2021-08-08 11:45:00,13.233,"blue.ruin.2",1.47430875576037,4.803
22,2021-08-08 12:00:00,13.233,"blue.ruin.2",1.50323529411765,4.079
22,2021-08-08 12:10:00,13.296,"blue.ruin.2",1.44259259259259,4.775
22,2021-08-08 12:20:00,13.296,"blue.ruin.2",1.45224719101124,4.71
22,2021-08-08 12:35:00,13.296,"blue.ruin.2",1.48690036900369,4.733
22,2021-08-08 12:45:00,13.358,"blue.ruin.2",1.44827586206897,4.47
22,2021-08-08 13:00:00,13.672,"blue.ruin.2",1.19752851711027,4.95615494296578
22,2021-08-08 13:10:00,13.734,"blue.ruin.2",1.14448669201521,5.1056283269962
22,2021-08-08 13:20:00,13.734,"blue.ruin.2",1.16452830188679,5.12898820754717
22,2021-08-08 13:35:00,13.86,"blue.ruin.2",1.08803680981595,5.09667944785276
22,2021-08-08 13:45:00,13.797,"blue.ruin.2",1.11244680851064,4.9858710106383
22,2021-08-08 14:00:00,13.797,"blue.ruin.2",1.11426829268293,4.98813597560976
22,2021-08-08 14:10:00,14.11,"blue.ruin.2",1.04444444444444,4.89845833333333
22,2021-08-08 14:20:00,14.173,"blue.ruin.2",1.04385245901639,5.24504508196721
22,2021-08-08 14:35:00,14.236,"blue.ruin.2",1.01588021778584,4.78040290381125
22,2021-08-08 14:45:00,14.298,"blue.ruin.2",0.98969696969697,4.72166893939394
22,2021-08-08 15:00:00,14.173,"blue.ruin.2",1.00904255319149,4.68357712765957
22,2021-08-08 15:10:00,14.173,"blue.ruin.2",1.02123115577889,4.55571388190955
22,2021-08-08 15:20:00,14.11,"blue.ruin.2",1.03582089552239,4.55775186567164
22,2021-08-08 15:35:00,14.173,"blue.ruin.2",1.03956752655539,4.54915506449165
22,2021-08-08 15:45:00,14.11,"blue.ruin.2",1.047533632287,4.31857062780269
22,2021-08-08 16:00:00,14.11,"blue.ruin.2",1.04057971014493,4.59627717391304
22,2021-08-08 16:10:00,14.11,"blue.ruin.2",1.04882108183079,4.23799497226075
22,2021-08-08 16:20:00,14.048,"blue.ruin.2",1.0614382785957,4.17482219705549
22,2021-08-08 16:35:00,13.985,"blue.ruin.2",1.06409487459106,4.04634064885496
22,2021-08-08 16:45:00,13.86,"blue.ruin.2",1.06946158160404,4.03549775659002
22,2021-08-08 17:00:00,13.734,"blue.ruin.2",1.07739291380222,3.99622884717081
22,2021-08-08 17:10:00,13.672,"blue.ruin.2",1.07924961715161,4.04468147013783
22,2021-08-08 17:20:00,13.734,"blue.ruin.2",1.07034250129735,3.88952789309808
22,2021-08-08 17:35:00,13.734,"blue.ruin.2",1.06979114868225,3.88631563898558
22,2021-08-08 17:45:00,13.922,"blue.ruin.2",1.05902809765085,3.83052913403961
22,2021-08-08 18:00:00,13.86,"blue.ruin.2",1.05520887055183,3.88429602888087
22,2021-08-08 18:10:00,13.797,"blue.ruin.2",1.0633746898263,3.86188660049628
22,2021-08-08 18:20:00,13.86,"blue.ruin.2",1.04810671256454,3.65702237521515
22,2021-08-08 18:35:00,13.985,"blue.ruin.2",1.01748354059985,3.6737737746891
22,2021-08-08 18:45:00,14.549,"blue.ruin.2",0.955316191799861,3.54743493745657
22,2021-08-08 19:00:00,13.86,"blue.ruin.2",1.01676899462778,3.58072716807368
22,2021-08-08 19:10:00,13.922,"blue.ruin.2",1.02141959798995,3.4696516959799
22,2021-08-08 19:20:00,13.734,"blue.ruin.2",1.0359126984127,3.41191418650794
22,2021-08-08 19:35:00,13.734,"blue.ruin.2",1.02564285714286,3.44528
22,2021-08-08 19:45:00,13.797,"blue.ruin.2",1.01535404624277,3.30200243858381
22,2021-08-08 20:00:00,13.922,"blue.ruin.2",0.971312949640288,3.27195436151079
22,2021-08-08 20:10:00,13.797,"blue.ruin.2",0.987367957746479,3.31515030809859
22,2021-08-08 20:20:00,13.734,"blue.ruin.2",1.00856481481481,3.23724768518519
22,2021-08-08 20:35:00,13.734,"blue.ruin.2",1.00888059701493,3.18142350746269
22,2021-08-08 20:45:00,13.797,"blue.ruin.2",0.990375,3.0652703125
22,2021-08-08 21:00:00,13.734,"blue.ruin.2",0.986141304347826,2.96373641304348
22,2021-08-08 21:10:00,13.672,"blue.ruin.2",0.975377643504532,2.9321329305136
22,2021-08-08 21:20:00,13.609,"blue.ruin.2",0.952134540750323,2.89957842820181
22,2021-08-08 21:35:00,13.609,"blue.ruin.2",0.93706192582511,2.93046088651056
22,2021-08-08 21:45:00,13.546,"blue.ruin.2",0.923225806451613,2.98841642228739
22,2021-08-08 22:00:00,13.546,"blue.ruin.2",0.925781386415226,2.86755655031192
22,2021-08-08 22:10:00,13.546,"blue.ruin.2",0.932079607224268,2.8502776847911
22,2021-08-08 22:20:00,13.546,"blue.ruin.2",0.939896650035638,2.81094148901704
22,2021-08-08 22:35:00,13.546,"blue.ruin.2",0.93851017042331,2.71731170973062
22,2021-08-08 22:45:00,13.609,"blue.ruin.2",0.930528394133133,2.82106738691921
22,2021-08-08 23:00:00,13.546,"blue.ruin.2",0.952521008403362,2.79873949579832
22,2021-08-08 23:10:00,13.546,"blue.ruin.2",0.952521008403362,2.68914915966387
22,2021-08-08 23:20:00,13.546,"blue.ruin.2",0.941633161018572,2.72243398952187
22,2021-08-08 23:35:00,13.484,"blue.ruin.2",0.938271604938272,2.73085297418631
22,2021-08-08 23:45:00,13.484,"blue.ruin.2",0.93805266260562,2.68521338359028
22,2021-08-09,13.484,"blue.ruin.2",0.916287367405979,2.69429069869378
22,2021-08-09 00:10:00,13.421,"blue.ruin.2",0.920324020178502,2.72320122058772
22,2021-08-09 00:20:00,13.421,"blue.ruin.2",0.916304134822653,2.71922968663709
22,2021-08-09 00:35:00,13.421,"blue.ruin.2",0.915499598715891,2.72586440245148
22,2021-08-09 00:45:00,13.421,"blue.ruin.2",0.914993892508143,2.70246020876518
22,2021-08-09 01:00:00,13.421,"blue.ruin.2",0.906986273304651,2.80669497681176
22,2021-08-09 01:10:00,13.421,"blue.ruin.2",0.909329073482428,2.79828115015974
22,2021-08-09 01:20:00,13.421,"blue.ruin.2",0.912643927873126,2.73701064523137
22,2021-08-09 01:35:00,13.484,"blue.ruin.2",0.906390639063906,2.72550282300957
22,2021-08-09 01:45:00,13.484,"blue.ruin.2",0.918457459073092,2.63147001488251
22,2021-08-09 02:00:00,13.484,"blue.ruin.2",0.918104453252506,2.57927870450836
22,2021-08-09 02:10:00,13.484,"blue.ruin.2",0.891538461538462,2.63574825174825
22,2021-08-09 02:20:00,13.484,"blue.ruin.2",0.87440434883183,2.60175320169074
22,2021-08-09 02:35:00,13.484,"blue.ruin.2",0.860971932266295,2.57352523143755
22,2021-08-09 02:45:00,13.484,"blue.ruin.2",0.855975723622783,2.58974280621339
22,2021-08-09 03:00:00,13.484,"blue.ruin.2",0.842368913857678,2.53043071161049
22,2021-08-09 03:10:00,13.421,"blue.ruin.2",0.850178699070765,2.53729547079082
22,2021-08-09 03:20:00,13.421,"blue.ruin.2",0.843360560093349,2.55448880874085
22,2021-08-09 03:35:00,13.421,"blue.ruin.2",0.836947743467934,2.57233297343986
22,2021-08-09 03:45:00,13.421,"blue.ruin.2",0.84031445031205,2.559971413608
22,2021-08-09 04:00:00,13.358,"blue.ruin.2",0.853569694026226,2.55227294803303
22,2021-08-09 04:10:00,13.358,"blue.ruin.2",0.856108765830643,2.55365690678827
22,2021-08-09 04:20:00,13.296,"blue.ruin.2",0.861649765025971,2.54803183954309
22,2021-08-09 04:35:00,13.296,"blue.ruin.2",0.852636117270264,2.58354050482654
22,2021-08-09 04:45:00,13.296,"blue.ruin.2",0.843089832181639,2.55526967602979
22,2021-08-09 05:00:00,13.358,"blue.ruin.2",0.818916913946587,2.53574993256002
22,2021-08-09 05:10:00,13.233,"blue.ruin.2",0.842223891810668,2.54567652482754
22,2021-08-09 05:20:00,13.233,"blue.ruin.2",0.840912547528517,2.56380089872105
22,2021-08-09 05:35:00,13.296,"blue.ruin.2",0.812547098718915,2.56749400561759
22,2021-08-09 05:45:00,13.296,"blue.ruin.2",0.809186824498199,2.56816263510036
22,2021-08-09 06:00:00,13.233,"blue.ruin.2",0.830935347111817,2.59381293057764
22,2021-08-09 06:10:00,13.233,"blue.ruin.2",0.82943386101422,2.56972900456131
22,2021-08-09 06:20:00,13.17,"blue.ruin.2",0.844128839358521,2.56347451135437
22,2021-08-09 06:35:00,12.857,"blue.ruin.2",0.924787961696307,2.54779281183932
22,2021-08-09 06:45:00,12.982,"blue.ruin.2",0.887048192771084,2.57259036144578
22,2021-08-09 07:00:00,12.794,"blue.ruin.2",0.930855119825708,2.63208853238265
22,2021-08-09 07:10:00,12.731,"blue.ruin.2",0.953590425531915,2.67030518617021
22,2021-08-09 07:20:00,12.794,"blue.ruin.2",0.935765815760266,2.73310564019776
22,2021-08-09 07:35:00,12.669,"blue.ruin.2",0.973111782477341,2.81167560422961
22,2021-08-09 07:45:00,12.731,"blue.ruin.2",0.953590425531915,2.89987433510638
22,2021-08-09 08:00:00,12.731,"blue.ruin.2",0.961725067385445,3.01750842318059
22,2021-08-09 08:10:00,12.857,"blue.ruin.2",0.942557471264368,3.06972936259143
22,2021-08-09 08:20:00,12.794,"blue.ruin.2",0.973404255319149,3.24940957446809
22,2021-08-09 08:35:00,12.794,"blue.ruin.2",0.952857142857143,3.31906428571429
22,2021-08-09 08:45:00,12.92,"blue.ruin.2",0.937647058823529,3.49618181818182
22,2021-08-09 09:00:00,12.857,"blue.ruin.2",0.970283018867925,3.59066981132075
22,2021-08-09 09:10:00,12.857,"blue.ruin.2",0.968859649122807,3.63118311403509
22,2021-08-09 09:20:00,12.92,"blue.ruin.2",0.988461538461538,3.65673076923077
22,2021-08-09 09:35:00,12.92,"blue.ruin.2",1.00172413793103,3.89681034482759
22,2021-08-09 09:45:00,12.857,"blue.ruin.2",1.03529411764706,3.92347058823529
22,2021-08-09 10:00:00,12.982,"blue.ruin.2",1.04847328244275,4.09214694656489
22,2021-08-09 10:10:00,12.857,"blue.ruin.2",1.12985781990522,4.23
22,2021-08-09 10:20:00,12.982,"blue.ruin.2",1.0875,4.38634375
22,2021-08-09 10:35:00,13.108,"blue.ruin.2",1.08333333333333,4.549
22,2021-08-09 10:45:00,13.17,"blue.ruin.2",1.08829787234043,4.77
22,2021-08-09 11:00:00,13.296,"blue.ruin.2",1.06824817518248,4.89
22,2021-08-09 11:10:00,13.233,"blue.ruin.2",1.30911764705882,4.85944705882353
22,2021-08-09 11:20:00,13.296,"blue.ruin.2",1.17266288951841,4.79799291784702
22,2021-08-09 11:35:00,13.358,"blue.ruin.2",1.20526992287918,5.21
22,2021-08-09 11:45:00,13.421,"blue.ruin.2",1.1627345844504,5.31
22,2021-08-09 12:00:00,13.484,"blue.ruin.2",1.19,5.4
22,2021-08-09 12:10:00,13.609,"blue.ruin.2",1.10884279475983,5.31
22,2021-08-09 12:20:00,13.609,"blue.ruin.2",1.15751121076233,5.46
22,2021-08-09 12:35:00,13.672,"blue.ruin.2",1.18402489626556,5.54
22,2021-08-09 12:45:00,13.734,"blue.ruin.2",1.10430622009569,5.53
22,2021-08-09 13:00:00,13.734,"blue.ruin.2",1.21204819277108,5.57
22,2021-08-09 13:10:00,13.734,"blue.ruin.2",1.17953488372093,5.78
22,2021-08-09 13:20:00,13.797,"blue.ruin.2",1.13836405529954,5.43
22,2021-08-09 13:35:00,14.173,"blue.ruin.2",1.02364864864865,5.51
22,2021-08-09 13:45:00,14.298,"blue.ruin.2",1.01105121293801,5.23
22,2021-08-09 14:00:00,14.424,"blue.ruin.2",0.99164705882353,5.31
22,2021-08-09 14:10:00,14.361,"blue.ruin.2",1.005,5.04
22,2021-08-09 14:20:00,14.361,"blue.ruin.2",0.995194384449244,5.22
22,2021-08-09 14:35:00,14.173,"blue.ruin.2",1.01701834862385,4.98
22,2021-08-09 14:45:00,14.173,"blue.ruin.2",1.0140310786106,4.87
22,2021-08-09 15:00:00,14.173,"blue.ruin.2",1.02112277867528,4.74
22,2021-08-09 15:10:00,14.236,"blue.ruin.2",1.01746411483254,4.89
22,2021-08-09 15:20:00,14.173,"blue.ruin.2",1.03547548291233,4.39
22,2021-08-09 15:35:00,14.173,"blue.ruin.2",1.04621640735502,4.48
22,2021-08-09 15:45:00,14.173,"blue.ruin.2",1.03947876447876,4.54
22,2021-08-09 16:00:00,13.922,"blue.ruin.2",1.05884773662551,4.42
22,2021-08-09 16:10:00,13.985,"blue.ruin.2",1.05336976320583,4.45
22,2021-08-09 16:20:00,14.11,"blue.ruin.2",1.03845437616387,3.99
22,2021-08-09 16:35:00,14.11,"blue.ruin.2",1.04205143191116,4.59
22,2021-08-09 16:45:00,14.11,"blue.ruin.2",1.0415338097856,4.16
22,2021-08-09 17:00:00,13.922,"blue.ruin.2",1.05245857830037,4.14
22,2021-08-09 17:10:00,13.734,"blue.ruin.2",1.07068337129841,4.21
22,2021-08-09 17:20:00,13.797,"blue.ruin.2",1.06443373493976,3.8
22,2021-08-09 17:35:00,13.734,"blue.ruin.2",1.05952948183443,4.07
22,2021-08-09 17:45:00,13.734,"blue.ruin.2",1.06255605381166,3.76
22,2021-08-09 18:00:00,13.609,"blue.ruin.2",1.07075862068966,3.67
22,2021-08-09 18:10:00,13.797,"blue.ruin.2",1.05155672823219,3.57
22,2021-08-09 18:20:00,13.609,"blue.ruin.2",1.06793158738642,3.7
22,2021-08-09 18:35:00,13.358,"blue.ruin.2",1.07879078694818,3.57
22,2021-08-09 18:45:00,13.546,"blue.ruin.2",1.05456349206349,3.43
22,2021-08-09 19:00:00,13.358,"blue.ruin.2",1.06747787610619,3.61
22,2021-08-09 19:10:00,13.484,"blue.ruin.2",1.0556,3.47
22,2021-08-09 19:20:00,13.484,"blue.ruin.2",1.05269541778976,3.48
22,2021-08-09 19:35:00,13.609,"blue.ruin.2",1.02924311926606,3.34
22,2021-08-09 19:45:00,13.672,"blue.ruin.2",1.02189349112426,3.37
22,2021-08-09 20:00:00,13.672,"blue.ruin.2",1.025,3.24
22,2021-08-09 20:10:00,13.609,"blue.ruin.2",1.02781531531532,3.17
22,2021-08-09 20:20:00,13.797,"blue.ruin.2",0.991198979591837,3.07
22,2021-08-09 20:35:00,13.734,"blue.ruin.2",0.972256097560976,3.15
22,2021-08-09 20:45:00,13.546,"blue.ruin.2",0.995510835913313,3.06
22,2021-08-09 21:00:00,13.672,"blue.ruin.2",0.960839532412327,3.04
22,2021-08-09 21:10:00,13.609,"blue.ruin.2",0.958885017421603,3.03
22,2021-08-09 21:20:00,13.672,"blue.ruin.2",0.941560616208975,2.94086829446508
22,2021-08-09 21:35:00,13.609,"blue.ruin.2",0.932781954887218,2.82132330827068
22,2021-08-09 21:45:00,13.546,"blue.ruin.2",0.931306990881459,2.82189555125725
22,2021-08-09 22:00:00,13.546,"blue.ruin.2",0.929611650485437,2.81817299205649
22,2021-08-09 22:10:00,13.546,"blue.ruin.2",0.933850174216028,2.74495882166614
22,2021-08-09 22:20:00,13.546,"blue.ruin.2",0.938528025144055,2.74169246154579
22,2021-08-09 22:35:00,13.546,"blue.ruin.2",0.93683932346723,2.66761772054584
22,2021-08-09 22:45:00,13.546,"blue.ruin.2",0.93219537815126,2.67262509549274
22,2021-08-09 23:00:00,13.484,"blue.ruin.2",0.931863979848866,2.70088848179528
22,2021-08-09 23:10:00,13.484,"blue.ruin.2",0.928221814848763,2.66147571035747
22,2021-08-09 23:20:00,13.609,"blue.ruin.2",0.913609802073515,2.66476531573987
22,2021-08-09 23:35:00,13.484,"blue.ruin.2",0.923001776198934,2.6539399321815
22,2021-08-09 23:45:00,13.421,"blue.ruin.2",0.927871862885125,2.63121236853332
22,2021-08-10,13.421,"blue.ruin.2",0.925663075010361,2.58681592133519
