"ibutton","date.time","ibutton.temp","site","fish.depth","dissolved.oxygen"
2,2021-07-26 00:05:00,12.688,"norwood.mouth",1.55,3.647
2,2021-07-26 00:20:00,12.938,"norwood.mouth",1.55,3.444
2,2021-07-26 00:30:00,13.25,"norwood.mouth",1.46025641025641,3.265
2,2021-07-26 00:45:00,12.75,"norwood.mouth",1.55,3.034
2,2021-07-26 00:55:00,13.125,"norwood.mouth",1.47842639593909,2.875
2,2021-07-26 01:05:00,13.812,"norwood.mouth",1.214875,2.82167375
2,2021-07-26 01:20:00,12.938,"norwood.mouth",1.55,2.562
2,2021-07-26 01:30:00,13.938,"norwood.mouth",1.14868189806678,2.75733567662566
2,2021-07-26 01:45:00,13.875,"norwood.mouth",1.16002570694087,2.63860154241645
2,2021-07-26 01:55:00,13.75,"norwood.mouth",1.17919282511211,2.47318811659193
2,2021-07-26 02:05:00,14.5,"norwood.mouth",0.956211180124224,2.53834782608696
2,2021-07-26 02:20:00,13.312,"norwood.mouth",1.33287671232877,2.09589383561644
2,2021-07-26 02:30:00,14.875,"norwood.mouth",0.897429679922406,2.48914742967992
2,2021-07-26 02:45:00,13.875,"norwood.mouth",1.0807484220018,2.30210414788097
2,2021-07-26 02:55:00,14,"norwood.mouth",1.02008928571429,2.44660491071429
2,2021-07-26 03:05:00,13.812,"norwood.mouth",1.08924930491196,2.29614874884152
2,2021-07-26 03:20:00,13.875,"norwood.mouth",1.0764730999146,2.26268659265585
2,2021-07-26 03:30:00,14,"norwood.mouth",0.992572658772874,1.95740742734123
2,2021-07-26 03:45:00,14.438,"norwood.mouth",0.912914285714286,2.18049285714286
2,2021-07-26 03:55:00,14.125,"norwood.mouth",0.966262975778547,1.90341176470588
2,2021-07-26 04:05:00,14.125,"norwood.mouth",0.965909090909091,2.04839772727273
2,2021-07-26 04:20:00,13.938,"norwood.mouth",0.982372881355932,1.99441186440678
2,2021-07-26 04:30:00,14.125,"norwood.mouth",0.940853658536585,2.17367479674797
2,2021-07-26 04:45:00,13.875,"norwood.mouth",0.996595460614152,2.08558210947931
2,2021-07-26 04:55:00,14.125,"norwood.mouth",0.95424791086351,2.19111420612813
2,2021-07-26 05:05:00,14.562,"norwood.mouth",0.858469259723965,2.24802132998745
2,2021-07-26 05:20:00,13.812,"norwood.mouth",1.0260761589404,2.01801200331126
2,2021-07-26 05:30:00,14.188,"norwood.mouth",0.925870069605568,2.31785498839907
2,2021-07-26 05:45:00,14.25,"norwood.mouth",0.902928870292887,2.22779079497908
2,2021-07-26 05:55:00,13.75,"norwood.mouth",1.0048473967684,1.92330565529623
2,2021-07-26 06:05:00,13.75,"norwood.mouth",0.982402234636872,1.78508100558659
2,2021-07-26 06:20:00,13.688,"norwood.mouth",0.984513274336283,1.7343982300885
2,2021-07-26 06:30:00,13.688,"norwood.mouth",0.994453781512605,1.87753613445378
2,2021-07-26 06:45:00,13.5,"norwood.mouth",1.03986804901037,1.77017507068803
2,2021-07-26 06:55:00,13.562,"norwood.mouth",0.991880920162382,1.76489073071719
2,2021-07-26 07:05:00,13.562,"norwood.mouth",1.00333024976873,1.78130550416281
2,2021-07-26 07:20:00,13.5,"norwood.mouth",1.01001011122346,1.75431547017189
2,2021-07-26 07:30:00,13.75,"norwood.mouth",0.931435643564357,2.05817863036304
2,2021-07-26 07:45:00,13.75,"norwood.mouth",0.924676258992806,1.74908848920863
2,2021-07-26 07:55:00,13.75,"norwood.mouth",0.931435643564357,1.90173102310231
2,2021-07-26 08:05:00,13.438,"norwood.mouth",0.996505376344086,1.71313754480287
2,2021-07-26 08:20:00,13.562,"norwood.mouth",0.962636363636364,1.97755045454545
2,2021-07-26 08:30:00,13.25,"norwood.mouth",1.06734390485629,1.75744945490585
2,2021-07-26 08:45:00,13.312,"norwood.mouth",1.02916251246261,2.01812711864407
2,2021-07-26 08:55:00,13.188,"norwood.mouth",1.08404150197628,1.9720662055336
2,2021-07-26 09:05:00,13.375,"norwood.mouth",0.97883064516129,2.22748689516129
2,2021-07-26 09:20:00,13.375,"norwood.mouth",1.01100658513641,2.60444355597366
2,2021-07-26 09:30:00,13.312,"norwood.mouth",1.05094679891794,2.60121047490231
2,2021-07-26 09:45:00,13.062,"norwood.mouth",1.19196822594881,2.32104390997352
2,2021-07-26 09:55:00,12.688,"norwood.mouth",1.34731385485391,1.8373685202639
2,2021-07-26 10:05:00,12.375,"norwood.mouth",1.47466666666667,1.449
2,2021-07-26 10:20:00,12.375,"norwood.mouth",1.47710843373494,1.498
2,2021-07-26 10:30:00,12.812,"norwood.mouth",1.29801623083859,2.16313548241659
2,2021-07-26 10:45:00,12.438,"norwood.mouth",1.435960591133,1.77017118226601
2,2021-07-26 10:55:00,12.312,"norwood.mouth",1.55,1.739
2,2021-07-26 11:05:00,12.625,"norwood.mouth",1.35914211438475,2.39616139514732
2,2021-07-26 11:20:00,12.062,"norwood.mouth",1.55,2.039
2,2021-07-26 11:30:00,12.562,"norwood.mouth",1.46195335276968,2.211
2,2021-07-26 11:45:00,13.062,"norwood.mouth",1.47874306839187,2.489
2,2021-07-26 11:55:00,13.062,"norwood.mouth",1.49182156133829,2.777
2,2021-07-26 12:05:00,12.5,"norwood.mouth",1.55,2.982
2,2021-07-26 12:20:00,12.938,"norwood.mouth",1.47850971922246,3.256
2,2021-07-26 12:30:00,12.375,"norwood.mouth",1.55,3.475
2,2021-07-26 12:45:00,12.562,"norwood.mouth",1.55,3.782
2,2021-07-26 12:55:00,12.625,"norwood.mouth",1.55,3.983
2,2021-07-26 13:05:00,12.5,"norwood.mouth",1.55,4.087
2,2021-07-26 13:20:00,12.438,"norwood.mouth",1.55,4.245
2,2021-07-26 13:30:00,12.625,"norwood.mouth",1.55,4.367
2,2021-07-26 13:45:00,12.688,"norwood.mouth",1.55,4.567
2,2021-07-26 13:55:00,13.25,"norwood.mouth",1.47471098265896,4.827
2,2021-07-26 14:05:00,12.875,"norwood.mouth",1.55,5.012
2,2021-07-26 14:20:00,12.875,"norwood.mouth",1.55,5.309
2,2021-07-26 14:30:00,13.25,"norwood.mouth",1.45971659919028,5.475
2,2021-07-26 14:45:00,12.375,"norwood.mouth",1.55,5.748
2,2021-07-26 14:55:00,12.438,"norwood.mouth",1.55,5.916
2,2021-07-26 15:05:00,13.125,"norwood.mouth",1.55,5.981
2,2021-07-26 15:20:00,12.75,"norwood.mouth",1.55,6.181
2,2021-07-26 15:30:00,13,"norwood.mouth",1.55,6.409
2,2021-07-26 15:45:00,12.938,"norwood.mouth",1.55,6.628
2,2021-07-26 15:55:00,13.5,"norwood.mouth",1.55,6.725
2,2021-07-26 16:05:00,13.188,"norwood.mouth",1.55,6.937
2,2021-07-26 16:20:00,13.375,"norwood.mouth",1.55,7.121
2,2021-07-26 16:30:00,13.312,"norwood.mouth",1.55,7.106
2,2021-07-26 16:45:00,13.5,"norwood.mouth",1.55,7.29
2,2021-07-26 16:55:00,13,"norwood.mouth",1.55,7.421
2,2021-07-26 17:05:00,12.938,"norwood.mouth",1.55,7.563
2,2021-07-26 17:20:00,13,"norwood.mouth",1.55,7.588
2,2021-07-26 17:30:00,13,"norwood.mouth",1.55,7.633
2,2021-07-26 17:45:00,13.062,"norwood.mouth",1.55,7.87
2,2021-07-26 17:55:00,13.125,"norwood.mouth",1.55,8
2,2021-07-26 18:05:00,13,"norwood.mouth",1.55,8.011
2,2021-07-26 18:20:00,13.25,"norwood.mouth",1.55,8.113
2,2021-07-26 18:30:00,12.812,"norwood.mouth",1.55,8.103
2,2021-07-26 18:45:00,13.375,"norwood.mouth",1.55,8.189
2,2021-07-26 18:55:00,13.25,"norwood.mouth",1.55,8.24
2,2021-07-26 19:05:00,13.438,"norwood.mouth",1.55,8.448
2,2021-07-26 19:20:00,13,"norwood.mouth",1.55,8.444
2,2021-07-26 19:30:00,13.25,"norwood.mouth",1.55,8.344
2,2021-07-26 19:45:00,13.062,"norwood.mouth",1.55,8.213
2,2021-07-26 19:55:00,13.375,"norwood.mouth",1.55,8.186
2,2021-07-26 20:05:00,13.188,"norwood.mouth",1.55,8.178
2,2021-07-26 20:20:00,13.688,"norwood.mouth",1.48214285714286,8.009
2,2021-07-26 20:30:00,13.438,"norwood.mouth",1.55,7.916
2,2021-07-26 20:45:00,13.875,"norwood.mouth",1.41461377870564,7.76843267223382
2,2021-07-26 20:55:00,12.938,"norwood.mouth",1.55,7.622
2,2021-07-26 21:05:00,13,"norwood.mouth",1.55,7.45
2,2021-07-26 21:20:00,14.375,"norwood.mouth",1.21498113207547,7.16885735849057
2,2021-07-26 21:30:00,14.25,"norwood.mouth",1.25582627118644,6.9839968220339
2,2021-07-26 21:45:00,15.25,"norwood.mouth",0.952924791086351,6.68594777158774
2,2021-07-26 21:55:00,14.625,"norwood.mouth",1.09559585492228,6.58332124352332
2,2021-07-26 22:05:00,13.25,"norwood.mouth",1.55,6.684
2,2021-07-26 22:20:00,12.812,"norwood.mouth",1.55,6.44
2,2021-07-26 22:30:00,13.125,"norwood.mouth",1.55,6.256
2,2021-07-26 22:45:00,12.875,"norwood.mouth",1.55,6.009
2,2021-07-26 22:55:00,13.062,"norwood.mouth",1.55,5.783
2,2021-07-26 23:05:00,14.312,"norwood.mouth",1.14817490494297,5.14912623574144
2,2021-07-26 23:20:00,12.625,"norwood.mouth",1.55,4.949
2,2021-07-26 23:30:00,12.875,"norwood.mouth",1.55,4.697
2,2021-07-26 23:45:00,13,"norwood.mouth",1.55,4.488
2,2021-07-26 23:55:00,14.75,"norwood.mouth",0.974943946188341,3.89303755605381
2,2021-07-27 00:05:00,12.75,"norwood.mouth",1.55,4.116
2,2021-07-27 00:20:00,13.312,"norwood.mouth",1.42822580645161,3.87452419354839
2,2021-07-27 00:30:00,12.688,"norwood.mouth",1.55,3.697
2,2021-07-27 00:45:00,12.688,"norwood.mouth",1.55,3.559
2,2021-07-27 00:55:00,12.5,"norwood.mouth",1.55,3.397
2,2021-07-27 01:05:00,12.5,"norwood.mouth",1.55,3.264
2,2021-07-27 01:20:00,12.688,"norwood.mouth",1.55,3.025
2,2021-07-27 01:30:00,13.375,"norwood.mouth",1.3375,2.9338125
2,2021-07-27 01:45:00,12.5,"norwood.mouth",1.55,2.656
2,2021-07-27 01:55:00,12.75,"norwood.mouth",1.55,2.523
2,2021-07-27 02:05:00,12.5,"norwood.mouth",1.55,2.41
2,2021-07-27 02:20:00,12.188,"norwood.mouth",1.55,2.263
2,2021-07-27 02:30:00,12.562,"norwood.mouth",1.55,2.2
2,2021-07-27 02:45:00,12.562,"norwood.mouth",1.55,2.049
2,2021-07-27 02:55:00,12.938,"norwood.mouth",1.43626852659111,1.95945488230166
2,2021-07-27 03:05:00,12.938,"norwood.mouth",1.45261627906977,1.879
2,2021-07-27 03:20:00,12.812,"norwood.mouth",1.48732876712329,1.738
2,2021-07-27 03:30:00,13.125,"norwood.mouth",1.34350828729282,1.82724447513812
2,2021-07-27 03:45:00,13.188,"norwood.mouth",1.29861367837338,1.72480499075786
2,2021-07-27 03:55:00,12.875,"norwood.mouth",1.41731132075472,1.54570448113208
2,2021-07-27 04:05:00,13.125,"norwood.mouth",1.31534234995773,1.63113736263736
2,2021-07-27 04:20:00,13.125,"norwood.mouth",1.29772545889864,1.62131364724661
2,2021-07-27 04:30:00,13,"norwood.mouth",1.33389679715303,1.49134697508897
2,2021-07-27 04:45:00,13.25,"norwood.mouth",1.22360248447205,1.55801242236025
2,2021-07-27 04:55:00,13.25,"norwood.mouth",1.22183098591549,1.5597323943662
2,2021-07-27 05:05:00,13.062,"norwood.mouth",1.29384741591468,1.45125143560295
2,2021-07-27 05:20:00,13.312,"norwood.mouth",1.17443130118289,1.58383803457689
2,2021-07-27 05:30:00,13.75,"norwood.mouth",0.986322188449848,1.93793996960486
2,2021-07-27 05:45:00,14.188,"norwood.mouth",0.908962868117797,1.92605249679898
2,2021-07-27 05:55:00,18.062,"norwood.mouth",0.529616548940464,4.92024470232089
2,2021-07-27 06:05:00,17.875,"norwood.mouth",0.534142338918639,4.834321989981
2,2021-07-27 06:20:00,17.25,"norwood.mouth",0.586004108885465,4.28044221879815
2,2021-07-27 06:30:00,17.688,"norwood.mouth",0.54077349982657,4.7671838940918
2,2021-07-27 06:45:00,14.812,"norwood.mouth",0.793615257048093,2.63120729684909
2,2021-07-27 06:55:00,15.125,"norwood.mouth",0.776303230543319,2.67436138644151
2,2021-07-27 07:05:00,15.375,"norwood.mouth",0.735696040868455,3.0481711366539
2,2021-07-27 07:20:00,14.688,"norwood.mouth",0.799462933615073,2.36306990667371
2,2021-07-27 07:30:00,14.438,"norwood.mouth",0.81261112079484,2.32184416942653
2,2021-07-27 07:45:00,14.375,"norwood.mouth",0.823895926052722,2.08181664384343
2,2021-07-27 07:55:00,14.562,"norwood.mouth",0.806029716655149,2.26066574521999
2,2021-07-27 08:05:00,14,"norwood.mouth",0.857641509433962,1.96075424528302
2,2021-07-27 08:20:00,13.875,"norwood.mouth",0.8875,1.98875
2,2021-07-27 08:30:00,13.812,"norwood.mouth",0.889103869653768,2.06993279022403
2,2021-07-27 08:45:00,13.812,"norwood.mouth",0.887281553398058,2.24369514563107
2,2021-07-27 08:55:00,13.875,"norwood.mouth",0.875413223140496,2.4955382231405
2,2021-07-27 09:05:00,13.75,"norwood.mouth",0.909279475982533,2.53712991266376
2,2021-07-27 09:20:00,13.625,"norwood.mouth",0.962224938875306,2.6488826405868
2,2021-07-27 09:30:00,13.312,"norwood.mouth",1.03289473684211,2.64254385964912
2,2021-07-27 09:45:00,13.188,"norwood.mouth",1.16140667267809,2.57907461677187
2,2021-07-27 09:55:00,13.312,"norwood.mouth",1.09467989179441,2.94397813345356
2,2021-07-27 10:05:00,13.125,"norwood.mouth",1.15182186234818,2.83900708502024
2,2021-07-27 10:20:00,12.5,"norwood.mouth",1.45701581027668,2.107
2,2021-07-27 10:30:00,12.562,"norwood.mouth",1.42638339920949,2.18362104743083
2,2021-07-27 10:45:00,12.5,"norwood.mouth",1.46077547339946,2.288
2,2021-07-27 10:55:00,12.312,"norwood.mouth",1.55,2.346
2,2021-07-27 11:05:00,12.5,"norwood.mouth",1.46240276577355,2.539
2,2021-07-27 11:20:00,12,"norwood.mouth",1.55,2.745
2,2021-07-27 11:30:00,12.25,"norwood.mouth",1.55,2.863
2,2021-07-27 11:45:00,12.375,"norwood.mouth",1.55,3.078
2,2021-07-27 11:55:00,12.062,"norwood.mouth",1.55,3.276
2,2021-07-27 12:05:00,13.562,"norwood.mouth",1.20116054158607,4.17774645390071
2,2021-07-27 12:20:00,13.062,"norwood.mouth",1.49516441005803,3.834
2,2021-07-27 12:30:00,13.938,"norwood.mouth",1.00722673893406,5.30928688647998
2,2021-07-27 12:45:00,13.375,"norwood.mouth",1.235368956743,4.75339779474131
2,2021-07-27 12:55:00,14,"norwood.mouth",0.990212765957447,5.67553475177305
2,2021-07-27 13:05:00,13.25,"norwood.mouth",1.31690821256039,4.81268599033816
2,2021-07-27 13:20:00,13.688,"norwood.mouth",1.27341532639546,5.04675473036897
2,2021-07-27 13:30:00,13.125,"norwood.mouth",1.49189189189189,4.948
2,2021-07-27 13:45:00,13.25,"norwood.mouth",1.41769911504425,5.29610103244838
2,2021-07-27 13:55:00,13.062,"norwood.mouth",1.49177215189873,5.458
2,2021-07-27 14:05:00,13.062,"norwood.mouth",1.49026548672566,5.565
2,2021-07-27 14:20:00,13.75,"norwood.mouth",1.26350308641975,6.00988297325103
2,2021-07-27 14:30:00,13.625,"norwood.mouth",1.29878577623591,6.29893625325239
2,2021-07-27 14:45:00,13.562,"norwood.mouth",1.35840395480226,6.19851741996233
2,2021-07-27 14:55:00,15.812,"norwood.mouth",0.807881541836415,7.28435192729552
2,2021-07-27 15:05:00,14.25,"norwood.mouth",1.15266393442623,6.88311612021858
2,2021-07-27 15:20:00,13.938,"norwood.mouth",1.271875,6.93803125
2,2021-07-27 15:30:00,13.875,"norwood.mouth",1.29525862068966,7.09014870689655
2,2021-07-27 15:45:00,14.062,"norwood.mouth",1.24530924252953,7.28819817002548
2,2021-07-27 15:55:00,13.812,"norwood.mouth",1.28551952837141,7.30266985998526
2,2021-07-27 16:05:00,13.875,"norwood.mouth",1.29163868368032,7.27597918065816
2,2021-07-27 16:20:00,13.75,"norwood.mouth",1.35174418604651,7.36759011627907
2,2021-07-27 16:30:00,13.5,"norwood.mouth",1.42088948787062,7.41187331536388
2,2021-07-27 16:45:00,13.125,"norwood.mouth",1.55,7.7
2,2021-07-27 16:55:00,13.5,"norwood.mouth",1.4549356223176,7.812
2,2021-07-27 17:05:00,13.5,"norwood.mouth",1.45751445086705,7.855
2,2021-07-27 17:20:00,13.625,"norwood.mouth",1.44059798270893,7.94901152737752
2,2021-07-27 17:30:00,13.688,"norwood.mouth",1.41479374110953,8.10048826458037
2,2021-07-27 17:45:00,13.438,"norwood.mouth",1.49195652173913,8.17
2,2021-07-27 17:55:00,13.75,"norwood.mouth",1.39838142153413,8.24997959183673
2,2021-07-27 18:05:00,13.875,"norwood.mouth",1.37242512783053,8.36623447772096
2,2021-07-27 18:20:00,13.25,"norwood.mouth",1.55,8.413
2,2021-07-27 18:30:00,13.25,"norwood.mouth",1.55,8.447
2,2021-07-27 18:45:00,13.25,"norwood.mouth",1.55,8.491
2,2021-07-27 18:55:00,13.312,"norwood.mouth",1.55,8.502
2,2021-07-27 19:05:00,13.625,"norwood.mouth",1.46088888888889,8.471
2,2021-07-27 19:20:00,13.25,"norwood.mouth",1.55,8.498
2,2021-07-27 19:30:00,13.25,"norwood.mouth",1.55,8.575
2,2021-07-27 19:45:00,13.5,"norwood.mouth",1.48598901098901,8.458
2,2021-07-27 19:55:00,13.25,"norwood.mouth",1.55,8.342
2,2021-07-27 20:05:00,13.562,"norwood.mouth",1.46928251121076,8.295
2,2021-07-27 20:20:00,13.188,"norwood.mouth",1.55,8.047
2,2021-07-27 20:30:00,13.312,"norwood.mouth",1.55,7.961
2,2021-07-27 20:45:00,13.188,"norwood.mouth",1.55,7.742
2,2021-07-27 20:55:00,13.5,"norwood.mouth",1.45452127659574,7.59
2,2021-07-27 21:05:00,13.25,"norwood.mouth",1.55,7.486
2,2021-07-27 21:20:00,12.562,"norwood.mouth",1.55,7.255
2,2021-07-27 21:30:00,13.875,"norwood.mouth",1.28710407239819,7.00290950226244
2,2021-07-27 21:45:00,13.562,"norwood.mouth",1.38938618925831,6.91200895140665
2,2021-07-27 21:55:00,13.125,"norwood.mouth",1.55,6.669
2,2021-07-27 22:05:00,12.75,"norwood.mouth",1.55,6.299
2,2021-07-27 22:20:00,13.062,"norwood.mouth",1.55,5.875
2,2021-07-27 22:30:00,12.875,"norwood.mouth",1.55,5.662
2,2021-07-27 22:45:00,13.562,"norwood.mouth",1.32558609539208,5.15878011317704
2,2021-07-27 22:55:00,12.688,"norwood.mouth",1.55,5.146
2,2021-07-27 23:05:00,12.438,"norwood.mouth",1.55,4.958
2,2021-07-27 23:20:00,12.125,"norwood.mouth",1.55,4.731
2,2021-07-27 23:30:00,12.75,"norwood.mouth",1.55,4.599
2,2021-07-27 23:45:00,12.312,"norwood.mouth",1.55,4.301
2,2021-07-27 23:55:00,12.625,"norwood.mouth",1.55,4.048
2,2021-07-28 00:05:00,12.688,"norwood.mouth",1.55,3.823
2,2021-07-28 00:20:00,13,"norwood.mouth",1.44077287066246,3.55197121451104
2,2021-07-28 00:30:00,13.625,"norwood.mouth",1.22053216838761,3.3607208101668
2,2021-07-28 00:45:00,13,"norwood.mouth",1.4411094224924,3.21960676291793
2,2021-07-28 00:55:00,12.875,"norwood.mouth",1.49084967320261,3.093
2,2021-07-28 01:05:00,12.75,"norwood.mouth",1.55,2.982
2,2021-07-28 01:20:00,12.438,"norwood.mouth",1.55,2.786
2,2021-07-28 01:30:00,13.438,"norwood.mouth",1.23230519480519,2.66839772727273
2,2021-07-28 01:45:00,13.188,"norwood.mouth",1.32110927152318,2.54155629139073
2,2021-07-28 01:55:00,12.625,"norwood.mouth",1.55,2.345
2,2021-07-28 02:05:00,13.062,"norwood.mouth",1.34190800681431,2.27306729131175
2,2021-07-28 02:20:00,12.875,"norwood.mouth",1.41282608695652,2.12171195652174
2,2021-07-28 02:30:00,12.875,"norwood.mouth",1.41282608695652,2.01142717391304
2,2021-07-28 02:45:00,12.938,"norwood.mouth",1.37670886075949,1.94309240506329
2,2021-07-28 02:55:00,12.75,"norwood.mouth",1.43170124481328,1.80942717842324
2,2021-07-28 03:05:00,12.812,"norwood.mouth",1.39849157054126,1.78271495119787
2,2021-07-28 03:20:00,12.75,"norwood.mouth",1.43327137546468,1.64788289962825
2,2021-07-28 03:30:00,12.812,"norwood.mouth",1.40396313364055,1.61734124423963
2,2021-07-28 03:45:00,13.625,"norwood.mouth",1.06515287769784,1.83752900179856
2,2021-07-28 03:55:00,12.938,"norwood.mouth",1.34300699300699,1.58637062937063
2,2021-07-28 04:05:00,13.062,"norwood.mouth",1.28049866429207,1.6443321460374
2,2021-07-28 04:20:00,13.125,"norwood.mouth",1.25532188841202,1.67940515021459
2,2021-07-28 04:30:00,13,"norwood.mouth",1.28295788442703,1.6102847698335
2,2021-07-28 04:45:00,12.875,"norwood.mouth",1.33470744680851,1.42762167553191
2,2021-07-28 04:55:00,12.938,"norwood.mouth",1.30082644628099,1.45358333333333
2,2021-07-28 05:05:00,12.812,"norwood.mouth",1.34234647112741,1.39252039413382
2,2021-07-28 05:20:00,13.5,"norwood.mouth",1.06859504132231,1.80148140495868
2,2021-07-28 05:30:00,12.75,"norwood.mouth",1.3800539083558,1.26693733153639
2,2021-07-28 05:45:00,13.188,"norwood.mouth",1.16434034416826,1.49249904397706
2,2021-07-28 05:55:00,13.312,"norwood.mouth",1.0996215704825,1.56961754966887
2,2021-07-28 06:05:00,13.375,"norwood.mouth",1.06628256513026,1.62694839679359
2,2021-07-28 06:20:00,13.25,"norwood.mouth",1.10474947807933,1.51308272442589
2,2021-07-28 06:30:00,13.25,"norwood.mouth",1.09925816023739,1.48748961424332
2,2021-07-28 06:45:00,13.125,"norwood.mouth",1.13650151668352,1.51494009100101
2,2021-07-28 06:55:00,13.188,"norwood.mouth",1.11594274432379,1.52453998025666
2,2021-07-28 07:05:00,12.938,"norwood.mouth",1.22764705882353,1.35056470588235
2,2021-07-28 07:20:00,12.875,"norwood.mouth",1.23251473477407,1.41614047151277
2,2021-07-28 07:30:00,12.75,"norwood.mouth",1.29985700667302,1.29292516682555
2,2021-07-28 07:45:00,12.812,"norwood.mouth",1.27721342031687,1.31865703634669
2,2021-07-28 07:55:00,13.188,"norwood.mouth",1.08479561316052,1.54003040877368
2,2021-07-28 08:05:00,13.062,"norwood.mouth",1.14390862944162,1.50335532994924
2,2021-07-28 08:20:00,13,"norwood.mouth",1.16206163655685,1.53760131066242
2,2021-07-28 08:30:00,13,"norwood.mouth",1.17046632124352,1.60410924006908
2,2021-07-28 08:45:00,12.812,"norwood.mouth",1.24361256544503,1.59101361256544
2,2021-07-28 08:55:00,12.938,"norwood.mouth",1.16367974549311,1.77786320254507
2,2021-07-28 09:05:00,12.875,"norwood.mouth",1.20585106382979,1.78339095744681
2,2021-07-28 09:20:00,12.812,"norwood.mouth",1.22005494505495,1.86843543956044
2,2021-07-28 09:30:00,13,"norwood.mouth",1.14326722338205,2.19435568893528
2,2021-07-28 09:45:00,12.875,"norwood.mouth",1.23959341723136,2.07366577928364
2,2021-07-28 09:55:00,13,"norwood.mouth",1.15932798395186,2.42065897693079
2,2021-07-28 10:05:00,12.375,"norwood.mouth",1.47710843373494,1.652
2,2021-07-28 10:20:00,12.625,"norwood.mouth",1.37446808510638,1.99678191489362
2,2021-07-28 10:30:00,12.812,"norwood.mouth",1.27119205298013,2.35664900662252
2,2021-07-28 10:45:00,12.562,"norwood.mouth",1.35472764645427,2.1711372045221
2,2021-07-28 10:55:00,12.438,"norwood.mouth",1.41548175865295,2.07937511693171
2,2021-07-28 11:05:00,12.25,"norwood.mouth",1.55,2.081
2,2021-07-28 11:20:00,12.375,"norwood.mouth",1.55,2.273
2,2021-07-28 11:30:00,12.188,"norwood.mouth",1.55,2.331
2,2021-07-28 11:45:00,12.438,"norwood.mouth",1.55,2.545
2,2021-07-28 11:55:00,12.125,"norwood.mouth",1.55,2.845
2,2021-07-28 12:05:00,12.875,"norwood.mouth",1.49287974683544,3.098
2,2021-07-28 12:20:00,12.375,"norwood.mouth",1.55,3.398
2,2021-07-28 12:30:00,12.5,"norwood.mouth",1.55,3.497
2,2021-07-28 12:45:00,12.688,"norwood.mouth",1.55,3.822
2,2021-07-28 12:55:00,12.625,"norwood.mouth",1.55,3.97
2,2021-07-28 13:05:00,12.688,"norwood.mouth",1.55,4.008
2,2021-07-28 13:20:00,11.938,"norwood.mouth",1.55,4.294
2,2021-07-28 13:30:00,12.188,"norwood.mouth",1.55,4.51
2,2021-07-28 13:45:00,12.5,"norwood.mouth",1.55,4.785
2,2021-07-28 13:55:00,12.438,"norwood.mouth",1.55,4.869
2,2021-07-28 14:05:00,12.5,"norwood.mouth",1.55,5.094
2,2021-07-28 14:20:00,12.375,"norwood.mouth",1.55,5.227
2,2021-07-28 14:30:00,12.5,"norwood.mouth",1.55,5.278
2,2021-07-28 14:45:00,12.688,"norwood.mouth",1.55,5.625
2,2021-07-28 14:55:00,12.938,"norwood.mouth",1.55,5.767
2,2021-07-28 15:05:00,13.312,"norwood.mouth",1.41336047372317,5.96538675055514
2,2021-07-28 15:20:00,13,"norwood.mouth",1.55,6.162
2,2021-07-28 15:30:00,13,"norwood.mouth",1.55,6.404
2,2021-07-28 15:45:00,13,"norwood.mouth",1.55,6.705
2,2021-07-28 15:55:00,13,"norwood.mouth",1.55,6.886
2,2021-07-28 16:05:00,13.5,"norwood.mouth",1.48197879858657,6.895
2,2021-07-28 16:20:00,13.5,"norwood.mouth",1.45481927710843,7.05
2,2021-07-28 16:30:00,13.812,"norwood.mouth",1.37215568862275,7.32226946107784
2,2021-07-28 16:45:00,14.125,"norwood.mouth",1.26775362318841,7.5750229468599
2,2021-07-28 16:55:00,13.875,"norwood.mouth",1.36247216035635,7.52470378619154
2,2021-07-28 17:05:00,13.438,"norwood.mouth",1.55,7.453
2,2021-07-28 17:20:00,13.375,"norwood.mouth",1.55,7.546
2,2021-07-28 17:30:00,13.25,"norwood.mouth",1.55,7.662
2,2021-07-28 17:45:00,12.812,"norwood.mouth",1.55,7.668
2,2021-07-28 17:55:00,12.812,"norwood.mouth",1.55,7.673
2,2021-07-28 18:05:00,12.938,"norwood.mouth",1.55,7.75
2,2021-07-28 18:20:00,13.25,"norwood.mouth",1.55,7.997
2,2021-07-28 18:30:00,13.188,"norwood.mouth",1.55,8.082
2,2021-07-28 18:45:00,12.875,"norwood.mouth",1.55,8.133
2,2021-07-28 18:55:00,12.875,"norwood.mouth",1.55,8.139
2,2021-07-28 19:05:00,12.812,"norwood.mouth",1.55,8.153
2,2021-07-28 19:20:00,13.5,"norwood.mouth",1.49186746987952,8.228
2,2021-07-28 19:30:00,13.125,"norwood.mouth",1.55,8.168
2,2021-07-28 19:45:00,13.188,"norwood.mouth",1.55,8.107
2,2021-07-28 19:55:00,13.438,"norwood.mouth",1.55,8.094
2,2021-07-28 20:05:00,12.938,"norwood.mouth",1.55,7.97
2,2021-07-28 20:20:00,12.938,"norwood.mouth",1.55,7.795
2,2021-07-28 20:30:00,13.188,"norwood.mouth",1.55,7.746
2,2021-07-28 20:45:00,12.875,"norwood.mouth",1.55,7.708
2,2021-07-28 20:55:00,12.875,"norwood.mouth",1.55,7.643
2,2021-07-28 21:05:00,12.75,"norwood.mouth",1.55,7.508
2,2021-07-28 21:20:00,13.75,"norwood.mouth",1.35012019230769,7.14549278846154
2,2021-07-28 21:30:00,14.688,"norwood.mouth",0.99780487804878,6.54188536585366
2,2021-07-28 21:45:00,13.812,"norwood.mouth",1.30800464037123,6.6206102088167
2,2021-07-28 21:55:00,14.75,"norwood.mouth",0.990111940298507,5.87265733830846
2,2021-07-28 22:05:00,12.188,"norwood.mouth",1.55,6.44
2,2021-07-28 22:20:00,15.75,"norwood.mouth",0.821388979458754,5.60789982067167
2,2021-07-28 22:30:00,12.625,"norwood.mouth",1.55,5.924
2,2021-07-28 22:45:00,12.625,"norwood.mouth",1.55,5.559
2,2021-07-28 22:55:00,12.688,"norwood.mouth",1.55,5.391
2,2021-07-28 23:05:00,12.5,"norwood.mouth",1.55,5.207
2,2021-07-28 23:20:00,12.562,"norwood.mouth",1.55,4.934
2,2021-07-28 23:30:00,12.5,"norwood.mouth",1.55,4.722
2,2021-07-28 23:45:00,12.312,"norwood.mouth",1.55,4.407
2,2021-07-28 23:55:00,12.375,"norwood.mouth",1.55,4.25
2,2021-07-29 00:05:00,12.312,"norwood.mouth",1.55,4.076
2,2021-07-29 00:20:00,12.375,"norwood.mouth",1.55,3.77
2,2021-07-29 00:30:00,12.312,"norwood.mouth",1.55,3.604
2,2021-07-29 00:45:00,12.188,"norwood.mouth",1.55,3.348
2,2021-07-29 00:55:00,12.062,"norwood.mouth",1.55,3.219
2,2021-07-29 01:05:00,12.375,"norwood.mouth",1.55,3.099
2,2021-07-29 01:20:00,12.438,"norwood.mouth",1.55,2.847
2,2021-07-29 01:30:00,12.312,"norwood.mouth",1.55,2.709
2,2021-07-29 01:45:00,12.312,"norwood.mouth",1.55,2.525
2,2021-07-29 01:55:00,12.25,"norwood.mouth",1.55,2.406
2,2021-07-29 02:05:00,12.188,"norwood.mouth",1.55,2.313
2,2021-07-29 02:20:00,12.312,"norwood.mouth",1.55,2.156
2,2021-07-29 02:30:00,12.625,"norwood.mouth",1.55,2.045
2,2021-07-29 02:45:00,12.938,"norwood.mouth",1.37159090909091,1.93110795454545
2,2021-07-29 02:55:00,12.562,"norwood.mouth",1.55,1.805
2,2021-07-29 03:05:00,12.438,"norwood.mouth",1.55,1.735
2,2021-07-29 03:20:00,13.125,"norwood.mouth",1.26611445783133,1.77223644578313
2,2021-07-29 03:30:00,13.625,"norwood.mouth",1.04057750759878,1.83492401215805
2,2021-07-29 03:45:00,13.125,"norwood.mouth",1.26157407407407,1.64131944444444
2,2021-07-29 03:55:00,13.438,"norwood.mouth",1.11553488372093,1.67879790697674
2,2021-07-29 04:05:00,12.875,"norwood.mouth",1.34791883454735,1.48321696149844
2,2021-07-29 04:20:00,13.312,"norwood.mouth",1.15787908820614,1.56038156590684
2,2021-07-29 04:30:00,13.25,"norwood.mouth",1.17232049947971,1.53163033298647
2,2021-07-29 04:45:00,13.188,"norwood.mouth",1.20325630252101,1.48005147058824
2,2021-07-29 04:55:00,13.25,"norwood.mouth",1.16520811099253,1.48203148345784
2,2021-07-29 05:05:00,13.438,"norwood.mouth",1.06206896551724,1.55727586206897
2,2021-07-29 05:20:00,13.188,"norwood.mouth",1.18454545454545,1.39695757575758
2,2021-07-29 05:30:00,13.688,"norwood.mouth",0.943095238095238,1.61104285714286
2,2021-07-29 05:45:00,13.312,"norwood.mouth",1.05587912087912,1.56978846153846
2,2021-07-29 05:55:00,13.75,"norwood.mouth",0.92723292469352,1.7587057793345
2,2021-07-29 06:05:00,13.375,"norwood.mouth",1.10223029045643,1.45522173236515
2,2021-07-29 06:20:00,13.625,"norwood.mouth",0.96448275862069,1.53054252873563
2,2021-07-29 06:30:00,13.312,"norwood.mouth",1.03260869565217,1.39647826086956
2,2021-07-29 06:45:00,13.25,"norwood.mouth",1.06307947019868,1.39141639072848
2,2021-07-29 06:55:00,13.188,"norwood.mouth",1.10614617940199,1.34093521594684
2,2021-07-29 07:05:00,13.688,"norwood.mouth",0.868978102189781,1.58775669099757
2,2021-07-29 07:20:00,13.312,"norwood.mouth",0.991740674955595,1.48426642984014
2,2021-07-29 07:30:00,13.312,"norwood.mouth",1.02113402061856,1.49161512027491
2,2021-07-29 07:45:00,13.188,"norwood.mouth",1.09387417218543,1.39002897350993
2,2021-07-29 07:55:00,13.375,"norwood.mouth",0.946140939597315,1.59408473154362
2,2021-07-29 08:05:00,13.125,"norwood.mouth",1.11752577319588,1.45961855670103
2,2021-07-29 08:20:00,12.75,"norwood.mouth",1.26112515802781,1.32305689001264
2,2021-07-29 08:30:00,12.812,"norwood.mouth",1.24713114754098,1.41458401639344
2,2021-07-29 08:45:00,14,"norwood.mouth",0.830243161094225,2.10080800405268
2,2021-07-29 08:55:00,13.375,"norwood.mouth",1.0009564293305,1.92438682252922
2,2021-07-29 09:05:00,13,"norwood.mouth",1.17690302398332,1.78073201251303
2,2021-07-29 09:20:00,12.812,"norwood.mouth",1.23867699642431,1.77601132300358
2,2021-07-29 09:30:00,12.812,"norwood.mouth",1.22743097238896,1.83081272509004
2,2021-07-29 09:45:00,12.625,"norwood.mouth",1.31072749691739,1.7174509864365
2,2021-07-29 09:55:00,12.562,"norwood.mouth",1.36725312145289,1.69641770715096
2,2021-07-29 10:05:00,12.625,"norwood.mouth",1.38339920948617,1.69358629776021
2,2021-07-29 10:20:00,12.375,"norwood.mouth",1.49126984126984,1.753
2,2021-07-29 10:30:00,12.875,"norwood.mouth",1.21829268292683,2.32873983739837
2,2021-07-29 10:45:00,12.688,"norwood.mouth",1.33739573679333,2.11795551436515
2,2021-07-29 10:55:00,12.75,"norwood.mouth",1.26104118993135,2.30644479405034
2,2021-07-29 11:05:00,12.438,"norwood.mouth",1.45333333333333,1.799
2,2021-07-29 11:20:00,12.312,"norwood.mouth",1.55,2.009
2,2021-07-29 11:30:00,12.375,"norwood.mouth",1.55,2.114
2,2021-07-29 11:45:00,12.438,"norwood.mouth",1.55,2.499
2,2021-07-29 11:55:00,12.5,"norwood.mouth",1.55,2.722
2,2021-07-29 12:05:00,12.062,"norwood.mouth",1.55,2.915
2,2021-07-29 12:20:00,13.125,"norwood.mouth",1.45224719101124,3.203
2,2021-07-29 12:30:00,11.875,"norwood.mouth",1.55,3.605
2,2021-07-29 12:45:00,12.125,"norwood.mouth",1.55,3.576
2,2021-07-29 12:55:00,13.625,"norwood.mouth",1.22227722772277,4.10654785478548
2,2021-07-29 13:05:00,12.062,"norwood.mouth",1.55,3.736
2,2021-07-29 13:20:00,12.312,"norwood.mouth",1.55,3.968
2,2021-07-29 13:30:00,12.188,"norwood.mouth",1.55,4.247
2,2021-07-29 13:45:00,12.312,"norwood.mouth",1.55,4.414
2,2021-07-29 13:55:00,12.375,"norwood.mouth",1.55,4.612
2,2021-07-29 14:05:00,12.562,"norwood.mouth",1.55,4.868
2,2021-07-29 14:20:00,12.25,"norwood.mouth",1.55,5.113
2,2021-07-29 14:30:00,12.25,"norwood.mouth",1.55,5.272
2,2021-07-29 14:45:00,12.438,"norwood.mouth",1.55,5.829
2,2021-07-29 14:55:00,12.312,"norwood.mouth",1.55,5.827
2,2021-07-29 15:05:00,12.562,"norwood.mouth",1.55,5.914
2,2021-07-29 15:20:00,12.25,"norwood.mouth",1.55,6.124
2,2021-07-29 15:30:00,12.688,"norwood.mouth",1.55,6.227
2,2021-07-29 15:45:00,12.312,"norwood.mouth",1.55,6.61
2,2021-07-29 15:55:00,12.625,"norwood.mouth",1.55,6.88
2,2021-07-29 16:05:00,12.812,"norwood.mouth",1.55,6.764
2,2021-07-29 16:20:00,12.625,"norwood.mouth",1.55,7.059
2,2021-07-29 16:30:00,13.562,"norwood.mouth",1.49139784946237,7.122
2,2021-07-29 16:45:00,12.75,"norwood.mouth",1.55,7.328
2,2021-07-29 16:55:00,12.812,"norwood.mouth",1.55,7.467
2,2021-07-29 17:05:00,12.875,"norwood.mouth",1.55,7.606
2,2021-07-29 17:20:00,12.938,"norwood.mouth",1.55,7.765
2,2021-07-29 17:30:00,12.875,"norwood.mouth",1.55,7.866
2,2021-07-29 17:45:00,12.938,"norwood.mouth",1.55,8.078
2,2021-07-29 17:55:00,15,"norwood.mouth",1.16295336787565,8.43612262521589
2,2021-07-29 18:05:00,13.062,"norwood.mouth",1.55,8.26
2,2021-07-29 18:20:00,12.875,"norwood.mouth",1.55,8.284
2,2021-07-29 18:30:00,12.875,"norwood.mouth",1.55,8.359
2,2021-07-29 18:45:00,13,"norwood.mouth",1.55,8.358
2,2021-07-29 18:55:00,14.062,"norwood.mouth",1.41158861885003,8.45849970361589
2,2021-07-29 19:05:00,13.062,"norwood.mouth",1.55,8.41
2,2021-07-29 19:20:00,13,"norwood.mouth",1.55,8.393
2,2021-07-29 19:30:00,12.938,"norwood.mouth",1.55,8.399
2,2021-07-29 19:45:00,13,"norwood.mouth",1.55,8.294
2,2021-07-29 19:55:00,13.688,"norwood.mouth",1.55,8.228
2,2021-07-29 20:05:00,12.875,"norwood.mouth",1.55,8.158
2,2021-07-29 20:20:00,12.875,"norwood.mouth",1.55,8.054
2,2021-07-29 20:30:00,12.875,"norwood.mouth",1.55,7.927
2,2021-07-29 20:45:00,12.875,"norwood.mouth",1.55,7.77
2,2021-07-29 20:55:00,13,"norwood.mouth",1.55,7.664
2,2021-07-29 21:05:00,12.75,"norwood.mouth",1.55,7.533
2,2021-07-29 21:20:00,12.812,"norwood.mouth",1.55,7.341
2,2021-07-29 21:30:00,12.75,"norwood.mouth",1.55,7.156
2,2021-07-29 21:45:00,12.75,"norwood.mouth",1.55,6.871
2,2021-07-29 21:55:00,12.688,"norwood.mouth",1.55,6.584
2,2021-07-29 22:05:00,12.938,"norwood.mouth",1.55,6.332
2,2021-07-29 22:20:00,13.188,"norwood.mouth",1.55,6
2,2021-07-29 22:30:00,12.875,"norwood.mouth",1.55,5.798
2,2021-07-29 22:45:00,12.688,"norwood.mouth",1.55,5.439
2,2021-07-29 22:55:00,12.625,"norwood.mouth",1.55,5.184
2,2021-07-29 23:05:00,12.625,"norwood.mouth",1.55,4.983
2,2021-07-29 23:20:00,14,"norwood.mouth",1.20590800951626,4.4096851704996
2,2021-07-29 23:30:00,12.625,"norwood.mouth",1.55,4.448
2,2021-07-29 23:45:00,12.438,"norwood.mouth",1.55,4.217
2,2021-07-29 23:55:00,12.625,"norwood.mouth",1.55,4
2,2021-07-30 00:05:00,12.562,"norwood.mouth",1.55,3.745
2,2021-07-30 00:20:00,12.562,"norwood.mouth",1.55,3.486
2,2021-07-30 00:30:00,13.312,"norwood.mouth",1.40036496350365,3.27989294403893
2,2021-07-30 00:45:00,12.562,"norwood.mouth",1.55,3.061
2,2021-07-30 00:55:00,12.375,"norwood.mouth",1.55,2.951
2,2021-07-30 01:05:00,12.75,"norwood.mouth",1.55,2.785
2,2021-07-30 01:20:00,13.562,"norwood.mouth",1.27310344827586,2.53793620689655
2,2021-07-30 01:30:00,13.438,"norwood.mouth",1.29582608695652,2.44668086956522
2,2021-07-30 01:45:00,14.438,"norwood.mouth",0.938441558441558,2.35921623376623
2,2021-07-30 01:55:00,13.562,"norwood.mouth",1.22148760330579,2.20536845730028
2,2021-07-30 02:05:00,14.5,"norwood.mouth",0.925783972125436,2.17909581881533
2,2021-07-30 02:20:00,13.75,"norwood.mouth",1.14731890874882,1.96924623706491
2,2021-07-30 02:30:00,13.812,"norwood.mouth",1.10806599450046,2.00449381301558
2,2021-07-30 02:45:00,14.125,"norwood.mouth",0.983963282937365,2.06863444924406
2,2021-07-30 02:55:00,14.062,"norwood.mouth",0.982875264270613,1.98449894291755
2,2021-07-30 03:05:00,14,"norwood.mouth",0.98955223880597,1.83496393034826
2,2021-07-30 03:20:00,15.125,"norwood.mouth",0.814229683087543,2.22158393473486
2,2021-07-30 03:30:00,14.312,"norwood.mouth",0.928855140186916,1.76107009345794
2,2021-07-30 03:45:00,14.125,"norwood.mouth",0.944605809128631,1.72353526970954
2,2021-07-30 03:55:00,14.312,"norwood.mouth",0.91824401368301,1.77775598631699
2,2021-07-30 04:05:00,14.375,"norwood.mouth",0.906509216589862,1.74115005760369
2,2021-07-30 04:20:00,14.438,"norwood.mouth",0.855076923076923,1.56040384615385
2,2021-07-30 04:30:00,14.062,"norwood.mouth",0.946835443037975,1.62810126582278
2,2021-07-30 04:45:00,14.312,"norwood.mouth",0.892735042735043,1.7610056980057
2,2021-07-30 04:55:00,14.25,"norwood.mouth",0.8882096069869,1.69418631732169
2,2021-07-30 05:05:00,13.688,"norwood.mouth",1.04164305949008,1.7306933427762
2,2021-07-30 05:20:00,13.25,"norwood.mouth",1.21901140684411,1.31511596958175
2,2021-07-30 05:30:00,14.312,"norwood.mouth",0.855617198335645,1.58515811373093
2,2021-07-30 05:45:00,14.812,"norwood.mouth",0.829054054054054,1.87709346846847
2,2021-07-30 05:55:00,14.938,"norwood.mouth",0.806212822207535,1.94947923551443
2,2021-07-30 06:05:00,15.25,"norwood.mouth",0.78481889500918,2.23825671841095
2,2021-07-30 06:20:00,15.438,"norwood.mouth",0.758011869436202,2.51870919881306
2,2021-07-30 06:30:00,15.125,"norwood.mouth",0.788567124204888,2.12740754380091
2,2021-07-30 06:45:00,15.062,"norwood.mouth",0.784128289473684,2.16962623355263
2,2021-07-30 06:55:00,14.875,"norwood.mouth",0.795041524181729,1.97631827063996
2,2021-07-30 07:05:00,14.438,"norwood.mouth",0.813216560509554,1.72838216560509
2,2021-07-30 07:20:00,15.188,"norwood.mouth",0.765707570108607,2.5425479007943
2,2021-07-30 07:30:00,15.062,"norwood.mouth",0.777511133102425,2.44835320798285
2,2021-07-30 07:45:00,15.25,"norwood.mouth",0.754691113313512,2.49359002312521
2,2021-07-30 07:55:00,14.812,"norwood.mouth",0.797504590218661,2.08790541367607
2,2021-07-30 08:05:00,14.812,"norwood.mouth",0.79365381433063,2.15665191130233
2,2021-07-30 08:20:00,15.125,"norwood.mouth",0.769239112297681,2.51821013404528
2,2021-07-30 08:30:00,15.25,"norwood.mouth",0.763851638092005,2.72145173428394
2,2021-07-30 08:45:00,15,"norwood.mouth",0.771992954202315,2.81382167421573
2,2021-07-30 08:55:00,14.062,"norwood.mouth",0.857600596125186,2.23604098360656
2,2021-07-30 09:05:00,14.688,"norwood.mouth",0.79532819825854,2.76594119781201
2,2021-07-30 09:20:00,14.438,"norwood.mouth",0.823369290409574,2.94906112702961
2,2021-07-30 09:30:00,14.625,"norwood.mouth",0.795886023977665,3.20046403350304
2,2021-07-30 09:45:00,14,"norwood.mouth",0.887232524964337,3.01693295292439
2,2021-07-30 09:55:00,13.312,"norwood.mouth",1.07781954887218,2.76700751879699
2,2021-07-30 10:05:00,13.812,"norwood.mouth",0.924844720496895,3.3118234989648
2,2021-07-30 10:20:00,13.938,"norwood.mouth",0.901732283464567,3.55042362204724
2,2021-07-30 10:30:00,13,"norwood.mouth",1.2707468879668,2.54647717842324
2,2021-07-30 10:45:00,12.875,"norwood.mouth",1.33558091286307,2.48147130013831
2,2021-07-30 10:55:00,12.438,"norwood.mouth",1.55,2.232
2,2021-07-30 11:05:00,12.75,"norwood.mouth",1.41286307053942,2.49253838174274
2,2021-07-30 11:20:00,12.5,"norwood.mouth",1.55,2.576
2,2021-07-30 11:30:00,13.625,"norwood.mouth",1.11361626878868,3.84428846153846
2,2021-07-30 11:45:00,12,"norwood.mouth",1.55,3.082
2,2021-07-30 11:55:00,12.062,"norwood.mouth",1.55,3.186
2,2021-07-30 12:05:00,12,"norwood.mouth",1.55,3.319
2,2021-07-30 12:20:00,11.812,"norwood.mouth",1.55,3.654
2,2021-07-30 12:30:00,12.062,"norwood.mouth",1.55,3.854
2,2021-07-30 12:45:00,12.312,"norwood.mouth",1.55,4.105
2,2021-07-30 12:55:00,11.812,"norwood.mouth",1.55,4.239
2,2021-07-30 13:05:00,11.812,"norwood.mouth",1.55,4.442
2,2021-07-30 13:20:00,11.875,"norwood.mouth",1.55,4.636
2,2021-07-30 13:30:00,11.812,"norwood.mouth",1.55,4.774
2,2021-07-30 13:45:00,11.875,"norwood.mouth",1.55,4.921
2,2021-07-30 13:55:00,11.875,"norwood.mouth",1.55,5.016
2,2021-07-30 14:05:00,11.938,"norwood.mouth",1.55,5.128
2,2021-07-30 14:20:00,11.875,"norwood.mouth",1.55,5.289
2,2021-07-30 14:30:00,11.938,"norwood.mouth",1.55,5.372
2,2021-07-30 14:45:00,12.062,"norwood.mouth",1.55,5.526
2,2021-07-30 14:55:00,12.062,"norwood.mouth",1.55,5.585
2,2021-07-30 15:05:00,11.938,"norwood.mouth",1.55,5.56
2,2021-07-30 15:20:00,12,"norwood.mouth",1.55,5.595
2,2021-07-30 15:30:00,11.938,"norwood.mouth",1.55,5.623
2,2021-07-30 15:45:00,11.875,"norwood.mouth",1.55,5.672
2,2021-07-30 15:55:00,11.938,"norwood.mouth",1.55,5.767
2,2021-07-30 16:05:00,11.938,"norwood.mouth",1.55,5.843
2,2021-07-30 16:20:00,12.062,"norwood.mouth",1.55,6.069
2,2021-07-30 16:30:00,12,"norwood.mouth",1.55,6.237
2,2021-07-30 16:45:00,12.062,"norwood.mouth",1.55,6.438
2,2021-07-30 16:55:00,11.938,"norwood.mouth",1.55,6.535
2,2021-07-30 17:05:00,12,"norwood.mouth",1.55,6.667
2,2021-07-30 17:20:00,11.938,"norwood.mouth",1.55,6.844
2,2021-07-30 17:30:00,12,"norwood.mouth",1.55,6.88
2,2021-07-30 17:45:00,11.938,"norwood.mouth",1.55,6.79
2,2021-07-30 17:55:00,12.062,"norwood.mouth",1.55,6.782
2,2021-07-30 18:05:00,12,"norwood.mouth",1.55,6.838
2,2021-07-30 18:20:00,12.062,"norwood.mouth",1.55,6.938
2,2021-07-30 18:30:00,12.062,"norwood.mouth",1.55,6.95
2,2021-07-30 18:45:00,12.562,"norwood.mouth",1.55,6.888
2,2021-07-30 18:55:00,12.188,"norwood.mouth",1.55,6.806
2,2021-07-30 19:05:00,12.188,"norwood.mouth",1.55,6.784
2,2021-07-30 19:20:00,12.25,"norwood.mouth",1.55,6.707
2,2021-07-30 19:30:00,12.062,"norwood.mouth",1.55,6.686
2,2021-07-30 19:45:00,12.062,"norwood.mouth",1.55,6.571
2,2021-07-30 19:55:00,12.062,"norwood.mouth",1.55,6.498
2,2021-07-30 20:05:00,12.125,"norwood.mouth",1.55,6.416
2,2021-07-30 20:20:00,12.125,"norwood.mouth",1.55,6.339
2,2021-07-30 20:30:00,12.125,"norwood.mouth",1.55,6.247
2,2021-07-30 20:45:00,11.938,"norwood.mouth",1.55,6.11
2,2021-07-30 20:55:00,11.75,"norwood.mouth",1.55,6.022
2,2021-07-30 21:05:00,12.062,"norwood.mouth",1.55,5.932
2,2021-07-30 21:20:00,11.75,"norwood.mouth",1.55,5.771
2,2021-07-30 21:30:00,11.688,"norwood.mouth",1.55,5.528
2,2021-07-30 21:45:00,11.812,"norwood.mouth",1.55,5.369
2,2021-07-30 21:55:00,11.812,"norwood.mouth",1.55,5.21
2,2021-07-30 22:05:00,12.062,"norwood.mouth",1.55,5.074
2,2021-07-30 22:20:00,12.125,"norwood.mouth",1.55,4.877
2,2021-07-30 22:30:00,12,"norwood.mouth",1.55,4.699
2,2021-07-30 22:45:00,13.812,"norwood.mouth",0.999720410065238,4.44572250698975
2,2021-07-30 22:55:00,12.375,"norwood.mouth",1.55,4.289
2,2021-07-30 23:05:00,12.562,"norwood.mouth",1.55,4.203
2,2021-07-30 23:20:00,12.25,"norwood.mouth",1.55,4
2,2021-07-30 23:30:00,12.062,"norwood.mouth",1.55,3.841
2,2021-07-30 23:45:00,11.938,"norwood.mouth",1.55,3.631
2,2021-07-30 23:55:00,11.688,"norwood.mouth",1.55,3.494
2,2021-07-31 00:05:00,12.75,"norwood.mouth",1.46444444444444,3.36
2,2021-07-31 00:20:00,13.375,"norwood.mouth",1.13321464903357,3.01710376398779
2,2021-07-31 00:30:00,13.5,"norwood.mouth",1.10926784059314,2.88481927710843
2,2021-07-31 00:45:00,12.438,"norwood.mouth",1.55,2.879
2,2021-07-31 00:55:00,13.312,"norwood.mouth",1.14636678200692,2.65984948096886
2,2021-07-31 01:05:00,12.688,"norwood.mouth",1.46339285714286,2.648
2,2021-07-31 01:20:00,13.312,"norwood.mouth",1.14727272727273,2.46975454545455
2,2021-07-31 01:30:00,13.312,"norwood.mouth",1.15165198237886,2.34526982378855
2,2021-07-31 01:45:00,12.75,"norwood.mouth",1.4146694214876,2.2310020661157
2,2021-07-31 01:55:00,13.062,"norwood.mouth",1.24554242749731,2.14168152524168
2,2021-07-31 02:05:00,13.5,"norwood.mouth",0.999574669187146,2.08530033081285
2,2021-07-31 02:20:00,12.75,"norwood.mouth",1.40926724137931,1.93332974137931
2,2021-07-31 02:30:00,13.25,"norwood.mouth",1.15173867228662,2.00963356164384
2,2021-07-31 02:45:00,14.312,"norwood.mouth",0.880823863636364,1.94749242424242
2,2021-07-31 02:55:00,13.938,"norwood.mouth",0.938582677165354,1.9915688976378
2,2021-07-31 03:05:00,13.75,"norwood.mouth",0.963539445628998,1.91241631130064
2,2021-07-31 03:20:00,14.562,"norwood.mouth",0.841883400244371,2.12227107697679
2,2021-07-31 03:30:00,14.312,"norwood.mouth",0.875654205607477,1.92428901869159
2,2021-07-31 03:45:00,13.75,"norwood.mouth",0.976230492196879,1.83343907563025
2,2021-07-31 03:55:00,14.625,"norwood.mouth",0.840840232517175,1.94553672714462
2,2021-07-31 04:05:00,14.625,"norwood.mouth",0.837119234116623,1.85914215259646
2,2021-07-31 04:20:00,13.938,"norwood.mouth",0.936391437308868,1.6063249235474
2,2021-07-31 04:30:00,13.688,"norwood.mouth",0.96055,1.60427325
2,2021-07-31 04:45:00,13.625,"norwood.mouth",0.985877513711152,1.624125
2,2021-07-31 04:55:00,13.188,"norwood.mouth",1.11760736196319,1.42674049079755
2,2021-07-31 05:05:00,14.312,"norwood.mouth",0.873534715960325,1.60909377817854
2,2021-07-31 05:20:00,13.625,"norwood.mouth",0.956767283349562,1.45663631937683
2,2021-07-31 05:30:00,13.812,"norwood.mouth",0.94821587867975,1.50622479928635
2,2021-07-31 05:45:00,12.938,"norwood.mouth",1.22527141133896,1.22600482509047
2,2021-07-31 05:55:00,14.188,"norwood.mouth",0.896339501206758,1.62287208366854
2,2021-07-31 06:05:00,13.938,"norwood.mouth",0.913854895104895,1.47084986888112
2,2021-07-31 06:20:00,14.812,"norwood.mouth",0.801967387451258,1.93492585371618
2,2021-07-31 06:30:00,14.438,"norwood.mouth",0.861359489051095,1.52786770072993
2,2021-07-31 06:45:00,13.75,"norwood.mouth",0.931397738951696,1.3399825282631
2,2021-07-31 06:55:00,14.5,"norwood.mouth",0.83401006108516,1.53449838303989
2,2021-07-31 07:05:00,14.438,"norwood.mouth",0.82613616423934,1.84703602971282
2,2021-07-31 07:20:00,14.438,"norwood.mouth",0.843419866594556,1.67582729403281
2,2021-07-31 07:30:00,14.188,"norwood.mouth",0.854802561366062,1.4260939167556
2,2021-07-31 07:45:00,13.688,"norwood.mouth",0.958600770218229,1.40411938382542
2,2021-07-31 07:55:00,13.812,"norwood.mouth",0.91169623059867,1.41948614190687
2,2021-07-31 08:05:00,14.188,"norwood.mouth",0.843539374890868,1.58902619172342
2,2021-07-31 08:20:00,14.125,"norwood.mouth",0.852356020942408,1.73412303664921
2,2021-07-31 08:30:00,15.062,"norwood.mouth",0.764993669741364,2.61243371314885
2,2021-07-31 08:45:00,13.688,"norwood.mouth",0.924751929437707,2.00670672546858
2,2021-07-31 08:55:00,13.688,"norwood.mouth",0.911378923766816,2.18570852017937
2,2021-07-31 09:05:00,13.938,"norwood.mouth",0.874310344827586,2.41668189655172
2,2021-07-31 09:20:00,13.812,"norwood.mouth",0.901418842224745,2.63544494892168
2,2021-07-31 09:30:00,13.75,"norwood.mouth",0.922561768530559,2.79015604681404
2,2021-07-31 09:45:00,13.625,"norwood.mouth",0.933846153846154,3.14463461538462
2,2021-07-31 09:55:00,13.125,"norwood.mouth",1.0800539083558,3.03724865229111
2,2021-07-31 10:05:00,13.438,"norwood.mouth",0.989542857142857,3.50907085714286
2,2021-07-31 10:20:00,12.812,"norwood.mouth",1.28558863328823,2.90667253044655
2,2021-07-31 10:30:00,13.062,"norwood.mouth",1.15758754863813,3.24592315175097
2,2021-07-31 10:45:00,12.938,"norwood.mouth",1.21110294117647,3.32405588235294
2,2021-07-31 10:55:00,12.188,"norwood.mouth",1.55,2.794
2,2021-07-31 11:05:00,12.438,"norwood.mouth",1.55,3.013
2,2021-07-31 11:20:00,12.375,"norwood.mouth",1.55,3.137
2,2021-07-31 11:30:00,11.75,"norwood.mouth",1.55,3.228
2,2021-07-31 11:45:00,11.688,"norwood.mouth",1.55,3.393
2,2021-07-31 11:55:00,11.625,"norwood.mouth",1.55,3.557
2,2021-07-31 12:05:00,11.625,"norwood.mouth",1.55,3.719
2,2021-07-31 12:20:00,11.688,"norwood.mouth",1.55,3.966
2,2021-07-31 12:30:00,11.625,"norwood.mouth",1.55,4.143
2,2021-07-31 12:45:00,11.688,"norwood.mouth",1.55,4.289
2,2021-07-31 12:55:00,11.75,"norwood.mouth",1.55,4.396
2,2021-07-31 13:05:00,12.562,"norwood.mouth",1.55,4.492
2,2021-07-31 13:20:00,11.688,"norwood.mouth",1.55,4.62
2,2021-07-31 13:30:00,11.75,"norwood.mouth",1.55,4.75
2,2021-07-31 13:45:00,11.75,"norwood.mouth",1.55,4.96
2,2021-07-31 13:55:00,11.688,"norwood.mouth",1.55,5.063
2,2021-07-31 14:05:00,11.75,"norwood.mouth",1.55,5.189
2,2021-07-31 14:20:00,11.688,"norwood.mouth",1.55,5.476
2,2021-07-31 14:30:00,11.812,"norwood.mouth",1.55,5.58
2,2021-07-31 14:45:00,11.812,"norwood.mouth",1.55,5.81
2,2021-07-31 14:55:00,11.875,"norwood.mouth",1.55,5.989
2,2021-07-31 15:05:00,11.75,"norwood.mouth",1.55,6.12
2,2021-07-31 15:20:00,11.812,"norwood.mouth",1.55,6.358
2,2021-07-31 15:30:00,11.875,"norwood.mouth",1.55,6.505
2,2021-07-31 15:45:00,12,"norwood.mouth",1.55,6.547
2,2021-07-31 15:55:00,11.938,"norwood.mouth",1.55,6.659
2,2021-07-31 16:05:00,11.938,"norwood.mouth",1.55,6.785
2,2021-07-31 16:20:00,12.75,"norwood.mouth",1.55,6.909
2,2021-07-31 16:30:00,12.375,"norwood.mouth",1.55,6.932
2,2021-07-31 16:45:00,12.188,"norwood.mouth",1.55,7.069
2,2021-07-31 16:55:00,12.188,"norwood.mouth",1.55,7.212
2,2021-07-31 17:05:00,12.125,"norwood.mouth",1.55,7.356
2,2021-07-31 17:20:00,12.625,"norwood.mouth",1.55,7.527
2,2021-07-31 17:30:00,13.062,"norwood.mouth",1.55,7.536
2,2021-07-31 17:45:00,12.188,"norwood.mouth",1.55,7.579
2,2021-07-31 17:55:00,12.125,"norwood.mouth",1.55,7.627
2,2021-07-31 18:05:00,12.25,"norwood.mouth",1.55,7.664
2,2021-07-31 18:20:00,12.188,"norwood.mouth",1.55,7.797
2,2021-07-31 18:30:00,12.25,"norwood.mouth",1.55,7.861
2,2021-07-31 18:45:00,12.125,"norwood.mouth",1.55,7.973
2,2021-07-31 18:55:00,12.188,"norwood.mouth",1.55,7.979
2,2021-07-31 19:05:00,12.188,"norwood.mouth",1.55,7.994
2,2021-07-31 19:20:00,12.25,"norwood.mouth",1.55,7.982
2,2021-07-31 19:30:00,12.312,"norwood.mouth",1.55,7.913
2,2021-07-31 19:45:00,12.188,"norwood.mouth",1.55,7.857
2,2021-07-31 19:55:00,12.188,"norwood.mouth",1.55,7.846
2,2021-07-31 20:05:00,12.125,"norwood.mouth",1.55,7.817
2,2021-07-31 20:20:00,12.062,"norwood.mouth",1.55,7.669
2,2021-07-31 20:30:00,12.125,"norwood.mouth",1.55,7.605
2,2021-07-31 20:45:00,12.25,"norwood.mouth",1.55,7.458
2,2021-07-31 20:55:00,12.125,"norwood.mouth",1.55,7.333
2,2021-07-31 21:05:00,12.25,"norwood.mouth",1.55,7.257
2,2021-07-31 21:20:00,12.688,"norwood.mouth",1.55,7.132
2,2021-07-31 21:30:00,12.312,"norwood.mouth",1.55,7.047
2,2021-07-31 21:45:00,12.188,"norwood.mouth",1.55,6.816
2,2021-07-31 21:55:00,12.188,"norwood.mouth",1.55,6.69
2,2021-07-31 22:05:00,12.062,"norwood.mouth",1.55,6.593
2,2021-07-31 22:20:00,12.438,"norwood.mouth",1.55,6.385
2,2021-07-31 22:30:00,12.5,"norwood.mouth",1.55,6.245
2,2021-07-31 22:45:00,12.375,"norwood.mouth",1.55,5.937
2,2021-07-31 22:55:00,12.312,"norwood.mouth",1.55,5.783
2,2021-07-31 23:05:00,12.062,"norwood.mouth",1.55,5.608
2,2021-07-31 23:20:00,12.75,"norwood.mouth",1.55,5.265
2,2021-07-31 23:30:00,12.25,"norwood.mouth",1.55,5.175
2,2021-07-31 23:45:00,12.438,"norwood.mouth",1.55,4.932
2,2021-07-31 23:55:00,12.938,"norwood.mouth",1.45054347826087,4.823
2,2021-08-01 00:05:00,12.438,"norwood.mouth",1.55,4.676
2,2021-08-01 00:20:00,12.438,"norwood.mouth",1.55,4.364
2,2021-08-01 00:30:00,12.938,"norwood.mouth",1.39554937413074,4.08317767732962
2,2021-08-01 00:45:00,12.312,"norwood.mouth",1.55,3.889
2,2021-08-01 00:55:00,11.75,"norwood.mouth",1.55,3.734
2,2021-08-01 01:05:00,12.438,"norwood.mouth",1.55,3.608
2,2021-08-01 01:20:00,12.688,"norwood.mouth",1.55,3.382
2,2021-08-01 01:30:00,12.312,"norwood.mouth",1.55,3.2
2,2021-08-01 01:45:00,11.938,"norwood.mouth",1.55,3.014
2,2021-08-01 01:55:00,11.812,"norwood.mouth",1.55,2.94
2,2021-08-01 02:05:00,11.688,"norwood.mouth",1.55,2.799
2,2021-08-01 02:20:00,12.25,"norwood.mouth",1.55,2.596
2,2021-08-01 02:30:00,12.438,"norwood.mouth",1.55,2.503
2,2021-08-01 02:45:00,12.688,"norwood.mouth",1.484375,2.334
2,2021-08-01 02:55:00,12.688,"norwood.mouth",1.47826086956522,2.244
2,2021-08-01 03:05:00,12.812,"norwood.mouth",1.38529792746114,2.16369462435233
2,2021-08-01 03:20:00,12.25,"norwood.mouth",1.55,2.026
2,2021-08-01 03:30:00,12.562,"norwood.mouth",1.55,1.953
2,2021-08-01 03:45:00,12.312,"norwood.mouth",1.55,1.815
2,2021-08-01 03:55:00,12.625,"norwood.mouth",1.47121212121212,1.807
2,2021-08-01 04:05:00,12.812,"norwood.mouth",1.35,1.8285
2,2021-08-01 04:20:00,12.938,"norwood.mouth",1.25857329842932,1.80024607329843
2,2021-08-01 04:30:00,13.312,"norwood.mouth",1.11609702315325,1.89778996692392
2,2021-08-01 04:45:00,13.188,"norwood.mouth",1.10033783783784,1.7992652027027
2,2021-08-01 04:55:00,13.25,"norwood.mouth",1.10485948477752,1.91029391100703
2,2021-08-01 05:05:00,12.75,"norwood.mouth",1.37548638132296,1.46804474708171
2,2021-08-01 05:20:00,12.875,"norwood.mouth",1.26820448877805,1.58042394014963
2,2021-08-01 05:30:00,13.125,"norwood.mouth",1.16236080178174,1.73800556792873
2,2021-08-01 05:45:00,13.438,"norwood.mouth",0.995152838427947,2.13822620087336
2,2021-08-01 05:55:00,13.625,"norwood.mouth",0.963313609467456,2.08007889546351
2,2021-08-01 06:05:00,15,"norwood.mouth",0.777630057803468,2.91487514450867
2,2021-08-01 06:20:00,13.312,"norwood.mouth",0.999017773620206,1.79461693171188
2,2021-08-01 06:30:00,12.875,"norwood.mouth",1.23689427312775,1.44403083700441
2,2021-08-01 06:45:00,13.812,"norwood.mouth",0.893728813559322,1.85040338983051
2,2021-08-01 06:55:00,13.875,"norwood.mouth",0.906674612634088,1.9876758045292
2,2021-08-01 07:05:00,13.5,"norwood.mouth",0.970551090700345,1.92783008036739
2,2021-08-01 07:20:00,13.938,"norwood.mouth",0.85662291169451,2.02541437947494
2,2021-08-01 07:30:00,13.5,"norwood.mouth",0.947674418604651,1.8346976744186
2,2021-08-01 07:45:00,13.188,"norwood.mouth",0.983407079646017,1.87021349557522
2,2021-08-01 07:55:00,13.125,"norwood.mouth",1.06398104265403,1.76869312796208
2,2021-08-01 08:05:00,13.062,"norwood.mouth",1.05013368983957,1.86843248663101
2,2021-08-01 08:20:00,12.812,"norwood.mouth",1.21724598930481,1.59310450089126
2,2021-08-01 08:30:00,12.625,"norwood.mouth",1.32518518518518,1.4581450617284
2,2021-08-01 08:45:00,12.812,"norwood.mouth",1.16267942583732,1.85210645933014
2,2021-08-01 08:55:00,12.75,"norwood.mouth",1.17477477477477,1.91568018018018
2,2021-08-01 09:05:00,12.812,"norwood.mouth",1.21724598930481,1.98473128342246
2,2021-08-01 09:20:00,12.688,"norwood.mouth",1.3032904148784,1.85098044825942
2,2021-08-01 09:30:00,12.438,"norwood.mouth",1.47534516765286,1.597
2,2021-08-01 09:45:00,12.5,"norwood.mouth",1.44776119402985,1.69137313432836
2,2021-08-01 09:55:00,12.125,"norwood.mouth",1.55,1.831
2,2021-08-01 10:05:00,12.312,"norwood.mouth",1.55,1.86
2,2021-08-01 10:20:00,12.938,"norwood.mouth",1.11520737327189,3.10945238095238
2,2021-08-01 10:30:00,12.25,"norwood.mouth",1.55,2.171
2,2021-08-01 10:45:00,12.062,"norwood.mouth",1.55,2.311
2,2021-08-01 10:55:00,12.188,"norwood.mouth",1.55,2.361
2,2021-08-01 11:05:00,12.062,"norwood.mouth",1.55,2.407
2,2021-08-01 11:20:00,11.688,"norwood.mouth",1.55,2.576
2,2021-08-01 11:30:00,12,"norwood.mouth",1.55,2.663
2,2021-08-01 11:45:00,11.938,"norwood.mouth",1.55,3.022
2,2021-08-01 11:55:00,11.688,"norwood.mouth",1.55,3.234
2,2021-08-01 12:05:00,11.75,"norwood.mouth",1.55,3.379
2,2021-08-01 12:20:00,12.062,"norwood.mouth",1.55,3.964
2,2021-08-01 12:30:00,12.688,"norwood.mouth",1.55,3.998
2,2021-08-01 12:45:00,11.75,"norwood.mouth",1.55,4.112
2,2021-08-01 12:55:00,11.688,"norwood.mouth",1.55,4.296
2,2021-08-01 13:05:00,11.688,"norwood.mouth",1.55,4.539
2,2021-08-01 13:20:00,11.688,"norwood.mouth",1.55,4.69
2,2021-08-01 13:30:00,11.688,"norwood.mouth",1.55,4.797
2,2021-08-01 13:45:00,11.75,"norwood.mouth",1.55,5.098
2,2021-08-01 13:55:00,11.875,"norwood.mouth",1.55,5.415
2,2021-08-01 14:05:00,11.938,"norwood.mouth",1.55,5.513
2,2021-08-01 14:20:00,12.312,"norwood.mouth",1.55,5.833
2,2021-08-01 14:30:00,12,"norwood.mouth",1.55,6.003
2,2021-08-01 14:45:00,12,"norwood.mouth",1.55,6.174
2,2021-08-01 14:55:00,12.188,"norwood.mouth",1.55,6.283
2,2021-08-01 15:05:00,12.5,"norwood.mouth",1.55,6.365
2,2021-08-01 15:20:00,12.312,"norwood.mouth",1.55,6.577
2,2021-08-01 15:30:00,12.25,"norwood.mouth",1.55,6.748
2,2021-08-01 15:45:00,12.312,"norwood.mouth",1.55,6.955
2,2021-08-01 15:55:00,12.312,"norwood.mouth",1.55,7.119
2,2021-08-01 16:05:00,12.438,"norwood.mouth",1.55,7.353
2,2021-08-01 16:20:00,12.375,"norwood.mouth",1.55,7.487
2,2021-08-01 16:30:00,12.375,"norwood.mouth",1.55,7.586
2,2021-08-01 16:45:00,12.375,"norwood.mouth",1.55,7.74
2,2021-08-01 16:55:00,12.438,"norwood.mouth",1.55,7.874
2,2021-08-01 17:05:00,12.5,"norwood.mouth",1.55,7.983
2,2021-08-01 17:20:00,12.5,"norwood.mouth",1.55,8.262
2,2021-08-01 17:30:00,13.062,"norwood.mouth",1.55,8.311
2,2021-08-01 17:45:00,12.688,"norwood.mouth",1.55,8.355
2,2021-08-01 17:55:00,12.625,"norwood.mouth",1.55,8.375
2,2021-08-01 18:05:00,12.625,"norwood.mouth",1.55,8.423
2,2021-08-01 18:20:00,12.75,"norwood.mouth",1.55,8.539
2,2021-08-01 18:30:00,13,"norwood.mouth",1.55,8.581
2,2021-08-01 18:45:00,13.625,"norwood.mouth",1.55,8.674
2,2021-08-01 18:55:00,13.75,"norwood.mouth",1.48934911242604,8.812
2,2021-08-01 19:05:00,14.125,"norwood.mouth",1.33789335664336,8.91911341783217
2,2021-08-01 19:20:00,14.688,"norwood.mouth",1.11914132379249,9.21126162790698
2,2021-08-01 19:30:00,15.125,"norwood.mouth",0.982600732600733,9.39500122100122
2,2021-08-01 19:45:00,15.312,"norwood.mouth",0.970609981515712,8.84297966728281
2,2021-08-01 19:55:00,15.5,"norwood.mouth",0.964866091693146,8.66557433045847
2,2021-08-01 20:05:00,15.188,"norwood.mouth",0.983518072289157,8.69125481927711
2,2021-08-01 20:20:00,14.875,"norwood.mouth",1.04803370786517,8.64947050561798
2,2021-08-01 20:30:00,14.625,"norwood.mouth",1.15011021307862,8.44345940484938
2,2021-08-01 20:45:00,15.5,"norwood.mouth",0.953846153846154,8.24815384615385
2,2021-08-01 20:55:00,14.062,"norwood.mouth",1.29711033274956,7.97580297723292
2,2021-08-01 21:05:00,13.812,"norwood.mouth",1.40392491467577,7.87051535836178
2,2021-08-01 21:20:00,14,"norwood.mouth",1.32118959107807,7.64610687732342
2,2021-08-01 21:30:00,13.062,"norwood.mouth",1.55,7.419
2,2021-08-01 21:45:00,13.125,"norwood.mouth",1.55,7.097
2,2021-08-01 21:55:00,15.062,"norwood.mouth",0.969805194805195,6.55847402597403
2,2021-08-01 22:05:00,14.375,"norwood.mouth",1.10573308270677,6.46470112781955
2,2021-08-01 22:20:00,15.125,"norwood.mouth",0.945752427184466,5.80700970873786
2,2021-08-01 22:30:00,15.188,"norwood.mouth",0.939688834655278,5.62170896888347
2,2021-08-01 22:45:00,15.062,"norwood.mouth",0.942996231155779,5.1728743718593
2,2021-08-01 22:55:00,15.125,"norwood.mouth",0.923340471092077,4.84566720199857
2,2021-08-01 23:05:00,15.5,"norwood.mouth",0.875035816618911,4.63901128223496
2,2021-08-01 23:20:00,15.188,"norwood.mouth",0.888826366559485,4.30975723472669
2,2021-08-01 23:30:00,15.438,"norwood.mouth",0.864644970414201,3.86772707100592
2,2021-08-01 23:45:00,15.312,"norwood.mouth",0.870206699928724,3.78868317890235
2,2021-08-01 23:55:00,15.125,"norwood.mouth",0.882835820895522,3.88539303482587
2,2021-08-02 00:05:00,15.188,"norwood.mouth",0.891334164588529,3.71528273067332
2,2021-08-02 00:20:00,14.938,"norwood.mouth",0.915523465703971,3.36288357400722
2,2021-08-02 00:30:00,14.188,"norwood.mouth",0.989411764705882,3.05559411764706
2,2021-08-02 00:45:00,15.438,"norwood.mouth",0.860995850622407,2.85219986168741
2,2021-08-02 00:55:00,14.625,"norwood.mouth",0.946296296296296,2.73083950617284
2,2021-08-02 01:05:00,14.75,"norwood.mouth",0.928085106382979,2.51445602836879
2,2021-08-02 01:20:00,14.75,"norwood.mouth",0.936493506493506,2.38036883116883
2,2021-08-02 01:30:00,14.438,"norwood.mouth",0.960804020100502,2.46670603015075
2,2021-08-02 01:45:00,13.125,"norwood.mouth",1.41009852216749,2.64912807881773
2,2021-08-02 01:55:00,13.25,"norwood.mouth",1.35323590814196,2.47377870563674
2,2021-08-02 02:05:00,13.375,"norwood.mouth",1.29451983298539,2.33840266179541
2,2021-08-02 02:20:00,13.5,"norwood.mouth",1.22957317073171,2.19200152439024
2,2021-08-02 02:30:00,13.75,"norwood.mouth",1.08626198083067,2.00022124600639
2,2021-08-02 02:45:00,14.438,"norwood.mouth",0.939667458432304,1.78461064924782
2,2021-08-02 02:55:00,13.438,"norwood.mouth",1.20997008973081,1.85280234297109
2,2021-08-02 03:05:00,13.25,"norwood.mouth",1.30142721217888,1.78321931493815
2,2021-08-02 03:20:00,13.812,"norwood.mouth",1.06710775047259,1.68417722117202
2,2021-08-02 03:30:00,14.438,"norwood.mouth",0.933053691275168,1.58697147651007
2,2021-08-02 03:45:00,14.438,"norwood.mouth",0.927318295739348,1.68616541353383
2,2021-08-02 03:55:00,15,"norwood.mouth",0.854552715654952,1.69901198083067
2,2021-08-02 04:05:00,14.812,"norwood.mouth",0.877336448598131,1.74573247663551
2,2021-08-02 04:20:00,15.25,"norwood.mouth",0.811984392419175,2.27074600520253
2,2021-08-02 04:30:00,13.688,"norwood.mouth",1.03550106609808,1.49466098081023
2,2021-08-02 04:45:00,15.188,"norwood.mouth",0.830708509819022,2.02033018867925
2,2021-08-02 04:55:00,14.438,"norwood.mouth",0.929482874412357,1.81169811954332
2,2021-08-02 05:05:00,14.062,"norwood.mouth",0.962120031176929,1.57131936866719
2,2021-08-02 05:20:00,14.5,"norwood.mouth",0.891024555461473,1.69597565622354
2,2021-08-02 05:30:00,14.25,"norwood.mouth",0.93096926713948,1.73950807722616
2,2021-08-02 05:45:00,14.25,"norwood.mouth",0.931091058244463,1.68268888433142
2,2021-08-02 05:55:00,14.312,"norwood.mouth",0.925990099009901,1.80975618811881
2,2021-08-02 06:05:00,15.062,"norwood.mouth",0.837423377721412,1.98207253575706
2,2021-08-02 06:20:00,14.812,"norwood.mouth",0.832413047750049,1.70752253225912
2,2021-08-02 06:30:00,14.5,"norwood.mouth",0.873879885605338,1.65160295519542
2,2021-08-02 06:45:00,15,"norwood.mouth",0.821090534979424,2.04394427297668
2,2021-08-02 06:55:00,14.562,"norwood.mouth",0.844188337273444,1.76654711715261
2,2021-08-02 07:05:00,14.438,"norwood.mouth",0.883512195121951,1.80934292682927
2,2021-08-02 07:20:00,14.5,"norwood.mouth",0.847703215498302,1.62628736435657
2,2021-08-02 07:30:00,14.312,"norwood.mouth",0.875091407678245,1.60359026508227
2,2021-08-02 07:45:00,14.562,"norwood.mouth",0.836523706472556,1.75157659518657
2,2021-08-02 07:55:00,14.312,"norwood.mouth",0.854107505070994,1.67964655172414
2,2021-08-02 08:05:00,14.25,"norwood.mouth",0.878714285714286,1.74570428571429
2,2021-08-02 08:20:00,14.5,"norwood.mouth",0.824410969486288,2.05904091026136
2,2021-08-02 08:30:00,13.688,"norwood.mouth",0.942989417989418,1.8630582010582
2,2021-08-02 08:45:00,14.25,"norwood.mouth",0.880954545454545,2.22762659090909
2,2021-08-02 08:55:00,13.812,"norwood.mouth",0.914261555806088,2.30030214205186
2,2021-08-02 09:05:00,13,"norwood.mouth",1.17179144385027,1.8278736631016
2,2021-08-02 09:20:00,13.188,"norwood.mouth",0.999564375605034,2.2832715392062
2,2021-08-02 09:30:00,13.625,"norwood.mouth",0.933867735470942,2.66985771543086
2,2021-08-02 09:45:00,13.125,"norwood.mouth",1.11673151750973,2.52657003891051
2,2021-08-02 09:55:00,13.562,"norwood.mouth",0.971153846153846,3.076375
2,2021-08-02 10:05:00,12.812,"norwood.mouth",1.32434301521438,2.04457376671277
2,2021-08-02 10:20:00,12.875,"norwood.mouth",1.23714759535655,2.4070221116639
2,2021-08-02 10:30:00,12.688,"norwood.mouth",1.40314465408805,1.90726100628931
2,2021-08-02 10:45:00,12.25,"norwood.mouth",1.55,1.933
2,2021-08-02 10:55:00,12.25,"norwood.mouth",1.55,2.077
2,2021-08-02 11:05:00,12.312,"norwood.mouth",1.55,2.113
2,2021-08-02 11:20:00,12,"norwood.mouth",1.55,2.329
2,2021-08-02 11:30:00,12,"norwood.mouth",1.55,2.506
2,2021-08-02 11:45:00,12.25,"norwood.mouth",1.55,2.697
2,2021-08-02 11:55:00,12.562,"norwood.mouth",1.55,2.84
2,2021-08-02 12:05:00,14.125,"norwood.mouth",0.962615384615385,4.79626461538462
2,2021-08-02 12:20:00,12.062,"norwood.mouth",1.55,3.41
2,2021-08-02 12:30:00,12.062,"norwood.mouth",1.55,3.564
2,2021-08-02 12:45:00,11.75,"norwood.mouth",1.55,3.923
2,2021-08-02 12:55:00,11.812,"norwood.mouth",1.55,4.014
2,2021-08-02 13:05:00,11.875,"norwood.mouth",1.55,4.129
2,2021-08-02 13:20:00,11.875,"norwood.mouth",1.55,4.362
2,2021-08-02 13:30:00,11.938,"norwood.mouth",1.55,4.482
2,2021-08-02 13:45:00,11.938,"norwood.mouth",1.55,4.771
2,2021-08-02 13:55:00,12,"norwood.mouth",1.55,5.014
2,2021-08-02 14:05:00,12.25,"norwood.mouth",1.55,5.22
2,2021-08-02 14:20:00,12.25,"norwood.mouth",1.55,5.524
2,2021-08-02 14:30:00,12.875,"norwood.mouth",1.55,5.764
2,2021-08-02 14:45:00,14,"norwood.mouth",1.2562984496124,6.75830991602067
2,2021-08-02 14:55:00,13.812,"norwood.mouth",1.38143908421913,6.39513246116108
2,2021-08-02 15:05:00,13.75,"norwood.mouth",1.39458333333333,6.52143958333333
2,2021-08-02 15:20:00,14.25,"norwood.mouth",1.23770491803279,7.28289617486339
2,2021-08-02 15:30:00,14,"norwood.mouth",1.34794908062235,7.03175
2,2021-08-02 15:45:00,15.125,"norwood.mouth",0.985668789808917,8.82854140127388
2,2021-08-02 15:55:00,15.125,"norwood.mouth",0.989007276507276,8.86395673076923
2,2021-08-02 16:05:00,15.562,"norwood.mouth",0.955656350053362,8.79743436499466
2,2021-08-02 16:20:00,15.188,"norwood.mouth",0.983652007648184,8.73199713193117
2,2021-08-02 16:30:00,14.5,"norwood.mouth",1.20488322717622,8.3004796532201
2,2021-08-02 16:45:00,14.5,"norwood.mouth",1.19018248175182,8.49117700729927
2,2021-08-02 16:55:00,14.625,"norwood.mouth",1.1230612244898,8.47917755102041
2,2021-08-02 17:05:00,14.562,"norwood.mouth",1.16922196796339,8.58396224256293
2,2021-08-02 17:20:00,15.25,"norwood.mouth",0.986979913916786,9.34646341463415
2,2021-08-02 17:30:00,15.312,"norwood.mouth",0.984290953545232,9.30531754278729
2,2021-08-02 17:45:00,15.812,"norwood.mouth",0.965216599927193,9.36134947215144
2,2021-08-02 17:55:00,15.062,"norwood.mouth",1.02197595792637,9.38874192336589
2,2021-08-02 18:05:00,15.188,"norwood.mouth",0.996687183200579,9.36585264301231
2,2021-08-02 18:20:00,15.688,"norwood.mouth",0.977075252133437,9.53835608999224
2,2021-08-02 18:30:00,14.75,"norwood.mouth",1.19190751445087,9.16353323699422
2,2021-08-02 18:45:00,14.688,"norwood.mouth",1.19545163356823,9.22245980140935
2,2021-08-02 18:55:00,14.875,"norwood.mouth",1.108,9.17274
2,2021-08-02 19:05:00,14.562,"norwood.mouth",1.22547770700637,9.00375
2,2021-08-02 19:20:00,14.938,"norwood.mouth",1.09273318872017,9.25784598698482
2,2021-08-02 19:30:00,15.062,"norwood.mouth",1.0520474137931,9.25016433189655
2,2021-08-02 19:45:00,14.062,"norwood.mouth",1.35123762376238,8.78397524752475
2,2021-08-02 19:55:00,14.312,"norwood.mouth",1.25095435684647,8.79989771784232
2,2021-08-02 20:05:00,14.688,"norwood.mouth",1.13269230769231,8.85450961538461
2,2021-08-02 20:20:00,14.312,"norwood.mouth",1.24449648711944,8.65003571428571
2,2021-08-02 20:30:00,14.688,"norwood.mouth",1.08442211055276,8.57333668341708
2,2021-08-02 20:45:00,14.688,"norwood.mouth",1.08089887640449,8.39744382022472
2,2021-08-02 20:55:00,14.25,"norwood.mouth",1.24352134146341,8.05616615853659
2,2021-08-02 21:05:00,14.625,"norwood.mouth",1.08779591836735,8.02594204081633
2,2021-08-02 21:20:00,13.5,"norwood.mouth",1.55,7.675
2,2021-08-02 21:30:00,14.125,"norwood.mouth",1.24688566552901,7.48941638225256
2,2021-08-02 21:45:00,13.25,"norwood.mouth",1.55,7.076
2,2021-08-02 21:55:00,12.875,"norwood.mouth",1.55,6.962
2,2021-08-02 22:05:00,14.5,"norwood.mouth",1.10233644859813,6.7714953271028
2,2021-08-02 22:20:00,14.938,"norwood.mouth",0.969983370288248,6.24479309866962
2,2021-08-02 22:30:00,14.625,"norwood.mouth",0.994729136163983,6.1384187408492
2,2021-08-02 22:45:00,13.875,"norwood.mouth",1.27293233082707,5.91142105263158
2,2021-08-02 22:55:00,14.375,"norwood.mouth",1.07524834437086,5.41552069536424
2,2021-08-02 23:05:00,14.125,"norwood.mouth",1.15315922493682,5.18932771693345
2,2021-08-02 23:20:00,13.75,"norwood.mouth",1.28899422918384,5.08073619126134
2,2021-08-02 23:30:00,13.438,"norwood.mouth",1.39873913043478,4.97885956521739
2,2021-08-02 23:45:00,13.938,"norwood.mouth",1.17479338842975,4.45048760330578
2,2021-08-02 23:55:00,13.125,"norwood.mouth",1.55,4.486
2,2021-08-03 00:05:00,14,"norwood.mouth",1.14871244635193,4.06741201716738
2,2021-08-03 00:20:00,13.938,"norwood.mouth",1.12833020637899,3.90407363977486
2,2021-08-03 00:30:00,14.438,"norwood.mouth",0.990829297820823,3.71555447941889
2,2021-08-03 00:45:00,14.25,"norwood.mouth",0.99936,3.63142813333333
2,2021-08-03 00:55:00,14.25,"norwood.mouth",0.996662030598053,3.15664290681502
2,2021-08-03 01:05:00,13.562,"norwood.mouth",1.25302491103203,2.95164857651246
2,2021-08-03 01:20:00,14.25,"norwood.mouth",0.989948453608247,2.66684536082474
2,2021-08-03 01:30:00,14.312,"norwood.mouth",0.980317679558011,2.69881008287293
2,2021-08-03 01:45:00,13.75,"norwood.mouth",1.1369014084507,2.4963823943662
2,2021-08-03 01:55:00,13.75,"norwood.mouth",1.13932384341637,2.56566192170818
2,2021-08-03 02:05:00,13.562,"norwood.mouth",1.20019175455417,2.38811361457335
2,2021-08-03 02:20:00,14.562,"norwood.mouth",0.948229233741146,2.4143190598841
2,2021-08-03 02:30:00,13.438,"norwood.mouth",1.24142335766423,2.1722700729927
2,2021-08-03 02:45:00,13.562,"norwood.mouth",1.19891500904159,2.16102983725136
2,2021-08-03 02:55:00,14.688,"norwood.mouth",0.942255892255892,2.45838496071829
2,2021-08-03 03:05:00,13.562,"norwood.mouth",1.16516853932584,2.06568258426966
2,2021-08-03 03:20:00,15.25,"norwood.mouth",0.841973477578084,2.37963008201012
2,2021-08-03 03:30:00,15.188,"norwood.mouth",0.853251445086705,2.27768641618497
2,2021-08-03 03:45:00,14.938,"norwood.mouth",0.900832799487508,2.40929820627803
2,2021-08-03 03:55:00,14.125,"norwood.mouth",0.973889684813754,2.2144439469914
2,2021-08-03 04:05:00,15.062,"norwood.mouth",0.861606484893147,2.12919583640383
2,2021-08-03 04:20:00,14.375,"norwood.mouth",0.937955465587045,2.00612938596491
2,2021-08-03 04:30:00,15.188,"norwood.mouth",0.847257268239166,2.35380581459133
2,2021-08-03 04:45:00,14.562,"norwood.mouth",0.904,2.24966
2,2021-08-03 04:55:00,15.25,"norwood.mouth",0.846224277893147,2.36963998489711
2,2021-08-03 05:05:00,14.938,"norwood.mouth",0.861739130434782,2.23671956521739
2,2021-08-03 05:20:00,14.625,"norwood.mouth",0.906302816901408,2.06439436619718
2,2021-08-03 05:30:00,14.5,"norwood.mouth",0.918074656188605,2.06406434184676
2,2021-08-03 05:45:00,14.25,"norwood.mouth",0.943778801843318,1.988339093702
2,2021-08-03 05:55:00,14.875,"norwood.mouth",0.859853168469861,2.14429018547141
2,2021-08-03 06:05:00,14.375,"norwood.mouth",0.900862068965517,1.91154885057471
2,2021-08-03 06:20:00,13.875,"norwood.mouth",0.959903593339176,1.70804995617879
2,2021-08-03 06:30:00,14.5,"norwood.mouth",0.867956795679568,1.78916179117912
2,2021-08-03 06:45:00,14.312,"norwood.mouth",0.91986143187067,1.9377773287144
2,2021-08-03 06:55:00,14.625,"norwood.mouth",0.851056338028169,2.18960563380282
2,2021-08-03 07:05:00,14.688,"norwood.mouth",0.836105965172286,2.16917117450908
2,2021-08-03 07:20:00,14.062,"norwood.mouth",0.926497277676951,1.87266288566243
2,2021-08-03 07:30:00,14.625,"norwood.mouth",0.835065170166546,1.91701638305576
2,2021-08-03 07:45:00,14.75,"norwood.mouth",0.855529411764706,2.24421784313726
2,2021-08-03 07:55:00,14.938,"norwood.mouth",0.814723637049613,2.25949732754826
2,2021-08-03 08:05:00,13.812,"norwood.mouth",0.944819391634981,1.81001687262357
2,2021-08-03 08:20:00,13.875,"norwood.mouth",0.926868905742145,1.92007015167931
2,2021-08-03 08:30:00,14.625,"norwood.mouth",0.833505528366866,2.23795208748716
2,2021-08-03 08:45:00,14.375,"norwood.mouth",0.838588850174216,2.30055734610917
2,2021-08-03 08:55:00,13.812,"norwood.mouth",0.943913043478261,2.19260869565217
2,2021-08-03 09:05:00,14.188,"norwood.mouth",0.874120603015075,2.51456281407035
2,2021-08-03 09:20:00,13.938,"norwood.mouth",0.92493837304848,2.68103697617091
2,2021-08-03 09:30:00,13.812,"norwood.mouth",0.92535145267104,2.91433177132146
2,2021-08-03 09:45:00,13.5,"norwood.mouth",0.978919694072658,2.94696797323136
2,2021-08-03 09:55:00,13.875,"norwood.mouth",0.944386422976501,3.26388446475196
2,2021-08-03 10:05:00,14.5,"norwood.mouth",0.854909560723514,3.89380189491817
2,2021-08-03 10:20:00,13.125,"norwood.mouth",1.16835016835017,2.86520959595959
2,2021-08-03 10:30:00,13.375,"norwood.mouth",0.99412265758092,3.83280238500852
2,2021-08-03 10:45:00,13.625,"norwood.mouth",0.96530612244898,4.10406632653061
2,2021-08-03 10:55:00,13.188,"norwood.mouth",1.17323651452282,3.61693084370678
2,2021-08-03 11:05:00,13.25,"norwood.mouth",1.10092272202999,3.88137418300653
2,2021-08-03 11:20:00,13.438,"norwood.mouth",1.05601659751037,4.48499688796681
2,2021-08-03 11:30:00,13.25,"norwood.mouth",1.23616236162362,3.74598308733087
2,2021-08-03 11:45:00,13.562,"norwood.mouth",1.19878296146045,4.11404530087897
2,2021-08-03 11:55:00,12.812,"norwood.mouth",1.47294429708223,3.136
2,2021-08-03 12:05:00,13.812,"norwood.mouth",1.07768052516411,4.93780415754923
2,2021-08-03 12:20:00,13.312,"norwood.mouth",1.39290085679315,3.80749632802937
2,2021-08-03 12:30:00,14.312,"norwood.mouth",0.941272902603665,5.59056726133076
2,2021-08-03 12:45:00,14.312,"norwood.mouth",0.954102564102564,5.79774188034188
2,2021-08-03 12:55:00,13.812,"norwood.mouth",1.13914174252276,5.26544960988296
2,2021-08-03 13:05:00,14.375,"norwood.mouth",0.969645080946451,6.26901198630137
2,2021-08-03 13:20:00,14,"norwood.mouth",1.08680142687277,5.80903507728894
2,2021-08-03 13:30:00,14.75,"norwood.mouth",0.934945397815913,6.8736879875195
2,2021-08-03 13:45:00,14.125,"norwood.mouth",1.02675386444709,6.84602051129608
2,2021-08-03 13:55:00,14.188,"norwood.mouth",1.00346820809249,7.0536661849711
2,2021-08-03 14:05:00,14.375,"norwood.mouth",0.991212956581668,7.18550895933839
2,2021-08-03 14:20:00,14.188,"norwood.mouth",1.07959401709402,7.01454344729345
2,2021-08-03 14:30:00,13.875,"norwood.mouth",1.27134146341463,6.66548983739837
2,2021-08-03 14:45:00,14.312,"norwood.mouth",1.08001893939394,7.69641950757576
2,2021-08-03 14:55:00,13.188,"norwood.mouth",1.55,6.192
2,2021-08-03 15:05:00,13.812,"norwood.mouth",1.32845744680851,6.88590602836879
2,2021-08-03 15:20:00,14.188,"norwood.mouth",1.15787037037037,7.67311265432099
2,2021-08-03 15:30:00,14.188,"norwood.mouth",1.18967013888889,7.75010054976852
2,2021-08-03 15:45:00,14.312,"norwood.mouth",1.16041666666667,7.96648611111111
2,2021-08-03 15:55:00,13.375,"norwood.mouth",1.55,7.193
2,2021-08-03 16:05:00,13.688,"norwood.mouth",1.43464566929134,7.37456496062992
2,2021-08-03 16:20:00,13.5,"norwood.mouth",1.55,7.49
2,2021-08-03 16:30:00,13.688,"norwood.mouth",1.44409448818898,7.64292125984252
2,2021-08-03 16:45:00,13.562,"norwood.mouth",1.55,7.779
2,2021-08-03 16:55:00,13.938,"norwood.mouth",1.33534812547819,8.22144644223412
2,2021-08-03 17:05:00,12.75,"norwood.mouth",1.55,7.899
2,2021-08-03 17:20:00,13.312,"norwood.mouth",1.55,8.046
2,2021-08-03 17:30:00,13.25,"norwood.mouth",1.55,8.205
2,2021-08-03 17:45:00,13.75,"norwood.mouth",1.42606717984605,8.41919524142757
2,2021-08-03 17:55:00,12.938,"norwood.mouth",1.55,8.393
2,2021-08-03 18:05:00,12.875,"norwood.mouth",1.55,8.446
2,2021-08-03 18:20:00,12.625,"norwood.mouth",1.55,8.549
2,2021-08-03 18:30:00,12.812,"norwood.mouth",1.55,8.616
2,2021-08-03 18:45:00,13.125,"norwood.mouth",1.55,8.671
2,2021-08-03 18:55:00,12.688,"norwood.mouth",1.55,8.685
2,2021-08-03 19:05:00,13.062,"norwood.mouth",1.55,8.683
2,2021-08-03 19:20:00,13.375,"norwood.mouth",1.55,8.6
2,2021-08-03 19:30:00,13.25,"norwood.mouth",1.55,8.592
2,2021-08-03 19:45:00,13.062,"norwood.mouth",1.55,8.527
2,2021-08-03 19:55:00,13,"norwood.mouth",1.55,8.443
2,2021-08-03 20:05:00,12.812,"norwood.mouth",1.55,8.385
2,2021-08-03 20:20:00,12.688,"norwood.mouth",1.55,8.206
2,2021-08-03 20:30:00,12.625,"norwood.mouth",1.55,8.106
2,2021-08-03 20:45:00,12.625,"norwood.mouth",1.55,7.942
2,2021-08-03 20:55:00,12.625,"norwood.mouth",1.55,7.822
2,2021-08-03 21:05:00,12.625,"norwood.mouth",1.55,7.674
2,2021-08-03 21:20:00,12.688,"norwood.mouth",1.55,7.418
2,2021-08-03 21:30:00,12.5,"norwood.mouth",1.55,7.219
2,2021-08-03 21:45:00,13,"norwood.mouth",1.55,6.866
2,2021-08-03 21:55:00,13.625,"norwood.mouth",1.39044609665427,6.68457583643123
2,2021-08-03 22:05:00,13.688,"norwood.mouth",1.35215798045603,6.48328298045603
2,2021-08-03 22:20:00,13,"norwood.mouth",1.55,6.084
2,2021-08-03 22:30:00,14,"norwood.mouth",1.22076138147567,5.84452452904239
2,2021-08-03 22:45:00,14.438,"norwood.mouth",1.00767431972789,5.5066860473356
2,2021-08-03 22:55:00,14.688,"norwood.mouth",0.986122345803842,5.24025985844287
2,2021-08-03 23:05:00,14.812,"norwood.mouth",0.974529867256637,4.8766798949115
2,2021-08-03 23:20:00,13.875,"norwood.mouth",1.22358044164038,4.6336403785489
2,2021-08-03 23:30:00,14.375,"norwood.mouth",1.02151690024732,4.62753668590272
2,2021-08-03 23:45:00,14.125,"norwood.mouth",1.12361111111111,4.19800694444444
2,2021-08-03 23:55:00,14.625,"norwood.mouth",0.976821955719557,4.14603505535055
2,2021-08-04 00:05:00,14,"norwood.mouth",1.13605527638191,3.89828706030151
2,2021-08-04 00:20:00,14.375,"norwood.mouth",0.995343511450382,3.72829109414758
2,2021-08-04 00:30:00,13.562,"norwood.mouth",1.27806080525883,3.3777849219392
2,2021-08-04 00:45:00,13.625,"norwood.mouth",1.25396447140381,3.11988037983824
2,2021-08-04 00:55:00,12.812,"norwood.mouth",1.55,2.901
2,2021-08-04 01:05:00,14.312,"norwood.mouth",0.99218836565097,3.11133005540166
2,2021-08-04 01:20:00,14.25,"norwood.mouth",0.987993680884676,3.03271656134808
2,2021-08-04 01:30:00,14.25,"norwood.mouth",0.988850174216028,2.80542334494774
2,2021-08-04 01:45:00,13.312,"norwood.mouth",1.372,2.30475
2,2021-08-04 01:55:00,14.25,"norwood.mouth",0.993243243243243,2.64918018018018
2,2021-08-04 02:05:00,14.562,"norwood.mouth",0.956532066508314,2.62507779097387
2,2021-08-04 02:20:00,15.25,"norwood.mouth",0.87813134732566,2.62078825321598
2,2021-08-04 02:30:00,14.688,"norwood.mouth",0.94,2.3342
2,2021-08-04 02:45:00,15.25,"norwood.mouth",0.874059405940594,2.19626138613861
2,2021-08-04 02:55:00,15.625,"norwood.mouth",0.862355848434926,2.42103377265239
2,2021-08-04 03:05:00,14.938,"norwood.mouth",0.914090909090909,2.27165909090909
2,2021-08-04 03:20:00,14.625,"norwood.mouth",0.933663704716336,2.07777922077922
2,2021-08-04 03:30:00,14.562,"norwood.mouth",0.925601750547046,2.01092159008023
2,2021-08-04 03:45:00,14.688,"norwood.mouth",0.917330677290837,1.99146281540505
2,2021-08-04 03:55:00,13.75,"norwood.mouth",1.00549898167006,1.86068075356415
2,2021-08-04 04:05:00,15.438,"norwood.mouth",0.86685393258427,2.12480337078652
2,2021-08-04 04:20:00,15.062,"norwood.mouth",0.884601975595584,2.28264497385241
2,2021-08-04 04:30:00,14.625,"norwood.mouth",0.920485257985258,2.13815863022113
2,2021-08-04 04:45:00,14.75,"norwood.mouth",0.894144838212635,2.54692295839754
2,2021-08-04 04:55:00,14.125,"norwood.mouth",0.955637886597938,2.12802593427835
2,2021-08-04 05:05:00,14.312,"norwood.mouth",0.93255033557047,2.07330536912752
2,2021-08-04 05:20:00,13.688,"norwood.mouth",1.00087124878993,1.77608155856728
2,2021-08-04 05:30:00,14.75,"norwood.mouth",0.884013377926421,1.95471471571906
2,2021-08-04 05:45:00,14.25,"norwood.mouth",0.944969199178645,1.89798186173854
2,2021-08-04 05:55:00,14.25,"norwood.mouth",0.93096926713948,1.86639361702128
2,2021-08-04 06:05:00,14.688,"norwood.mouth",0.900356506238859,1.88747459893048
2,2021-08-04 06:20:00,14.125,"norwood.mouth",0.925533596837945,2.00683814229249
2,2021-08-04 06:30:00,14.312,"norwood.mouth",0.926734693877551,2.11355918367347
2,2021-08-04 06:45:00,13.688,"norwood.mouth",0.991463414634146,1.79768292682927
2,2021-08-04 06:55:00,14.062,"norwood.mouth",0.933477237048666,1.84710655416013
2,2021-08-04 07:05:00,13.812,"norwood.mouth",0.960824345146379,1.97702850539291
2,2021-08-04 07:20:00,14.438,"norwood.mouth",0.869982471516214,1.83713234005259
2,2021-08-04 07:30:00,14.5,"norwood.mouth",0.847884084636615,1.86359536951855
2,2021-08-04 07:45:00,14.188,"norwood.mouth",0.90181598062954,1.94003631961259
2,2021-08-04 07:55:00,13.75,"norwood.mouth",0.949760076775432,1.90768450095969
2,2021-08-04 08:05:00,14.25,"norwood.mouth",0.906061692969871,2.15283572453372
2,2021-08-04 08:20:00,13.938,"norwood.mouth",0.939299171062547,2.01812358703843
2,2021-08-04 08:30:00,13.562,"norwood.mouth",0.971238532110092,2.09968096330275
2,2021-08-04 08:45:00,13.938,"norwood.mouth",0.926442307692308,2.08513942307692
2,2021-08-04 08:55:00,13.812,"norwood.mouth",0.952302631578947,2.21975493421053
2,2021-08-04 09:05:00,13.375,"norwood.mouth",1.00112107623318,2.11095291479821
2,2021-08-04 09:20:00,13.375,"norwood.mouth",0.985286783042394,2.43597277639235
2,2021-08-04 09:30:00,13.375,"norwood.mouth",0.984025270758123,2.51029828519856
2,2021-08-04 09:45:00,13,"norwood.mouth",1.22477578475336,2.09874981315396
2,2021-08-04 09:55:00,12.938,"norwood.mouth",1.24591194968553,2.06452882599581
2,2021-08-04 10:05:00,12.562,"norwood.mouth",1.49315068493151,1.34
2,2021-08-04 10:20:00,12.812,"norwood.mouth",1.30967336683417,2.13589886934673
2,2021-08-04 10:30:00,12.938,"norwood.mouth",1.23841463414634,2.48521443089431
2,2021-08-04 10:45:00,12.438,"norwood.mouth",1.55,1.62
2,2021-08-04 10:55:00,12.125,"norwood.mouth",1.55,1.659
2,2021-08-04 11:05:00,11.938,"norwood.mouth",1.55,1.75
2,2021-08-04 11:20:00,12.188,"norwood.mouth",1.55,1.934
2,2021-08-04 11:30:00,12.75,"norwood.mouth",1.45141700404858,2.147
2,2021-08-04 11:45:00,11.562,"norwood.mouth",1.55,2.543
2,2021-08-04 11:55:00,11.25,"norwood.mouth",1.55,3.841
2,2021-08-04 12:05:00,11.188,"norwood.mouth",1.55,3.113
2,2021-08-04 12:20:00,11.25,"norwood.mouth",1.55,3.256
2,2021-08-04 12:30:00,11.438,"norwood.mouth",1.55,3.428
2,2021-08-04 12:45:00,11.5,"norwood.mouth",1.55,3.697
2,2021-08-04 12:55:00,11.562,"norwood.mouth",1.55,3.918
2,2021-08-04 13:05:00,11.625,"norwood.mouth",1.55,4.064
2,2021-08-04 13:20:00,11.625,"norwood.mouth",1.55,4.266
2,2021-08-04 13:30:00,11.75,"norwood.mouth",1.55,4.362
2,2021-08-04 13:45:00,11.875,"norwood.mouth",1.55,4.574
2,2021-08-04 13:55:00,12.5,"norwood.mouth",1.55,4.716
2,2021-08-04 14:05:00,12.375,"norwood.mouth",1.55,4.899
2,2021-08-04 14:20:00,12.625,"norwood.mouth",1.55,5.261
2,2021-08-04 14:30:00,13.5,"norwood.mouth",1.453125,5.378
2,2021-08-04 14:45:00,12.562,"norwood.mouth",1.55,5.671
2,2021-08-04 14:55:00,13.062,"norwood.mouth",1.55,5.846
2,2021-08-04 15:05:00,12.375,"norwood.mouth",1.55,6.005
2,2021-08-04 15:20:00,12.438,"norwood.mouth",1.55,6.266
2,2021-08-04 15:30:00,12.688,"norwood.mouth",1.55,6.496
2,2021-08-04 15:45:00,13.062,"norwood.mouth",1.55,6.645
2,2021-08-04 15:55:00,13.312,"norwood.mouth",1.55,6.873
2,2021-08-04 16:05:00,13.062,"norwood.mouth",1.55,6.993
2,2021-08-04 16:20:00,14.188,"norwood.mouth",1.29448818897638,7.91883989501312
2,2021-08-04 16:30:00,12.875,"norwood.mouth",1.55,7.342
2,2021-08-04 16:45:00,12.875,"norwood.mouth",1.55,7.547
2,2021-08-04 16:55:00,13,"norwood.mouth",1.55,7.728
2,2021-08-04 17:05:00,12.812,"norwood.mouth",1.55,7.865
2,2021-08-04 17:20:00,13,"norwood.mouth",1.55,8.052
2,2021-08-04 17:30:00,12.875,"norwood.mouth",1.55,8.16
2,2021-08-04 17:45:00,12.938,"norwood.mouth",1.55,8.36
2,2021-08-04 17:55:00,12.938,"norwood.mouth",1.55,8.509
2,2021-08-04 18:05:00,13,"norwood.mouth",1.55,8.579
2,2021-08-04 18:20:00,12.938,"norwood.mouth",1.55,8.62
2,2021-08-04 18:30:00,13,"norwood.mouth",1.55,8.681
2,2021-08-04 18:45:00,13.312,"norwood.mouth",1.55,8.723
2,2021-08-04 18:55:00,12.938,"norwood.mouth",1.55,8.763
2,2021-08-04 19:05:00,12.688,"norwood.mouth",1.55,8.769
2,2021-08-04 19:20:00,12.812,"norwood.mouth",1.55,8.691
2,2021-08-04 19:30:00,12.875,"norwood.mouth",1.55,8.677
2,2021-08-04 19:45:00,12.812,"norwood.mouth",1.55,8.607
2,2021-08-04 19:55:00,12.812,"norwood.mouth",1.55,8.494
2,2021-08-04 20:05:00,12.875,"norwood.mouth",1.55,8.454
2,2021-08-04 20:20:00,12.625,"norwood.mouth",1.55,8.405
2,2021-08-04 20:30:00,12.562,"norwood.mouth",1.55,8.311
2,2021-08-04 20:45:00,12.688,"norwood.mouth",1.55,8.114
2,2021-08-04 20:55:00,12.625,"norwood.mouth",1.55,8.006
2,2021-08-04 21:05:00,12.562,"norwood.mouth",1.55,7.851
2,2021-08-04 21:20:00,12.438,"norwood.mouth",1.55,7.575
2,2021-08-04 21:30:00,12.5,"norwood.mouth",1.55,7.412
2,2021-08-04 21:45:00,12.5,"norwood.mouth",1.55,7.092
2,2021-08-04 21:55:00,12.625,"norwood.mouth",1.55,6.911
2,2021-08-04 22:05:00,12.688,"norwood.mouth",1.55,6.661
2,2021-08-04 22:20:00,12.875,"norwood.mouth",1.55,6.36
2,2021-08-04 22:30:00,13,"norwood.mouth",1.55,6.144
2,2021-08-04 22:45:00,12.938,"norwood.mouth",1.55,5.805
2,2021-08-04 22:55:00,13.25,"norwood.mouth",1.49453125,5.586
2,2021-08-04 23:05:00,13.375,"norwood.mouth",1.44083333333333,5.29915555555556
2,2021-08-04 23:20:00,14,"norwood.mouth",1.16369047619048,4.72230456349206
2,2021-08-04 23:30:00,13.625,"norwood.mouth",1.3202614379085,4.6977788671024
2,2021-08-04 23:45:00,13.562,"norwood.mouth",1.34237421383648,4.42138561320755
2,2021-08-04 23:55:00,13.375,"norwood.mouth",1.41426282051282,4.18077430555556
2,2021-08-05 00:05:00,13.125,"norwood.mouth",1.4910447761194,4.001
2,2021-08-05 00:20:00,13.5,"norwood.mouth",1.33860232945092,3.6329943150305
2,2021-08-05 00:30:00,13.438,"norwood.mouth",1.35440931780366,3.48477953410982
2,2021-08-05 00:45:00,13.562,"norwood.mouth",1.29513343799058,3.33207783882784
2,2021-08-05 00:55:00,13.875,"norwood.mouth",1.17174721189591,3.16327230483271
2,2021-08-05 01:05:00,14.812,"norwood.mouth",0.966182682154171,3.54695974128828
2,2021-08-05 01:20:00,14.188,"norwood.mouth",1.06951305575159,3.14546247941661
2,2021-08-05 01:30:00,14.125,"norwood.mouth",1.0832745236415,2.98289537755822
2,2021-08-05 01:45:00,14.188,"norwood.mouth",1.02950075642965,2.84906164901664
2,2021-08-05 01:55:00,14.625,"norwood.mouth",0.953361344537815,2.79040756302521
2,2021-08-05 02:05:00,14.625,"norwood.mouth",0.949214454045562,2.74977729772192
2,2021-08-05 02:20:00,15.438,"norwood.mouth",0.882260024301337,2.84483566221142
2,2021-08-05 02:30:00,14.938,"norwood.mouth",0.917557251908397,2.71340458015267
2,2021-08-05 02:45:00,14.812,"norwood.mouth",0.928022670025189,2.61097134760705
2,2021-08-05 02:55:00,15.375,"norwood.mouth",0.858942512420156,2.59030447125621
2,2021-08-05 03:05:00,14.625,"norwood.mouth",0.940810276679842,2.56559025032938
2,2021-08-05 03:20:00,14.875,"norwood.mouth",0.913639281129653,2.43916126444159
2,2021-08-05 03:30:00,15.5,"norwood.mouth",0.849381406857547,2.30944155767645
2,2021-08-05 03:45:00,15.25,"norwood.mouth",0.881565513329552,2.49844980147476
2,2021-08-05 03:55:00,14.562,"norwood.mouth",0.938321405335068,2.13832075471698
2,2021-08-05 04:05:00,15.625,"norwood.mouth",0.856483921982077,2.48964891934634
2,2021-08-05 04:20:00,15.5,"norwood.mouth",0.841626148028093,2.2895642895732
2,2021-08-05 04:30:00,14.75,"norwood.mouth",0.918456973293769,2.13497195845697
2,2021-08-05 04:45:00,15.062,"norwood.mouth",0.877174623937214,2.32472482014388
2,2021-08-05 04:55:00,15.125,"norwood.mouth",0.867412451361868,2.26447616731518
2,2021-08-05 05:05:00,14.375,"norwood.mouth",0.944608150470219,2.18931379310345
2,2021-08-05 05:20:00,14.875,"norwood.mouth",0.888674934725848,2.09875130548303
2,2021-08-05 05:30:00,14.562,"norwood.mouth",0.913014827018122,1.95760955518946
2,2021-08-05 05:45:00,14.312,"norwood.mouth",0.958171206225681,2.26669520103761
2,2021-08-05 05:55:00,14.562,"norwood.mouth",0.924105011933174,2.17253818615752
2,2021-08-05 06:05:00,14.875,"norwood.mouth",0.887344827586207,2.11998655172414
2,2021-08-05 06:20:00,15.188,"norwood.mouth",0.873867403314917,2.71687403314917
2,2021-08-05 06:30:00,14.312,"norwood.mouth",0.931759656652361,2.05164055793991
2,2021-08-05 06:45:00,15.438,"norwood.mouth",0.809789240155297,2.35050378997966
2,2021-08-05 06:55:00,15.5,"norwood.mouth",0.83548679701673,2.66827615400121
2,2021-08-05 07:05:00,15.812,"norwood.mouth",0.782391995511502,2.83580783616981
2,2021-08-05 07:20:00,15.812,"norwood.mouth",0.760980036297641,2.85764609800363
2,2021-08-05 07:30:00,15.375,"norwood.mouth",0.7993206022769,2.56209731913331
2,2021-08-05 07:45:00,14.75,"norwood.mouth",0.847158570119157,2.03164222425909
2,2021-08-05 07:55:00,14.5,"norwood.mouth",0.882546036829464,1.96931825460368
2,2021-08-05 08:05:00,15,"norwood.mouth",0.830056444026341,2.4220611476952
2,2021-08-05 08:20:00,14.688,"norwood.mouth",0.85744920993228,2.2420835214447
2,2021-08-05 08:30:00,14.375,"norwood.mouth",0.880352644836272,2.20467590260285
2,2021-08-05 08:45:00,14.875,"norwood.mouth",0.836814646177196,2.52609858976791
2,2021-08-05 08:55:00,14.875,"norwood.mouth",0.82064596716631,2.90373837140138
2,2021-08-05 09:05:00,14.5,"norwood.mouth",0.862931034482759,3.02989224137931
2,2021-08-05 09:20:00,15,"norwood.mouth",0.813772123893805,3.42682171828909
2,2021-08-05 09:30:00,14.438,"norwood.mouth",0.895751138088012,3.36582738998483
2,2021-08-05 09:45:00,14.312,"norwood.mouth",0.89301652892562,3.35835454545454
2,2021-08-05 09:55:00,13.375,"norwood.mouth",1.05218317358892,2.92252547035854
2,2021-08-05 10:05:00,13.5,"norwood.mouth",1.02327935222672,3.49475303643725
2,2021-08-05 10:20:00,13.125,"norwood.mouth",1.20591286307054,3.10097493084371
2,2021-08-05 10:30:00,13.625,"norwood.mouth",0.980775716694772,4.10120151770658
2,2021-08-05 10:45:00,12.938,"norwood.mouth",1.28675645342312,2.97594566030677
2,2021-08-05 10:55:00,12.875,"norwood.mouth",1.33557800224467,2.80292283950617
2,2021-08-05 11:05:00,13.188,"norwood.mouth",1.18231441048035,3.57413828238719
2,2021-08-05 11:20:00,12.938,"norwood.mouth",1.2973137973138,3.36454599104599
2,2021-08-05 11:30:00,12.375,"norwood.mouth",1.55,2.704
2,2021-08-05 11:45:00,13.125,"norwood.mouth",1.21670305676856,4.22535443959243
2,2021-08-05 11:55:00,12.438,"norwood.mouth",1.55,3.05
2,2021-08-05 12:05:00,12.562,"norwood.mouth",1.47733333333333,3.203
2,2021-08-05 12:20:00,12.125,"norwood.mouth",1.55,3.369
2,2021-08-05 12:30:00,12,"norwood.mouth",1.55,3.51
2,2021-08-05 12:45:00,12.188,"norwood.mouth",1.55,3.712
2,2021-08-05 12:55:00,12.312,"norwood.mouth",1.55,3.829
2,2021-08-05 13:05:00,11.688,"norwood.mouth",1.55,3.943
2,2021-08-05 13:20:00,11.75,"norwood.mouth",1.55,4.095
2,2021-08-05 13:30:00,11.75,"norwood.mouth",1.55,4.19
2,2021-08-05 13:45:00,11.938,"norwood.mouth",1.55,4.461
2,2021-08-05 13:55:00,12,"norwood.mouth",1.55,4.646
2,2021-08-05 14:05:00,12.062,"norwood.mouth",1.55,4.772
2,2021-08-05 14:20:00,11.938,"norwood.mouth",1.55,5.133
2,2021-08-05 14:30:00,11.812,"norwood.mouth",1.55,5.357
2,2021-08-05 14:45:00,12.5,"norwood.mouth",1.55,5.668
2,2021-08-05 14:55:00,12.25,"norwood.mouth",1.55,5.734
2,2021-08-05 15:05:00,12.562,"norwood.mouth",1.55,5.829
2,2021-08-05 15:20:00,12.5,"norwood.mouth",1.55,6.014
2,2021-08-05 15:30:00,12.688,"norwood.mouth",1.55,6.008
2,2021-08-05 15:45:00,12.812,"norwood.mouth",1.46746987951807,6.3
2,2021-08-05 15:55:00,13.062,"norwood.mouth",1.42992874109264,6.51264944576405
2,2021-08-05 16:05:00,12.75,"norwood.mouth",1.55,6.558
2,2021-08-05 16:20:00,12.562,"norwood.mouth",1.55,6.773
2,2021-08-05 16:30:00,13.125,"norwood.mouth",1.40821501014199,6.98353820148749
2,2021-08-05 16:45:00,12.25,"norwood.mouth",1.55,6.973
2,2021-08-05 16:55:00,12.188,"norwood.mouth",1.55,7.1
2,2021-08-05 17:05:00,12.188,"norwood.mouth",1.55,7.221
2,2021-08-05 17:20:00,12.5,"norwood.mouth",1.55,7.417
2,2021-08-05 17:30:00,12.25,"norwood.mouth",1.55,7.229
2,2021-08-05 17:45:00,12.562,"norwood.mouth",1.55,7.692
2,2021-08-05 17:55:00,12.438,"norwood.mouth",1.55,7.747
2,2021-08-05 18:05:00,12.188,"norwood.mouth",1.55,7.813
2,2021-08-05 18:20:00,12.125,"norwood.mouth",1.55,7.828
2,2021-08-05 18:30:00,12.125,"norwood.mouth",1.55,7.877
2,2021-08-05 18:45:00,12.188,"norwood.mouth",1.55,7.878
2,2021-08-05 18:55:00,12,"norwood.mouth",1.55,7.942
2,2021-08-05 19:05:00,11.938,"norwood.mouth",1.55,7.965
2,2021-08-05 19:20:00,12,"norwood.mouth",1.55,7.899
2,2021-08-05 19:30:00,12,"norwood.mouth",1.55,7.855
2,2021-08-05 19:45:00,12,"norwood.mouth",1.55,7.883
2,2021-08-05 19:55:00,12.25,"norwood.mouth",1.55,7.867
2,2021-08-05 20:05:00,11.875,"norwood.mouth",1.55,7.793
2,2021-08-05 20:20:00,11.812,"norwood.mouth",1.55,7.615
2,2021-08-05 20:30:00,11.812,"norwood.mouth",1.55,7.483
2,2021-08-05 20:45:00,11.938,"norwood.mouth",1.55,7.155
2,2021-08-05 20:55:00,12,"norwood.mouth",1.55,7.016
2,2021-08-05 21:05:00,11.938,"norwood.mouth",1.55,6.837
2,2021-08-05 21:20:00,12.438,"norwood.mouth",1.55,6.621
2,2021-08-05 21:30:00,12,"norwood.mouth",1.55,6.505
2,2021-08-05 21:45:00,12.312,"norwood.mouth",1.55,6.268
2,2021-08-05 21:55:00,12.25,"norwood.mouth",1.55,6.327
2,2021-08-05 22:05:00,12.812,"norwood.mouth",1.47866205305652,6.185
2,2021-08-05 22:20:00,12.125,"norwood.mouth",1.55,5.963
2,2021-08-05 22:30:00,12.625,"norwood.mouth",1.55,5.789
2,2021-08-05 22:45:00,13,"norwood.mouth",1.37685459940653,5.57539614243323
2,2021-08-05 22:55:00,13.375,"norwood.mouth",1.20083102493075,5.61977354570637
2,2021-08-05 23:05:00,13.062,"norwood.mouth",1.3486901535682,5.22712646793135
2,2021-08-05 23:20:00,13.312,"norwood.mouth",1.22991689750693,5.1077188365651
2,2021-08-05 23:30:00,12.625,"norwood.mouth",1.55,4.565
2,2021-08-05 23:45:00,12.375,"norwood.mouth",1.55,4.384
2,2021-08-05 23:55:00,12.625,"norwood.mouth",1.55,4.179
2,2021-08-06 00:05:00,12.062,"norwood.mouth",1.55,4.021
2,2021-08-06 00:20:00,11.875,"norwood.mouth",1.55,3.86
2,2021-08-06 00:30:00,11.875,"norwood.mouth",1.55,3.592
2,2021-08-06 00:45:00,11.75,"norwood.mouth",1.55,3.409
2,2021-08-06 00:55:00,11.812,"norwood.mouth",1.55,3.32
2,2021-08-06 01:05:00,11.688,"norwood.mouth",1.55,3.132
2,2021-08-06 01:20:00,13,"norwood.mouth",1.36182108626198,2.98892971246006
2,2021-08-06 01:30:00,11.938,"norwood.mouth",1.55,2.725
2,2021-08-06 01:45:00,13,"norwood.mouth",1.31113537117904,2.71549344978166
2,2021-08-06 01:55:00,13.188,"norwood.mouth",1.23069498069498,2.72728314028314
2,2021-08-06 02:05:00,12.688,"norwood.mouth",1.45271049596309,2.356
2,2021-08-06 02:20:00,13.312,"norwood.mouth",1.13381742738589,2.74526556016597
2,2021-08-06 02:30:00,12.375,"norwood.mouth",1.55,2.056
2,2021-08-06 02:45:00,12.875,"norwood.mouth",1.34802904564315,2.1298310857538
2,2021-08-06 02:55:00,13.25,"norwood.mouth",1.15352697095436,2.4043571922545
2,2021-08-06 03:05:00,12.625,"norwood.mouth",1.47586980920314,1.808
2,2021-08-06 03:20:00,12.562,"norwood.mouth",1.49830508474576,1.692
2,2021-08-06 03:30:00,13.312,"norwood.mouth",1.08363858363858,2.35005006105006
2,2021-08-06 03:45:00,13.562,"norwood.mouth",0.979056603773585,2.41664150943396
2,2021-08-06 03:55:00,13,"norwood.mouth",1.22021419009371,1.87342280232039
2,2021-08-06 04:05:00,13.188,"norwood.mouth",1.18873517786561,2.10119960474308
2,2021-08-06 04:20:00,12.938,"norwood.mouth",1.25356679636835,1.65940272373541
2,2021-08-06 04:30:00,12.812,"norwood.mouth",1.31524390243903,1.42848577235772
2,2021-08-06 04:45:00,13.5,"norwood.mouth",0.975454545454546,2.01456363636364
2,2021-08-06 04:55:00,13.438,"norwood.mouth",0.983107535986452,2.06835478408129
2,2021-08-06 05:05:00,12.812,"norwood.mouth",1.31163594470046,1.37602995391705
2,2021-08-06 05:20:00,13.25,"norwood.mouth",1.01890243902439,1.93709044715447
2,2021-08-06 05:30:00,13.125,"norwood.mouth",1.15560165975104,1.58209024896265
2,2021-08-06 05:45:00,13.188,"norwood.mouth",1.06739631336405,1.68836693548387
2,2021-08-06 05:55:00,13.688,"norwood.mouth",0.964869281045752,1.97765005446623
2,2021-08-06 06:05:00,13.75,"norwood.mouth",0.913641425389755,1.71117371937639
2,2021-08-06 06:20:00,13.812,"norwood.mouth",0.912537764350453,1.76266616314199
2,2021-08-06 06:30:00,13.562,"norwood.mouth",0.942525125628141,1.61904396984925
2,2021-08-06 06:45:00,13.375,"norwood.mouth",0.975730994152047,1.50958382066277
2,2021-08-06 06:55:00,13.438,"norwood.mouth",0.965970515970516,1.55092628992629
2,2021-08-06 07:05:00,13.5,"norwood.mouth",0.951479007633588,1.67956607824427
2,2021-08-06 07:20:00,14,"norwood.mouth",0.868061926605505,1.67118463302752
2,2021-08-06 07:30:00,13.688,"norwood.mouth",0.925092024539877,1.65123067484663
2,2021-08-06 07:45:00,14.125,"norwood.mouth",0.847834560415764,1.77838371589433
2,2021-08-06 07:55:00,14.188,"norwood.mouth",0.849449339207048,1.77840381791483
2,2021-08-06 08:05:00,13.688,"norwood.mouth",0.913091482649842,1.73030494216614
2,2021-08-06 08:20:00,14.5,"norwood.mouth",0.820642201834862,2.39318960244648
2,2021-08-06 08:30:00,13.438,"norwood.mouth",0.961973947895791,1.85560546092184
2,2021-08-06 08:45:00,13.188,"norwood.mouth",1.07128412537917,1.98938043478261
2,2021-08-06 08:55:00,14.312,"norwood.mouth",0.820150862068966,2.67191109913793
2,2021-08-06 09:05:00,13.75,"norwood.mouth",0.917666232073012,2.42524771838331
2,2021-08-06 09:20:00,13.562,"norwood.mouth",0.923775510204082,2.44550459183673
2,2021-08-06 09:30:00,12.875,"norwood.mouth",1.22952477249747,2.0531734074823
2,2021-08-06 09:45:00,13.938,"norwood.mouth",0.8617903930131,3.04827729257642
2,2021-08-06 09:55:00,13,"norwood.mouth",1.175,2.43804166666667
2,2021-08-06 10:05:00,12.562,"norwood.mouth",1.39751184834123,1.70302231437599
2,2021-08-06 10:20:00,12.5,"norwood.mouth",1.44845971563981,1.83117535545024
2,2021-08-06 10:30:00,12.25,"norwood.mouth",1.55,1.879
2,2021-08-06 10:45:00,12.312,"norwood.mouth",1.55,2.066
2,2021-08-06 10:55:00,12.812,"norwood.mouth",1.29781105990783,2.84746601382488
2,2021-08-06 11:05:00,12.812,"norwood.mouth",1.30060975609756,3.01353455284553
2,2021-08-06 11:20:00,12,"norwood.mouth",1.55,2.746
2,2021-08-06 11:30:00,12.312,"norwood.mouth",1.55,2.906
2,2021-08-06 11:45:00,12.438,"norwood.mouth",1.55,3.152
2,2021-08-06 11:55:00,12.375,"norwood.mouth",1.55,3.358
2,2021-08-06 12:05:00,12.188,"norwood.mouth",1.55,3.582
2,2021-08-06 12:20:00,11.688,"norwood.mouth",1.55,3.857
2,2021-08-06 12:30:00,12.062,"norwood.mouth",1.55,4.006
2,2021-08-06 12:45:00,12,"norwood.mouth",1.55,4.394
2,2021-08-06 12:55:00,11.875,"norwood.mouth",1.55,4.625
2,2021-08-06 13:05:00,11.75,"norwood.mouth",1.55,4.714
2,2021-08-06 13:20:00,11.812,"norwood.mouth",1.55,4.968
2,2021-08-06 13:30:00,11.875,"norwood.mouth",1.55,4.745
2,2021-08-06 13:45:00,11.938,"norwood.mouth",1.55,1.089
2,2021-08-06 13:55:00,11.875,"norwood.mouth",1.55,4.811
2,2021-08-06 14:05:00,11.938,"norwood.mouth",1.55,5.394
2,2021-08-06 14:20:00,11.875,"norwood.mouth",1.55,5.801
2,2021-08-06 14:30:00,11.875,"norwood.mouth",1.55,5.96
2,2021-08-06 14:45:00,11.938,"norwood.mouth",1.55,6.232
2,2021-08-06 14:55:00,12.25,"norwood.mouth",1.55,6.493
2,2021-08-06 15:05:00,12.125,"norwood.mouth",1.55,6.515
2,2021-08-06 15:20:00,12.312,"norwood.mouth",1.55,6.672
2,2021-08-06 15:30:00,12.312,"norwood.mouth",1.55,7.033
2,2021-08-06 15:45:00,12.25,"norwood.mouth",1.55,7.261
2,2021-08-06 15:55:00,12.688,"norwood.mouth",1.55,7.472
2,2021-08-06 16:05:00,12.562,"norwood.mouth",1.55,7.623
2,2021-08-06 16:20:00,12.438,"norwood.mouth",1.55,7.687
2,2021-08-06 16:30:00,12.438,"norwood.mouth",1.55,7.8
2,2021-08-06 16:45:00,12.562,"norwood.mouth",1.55,7.926
2,2021-08-06 16:55:00,12.375,"norwood.mouth",1.55,8.078
2,2021-08-06 17:05:00,12.562,"norwood.mouth",1.55,8.122
2,2021-08-06 17:20:00,12.562,"norwood.mouth",1.55,8.317
2,2021-08-06 17:30:00,12.5,"norwood.mouth",1.55,8.423
2,2021-08-06 17:45:00,12.438,"norwood.mouth",1.55,8.612
2,2021-08-06 17:55:00,12.5,"norwood.mouth",1.55,8.721
2,2021-08-06 18:05:00,12.5,"norwood.mouth",1.55,8.836
2,2021-08-06 18:20:00,12.5,"norwood.mouth",1.55,8.778
2,2021-08-06 18:30:00,12.5,"norwood.mouth",1.55,8.944
2,2021-08-06 18:45:00,12.5,"norwood.mouth",1.55,8.932
2,2021-08-06 18:55:00,12.5,"norwood.mouth",1.55,8.97
2,2021-08-06 19:05:00,12.5,"norwood.mouth",1.55,9.001
2,2021-08-06 19:20:00,12.438,"norwood.mouth",1.55,9.02
2,2021-08-06 19:30:00,12.5,"norwood.mouth",1.55,8.951
2,2021-08-06 19:45:00,12.688,"norwood.mouth",1.55,8.863
2,2021-08-06 19:55:00,12.5,"norwood.mouth",1.55,8.755
2,2021-08-06 20:05:00,12.562,"norwood.mouth",1.55,8.615
2,2021-08-06 20:20:00,12.5,"norwood.mouth",1.55,8.375
2,2021-08-06 20:30:00,12.688,"norwood.mouth",1.55,8.224
2,2021-08-06 20:45:00,12.375,"norwood.mouth",1.55,7.98
2,2021-08-06 20:55:00,12.312,"norwood.mouth",1.55,7.726
2,2021-08-06 21:05:00,12.25,"norwood.mouth",1.55,7.522
2,2021-08-06 21:20:00,12.25,"norwood.mouth",1.55,7.262
2,2021-08-06 21:30:00,12.125,"norwood.mouth",1.55,6.9
2,2021-08-06 21:45:00,12.25,"norwood.mouth",1.55,6.423
2,2021-08-06 21:55:00,12.312,"norwood.mouth",1.55,6.07
2,2021-08-06 22:05:00,12.438,"norwood.mouth",1.55,5.806
2,2021-08-06 22:20:00,12.438,"norwood.mouth",1.55,5.531
2,2021-08-06 22:30:00,12.5,"norwood.mouth",1.55,5.292
2,2021-08-06 22:45:00,12.5,"norwood.mouth",1.55,4.875
2,2021-08-06 22:55:00,12.625,"norwood.mouth",1.55,4.618
2,2021-08-06 23:05:00,12.438,"norwood.mouth",1.55,4.395
2,2021-08-06 23:20:00,12.188,"norwood.mouth",1.55,4.075
2,2021-08-06 23:30:00,12.188,"norwood.mouth",1.55,3.887
2,2021-08-06 23:45:00,13.062,"norwood.mouth",1.48142857142857,3.684
2,2021-08-06 23:55:00,12.5,"norwood.mouth",1.55,3.523
2,2021-08-07 00:05:00,13.562,"norwood.mouth",1.3354263053536,3.53497631636924
2,2021-08-07 00:20:00,13,"norwood.mouth",1.55,3.131
2,2021-08-07 00:30:00,13.625,"norwood.mouth",1.29550033579584,3.18337944929483
2,2021-08-07 00:45:00,14.625,"norwood.mouth",1.014484007242,3.40373566686783
2,2021-08-07 00:55:00,13.438,"norwood.mouth",1.35109386026817,2.66825135262291
2,2021-08-07 01:05:00,14.312,"norwood.mouth",1.0182156133829,3.08121034696406
2,2021-08-07 01:20:00,13.438,"norwood.mouth",1.35491216655823,2.39660843634786
2,2021-08-07 01:30:00,13.25,"norwood.mouth",1.40061633281972,2.15396494607088
2,2021-08-07 01:45:00,14.75,"norwood.mouth",0.963928067700987,3.02267383638928
2,2021-08-07 01:55:00,13.625,"norwood.mouth",1.2514598540146,2.06807055961071
2,2021-08-07 02:05:00,13.75,"norwood.mouth",1.20059435364042,2.27356872213967
2,2021-08-07 02:20:00,14.75,"norwood.mouth",0.94541547277937,2.42361604584527
2,2021-08-07 02:30:00,14.812,"norwood.mouth",0.933992346938776,2.48355580357143
2,2021-08-07 02:45:00,15.188,"norwood.mouth",0.862453874538745,2.33697370848708
2,2021-08-07 02:55:00,15.438,"norwood.mouth",0.83644273573452,2.3361051531094
2,2021-08-07 03:05:00,15.312,"norwood.mouth",0.846544715447155,2.27285196476965
2,2021-08-07 03:20:00,15.375,"norwood.mouth",0.825670804965959,2.44362585102122
2,2021-08-07 03:30:00,14.375,"norwood.mouth",0.950877963125549,1.9870482879719
2,2021-08-07 03:45:00,14.688,"norwood.mouth",0.909969481180061,2.00295651068159
2,2021-08-07 03:55:00,14.375,"norwood.mouth",0.946408045977012,1.88364511494253
2,2021-08-07 04:05:00,14.812,"norwood.mouth",0.883753046303818,2.03853757108042
2,2021-08-07 04:20:00,14.938,"norwood.mouth",0.84880810488677,1.7126249503377
2,2021-08-07 04:30:00,14.562,"norwood.mouth",0.894294294294294,1.73147147147147
2,2021-08-07 04:45:00,13.438,"norwood.mouth",1.19648562300319,1.38770207667732
2,2021-08-07 04:55:00,14.125,"norwood.mouth",0.967507418397626,1.76405934718101
2,2021-08-07 05:05:00,14.062,"norwood.mouth",0.97406779661017,1.96583389830508
2,2021-08-07 05:20:00,13.5,"norwood.mouth",1.11823104693141,1.37377436823105
2,2021-08-07 05:30:00,14.062,"norwood.mouth",0.97941787941788,1.67692723492723
2,2021-08-07 05:45:00,14.438,"norwood.mouth",0.922056074766355,1.72319953271028
2,2021-08-07 05:55:00,14.812,"norwood.mouth",0.861175236096537,1.84219097586569
2,2021-08-07 06:05:00,16.375,"norwood.mouth",0.692577319587629,3.29572010309278
2,2021-08-07 06:20:00,14.25,"norwood.mouth",0.912513601741023,1.44426713819369
2,2021-08-07 06:30:00,14.312,"norwood.mouth",0.878240740740741,1.52636651234568
2,2021-08-07 06:45:00,14.875,"norwood.mouth",0.823306772908366,1.80667994687915
2,2021-08-07 06:55:00,15.125,"norwood.mouth",0.809445371142619,2.06491711843203
2,2021-08-07 07:05:00,15.25,"norwood.mouth",0.796461538461538,2.28455076923077
2,2021-08-07 07:20:00,14.375,"norwood.mouth",0.890020682523268,1.62315770423992
2,2021-08-07 07:30:00,13.875,"norwood.mouth",0.957308970099668,1.44329180509413
2,2021-08-07 07:45:00,14.125,"norwood.mouth",0.947558268590455,1.87735682574917
2,2021-08-07 07:55:00,14.438,"norwood.mouth",0.847917906008328,1.68786089629189
2,2021-08-07 08:05:00,14.562,"norwood.mouth",0.843991853360489,1.89210794297352
2,2021-08-07 08:20:00,14.5,"norwood.mouth",0.840809190809191,1.90049350649351
2,2021-08-07 08:30:00,14.438,"norwood.mouth",0.843619142572283,1.73963010967099
2,2021-08-07 08:45:00,13.938,"norwood.mouth",0.944700460829493,1.83856797235023
2,2021-08-07 08:55:00,14.188,"norwood.mouth",0.854424157303371,1.72883462078652
2,2021-08-07 09:05:00,14.375,"norwood.mouth",0.836290638464551,2.17285337511425
2,2021-08-07 09:20:00,14.062,"norwood.mouth",0.897147302904564,1.92572380705394
2,2021-08-07 09:30:00,14.25,"norwood.mouth",0.862618147448015,2.10413185255198
2,2021-08-07 09:45:00,13.562,"norwood.mouth",0.974253731343284,2.1523302238806
2,2021-08-07 09:55:00,14.125,"norwood.mouth",0.866002844950213,2.78852204836415
2,2021-08-07 10:05:00,12.625,"norwood.mouth",1.39737991266376,0.683077147016013
2,2021-08-07 10:20:00,13.938,"norwood.mouth",0.905591497227357,2.56221903881701
2,2021-08-07 10:30:00,14,"norwood.mouth",0.941961538461539,3.27316230769231
2,2021-08-07 10:45:00,13.938,"norwood.mouth",0.933434256055363,3.18901016435986
2,2021-08-07 10:55:00,13.375,"norwood.mouth",1.04418394950406,2.94448737601443
2,2021-08-07 11:05:00,13.25,"norwood.mouth",1.11744386873921,2.79178339090386
2,2021-08-07 11:20:00,12.812,"norwood.mouth",1.3091155234657,1.72406889290012
2,2021-08-07 11:30:00,12.875,"norwood.mouth",1.32244427363566,1.86840616192672
2,2021-08-07 11:45:00,13.812,"norwood.mouth",1.07798833819242,3.69882701652089
2,2021-08-07 11:55:00,13,"norwood.mouth",1.40047961630695,2.32314348521183
2,2021-08-07 12:05:00,12.75,"norwood.mouth",1.49109090909091,2.082
2,2021-08-07 12:20:00,12.625,"norwood.mouth",1.45684210526316,2.513
2,2021-08-07 12:30:00,12.312,"norwood.mouth",1.55,2.599
2,2021-08-07 12:45:00,12.25,"norwood.mouth",1.55,2.885
2,2021-08-07 12:55:00,12.125,"norwood.mouth",1.55,2.966
2,2021-08-07 13:05:00,12.375,"norwood.mouth",1.55,3.019
2,2021-08-07 13:20:00,12.688,"norwood.mouth",1.55,3.345
2,2021-08-07 13:30:00,12.688,"norwood.mouth",1.55,3.567
2,2021-08-07 13:45:00,12.875,"norwood.mouth",1.55,3.75
2,2021-08-07 13:55:00,12.75,"norwood.mouth",1.55,3.88
2,2021-08-07 14:05:00,12.625,"norwood.mouth",1.55,4.024
2,2021-08-07 14:20:00,13.188,"norwood.mouth",1.49518348623853,4.215
2,2021-08-07 14:30:00,12.312,"norwood.mouth",1.55,4.387
2,2021-08-07 14:45:00,12.312,"norwood.mouth",1.55,4.589
2,2021-08-07 14:55:00,12.5,"norwood.mouth",1.55,5.014
2,2021-08-07 15:05:00,12.5,"norwood.mouth",1.55,4.986
2,2021-08-07 15:20:00,12.562,"norwood.mouth",1.55,5.222
2,2021-08-07 15:30:00,12.562,"norwood.mouth",1.55,5.396
2,2021-08-07 15:45:00,12.688,"norwood.mouth",1.55,5.686
2,2021-08-07 15:55:00,12.812,"norwood.mouth",1.55,5.753
2,2021-08-07 16:05:00,13,"norwood.mouth",1.55,5.934
2,2021-08-07 16:20:00,13,"norwood.mouth",1.55,6.029
2,2021-08-07 16:30:00,13.062,"norwood.mouth",1.55,6.24
2,2021-08-07 16:45:00,13.125,"norwood.mouth",1.55,6.61
2,2021-08-07 16:55:00,12.75,"norwood.mouth",1.55,6.765
2,2021-08-07 17:05:00,13.25,"norwood.mouth",1.55,6.954
2,2021-08-07 17:20:00,12.938,"norwood.mouth",1.55,7.184
2,2021-08-07 17:30:00,13.188,"norwood.mouth",1.55,7.37
2,2021-08-07 17:45:00,13,"norwood.mouth",1.55,7.49
2,2021-08-07 17:55:00,12.75,"norwood.mouth",1.55,7.644
2,2021-08-07 18:05:00,13.375,"norwood.mouth",1.55,7.652
2,2021-08-07 18:20:00,13.312,"norwood.mouth",1.55,7.731
2,2021-08-07 18:30:00,13.562,"norwood.mouth",1.46527777777778,7.725
2,2021-08-07 18:45:00,13.5,"norwood.mouth",1.4847972972973,7.752
2,2021-08-07 18:55:00,13.125,"norwood.mouth",1.55,7.784
2,2021-08-07 19:05:00,12.938,"norwood.mouth",1.55,7.78
2,2021-08-07 19:20:00,13.062,"norwood.mouth",1.55,7.617
2,2021-08-07 19:30:00,12.812,"norwood.mouth",1.55,7.537
2,2021-08-07 19:45:00,12.625,"norwood.mouth",1.55,7.371
2,2021-08-07 19:55:00,12.75,"norwood.mouth",1.55,7.411
2,2021-08-07 20:05:00,12.688,"norwood.mouth",1.55,7.306
2,2021-08-07 20:20:00,12.625,"norwood.mouth",1.55,7.135
2,2021-08-07 20:30:00,12.75,"norwood.mouth",1.55,6.992
2,2021-08-07 20:45:00,13,"norwood.mouth",1.55,6.755
2,2021-08-07 20:55:00,12.875,"norwood.mouth",1.55,6.563
2,2021-08-07 21:05:00,12.5,"norwood.mouth",1.55,6.259
2,2021-08-07 21:20:00,12.438,"norwood.mouth",1.55,5.934
2,2021-08-07 21:30:00,12.875,"norwood.mouth",1.55,5.73
2,2021-08-07 21:45:00,13.312,"norwood.mouth",1.49817518248175,5.217
2,2021-08-07 21:55:00,13.562,"norwood.mouth",1.43460559796438,5.15038273960984
2,2021-08-07 22:05:00,14.312,"norwood.mouth",1.22074756229686,5.40490249187432
2,2021-08-07 22:20:00,14.25,"norwood.mouth",1.21143537820131,5.19576752034941
2,2021-08-07 22:30:00,13.062,"norwood.mouth",1.55,4.433
2,2021-08-07 22:45:00,13.438,"norwood.mouth",1.47122492080253,4.125
2,2021-08-07 22:55:00,15.938,"norwood.mouth",0.954419889502762,5.50382044198895
2,2021-08-07 23:05:00,15.625,"norwood.mouth",0.988846153846154,5.06540448717949
2,2021-08-07 23:20:00,14.812,"norwood.mouth",1.0930296377607,4.14739187705818
2,2021-08-07 23:30:00,14.25,"norwood.mouth",1.20845566647093,3.7871767469172
2,2021-08-07 23:45:00,13.375,"norwood.mouth",1.45581829495955,3.225
2,2021-08-07 23:55:00,14,"norwood.mouth",1.21465773809524,3.02376711309524
2,2021-08-08 00:05:00,13.375,"norwood.mouth",1.43349358974359,2.78365197649573
2,2021-08-08 00:20:00,14.062,"norwood.mouth",1.12454710144928,2.54904196859903
2,2021-08-08 00:30:00,13.5,"norwood.mouth",1.37369914853359,2.28606937874488
2,2021-08-08 00:45:00,14.625,"norwood.mouth",0.952416212003118,2.09090335151988
2,2021-08-08 00:55:00,14.938,"norwood.mouth",0.920327868852459,2.14556475409836
2,2021-08-08 01:05:00,14.25,"norwood.mouth",0.988487084870849,1.97268413284133
2,2021-08-08 01:20:00,14.312,"norwood.mouth",1.00081566068516,2.28407680804785
2,2021-08-08 01:30:00,14.5,"norwood.mouth",0.966225165562914,2.2098559602649
2,2021-08-08 01:45:00,15.312,"norwood.mouth",0.903463476070529,2.61333091939547
2,2021-08-08 01:55:00,14.75,"norwood.mouth",0.962478485370052,2.70981239242685
2,2021-08-08 02:05:00,14.5,"norwood.mouth",0.980314077397644,2.79296817162086
2,2021-08-08 02:20:00,15.312,"norwood.mouth",0.89924670433145,2.87437366603892
2,2021-08-08 02:30:00,14.812,"norwood.mouth",0.959239979177512,2.81829047371161
2,2021-08-08 02:45:00,14.5,"norwood.mouth",0.984963099630996,2.3567561500615
2,2021-08-08 02:55:00,14.125,"norwood.mouth",1.09174311926605,2.53625229357798
2,2021-08-08 03:05:00,14.812,"norwood.mouth",0.96488684582744,2.81547259547383
2,2021-08-08 03:20:00,14.312,"norwood.mouth",1.00897343862168,2.51102039961713
2,2021-08-08 03:30:00,14.188,"norwood.mouth",1.03789004457652,2.46101783060921
2,2021-08-08 03:45:00,14.625,"norwood.mouth",0.961480686695279,2.30137821888412
2,2021-08-08 03:55:00,14.375,"norwood.mouth",0.99832268370607,2.25513138977636
2,2021-08-08 04:05:00,14.5,"norwood.mouth",0.972118155619597,2.55048162824207
2,2021-08-08 04:20:00,15.188,"norwood.mouth",0.91280701754386,2.97493216374269
2,2021-08-08 04:30:00,14.062,"norwood.mouth",1.07715582450832,2.10948676248109
2,2021-08-08 04:45:00,14.625,"norwood.mouth",0.958516166281755,2.69442436489607
2,2021-08-08 04:55:00,14.375,"norwood.mouth",0.996036161335188,2.47107232267038
2,2021-08-08 05:05:00,13.688,"norwood.mouth",1.18916797488226,1.54330376766091
2,2021-08-08 05:20:00,14.188,"norwood.mouth",0.993435013262599,2.12144230769231
2,2021-08-08 05:30:00,15.438,"norwood.mouth",0.867659574468085,2.62007446808511
2,2021-08-08 05:45:00,15.375,"norwood.mouth",0.846747211895911,2.52401394052045
2,2021-08-08 05:55:00,13.938,"norwood.mouth",1.06519967400163,2.01835988861722
2,2021-08-08 06:05:00,14.938,"norwood.mouth",0.886830926083263,2.32662213254036
2,2021-08-08 06:20:00,13.312,"norwood.mouth",1.30254041570439,1.17381274056967
2,2021-08-08 06:30:00,13.875,"norwood.mouth",1.02431476569408,1.82564301503095
2,2021-08-08 06:45:00,14.375,"norwood.mouth",0.919637305699482,1.75166424870466
2,2021-08-08 06:55:00,14.375,"norwood.mouth",0.912611275964392,1.90778486646884
2,2021-08-08 07:05:00,13.938,"norwood.mouth",0.974269005847953,1.78142153996101
2,2021-08-08 07:20:00,13.938,"norwood.mouth",0.97218124341412,1.82436512118019
2,2021-08-08 07:30:00,13.812,"norwood.mouth",0.985741998060136,1.83658220174588
2,2021-08-08 07:45:00,14.062,"norwood.mouth",0.955986509274874,2.09239966273187
2,2021-08-08 07:55:00,13.562,"norwood.mouth",1.06484295845998,1.80770677136103
2,2021-08-08 08:05:00,14.25,"norwood.mouth",0.910153846153846,2.11959230769231
2,2021-08-08 08:20:00,13.812,"norwood.mouth",0.974885321100918,1.93579587155963
2,2021-08-08 08:30:00,13.5,"norwood.mouth",1.08201581027668,1.71710408432148
2,2021-08-08 08:45:00,13.688,"norwood.mouth",0.989562624254473,2.11796421471173
2,2021-08-08 08:55:00,14.188,"norwood.mouth",0.902923387096774,2.37761139112903
2,2021-08-08 09:05:00,13.938,"norwood.mouth",0.930897009966777,2.34962375415282
2,2021-08-08 09:20:00,13.875,"norwood.mouth",0.9338125,2.3696890625
2,2021-08-08 09:30:00,13.5,"norwood.mouth",0.999524312896406,2.37600924947146
2,2021-08-08 09:45:00,13,"norwood.mouth",1.25946275946276,1.6468723036223
2,2021-08-08 09:55:00,12.875,"norwood.mouth",1.33081761006289,1.49232651991614
2,2021-08-08 10:05:00,13.312,"norwood.mouth",0.99537773359841,2.82951143141153
2,2021-08-08 10:20:00,13.188,"norwood.mouth",1.05111111111111,2.77796111111111
2,2021-08-08 10:30:00,13.25,"norwood.mouth",1.07753357753358,2.90853734228734
2,2021-08-08 10:45:00,13.125,"norwood.mouth",1.17301038062284,2.54492214532872
2,2021-08-08 10:55:00,13.5,"norwood.mouth",0.988024193548387,3.81813891129032
2,2021-08-08 11:05:00,12.938,"norwood.mouth",1.24591194968553,2.57073689727463
2,2021-08-08 11:20:00,12.625,"norwood.mouth",1.46026097271649,1.605
2,2021-08-08 11:30:00,12.938,"norwood.mouth",1.28266178266178,2.60794983719984
2,2021-08-08 11:45:00,12.438,"norwood.mouth",1.55,2.185
2,2021-08-08 11:55:00,13.188,"norwood.mouth",1.27716727716728,3.37740730565731
2,2021-08-08 12:05:00,12.875,"norwood.mouth",1.49605263157895,2.845
2,2021-08-08 12:20:00,12.5,"norwood.mouth",1.55,3.108
2,2021-08-08 12:30:00,12.25,"norwood.mouth",1.55,3.299
2,2021-08-08 12:45:00,12.625,"norwood.mouth",1.55,3.498
2,2021-08-08 12:55:00,12.938,"norwood.mouth",1.47413793103448,3.717
2,2021-08-08 13:05:00,12.625,"norwood.mouth",1.55,3.877
2,2021-08-08 13:20:00,12.5,"norwood.mouth",1.55,4.186
2,2021-08-08 13:30:00,12.625,"norwood.mouth",1.55,4.442
2,2021-08-08 13:45:00,12.625,"norwood.mouth",1.55,4.746
2,2021-08-08 13:55:00,12.25,"norwood.mouth",1.55,5.06
2,2021-08-08 14:05:00,12.312,"norwood.mouth",1.55,5.219
2,2021-08-08 14:20:00,12.312,"norwood.mouth",1.55,5.362
2,2021-08-08 14:30:00,12.312,"norwood.mouth",1.55,5.927
2,2021-08-08 14:45:00,12.5,"norwood.mouth",1.55,6.242
2,2021-08-08 14:55:00,12.5,"norwood.mouth",1.55,6.455
2,2021-08-08 15:05:00,12.562,"norwood.mouth",1.55,6.573
2,2021-08-08 15:20:00,13.062,"norwood.mouth",1.55,6.929
2,2021-08-08 15:30:00,12.938,"norwood.mouth",1.55,7.087
2,2021-08-08 15:45:00,13.562,"norwood.mouth",1.46679245283019,7.091
2,2021-08-08 15:55:00,13.062,"norwood.mouth",1.55,7.269
2,2021-08-08 16:05:00,12.875,"norwood.mouth",1.55,7.265
2,2021-08-08 16:20:00,12.75,"norwood.mouth",1.55,7.452
2,2021-08-08 16:30:00,12.688,"norwood.mouth",1.55,7.641
2,2021-08-08 16:45:00,13.188,"norwood.mouth",1.55,7.81
2,2021-08-08 16:55:00,12.875,"norwood.mouth",1.55,8.02
2,2021-08-08 17:05:00,12.812,"norwood.mouth",1.55,8.127
2,2021-08-08 17:20:00,12.75,"norwood.mouth",1.55,8.235
2,2021-08-08 17:30:00,12.875,"norwood.mouth",1.55,8.341
2,2021-08-08 17:45:00,12.875,"norwood.mouth",1.55,8.537
2,2021-08-08 17:55:00,13.062,"norwood.mouth",1.55,8.801
2,2021-08-08 18:05:00,12.875,"norwood.mouth",1.55,8.79
2,2021-08-08 18:20:00,12.75,"norwood.mouth",1.55,8.873
2,2021-08-08 18:30:00,12.812,"norwood.mouth",1.55,8.886
2,2021-08-08 18:45:00,12.812,"norwood.mouth",1.55,8.908
2,2021-08-08 18:55:00,12.938,"norwood.mouth",1.55,9.001
2,2021-08-08 19:05:00,12.812,"norwood.mouth",1.55,8.955
2,2021-08-08 19:20:00,12.688,"norwood.mouth",1.55,8.875
2,2021-08-08 19:30:00,12.562,"norwood.mouth",1.55,8.783
2,2021-08-08 19:45:00,12.625,"norwood.mouth",1.55,8.635
2,2021-08-08 19:55:00,12.5,"norwood.mouth",1.55,8.498
2,2021-08-08 20:05:00,12.625,"norwood.mouth",1.55,8.334
2,2021-08-08 20:20:00,12.5,"norwood.mouth",1.55,8.031
2,2021-08-08 20:30:00,12.625,"norwood.mouth",1.55,7.821
2,2021-08-08 20:45:00,12.688,"norwood.mouth",1.55,7.614
2,2021-08-08 20:55:00,12.562,"norwood.mouth",1.55,7.456
2,2021-08-08 21:05:00,12.5,"norwood.mouth",1.55,7.197
2,2021-08-08 21:20:00,12.438,"norwood.mouth",1.55,6.804
2,2021-08-08 21:30:00,12.938,"norwood.mouth",1.55,6.528
2,2021-08-08 21:45:00,14.375,"norwood.mouth",1.22450376454483,6.50455047912389
2,2021-08-08 21:55:00,15.312,"norwood.mouth",0.951071181755356,6.52961523842433
2,2021-08-08 22:05:00,13.375,"norwood.mouth",1.55,5.531
2,2021-08-08 22:20:00,15.312,"norwood.mouth",0.967936327458783,6.29285943718022
2,2021-08-08 22:30:00,13.875,"norwood.mouth",1.32598039215686,5.10828513071895
2,2021-08-08 22:45:00,13.812,"norwood.mouth",1.33545918367347,4.73667389455782
2,2021-08-08 22:55:00,13.875,"norwood.mouth",1.28055555555556,4.52022685185185
2,2021-08-08 23:05:00,14.062,"norwood.mouth",1.18702651515152,4.41591319444444
2,2021-08-08 23:20:00,14.188,"norwood.mouth",1.13758680555556,4.54860199652778
2,2021-08-08 23:30:00,12.938,"norwood.mouth",1.55,3.754
2,2021-08-08 23:45:00,12.875,"norwood.mouth",1.55,3.451
2,2021-08-08 23:55:00,13.125,"norwood.mouth",1.55,3.216
2,2021-08-09 00:05:00,13.938,"norwood.mouth",1.18472222222222,3.80647453703704
2,2021-08-09 00:20:00,13.5,"norwood.mouth",1.37369914853359,2.87302357300536
2,2021-08-09 00:30:00,14.062,"norwood.mouth",1.13253546099291,3.54524615839243
2,2021-08-09 00:45:00,14.125,"norwood.mouth",1.06521739130435,3.2804347826087
2,2021-08-09 00:55:00,14.25,"norwood.mouth",1.04719387755102,3.45105952380952
2,2021-08-09 01:05:00,14.125,"norwood.mouth",1.05411655874191,3.27978237742831
2,2021-08-09 01:20:00,14.312,"norwood.mouth",0.99583081570997,3.32029879154079
2,2021-08-09 01:30:00,15.062,"norwood.mouth",0.925344036697248,3.4018744266055
2,2021-08-09 01:45:00,15.5,"norwood.mouth",0.867835051546392,3.50737594501718
2,2021-08-09 01:55:00,14.375,"norwood.mouth",0.970466926070039,2.95588949416342
2,2021-08-09 02:05:00,13.875,"norwood.mouth",1.17262895174709,2.4210205213533
2,2021-08-09 02:20:00,14.812,"norwood.mouth",0.913563049853373,2.68075843108504
2,2021-08-09 02:30:00,15.562,"norwood.mouth",0.85175017158545,3.17472614962251
2,2021-08-09 02:45:00,14.312,"norwood.mouth",0.965514469453376,2.62852210610932
2,2021-08-09 02:55:00,15,"norwood.mouth",0.891443074691806,3.32765445975344
2,2021-08-09 03:05:00,14.125,"norwood.mouth",0.987336993822924,2.79918737131091
2,2021-08-09 03:20:00,15.062,"norwood.mouth",0.852583862194016,2.54670829555757
2,2021-08-09 03:30:00,14.312,"norwood.mouth",0.953546453546454,2.40624250749251
2,2021-08-09 03:45:00,14.188,"norwood.mouth",0.96953578336557,2.22059381044487
2,2021-08-09 03:55:00,14.438,"norwood.mouth",0.929505300353357,2.42048056537102
2,2021-08-09 04:05:00,14.312,"norwood.mouth",0.934139264990329,2.27931141199226
2,2021-08-09 04:20:00,14.062,"norwood.mouth",0.968681318681319,2.22014285714286
2,2021-08-09 04:30:00,13.875,"norwood.mouth",1.00354969574036,2.0238137254902
2,2021-08-09 04:45:00,14.312,"norwood.mouth",0.94493670886076,2.22229113924051
2,2021-08-09 04:55:00,14,"norwood.mouth",0.985173501577287,1.92859963196635
2,2021-08-09 05:05:00,13.562,"norwood.mouth",1.11347517730496,1.50790721040189
2,2021-08-09 05:20:00,13.812,"norwood.mouth",1.01062801932367,1.90429669887279
2,2021-08-09 05:30:00,13.812,"norwood.mouth",1.02077687443541,1.9185460704607
2,2021-08-09 05:45:00,13.688,"norwood.mouth",1.04734299516908,1.58330032206119
2,2021-08-09 05:55:00,14.188,"norwood.mouth",0.940145102781137,1.99229806529625
2,2021-08-09 06:05:00,14,"norwood.mouth",0.93961038961039,1.69103896103896
2,2021-08-09 06:20:00,14.125,"norwood.mouth",0.903840782122905,1.66192074022346
2,2021-08-09 06:30:00,13.562,"norwood.mouth",1.0395256916996,1.34200757575758
2,2021-08-09 06:45:00,13.625,"norwood.mouth",0.99090407938258,1.72544432194046
2,2021-08-09 06:55:00,14.062,"norwood.mouth",0.919019248395967,1.90955912007333
2,2021-08-09 07:05:00,13.375,"norwood.mouth",1.05651672433679,1.50026211072664
2,2021-08-09 07:20:00,14.062,"norwood.mouth",0.886176470588236,1.92915147058823
2,2021-08-09 07:30:00,13.875,"norwood.mouth",0.918070652173913,1.75003872282609
2,2021-08-09 07:45:00,13.75,"norwood.mouth",0.939127906976744,1.75206715116279
2,2021-08-09 07:55:00,14.062,"norwood.mouth",0.868637992831541,1.78912783751493
2,2021-08-09 08:05:00,13.688,"norwood.mouth",0.941657638136511,2.05694041170098
2,2021-08-09 08:20:00,13.188,"norwood.mouth",1.1007326007326,1.69427411477412
2,2021-08-09 08:30:00,13.562,"norwood.mouth",0.92598167539267,1.9076917539267
2,2021-08-09 08:45:00,13.5,"norwood.mouth",0.943604651162791,2.06591375968992
2,2021-08-09 08:55:00,13.375,"norwood.mouth",0.965073529411765,2.08204289215686
2,2021-08-09 09:05:00,13.062,"norwood.mouth",1.02155887230514,1.88215450525152
2,2021-08-09 09:20:00,13.312,"norwood.mouth",0.947939262472885,2.42578579175705
2,2021-08-09 09:30:00,12.75,"norwood.mouth",1.26126126126126,1.61165840840841
2,2021-08-09 09:45:00,12.562,"norwood.mouth",1.41625207296849,1.2700442233278
2,2021-08-09 09:55:00,12.812,"norwood.mouth",1.19689119170984,2.04609110535406
2,2021-08-09 10:05:00,12.375,"norwood.mouth",1.55,1.336
2,2021-08-09 10:20:00,13.125,"norwood.mouth",0.991823056300268,2.8908199285076
2,2021-08-09 10:30:00,12.812,"norwood.mouth",1.15544041450777,2.36410621761658
2,2021-08-09 10:45:00,12.562,"norwood.mouth",1.38738738738739,1.67499474474474
2,2021-08-09 10:55:00,13.062,"norwood.mouth",1.01925925925926,3.08544259259259
2,2021-08-09 11:05:00,12.5,"norwood.mouth",1.43555555555556,1.71732592592593
2,2021-08-09 11:20:00,12.75,"norwood.mouth",1.25960061443932,2.43470967741936
2,2021-08-09 11:30:00,12.75,"norwood.mouth",1.30041436464088,2.50761395027624
2,2021-08-09 11:45:00,12.875,"norwood.mouth",1.33577533577534,2.95017897842898
2,2021-08-09 11:55:00,13.125,"norwood.mouth",1.23425692695214,3.46161649874055
2,2021-08-09 12:05:00,12.188,"norwood.mouth",1.55,2.719
2,2021-08-09 12:20:00,12.25,"norwood.mouth",1.55,3.082
2,2021-08-09 12:30:00,12.062,"norwood.mouth",1.55,3.23
2,2021-08-09 12:45:00,12.25,"norwood.mouth",1.55,3.55
2,2021-08-09 12:55:00,12.25,"norwood.mouth",1.55,3.718
2,2021-08-09 13:05:00,12.312,"norwood.mouth",1.55,3.939
2,2021-08-09 13:20:00,12.438,"norwood.mouth",1.55,4.197
2,2021-08-09 13:30:00,12.062,"norwood.mouth",1.55,4.397
2,2021-08-09 13:45:00,12.062,"norwood.mouth",1.55,4.638
2,2021-08-09 13:55:00,12,"norwood.mouth",1.55,4.847
2,2021-08-09 14:05:00,12.125,"norwood.mouth",1.55,5.031
2,2021-08-09 14:20:00,12.312,"norwood.mouth",1.55,5.293
2,2021-08-09 14:30:00,12,"norwood.mouth",1.55,5.549
2,2021-08-09 14:45:00,11.938,"norwood.mouth",1.55,5.821
2,2021-08-09 14:55:00,12.062,"norwood.mouth",1.55,6.08
2,2021-08-09 15:05:00,12.125,"norwood.mouth",1.55,6.26
2,2021-08-09 15:20:00,12.188,"norwood.mouth",1.55,6.58
2,2021-08-09 15:30:00,12.312,"norwood.mouth",1.55,6.774
2,2021-08-09 15:45:00,12.375,"norwood.mouth",1.55,6.928
2,2021-08-09 15:55:00,12.312,"norwood.mouth",1.55,7.092
2,2021-08-09 16:05:00,12.5,"norwood.mouth",1.55,7.228
2,2021-08-09 16:20:00,12.562,"norwood.mouth",1.55,7.516
2,2021-08-09 16:30:00,12.562,"norwood.mouth",1.55,7.684
2,2021-08-09 16:45:00,12.688,"norwood.mouth",1.55,7.954
2,2021-08-09 16:55:00,12.688,"norwood.mouth",1.55,8.102
2,2021-08-09 17:05:00,12.688,"norwood.mouth",1.55,8.339
2,2021-08-09 17:20:00,12.938,"norwood.mouth",1.55,8.371
2,2021-08-09 17:30:00,12.812,"norwood.mouth",1.55,8.535
2,2021-08-09 17:45:00,13,"norwood.mouth",1.55,8.688
2,2021-08-09 17:55:00,12.812,"norwood.mouth",1.55,8.786
2,2021-08-09 18:05:00,12.875,"norwood.mouth",1.55,8.849
2,2021-08-09 18:20:00,12.938,"norwood.mouth",1.55,8.999
2,2021-08-09 18:30:00,13,"norwood.mouth",1.55,9.036
2,2021-08-09 18:45:00,13,"norwood.mouth",1.55,9.139
2,2021-08-09 18:55:00,12.812,"norwood.mouth",1.55,9.205
2,2021-08-09 19:05:00,12.812,"norwood.mouth",1.55,9.222
2,2021-08-09 19:20:00,12.75,"norwood.mouth",1.55,9.19
2,2021-08-09 19:30:00,12.75,"norwood.mouth",1.55,9.212
2,2021-08-09 19:45:00,12.688,"norwood.mouth",1.55,9.041
2,2021-08-09 19:55:00,12.875,"norwood.mouth",1.55,8.918
2,2021-08-09 20:05:00,13.375,"norwood.mouth",1.55,8.785
2,2021-08-09 20:20:00,13.25,"norwood.mouth",1.55,8.479
2,2021-08-09 20:30:00,13.562,"norwood.mouth",1.55,8.24
2,2021-08-09 20:45:00,13.438,"norwood.mouth",1.55,7.899
2,2021-08-09 20:55:00,13.812,"norwood.mouth",1.49123989218329,7.769
2,2021-08-09 21:05:00,13.062,"norwood.mouth",1.55,7.536
2,2021-08-09 21:20:00,13.562,"norwood.mouth",1.55,7.084
2,2021-08-09 21:30:00,14.25,"norwood.mouth",1.29487179487179,6.92726709401709
2,2021-08-09 21:45:00,13.375,"norwood.mouth",1.55,6.354
2,2021-08-09 21:55:00,14.25,"norwood.mouth",1.27007874015748,6.23892650918635
2,2021-08-09 22:05:00,13.75,"norwood.mouth",1.46563011456628,5.829
2,2021-08-09 22:20:00,14,"norwood.mouth",1.31320590790617,5.62518940052129
2,2021-08-09 22:30:00,13.812,"norwood.mouth",1.38198757763975,5.35724378881988
2,2021-08-09 22:45:00,13.438,"norwood.mouth",1.55,4.979
2,2021-08-09 22:55:00,13.062,"norwood.mouth",1.55,4.714
2,2021-08-09 23:05:00,13.25,"norwood.mouth",1.55,4.505
2,2021-08-09 23:20:00,13.312,"norwood.mouth",1.55,4.152
2,2021-08-09 23:30:00,13.188,"norwood.mouth",1.55,3.947
2,2021-08-09 23:45:00,12.938,"norwood.mouth",1.55,3.628
2,2021-08-09 23:55:00,13,"norwood.mouth",1.55,3.45
