"ibutton","date.time","ibutton.temp","site","fish.depth","dissolved.oxygen"
4,2021-07-26 00:10:00,14.062,"norwood.mouth",1.2063671875,3.5033830078125
4,2021-07-26 00:20:00,15.688,"norwood.mouth",0.833654822335025,3.34143468697124
4,2021-07-26 00:35:00,13.25,"norwood.mouth",1.46025641025641,3.198
4,2021-07-26 00:45:00,13.188,"norwood.mouth",1.46681614349776,3.034
4,2021-07-26 01:00:00,13.375,"norwood.mouth",1.39590592334495,2.82730270034843
4,2021-07-26 01:10:00,13.5,"norwood.mouth",1.32940446650124,2.74795037220844
4,2021-07-26 01:20:00,13.5,"norwood.mouth",1.31912028725314,2.66190484739677
4,2021-07-26 01:35:00,13.812,"norwood.mouth",1.17874015748032,2.70474212598425
4,2021-07-26 01:45:00,13.812,"norwood.mouth",1.18431876606684,2.60855912596401
4,2021-07-26 02:00:00,13.438,"norwood.mouth",1.3081650570676,2.25786918349429
4,2021-07-26 02:10:00,12.938,"norwood.mouth",1.48396946564885,2.068
4,2021-07-26 02:20:00,12.312,"norwood.mouth",1.55,2.002
4,2021-07-26 02:35:00,12.562,"norwood.mouth",1.55,1.884
4,2021-07-26 02:45:00,13,"norwood.mouth",1.43579801623084,1.83758092876465
4,2021-07-26 03:00:00,13,"norwood.mouth",1.4185119574845,1.76734344552702
4,2021-07-26 03:10:00,13,"norwood.mouth",1.42097959183673,1.69878448979592
4,2021-07-26 03:20:00,13.25,"norwood.mouth",1.31665243381725,1.82435930828352
4,2021-07-26 03:35:00,12.75,"norwood.mouth",1.55,1.501
4,2021-07-26 03:45:00,13,"norwood.mouth",1.37839059674503,1.54046292947559
4,2021-07-26 04:00:00,13.312,"norwood.mouth",1.24322111010009,1.61297656960873
4,2021-07-26 04:10:00,13.312,"norwood.mouth",1.24373356704645,1.60786349693252
4,2021-07-26 04:20:00,13.375,"norwood.mouth",1.19285714285714,1.685
4,2021-07-26 04:35:00,13.25,"norwood.mouth",1.24582210242588,1.64153504043127
4,2021-07-26 04:45:00,13.125,"norwood.mouth",1.29398395721925,1.51063101604278
4,2021-07-26 05:00:00,13.125,"norwood.mouth",1.28821138211382,1.46647696476965
4,2021-07-26 05:10:00,13.562,"norwood.mouth",1.09438202247191,1.78285393258427
4,2021-07-26 05:20:00,14.625,"norwood.mouth",0.85963476070529,2.37059036523929
4,2021-07-26 05:35:00,17.938,"norwood.mouth",0.545837187789084,5.05593154486586
4,2021-07-26 05:45:00,13.312,"norwood.mouth",1.188928255093,1.62147209920283
4,2021-07-26 06:00:00,13.5,"norwood.mouth",1.0958818263205,1.7047911817368
4,2021-07-26 06:10:00,14.062,"norwood.mouth",0.92574679943101,1.77816714082504
4,2021-07-26 06:20:00,13.625,"norwood.mouth",0.998451327433628,1.71153982300885
4,2021-07-26 06:35:00,13.438,"norwood.mouth",1.07027027027027,1.69252477477478
4,2021-07-26 06:45:00,13.375,"norwood.mouth",1.09288407163054,1.6663520263902
4,2021-07-26 07:00:00,13.188,"norwood.mouth",1.16400359066427,1.47383034111311
4,2021-07-26 07:10:00,13.312,"norwood.mouth",1.09642857142857,1.53096428571429
4,2021-07-26 07:20:00,13.562,"norwood.mouth",0.990291262135923,1.78915210355987
4,2021-07-26 07:35:00,13.375,"norwood.mouth",1.03287265547878,1.8346552319842
4,2021-07-26 07:45:00,13.5,"norwood.mouth",0.97863309352518,1.67184028776978
4,2021-07-26 08:00:00,13.562,"norwood.mouth",0.979173166926677,1.77155226209048
4,2021-07-26 08:10:00,13.812,"norwood.mouth",0.904836065573771,2.04971475409836
4,2021-07-26 08:20:00,13.375,"norwood.mouth",1.0219512195122,1.86356707317073
4,2021-07-26 08:35:00,13.812,"norwood.mouth",0.865463917525773,2.07927319587629
4,2021-07-26 08:45:00,14.188,"norwood.mouth",0.829072398190045,2.59141892911011
4,2021-07-26 09:00:00,13.562,"norwood.mouth",0.948096026490066,2.29931084437086
4,2021-07-26 09:10:00,13.188,"norwood.mouth",1.10745654162854,2.10664958828911
4,2021-07-26 09:20:00,13,"norwood.mouth",1.16975540921919,2.12766792097836
4,2021-07-26 09:35:00,12.812,"norwood.mouth",1.25616621983914,2.0363726541555
4,2021-07-26 09:45:00,12.438,"norwood.mouth",1.46734333627538,1.396
4,2021-07-26 10:00:00,12.25,"norwood.mouth",1.55,1.438
4,2021-07-26 10:10:00,12,"norwood.mouth",1.55,1.47
4,2021-07-26 10:20:00,11.938,"norwood.mouth",1.55,1.498
4,2021-07-26 10:35:00,12.312,"norwood.mouth",1.55,1.57
4,2021-07-26 10:45:00,12,"norwood.mouth",1.55,1.708
4,2021-07-26 11:00:00,12.062,"norwood.mouth",1.55,1.759
4,2021-07-26 11:10:00,12.438,"norwood.mouth",1.44930875576037,1.91509331797235
4,2021-07-26 11:20:00,11.75,"norwood.mouth",1.55,2.039
4,2021-07-26 11:35:00,12.812,"norwood.mouth",1.4892030848329,2.304
4,2021-07-26 11:45:00,12.375,"norwood.mouth",1.55,2.489
4,2021-07-26 12:00:00,12.875,"norwood.mouth",1.47887700534759,2.83
4,2021-07-26 12:10:00,12.25,"norwood.mouth",1.55,3.035
4,2021-07-26 12:20:00,12.25,"norwood.mouth",1.55,3.256
4,2021-07-26 12:35:00,12.625,"norwood.mouth",1.55,3.561
4,2021-07-26 12:45:00,12.125,"norwood.mouth",1.55,3.782
4,2021-07-26 13:00:00,12,"norwood.mouth",1.55,4.054
4,2021-07-26 13:10:00,12.438,"norwood.mouth",1.55,4.146
4,2021-07-26 13:20:00,14.875,"norwood.mouth",0.854235880398671,5.78802906976744
4,2021-07-26 13:35:00,13.312,"norwood.mouth",1.48721719457014,4.447
4,2021-07-26 13:45:00,13.812,"norwood.mouth",1.32083333333333,5.05675694444444
4,2021-07-26 14:00:00,14.312,"norwood.mouth",1.12287414965986,5.74626403061224
4,2021-07-26 14:10:00,13.938,"norwood.mouth",1.30408653846154,5.45768469551282
4,2021-07-26 14:20:00,13.875,"norwood.mouth",1.33998186763373,5.55470716228468
4,2021-07-26 14:35:00,12.125,"norwood.mouth",1.55,5.579
4,2021-07-26 14:45:00,12.75,"norwood.mouth",1.55,5.748
4,2021-07-26 15:00:00,12.75,"norwood.mouth",1.55,5.918
4,2021-07-26 15:10:00,12.625,"norwood.mouth",1.55,5.994
4,2021-07-26 15:20:00,12.875,"norwood.mouth",1.55,6.181
4,2021-07-26 15:35:00,12.875,"norwood.mouth",1.55,6.524
4,2021-07-26 15:45:00,13,"norwood.mouth",1.55,6.628
4,2021-07-26 16:00:00,13.312,"norwood.mouth",1.55,6.82
4,2021-07-26 16:10:00,12.875,"norwood.mouth",1.55,7.012
4,2021-07-26 16:20:00,13.438,"norwood.mouth",1.55,7.121
4,2021-07-26 16:35:00,13.062,"norwood.mouth",1.55,7.126
4,2021-07-26 16:45:00,13.812,"norwood.mouth",1.44019801980198,7.30277524752475
4,2021-07-26 17:00:00,13.125,"norwood.mouth",1.55,7.531
4,2021-07-26 17:10:00,13.438,"norwood.mouth",1.55,7.598
4,2021-07-26 17:20:00,13,"norwood.mouth",1.55,7.588
4,2021-07-26 17:35:00,13.5,"norwood.mouth",1.55,7.732
4,2021-07-26 17:45:00,13.375,"norwood.mouth",1.55,7.87
4,2021-07-26 18:00:00,13.438,"norwood.mouth",1.55,8.007
4,2021-07-26 18:10:00,13.875,"norwood.mouth",1.45184331797235,8.021
4,2021-07-26 18:20:00,13.5,"norwood.mouth",1.55,8.113
4,2021-07-26 18:35:00,13.062,"norwood.mouth",1.55,8.11
4,2021-07-26 18:45:00,13.312,"norwood.mouth",1.55,8.189
4,2021-07-26 19:00:00,13.25,"norwood.mouth",1.55,8.322
4,2021-07-26 19:10:00,13.25,"norwood.mouth",1.55,8.502
4,2021-07-26 19:20:00,13.25,"norwood.mouth",1.55,8.444
4,2021-07-26 19:35:00,13.5,"norwood.mouth",1.55,8.293
4,2021-07-26 19:45:00,13.375,"norwood.mouth",1.55,8.213
4,2021-07-26 20:00:00,13.125,"norwood.mouth",1.55,8.188
4,2021-07-26 20:10:00,13.75,"norwood.mouth",1.47016574585635,8.161
4,2021-07-26 20:20:00,13.312,"norwood.mouth",1.55,8.009
4,2021-07-26 20:35:00,13.125,"norwood.mouth",1.55,7.836
4,2021-07-26 20:45:00,14.125,"norwood.mouth",1.33632567849687,7.73620407098121
4,2021-07-26 21:00:00,13.125,"norwood.mouth",1.55,7.53
4,2021-07-26 21:10:00,13.125,"norwood.mouth",1.55,7.371
4,2021-07-26 21:20:00,13.75,"norwood.mouth",1.42724528301887,7.17982433962264
4,2021-07-26 21:35:00,13.125,"norwood.mouth",1.55,6.982
4,2021-07-26 21:45:00,15.938,"norwood.mouth",0.857103064066852,6.63851601671309
4,2021-07-26 22:00:00,16.75,"norwood.mouth",0.776915520628684,6.8075442043222
4,2021-07-26 22:10:00,12.5,"norwood.mouth",1.55,6.594
4,2021-07-26 22:20:00,14.188,"norwood.mouth",1.21605504587156,6.27662844036697
4,2021-07-26 22:35:00,13.375,"norwood.mouth",1.47853881278539,6.162
4,2021-07-26 22:45:00,13.062,"norwood.mouth",1.55,6.009
4,2021-07-26 23:00:00,15.25,"norwood.mouth",0.930504587155963,5.08865137614679
4,2021-07-26 23:10:00,13.562,"norwood.mouth",1.39067415730337,5.22598876404494
4,2021-07-26 23:20:00,13.312,"norwood.mouth",1.47100456621005,4.949
4,2021-07-26 23:35:00,13.25,"norwood.mouth",1.47763819095477,4.635
4,2021-07-26 23:45:00,13.5,"norwood.mouth",1.40938242280285,4.45990617577197
4,2021-07-27,13.375,"norwood.mouth",1.4285367825384,4.17454163298302
4,2021-07-27 00:10:00,13.188,"norwood.mouth",1.47524752475247,4.063
4,2021-07-27 00:20:00,12.75,"norwood.mouth",1.55,3.891
4,2021-07-27 00:35:00,12.75,"norwood.mouth",1.55,3.688
4,2021-07-27 00:45:00,13.875,"norwood.mouth",1.20398050365556,3.4921647034931
4,2021-07-27 01:00:00,12.625,"norwood.mouth",1.55,3.315
4,2021-07-27 01:10:00,12.5,"norwood.mouth",1.55,3.173
4,2021-07-27 01:20:00,13.375,"norwood.mouth",1.3425540765391,3.03198398502496
4,2021-07-27 01:35:00,13.25,"norwood.mouth",1.37230499561788,2.82771121822962
4,2021-07-27 01:45:00,13.125,"norwood.mouth",1.41284722222222,2.67036574074074
4,2021-07-27 02:00:00,14.375,"norwood.mouth",0.975184404636459,2.8745574288725
4,2021-07-27 02:10:00,13.062,"norwood.mouth",1.43443396226415,2.35482547169811
4,2021-07-27 02:20:00,13.375,"norwood.mouth",1.31299212598425,2.36255905511811
4,2021-07-27 02:35:00,13.438,"norwood.mouth",1.26423487544484,2.26772597864769
4,2021-07-27 02:45:00,13.5,"norwood.mouth",1.24652493867539,2.19855417007359
4,2021-07-27 03:00:00,13.312,"norwood.mouth",1.30919747520289,2.10101375112714
4,2021-07-27 03:10:00,13.062,"norwood.mouth",1.38465346534653,1.92206930693069
4,2021-07-27 03:20:00,13.062,"norwood.mouth",1.38997161778619,1.81683727530747
4,2021-07-27 03:35:00,12.875,"norwood.mouth",1.43277119416591,1.65219644484959
4,2021-07-27 03:45:00,13,"norwood.mouth",1.3768022181146,1.63710351201479
4,2021-07-27 04:00:00,13.188,"norwood.mouth",1.29818339100346,1.66176946366782
4,2021-07-27 04:10:00,13.25,"norwood.mouth",1.24,1.67855
4,2021-07-27 04:20:00,13.188,"norwood.mouth",1.27509976057462,1.65924940143655
4,2021-07-27 04:35:00,13.188,"norwood.mouth",1.25657546337158,1.59776235657546
4,2021-07-27 04:45:00,13.188,"norwood.mouth",1.24835847382431,1.52236379769299
4,2021-07-27 05:00:00,13.25,"norwood.mouth",1.21686746987952,1.56793674698795
4,2021-07-27 05:10:00,12.938,"norwood.mouth",1.3300252312868,1.34075567703953
4,2021-07-27 05:20:00,13.75,"norwood.mouth",0.997379912663755,1.8966288209607
4,2021-07-27 05:35:00,16.75,"norwood.mouth",0.645352993744415,4.17178582067322
4,2021-07-27 05:45:00,17.875,"norwood.mouth",0.549875688154857,4.81065589297342
4,2021-07-27 06:00:00,14.938,"norwood.mouth",0.797583390061266,2.52295960971182
4,2021-07-27 06:10:00,18,"norwood.mouth",0.522282042375825,4.96174435567905
4,2021-07-27 06:20:00,17.812,"norwood.mouth",0.537895908234891,4.72279712378017
4,2021-07-27 06:35:00,18.062,"norwood.mouth",0.506973707121713,5.08452150444019
4,2021-07-27 06:45:00,15.312,"norwood.mouth",0.747549290584116,3.04395835636632
4,2021-07-27 07:00:00,14.25,"norwood.mouth",0.846328796561605,1.98426456542502
4,2021-07-27 07:10:00,15.062,"norwood.mouth",0.774986108538618,2.68050398221893
4,2021-07-27 07:20:00,13.812,"norwood.mouth",0.92652027027027,1.77121959459459
4,2021-07-27 07:35:00,13.688,"norwood.mouth",0.932247899159664,1.74144170168067
4,2021-07-27 07:45:00,14.125,"norwood.mouth",0.84529270797672,1.87622923085701
4,2021-07-27 08:00:00,13.75,"norwood.mouth",0.912634408602151,1.8228064516129
4,2021-07-27 08:10:00,13.875,"norwood.mouth",0.887340425531915,1.88534574468085
4,2021-07-27 08:20:00,13.188,"norwood.mouth",1.1195246971109,1.65308760484623
4,2021-07-27 08:35:00,13.5,"norwood.mouth",1.00970873786408,1.95132200647249
4,2021-07-27 08:45:00,13.188,"norwood.mouth",1.10324298160697,1.86540271055179
4,2021-07-27 09:00:00,13.688,"norwood.mouth",0.930942184154175,2.52229978586724
4,2021-07-27 09:10:00,13.312,"norwood.mouth",1.04838249286394,2.33350999048525
4,2021-07-27 09:20:00,13,"norwood.mouth",1.21277173913043,2.072625
4,2021-07-27 09:35:00,12.875,"norwood.mouth",1.27362204724409,2.13057480314961
4,2021-07-27 09:45:00,13.375,"norwood.mouth",1.0770964833183,2.81134918845807
4,2021-07-27 10:00:00,12.812,"norwood.mouth",1.30743243243243,2.30908896396396
4,2021-07-27 10:10:00,12.688,"norwood.mouth",1.38784584980237,2.19004397233202
4,2021-07-27 10:20:00,13.875,"norwood.mouth",0.848063039267477,3.79131091154546
4,2021-07-27 10:35:00,12.75,"norwood.mouth",1.35732430143946,2.5019827829523
4,2021-07-27 10:45:00,12.938,"norwood.mouth",1.26330027051398,2.90130861136159
4,2021-07-27 11:00:00,12.188,"norwood.mouth",1.55,2.429
4,2021-07-27 11:10:00,12.5,"norwood.mouth",1.48314606741573,2.583
4,2021-07-27 11:20:00,13.125,"norwood.mouth",1.22342264477096,3.45985155574762
4,2021-07-27 11:35:00,12.188,"norwood.mouth",1.55,2.898
4,2021-07-27 11:45:00,12.312,"norwood.mouth",1.55,3.078
4,2021-07-27 12:00:00,13.062,"norwood.mouth",1.46765249537893,3.414
4,2021-07-27 12:10:00,13,"norwood.mouth",1.49583333333333,3.626
4,2021-07-27 12:20:00,13.625,"norwood.mouth",1.2460396039604,4.37755445544554
4,2021-07-27 12:35:00,13.062,"norwood.mouth",1.35316336166195,4.19216454202077
4,2021-07-27 12:45:00,13.5,"norwood.mouth",1.18235793044953,4.90218207520498
4,2021-07-27 13:00:00,13,"norwood.mouth",1.49300699300699,4.419
4,2021-07-27 13:10:00,12.438,"norwood.mouth",1.55,4.552
4,2021-07-27 13:20:00,12.562,"norwood.mouth",1.55,4.698
4,2021-07-27 13:35:00,12.438,"norwood.mouth",1.55,4.996
4,2021-07-27 13:45:00,12.25,"norwood.mouth",1.55,5.228
4,2021-07-27 14:00:00,12.438,"norwood.mouth",1.55,5.6
4,2021-07-27 14:10:00,12.438,"norwood.mouth",1.55,5.554
4,2021-07-27 14:20:00,12.938,"norwood.mouth",1.55,5.686
4,2021-07-27 14:35:00,13.188,"norwood.mouth",1.47014925373134,5.975
4,2021-07-27 14:45:00,13.938,"norwood.mouth",1.22563559322034,6.37465677966102
4,2021-07-27 15:00:00,14.125,"norwood.mouth",1.16815476190476,6.75874206349206
4,2021-07-27 15:10:00,14,"norwood.mouth",1.16053864168618,7.15303278688524
4,2021-07-27 15:20:00,13.375,"norwood.mouth",1.46736111111111,6.656
4,2021-07-27 15:35:00,12.938,"norwood.mouth",1.55,6.871
4,2021-07-27 15:45:00,13,"norwood.mouth",1.55,6.945
4,2021-07-27 16:00:00,13.625,"norwood.mouth",1.36643356643357,7.22441025641026
4,2021-07-27 16:10:00,13,"norwood.mouth",1.55,7.178
4,2021-07-27 16:20:00,12.875,"norwood.mouth",1.55,7.26
4,2021-07-27 16:35:00,12.938,"norwood.mouth",1.55,7.548
4,2021-07-27 16:45:00,12.875,"norwood.mouth",1.55,7.7
4,2021-07-27 17:00:00,13.438,"norwood.mouth",1.47671755725191,7.815
4,2021-07-27 17:10:00,13.625,"norwood.mouth",1.42395906845448,7.88137473535639
4,2021-07-27 17:20:00,13.25,"norwood.mouth",1.55,7.945
4,2021-07-27 17:35:00,12.938,"norwood.mouth",1.55,8.146
4,2021-07-27 17:45:00,13.438,"norwood.mouth",1.49195652173913,8.17
4,2021-07-27 18:00:00,12.75,"norwood.mouth",1.55,8.306
4,2021-07-27 18:10:00,12.938,"norwood.mouth",1.55,8.422
4,2021-07-27 18:20:00,12.875,"norwood.mouth",1.55,8.413
4,2021-07-27 18:35:00,12.812,"norwood.mouth",1.55,8.442
4,2021-07-27 18:45:00,12.938,"norwood.mouth",1.55,8.491
4,2021-07-27 19:00:00,13,"norwood.mouth",1.55,8.506
4,2021-07-27 19:10:00,12.875,"norwood.mouth",1.55,8.48
4,2021-07-27 19:20:00,13.125,"norwood.mouth",1.55,8.498
4,2021-07-27 19:35:00,13.5,"norwood.mouth",1.48526011560694,8.523
4,2021-07-27 19:45:00,13.938,"norwood.mouth",1.34967320261438,8.38710239651416
4,2021-07-27 20:00:00,13.312,"norwood.mouth",1.55,8.347
4,2021-07-27 20:10:00,13.375,"norwood.mouth",1.55,8.198
4,2021-07-27 20:20:00,13.188,"norwood.mouth",1.55,8.047
4,2021-07-27 20:35:00,12.875,"norwood.mouth",1.55,7.89
4,2021-07-27 20:45:00,12.875,"norwood.mouth",1.55,7.742
4,2021-07-27 21:00:00,13.375,"norwood.mouth",1.478125,7.514
4,2021-07-27 21:10:00,12.812,"norwood.mouth",1.55,7.416
4,2021-07-27 21:20:00,12.5,"norwood.mouth",1.55,7.255
4,2021-07-27 21:35:00,12.5,"norwood.mouth",1.55,7.169
4,2021-07-27 21:45:00,13.188,"norwood.mouth",1.55,7
4,2021-07-27 22:00:00,12.562,"norwood.mouth",1.55,6.463
4,2021-07-27 22:10:00,12.875,"norwood.mouth",1.55,6.16
4,2021-07-27 22:20:00,12.625,"norwood.mouth",1.55,5.875
4,2021-07-27 22:35:00,12.812,"norwood.mouth",1.55,5.511
4,2021-07-27 22:45:00,12.875,"norwood.mouth",1.55,5.289
4,2021-07-27 23:00:00,12.875,"norwood.mouth",1.55,5.061
4,2021-07-27 23:10:00,12.625,"norwood.mouth",1.55,4.853
4,2021-07-27 23:20:00,12.25,"norwood.mouth",1.55,4.731
4,2021-07-27 23:35:00,12.5,"norwood.mouth",1.55,4.516
4,2021-07-27 23:45:00,12.438,"norwood.mouth",1.55,4.301
4,2021-07-28,13.625,"norwood.mouth",1.24191592562652,3.79702829426031
4,2021-07-28 00:10:00,12.312,"norwood.mouth",1.55,3.704
4,2021-07-28 00:20:00,12.375,"norwood.mouth",1.55,3.557
4,2021-07-28 00:35:00,12.562,"norwood.mouth",1.55,3.365
4,2021-07-28 00:45:00,12.812,"norwood.mouth",1.55,3.223
4,2021-07-28 01:00:00,12.438,"norwood.mouth",1.55,3.025
4,2021-07-28 01:10:00,12.438,"norwood.mouth",1.55,2.936
4,2021-07-28 01:20:00,12.438,"norwood.mouth",1.55,2.786
4,2021-07-28 01:35:00,12.688,"norwood.mouth",1.55,2.577
4,2021-07-28 01:45:00,12.875,"norwood.mouth",1.43770695364238,2.49491721854305
4,2021-07-28 02:00:00,12.375,"norwood.mouth",1.55,2.299
4,2021-07-28 02:10:00,12.938,"norwood.mouth",1.38647506339814,2.21078571428571
4,2021-07-28 02:20:00,13.062,"norwood.mouth",1.33965217391304,2.17232391304348
4,2021-07-28 02:35:00,12.562,"norwood.mouth",1.55,1.943
4,2021-07-28 02:45:00,13.188,"norwood.mouth",1.28177215189873,2.03518101265823
4,2021-07-28 03:00:00,12.938,"norwood.mouth",1.36946564885496,1.8724262086514
4,2021-07-28 03:10:00,12.812,"norwood.mouth",1.41951871657754,1.71375401069519
4,2021-07-28 03:20:00,13.438,"norwood.mouth",1.14553903345725,2.0070687732342
4,2021-07-28 03:35:00,12.812,"norwood.mouth",1.40169946332737,1.59418604651163
4,2021-07-28 03:45:00,12.75,"norwood.mouth",1.41924460431655,1.4993714028777
4,2021-07-28 04:00:00,13.188,"norwood.mouth",1.22018604651163,1.71397348837209
4,2021-07-28 04:10:00,13.062,"norwood.mouth",1.2760736196319,1.65299079754601
4,2021-07-28 04:20:00,13.5,"norwood.mouth",1.11047210300429,1.91333755364807
4,2021-07-28 04:35:00,12.625,"norwood.mouth",1.43793565683646,1.35916621983914
4,2021-07-28 04:45:00,13.188,"norwood.mouth",1.20984042553191,1.57558909574468
4,2021-07-28 05:00:00,12.812,"norwood.mouth",1.36801007556675,1.40575629722922
4,2021-07-28 05:10:00,13.25,"norwood.mouth",1.16187683284457,1.62206598240469
4,2021-07-28 05:20:00,13,"norwood.mouth",1.27520661157025,1.45127479338843
4,2021-07-28 05:35:00,13.5,"norwood.mouth",1.04020912547528,1.72295199619772
4,2021-07-28 05:45:00,13.625,"norwood.mouth",0.982594936708861,1.73331170886076
4,2021-07-28 06:00:00,13.625,"norwood.mouth",0.95672268907563,1.72190476190476
4,2021-07-28 06:10:00,13.25,"norwood.mouth",1.11746641074856,1.55442658349328
4,2021-07-28 06:20:00,13.188,"norwood.mouth",1.13387265135699,1.47730975991649
4,2021-07-28 06:35:00,13.375,"norwood.mouth",1.0432777232581,1.57710868498528
4,2021-07-28 06:45:00,12.938,"norwood.mouth",1.22158746208291,1.37979524772497
4,2021-07-28 07:00:00,13.062,"norwood.mouth",1.16891367604268,1.38753831231814
4,2021-07-28 07:10:00,13.125,"norwood.mouth",1.15922459893048,1.53385695187166
4,2021-07-28 07:20:00,12.875,"norwood.mouth",1.23251473477407,1.41614047151277
4,2021-07-28 07:35:00,13.125,"norwood.mouth",1.13170731707317,1.48850609756098
4,2021-07-28 07:45:00,12.938,"norwood.mouth",1.22437092264678,1.37757642124883
4,2021-07-28 08:00:00,13.438,"norwood.mouth",0.983181818181818,1.64848863636364
4,2021-07-28 08:10:00,12.625,"norwood.mouth",1.33157894736842,1.32703947368421
4,2021-07-28 08:20:00,12.812,"norwood.mouth",1.26195536663124,1.41007031526745
4,2021-07-28 08:35:00,12.875,"norwood.mouth",1.23047711781889,1.59084542356378
4,2021-07-28 08:45:00,13.375,"norwood.mouth",0.976124567474049,1.98243771626298
4,2021-07-28 09:00:00,12.938,"norwood.mouth",1.14983069977427,1.84929232505643
4,2021-07-28 09:10:00,13.188,"norwood.mouth",1.05444674250258,2.10031437435367
4,2021-07-28 09:20:00,12.562,"norwood.mouth",1.34368131868132,1.61067445054945
4,2021-07-28 09:35:00,12.75,"norwood.mouth",1.2631717597471,1.99213645943098
4,2021-07-28 09:45:00,12.75,"norwood.mouth",1.29404646660213,1.93762391093901
4,2021-07-28 10:00:00,12.438,"norwood.mouth",1.46165803108808,1.615
4,2021-07-28 10:10:00,12.375,"norwood.mouth",1.46555555555556,1.697
4,2021-07-28 10:20:00,12.188,"norwood.mouth",1.55,1.797
4,2021-07-28 10:35:00,12.5,"norwood.mouth",1.39676889375685,1.97576451259584
4,2021-07-28 10:45:00,12.5,"norwood.mouth",1.38340184994861,2.09615416238438
4,2021-07-28 11:00:00,13.688,"norwood.mouth",0.927079482439926,3.53986506469501
4,2021-07-28 11:10:00,12.438,"norwood.mouth",1.43291708291708,2.15807442557443
4,2021-07-28 11:20:00,12.25,"norwood.mouth",1.55,2.273
4,2021-07-28 11:35:00,13.062,"norwood.mouth",1.39613526570048,2.54130515297907
4,2021-07-28 11:45:00,12.25,"norwood.mouth",1.55,2.545
4,2021-07-28 12:00:00,12,"norwood.mouth",1.55,3.03
4,2021-07-28 12:10:00,13.438,"norwood.mouth",1.19130434782609,3.70663043478261
4,2021-07-28 12:20:00,12.562,"norwood.mouth",1.55,3.398
4,2021-07-28 12:35:00,13.062,"norwood.mouth",1.36344755970924,3.70407554517134
4,2021-07-28 12:45:00,12.438,"norwood.mouth",1.55,3.822
4,2021-07-28 13:00:00,12.062,"norwood.mouth",1.55,3.992
4,2021-07-28 13:10:00,12,"norwood.mouth",1.55,4.09
4,2021-07-28 13:20:00,11.875,"norwood.mouth",1.55,4.294
4,2021-07-28 13:35:00,11.938,"norwood.mouth",1.55,4.721
4,2021-07-28 13:45:00,11.875,"norwood.mouth",1.55,4.785
4,2021-07-28 14:00:00,11.875,"norwood.mouth",1.55,5.06
4,2021-07-28 14:10:00,11.812,"norwood.mouth",1.55,5.135
4,2021-07-28 14:20:00,12.25,"norwood.mouth",1.55,5.227
4,2021-07-28 14:35:00,12.188,"norwood.mouth",1.55,5.345
4,2021-07-28 14:45:00,13.312,"norwood.mouth",1.45189393939394,5.625
4,2021-07-28 15:00:00,14.75,"norwood.mouth",0.965720858895706,6.63597469325153
4,2021-07-28 15:10:00,12.75,"norwood.mouth",1.55,6.033
4,2021-07-28 15:20:00,12.312,"norwood.mouth",1.55,6.162
4,2021-07-28 15:35:00,13.125,"norwood.mouth",1.55,6.495
4,2021-07-28 15:45:00,12.562,"norwood.mouth",1.55,6.705
4,2021-07-28 16:00:00,12.562,"norwood.mouth",1.55,6.874
4,2021-07-28 16:10:00,13.188,"norwood.mouth",1.55,6.922
4,2021-07-28 16:20:00,12.875,"norwood.mouth",1.55,7.05
4,2021-07-28 16:35:00,13.062,"norwood.mouth",1.55,7.251
4,2021-07-28 16:45:00,12.938,"norwood.mouth",1.55,7.346
4,2021-07-28 17:00:00,13.688,"norwood.mouth",1.42697674418605,7.44270930232558
4,2021-07-28 17:10:00,14.688,"norwood.mouth",1.04860759493671,8.03516898734177
4,2021-07-28 17:20:00,12.875,"norwood.mouth",1.55,7.546
4,2021-07-28 17:35:00,12.875,"norwood.mouth",1.55,7.687
4,2021-07-28 17:45:00,12.625,"norwood.mouth",1.55,7.668
4,2021-07-28 18:00:00,12.5,"norwood.mouth",1.55,7.683
4,2021-07-28 18:10:00,12.5,"norwood.mouth",1.55,7.829
4,2021-07-28 18:20:00,12.625,"norwood.mouth",1.55,7.997
4,2021-07-28 18:35:00,13,"norwood.mouth",1.55,8.112
4,2021-07-28 18:45:00,12.625,"norwood.mouth",1.55,8.133
4,2021-07-28 19:00:00,12.875,"norwood.mouth",1.55,8.163
4,2021-07-28 19:10:00,12.875,"norwood.mouth",1.55,8.137
4,2021-07-28 19:20:00,12.75,"norwood.mouth",1.55,8.228
4,2021-07-28 19:35:00,12.75,"norwood.mouth",1.55,8.173
4,2021-07-28 19:45:00,12.812,"norwood.mouth",1.55,8.107
4,2021-07-28 20:00:00,13,"norwood.mouth",1.55,8.038
4,2021-07-28 20:10:00,13,"norwood.mouth",1.55,7.909
4,2021-07-28 20:20:00,12.875,"norwood.mouth",1.55,7.795
4,2021-07-28 20:35:00,12.875,"norwood.mouth",1.55,7.734
4,2021-07-28 20:45:00,12.75,"norwood.mouth",1.55,7.708
4,2021-07-28 21:00:00,12.688,"norwood.mouth",1.55,7.566
4,2021-07-28 21:10:00,12.438,"norwood.mouth",1.55,7.408
4,2021-07-28 21:20:00,12.375,"norwood.mouth",1.55,7.278
4,2021-07-28 21:35:00,12.812,"norwood.mouth",1.55,7.034
4,2021-07-28 21:45:00,13.125,"norwood.mouth",1.55,6.831
4,2021-07-28 22:00:00,13.188,"norwood.mouth",1.55,6.572
4,2021-07-28 22:10:00,12.75,"norwood.mouth",1.55,6.38
4,2021-07-28 22:20:00,12.75,"norwood.mouth",1.55,6.129
4,2021-07-28 22:35:00,12.438,"norwood.mouth",1.55,5.811
4,2021-07-28 22:45:00,13.312,"norwood.mouth",1.41586974443528,5.50194558944765
4,2021-07-28 23:00:00,13.5,"norwood.mouth",1.34842323651452,5.13169709543569
4,2021-07-28 23:10:00,12.875,"norwood.mouth",1.55,5.119
4,2021-07-28 23:20:00,13.188,"norwood.mouth",1.42868020304568,4.8951269035533
4,2021-07-28 23:35:00,13.062,"norwood.mouth",1.48333333333333,4.602
4,2021-07-28 23:45:00,14.5,"norwood.mouth",0.949111470113085,3.73163529886914
4,2021-07-29,13.688,"norwood.mouth",1.20421524663677,3.77274439461883
4,2021-07-29 00:10:00,12.375,"norwood.mouth",1.55,4.01
4,2021-07-29 00:20:00,12.375,"norwood.mouth",1.55,3.77
4,2021-07-29 00:35:00,11.938,"norwood.mouth",1.55,3.553
4,2021-07-29 00:45:00,12,"norwood.mouth",1.55,3.348
4,2021-07-29 01:00:00,12,"norwood.mouth",1.55,3.16
4,2021-07-29 01:10:00,11.812,"norwood.mouth",1.55,3.039
4,2021-07-29 01:20:00,12.062,"norwood.mouth",1.55,2.847
4,2021-07-29 01:35:00,12.25,"norwood.mouth",1.55,2.647
4,2021-07-29 01:45:00,12.125,"norwood.mouth",1.55,2.525
4,2021-07-29 02:00:00,12.375,"norwood.mouth",1.55,2.362
4,2021-07-29 02:10:00,12.25,"norwood.mouth",1.55,2.251
4,2021-07-29 02:20:00,12.875,"norwood.mouth",1.42878927911275,2.15879274491682
4,2021-07-29 02:35:00,12.562,"norwood.mouth",1.55,1.99
4,2021-07-29 02:45:00,12.375,"norwood.mouth",1.55,1.897
4,2021-07-29 03:00:00,12.375,"norwood.mouth",1.55,1.767
4,2021-07-29 03:10:00,12.625,"norwood.mouth",1.55,1.712
4,2021-07-29 03:20:00,12.5,"norwood.mouth",1.55,1.638
4,2021-07-29 03:35:00,12.75,"norwood.mouth",1.43117154811716,1.56635146443515
4,2021-07-29 03:45:00,12.562,"norwood.mouth",1.55,1.5
4,2021-07-29 04:00:00,12.812,"norwood.mouth",1.3671052631579,1.47881578947368
4,2021-07-29 04:10:00,12.688,"norwood.mouth",1.45546218487395,1.373
4,2021-07-29 04:20:00,12.875,"norwood.mouth",1.35277502477701,1.39666897918731
4,2021-07-29 04:35:00,12.812,"norwood.mouth",1.36995661605206,1.34317678958785
4,2021-07-29 04:45:00,12.938,"norwood.mouth",1.32142857142857,1.367
4,2021-07-29 05:00:00,12.75,"norwood.mouth",1.41183035714286,1.21528683035714
4,2021-07-29 05:10:00,12.75,"norwood.mouth",1.38557158712542,1.20872364039956
4,2021-07-29 05:20:00,12.875,"norwood.mouth",1.32681818181818,1.2485196969697
4,2021-07-29 05:35:00,13.875,"norwood.mouth",0.895132743362832,1.81757522123894
4,2021-07-29 05:45:00,13.875,"norwood.mouth",0.898190045248869,1.77215610859729
4,2021-07-29 06:00:00,14.375,"norwood.mouth",0.812894248608534,2.12297711811998
4,2021-07-29 06:10:00,14,"norwood.mouth",0.840533406153286,1.83858553310274
4,2021-07-29 06:20:00,13.688,"norwood.mouth",0.942758620689655,1.55472873563218
4,2021-07-29 06:35:00,13.5,"norwood.mouth",0.959315068493151,1.44896438356164
4,2021-07-29 06:45:00,13.438,"norwood.mouth",0.981440162271805,1.48244421906694
4,2021-07-29 07:00:00,13.188,"norwood.mouth",1.05224719101124,1.42905617977528
4,2021-07-29 07:10:00,13.188,"norwood.mouth",1.09387417218543,1.36917715231788
4,2021-07-29 07:20:00,13.562,"norwood.mouth",0.925133214920071,1.55697957371226
4,2021-07-29 07:35:00,13.438,"norwood.mouth",0.959328358208955,1.60654788557214
4,2021-07-29 07:45:00,13.375,"norwood.mouth",1.00099337748344,1.48523178807947
4,2021-07-29 08:00:00,13.062,"norwood.mouth",1.14003496503497,1.38227884615385
4,2021-07-29 08:10:00,13,"norwood.mouth",1.12026854219949,1.51459686700767
4,2021-07-29 08:20:00,13.125,"norwood.mouth",1.04778761061947,1.58403982300885
4,2021-07-29 08:35:00,13.25,"norwood.mouth",0.986914893617021,1.70394361702128
4,2021-07-29 08:45:00,12.875,"norwood.mouth",1.19001264222503,1.47685018963338
4,2021-07-29 09:00:00,13,"norwood.mouth",1.12335294117647,1.74892176470588
4,2021-07-29 09:10:00,12.688,"norwood.mouth",1.30194575471698,1.53683549528302
4,2021-07-29 09:20:00,13.375,"norwood.mouth",0.96984667802385,2.37774318568995
4,2021-07-29 09:35:00,12.875,"norwood.mouth",1.17200986436498,1.91524260172626
4,2021-07-29 09:45:00,12.688,"norwood.mouth",1.27577065351418,1.79989087546239
4,2021-07-29 10:00:00,13.188,"norwood.mouth",1.02332949308756,2.62816589861751
4,2021-07-29 10:10:00,12.688,"norwood.mouth",1.34158986175115,1.97103129800307
4,2021-07-29 10:20:00,13.438,"norwood.mouth",0.96061872909699,3.0539385451505
4,2021-07-29 10:35:00,12.562,"norwood.mouth",1.38264966740577,1.95313359201774
4,2021-07-29 10:45:00,12.25,"norwood.mouth",1.55,1.761
4,2021-07-29 11:00:00,12.562,"norwood.mouth",1.38762833675565,1.95824820328542
4,2021-07-29 11:10:00,12.5,"norwood.mouth",1.42757313109426,1.9152789815818
4,2021-07-29 11:20:00,12.312,"norwood.mouth",1.55,2.009
4,2021-07-29 11:35:00,12.125,"norwood.mouth",1.55,2.217
4,2021-07-29 11:45:00,12.188,"norwood.mouth",1.55,2.499
4,2021-07-29 12:00:00,12.375,"norwood.mouth",1.55,2.904
4,2021-07-29 12:10:00,12.188,"norwood.mouth",1.55,3.01
4,2021-07-29 12:20:00,12.5,"norwood.mouth",1.55,3.203
4,2021-07-29 12:35:00,12.438,"norwood.mouth",1.55,3.642
4,2021-07-29 12:45:00,12.562,"norwood.mouth",1.55,3.576
4,2021-07-29 13:00:00,12.188,"norwood.mouth",1.55,3.674
4,2021-07-29 13:10:00,12.438,"norwood.mouth",1.55,3.803
4,2021-07-29 13:20:00,12.5,"norwood.mouth",1.55,3.968
4,2021-07-29 13:35:00,12.375,"norwood.mouth",1.55,4.451
4,2021-07-29 13:45:00,12.312,"norwood.mouth",1.55,4.414
4,2021-07-29 14:00:00,12.375,"norwood.mouth",1.55,4.83
4,2021-07-29 14:10:00,12.188,"norwood.mouth",1.55,4.886
4,2021-07-29 14:20:00,12.188,"norwood.mouth",1.55,5.113
4,2021-07-29 14:35:00,12.312,"norwood.mouth",1.55,5.422
4,2021-07-29 14:45:00,12.312,"norwood.mouth",1.55,5.829
4,2021-07-29 15:00:00,12.312,"norwood.mouth",1.55,5.896
4,2021-07-29 15:10:00,12.125,"norwood.mouth",1.55,5.984
4,2021-07-29 15:20:00,12.375,"norwood.mouth",1.55,6.124
4,2021-07-29 15:35:00,12.312,"norwood.mouth",1.55,6.303
4,2021-07-29 15:45:00,12.562,"norwood.mouth",1.55,6.61
4,2021-07-29 16:00:00,12.562,"norwood.mouth",1.55,6.807
4,2021-07-29 16:10:00,12.5,"norwood.mouth",1.55,6.854
4,2021-07-29 16:20:00,12.875,"norwood.mouth",1.55,7.059
4,2021-07-29 16:35:00,13.625,"norwood.mouth",1.47135416666667,7.184
4,2021-07-29 16:45:00,14.312,"norwood.mouth",1.28138051044084,7.51263834106729
4,2021-07-29 17:00:00,14.312,"norwood.mouth",1.30363585118377,7.67323985343856
4,2021-07-29 17:10:00,13,"norwood.mouth",1.55,7.73
4,2021-07-29 17:20:00,12.938,"norwood.mouth",1.55,7.765
4,2021-07-29 17:35:00,13.125,"norwood.mouth",1.55,7.916
4,2021-07-29 17:45:00,13.25,"norwood.mouth",1.55,8.078
4,2021-07-29 18:00:00,14.125,"norwood.mouth",1.38311533888228,8.32628478002378
4,2021-07-29 18:10:00,13.188,"norwood.mouth",1.55,8.255
4,2021-07-29 18:20:00,13.188,"norwood.mouth",1.55,8.284
4,2021-07-29 18:35:00,13,"norwood.mouth",1.55,8.369
4,2021-07-29 18:45:00,13.5,"norwood.mouth",1.55,8.358
4,2021-07-29 19:00:00,13.5,"norwood.mouth",1.55,8.411
4,2021-07-29 19:10:00,13.688,"norwood.mouth",1.55,8.424
4,2021-07-29 19:20:00,13.25,"norwood.mouth",1.55,8.393
4,2021-07-29 19:35:00,13.562,"norwood.mouth",1.55,8.37
4,2021-07-29 19:45:00,13.125,"norwood.mouth",1.55,8.294
4,2021-07-29 20:00:00,12.875,"norwood.mouth",1.55,8.177
4,2021-07-29 20:10:00,13.312,"norwood.mouth",1.55,8.158
4,2021-07-29 20:20:00,12.75,"norwood.mouth",1.55,8.054
4,2021-07-29 20:35:00,13,"norwood.mouth",1.55,7.893
4,2021-07-29 20:45:00,13.938,"norwood.mouth",1.40558659217877,7.75304888268156
4,2021-07-29 21:00:00,13.375,"norwood.mouth",1.55,7.582
4,2021-07-29 21:10:00,12.875,"norwood.mouth",1.55,7.459
4,2021-07-29 21:20:00,13.5,"norwood.mouth",1.55,7.341
4,2021-07-29 21:35:00,12.438,"norwood.mouth",1.55,7.057
4,2021-07-29 21:45:00,12.938,"norwood.mouth",1.55,6.871
4,2021-07-29 22:00:00,12.688,"norwood.mouth",1.55,6.463
4,2021-07-29 22:10:00,12.438,"norwood.mouth",1.55,6.201
4,2021-07-29 22:20:00,12.312,"norwood.mouth",1.55,6
4,2021-07-29 22:35:00,12.312,"norwood.mouth",1.55,5.66
4,2021-07-29 22:45:00,12.125,"norwood.mouth",1.55,5.439
4,2021-07-29 23:00:00,12.125,"norwood.mouth",1.55,5.057
4,2021-07-29 23:10:00,12.125,"norwood.mouth",1.55,4.856
4,2021-07-29 23:20:00,12.062,"norwood.mouth",1.55,4.679
4,2021-07-29 23:35:00,12.188,"norwood.mouth",1.55,4.36
4,2021-07-29 23:45:00,12.438,"norwood.mouth",1.55,4.217
4,2021-07-30,11.75,"norwood.mouth",1.55,3.91
4,2021-07-30 00:10:00,12,"norwood.mouth",1.55,3.686
4,2021-07-30 00:20:00,11.938,"norwood.mouth",1.55,3.486
4,2021-07-30 00:35:00,12.188,"norwood.mouth",1.55,3.214
4,2021-07-30 00:45:00,14.062,"norwood.mouth",1.10576923076923,2.91183333333333
4,2021-07-30 01:00:00,12.25,"norwood.mouth",1.55,2.867
4,2021-07-30 01:10:00,12.125,"norwood.mouth",1.55,2.723
4,2021-07-30 01:20:00,12,"norwood.mouth",1.55,2.54
4,2021-07-30 01:35:00,12.25,"norwood.mouth",1.55,2.365
4,2021-07-30 01:45:00,12.438,"norwood.mouth",1.55,2.239
4,2021-07-30 02:00:00,12.375,"norwood.mouth",1.55,2.098
4,2021-07-30 02:10:00,12.312,"norwood.mouth",1.55,1.998
4,2021-07-30 02:20:00,12.438,"norwood.mouth",1.55,1.885
4,2021-07-30 02:35:00,12.375,"norwood.mouth",1.55,1.8
4,2021-07-30 02:45:00,12.625,"norwood.mouth",1.55,1.716
4,2021-07-30 03:00:00,12.5,"norwood.mouth",1.55,1.541
4,2021-07-30 03:10:00,12.562,"norwood.mouth",1.55,1.525
4,2021-07-30 03:20:00,12.562,"norwood.mouth",1.55,1.437
4,2021-07-30 03:35:00,12.625,"norwood.mouth",1.55,1.331
4,2021-07-30 03:45:00,12.5,"norwood.mouth",1.55,1.283
4,2021-07-30 04:00:00,12.562,"norwood.mouth",1.55,1.235
4,2021-07-30 04:10:00,12.5,"norwood.mouth",1.55,1.177
4,2021-07-30 04:20:00,12.625,"norwood.mouth",1.55,1.139
4,2021-07-30 04:35:00,12.562,"norwood.mouth",1.55,1.095
4,2021-07-30 04:45:00,12.75,"norwood.mouth",1.44413407821229,1.09013687150838
4,2021-07-30 05:00:00,12.688,"norwood.mouth",1.47826086956522,1.027
4,2021-07-30 05:10:00,12.812,"norwood.mouth",1.39455852156058,1.07516632443532
4,2021-07-30 05:20:00,13.125,"norwood.mouth",1.27248098859316,1.24934838403042
4,2021-07-30 05:35:00,13.625,"norwood.mouth",1.03953603158934,1.48150444225074
4,2021-07-30 05:45:00,13.562,"norwood.mouth",1.06867469879518,1.42607530120482
4,2021-07-30 06:00:00,13.688,"norwood.mouth",0.986988847583643,1.42154058240397
4,2021-07-30 06:10:00,13.5,"norwood.mouth",1.05325977933801,1.36045962888666
4,2021-07-30 06:20:00,13.75,"norwood.mouth",0.967857142857143,1.50835714285714
4,2021-07-30 06:35:00,14.938,"norwood.mouth",0.795571499257793,2.05779003793502
4,2021-07-30 06:45:00,13.875,"norwood.mouth",0.943537964458804,1.42467851373183
4,2021-07-30 07:00:00,13.688,"norwood.mouth",0.96702786377709,1.28982043343653
4,2021-07-30 07:10:00,13.5,"norwood.mouth",1.0098311817279,1.38266559086395
4,2021-07-30 07:20:00,13.625,"norwood.mouth",0.966222222222222,1.58553592592593
4,2021-07-30 07:35:00,13.688,"norwood.mouth",0.963755458515284,1.52965320232897
4,2021-07-30 07:45:00,13.312,"norwood.mouth",1.05878612716763,1.34864277456647
4,2021-07-30 08:00:00,13.438,"norwood.mouth",1.05778210116731,1.37130350194553
4,2021-07-30 08:10:00,14.25,"norwood.mouth",0.835313315926893,1.79238381201044
4,2021-07-30 08:20:00,13.312,"norwood.mouth",1.075,1.496
4,2021-07-30 08:35:00,13.312,"norwood.mouth",1.05643729189789,1.69641842397336
4,2021-07-30 08:45:00,13.562,"norwood.mouth",0.968139534883721,1.9437488372093
4,2021-07-30 09:00:00,13.562,"norwood.mouth",0.964322916666667,2.06289019097222
4,2021-07-30 09:10:00,13.062,"norwood.mouth",1.19308510638298,1.75233244680851
4,2021-07-30 09:20:00,12.75,"norwood.mouth",1.36907114624506,1.54405731225296
4,2021-07-30 09:35:00,13.062,"norwood.mouth",1.20072614107884,2.10013641078838
4,2021-07-30 09:45:00,13,"norwood.mouth",1.22218162839248,2.16169624217119
4,2021-07-30 10:00:00,12.75,"norwood.mouth",1.35448979591837,2.00599591836735
4,2021-07-30 10:10:00,12.75,"norwood.mouth",1.40943396226415,1.93450943396226
4,2021-07-30 10:20:00,12.375,"norwood.mouth",1.55,1.891
4,2021-07-30 10:35:00,12.25,"norwood.mouth",1.55,2.035
4,2021-07-30 10:45:00,12.438,"norwood.mouth",1.55,2.118
4,2021-07-30 11:00:00,12.312,"norwood.mouth",1.55,2.306
4,2021-07-30 11:10:00,13.125,"norwood.mouth",1.24357707509881,3.21815464426877
4,2021-07-30 11:20:00,12.188,"norwood.mouth",1.55,2.576
4,2021-07-30 11:35:00,11.938,"norwood.mouth",1.55,2.909
4,2021-07-30 11:45:00,12.125,"norwood.mouth",1.55,3.082
4,2021-07-30 12:00:00,11.812,"norwood.mouth",1.55,3.247
4,2021-07-30 12:10:00,11.812,"norwood.mouth",1.55,3.395
4,2021-07-30 12:20:00,11.625,"norwood.mouth",1.55,3.654
4,2021-07-30 12:35:00,11.875,"norwood.mouth",1.55,3.935
4,2021-07-30 12:45:00,12.062,"norwood.mouth",1.55,4.105
4,2021-07-30 13:00:00,11.688,"norwood.mouth",1.55,4.328
4,2021-07-30 13:10:00,11.688,"norwood.mouth",1.55,4.56
4,2021-07-30 13:20:00,11.812,"norwood.mouth",1.55,4.636
4,2021-07-30 13:35:00,12,"norwood.mouth",1.55,4.822
4,2021-07-30 13:45:00,12.062,"norwood.mouth",1.55,4.921
4,2021-07-30 14:00:00,11.812,"norwood.mouth",1.55,5.058
4,2021-07-30 14:10:00,12.125,"norwood.mouth",1.55,4.951
4,2021-07-30 14:20:00,12.125,"norwood.mouth",1.55,5.289
4,2021-07-30 14:35:00,12.75,"norwood.mouth",1.55,5.438
4,2021-07-30 14:45:00,12.312,"norwood.mouth",1.55,5.526
4,2021-07-30 15:00:00,12,"norwood.mouth",1.55,5.577
4,2021-07-30 15:10:00,12.812,"norwood.mouth",1.55,5.567
4,2021-07-30 15:20:00,12.188,"norwood.mouth",1.55,5.595
4,2021-07-30 15:35:00,11.875,"norwood.mouth",1.55,5.638
4,2021-07-30 15:45:00,12.375,"norwood.mouth",1.55,5.672
4,2021-07-30 16:00:00,14.562,"norwood.mouth",0.93438202247191,7.54678876404494
4,2021-07-30 16:10:00,12.312,"norwood.mouth",1.55,5.93
4,2021-07-30 16:20:00,12.188,"norwood.mouth",1.55,6.069
4,2021-07-30 16:35:00,12,"norwood.mouth",1.55,6.297
4,2021-07-30 16:45:00,12,"norwood.mouth",1.55,6.438
4,2021-07-30 17:00:00,11.938,"norwood.mouth",1.55,6.609
4,2021-07-30 17:10:00,12,"norwood.mouth",1.55,6.727
4,2021-07-30 17:20:00,12.062,"norwood.mouth",1.55,6.844
4,2021-07-30 17:35:00,11.75,"norwood.mouth",1.55,6.879
4,2021-07-30 17:45:00,12,"norwood.mouth",1.55,6.79
4,2021-07-30 18:00:00,12,"norwood.mouth",1.55,6.815
4,2021-07-30 18:10:00,12.438,"norwood.mouth",1.55,6.867
4,2021-07-30 18:20:00,11.938,"norwood.mouth",1.55,6.938
4,2021-07-30 18:35:00,12.375,"norwood.mouth",1.55,6.931
4,2021-07-30 18:45:00,12.188,"norwood.mouth",1.55,6.888
4,2021-07-30 19:00:00,12.188,"norwood.mouth",1.55,6.79
4,2021-07-30 19:10:00,12.25,"norwood.mouth",1.55,6.762
4,2021-07-30 19:20:00,12.125,"norwood.mouth",1.55,6.707
4,2021-07-30 19:35:00,12,"norwood.mouth",1.55,6.665
4,2021-07-30 19:45:00,12.125,"norwood.mouth",1.55,6.571
4,2021-07-30 20:00:00,12,"norwood.mouth",1.55,6.452
4,2021-07-30 20:10:00,12.312,"norwood.mouth",1.55,6.397
4,2021-07-30 20:20:00,12.688,"norwood.mouth",1.55,6.339
4,2021-07-30 20:35:00,13.812,"norwood.mouth",1.13599683544304,6.75045886075949
4,2021-07-30 20:45:00,12.062,"norwood.mouth",1.55,6.11
4,2021-07-30 21:00:00,11.688,"norwood.mouth",1.55,5.976
4,2021-07-30 21:10:00,11.5,"norwood.mouth",1.55,5.881
4,2021-07-30 21:20:00,11.75,"norwood.mouth",1.55,5.771
4,2021-07-30 21:35:00,11.688,"norwood.mouth",1.55,5.495
4,2021-07-30 21:45:00,12.438,"norwood.mouth",1.55,5.369
4,2021-07-30 22:00:00,11.75,"norwood.mouth",1.55,5.156
4,2021-07-30 22:10:00,11.75,"norwood.mouth",1.55,5.021
4,2021-07-30 22:20:00,11.875,"norwood.mouth",1.55,4.877
4,2021-07-30 22:35:00,11.688,"norwood.mouth",1.55,4.62
4,2021-07-30 22:45:00,11.688,"norwood.mouth",1.55,4.49
4,2021-07-30 23:00:00,11.625,"norwood.mouth",1.55,4.237
4,2021-07-30 23:10:00,11.625,"norwood.mouth",1.55,4.133
4,2021-07-30 23:20:00,11.625,"norwood.mouth",1.55,4
4,2021-07-30 23:35:00,11.625,"norwood.mouth",1.55,3.758
4,2021-07-30 23:45:00,11.688,"norwood.mouth",1.55,3.631
4,2021-07-31,11.562,"norwood.mouth",1.55,3.438
4,2021-07-31 00:10:00,11.5,"norwood.mouth",1.55,3.281
4,2021-07-31 00:20:00,11.625,"norwood.mouth",1.55,3.185
4,2021-07-31 00:35:00,12.375,"norwood.mouth",1.55,2.995
4,2021-07-31 00:45:00,14.125,"norwood.mouth",0.940901287553648,2.75257381974249
4,2021-07-31 01:00:00,11.562,"norwood.mouth",1.55,2.7
4,2021-07-31 01:10:00,11.5,"norwood.mouth",1.55,2.598
4,2021-07-31 01:20:00,11.562,"norwood.mouth",1.55,2.497
4,2021-07-31 01:35:00,11.812,"norwood.mouth",1.55,2.33
4,2021-07-31 01:45:00,11.5,"norwood.mouth",1.55,2.229
4,2021-07-31 02:00:00,11.625,"norwood.mouth",1.55,2.097
4,2021-07-31 02:10:00,11.812,"norwood.mouth",1.55,1.995
4,2021-07-31 02:20:00,12,"norwood.mouth",1.55,1.915
4,2021-07-31 02:35:00,12,"norwood.mouth",1.55,1.82
4,2021-07-31 02:45:00,11.938,"norwood.mouth",1.55,1.735
4,2021-07-31 03:00:00,11.812,"norwood.mouth",1.55,1.632
4,2021-07-31 03:10:00,11.812,"norwood.mouth",1.55,1.573
4,2021-07-31 03:20:00,12.188,"norwood.mouth",1.55,1.522
4,2021-07-31 03:35:00,12.188,"norwood.mouth",1.55,1.467
4,2021-07-31 03:45:00,12.188,"norwood.mouth",1.55,1.441
4,2021-07-31 04:00:00,12.125,"norwood.mouth",1.55,1.378
4,2021-07-31 04:10:00,12.25,"norwood.mouth",1.55,1.346
4,2021-07-31 04:20:00,12.125,"norwood.mouth",1.55,1.311
4,2021-07-31 04:35:00,12.375,"norwood.mouth",1.55,1.233
4,2021-07-31 04:45:00,12.312,"norwood.mouth",1.55,1.201
4,2021-07-31 05:00:00,12.188,"norwood.mouth",1.55,1.178
4,2021-07-31 05:10:00,12.188,"norwood.mouth",1.55,1.137
4,2021-07-31 05:20:00,12.125,"norwood.mouth",1.55,1.09
4,2021-07-31 05:35:00,12.438,"norwood.mouth",1.55,1.047
4,2021-07-31 05:45:00,12.312,"norwood.mouth",1.55,1.023
4,2021-07-31 06:00:00,12.688,"norwood.mouth",1.35832298136646,1.09427453416149
4,2021-07-31 06:10:00,12.375,"norwood.mouth",1.55,0.972
4,2021-07-31 06:20:00,12.625,"norwood.mouth",1.36205714285714,1.02657885714286
4,2021-07-31 06:35:00,12.5,"norwood.mouth",1.43939929328622,0.945459363957597
4,2021-07-31 06:45:00,12.938,"norwood.mouth",1.19802158273381,1.12046223021583
4,2021-07-31 07:00:00,12.562,"norwood.mouth",1.39339622641509,0.978283018867924
4,2021-07-31 07:10:00,12.75,"norwood.mouth",1.32732018561485,1.06591850348028
4,2021-07-31 07:20:00,12.5,"norwood.mouth",1.44877551020408,0.930393877551021
4,2021-07-31 07:35:00,12.312,"norwood.mouth",1.55,0.954
4,2021-07-31 07:45:00,12.312,"norwood.mouth",1.55,1.011
4,2021-07-31 08:00:00,12.312,"norwood.mouth",1.55,1.126
4,2021-07-31 08:10:00,12.25,"norwood.mouth",1.55,1.212
4,2021-07-31 08:20:00,11.875,"norwood.mouth",1.55,1.258
4,2021-07-31 08:35:00,12.75,"norwood.mouth",1.28893591293833,1.55998428053204
4,2021-07-31 08:45:00,12.375,"norwood.mouth",1.55,1.569
4,2021-07-31 09:00:00,11.938,"norwood.mouth",1.55,1.557
4,2021-07-31 09:10:00,11.938,"norwood.mouth",1.55,1.669
4,2021-07-31 09:20:00,11.875,"norwood.mouth",1.55,1.712
4,2021-07-31 09:35:00,11.812,"norwood.mouth",1.55,1.898
4,2021-07-31 09:45:00,11.688,"norwood.mouth",1.55,2.022
4,2021-07-31 10:00:00,11.812,"norwood.mouth",1.55,2.177
4,2021-07-31 10:10:00,11.75,"norwood.mouth",1.55,2.28
4,2021-07-31 10:20:00,11.688,"norwood.mouth",1.55,2.494
4,2021-07-31 10:35:00,11.688,"norwood.mouth",1.55,2.651
4,2021-07-31 10:45:00,11.688,"norwood.mouth",1.55,2.773
4,2021-07-31 11:00:00,11.625,"norwood.mouth",1.55,2.881
4,2021-07-31 11:10:00,12.125,"norwood.mouth",1.55,2.987
4,2021-07-31 11:20:00,11.688,"norwood.mouth",1.55,3.137
4,2021-07-31 11:35:00,11.5,"norwood.mouth",1.55,3.329
4,2021-07-31 11:45:00,11.625,"norwood.mouth",1.55,3.393
4,2021-07-31 12:00:00,12.438,"norwood.mouth",1.55,3.623
4,2021-07-31 12:10:00,11.5,"norwood.mouth",1.55,3.955
4,2021-07-31 12:20:00,12.062,"norwood.mouth",1.55,3.966
4,2021-07-31 12:35:00,11.625,"norwood.mouth",1.55,4.201
4,2021-07-31 12:45:00,12,"norwood.mouth",1.55,4.289
4,2021-07-31 13:00:00,11.438,"norwood.mouth",1.55,4.432
4,2021-07-31 13:10:00,11.5,"norwood.mouth",1.55,4.539
4,2021-07-31 13:20:00,12.25,"norwood.mouth",1.55,4.62
4,2021-07-31 13:35:00,11.5,"norwood.mouth",1.55,4.822
4,2021-07-31 13:45:00,11.438,"norwood.mouth",1.55,4.96
4,2021-07-31 14:00:00,11.75,"norwood.mouth",1.55,5.151
4,2021-07-31 14:10:00,11.5,"norwood.mouth",1.55,5.251
4,2021-07-31 14:20:00,11.812,"norwood.mouth",1.55,5.476
4,2021-07-31 14:35:00,11.625,"norwood.mouth",1.55,5.664
4,2021-07-31 14:45:00,11.625,"norwood.mouth",1.55,5.81
4,2021-07-31 15:00:00,11.5,"norwood.mouth",1.55,6.06
4,2021-07-31 15:10:00,11.688,"norwood.mouth",1.55,6.22
4,2021-07-31 15:20:00,11.625,"norwood.mouth",1.55,6.358
4,2021-07-31 15:35:00,11.812,"norwood.mouth",1.55,6.574
4,2021-07-31 15:45:00,11.75,"norwood.mouth",1.55,6.547
4,2021-07-31 16:00:00,11.688,"norwood.mouth",1.55,6.702
4,2021-07-31 16:10:00,11.875,"norwood.mouth",1.55,6.838
4,2021-07-31 16:20:00,11.875,"norwood.mouth",1.55,6.909
4,2021-07-31 16:35:00,12.062,"norwood.mouth",1.55,7.023
4,2021-07-31 16:45:00,12.125,"norwood.mouth",1.55,7.069
4,2021-07-31 17:00:00,12.625,"norwood.mouth",1.55,7.354
4,2021-07-31 17:10:00,12,"norwood.mouth",1.55,7.443
4,2021-07-31 17:20:00,12.062,"norwood.mouth",1.55,7.527
4,2021-07-31 17:35:00,12,"norwood.mouth",1.55,7.539
4,2021-07-31 17:45:00,12,"norwood.mouth",1.55,7.579
4,2021-07-31 18:00:00,11.938,"norwood.mouth",1.55,7.683
4,2021-07-31 18:10:00,12.375,"norwood.mouth",1.55,7.718
4,2021-07-31 18:20:00,12,"norwood.mouth",1.55,7.797
4,2021-07-31 18:35:00,12,"norwood.mouth",1.55,7.882
4,2021-07-31 18:45:00,11.938,"norwood.mouth",1.55,7.973
4,2021-07-31 19:00:00,12,"norwood.mouth",1.55,7.99
4,2021-07-31 19:10:00,11.938,"norwood.mouth",1.55,7.99
4,2021-07-31 19:20:00,11.875,"norwood.mouth",1.55,7.982
4,2021-07-31 19:35:00,11.875,"norwood.mouth",1.55,7.901
4,2021-07-31 19:45:00,12,"norwood.mouth",1.55,7.857
4,2021-07-31 20:00:00,11.875,"norwood.mouth",1.55,7.818
4,2021-07-31 20:10:00,11.812,"norwood.mouth",1.55,7.782
4,2021-07-31 20:20:00,11.812,"norwood.mouth",1.55,7.669
4,2021-07-31 20:35:00,11.875,"norwood.mouth",1.55,7.553
4,2021-07-31 20:45:00,12.25,"norwood.mouth",1.55,7.458
4,2021-07-31 21:00:00,12.062,"norwood.mouth",1.55,7.319
4,2021-07-31 21:10:00,11.938,"norwood.mouth",1.55,7.23
4,2021-07-31 21:20:00,11.75,"norwood.mouth",1.55,7.132
4,2021-07-31 21:35:00,11.812,"norwood.mouth",1.55,6.996
4,2021-07-31 21:45:00,11.688,"norwood.mouth",1.55,6.816
4,2021-07-31 22:00:00,11.625,"norwood.mouth",1.55,6.655
4,2021-07-31 22:10:00,11.625,"norwood.mouth",1.55,6.53
4,2021-07-31 22:20:00,11.688,"norwood.mouth",1.55,6.385
4,2021-07-31 22:35:00,11.625,"norwood.mouth",1.55,6.12
4,2021-07-31 22:45:00,13.125,"norwood.mouth",1.35901883052527,5.88044003964321
4,2021-07-31 23:00:00,11.688,"norwood.mouth",1.55,5.699
4,2021-07-31 23:10:00,11.625,"norwood.mouth",1.55,5.525
4,2021-07-31 23:20:00,11.75,"norwood.mouth",1.55,5.265
4,2021-07-31 23:35:00,11.688,"norwood.mouth",1.55,5.086
4,2021-07-31 23:45:00,11.938,"norwood.mouth",1.55,4.932
4,2021-08-01,11.688,"norwood.mouth",1.55,4.76
4,2021-08-01 00:10:00,11.75,"norwood.mouth",1.55,4.588
4,2021-08-01 00:20:00,11.75,"norwood.mouth",1.55,4.364
4,2021-08-01 00:35:00,11.812,"norwood.mouth",1.55,4.028
4,2021-08-01 00:45:00,11.625,"norwood.mouth",1.55,3.889
4,2021-08-01 01:00:00,11.875,"norwood.mouth",1.55,3.662
4,2021-08-01 01:10:00,11.625,"norwood.mouth",1.55,3.54
4,2021-08-01 01:20:00,11.5,"norwood.mouth",1.55,3.382
4,2021-08-01 01:35:00,11.5,"norwood.mouth",1.55,3.093
4,2021-08-01 01:45:00,11.5,"norwood.mouth",1.55,3.014
4,2021-08-01 02:00:00,11.375,"norwood.mouth",1.55,2.874
4,2021-08-01 02:10:00,11.312,"norwood.mouth",1.55,2.734
4,2021-08-01 02:20:00,11.562,"norwood.mouth",1.55,2.596
4,2021-08-01 02:35:00,11.5,"norwood.mouth",1.55,2.437
4,2021-08-01 02:45:00,11.5,"norwood.mouth",1.55,2.334
4,2021-08-01 03:00:00,11.562,"norwood.mouth",1.55,2.2
4,2021-08-01 03:10:00,11.625,"norwood.mouth",1.55,2.109
4,2021-08-01 03:20:00,11.625,"norwood.mouth",1.55,2.026
4,2021-08-01 03:35:00,11.75,"norwood.mouth",1.55,1.917
4,2021-08-01 03:45:00,11.625,"norwood.mouth",1.55,1.815
4,2021-08-01 04:00:00,11.625,"norwood.mouth",1.55,1.766
4,2021-08-01 04:10:00,11.562,"norwood.mouth",1.55,1.705
4,2021-08-01 04:20:00,11.75,"norwood.mouth",1.55,1.642
4,2021-08-01 04:35:00,11.75,"norwood.mouth",1.55,1.531
4,2021-08-01 04:45:00,11.812,"norwood.mouth",1.55,1.47
4,2021-08-01 05:00:00,11.75,"norwood.mouth",1.55,1.4
4,2021-08-01 05:10:00,11.812,"norwood.mouth",1.55,1.345
4,2021-08-01 05:20:00,11.812,"norwood.mouth",1.55,1.335
4,2021-08-01 05:35:00,11.938,"norwood.mouth",1.55,1.294
4,2021-08-01 05:45:00,12.688,"norwood.mouth",1.35889261744966,1.42711493288591
4,2021-08-01 06:00:00,12.062,"norwood.mouth",1.55,1.209
4,2021-08-01 06:10:00,12.125,"norwood.mouth",1.55,1.175
4,2021-08-01 06:20:00,12.312,"norwood.mouth",1.55,1.167
4,2021-08-01 06:35:00,12.188,"norwood.mouth",1.55,1.117
4,2021-08-01 06:45:00,11.938,"norwood.mouth",1.55,1.105
4,2021-08-01 07:00:00,12,"norwood.mouth",1.55,1.075
4,2021-08-01 07:10:00,12.312,"norwood.mouth",1.55,1.087
4,2021-08-01 07:20:00,11.938,"norwood.mouth",1.55,1.077
4,2021-08-01 07:35:00,11.812,"norwood.mouth",1.55,1.112
4,2021-08-01 07:45:00,11.875,"norwood.mouth",1.55,1.112
4,2021-08-01 08:00:00,11.75,"norwood.mouth",1.55,1.167
4,2021-08-01 08:10:00,11.938,"norwood.mouth",1.55,1.19
4,2021-08-01 08:20:00,11.938,"norwood.mouth",1.55,1.211
4,2021-08-01 08:35:00,11.938,"norwood.mouth",1.55,1.261
4,2021-08-01 08:45:00,11.875,"norwood.mouth",1.55,1.322
4,2021-08-01 09:00:00,11.625,"norwood.mouth",1.55,1.457
4,2021-08-01 09:10:00,11.625,"norwood.mouth",1.55,1.515
4,2021-08-01 09:20:00,11.75,"norwood.mouth",1.55,1.538
4,2021-08-01 09:35:00,11.625,"norwood.mouth",1.55,1.668
4,2021-08-01 09:45:00,11.625,"norwood.mouth",1.55,1.687
4,2021-08-01 10:00:00,11.5,"norwood.mouth",1.55,1.821
4,2021-08-01 10:10:00,11.562,"norwood.mouth",1.55,1.934
4,2021-08-01 10:20:00,11.688,"norwood.mouth",1.55,2.037
4,2021-08-01 10:35:00,11.5,"norwood.mouth",1.55,2.202
4,2021-08-01 10:45:00,11.625,"norwood.mouth",1.55,2.311
4,2021-08-01 11:00:00,11.438,"norwood.mouth",1.55,2.359
4,2021-08-01 11:10:00,11.688,"norwood.mouth",1.55,2.45
4,2021-08-01 11:20:00,11.375,"norwood.mouth",1.55,2.576
4,2021-08-01 11:35:00,11.562,"norwood.mouth",1.55,2.722
4,2021-08-01 11:45:00,11.688,"norwood.mouth",1.55,3.022
4,2021-08-01 12:00:00,11.562,"norwood.mouth",1.55,3.352
4,2021-08-01 12:10:00,11.5,"norwood.mouth",1.55,3.468
4,2021-08-01 12:20:00,11.562,"norwood.mouth",1.55,3.964
4,2021-08-01 12:35:00,11.562,"norwood.mouth",1.55,4.013
4,2021-08-01 12:45:00,11.562,"norwood.mouth",1.55,4.112
4,2021-08-01 13:00:00,11.562,"norwood.mouth",1.55,4.456
4,2021-08-01 13:10:00,11.5,"norwood.mouth",1.55,4.601
4,2021-08-01 13:20:00,11.5,"norwood.mouth",1.55,4.69
4,2021-08-01 13:35:00,11.562,"norwood.mouth",1.55,4.91
4,2021-08-01 13:45:00,11.625,"norwood.mouth",1.55,5.098
4,2021-08-01 14:00:00,11.688,"norwood.mouth",1.55,5.436
4,2021-08-01 14:10:00,11.812,"norwood.mouth",1.55,5.63
4,2021-08-01 14:20:00,11.875,"norwood.mouth",1.55,5.833
4,2021-08-01 14:35:00,11.75,"norwood.mouth",1.55,6.05
4,2021-08-01 14:45:00,11.938,"norwood.mouth",1.55,6.174
4,2021-08-01 15:00:00,12.312,"norwood.mouth",1.55,6.334
4,2021-08-01 15:10:00,12.062,"norwood.mouth",1.55,6.41
4,2021-08-01 15:20:00,12.188,"norwood.mouth",1.55,6.577
4,2021-08-01 15:35:00,12.188,"norwood.mouth",1.55,6.805
4,2021-08-01 15:45:00,12.125,"norwood.mouth",1.55,6.955
4,2021-08-01 16:00:00,12.062,"norwood.mouth",1.55,7.252
4,2021-08-01 16:10:00,12.188,"norwood.mouth",1.55,7.401
4,2021-08-01 16:20:00,12.188,"norwood.mouth",1.55,7.487
4,2021-08-01 16:35:00,12.125,"norwood.mouth",1.55,7.62
4,2021-08-01 16:45:00,12.25,"norwood.mouth",1.55,7.74
4,2021-08-01 17:00:00,12.25,"norwood.mouth",1.55,7.921
4,2021-08-01 17:10:00,12.312,"norwood.mouth",1.55,8.075
4,2021-08-01 17:20:00,12.375,"norwood.mouth",1.55,8.262
4,2021-08-01 17:35:00,12.562,"norwood.mouth",1.55,8.327
4,2021-08-01 17:45:00,12.625,"norwood.mouth",1.55,8.355
4,2021-08-01 18:00:00,12.625,"norwood.mouth",1.55,8.371
4,2021-08-01 18:10:00,13.188,"norwood.mouth",1.55,8.462
4,2021-08-01 18:20:00,12.688,"norwood.mouth",1.55,8.539
4,2021-08-01 18:35:00,12.625,"norwood.mouth",1.55,8.596
4,2021-08-01 18:45:00,12.688,"norwood.mouth",1.55,8.674
4,2021-08-01 19:00:00,12.75,"norwood.mouth",1.55,8.844
4,2021-08-01 19:10:00,12.625,"norwood.mouth",1.55,8.864
4,2021-08-01 19:20:00,12.938,"norwood.mouth",1.55,8.86
4,2021-08-01 19:35:00,12.938,"norwood.mouth",1.55,8.894
4,2021-08-01 19:45:00,12.625,"norwood.mouth",1.55,8.827
4,2021-08-01 20:00:00,12.625,"norwood.mouth",1.55,8.574
4,2021-08-01 20:10:00,12.438,"norwood.mouth",1.55,8.464
4,2021-08-01 20:20:00,12.812,"norwood.mouth",1.55,8.417
4,2021-08-01 20:35:00,12.312,"norwood.mouth",1.55,8.289
4,2021-08-01 20:45:00,12.688,"norwood.mouth",1.55,8.139
4,2021-08-01 21:00:00,15.438,"norwood.mouth",0.945702179176755,7.9713686440678
4,2021-08-01 21:10:00,12.312,"norwood.mouth",1.55,7.805
4,2021-08-01 21:20:00,12.5,"norwood.mouth",1.55,7.627
4,2021-08-01 21:35:00,12.312,"norwood.mouth",1.55,7.319
4,2021-08-01 21:45:00,12.312,"norwood.mouth",1.55,7.097
4,2021-08-01 22:00:00,12.25,"norwood.mouth",1.55,6.844
4,2021-08-01 22:10:00,12.812,"norwood.mouth",1.55,6.674
4,2021-08-01 22:20:00,12.5,"norwood.mouth",1.55,6.439
4,2021-08-01 22:35:00,12.375,"norwood.mouth",1.55,6.171
4,2021-08-01 22:45:00,13.625,"norwood.mouth",1.38048780487805,5.82619512195122
4,2021-08-01 23:00:00,12.438,"norwood.mouth",1.55,5.567
4,2021-08-01 23:10:00,12.25,"norwood.mouth",1.55,5.381
4,2021-08-01 23:20:00,12.125,"norwood.mouth",1.55,5.159
4,2021-08-01 23:35:00,12.125,"norwood.mouth",1.55,4.818
4,2021-08-01 23:45:00,11.875,"norwood.mouth",1.55,4.583
4,2021-08-02,11.812,"norwood.mouth",1.55,4.206
4,2021-08-02 00:10:00,11.75,"norwood.mouth",1.55,3.936
4,2021-08-02 00:20:00,11.812,"norwood.mouth",1.55,3.729
4,2021-08-02 00:35:00,12,"norwood.mouth",1.55,3.465
4,2021-08-02 00:45:00,11.812,"norwood.mouth",1.55,3.345
4,2021-08-02 01:00:00,11.688,"norwood.mouth",1.55,3.295
4,2021-08-02 01:10:00,12,"norwood.mouth",1.55,3.133
4,2021-08-02 01:20:00,11.812,"norwood.mouth",1.55,3
4,2021-08-02 01:35:00,11.75,"norwood.mouth",1.55,2.818
4,2021-08-02 01:45:00,11.875,"norwood.mouth",1.55,2.674
4,2021-08-02 02:00:00,11.875,"norwood.mouth",1.55,2.467
4,2021-08-02 02:10:00,11.75,"norwood.mouth",1.55,2.334
4,2021-08-02 02:20:00,12.188,"norwood.mouth",1.55,2.174
4,2021-08-02 02:35:00,11.875,"norwood.mouth",1.55,2.026
4,2021-08-02 02:45:00,12,"norwood.mouth",1.55,1.845
4,2021-08-02 03:00:00,12.125,"norwood.mouth",1.55,1.805
4,2021-08-02 03:10:00,12.062,"norwood.mouth",1.55,1.694
4,2021-08-02 03:20:00,12.062,"norwood.mouth",1.55,1.621
4,2021-08-02 03:35:00,12.25,"norwood.mouth",1.55,1.524
4,2021-08-02 03:45:00,12.25,"norwood.mouth",1.55,1.498
4,2021-08-02 04:00:00,12.688,"norwood.mouth",1.55,1.41
4,2021-08-02 04:10:00,12.875,"norwood.mouth",1.42614345114345,1.36457042619543
4,2021-08-02 04:20:00,12.625,"norwood.mouth",1.55,1.287
4,2021-08-02 04:35:00,12.5,"norwood.mouth",1.55,1.212
4,2021-08-02 04:45:00,12.812,"norwood.mouth",1.4932502596054,1.17
4,2021-08-02 05:00:00,12.562,"norwood.mouth",1.55,1.089
4,2021-08-02 05:10:00,12.688,"norwood.mouth",1.55,1.066
4,2021-08-02 05:20:00,12.625,"norwood.mouth",1.55,1.028
4,2021-08-02 05:35:00,12.812,"norwood.mouth",1.39944933920705,1.07287334801762
4,2021-08-02 05:45:00,12.812,"norwood.mouth",1.43379446640316,0.98644466403162
4,2021-08-02 06:00:00,12.812,"norwood.mouth",1.3808721506442,1.04448488602577
4,2021-08-02 06:10:00,12.75,"norwood.mouth",1.3988864142539,0.986195991091314
4,2021-08-02 06:20:00,13.312,"norwood.mouth",1.13037234042553,1.234525
4,2021-08-02 06:35:00,12.688,"norwood.mouth",1.4207399103139,0.916793161434977
4,2021-08-02 06:45:00,12.812,"norwood.mouth",1.38755458515284,0.940935225618631
4,2021-08-02 07:00:00,12.812,"norwood.mouth",1.3836032388664,0.927677462887988
4,2021-08-02 07:10:00,12.938,"norwood.mouth",1.30022446689113,1.08139421997755
4,2021-08-02 07:20:00,12.812,"norwood.mouth",1.3709315375982,0.957308454919565
4,2021-08-02 07:35:00,12.688,"norwood.mouth",1.42289442467378,0.905378904705418
4,2021-08-02 07:45:00,12.875,"norwood.mouth",1.29442282749676,1.09861824470385
4,2021-08-02 08:00:00,12.562,"norwood.mouth",1.48616600790514,0.948
4,2021-08-02 08:10:00,12.5,"norwood.mouth",1.55,0.946
4,2021-08-02 08:20:00,12.688,"norwood.mouth",1.40012970168612,1.03881322957198
4,2021-08-02 08:35:00,12.5,"norwood.mouth",1.46222222222222,0.993
4,2021-08-02 08:45:00,13.688,"norwood.mouth",0.957590909090909,2.07320431818182
4,2021-08-02 09:00:00,12.375,"norwood.mouth",1.55,1.147
4,2021-08-02 09:10:00,12.5,"norwood.mouth",1.48448275862069,1.193
4,2021-08-02 09:20:00,12.375,"norwood.mouth",1.55,1.227
4,2021-08-02 09:35:00,12.438,"norwood.mouth",1.55,1.382
4,2021-08-02 09:45:00,12.625,"norwood.mouth",1.44098573281453,1.4878757025508
4,2021-08-02 10:00:00,12.562,"norwood.mouth",1.48125836680054,1.599
4,2021-08-02 10:10:00,12.562,"norwood.mouth",1.49681020733652,1.653
4,2021-08-02 10:20:00,12.375,"norwood.mouth",1.55,1.689
4,2021-08-02 10:35:00,12.25,"norwood.mouth",1.55,1.745
4,2021-08-02 10:45:00,12.125,"norwood.mouth",1.55,1.933
4,2021-08-02 11:00:00,12.5,"norwood.mouth",1.45166666666667,2.097
4,2021-08-02 11:10:00,12.062,"norwood.mouth",1.55,2.179
4,2021-08-02 11:20:00,11.875,"norwood.mouth",1.55,2.329
4,2021-08-02 11:35:00,12.188,"norwood.mouth",1.55,2.554
4,2021-08-02 11:45:00,12.75,"norwood.mouth",1.49305555555556,2.697
4,2021-08-02 12:00:00,13.125,"norwood.mouth",1.40935334872979,3.07931254811393
4,2021-08-02 12:10:00,12.5,"norwood.mouth",1.55,3.137
4,2021-08-02 12:20:00,12,"norwood.mouth",1.55,3.41
4,2021-08-02 12:35:00,12.562,"norwood.mouth",1.55,3.701
4,2021-08-02 12:45:00,13.125,"norwood.mouth",1.49206349206349,3.923
4,2021-08-02 13:00:00,12.5,"norwood.mouth",1.55,4.07
4,2021-08-02 13:10:00,12.75,"norwood.mouth",1.55,4.19
4,2021-08-02 13:20:00,12,"norwood.mouth",1.55,4.362
4,2021-08-02 13:35:00,11.875,"norwood.mouth",1.55,4.621
4,2021-08-02 13:45:00,12.875,"norwood.mouth",1.55,4.771
4,2021-08-02 14:00:00,12.062,"norwood.mouth",1.55,5.177
4,2021-08-02 14:10:00,12.438,"norwood.mouth",1.55,5.342
4,2021-08-02 14:20:00,12.5,"norwood.mouth",1.55,5.524
4,2021-08-02 14:35:00,12.438,"norwood.mouth",1.55,5.882
4,2021-08-02 14:45:00,12.312,"norwood.mouth",1.55,6.04
4,2021-08-02 15:00:00,12.25,"norwood.mouth",1.55,6.21
4,2021-08-02 15:10:00,12.375,"norwood.mouth",1.55,6.434
4,2021-08-02 15:20:00,13.125,"norwood.mouth",1.55,6.571
4,2021-08-02 15:35:00,12.688,"norwood.mouth",1.55,6.765
4,2021-08-02 15:45:00,13.188,"norwood.mouth",1.55,6.948
4,2021-08-02 16:00:00,12.938,"norwood.mouth",1.55,7.138
4,2021-08-02 16:10:00,13.062,"norwood.mouth",1.55,7.297
4,2021-08-02 16:20:00,12.688,"norwood.mouth",1.55,7.427
4,2021-08-02 16:35:00,12.625,"norwood.mouth",1.55,7.695
4,2021-08-02 16:45:00,12.812,"norwood.mouth",1.55,7.794
4,2021-08-02 17:00:00,12.688,"norwood.mouth",1.55,7.915
4,2021-08-02 17:10:00,12.625,"norwood.mouth",1.55,8.005
4,2021-08-02 17:20:00,13.25,"norwood.mouth",1.55,8.192
4,2021-08-02 17:35:00,12.688,"norwood.mouth",1.55,8.341
4,2021-08-02 17:45:00,13,"norwood.mouth",1.55,8.353
4,2021-08-02 18:00:00,12.875,"norwood.mouth",1.55,8.473
4,2021-08-02 18:10:00,12.812,"norwood.mouth",1.55,8.58
4,2021-08-02 18:20:00,13.062,"norwood.mouth",1.55,8.613
4,2021-08-02 18:35:00,13.125,"norwood.mouth",1.55,8.672
4,2021-08-02 18:45:00,12.75,"norwood.mouth",1.55,8.763
4,2021-08-02 19:00:00,13.062,"norwood.mouth",1.55,8.736
4,2021-08-02 19:10:00,12.812,"norwood.mouth",1.55,8.706
4,2021-08-02 19:20:00,12.5,"norwood.mouth",1.55,8.741
4,2021-08-02 19:35:00,12.625,"norwood.mouth",1.55,8.691
4,2021-08-02 19:45:00,12.562,"norwood.mouth",1.55,8.649
4,2021-08-02 20:00:00,12.5,"norwood.mouth",1.55,8.555
4,2021-08-02 20:10:00,12.625,"norwood.mouth",1.55,8.552
4,2021-08-02 20:20:00,12.75,"norwood.mouth",1.55,8.462
4,2021-08-02 20:35:00,12.75,"norwood.mouth",1.55,8.236
4,2021-08-02 20:45:00,12.312,"norwood.mouth",1.55,8.128
4,2021-08-02 21:00:00,12.75,"norwood.mouth",1.55,7.952
4,2021-08-02 21:10:00,12.438,"norwood.mouth",1.55,7.822
4,2021-08-02 21:20:00,12.562,"norwood.mouth",1.55,7.675
4,2021-08-02 21:35:00,12.438,"norwood.mouth",1.55,7.407
4,2021-08-02 21:45:00,12.562,"norwood.mouth",1.55,7.076
4,2021-08-02 22:00:00,13.688,"norwood.mouth",1.38071253071253,6.81998034398034
4,2021-08-02 22:10:00,12.375,"norwood.mouth",1.55,6.609
4,2021-08-02 22:20:00,12.125,"norwood.mouth",1.55,6.444
4,2021-08-02 22:35:00,12.062,"norwood.mouth",1.55,6.213
4,2021-08-02 22:45:00,12.125,"norwood.mouth",1.55,5.961
4,2021-08-02 23:00:00,12,"norwood.mouth",1.55,5.702
4,2021-08-02 23:10:00,11.938,"norwood.mouth",1.55,5.403
4,2021-08-02 23:20:00,11.938,"norwood.mouth",1.55,5.187
4,2021-08-02 23:35:00,12,"norwood.mouth",1.55,4.88
4,2021-08-02 23:45:00,12,"norwood.mouth",1.55,4.689
4,2021-08-03,11.938,"norwood.mouth",1.55,4.402
4,2021-08-03 00:10:00,11.812,"norwood.mouth",1.55,4.236
4,2021-08-03 00:20:00,11.812,"norwood.mouth",1.55,4.044
4,2021-08-03 00:35:00,11.938,"norwood.mouth",1.55,3.725
4,2021-08-03 00:45:00,12,"norwood.mouth",1.55,3.506
4,2021-08-03 01:00:00,11.812,"norwood.mouth",1.55,3.155
4,2021-08-03 01:10:00,11.812,"norwood.mouth",1.55,3.007
4,2021-08-03 01:20:00,11.625,"norwood.mouth",1.55,2.857
4,2021-08-03 01:35:00,12.062,"norwood.mouth",1.55,2.712
4,2021-08-03 01:45:00,11.812,"norwood.mouth",1.55,2.547
4,2021-08-03 02:00:00,11.562,"norwood.mouth",1.55,2.377
4,2021-08-03 02:10:00,11.688,"norwood.mouth",1.55,2.261
4,2021-08-03 02:20:00,11.562,"norwood.mouth",1.55,2.135
4,2021-08-03 02:35:00,11.688,"norwood.mouth",1.55,1.977
4,2021-08-03 02:45:00,11.75,"norwood.mouth",1.55,1.807
4,2021-08-03 03:00:00,11.938,"norwood.mouth",1.55,1.679
4,2021-08-03 03:10:00,11.938,"norwood.mouth",1.55,1.613
4,2021-08-03 03:20:00,11.938,"norwood.mouth",1.55,1.541
4,2021-08-03 03:35:00,12.188,"norwood.mouth",1.55,1.46
4,2021-08-03 03:45:00,12.438,"norwood.mouth",1.55,1.397
4,2021-08-03 04:00:00,12.625,"norwood.mouth",1.55,1.339
4,2021-08-03 04:10:00,12.5,"norwood.mouth",1.55,1.326
4,2021-08-03 04:20:00,12.438,"norwood.mouth",1.55,1.285
4,2021-08-03 04:35:00,12.5,"norwood.mouth",1.55,1.187
4,2021-08-03 04:45:00,12.438,"norwood.mouth",1.55,1.134
4,2021-08-03 05:00:00,12.312,"norwood.mouth",1.55,1.052
4,2021-08-03 05:10:00,12.75,"norwood.mouth",1.47729468599034,0.929
4,2021-08-03 05:20:00,12.562,"norwood.mouth",1.55,0.977
4,2021-08-03 05:35:00,12.438,"norwood.mouth",1.55,0.94
4,2021-08-03 05:45:00,12.688,"norwood.mouth",1.48465703971119,0.808
4,2021-08-03 06:00:00,12.688,"norwood.mouth",1.46217712177122,0.85
4,2021-08-03 06:10:00,12.938,"norwood.mouth",1.31983805668016,1.11698987854251
4,2021-08-03 06:20:00,13.062,"norwood.mouth",1.25708502024292,1.19442139001349
4,2021-08-03 06:35:00,13.25,"norwood.mouth",1.14107883817427,1.31326452282158
4,2021-08-03 06:45:00,12.875,"norwood.mouth",1.34271217712177,1.04062899753997
4,2021-08-03 07:00:00,12.812,"norwood.mouth",1.35931174089069,1.03748852901484
4,2021-08-03 07:10:00,12.75,"norwood.mouth",1.38785046728972,0.963003894080996
4,2021-08-03 07:20:00,12.562,"norwood.mouth",1.47384007897335,0.837
4,2021-08-03 07:35:00,12.812,"norwood.mouth",1.35044422507404,1.0734967094439
4,2021-08-03 07:45:00,12.875,"norwood.mouth",1.31934846989141,1.17202278710102
4,2021-08-03 08:00:00,12.812,"norwood.mouth",1.33882978723404,1.11954787234042
4,2021-08-03 08:10:00,12.75,"norwood.mouth",1.3718085106383,1.1225664893617
4,2021-08-03 08:20:00,12.438,"norwood.mouth",1.55,0.995
4,2021-08-03 08:35:00,12.438,"norwood.mouth",1.55,1.035
4,2021-08-03 08:45:00,12.375,"norwood.mouth",1.55,1.137
4,2021-08-03 09:00:00,12.5,"norwood.mouth",1.49383561643836,1.177
4,2021-08-03 09:10:00,12.688,"norwood.mouth",1.38406735751295,1.41747992227979
4,2021-08-03 09:20:00,12.562,"norwood.mouth",1.46768292682927,1.301
4,2021-08-03 09:35:00,12.375,"norwood.mouth",1.55,1.411
4,2021-08-03 09:45:00,12.562,"norwood.mouth",1.49748427672956,1.551
4,2021-08-03 10:00:00,12.25,"norwood.mouth",1.55,1.606
4,2021-08-03 10:10:00,12.5,"norwood.mouth",1.46708074534161,1.711
4,2021-08-03 10:20:00,12.312,"norwood.mouth",1.55,1.771
4,2021-08-03 10:35:00,12.25,"norwood.mouth",1.55,1.995
4,2021-08-03 10:45:00,12.062,"norwood.mouth",1.55,2.032
4,2021-08-03 11:00:00,12.188,"norwood.mouth",1.55,2.248
4,2021-08-03 11:10:00,12.188,"norwood.mouth",1.55,2.328
4,2021-08-03 11:20:00,12.375,"norwood.mouth",1.55,2.433
4,2021-08-03 11:35:00,12.062,"norwood.mouth",1.55,2.718
4,2021-08-03 11:45:00,13.125,"norwood.mouth",1.42038539553753,3.07399121027721
4,2021-08-03 12:00:00,12,"norwood.mouth",1.55,3.19
4,2021-08-03 12:10:00,12.062,"norwood.mouth",1.55,3.454
4,2021-08-03 12:20:00,12.125,"norwood.mouth",1.55,3.585
4,2021-08-03 12:35:00,11.812,"norwood.mouth",1.55,3.873
4,2021-08-03 12:45:00,12.125,"norwood.mouth",1.55,4.034
4,2021-08-03 13:00:00,12.125,"norwood.mouth",1.55,4.282
4,2021-08-03 13:10:00,11.812,"norwood.mouth",1.55,4.461
4,2021-08-03 13:20:00,12.125,"norwood.mouth",1.55,4.556
4,2021-08-03 13:35:00,12,"norwood.mouth",1.55,4.878
4,2021-08-03 13:45:00,11.875,"norwood.mouth",1.55,5.031
4,2021-08-03 14:00:00,12,"norwood.mouth",1.55,5.346
4,2021-08-03 14:10:00,11.875,"norwood.mouth",1.55,5.518
4,2021-08-03 14:20:00,12,"norwood.mouth",1.55,5.728
4,2021-08-03 14:35:00,12.062,"norwood.mouth",1.55,5.97
4,2021-08-03 14:45:00,12.062,"norwood.mouth",1.55,6.124
4,2021-08-03 15:00:00,12.062,"norwood.mouth",1.55,6.255
4,2021-08-03 15:10:00,12.25,"norwood.mouth",1.55,6.44
4,2021-08-03 15:20:00,12.125,"norwood.mouth",1.55,6.638
4,2021-08-03 15:35:00,12.625,"norwood.mouth",1.55,6.849
4,2021-08-03 15:45:00,12.625,"norwood.mouth",1.55,7.007
4,2021-08-03 16:00:00,13,"norwood.mouth",1.55,7.237
4,2021-08-03 16:10:00,12.312,"norwood.mouth",1.55,7.371
4,2021-08-03 16:20:00,12.25,"norwood.mouth",1.55,7.49
4,2021-08-03 16:35:00,12.25,"norwood.mouth",1.55,7.658
4,2021-08-03 16:45:00,12.25,"norwood.mouth",1.55,7.779
4,2021-08-03 17:00:00,12.375,"norwood.mouth",1.55,7.876
4,2021-08-03 17:10:00,12.188,"norwood.mouth",1.55,7.909
4,2021-08-03 17:20:00,12.312,"norwood.mouth",1.55,8.046
4,2021-08-03 17:35:00,12.75,"norwood.mouth",1.55,8.236
4,2021-08-03 17:45:00,12.312,"norwood.mouth",1.55,8.332
4,2021-08-03 18:00:00,12.75,"norwood.mouth",1.55,8.424
4,2021-08-03 18:10:00,12.25,"norwood.mouth",1.55,8.469
4,2021-08-03 18:20:00,12.5,"norwood.mouth",1.55,8.549
4,2021-08-03 18:35:00,12.438,"norwood.mouth",1.55,8.649
4,2021-08-03 18:45:00,12.312,"norwood.mouth",1.55,8.671
4,2021-08-03 19:00:00,12.625,"norwood.mouth",1.55,8.705
4,2021-08-03 19:10:00,12.312,"norwood.mouth",1.55,8.648
4,2021-08-03 19:20:00,12.438,"norwood.mouth",1.55,8.6
4,2021-08-03 19:35:00,12.812,"norwood.mouth",1.55,8.551
4,2021-08-03 19:45:00,12.438,"norwood.mouth",1.55,8.527
4,2021-08-03 20:00:00,12.625,"norwood.mouth",1.55,8.4
4,2021-08-03 20:10:00,12.375,"norwood.mouth",1.55,8.32
4,2021-08-03 20:20:00,12.188,"norwood.mouth",1.55,8.206
4,2021-08-03 20:35:00,12.25,"norwood.mouth",1.55,8.054
4,2021-08-03 20:45:00,12.125,"norwood.mouth",1.55,7.942
4,2021-08-03 21:00:00,12.062,"norwood.mouth",1.55,7.757
4,2021-08-03 21:10:00,12.125,"norwood.mouth",1.55,7.595
4,2021-08-03 21:20:00,12.125,"norwood.mouth",1.55,7.418
4,2021-08-03 21:35:00,12.125,"norwood.mouth",1.55,7.117
4,2021-08-03 21:45:00,12.375,"norwood.mouth",1.55,6.866
4,2021-08-03 22:00:00,12.562,"norwood.mouth",1.55,6.571
4,2021-08-03 22:10:00,12.125,"norwood.mouth",1.55,6.367
4,2021-08-03 22:20:00,11.938,"norwood.mouth",1.55,6.084
4,2021-08-03 22:35:00,12.062,"norwood.mouth",1.55,5.74
4,2021-08-03 22:45:00,12.062,"norwood.mouth",1.55,5.503
4,2021-08-03 23:00:00,12.125,"norwood.mouth",1.55,5.176
4,2021-08-03 23:10:00,12.5,"norwood.mouth",1.55,4.947
4,2021-08-03 23:20:00,11.812,"norwood.mouth",1.55,4.691
4,2021-08-03 23:35:00,11.938,"norwood.mouth",1.55,4.32
4,2021-08-03 23:45:00,11.875,"norwood.mouth",1.55,4.167
4,2021-08-04,12.375,"norwood.mouth",1.55,3.873
4,2021-08-04 00:10:00,11.75,"norwood.mouth",1.55,3.675
4,2021-08-04 00:20:00,11.688,"norwood.mouth",1.55,3.529
4,2021-08-04 00:35:00,11.75,"norwood.mouth",1.55,3.251
4,2021-08-04 00:45:00,11.75,"norwood.mouth",1.55,3.081
4,2021-08-04 01:00:00,11.812,"norwood.mouth",1.55,2.821
4,2021-08-04 01:10:00,11.812,"norwood.mouth",1.55,2.666
4,2021-08-04 01:20:00,11.5,"norwood.mouth",1.55,2.553
4,2021-08-04 01:35:00,11.438,"norwood.mouth",1.55,2.305
4,2021-08-04 01:45:00,11.75,"norwood.mouth",1.55,2.204
4,2021-08-04 02:00:00,11.75,"norwood.mouth",1.55,2.077
4,2021-08-04 02:10:00,11.438,"norwood.mouth",1.55,1.958
4,2021-08-04 02:20:00,11.75,"norwood.mouth",1.55,1.844
4,2021-08-04 02:35:00,11.938,"norwood.mouth",1.55,1.727
4,2021-08-04 02:45:00,12.438,"norwood.mouth",1.55,1.628
4,2021-08-04 03:00:00,12.312,"norwood.mouth",1.55,1.49
4,2021-08-04 03:10:00,12.438,"norwood.mouth",1.55,1.428
4,2021-08-04 03:20:00,12.562,"norwood.mouth",1.55,1.342
4,2021-08-04 03:35:00,12.625,"norwood.mouth",1.55,1.264
4,2021-08-04 03:45:00,12.5,"norwood.mouth",1.55,1.204
4,2021-08-04 04:00:00,12.625,"norwood.mouth",1.55,1.12
4,2021-08-04 04:10:00,12.625,"norwood.mouth",1.55,1.061
4,2021-08-04 04:20:00,12.812,"norwood.mouth",1.45796241345203,1.035
4,2021-08-04 04:35:00,12.688,"norwood.mouth",1.55,0.978
4,2021-08-04 04:45:00,12.625,"norwood.mouth",1.55,0.972
4,2021-08-04 05:00:00,12.688,"norwood.mouth",1.55,0.986
4,2021-08-04 05:10:00,12.75,"norwood.mouth",1.47675568743818,0.941
4,2021-08-04 05:20:00,13.062,"norwood.mouth",1.27357212003872,1.25385939012585
4,2021-08-04 05:35:00,12.688,"norwood.mouth",1.48320158102767,0.857
4,2021-08-04 05:45:00,12.812,"norwood.mouth",1.41605166051661,0.900857318573184
4,2021-08-04 06:00:00,12.688,"norwood.mouth",1.46217712177122,0.66
4,2021-08-04 06:10:00,12.812,"norwood.mouth",1.33836443468716,1.00006421514819
4,2021-08-04 06:20:00,12.75,"norwood.mouth",1.39776357827476,0.867976837060703
4,2021-08-04 06:35:00,13.062,"norwood.mouth",1.25098814229249,1.23958399209486
4,2021-08-04 06:45:00,12.75,"norwood.mouth",1.40943396226415,0.821721698113207
4,2021-08-04 07:00:00,12.625,"norwood.mouth",1.45707547169811,0.732
4,2021-08-04 07:10:00,12.625,"norwood.mouth",1.45154419595314,0.741
4,2021-08-04 07:20:00,12.5,"norwood.mouth",1.45277777777778,0.767
4,2021-08-04 07:35:00,12.625,"norwood.mouth",1.44987035436474,0.794329299913569
4,2021-08-04 07:45:00,12.562,"norwood.mouth",1.46947004608295,0.819
4,2021-08-04 08:00:00,12.625,"norwood.mouth",1.43497757847534,0.855707772795216
4,2021-08-04 08:10:00,12.5,"norwood.mouth",1.48815789473684,0.828
4,2021-08-04 08:20:00,12.438,"norwood.mouth",1.55,0.835
4,2021-08-04 08:35:00,12.375,"norwood.mouth",1.55,0.91
4,2021-08-04 08:45:00,13.375,"norwood.mouth",1.00115207373272,1.9240153609831
4,2021-08-04 09:00:00,12.375,"norwood.mouth",1.55,0.996
4,2021-08-04 09:10:00,12.188,"norwood.mouth",1.55,1.004
4,2021-08-04 09:20:00,12.062,"norwood.mouth",1.55,1.055
4,2021-08-04 09:35:00,12.062,"norwood.mouth",1.55,1.101
4,2021-08-04 09:45:00,11.938,"norwood.mouth",1.55,1.22
4,2021-08-04 10:00:00,12.125,"norwood.mouth",1.55,1.337
4,2021-08-04 10:10:00,12,"norwood.mouth",1.55,1.39
4,2021-08-04 10:20:00,12,"norwood.mouth",1.55,1.449
4,2021-08-04 10:35:00,12.188,"norwood.mouth",1.55,1.52
4,2021-08-04 10:45:00,11.812,"norwood.mouth",1.55,1.62
4,2021-08-04 11:00:00,12.188,"norwood.mouth",1.55,1.716
4,2021-08-04 11:10:00,11.875,"norwood.mouth",1.55,1.822
4,2021-08-04 11:20:00,12,"norwood.mouth",1.55,1.934
4,2021-08-04 11:35:00,11.875,"norwood.mouth",1.55,2.222
4,2021-08-04 11:45:00,11.125,"norwood.mouth",1.55,2.543
4,2021-08-04 12:00:00,10.938,"norwood.mouth",1.55,3.102
4,2021-08-04 12:10:00,11,"norwood.mouth",1.55,3.059
4,2021-08-04 12:20:00,11.125,"norwood.mouth",1.55,3.256
4,2021-08-04 12:35:00,11.375,"norwood.mouth",1.55,3.503
4,2021-08-04 12:45:00,11.312,"norwood.mouth",1.55,3.697
4,2021-08-04 13:00:00,11.375,"norwood.mouth",1.55,3.991
4,2021-08-04 13:10:00,11.312,"norwood.mouth",1.55,4.154
4,2021-08-04 13:20:00,11.375,"norwood.mouth",1.55,4.266
4,2021-08-04 13:35:00,11.375,"norwood.mouth",1.55,4.425
4,2021-08-04 13:45:00,11.438,"norwood.mouth",1.55,4.574
4,2021-08-04 14:00:00,11.312,"norwood.mouth",1.55,4.838
4,2021-08-04 14:10:00,11.312,"norwood.mouth",1.55,5.009
4,2021-08-04 14:20:00,11.938,"norwood.mouth",1.55,5.261
4,2021-08-04 14:35:00,12.125,"norwood.mouth",1.55,5.45
4,2021-08-04 14:45:00,12.625,"norwood.mouth",1.55,5.671
4,2021-08-04 15:00:00,12.125,"norwood.mouth",1.55,5.948
4,2021-08-04 15:10:00,12.062,"norwood.mouth",1.55,6.107
4,2021-08-04 15:20:00,12.125,"norwood.mouth",1.55,6.266
4,2021-08-04 15:35:00,12.25,"norwood.mouth",1.55,6.572
4,2021-08-04 15:45:00,12.188,"norwood.mouth",1.55,6.645
4,2021-08-04 16:00:00,12.5,"norwood.mouth",1.55,6.904
4,2021-08-04 16:10:00,12.625,"norwood.mouth",1.55,7.104
4,2021-08-04 16:20:00,12.75,"norwood.mouth",1.55,7.218
4,2021-08-04 16:35:00,12.5,"norwood.mouth",1.55,7.391
4,2021-08-04 16:45:00,12.438,"norwood.mouth",1.55,7.547
4,2021-08-04 17:00:00,12.5,"norwood.mouth",1.55,7.803
4,2021-08-04 17:10:00,12.438,"norwood.mouth",1.55,7.933
4,2021-08-04 17:20:00,12.5,"norwood.mouth",1.55,8.052
4,2021-08-04 17:35:00,12.438,"norwood.mouth",1.55,8.221
4,2021-08-04 17:45:00,12.5,"norwood.mouth",1.55,8.36
4,2021-08-04 18:00:00,12.5,"norwood.mouth",1.55,8.544
4,2021-08-04 18:10:00,12.5,"norwood.mouth",1.55,8.59
4,2021-08-04 18:20:00,12.688,"norwood.mouth",1.55,8.62
4,2021-08-04 18:35:00,12.938,"norwood.mouth",1.55,8.648
4,2021-08-04 18:45:00,12.625,"norwood.mouth",1.55,8.723
4,2021-08-04 19:00:00,12.562,"norwood.mouth",1.55,8.764
4,2021-08-04 19:10:00,12.562,"norwood.mouth",1.55,8.747
4,2021-08-04 19:20:00,12.75,"norwood.mouth",1.55,8.691
4,2021-08-04 19:35:00,12.438,"norwood.mouth",1.55,8.674
4,2021-08-04 19:45:00,12.5,"norwood.mouth",1.55,8.607
4,2021-08-04 20:00:00,12.438,"norwood.mouth",1.55,8.461
4,2021-08-04 20:10:00,12.438,"norwood.mouth",1.55,8.461
4,2021-08-04 20:20:00,12.375,"norwood.mouth",1.55,8.405
4,2021-08-04 20:35:00,12.25,"norwood.mouth",1.55,8.242
4,2021-08-04 20:45:00,12.25,"norwood.mouth",1.55,8.114
4,2021-08-04 21:00:00,12.25,"norwood.mouth",1.55,7.925
4,2021-08-04 21:10:00,12.5,"norwood.mouth",1.55,7.789
4,2021-08-04 21:20:00,12.125,"norwood.mouth",1.55,7.575
4,2021-08-04 21:35:00,12.812,"norwood.mouth",1.55,7.281
4,2021-08-04 21:45:00,12.875,"norwood.mouth",1.55,7.092
4,2021-08-04 22:00:00,12.312,"norwood.mouth",1.55,6.782
4,2021-08-04 22:10:00,11.875,"norwood.mouth",1.55,6.57
4,2021-08-04 22:20:00,11.875,"norwood.mouth",1.55,6.36
4,2021-08-04 22:35:00,12,"norwood.mouth",1.55,6.022
4,2021-08-04 22:45:00,12,"norwood.mouth",1.55,5.805
4,2021-08-04 23:00:00,12,"norwood.mouth",1.55,5.437
4,2021-08-04 23:10:00,12.062,"norwood.mouth",1.55,5.222
4,2021-08-04 23:20:00,12.125,"norwood.mouth",1.55,5.011
4,2021-08-04 23:35:00,12.188,"norwood.mouth",1.55,4.664
4,2021-08-04 23:45:00,12.562,"norwood.mouth",1.55,4.423
4,2021-08-05,12,"norwood.mouth",1.55,4.094
4,2021-08-05 00:10:00,11.875,"norwood.mouth",1.55,3.86
4,2021-08-05 00:20:00,13.438,"norwood.mouth",1.36439267886855,3.64017262895175
4,2021-08-05 00:35:00,11.812,"norwood.mouth",1.55,3.404
4,2021-08-05 00:45:00,11.625,"norwood.mouth",1.55,3.258
4,2021-08-05 01:00:00,11.625,"norwood.mouth",1.55,2.961
4,2021-08-05 01:10:00,11.625,"norwood.mouth",1.55,2.866
4,2021-08-05 01:20:00,11.438,"norwood.mouth",1.55,2.732
4,2021-08-05 01:35:00,11.688,"norwood.mouth",1.55,2.512
4,2021-08-05 01:45:00,12.625,"norwood.mouth",1.55,2.376
4,2021-08-05 02:00:00,11.5,"norwood.mouth",1.55,2.205
4,2021-08-05 02:10:00,11.438,"norwood.mouth",1.55,2.082
4,2021-08-05 02:20:00,13.375,"norwood.mouth",1.32071547420965,2.16303743760399
4,2021-08-05 02:35:00,11.75,"norwood.mouth",1.55,1.811
4,2021-08-05 02:45:00,11.812,"norwood.mouth",1.55,1.721
4,2021-08-05 03:00:00,12.25,"norwood.mouth",1.55,1.611
4,2021-08-05 03:10:00,12.438,"norwood.mouth",1.55,1.538
4,2021-08-05 03:20:00,12.562,"norwood.mouth",1.55,1.446
4,2021-08-05 03:35:00,12.438,"norwood.mouth",1.55,1.367
4,2021-08-05 03:45:00,12.625,"norwood.mouth",1.55,1.282
4,2021-08-05 04:00:00,12.688,"norwood.mouth",1.55,1.245
4,2021-08-05 04:10:00,12.812,"norwood.mouth",1.47183748845799,1.152
4,2021-08-05 04:20:00,12.875,"norwood.mouth",1.44145420207743,1.11096639911867
4,2021-08-05 04:35:00,12.938,"norwood.mouth",1.39385727190605,1.17511683227943
4,2021-08-05 04:45:00,12.938,"norwood.mouth",1.39385727190605,1.14066041854863
4,2021-08-05 05:00:00,12.875,"norwood.mouth",1.41690821256039,1.0581690821256
4,2021-08-05 05:10:00,12.75,"norwood.mouth",1.46603773584906,0.918
4,2021-08-05 05:20:00,13.125,"norwood.mouth",1.28274907749077,1.26068696186962
4,2021-08-05 05:35:00,13.188,"norwood.mouth",1.28134796238245,1.25473772204807
4,2021-08-05 05:45:00,12.75,"norwood.mouth",1.45207667731629,0.874
4,2021-08-05 06:00:00,13,"norwood.mouth",1.32220216606498,1.10682671480144
4,2021-08-05 06:10:00,13.125,"norwood.mouth",1.27075971731449,1.24151339811543
4,2021-08-05 06:20:00,13.062,"norwood.mouth",1.27859778597786,1.3920565805658
4,2021-08-05 06:35:00,12.688,"norwood.mouth",1.44635627530364,0.802058704453441
4,2021-08-05 06:45:00,12.938,"norwood.mouth",1.32411067193676,1.03755533596838
4,2021-08-05 07:00:00,13.188,"norwood.mouth",1.18873517786561,1.40487351778656
4,2021-08-05 07:10:00,12.875,"norwood.mouth",1.35047169811321,1.00717610062893
4,2021-08-05 07:20:00,12.812,"norwood.mouth",1.36583011583012,0.955522522522521
4,2021-08-05 07:35:00,13.062,"norwood.mouth",1.23279352226721,1.3264318488529
4,2021-08-05 07:45:00,12.938,"norwood.mouth",1.27328843995511,1.17541629255518
4,2021-08-05 08:00:00,13.125,"norwood.mouth",1.15916955017301,1.45605824682814
4,2021-08-05 08:10:00,12.688,"norwood.mouth",1.40715767634855,1.00453734439834
4,2021-08-05 08:20:00,12.688,"norwood.mouth",1.40229257641921,1.07793486171761
4,2021-08-05 08:35:00,12.812,"norwood.mouth",1.32546082949309,1.305285906298
4,2021-08-05 08:45:00,12.625,"norwood.mouth",1.43668122270742,1.15579075691412
4,2021-08-05 09:00:00,12.625,"norwood.mouth",1.45186721991701,1.229
4,2021-08-05 09:10:00,12.938,"norwood.mouth",1.29315332690453,1.83721640951463
4,2021-08-05 09:20:00,12.438,"norwood.mouth",1.46098901098901,1.421
4,2021-08-05 09:35:00,12.5,"norwood.mouth",1.4955,1.525
4,2021-08-05 09:45:00,12.312,"norwood.mouth",1.55,1.602
4,2021-08-05 10:00:00,12.312,"norwood.mouth",1.55,1.716
4,2021-08-05 10:10:00,12.25,"norwood.mouth",1.55,1.815
4,2021-08-05 10:20:00,12.312,"norwood.mouth",1.55,1.92
4,2021-08-05 10:35:00,12.25,"norwood.mouth",1.55,2.058
4,2021-08-05 10:45:00,12.625,"norwood.mouth",1.46240179573513,2.16
4,2021-08-05 11:00:00,12.125,"norwood.mouth",1.55,2.333
4,2021-08-05 11:10:00,12.188,"norwood.mouth",1.55,2.424
4,2021-08-05 11:20:00,13.062,"norwood.mouth",1.22161172161172,3.73220573870574
4,2021-08-05 11:35:00,12.812,"norwood.mouth",1.37423687423687,3.22531237281237
4,2021-08-05 11:45:00,13.188,"norwood.mouth",1.18231441048035,4.41540902474527
4,2021-08-05 12:00:00,12.625,"norwood.mouth",1.49810606060606,3.121
4,2021-08-05 12:10:00,12.875,"norwood.mouth",1.36626637554585,3.74685443959243
4,2021-08-05 12:20:00,12.562,"norwood.mouth",1.47424242424242,3.369
4,2021-08-05 12:35:00,12.062,"norwood.mouth",1.55,3.565
4,2021-08-05 12:45:00,12.188,"norwood.mouth",1.55,3.712
4,2021-08-05 13:00:00,12.312,"norwood.mouth",1.55,3.885
4,2021-08-05 13:10:00,12.625,"norwood.mouth",1.47913385826772,3.988
4,2021-08-05 13:20:00,12.438,"norwood.mouth",1.55,4.095
4,2021-08-05 13:35:00,12.75,"norwood.mouth",1.49305555555556,4.239
4,2021-08-05 13:45:00,12.25,"norwood.mouth",1.55,4.461
4,2021-08-05 14:00:00,12.125,"norwood.mouth",1.55,4.732
4,2021-08-05 14:10:00,12.312,"norwood.mouth",1.55,4.934
4,2021-08-05 14:20:00,12.625,"norwood.mouth",1.55,5.133
4,2021-08-05 14:35:00,12.125,"norwood.mouth",1.55,5.499
4,2021-08-05 14:45:00,12,"norwood.mouth",1.55,5.668
4,2021-08-05 15:00:00,12.125,"norwood.mouth",1.55,5.809
4,2021-08-05 15:10:00,12.188,"norwood.mouth",1.55,5.836
4,2021-08-05 15:20:00,12.562,"norwood.mouth",1.55,6.014
4,2021-08-05 15:35:00,13,"norwood.mouth",1.43824228028504,6.08348159144893
4,2021-08-05 15:45:00,12.062,"norwood.mouth",1.55,6.3
4,2021-08-05 16:00:00,12.438,"norwood.mouth",1.55,6.451
4,2021-08-05 16:10:00,12.75,"norwood.mouth",1.55,6.53
4,2021-08-05 16:20:00,13.312,"norwood.mouth",1.32120582120582,7.28538617463617
4,2021-08-05 16:35:00,12.25,"norwood.mouth",1.55,6.878
4,2021-08-05 16:45:00,12.188,"norwood.mouth",1.55,6.973
4,2021-08-05 17:00:00,12.188,"norwood.mouth",1.55,7.164
4,2021-08-05 17:10:00,12.312,"norwood.mouth",1.55,7.301
4,2021-08-05 17:20:00,12.562,"norwood.mouth",1.55,7.417
4,2021-08-05 17:35:00,11.75,"norwood.mouth",1.55,7.501
4,2021-08-05 17:45:00,11.875,"norwood.mouth",1.55,7.692
4,2021-08-05 18:00:00,11.75,"norwood.mouth",1.55,7.789
4,2021-08-05 18:10:00,11.812,"norwood.mouth",1.55,7.842
4,2021-08-05 18:20:00,11.688,"norwood.mouth",1.55,7.828
4,2021-08-05 18:35:00,11.688,"norwood.mouth",1.55,7.923
4,2021-08-05 18:45:00,11.688,"norwood.mouth",1.55,7.878
4,2021-08-05 19:00:00,11.688,"norwood.mouth",1.55,7.96
4,2021-08-05 19:10:00,12.188,"norwood.mouth",1.55,7.96
4,2021-08-05 19:20:00,11.688,"norwood.mouth",1.55,7.899
4,2021-08-05 19:35:00,11.625,"norwood.mouth",1.55,7.75
4,2021-08-05 19:45:00,11.688,"norwood.mouth",1.55,7.883
4,2021-08-05 20:00:00,11.625,"norwood.mouth",1.55,7.832
4,2021-08-05 20:10:00,11.5,"norwood.mouth",1.55,7.752
4,2021-08-05 20:20:00,11.625,"norwood.mouth",1.55,7.615
4,2021-08-05 20:35:00,11.562,"norwood.mouth",1.55,7.355
4,2021-08-05 20:45:00,11.562,"norwood.mouth",1.55,7.155
4,2021-08-05 21:00:00,11.75,"norwood.mouth",1.55,6.935
4,2021-08-05 21:10:00,11.75,"norwood.mouth",1.55,6.732
4,2021-08-05 21:20:00,11.875,"norwood.mouth",1.55,6.621
4,2021-08-05 21:35:00,12.438,"norwood.mouth",1.55,6.455
4,2021-08-05 21:45:00,13.125,"norwood.mouth",1.30664294187426,6.65482512850929
4,2021-08-05 22:00:00,11.312,"norwood.mouth",1.55,6.282
4,2021-08-05 22:10:00,11.625,"norwood.mouth",1.55,6.128
4,2021-08-05 22:20:00,11.688,"norwood.mouth",1.55,5.963
4,2021-08-05 22:35:00,12.5,"norwood.mouth",1.55,5.692
4,2021-08-05 22:45:00,11.5,"norwood.mouth",1.55,5.522
4,2021-08-05 23:00:00,11.938,"norwood.mouth",1.55,5.201
4,2021-08-05 23:10:00,12.375,"norwood.mouth",1.55,5.012
4,2021-08-05 23:20:00,11.562,"norwood.mouth",1.55,4.793
4,2021-08-05 23:35:00,14.812,"norwood.mouth",0.927884615384615,5.18115384615385
4,2021-08-05 23:45:00,14.562,"norwood.mouth",0.932976827094474,5.03458749257279
4,2021-08-06,12.125,"norwood.mouth",1.55,4.12
4,2021-08-06 00:10:00,11.938,"norwood.mouth",1.55,3.957
4,2021-08-06 00:20:00,11.812,"norwood.mouth",1.55,3.86
4,2021-08-06 00:35:00,12.062,"norwood.mouth",1.55,3.456
4,2021-08-06 00:45:00,11.562,"norwood.mouth",1.55,3.409
4,2021-08-06 01:00:00,11.375,"norwood.mouth",1.55,3.24
4,2021-08-06 01:10:00,12.562,"norwood.mouth",1.55,3.025
4,2021-08-06 01:20:00,11.562,"norwood.mouth",1.55,2.833
4,2021-08-06 01:35:00,11.312,"norwood.mouth",1.55,2.708
4,2021-08-06 01:45:00,11.812,"norwood.mouth",1.55,2.572
4,2021-08-06 02:00:00,11.812,"norwood.mouth",1.55,2.399
4,2021-08-06 02:10:00,11.438,"norwood.mouth",1.55,2.314
4,2021-08-06 02:20:00,11.625,"norwood.mouth",1.55,2.193
4,2021-08-06 02:35:00,11.438,"norwood.mouth",1.55,2.038
4,2021-08-06 02:45:00,11.5,"norwood.mouth",1.55,1.923
4,2021-08-06 03:00:00,11.5,"norwood.mouth",1.55,1.823
4,2021-08-06 03:10:00,11.375,"norwood.mouth",1.55,1.755
4,2021-08-06 03:20:00,11.438,"norwood.mouth",1.55,1.692
4,2021-08-06 03:35:00,11.5,"norwood.mouth",1.55,1.569
4,2021-08-06 03:45:00,11.562,"norwood.mouth",1.55,1.514
4,2021-08-06 04:00:00,11.5,"norwood.mouth",1.55,1.347
4,2021-08-06 04:10:00,11.562,"norwood.mouth",1.55,1.374
4,2021-08-06 04:20:00,11.688,"norwood.mouth",1.55,1.241
4,2021-08-06 04:35:00,11.75,"norwood.mouth",1.55,1.145
4,2021-08-06 04:45:00,11.625,"norwood.mouth",1.55,1.124
4,2021-08-06 05:00:00,11.75,"norwood.mouth",1.55,1.048
4,2021-08-06 05:10:00,11.75,"norwood.mouth",1.55,1.094
4,2021-08-06 05:20:00,11.875,"norwood.mouth",1.55,1.044
4,2021-08-06 05:35:00,11.812,"norwood.mouth",1.55,1
4,2021-08-06 05:45:00,12.125,"norwood.mouth",1.55,0.934
4,2021-08-06 06:00:00,12.312,"norwood.mouth",1.55,0.867
4,2021-08-06 06:10:00,12.125,"norwood.mouth",1.55,0.862
4,2021-08-06 06:20:00,12.062,"norwood.mouth",1.55,0.866
4,2021-08-06 06:35:00,12.125,"norwood.mouth",1.55,0.815
4,2021-08-06 06:45:00,11.875,"norwood.mouth",1.55,0.78
4,2021-08-06 07:00:00,12.062,"norwood.mouth",1.55,0.766
4,2021-08-06 07:10:00,12,"norwood.mouth",1.55,0.82
4,2021-08-06 07:20:00,12.125,"norwood.mouth",1.55,0.775
4,2021-08-06 07:35:00,12.375,"norwood.mouth",1.48140276301807,0.863
4,2021-08-06 07:45:00,12,"norwood.mouth",1.55,0.846
4,2021-08-06 08:00:00,11.938,"norwood.mouth",1.55,0.934
4,2021-08-06 08:10:00,11.938,"norwood.mouth",1.55,0.983
4,2021-08-06 08:20:00,11.938,"norwood.mouth",1.55,0.97
4,2021-08-06 08:35:00,11.875,"norwood.mouth",1.55,1.046
4,2021-08-06 08:45:00,11.938,"norwood.mouth",1.55,1.148
4,2021-08-06 09:00:00,11.812,"norwood.mouth",1.55,1.152
4,2021-08-06 09:10:00,11.875,"norwood.mouth",1.55,1.138
4,2021-08-06 09:20:00,11.938,"norwood.mouth",1.55,1.208
4,2021-08-06 09:35:00,11.812,"norwood.mouth",1.55,1.358
4,2021-08-06 09:45:00,11.875,"norwood.mouth",1.55,1.316
4,2021-08-06 10:00:00,11.875,"norwood.mouth",1.55,1.486
4,2021-08-06 10:10:00,11.688,"norwood.mouth",1.55,1.593
4,2021-08-06 10:20:00,11.625,"norwood.mouth",1.55,1.826
4,2021-08-06 10:35:00,11.625,"norwood.mouth",1.55,1.928
4,2021-08-06 10:45:00,11.562,"norwood.mouth",1.55,2.066
4,2021-08-06 11:00:00,11.812,"norwood.mouth",1.55,2.394
4,2021-08-06 11:10:00,11.562,"norwood.mouth",1.55,2.535
4,2021-08-06 11:20:00,11.625,"norwood.mouth",1.55,2.746
4,2021-08-06 11:35:00,11.625,"norwood.mouth",1.55,2.994
4,2021-08-06 11:45:00,11.625,"norwood.mouth",1.55,3.152
4,2021-08-06 12:00:00,11.75,"norwood.mouth",1.55,3.465
4,2021-08-06 12:10:00,11.5,"norwood.mouth",1.55,3.777
4,2021-08-06 12:20:00,11.625,"norwood.mouth",1.55,3.857
4,2021-08-06 12:35:00,11.5,"norwood.mouth",1.55,4.083
4,2021-08-06 12:45:00,11.5,"norwood.mouth",1.55,4.394
4,2021-08-06 13:00:00,11.625,"norwood.mouth",1.55,4.66
4,2021-08-06 13:10:00,11.625,"norwood.mouth",1.55,4.946
4,2021-08-06 13:20:00,11.5,"norwood.mouth",1.55,4.968
4,2021-08-06 13:35:00,11.625,"norwood.mouth",1.55,4.19
4,2021-08-06 13:45:00,11.5,"norwood.mouth",1.55,1.089
4,2021-08-06 14:00:00,11.688,"norwood.mouth",1.55,5.289
4,2021-08-06 14:10:00,11.688,"norwood.mouth",1.55,5.444
4,2021-08-06 14:20:00,11.688,"norwood.mouth",1.55,5.801
4,2021-08-06 14:35:00,11.875,"norwood.mouth",1.55,6.292
4,2021-08-06 14:45:00,11.875,"norwood.mouth",1.55,6.232
4,2021-08-06 15:00:00,12,"norwood.mouth",1.55,6.499
4,2021-08-06 15:10:00,12.438,"norwood.mouth",1.55,6.519
4,2021-08-06 15:20:00,12,"norwood.mouth",1.55,6.672
4,2021-08-06 15:35:00,12.375,"norwood.mouth",1.55,7.199
4,2021-08-06 15:45:00,12.125,"norwood.mouth",1.55,7.261
4,2021-08-06 16:00:00,12,"norwood.mouth",1.55,7.538
4,2021-08-06 16:10:00,12.062,"norwood.mouth",1.55,7.685
4,2021-08-06 16:20:00,12.188,"norwood.mouth",1.55,7.687
4,2021-08-06 16:35:00,12.438,"norwood.mouth",1.55,7.851
4,2021-08-06 16:45:00,12.25,"norwood.mouth",1.55,7.926
4,2021-08-06 17:00:00,12.5,"norwood.mouth",1.55,8.092
4,2021-08-06 17:10:00,12.125,"norwood.mouth",1.55,8.191
4,2021-08-06 17:20:00,12.188,"norwood.mouth",1.55,8.317
4,2021-08-06 17:35:00,12.75,"norwood.mouth",1.55,8.466
4,2021-08-06 17:45:00,12.438,"norwood.mouth",1.55,8.612
4,2021-08-06 18:00:00,12.25,"norwood.mouth",1.55,8.758
4,2021-08-06 18:10:00,12.375,"norwood.mouth",1.55,8.867
4,2021-08-06 18:20:00,12.5,"norwood.mouth",1.55,8.778
4,2021-08-06 18:35:00,12.375,"norwood.mouth",1.55,8.954
4,2021-08-06 18:45:00,12.438,"norwood.mouth",1.55,8.932
4,2021-08-06 19:00:00,12.25,"norwood.mouth",1.55,8.987
4,2021-08-06 19:10:00,12.562,"norwood.mouth",1.55,9.012
4,2021-08-06 19:20:00,12.375,"norwood.mouth",1.55,9.02
4,2021-08-06 19:35:00,12.438,"norwood.mouth",1.55,8.94
4,2021-08-06 19:45:00,12.5,"norwood.mouth",1.55,8.863
4,2021-08-06 20:00:00,12.5,"norwood.mouth",1.55,8.668
4,2021-08-06 20:10:00,12.5,"norwood.mouth",1.55,8.55
4,2021-08-06 20:20:00,12.375,"norwood.mouth",1.55,8.375
4,2021-08-06 20:35:00,12.25,"norwood.mouth",1.55,8.144
4,2021-08-06 20:45:00,12.312,"norwood.mouth",1.55,7.98
4,2021-08-06 21:00:00,12.062,"norwood.mouth",1.55,7.598
4,2021-08-06 21:10:00,12.188,"norwood.mouth",1.55,7.457
4,2021-08-06 21:20:00,12.125,"norwood.mouth",1.55,7.262
4,2021-08-06 21:35:00,13.312,"norwood.mouth",1.47152777777778,6.781
4,2021-08-06 21:45:00,11.938,"norwood.mouth",1.55,6.423
4,2021-08-06 22:00:00,12.688,"norwood.mouth",1.55,5.896
4,2021-08-06 22:10:00,12.125,"norwood.mouth",1.55,5.718
4,2021-08-06 22:20:00,12.375,"norwood.mouth",1.55,5.531
4,2021-08-06 22:35:00,12.125,"norwood.mouth",1.55,5.152
4,2021-08-06 22:45:00,12.062,"norwood.mouth",1.55,4.875
4,2021-08-06 23:00:00,12,"norwood.mouth",1.55,4.503
4,2021-08-06 23:10:00,12,"norwood.mouth",1.55,4.258
4,2021-08-06 23:20:00,11.875,"norwood.mouth",1.55,4.075
4,2021-08-06 23:35:00,12.125,"norwood.mouth",1.55,3.794
4,2021-08-06 23:45:00,12.188,"norwood.mouth",1.55,3.684
4,2021-08-07,12.188,"norwood.mouth",1.55,3.429
4,2021-08-07 00:10:00,13.938,"norwood.mouth",1.17509293680297,3.76371654275093
4,2021-08-07 00:20:00,12,"norwood.mouth",1.55,3.131
4,2021-08-07 00:35:00,12.562,"norwood.mouth",1.55,2.866
4,2021-08-07 00:45:00,12.625,"norwood.mouth",1.55,2.614
4,2021-08-07 01:00:00,12.5,"norwood.mouth",1.55,2.416
4,2021-08-07 01:10:00,14.375,"norwood.mouth",1.04296100462657,3.22026977307777
4,2021-08-07 01:20:00,12.312,"norwood.mouth",1.55,2.189
4,2021-08-07 01:35:00,12.375,"norwood.mouth",1.55,1.967
4,2021-08-07 01:45:00,12.25,"norwood.mouth",1.55,1.848
4,2021-08-07 02:00:00,12.312,"norwood.mouth",1.55,1.658
4,2021-08-07 02:10:00,12.25,"norwood.mouth",1.55,1.593
4,2021-08-07 02:20:00,12.312,"norwood.mouth",1.55,1.512
4,2021-08-07 02:35:00,12.5,"norwood.mouth",1.55,1.376
4,2021-08-07 02:45:00,12.312,"norwood.mouth",1.55,1.345
4,2021-08-07 03:00:00,12.375,"norwood.mouth",1.55,1.239
4,2021-08-07 03:10:00,12.438,"norwood.mouth",1.55,1.165
4,2021-08-07 03:20:00,12.562,"norwood.mouth",1.55,1.141
4,2021-08-07 03:35:00,12.562,"norwood.mouth",1.55,1.051
4,2021-08-07 03:45:00,12.875,"norwood.mouth",1.4707467282525,1.003
4,2021-08-07 04:00:00,12.625,"norwood.mouth",1.55,0.923
4,2021-08-07 04:10:00,12.562,"norwood.mouth",1.55,0.862
4,2021-08-07 04:20:00,12.875,"norwood.mouth",1.44275161588181,0.81977593105571
4,2021-08-07 04:35:00,12.875,"norwood.mouth",1.42315680166147,0.823120543440637
4,2021-08-07 04:45:00,12.812,"norwood.mouth",1.4464856230032,0.786452076677315
4,2021-08-07 05:00:00,12.625,"norwood.mouth",1.48116883116883,0.763
4,2021-08-07 05:10:00,12.75,"norwood.mouth",1.46819787985866,0.729
4,2021-08-07 05:20:00,12.75,"norwood.mouth",1.45667870036101,0.619
4,2021-08-07 05:35:00,12.938,"norwood.mouth",1.37931034482759,0.751005747126436
4,2021-08-07 05:45:00,12.812,"norwood.mouth",1.4192789968652,0.65499895506792
4,2021-08-07 06:00:00,13.062,"norwood.mouth",1.29872204472843,0.81034637912673
4,2021-08-07 06:10:00,13,"norwood.mouth",1.32680250783699,0.723581504702195
4,2021-08-07 06:20:00,12.812,"norwood.mouth",1.38220338983051,0.597259887005649
4,2021-08-07 06:35:00,12.875,"norwood.mouth",1.33848190644307,0.61954670491321
4,2021-08-07 06:45:00,13.125,"norwood.mouth",1.24941268598277,0.790479574523623
4,2021-08-07 07:00:00,13.062,"norwood.mouth",1.23985572587917,0.980481364592726
4,2021-08-07 07:10:00,12.938,"norwood.mouth",1.30008826125331,0.77281465136805
4,2021-08-07 07:20:00,13.062,"norwood.mouth",1.250622406639,0.885727178423235
4,2021-08-07 07:35:00,12.875,"norwood.mouth",1.31334535617674,0.768843101893598
4,2021-08-07 07:45:00,12.812,"norwood.mouth",1.36990363232024,0.748990795651099
4,2021-08-07 08:00:00,12.688,"norwood.mouth",1.39152981849611,0.642265557476233
4,2021-08-07 08:10:00,12.562,"norwood.mouth",1.44239631336406,0.565889400921659
4,2021-08-07 08:20:00,12.625,"norwood.mouth",1.40248962655602,0.633859958506225
4,2021-08-07 08:35:00,12.812,"norwood.mouth",1.3159594095941,0.815740774907748
4,2021-08-07 08:45:00,12.688,"norwood.mouth",1.38589211618257,0.695146265560166
4,2021-08-07 09:00:00,12.562,"norwood.mouth",1.41650579150579,0.55659009009009
4,2021-08-07 09:10:00,12.562,"norwood.mouth",1.41650579150579,0.55666731016731
4,2021-08-07 09:20:00,12.625,"norwood.mouth",1.374156219865,0.648134924461587
4,2021-08-07 09:35:00,12.438,"norwood.mouth",1.45856662933931,0.488
4,2021-08-07 09:45:00,12.375,"norwood.mouth",1.4946962391514,0.534
4,2021-08-07 10:00:00,12.25,"norwood.mouth",1.55,0.452
4,2021-08-07 10:10:00,12.562,"norwood.mouth",1.42459514170041,0.688046558704452
4,2021-08-07 10:20:00,12.5,"norwood.mouth",1.4360599078341,0.875329493087559
4,2021-08-07 10:35:00,12.438,"norwood.mouth",1.46512723845429,0.793
4,2021-08-07 10:45:00,12.312,"norwood.mouth",1.47523809523809,0.824
4,2021-08-07 11:00:00,12.25,"norwood.mouth",1.55,0.884
4,2021-08-07 11:10:00,12.312,"norwood.mouth",1.45737704918033,0.932
4,2021-08-07 11:20:00,12.25,"norwood.mouth",1.55,0.991
4,2021-08-07 11:35:00,12.438,"norwood.mouth",1.48904761904762,1.351
4,2021-08-07 11:45:00,12.25,"norwood.mouth",1.55,1.561
4,2021-08-07 12:00:00,12.75,"norwood.mouth",1.49137323943662,2.093
4,2021-08-07 12:10:00,12.562,"norwood.mouth",1.45034843205575,2.274
4,2021-08-07 12:20:00,12.25,"norwood.mouth",1.55,2.513
4,2021-08-07 12:35:00,12.125,"norwood.mouth",1.55,2.697
4,2021-08-07 12:45:00,12.188,"norwood.mouth",1.55,2.885
4,2021-08-07 13:00:00,12.375,"norwood.mouth",1.55,2.94
4,2021-08-07 13:10:00,12.25,"norwood.mouth",1.55,3.121
4,2021-08-07 13:20:00,12.375,"norwood.mouth",1.55,3.345
4,2021-08-07 13:35:00,12.5,"norwood.mouth",1.55,3.617
4,2021-08-07 13:45:00,12.688,"norwood.mouth",1.55,3.75
4,2021-08-07 14:00:00,12.312,"norwood.mouth",1.55,3.952
4,2021-08-07 14:10:00,12.625,"norwood.mouth",1.55,4.097
4,2021-08-07 14:20:00,12.438,"norwood.mouth",1.55,4.215
4,2021-08-07 14:35:00,12.062,"norwood.mouth",1.55,4.466
4,2021-08-07 14:45:00,12.25,"norwood.mouth",1.55,4.589
4,2021-08-07 15:00:00,12.75,"norwood.mouth",1.55,4.961
4,2021-08-07 15:10:00,12.25,"norwood.mouth",1.55,5.084
4,2021-08-07 15:20:00,12.312,"norwood.mouth",1.55,5.222
4,2021-08-07 15:35:00,12.438,"norwood.mouth",1.55,5.494
4,2021-08-07 15:45:00,12.25,"norwood.mouth",1.55,5.686
4,2021-08-07 16:00:00,12.375,"norwood.mouth",1.55,5.842
4,2021-08-07 16:10:00,12.688,"norwood.mouth",1.55,5.989
4,2021-08-07 16:20:00,12.875,"norwood.mouth",1.55,6.029
4,2021-08-07 16:35:00,12.812,"norwood.mouth",1.55,6.29
4,2021-08-07 16:45:00,13.062,"norwood.mouth",1.55,6.61
4,2021-08-07 17:00:00,12.812,"norwood.mouth",1.55,6.821
4,2021-08-07 17:10:00,12.562,"norwood.mouth",1.55,7.02
4,2021-08-07 17:20:00,12.375,"norwood.mouth",1.55,7.184
4,2021-08-07 17:35:00,12.75,"norwood.mouth",1.55,7.418
4,2021-08-07 17:45:00,12.688,"norwood.mouth",1.55,7.49
4,2021-08-07 18:00:00,12.938,"norwood.mouth",1.55,7.646
4,2021-08-07 18:10:00,12.562,"norwood.mouth",1.55,7.717
4,2021-08-07 18:20:00,12.812,"norwood.mouth",1.55,7.731
4,2021-08-07 18:35:00,12.938,"norwood.mouth",1.55,7.716
4,2021-08-07 18:45:00,12.938,"norwood.mouth",1.55,7.752
4,2021-08-07 19:00:00,13.062,"norwood.mouth",1.55,7.785
4,2021-08-07 19:10:00,13.625,"norwood.mouth",1.43115942028986,7.77472463768116
4,2021-08-07 19:20:00,13.125,"norwood.mouth",1.55,7.617
4,2021-08-07 19:35:00,13.562,"norwood.mouth",1.44403594771242,7.52536737472767
4,2021-08-07 19:45:00,13.125,"norwood.mouth",1.55,7.371
4,2021-08-07 20:00:00,12.938,"norwood.mouth",1.55,7.348
4,2021-08-07 20:10:00,13.375,"norwood.mouth",1.48059701492537,7.241
4,2021-08-07 20:20:00,12.562,"norwood.mouth",1.55,7.135
4,2021-08-07 20:35:00,12.625,"norwood.mouth",1.55,6.945
4,2021-08-07 20:45:00,12.688,"norwood.mouth",1.55,6.755
4,2021-08-07 21:00:00,12.812,"norwood.mouth",1.55,6.427
4,2021-08-07 21:10:00,13.312,"norwood.mouth",1.48508771929824,6.106
4,2021-08-07 21:20:00,12.938,"norwood.mouth",1.55,5.934
4,2021-08-07 21:35:00,13.5,"norwood.mouth",1.45156482861401,5.621
4,2021-08-07 21:45:00,13.25,"norwood.mouth",1.55,5.217
4,2021-08-07 22:00:00,13.375,"norwood.mouth",1.47200714711138,5.109
4,2021-08-07 22:10:00,12.688,"norwood.mouth",1.55,4.967
4,2021-08-07 22:20:00,12.562,"norwood.mouth",1.55,4.725
4,2021-08-07 22:35:00,12.688,"norwood.mouth",1.55,4.338
4,2021-08-07 22:45:00,12.438,"norwood.mouth",1.55,4.125
4,2021-08-07 23:00:00,12.5,"norwood.mouth",1.55,3.9
4,2021-08-07 23:10:00,12.625,"norwood.mouth",1.55,3.767
4,2021-08-07 23:20:00,12.75,"norwood.mouth",1.55,3.628
4,2021-08-07 23:35:00,15.062,"norwood.mouth",0.978502259522272,3.73576339573919
4,2021-08-07 23:45:00,13.938,"norwood.mouth",1.28064716863721,3.35201462352209
4,2021-08-08,12.438,"norwood.mouth",1.55,2.909
4,2021-08-08 00:10:00,12.312,"norwood.mouth",1.55,2.693
4,2021-08-08 00:20:00,14.688,"norwood.mouth",0.961792452830189,2.59407075471698
4,2021-08-08 00:35:00,12.562,"norwood.mouth",1.55,2.209
4,2021-08-08 00:45:00,12.562,"norwood.mouth",1.55,2.071
4,2021-08-08 01:00:00,13,"norwood.mouth",1.55,1.901
4,2021-08-08 01:10:00,12.625,"norwood.mouth",1.55,1.773
4,2021-08-08 01:20:00,12.75,"norwood.mouth",1.55,1.638
4,2021-08-08 01:35:00,12.75,"norwood.mouth",1.55,1.444
4,2021-08-08 01:45:00,13.188,"norwood.mouth",1.44942903752039,1.39127800435019
4,2021-08-08 02:00:00,12.812,"norwood.mouth",1.55,1.241
4,2021-08-08 02:10:00,12.688,"norwood.mouth",1.55,1.152
4,2021-08-08 02:20:00,12.688,"norwood.mouth",1.55,1.078
4,2021-08-08 02:35:00,12.688,"norwood.mouth",1.55,1.062
4,2021-08-08 02:45:00,12.75,"norwood.mouth",1.55,1.019
4,2021-08-08 03:00:00,13.188,"norwood.mouth",1.40936106983655,1.12189375928678
4,2021-08-08 03:10:00,13.188,"norwood.mouth",1.43310580204778,0.977651877133106
4,2021-08-08 03:20:00,13.125,"norwood.mouth",1.43503230437904,0.980758973438621
4,2021-08-08 03:35:00,12.812,"norwood.mouth",1.55,0.868
4,2021-08-08 03:45:00,12.938,"norwood.mouth",1.49331352154532,0.892
4,2021-08-08 04:00:00,13,"norwood.mouth",1.47881996974281,0.783
4,2021-08-08 04:10:00,13,"norwood.mouth",1.47802197802198,0.753
4,2021-08-08 04:20:00,13.188,"norwood.mouth",1.4024,0.939857333333333
4,2021-08-08 04:35:00,12.938,"norwood.mouth",1.47945205479452,0.691
4,2021-08-08 04:45:00,13.188,"norwood.mouth",1.39850249584027,0.908079866888518
4,2021-08-08 05:00:00,13.125,"norwood.mouth",1.4117873651772,0.763540832049306
4,2021-08-08 05:10:00,12.938,"norwood.mouth",1.48382126348228,0.643
4,2021-08-08 05:20:00,13.5,"norwood.mouth",1.2536704730832,1.2912911908646
4,2021-08-08 05:35:00,13.188,"norwood.mouth",1.3756862745098,0.728941830065359
4,2021-08-08 05:45:00,13.5,"norwood.mouth",1.23857024106401,1.2380895677473
4,2021-08-08 06:00:00,13.25,"norwood.mouth",1.32909245122986,1.01743575063613
4,2021-08-08 06:10:00,12.938,"norwood.mouth",1.45122985581001,0.585
4,2021-08-08 06:20:00,12.812,"norwood.mouth",1.4949961508853,0.597
4,2021-08-08 06:35:00,12.625,"norwood.mouth",1.55,0.543
4,2021-08-08 06:45:00,13,"norwood.mouth",1.40509915014164,0.661802407932011
4,2021-08-08 07:00:00,13.312,"norwood.mouth",1.25207756232687,1.08262950138504
4,2021-08-08 07:10:00,12.875,"norwood.mouth",1.44009661835749,0.630204106280194
4,2021-08-08 07:20:00,12.875,"norwood.mouth",1.43867457962413,0.619257335970986
4,2021-08-08 07:35:00,13.062,"norwood.mouth",1.33816425120773,0.944906199677938
4,2021-08-08 07:45:00,13.188,"norwood.mouth",1.26013847675569,1.19819287833828
4,2021-08-08 08:00:00,13,"norwood.mouth",1.35652173913043,0.943347826086957
4,2021-08-08 08:10:00,12.938,"norwood.mouth",1.36842105263158,0.922394736842105
4,2021-08-08 08:20:00,13.312,"norwood.mouth",1.17914979757085,1.4087935222672
4,2021-08-08 08:35:00,13,"norwood.mouth",1.31113537117904,1.11951528384279
4,2021-08-08 08:45:00,13.25,"norwood.mouth",1.19087136929461,1.52074827109267
4,2021-08-08 09:00:00,12.875,"norwood.mouth",1.37612107623318,1.02174065769806
4,2021-08-08 09:10:00,13.25,"norwood.mouth",1.17021276595745,1.63150531914894
4,2021-08-08 09:20:00,13.312,"norwood.mouth",1.11771300448431,1.79193497757847
4,2021-08-08 09:35:00,13.062,"norwood.mouth",1.22161172161172,1.78803083028083
4,2021-08-08 09:45:00,13,"norwood.mouth",1.25946275946276,1.6468723036223
4,2021-08-08 10:00:00,12.625,"norwood.mouth",1.4979674796748,1.033
4,2021-08-08 10:10:00,13.062,"norwood.mouth",1.18,2.23945
4,2021-08-08 10:20:00,12.5,"norwood.mouth",1.45980392156863,0.969
4,2021-08-08 10:35:00,13.062,"norwood.mouth",1.19230769230769,2.38075
4,2021-08-08 10:45:00,13,"norwood.mouth",1.24509803921569,2.21259803921568
4,2021-08-08 11:00:00,12.5,"norwood.mouth",1.48089887640449,1.365
4,2021-08-08 11:10:00,12.625,"norwood.mouth",1.43706777316736,1.51553630705394
4,2021-08-08 11:20:00,12.625,"norwood.mouth",1.46026097271649,1.605
4,2021-08-08 11:35:00,12.5,"norwood.mouth",1.55,1.915
4,2021-08-08 11:45:00,13,"norwood.mouth",1.35081967213115,2.72007786885246
4,2021-08-08 12:00:00,11.938,"norwood.mouth",1.55,2.696
4,2021-08-08 12:10:00,11.875,"norwood.mouth",1.55,3.012
4,2021-08-08 12:20:00,12,"norwood.mouth",1.55,3.108
4,2021-08-08 12:35:00,12.125,"norwood.mouth",1.55,3.372
4,2021-08-08 12:45:00,12.062,"norwood.mouth",1.55,3.498
4,2021-08-08 13:00:00,12,"norwood.mouth",1.55,3.744
4,2021-08-08 13:10:00,12.188,"norwood.mouth",1.55,3.947
4,2021-08-08 13:20:00,12.188,"norwood.mouth",1.55,4.186
4,2021-08-08 13:35:00,12.5,"norwood.mouth",1.55,4.486
4,2021-08-08 13:45:00,12.188,"norwood.mouth",1.55,4.746
4,2021-08-08 14:00:00,12.5,"norwood.mouth",1.55,5.153
4,2021-08-08 14:10:00,12.125,"norwood.mouth",1.55,5.359
4,2021-08-08 14:20:00,12.625,"norwood.mouth",1.55,5.362
4,2021-08-08 14:35:00,12.875,"norwood.mouth",1.55,5.851
4,2021-08-08 14:45:00,12.5,"norwood.mouth",1.55,6.242
4,2021-08-08 15:00:00,13.625,"norwood.mouth",1.47506799637353,6.57
4,2021-08-08 15:10:00,14.125,"norwood.mouth",1.26441881100266,7.21499467613132
4,2021-08-08 15:20:00,14.125,"norwood.mouth",1.26653102746694,7.54576152933198
4,2021-08-08 15:35:00,13.812,"norwood.mouth",1.45909849749583,7.039
4,2021-08-08 15:45:00,13.312,"norwood.mouth",1.55,7.091
4,2021-08-08 16:00:00,14.062,"norwood.mouth",1.38399071925754,7.64630491105955
4,2021-08-08 16:10:00,12.875,"norwood.mouth",1.55,7.287
4,2021-08-08 16:20:00,12.625,"norwood.mouth",1.55,7.452
4,2021-08-08 16:35:00,13.438,"norwood.mouth",1.55,7.66
4,2021-08-08 16:45:00,12.688,"norwood.mouth",1.55,7.81
4,2021-08-08 17:00:00,12.875,"norwood.mouth",1.55,8.031
4,2021-08-08 17:10:00,13,"norwood.mouth",1.55,8.158
4,2021-08-08 17:20:00,13.5,"norwood.mouth",1.55,8.235
4,2021-08-08 17:35:00,12.688,"norwood.mouth",1.55,8.445
4,2021-08-08 17:45:00,14.688,"norwood.mouth",1.15028665028665,9.435141004641
4,2021-08-08 18:00:00,12.938,"norwood.mouth",1.55,8.786
4,2021-08-08 18:10:00,13,"norwood.mouth",1.55,8.842
4,2021-08-08 18:20:00,13.5,"norwood.mouth",1.55,8.873
4,2021-08-08 18:35:00,12.875,"norwood.mouth",1.55,8.897
4,2021-08-08 18:45:00,13.25,"norwood.mouth",1.55,8.908
4,2021-08-08 19:00:00,14,"norwood.mouth",1.41749502982107,9.05530765407555
4,2021-08-08 19:10:00,12.312,"norwood.mouth",1.55,8.96
4,2021-08-08 19:20:00,12.312,"norwood.mouth",1.55,8.875
4,2021-08-08 19:35:00,12.25,"norwood.mouth",1.55,8.753
4,2021-08-08 19:45:00,12.25,"norwood.mouth",1.55,8.635
4,2021-08-08 20:00:00,12.25,"norwood.mouth",1.55,8.417
4,2021-08-08 20:10:00,12.375,"norwood.mouth",1.55,8.251
4,2021-08-08 20:20:00,12.312,"norwood.mouth",1.55,8.031
4,2021-08-08 20:35:00,12.438,"norwood.mouth",1.55,7.75
4,2021-08-08 20:45:00,12.125,"norwood.mouth",1.55,7.614
4,2021-08-08 21:00:00,12.25,"norwood.mouth",1.55,7.345
4,2021-08-08 21:10:00,12.312,"norwood.mouth",1.55,7.116
4,2021-08-08 21:20:00,12.312,"norwood.mouth",1.55,6.804
4,2021-08-08 21:35:00,12.625,"norwood.mouth",1.55,6.37
4,2021-08-08 21:45:00,13.125,"norwood.mouth",1.55,6.084
4,2021-08-08 22:00:00,13.5,"norwood.mouth",1.48674698795181,5.644
4,2021-08-08 22:10:00,15.5,"norwood.mouth",0.933037249283668,6.37764441260745
4,2021-08-08 22:20:00,12.562,"norwood.mouth",1.55,5.111
4,2021-08-08 22:35:00,12.562,"norwood.mouth",1.55,4.76
4,2021-08-08 22:45:00,12.312,"norwood.mouth",1.55,4.541
4,2021-08-08 23:00:00,13.125,"norwood.mouth",1.55,4.202
4,2021-08-08 23:10:00,12.812,"norwood.mouth",1.55,4.041
4,2021-08-08 23:20:00,12.438,"norwood.mouth",1.55,3.791
4,2021-08-08 23:35:00,12.438,"norwood.mouth",1.55,3.652
4,2021-08-08 23:45:00,12.375,"norwood.mouth",1.55,3.451
4,2021-08-09,12.125,"norwood.mouth",1.55,3.117
4,2021-08-09 00:10:00,12.125,"norwood.mouth",1.55,2.945
4,2021-08-09 00:20:00,12.188,"norwood.mouth",1.55,2.747
4,2021-08-09 00:35:00,12.875,"norwood.mouth",1.55,2.513
4,2021-08-09 00:45:00,12.188,"norwood.mouth",1.55,2.457
4,2021-08-09 01:00:00,12.75,"norwood.mouth",1.55,2.246
4,2021-08-09 01:10:00,12.5,"norwood.mouth",1.55,2.123
4,2021-08-09 01:20:00,12.5,"norwood.mouth",1.55,2.035
4,2021-08-09 01:35:00,13.062,"norwood.mouth",1.46285714285714,1.839
4,2021-08-09 01:45:00,13,"norwood.mouth",1.55,1.757
4,2021-08-09 02:00:00,13,"norwood.mouth",1.55,1.586
4,2021-08-09 02:10:00,13.625,"norwood.mouth",1.25184842883549,2.05724707332101
4,2021-08-09 02:20:00,13.812,"norwood.mouth",1.11122661122661,2.22909719334719
4,2021-08-09 02:35:00,14.5,"norwood.mouth",0.964414090582315,2.81285082674335
4,2021-08-09 02:45:00,13.312,"norwood.mouth",1.36206896551724,1.52147413793103
4,2021-08-09 03:00:00,13.438,"norwood.mouth",1.31447587354409,1.65146173044925
4,2021-08-09 03:10:00,13.25,"norwood.mouth",1.36968576709797,1.4367533887862
4,2021-08-09 03:20:00,13.562,"norwood.mouth",1.21095334685598,1.67407860040568
4,2021-08-09 03:35:00,13.625,"norwood.mouth",1.16287128712871,1.86290759075907
4,2021-08-09 03:45:00,13.062,"norwood.mouth",1.43289224952741,1.02899543163201
4,2021-08-09 04:00:00,13.188,"norwood.mouth",1.38201160541586,1.17582076079948
4,2021-08-09 04:10:00,13.312,"norwood.mouth",1.28904665314402,1.35113438133874
4,2021-08-09 04:20:00,13.625,"norwood.mouth",1.10851505711319,1.84445621322257
4,2021-08-09 04:35:00,13.438,"norwood.mouth",1.22608695652174,1.40230797101449
4,2021-08-09 04:45:00,13,"norwood.mouth",1.41828254847645,0.917434441366574
4,2021-08-09 05:00:00,13.375,"norwood.mouth",1.23983739837398,1.37093428184282
4,2021-08-09 05:10:00,13.188,"norwood.mouth",1.30761622156281,1.11438649851632
4,2021-08-09 05:20:00,12.938,"norwood.mouth",1.43285024154589,0.714333735909824
4,2021-08-09 05:35:00,12.938,"norwood.mouth",1.41170915958451,0.714895813660687
4,2021-08-09 05:45:00,12.938,"norwood.mouth",1.40966183574879,0.678710950080516
4,2021-08-09 06:00:00,13,"norwood.mouth",1.36288088642659,0.801298938134811
4,2021-08-09 06:10:00,13.438,"norwood.mouth",1.13018867924528,1.25260377358491
4,2021-08-09 06:20:00,13.25,"norwood.mouth",1.20553359683794,1.07311693017128
4,2021-08-09 06:35:00,13.188,"norwood.mouth",1.21058091286307,1.0983326417704
4,2021-08-09 06:45:00,13.25,"norwood.mouth",1.16597510373444,1.28864211618257
4,2021-08-09 07:00:00,13.125,"norwood.mouth",1.20875420875421,1.20263215488216
4,2021-08-09 07:10:00,12.75,"norwood.mouth",1.42340425531915,0.59525
4,2021-08-09 07:20:00,12.812,"norwood.mouth",1.38070539419087,0.7282704011065
4,2021-08-09 07:35:00,12.625,"norwood.mouth",1.47712765957447,0.589
4,2021-08-09 07:45:00,13,"norwood.mouth",1.23784104389087,1.09539610517991
4,2021-08-09 08:00:00,12.812,"norwood.mouth",1.33527885862516,0.941137808041504
4,2021-08-09 08:10:00,12.812,"norwood.mouth",1.30114449213162,1.05479124940391
4,2021-08-09 08:20:00,12.875,"norwood.mouth",1.29181929181929,1.2006334961335
4,2021-08-09 08:35:00,12.25,"norwood.mouth",1.55,0.838
4,2021-08-09 08:45:00,12.812,"norwood.mouth",1.28357142857143,1.31742023809524
4,2021-08-09 09:00:00,12.625,"norwood.mouth",1.42245989304813,1.01230926916221
4,2021-08-09 09:10:00,12.625,"norwood.mouth",1.37910189982729,1.16284887737478
4,2021-08-09 09:20:00,12.75,"norwood.mouth",1.23865877712032,1.68009023668639
4,2021-08-09 09:35:00,12.562,"norwood.mouth",1.43024861878453,1.28448895027624
4,2021-08-09 09:45:00,12.25,"norwood.mouth",1.55,1.176
4,2021-08-09 10:00:00,12.312,"norwood.mouth",1.55,1.228
4,2021-08-09 10:10:00,12,"norwood.mouth",1.55,1.292
4,2021-08-09 10:20:00,12.125,"norwood.mouth",1.55,1.346
4,2021-08-09 10:35:00,12.125,"norwood.mouth",1.55,1.431
4,2021-08-09 10:45:00,12.062,"norwood.mouth",1.55,1.481
4,2021-08-09 11:00:00,13.5,"norwood.mouth",0.930091185410334,3.39594782168186
4,2021-08-09 11:10:00,12.062,"norwood.mouth",1.55,1.708
4,2021-08-09 11:20:00,12.188,"norwood.mouth",1.55,1.715
4,2021-08-09 11:35:00,13.375,"norwood.mouth",0.981332164767748,3.95836240140228
4,2021-08-09 11:45:00,12.5,"norwood.mouth",1.46708074534161,2.305
4,2021-08-09 12:00:00,12.375,"norwood.mouth",1.55,2.608
4,2021-08-09 12:10:00,12.25,"norwood.mouth",1.55,2.861
4,2021-08-09 12:20:00,13.25,"norwood.mouth",1.22466422466422,4.24548371998372
4,2021-08-09 12:35:00,13.125,"norwood.mouth",1.36474973375932,3.77677502662407
4,2021-08-09 12:45:00,12.625,"norwood.mouth",1.55,3.55
4,2021-08-09 13:00:00,12.625,"norwood.mouth",1.55,3.885
4,2021-08-09 13:10:00,12.438,"norwood.mouth",1.55,3.995
4,2021-08-09 13:20:00,11.875,"norwood.mouth",1.55,4.197
4,2021-08-09 13:35:00,11.625,"norwood.mouth",1.55,4.521
4,2021-08-09 13:45:00,12,"norwood.mouth",1.55,4.638
4,2021-08-09 14:00:00,11.938,"norwood.mouth",1.55,5.003
4,2021-08-09 14:10:00,11.812,"norwood.mouth",1.55,5.101
4,2021-08-09 14:20:00,11.875,"norwood.mouth",1.55,5.293
4,2021-08-09 14:35:00,11.688,"norwood.mouth",1.55,5.636
4,2021-08-09 14:45:00,11.625,"norwood.mouth",1.55,5.821
4,2021-08-09 15:00:00,11.812,"norwood.mouth",1.55,6.195
4,2021-08-09 15:10:00,12,"norwood.mouth",1.55,6.266
4,2021-08-09 15:20:00,12.062,"norwood.mouth",1.55,6.58
4,2021-08-09 15:35:00,12.188,"norwood.mouth",1.55,6.825
4,2021-08-09 15:45:00,12.188,"norwood.mouth",1.55,6.928
4,2021-08-09 16:00:00,12.312,"norwood.mouth",1.55,7.132
4,2021-08-09 16:10:00,12.375,"norwood.mouth",1.55,7.298
4,2021-08-09 16:20:00,12.5,"norwood.mouth",1.55,7.516
4,2021-08-09 16:35:00,12.375,"norwood.mouth",1.55,7.775
4,2021-08-09 16:45:00,12.438,"norwood.mouth",1.55,7.954
4,2021-08-09 17:00:00,12.5,"norwood.mouth",1.55,8.232
4,2021-08-09 17:10:00,12.625,"norwood.mouth",1.55,8.305
4,2021-08-09 17:20:00,12.875,"norwood.mouth",1.55,8.371
4,2021-08-09 17:35:00,13.25,"norwood.mouth",1.55,8.639
4,2021-08-09 17:45:00,12.625,"norwood.mouth",1.55,8.688
4,2021-08-09 18:00:00,13.125,"norwood.mouth",1.55,8.804
4,2021-08-09 18:10:00,12.625,"norwood.mouth",1.55,8.961
4,2021-08-09 18:20:00,12.562,"norwood.mouth",1.55,8.999
4,2021-08-09 18:35:00,12.625,"norwood.mouth",1.55,9.073
4,2021-08-09 18:45:00,12.625,"norwood.mouth",1.55,9.139
4,2021-08-09 19:00:00,12.625,"norwood.mouth",1.55,9.195
4,2021-08-09 19:10:00,12.5,"norwood.mouth",1.55,9.212
4,2021-08-09 19:20:00,12.5,"norwood.mouth",1.55,9.19
4,2021-08-09 19:35:00,12.5,"norwood.mouth",1.55,9.167
4,2021-08-09 19:45:00,12.625,"norwood.mouth",1.55,9.041
4,2021-08-09 20:00:00,12.625,"norwood.mouth",1.55,8.846
4,2021-08-09 20:10:00,12.688,"norwood.mouth",1.55,8.711
4,2021-08-09 20:20:00,12.688,"norwood.mouth",1.55,8.479
4,2021-08-09 20:35:00,12.75,"norwood.mouth",1.55,8.137
4,2021-08-09 20:45:00,12.688,"norwood.mouth",1.55,7.899
4,2021-08-09 21:00:00,13.688,"norwood.mouth",1.55,7.674
4,2021-08-09 21:10:00,13.375,"norwood.mouth",1.55,7.406
4,2021-08-09 21:20:00,13.688,"norwood.mouth",1.55,7.084
4,2021-08-09 21:35:00,12.938,"norwood.mouth",1.55,6.704
4,2021-08-09 21:45:00,12.938,"norwood.mouth",1.55,6.354
4,2021-08-09 22:00:00,15.062,"norwood.mouth",0.989032258064516,6.28904301075269
4,2021-08-09 22:10:00,12.875,"norwood.mouth",1.55,5.74
4,2021-08-09 22:20:00,12.438,"norwood.mouth",1.55,5.565
4,2021-08-09 22:35:00,13.938,"norwood.mouth",1.32971329278888,5.28538205907906
4,2021-08-09 22:45:00,12.375,"norwood.mouth",1.55,4.979
4,2021-08-09 23:00:00,12.5,"norwood.mouth",1.55,4.584
4,2021-08-09 23:10:00,12.438,"norwood.mouth",1.55,4.385
4,2021-08-09 23:20:00,12.312,"norwood.mouth",1.55,4.152
4,2021-08-09 23:35:00,12.188,"norwood.mouth",1.55,3.846
4,2021-08-09 23:45:00,12.25,"norwood.mouth",1.55,3.628
4,2021-08-10,12.125,"norwood.mouth",1.55,3.364
