"ibutton","date.time","ibutton.temp","site","fish.depth","dissolved.oxygen"
2,2021-07-26 00:05:00,12.688,"norwood.mouth",1.55,3.647
2,2021-07-26 00:20:00,12.938,"norwood.mouth",1.55,3.444
2,2021-07-26 00:30:00,13.25,"norwood.mouth",1.46025641025641,3.265
2,2021-07-26 00:45:00,12.75,"norwood.mouth",1.55,3.034
2,2021-07-26 00:55:00,13.125,"norwood.mouth",1.47842639593909,2.875
2,2021-07-26 01:05:00,13.812,"norwood.mouth",1.214875,2.82167375
2,2021-07-26 01:20:00,12.938,"norwood.mouth",1.55,2.562
2,2021-07-26 01:30:00,13.938,"norwood.mouth",1.14868189806678,2.75733567662566
2,2021-07-26 01:45:00,13.875,"norwood.mouth",1.16002570694087,2.63860154241645
2,2021-07-26 01:55:00,13.75,"norwood.mouth",1.17919282511211,2.47318811659193
2,2021-07-26 02:05:00,14.5,"norwood.mouth",0.956211180124224,2.53834782608696
2,2021-07-26 02:20:00,13.312,"norwood.mouth",1.33287671232877,2.09589383561644
2,2021-07-26 02:30:00,14.875,"norwood.mouth",0.897429679922406,2.48914742967992
2,2021-07-26 02:45:00,13.875,"norwood.mouth",1.0807484220018,2.30210414788097
2,2021-07-26 02:55:00,14,"norwood.mouth",1.02008928571429,2.44660491071429
2,2021-07-26 03:05:00,13.812,"norwood.mouth",1.08924930491196,2.29614874884152
2,2021-07-26 03:20:00,13.875,"norwood.mouth",1.0764730999146,2.26268659265585
2,2021-07-26 03:30:00,14,"norwood.mouth",0.992572658772874,1.95740742734123
2,2021-07-26 03:45:00,14.438,"norwood.mouth",0.912914285714286,2.18049285714286
2,2021-07-26 03:55:00,14.125,"norwood.mouth",0.966262975778547,1.90341176470588
2,2021-07-26 04:05:00,14.125,"norwood.mouth",0.965909090909091,2.04839772727273
2,2021-07-26 04:20:00,13.938,"norwood.mouth",0.982372881355932,1.99441186440678
2,2021-07-26 04:30:00,14.125,"norwood.mouth",0.940853658536585,2.17367479674797
2,2021-07-26 04:45:00,13.875,"norwood.mouth",0.996595460614152,2.08558210947931
2,2021-07-26 04:55:00,14.125,"norwood.mouth",0.95424791086351,2.19111420612813
2,2021-07-26 05:05:00,14.562,"norwood.mouth",0.858469259723965,2.24802132998745
2,2021-07-26 05:20:00,13.812,"norwood.mouth",1.0260761589404,2.01801200331126
2,2021-07-26 05:30:00,14.188,"norwood.mouth",0.925870069605568,2.31785498839907
2,2021-07-26 05:45:00,14.25,"norwood.mouth",0.902928870292887,2.22779079497908
2,2021-07-26 05:55:00,13.75,"norwood.mouth",1.0048473967684,1.92330565529623
2,2021-07-26 06:05:00,13.75,"norwood.mouth",0.982402234636872,1.78508100558659
2,2021-07-26 06:20:00,13.688,"norwood.mouth",0.984513274336283,1.7343982300885
2,2021-07-26 06:30:00,13.688,"norwood.mouth",0.994453781512605,1.87753613445378
2,2021-07-26 06:45:00,13.5,"norwood.mouth",1.03986804901037,1.77017507068803
2,2021-07-26 06:55:00,13.562,"norwood.mouth",0.991880920162382,1.76489073071719
2,2021-07-26 07:05:00,13.562,"norwood.mouth",1.00333024976873,1.78130550416281
2,2021-07-26 07:20:00,13.5,"norwood.mouth",1.01001011122346,1.75431547017189
2,2021-07-26 07:30:00,13.75,"norwood.mouth",0.931435643564357,2.05817863036304
2,2021-07-26 07:45:00,13.75,"norwood.mouth",0.924676258992806,1.74908848920863
2,2021-07-26 07:55:00,13.75,"norwood.mouth",0.931435643564357,1.90173102310231
2,2021-07-26 08:05:00,13.438,"norwood.mouth",0.996505376344086,1.71313754480287
2,2021-07-26 08:20:00,13.562,"norwood.mouth",0.962636363636364,1.97755045454545
2,2021-07-26 08:30:00,13.25,"norwood.mouth",1.06734390485629,1.75744945490585
2,2021-07-26 08:45:00,13.312,"norwood.mouth",1.02916251246261,2.01812711864407
2,2021-07-26 08:55:00,13.188,"norwood.mouth",1.08404150197628,1.9720662055336
2,2021-07-26 09:05:00,13.375,"norwood.mouth",0.97883064516129,2.22748689516129
2,2021-07-26 09:20:00,13.375,"norwood.mouth",1.01100658513641,2.60444355597366
2,2021-07-26 09:30:00,13.312,"norwood.mouth",1.05094679891794,2.60121047490231
2,2021-07-26 09:45:00,13.062,"norwood.mouth",1.19196822594881,2.32104390997352
2,2021-07-26 09:55:00,12.688,"norwood.mouth",1.34731385485391,1.8373685202639
2,2021-07-26 10:05:00,12.375,"norwood.mouth",1.47466666666667,1.449
2,2021-07-26 10:20:00,12.375,"norwood.mouth",1.47710843373494,1.498
2,2021-07-26 10:30:00,12.812,"norwood.mouth",1.29801623083859,2.16313548241659
2,2021-07-26 10:45:00,12.438,"norwood.mouth",1.435960591133,1.77017118226601
2,2021-07-26 10:55:00,12.312,"norwood.mouth",1.55,1.739
2,2021-07-26 11:05:00,12.625,"norwood.mouth",1.35914211438475,2.39616139514732
2,2021-07-26 11:20:00,12.062,"norwood.mouth",1.55,2.039
2,2021-07-26 11:30:00,12.562,"norwood.mouth",1.46195335276968,2.211
2,2021-07-26 11:45:00,13.062,"norwood.mouth",1.47874306839187,2.489
2,2021-07-26 11:55:00,13.062,"norwood.mouth",1.49182156133829,2.777
2,2021-07-26 12:05:00,12.5,"norwood.mouth",1.55,2.982
2,2021-07-26 12:20:00,12.938,"norwood.mouth",1.47850971922246,3.256
2,2021-07-26 12:30:00,12.375,"norwood.mouth",1.55,3.475
2,2021-07-26 12:45:00,12.562,"norwood.mouth",1.55,3.782
2,2021-07-26 12:55:00,12.625,"norwood.mouth",1.55,3.983
2,2021-07-26 13:05:00,12.5,"norwood.mouth",1.55,4.087
2,2021-07-26 13:20:00,12.438,"norwood.mouth",1.55,4.245
2,2021-07-26 13:30:00,12.625,"norwood.mouth",1.55,4.367
2,2021-07-26 13:45:00,12.688,"norwood.mouth",1.55,4.567
2,2021-07-26 13:55:00,13.25,"norwood.mouth",1.47471098265896,4.827
2,2021-07-26 14:05:00,12.875,"norwood.mouth",1.55,5.012
2,2021-07-26 14:20:00,12.875,"norwood.mouth",1.55,5.309
2,2021-07-26 14:30:00,13.25,"norwood.mouth",1.45971659919028,5.475
2,2021-07-26 14:45:00,12.375,"norwood.mouth",1.55,5.748
2,2021-07-26 14:55:00,12.438,"norwood.mouth",1.55,5.916
2,2021-07-26 15:05:00,13.125,"norwood.mouth",1.55,5.981
2,2021-07-26 15:20:00,12.75,"norwood.mouth",1.55,6.181
2,2021-07-26 15:30:00,13,"norwood.mouth",1.55,6.409
2,2021-07-26 15:45:00,12.938,"norwood.mouth",1.55,6.628
2,2021-07-26 15:55:00,13.5,"norwood.mouth",1.55,6.725
2,2021-07-26 16:05:00,13.188,"norwood.mouth",1.55,6.937
2,2021-07-26 16:20:00,13.375,"norwood.mouth",1.55,7.121
2,2021-07-26 16:30:00,13.312,"norwood.mouth",1.55,7.106
2,2021-07-26 16:45:00,13.5,"norwood.mouth",1.55,7.29
2,2021-07-26 16:55:00,13,"norwood.mouth",1.55,7.421
2,2021-07-26 17:05:00,12.938,"norwood.mouth",1.55,7.563
2,2021-07-26 17:20:00,13,"norwood.mouth",1.55,7.588
2,2021-07-26 17:30:00,13,"norwood.mouth",1.55,7.633
2,2021-07-26 17:45:00,13.062,"norwood.mouth",1.55,7.87
2,2021-07-26 17:55:00,13.125,"norwood.mouth",1.55,8
2,2021-07-26 18:05:00,13,"norwood.mouth",1.55,8.011
2,2021-07-26 18:20:00,13.25,"norwood.mouth",1.55,8.113
2,2021-07-26 18:30:00,12.812,"norwood.mouth",1.55,8.103
2,2021-07-26 18:45:00,13.375,"norwood.mouth",1.55,8.189
2,2021-07-26 18:55:00,13.25,"norwood.mouth",1.55,8.24
2,2021-07-26 19:05:00,13.438,"norwood.mouth",1.55,8.448
2,2021-07-26 19:20:00,13,"norwood.mouth",1.55,8.444
2,2021-07-26 19:30:00,13.25,"norwood.mouth",1.55,8.344
2,2021-07-26 19:45:00,13.062,"norwood.mouth",1.55,8.213
2,2021-07-26 19:55:00,13.375,"norwood.mouth",1.55,8.186
2,2021-07-26 20:05:00,13.188,"norwood.mouth",1.55,8.178
2,2021-07-26 20:20:00,13.688,"norwood.mouth",1.48214285714286,8.009
2,2021-07-26 20:30:00,13.438,"norwood.mouth",1.55,7.916
2,2021-07-26 20:45:00,13.875,"norwood.mouth",1.41461377870564,7.76843267223382
2,2021-07-26 20:55:00,12.938,"norwood.mouth",1.55,7.622
2,2021-07-26 21:05:00,13,"norwood.mouth",1.55,7.45
2,2021-07-26 21:20:00,14.375,"norwood.mouth",1.21498113207547,7.16885735849057
2,2021-07-26 21:30:00,14.25,"norwood.mouth",1.25582627118644,6.9839968220339
2,2021-07-26 21:45:00,15.25,"norwood.mouth",0.952924791086351,6.68594777158774
2,2021-07-26 21:55:00,14.625,"norwood.mouth",1.09559585492228,6.58332124352332
2,2021-07-26 22:05:00,13.25,"norwood.mouth",1.55,6.684
2,2021-07-26 22:20:00,12.812,"norwood.mouth",1.55,6.44
2,2021-07-26 22:30:00,13.125,"norwood.mouth",1.55,6.256
2,2021-07-26 22:45:00,12.875,"norwood.mouth",1.55,6.009
2,2021-07-26 22:55:00,13.062,"norwood.mouth",1.55,5.783
2,2021-07-26 23:05:00,14.312,"norwood.mouth",1.14817490494297,5.14912623574144
2,2021-07-26 23:20:00,12.625,"norwood.mouth",1.55,4.949
2,2021-07-26 23:30:00,12.875,"norwood.mouth",1.55,4.697
2,2021-07-26 23:45:00,13,"norwood.mouth",1.55,4.488
2,2021-07-26 23:55:00,14.75,"norwood.mouth",0.974943946188341,3.89303755605381
2,2021-07-27 00:05:00,12.75,"norwood.mouth",1.55,4.116
2,2021-07-27 00:20:00,13.312,"norwood.mouth",1.42822580645161,3.87452419354839
2,2021-07-27 00:30:00,12.688,"norwood.mouth",1.55,3.697
2,2021-07-27 00:45:00,12.688,"norwood.mouth",1.55,3.559
2,2021-07-27 00:55:00,12.5,"norwood.mouth",1.55,3.397
2,2021-07-27 01:05:00,12.5,"norwood.mouth",1.55,3.264
2,2021-07-27 01:20:00,12.688,"norwood.mouth",1.55,3.025
2,2021-07-27 01:30:00,13.375,"norwood.mouth",1.3375,2.9338125
2,2021-07-27 01:45:00,12.5,"norwood.mouth",1.55,2.656
2,2021-07-27 01:55:00,12.75,"norwood.mouth",1.55,2.523
2,2021-07-27 02:05:00,12.5,"norwood.mouth",1.55,2.41
2,2021-07-27 02:20:00,12.188,"norwood.mouth",1.55,2.263
2,2021-07-27 02:30:00,12.562,"norwood.mouth",1.55,2.2
2,2021-07-27 02:45:00,12.562,"norwood.mouth",1.55,2.049
2,2021-07-27 02:55:00,12.938,"norwood.mouth",1.43626852659111,1.95945488230166
2,2021-07-27 03:05:00,12.938,"norwood.mouth",1.45261627906977,1.879
2,2021-07-27 03:20:00,12.812,"norwood.mouth",1.48732876712329,1.738
2,2021-07-27 03:30:00,13.125,"norwood.mouth",1.34350828729282,1.82724447513812
2,2021-07-27 03:45:00,13.188,"norwood.mouth",1.29861367837338,1.72480499075786
2,2021-07-27 03:55:00,12.875,"norwood.mouth",1.41731132075472,1.54570448113208
2,2021-07-27 04:05:00,13.125,"norwood.mouth",1.31534234995773,1.63113736263736
2,2021-07-27 04:20:00,13.125,"norwood.mouth",1.29772545889864,1.62131364724661
2,2021-07-27 04:30:00,13,"norwood.mouth",1.33389679715303,1.49134697508897
2,2021-07-27 04:45:00,13.25,"norwood.mouth",1.22360248447205,1.55801242236025
2,2021-07-27 04:55:00,13.25,"norwood.mouth",1.22183098591549,1.5597323943662
2,2021-07-27 05:05:00,13.062,"norwood.mouth",1.29384741591468,1.45125143560295
2,2021-07-27 05:20:00,13.312,"norwood.mouth",1.17443130118289,1.58383803457689
2,2021-07-27 05:30:00,13.75,"norwood.mouth",0.986322188449848,1.93793996960486
2,2021-07-27 05:45:00,14.188,"norwood.mouth",0.908962868117797,1.92605249679898
2,2021-07-27 05:55:00,18.062,"norwood.mouth",0.529616548940464,4.92024470232089
2,2021-07-27 06:05:00,17.875,"norwood.mouth",0.534142338918639,4.834321989981
2,2021-07-27 06:20:00,17.25,"norwood.mouth",0.586004108885465,4.28044221879815
2,2021-07-27 06:30:00,17.688,"norwood.mouth",0.54077349982657,4.7671838940918
2,2021-07-27 06:45:00,14.812,"norwood.mouth",0.793615257048093,2.63120729684909
2,2021-07-27 06:55:00,15.125,"norwood.mouth",0.776303230543319,2.67436138644151
2,2021-07-27 07:05:00,15.375,"norwood.mouth",0.735696040868455,3.0481711366539
2,2021-07-27 07:20:00,14.688,"norwood.mouth",0.799462933615073,2.36306990667371
2,2021-07-27 07:30:00,14.438,"norwood.mouth",0.81261112079484,2.32184416942653
2,2021-07-27 07:45:00,14.375,"norwood.mouth",0.823895926052722,2.08181664384343
2,2021-07-27 07:55:00,14.562,"norwood.mouth",0.806029716655149,2.26066574521999
2,2021-07-27 08:05:00,14,"norwood.mouth",0.857641509433962,1.96075424528302
2,2021-07-27 08:20:00,13.875,"norwood.mouth",0.8875,1.98875
2,2021-07-27 08:30:00,13.812,"norwood.mouth",0.889103869653768,2.06993279022403
2,2021-07-27 08:45:00,13.812,"norwood.mouth",0.887281553398058,2.24369514563107
2,2021-07-27 08:55:00,13.875,"norwood.mouth",0.875413223140496,2.4955382231405
2,2021-07-27 09:05:00,13.75,"norwood.mouth",0.909279475982533,2.53712991266376
2,2021-07-27 09:20:00,13.625,"norwood.mouth",0.962224938875306,2.6488826405868
2,2021-07-27 09:30:00,13.312,"norwood.mouth",1.03289473684211,2.64254385964912
2,2021-07-27 09:45:00,13.188,"norwood.mouth",1.16140667267809,2.57907461677187
2,2021-07-27 09:55:00,13.312,"norwood.mouth",1.09467989179441,2.94397813345356
2,2021-07-27 10:05:00,13.125,"norwood.mouth",1.15182186234818,2.83900708502024
2,2021-07-27 10:20:00,12.5,"norwood.mouth",1.45701581027668,2.107
2,2021-07-27 10:30:00,12.562,"norwood.mouth",1.42638339920949,2.18362104743083
2,2021-07-27 10:45:00,12.5,"norwood.mouth",1.46077547339946,2.288
2,2021-07-27 10:55:00,12.312,"norwood.mouth",1.55,2.346
2,2021-07-27 11:05:00,12.5,"norwood.mouth",1.46240276577355,2.539
2,2021-07-27 11:20:00,12,"norwood.mouth",1.55,2.745
2,2021-07-27 11:30:00,12.25,"norwood.mouth",1.55,2.863
2,2021-07-27 11:45:00,12.375,"norwood.mouth",1.55,3.078
2,2021-07-27 11:55:00,12.062,"norwood.mouth",1.55,3.276
2,2021-07-27 12:05:00,13.562,"norwood.mouth",1.20116054158607,4.17774645390071
2,2021-07-27 12:20:00,13.062,"norwood.mouth",1.49516441005803,3.834
2,2021-07-27 12:30:00,13.938,"norwood.mouth",1.00722673893406,5.30928688647998
2,2021-07-27 12:45:00,13.375,"norwood.mouth",1.235368956743,4.75339779474131
2,2021-07-27 12:55:00,14,"norwood.mouth",0.990212765957447,5.67553475177305
2,2021-07-27 13:05:00,13.25,"norwood.mouth",1.31690821256039,4.81268599033816
2,2021-07-27 13:20:00,13.688,"norwood.mouth",1.27341532639546,5.04675473036897
2,2021-07-27 13:30:00,13.125,"norwood.mouth",1.49189189189189,4.948
2,2021-07-27 13:45:00,13.25,"norwood.mouth",1.41769911504425,5.29610103244838
2,2021-07-27 13:55:00,13.062,"norwood.mouth",1.49177215189873,5.458
2,2021-07-27 14:05:00,13.062,"norwood.mouth",1.49026548672566,5.565
2,2021-07-27 14:20:00,13.75,"norwood.mouth",1.26350308641975,6.00988297325103
2,2021-07-27 14:30:00,13.625,"norwood.mouth",1.29878577623591,6.29893625325239
2,2021-07-27 14:45:00,13.562,"norwood.mouth",1.35840395480226,6.19851741996233
2,2021-07-27 14:55:00,15.812,"norwood.mouth",0.807881541836415,7.28435192729552
2,2021-07-27 15:05:00,14.25,"norwood.mouth",1.15266393442623,6.88311612021858
2,2021-07-27 15:20:00,13.938,"norwood.mouth",1.271875,6.93803125
2,2021-07-27 15:30:00,13.875,"norwood.mouth",1.29525862068966,7.09014870689655
2,2021-07-27 15:45:00,14.062,"norwood.mouth",1.24530924252953,7.28819817002548
2,2021-07-27 15:55:00,13.812,"norwood.mouth",1.28551952837141,7.30266985998526
2,2021-07-27 16:05:00,13.875,"norwood.mouth",1.29163868368032,7.27597918065816
2,2021-07-27 16:20:00,13.75,"norwood.mouth",1.35174418604651,7.36759011627907
2,2021-07-27 16:30:00,13.5,"norwood.mouth",1.42088948787062,7.41187331536388
2,2021-07-27 16:45:00,13.125,"norwood.mouth",1.55,7.7
2,2021-07-27 16:55:00,13.5,"norwood.mouth",1.4549356223176,7.812
2,2021-07-27 17:05:00,13.5,"norwood.mouth",1.45751445086705,7.855
2,2021-07-27 17:20:00,13.625,"norwood.mouth",1.44059798270893,7.94901152737752
2,2021-07-27 17:30:00,13.688,"norwood.mouth",1.41479374110953,8.10048826458037
2,2021-07-27 17:45:00,13.438,"norwood.mouth",1.49195652173913,8.17
2,2021-07-27 17:55:00,13.75,"norwood.mouth",1.39838142153413,8.24997959183673
2,2021-07-27 18:05:00,13.875,"norwood.mouth",1.37242512783053,8.36623447772096
2,2021-07-27 18:20:00,13.25,"norwood.mouth",1.55,8.413
2,2021-07-27 18:30:00,13.25,"norwood.mouth",1.55,8.447
2,2021-07-27 18:45:00,13.25,"norwood.mouth",1.55,8.491
2,2021-07-27 18:55:00,13.312,"norwood.mouth",1.55,8.502
2,2021-07-27 19:05:00,13.625,"norwood.mouth",1.46088888888889,8.471
2,2021-07-27 19:20:00,13.25,"norwood.mouth",1.55,8.498
2,2021-07-27 19:30:00,13.25,"norwood.mouth",1.55,8.575
2,2021-07-27 19:45:00,13.5,"norwood.mouth",1.48598901098901,8.458
2,2021-07-27 19:55:00,13.25,"norwood.mouth",1.55,8.342
2,2021-07-27 20:05:00,13.562,"norwood.mouth",1.46928251121076,8.295
2,2021-07-27 20:20:00,13.188,"norwood.mouth",1.55,8.047
2,2021-07-27 20:30:00,13.312,"norwood.mouth",1.55,7.961
2,2021-07-27 20:45:00,13.188,"norwood.mouth",1.55,7.742
2,2021-07-27 20:55:00,13.5,"norwood.mouth",1.45452127659574,7.59
2,2021-07-27 21:05:00,13.25,"norwood.mouth",1.55,7.486
2,2021-07-27 21:20:00,12.562,"norwood.mouth",1.55,7.255
2,2021-07-27 21:30:00,13.875,"norwood.mouth",1.28710407239819,7.00290950226244
2,2021-07-27 21:45:00,13.562,"norwood.mouth",1.38938618925831,6.91200895140665
2,2021-07-27 21:55:00,13.125,"norwood.mouth",1.55,6.669
2,2021-07-27 22:05:00,12.75,"norwood.mouth",1.55,6.299
2,2021-07-27 22:20:00,13.062,"norwood.mouth",1.55,5.875
2,2021-07-27 22:30:00,12.875,"norwood.mouth",1.55,5.662
2,2021-07-27 22:45:00,13.562,"norwood.mouth",1.32558609539208,5.15878011317704
2,2021-07-27 22:55:00,12.688,"norwood.mouth",1.55,5.146
2,2021-07-27 23:05:00,12.438,"norwood.mouth",1.55,4.958
2,2021-07-27 23:20:00,12.125,"norwood.mouth",1.55,4.731
2,2021-07-27 23:30:00,12.75,"norwood.mouth",1.55,4.599
2,2021-07-27 23:45:00,12.312,"norwood.mouth",1.55,4.301
2,2021-07-27 23:55:00,12.625,"norwood.mouth",1.55,4.048
2,2021-07-28 00:05:00,12.688,"norwood.mouth",1.55,3.823
2,2021-07-28 00:20:00,13,"norwood.mouth",1.44077287066246,3.55197121451104
2,2021-07-28 00:30:00,13.625,"norwood.mouth",1.22053216838761,3.3607208101668
2,2021-07-28 00:45:00,13,"norwood.mouth",1.4411094224924,3.21960676291793
2,2021-07-28 00:55:00,12.875,"norwood.mouth",1.49084967320261,3.093
2,2021-07-28 01:05:00,12.75,"norwood.mouth",1.55,2.982
2,2021-07-28 01:20:00,12.438,"norwood.mouth",1.55,2.786
2,2021-07-28 01:30:00,13.438,"norwood.mouth",1.23230519480519,2.66839772727273
2,2021-07-28 01:45:00,13.188,"norwood.mouth",1.32110927152318,2.54155629139073
2,2021-07-28 01:55:00,12.625,"norwood.mouth",1.55,2.345
2,2021-07-28 02:05:00,13.062,"norwood.mouth",1.34190800681431,2.27306729131175
2,2021-07-28 02:20:00,12.875,"norwood.mouth",1.41282608695652,2.12171195652174
2,2021-07-28 02:30:00,12.875,"norwood.mouth",1.41282608695652,2.01142717391304
2,2021-07-28 02:45:00,12.938,"norwood.mouth",1.37670886075949,1.94309240506329
2,2021-07-28 02:55:00,12.75,"norwood.mouth",1.43170124481328,1.80942717842324
2,2021-07-28 03:05:00,12.812,"norwood.mouth",1.39849157054126,1.78271495119787
2,2021-07-28 03:20:00,12.75,"norwood.mouth",1.43327137546468,1.64788289962825
2,2021-07-28 03:30:00,12.812,"norwood.mouth",1.40396313364055,1.61734124423963
2,2021-07-28 03:45:00,13.625,"norwood.mouth",1.06515287769784,1.83752900179856
2,2021-07-28 03:55:00,12.938,"norwood.mouth",1.34300699300699,1.58637062937063
2,2021-07-28 04:05:00,13.062,"norwood.mouth",1.28049866429207,1.6443321460374
2,2021-07-28 04:20:00,13.125,"norwood.mouth",1.25532188841202,1.67940515021459
2,2021-07-28 04:30:00,13,"norwood.mouth",1.28295788442703,1.6102847698335
2,2021-07-28 04:45:00,12.875,"norwood.mouth",1.33470744680851,1.42762167553191
2,2021-07-28 04:55:00,12.938,"norwood.mouth",1.30082644628099,1.45358333333333
2,2021-07-28 05:05:00,12.812,"norwood.mouth",1.34234647112741,1.39252039413382
2,2021-07-28 05:20:00,13.5,"norwood.mouth",1.06859504132231,1.80148140495868
2,2021-07-28 05:30:00,12.75,"norwood.mouth",1.3800539083558,1.26693733153639
2,2021-07-28 05:45:00,13.188,"norwood.mouth",1.16434034416826,1.49249904397706
2,2021-07-28 05:55:00,13.312,"norwood.mouth",1.0996215704825,1.56961754966887
2,2021-07-28 06:05:00,13.375,"norwood.mouth",1.06628256513026,1.62694839679359
2,2021-07-28 06:20:00,13.25,"norwood.mouth",1.10474947807933,1.51308272442589
2,2021-07-28 06:30:00,13.25,"norwood.mouth",1.09925816023739,1.48748961424332
2,2021-07-28 06:45:00,13.125,"norwood.mouth",1.13650151668352,1.51494009100101
2,2021-07-28 06:55:00,13.188,"norwood.mouth",1.11594274432379,1.52453998025666
2,2021-07-28 07:05:00,12.938,"norwood.mouth",1.22764705882353,1.35056470588235
2,2021-07-28 07:20:00,12.875,"norwood.mouth",1.23251473477407,1.41614047151277
2,2021-07-28 07:30:00,12.75,"norwood.mouth",1.29985700667302,1.29292516682555
2,2021-07-28 07:45:00,12.812,"norwood.mouth",1.27721342031687,1.31865703634669
2,2021-07-28 07:55:00,13.188,"norwood.mouth",1.08479561316052,1.54003040877368
2,2021-07-28 08:05:00,13.062,"norwood.mouth",1.14390862944162,1.50335532994924
2,2021-07-28 08:20:00,13,"norwood.mouth",1.16206163655685,1.53760131066242
2,2021-07-28 08:30:00,13,"norwood.mouth",1.17046632124352,1.60410924006908
2,2021-07-28 08:45:00,12.812,"norwood.mouth",1.24361256544503,1.59101361256544
2,2021-07-28 08:55:00,12.938,"norwood.mouth",1.16367974549311,1.77786320254507
2,2021-07-28 09:05:00,12.875,"norwood.mouth",1.20585106382979,1.78339095744681
2,2021-07-28 09:20:00,12.812,"norwood.mouth",1.22005494505495,1.86843543956044
2,2021-07-28 09:30:00,13,"norwood.mouth",1.14326722338205,2.19435568893528
2,2021-07-28 09:45:00,12.875,"norwood.mouth",1.23959341723136,2.07366577928364
2,2021-07-28 09:55:00,13,"norwood.mouth",1.15932798395186,2.42065897693079
2,2021-07-28 10:05:00,12.375,"norwood.mouth",1.47710843373494,1.652
2,2021-07-28 10:20:00,12.625,"norwood.mouth",1.37446808510638,1.99678191489362
2,2021-07-28 10:30:00,12.812,"norwood.mouth",1.27119205298013,2.35664900662252
2,2021-07-28 10:45:00,12.562,"norwood.mouth",1.35472764645427,2.1711372045221
2,2021-07-28 10:55:00,12.438,"norwood.mouth",1.41548175865295,2.07937511693171
2,2021-07-28 11:05:00,12.25,"norwood.mouth",1.55,2.081
2,2021-07-28 11:20:00,12.375,"norwood.mouth",1.55,2.273
2,2021-07-28 11:30:00,12.188,"norwood.mouth",1.55,2.331
2,2021-07-28 11:45:00,12.438,"norwood.mouth",1.55,2.545
2,2021-07-28 11:55:00,12.125,"norwood.mouth",1.55,2.845
2,2021-07-28 12:05:00,12.875,"norwood.mouth",1.49287974683544,3.098
2,2021-07-28 12:20:00,12.375,"norwood.mouth",1.55,3.398
2,2021-07-28 12:30:00,12.5,"norwood.mouth",1.55,3.497
2,2021-07-28 12:45:00,12.688,"norwood.mouth",1.55,3.822
2,2021-07-28 12:55:00,12.625,"norwood.mouth",1.55,3.97
2,2021-07-28 13:05:00,12.688,"norwood.mouth",1.55,4.008
2,2021-07-28 13:20:00,11.938,"norwood.mouth",1.55,4.294
2,2021-07-28 13:30:00,12.188,"norwood.mouth",1.55,4.51
2,2021-07-28 13:45:00,12.5,"norwood.mouth",1.55,4.785
2,2021-07-28 13:55:00,12.438,"norwood.mouth",1.55,4.869
2,2021-07-28 14:05:00,12.5,"norwood.mouth",1.55,5.094
2,2021-07-28 14:20:00,12.375,"norwood.mouth",1.55,5.227
2,2021-07-28 14:30:00,12.5,"norwood.mouth",1.55,5.278
2,2021-07-28 14:45:00,12.688,"norwood.mouth",1.55,5.625
2,2021-07-28 14:55:00,12.938,"norwood.mouth",1.55,5.767
2,2021-07-28 15:05:00,13.312,"norwood.mouth",1.41336047372317,5.96538675055514
2,2021-07-28 15:20:00,13,"norwood.mouth",1.55,6.162
2,2021-07-28 15:30:00,13,"norwood.mouth",1.55,6.404
2,2021-07-28 15:45:00,13,"norwood.mouth",1.55,6.705
2,2021-07-28 15:55:00,13,"norwood.mouth",1.55,6.886
2,2021-07-28 16:05:00,13.5,"norwood.mouth",1.48197879858657,6.895
2,2021-07-28 16:20:00,13.5,"norwood.mouth",1.45481927710843,7.05
2,2021-07-28 16:30:00,13.812,"norwood.mouth",1.37215568862275,7.32226946107784
2,2021-07-28 16:45:00,14.125,"norwood.mouth",1.26775362318841,7.5750229468599
2,2021-07-28 16:55:00,13.875,"norwood.mouth",1.36247216035635,7.52470378619154
2,2021-07-28 17:05:00,13.438,"norwood.mouth",1.55,7.453
2,2021-07-28 17:20:00,13.375,"norwood.mouth",1.55,7.546
2,2021-07-28 17:30:00,13.25,"norwood.mouth",1.55,7.662
2,2021-07-28 17:45:00,12.812,"norwood.mouth",1.55,7.668
2,2021-07-28 17:55:00,12.812,"norwood.mouth",1.55,7.673
2,2021-07-28 18:05:00,12.938,"norwood.mouth",1.55,7.75
2,2021-07-28 18:20:00,13.25,"norwood.mouth",1.55,7.997
2,2021-07-28 18:30:00,13.188,"norwood.mouth",1.55,8.082
2,2021-07-28 18:45:00,12.875,"norwood.mouth",1.55,8.133
2,2021-07-28 18:55:00,12.875,"norwood.mouth",1.55,8.139
2,2021-07-28 19:05:00,12.812,"norwood.mouth",1.55,8.153
2,2021-07-28 19:20:00,13.5,"norwood.mouth",1.49186746987952,8.228
2,2021-07-28 19:30:00,13.125,"norwood.mouth",1.55,8.168
2,2021-07-28 19:45:00,13.188,"norwood.mouth",1.55,8.107
2,2021-07-28 19:55:00,13.438,"norwood.mouth",1.55,8.094
2,2021-07-28 20:05:00,12.938,"norwood.mouth",1.55,7.97
2,2021-07-28 20:20:00,12.938,"norwood.mouth",1.55,7.795
2,2021-07-28 20:30:00,13.188,"norwood.mouth",1.55,7.746
2,2021-07-28 20:45:00,12.875,"norwood.mouth",1.55,7.708
2,2021-07-28 20:55:00,12.875,"norwood.mouth",1.55,7.643
2,2021-07-28 21:05:00,12.75,"norwood.mouth",1.55,7.508
2,2021-07-28 21:20:00,13.75,"norwood.mouth",1.35012019230769,7.14549278846154
2,2021-07-28 21:30:00,14.688,"norwood.mouth",0.99780487804878,6.54188536585366
2,2021-07-28 21:45:00,13.812,"norwood.mouth",1.30800464037123,6.6206102088167
2,2021-07-28 21:55:00,14.75,"norwood.mouth",0.990111940298507,5.87265733830846
2,2021-07-28 22:05:00,12.188,"norwood.mouth",1.55,6.44
2,2021-07-28 22:20:00,15.75,"norwood.mouth",0.821388979458754,5.60789982067167
2,2021-07-28 22:30:00,12.625,"norwood.mouth",1.55,5.924
2,2021-07-28 22:45:00,12.625,"norwood.mouth",1.55,5.559
2,2021-07-28 22:55:00,12.688,"norwood.mouth",1.55,5.391
2,2021-07-28 23:05:00,12.5,"norwood.mouth",1.55,5.207
2,2021-07-28 23:20:00,12.562,"norwood.mouth",1.55,4.934
2,2021-07-28 23:30:00,12.5,"norwood.mouth",1.55,4.722
2,2021-07-28 23:45:00,12.312,"norwood.mouth",1.55,4.407
2,2021-07-28 23:55:00,12.375,"norwood.mouth",1.55,4.25
2,2021-07-29 00:05:00,12.312,"norwood.mouth",1.55,4.076
2,2021-07-29 00:20:00,12.375,"norwood.mouth",1.55,3.77
2,2021-07-29 00:30:00,12.312,"norwood.mouth",1.55,3.604
2,2021-07-29 00:45:00,12.188,"norwood.mouth",1.55,3.348
2,2021-07-29 00:55:00,12.062,"norwood.mouth",1.55,3.219
2,2021-07-29 01:05:00,12.375,"norwood.mouth",1.55,3.099
2,2021-07-29 01:20:00,12.438,"norwood.mouth",1.55,2.847
2,2021-07-29 01:30:00,12.312,"norwood.mouth",1.55,2.709
2,2021-07-29 01:45:00,12.312,"norwood.mouth",1.55,2.525
2,2021-07-29 01:55:00,12.25,"norwood.mouth",1.55,2.406
2,2021-07-29 02:05:00,12.188,"norwood.mouth",1.55,2.313
2,2021-07-29 02:20:00,12.312,"norwood.mouth",1.55,2.156
2,2021-07-29 02:30:00,12.625,"norwood.mouth",1.55,2.045
2,2021-07-29 02:45:00,12.938,"norwood.mouth",1.37159090909091,1.93110795454545
2,2021-07-29 02:55:00,12.562,"norwood.mouth",1.55,1.805
2,2021-07-29 03:05:00,12.438,"norwood.mouth",1.55,1.735
2,2021-07-29 03:20:00,13.125,"norwood.mouth",1.26611445783133,1.77223644578313
2,2021-07-29 03:30:00,13.625,"norwood.mouth",1.04057750759878,1.83492401215805
2,2021-07-29 03:45:00,13.125,"norwood.mouth",1.26157407407407,1.64131944444444
2,2021-07-29 03:55:00,13.438,"norwood.mouth",1.11553488372093,1.67879790697674
2,2021-07-29 04:05:00,12.875,"norwood.mouth",1.34791883454735,1.48321696149844
2,2021-07-29 04:20:00,13.312,"norwood.mouth",1.15787908820614,1.56038156590684
2,2021-07-29 04:30:00,13.25,"norwood.mouth",1.17232049947971,1.53163033298647
2,2021-07-29 04:45:00,13.188,"norwood.mouth",1.20325630252101,1.48005147058824
2,2021-07-29 04:55:00,13.25,"norwood.mouth",1.16520811099253,1.48203148345784
2,2021-07-29 05:05:00,13.438,"norwood.mouth",1.06206896551724,1.55727586206897
2,2021-07-29 05:20:00,13.188,"norwood.mouth",1.18454545454545,1.39695757575758
2,2021-07-29 05:30:00,13.688,"norwood.mouth",0.943095238095238,1.61104285714286
2,2021-07-29 05:45:00,13.312,"norwood.mouth",1.05587912087912,1.56978846153846
2,2021-07-29 05:55:00,13.75,"norwood.mouth",0.92723292469352,1.7587057793345
2,2021-07-29 06:05:00,13.375,"norwood.mouth",1.10223029045643,1.45522173236515
2,2021-07-29 06:20:00,13.625,"norwood.mouth",0.96448275862069,1.53054252873563
2,2021-07-29 06:30:00,13.312,"norwood.mouth",1.03260869565217,1.39647826086956
2,2021-07-29 06:45:00,13.25,"norwood.mouth",1.06307947019868,1.39141639072848
2,2021-07-29 06:55:00,13.188,"norwood.mouth",1.10614617940199,1.34093521594684
2,2021-07-29 07:05:00,13.688,"norwood.mouth",0.868978102189781,1.58775669099757
2,2021-07-29 07:20:00,13.312,"norwood.mouth",0.991740674955595,1.48426642984014
2,2021-07-29 07:30:00,13.312,"norwood.mouth",1.02113402061856,1.49161512027491
2,2021-07-29 07:45:00,13.188,"norwood.mouth",1.09387417218543,1.39002897350993
2,2021-07-29 07:55:00,13.375,"norwood.mouth",0.946140939597315,1.59408473154362
2,2021-07-29 08:05:00,13.125,"norwood.mouth",1.11752577319588,1.45961855670103
2,2021-07-29 08:20:00,12.75,"norwood.mouth",1.26112515802781,1.32305689001264
2,2021-07-29 08:30:00,12.812,"norwood.mouth",1.24713114754098,1.41458401639344
2,2021-07-29 08:45:00,14,"norwood.mouth",0.830243161094225,2.10080800405268
2,2021-07-29 08:55:00,13.375,"norwood.mouth",1.0009564293305,1.92438682252922
2,2021-07-29 09:05:00,13,"norwood.mouth",1.17690302398332,1.78073201251303
2,2021-07-29 09:20:00,12.812,"norwood.mouth",1.23867699642431,1.77601132300358
2,2021-07-29 09:30:00,12.812,"norwood.mouth",1.22743097238896,1.83081272509004
2,2021-07-29 09:45:00,12.625,"norwood.mouth",1.31072749691739,1.7174509864365
2,2021-07-29 09:55:00,12.562,"norwood.mouth",1.36725312145289,1.69641770715096
2,2021-07-29 10:05:00,12.625,"norwood.mouth",1.38339920948617,1.69358629776021
2,2021-07-29 10:20:00,12.375,"norwood.mouth",1.49126984126984,1.753
2,2021-07-29 10:30:00,12.875,"norwood.mouth",1.21829268292683,2.32873983739837
2,2021-07-29 10:45:00,12.688,"norwood.mouth",1.33739573679333,2.11795551436515
2,2021-07-29 10:55:00,12.75,"norwood.mouth",1.26104118993135,2.30644479405034
2,2021-07-29 11:05:00,12.438,"norwood.mouth",1.45333333333333,1.799
2,2021-07-29 11:20:00,12.312,"norwood.mouth",1.55,2.009
2,2021-07-29 11:30:00,12.375,"norwood.mouth",1.55,2.114
2,2021-07-29 11:45:00,12.438,"norwood.mouth",1.55,2.499
2,2021-07-29 11:55:00,12.5,"norwood.mouth",1.55,2.722
2,2021-07-29 12:05:00,12.062,"norwood.mouth",1.55,2.915
2,2021-07-29 12:20:00,13.125,"norwood.mouth",1.45224719101124,3.203
2,2021-07-29 12:30:00,11.875,"norwood.mouth",1.55,3.605
2,2021-07-29 12:45:00,12.125,"norwood.mouth",1.55,3.576
2,2021-07-29 12:55:00,13.625,"norwood.mouth",1.22227722772277,4.10654785478548
2,2021-07-29 13:05:00,12.062,"norwood.mouth",1.55,3.736
2,2021-07-29 13:20:00,12.312,"norwood.mouth",1.55,3.968
2,2021-07-29 13:30:00,12.188,"norwood.mouth",1.55,4.247
2,2021-07-29 13:45:00,12.312,"norwood.mouth",1.55,4.414
2,2021-07-29 13:55:00,12.375,"norwood.mouth",1.55,4.612
2,2021-07-29 14:05:00,12.562,"norwood.mouth",1.55,4.868
2,2021-07-29 14:20:00,12.25,"norwood.mouth",1.55,5.113
2,2021-07-29 14:30:00,12.25,"norwood.mouth",1.55,5.272
2,2021-07-29 14:45:00,12.438,"norwood.mouth",1.55,5.829
2,2021-07-29 14:55:00,12.312,"norwood.mouth",1.55,5.827
2,2021-07-29 15:05:00,12.562,"norwood.mouth",1.55,5.914
2,2021-07-29 15:20:00,12.25,"norwood.mouth",1.55,6.124
2,2021-07-29 15:30:00,12.688,"norwood.mouth",1.55,6.227
2,2021-07-29 15:45:00,12.312,"norwood.mouth",1.55,6.61
2,2021-07-29 15:55:00,12.625,"norwood.mouth",1.55,6.88
2,2021-07-29 16:05:00,12.812,"norwood.mouth",1.55,6.764
2,2021-07-29 16:20:00,12.625,"norwood.mouth",1.55,7.059
2,2021-07-29 16:30:00,13.562,"norwood.mouth",1.49139784946237,7.122
2,2021-07-29 16:45:00,12.75,"norwood.mouth",1.55,7.328
2,2021-07-29 16:55:00,12.812,"norwood.mouth",1.55,7.467
2,2021-07-29 17:05:00,12.875,"norwood.mouth",1.55,7.606
2,2021-07-29 17:20:00,12.938,"norwood.mouth",1.55,7.765
2,2021-07-29 17:30:00,12.875,"norwood.mouth",1.55,7.866
2,2021-07-29 17:45:00,12.938,"norwood.mouth",1.55,8.078
2,2021-07-29 17:55:00,15,"norwood.mouth",1.16295336787565,8.43612262521589
2,2021-07-29 18:05:00,13.062,"norwood.mouth",1.55,8.26
2,2021-07-29 18:20:00,12.875,"norwood.mouth",1.55,8.284
2,2021-07-29 18:30:00,12.875,"norwood.mouth",1.55,8.359
2,2021-07-29 18:45:00,13,"norwood.mouth",1.55,8.358
2,2021-07-29 18:55:00,14.062,"norwood.mouth",1.41158861885003,8.45849970361589
2,2021-07-29 19:05:00,13.062,"norwood.mouth",1.55,8.41
2,2021-07-29 19:20:00,13,"norwood.mouth",1.55,8.393
2,2021-07-29 19:30:00,12.938,"norwood.mouth",1.55,8.399
2,2021-07-29 19:45:00,13,"norwood.mouth",1.55,8.294
2,2021-07-29 19:55:00,13.688,"norwood.mouth",1.55,8.228
2,2021-07-29 20:05:00,12.875,"norwood.mouth",1.55,8.158
2,2021-07-29 20:20:00,12.875,"norwood.mouth",1.55,8.054
2,2021-07-29 20:30:00,12.875,"norwood.mouth",1.55,7.927
2,2021-07-29 20:45:00,12.875,"norwood.mouth",1.55,7.77
2,2021-07-29 20:55:00,13,"norwood.mouth",1.55,7.664
2,2021-07-29 21:05:00,12.75,"norwood.mouth",1.55,7.533
2,2021-07-29 21:20:00,12.812,"norwood.mouth",1.55,7.341
2,2021-07-29 21:30:00,12.75,"norwood.mouth",1.55,7.156
2,2021-07-29 21:45:00,12.75,"norwood.mouth",1.55,6.871
2,2021-07-29 21:55:00,12.688,"norwood.mouth",1.55,6.584
2,2021-07-29 22:05:00,12.938,"norwood.mouth",1.55,6.332
2,2021-07-29 22:20:00,13.188,"norwood.mouth",1.55,6
2,2021-07-29 22:30:00,12.875,"norwood.mouth",1.55,5.798
2,2021-07-29 22:45:00,12.688,"norwood.mouth",1.55,5.439
2,2021-07-29 22:55:00,12.625,"norwood.mouth",1.55,5.184
2,2021-07-29 23:05:00,12.625,"norwood.mouth",1.55,4.983
2,2021-07-29 23:20:00,14,"norwood.mouth",1.20590800951626,4.4096851704996
2,2021-07-29 23:30:00,12.625,"norwood.mouth",1.55,4.448
2,2021-07-29 23:45:00,12.438,"norwood.mouth",1.55,4.217
2,2021-07-29 23:55:00,12.625,"norwood.mouth",1.55,4
2,2021-07-30 00:05:00,12.562,"norwood.mouth",1.55,3.745
2,2021-07-30 00:20:00,12.562,"norwood.mouth",1.55,3.486
2,2021-07-30 00:30:00,13.312,"norwood.mouth",1.40036496350365,3.27989294403893
2,2021-07-30 00:45:00,12.562,"norwood.mouth",1.55,3.061
2,2021-07-30 00:55:00,12.375,"norwood.mouth",1.55,2.951
2,2021-07-30 01:05:00,12.75,"norwood.mouth",1.55,2.785
2,2021-07-30 01:20:00,13.562,"norwood.mouth",1.27310344827586,2.53793620689655
2,2021-07-30 01:30:00,13.438,"norwood.mouth",1.29582608695652,2.44668086956522
2,2021-07-30 01:45:00,14.438,"norwood.mouth",0.938441558441558,2.35921623376623
2,2021-07-30 01:55:00,13.562,"norwood.mouth",1.22148760330579,2.20536845730028
2,2021-07-30 02:05:00,14.5,"norwood.mouth",0.925783972125436,2.17909581881533
2,2021-07-30 02:20:00,13.75,"norwood.mouth",1.14731890874882,1.96924623706491
2,2021-07-30 02:30:00,13.812,"norwood.mouth",1.10806599450046,2.00449381301558
2,2021-07-30 02:45:00,14.125,"norwood.mouth",0.983963282937365,2.06863444924406
2,2021-07-30 02:55:00,14.062,"norwood.mouth",0.982875264270613,1.98449894291755
2,2021-07-30 03:05:00,14,"norwood.mouth",0.98955223880597,1.83496393034826
2,2021-07-30 03:20:00,15.125,"norwood.mouth",0.814229683087543,2.22158393473486
2,2021-07-30 03:30:00,14.312,"norwood.mouth",0.928855140186916,1.76107009345794
2,2021-07-30 03:45:00,14.125,"norwood.mouth",0.944605809128631,1.72353526970954
2,2021-07-30 03:55:00,14.312,"norwood.mouth",0.91824401368301,1.77775598631699
2,2021-07-30 04:05:00,14.375,"norwood.mouth",0.906509216589862,1.74115005760369
2,2021-07-30 04:20:00,14.438,"norwood.mouth",0.855076923076923,1.56040384615385
2,2021-07-30 04:30:00,14.062,"norwood.mouth",0.946835443037975,1.62810126582278
2,2021-07-30 04:45:00,14.312,"norwood.mouth",0.892735042735043,1.7610056980057
2,2021-07-30 04:55:00,14.25,"norwood.mouth",0.8882096069869,1.69418631732169
2,2021-07-30 05:05:00,13.688,"norwood.mouth",1.04164305949008,1.7306933427762
2,2021-07-30 05:20:00,13.25,"norwood.mouth",1.21901140684411,1.31511596958175
2,2021-07-30 05:30:00,14.312,"norwood.mouth",0.855617198335645,1.58515811373093
2,2021-07-30 05:45:00,14.812,"norwood.mouth",0.829054054054054,1.87709346846847
2,2021-07-30 05:55:00,14.938,"norwood.mouth",0.806212822207535,1.94947923551443
2,2021-07-30 06:05:00,15.25,"norwood.mouth",0.78481889500918,2.23825671841095
2,2021-07-30 06:20:00,15.438,"norwood.mouth",0.758011869436202,2.51870919881306
2,2021-07-30 06:30:00,15.125,"norwood.mouth",0.788567124204888,2.12740754380091
2,2021-07-30 06:45:00,15.062,"norwood.mouth",0.784128289473684,2.16962623355263
2,2021-07-30 06:55:00,14.875,"norwood.mouth",0.795041524181729,1.97631827063996
2,2021-07-30 07:05:00,14.438,"norwood.mouth",0.813216560509554,1.72838216560509
2,2021-07-30 07:20:00,15.188,"norwood.mouth",0.765707570108607,2.5425479007943
2,2021-07-30 07:30:00,15.062,"norwood.mouth",0.777511133102425,2.44835320798285
2,2021-07-30 07:45:00,15.25,"norwood.mouth",0.754691113313512,2.49359002312521
2,2021-07-30 07:55:00,14.812,"norwood.mouth",0.797504590218661,2.08790541367607
2,2021-07-30 08:05:00,14.812,"norwood.mouth",0.79365381433063,2.15665191130233
2,2021-07-30 08:20:00,15.125,"norwood.mouth",0.769239112297681,2.51821013404528
2,2021-07-30 08:30:00,15.25,"norwood.mouth",0.763851638092005,2.72145173428394
2,2021-07-30 08:45:00,15,"norwood.mouth",0.771992954202315,2.81382167421573
2,2021-07-30 08:55:00,14.062,"norwood.mouth",0.857600596125186,2.23604098360656
2,2021-07-30 09:05:00,14.688,"norwood.mouth",0.79532819825854,2.76594119781201
2,2021-07-30 09:20:00,14.438,"norwood.mouth",0.823369290409574,2.94906112702961
2,2021-07-30 09:30:00,14.625,"norwood.mouth",0.795886023977665,3.20046403350304
2,2021-07-30 09:45:00,14,"norwood.mouth",0.887232524964337,3.01693295292439
2,2021-07-30 09:55:00,13.312,"norwood.mouth",1.07781954887218,2.76700751879699
2,2021-07-30 10:05:00,13.812,"norwood.mouth",0.924844720496895,3.3118234989648
2,2021-07-30 10:20:00,13.938,"norwood.mouth",0.901732283464567,3.55042362204724
2,2021-07-30 10:30:00,13,"norwood.mouth",1.2707468879668,2.54647717842324
2,2021-07-30 10:45:00,12.875,"norwood.mouth",1.33558091286307,2.48147130013831
2,2021-07-30 10:55:00,12.438,"norwood.mouth",1.55,2.232
2,2021-07-30 11:05:00,12.75,"norwood.mouth",1.41286307053942,2.49253838174274
2,2021-07-30 11:20:00,12.5,"norwood.mouth",1.55,2.576
2,2021-07-30 11:30:00,13.625,"norwood.mouth",1.11361626878868,3.84428846153846
2,2021-07-30 11:45:00,12,"norwood.mouth",1.55,3.082
2,2021-07-30 11:55:00,12.062,"norwood.mouth",1.55,3.186
2,2021-07-30 12:05:00,12,"norwood.mouth",1.55,3.319
2,2021-07-30 12:20:00,11.812,"norwood.mouth",1.55,3.654
2,2021-07-30 12:30:00,12.062,"norwood.mouth",1.55,3.854
2,2021-07-30 12:45:00,12.312,"norwood.mouth",1.55,4.105
2,2021-07-30 12:55:00,11.812,"norwood.mouth",1.55,4.239
2,2021-07-30 13:05:00,11.812,"norwood.mouth",1.55,4.442
2,2021-07-30 13:20:00,11.875,"norwood.mouth",1.55,4.636
2,2021-07-30 13:30:00,11.812,"norwood.mouth",1.55,4.774
2,2021-07-30 13:45:00,11.875,"norwood.mouth",1.55,4.921
2,2021-07-30 13:55:00,11.875,"norwood.mouth",1.55,5.016
2,2021-07-30 14:05:00,11.938,"norwood.mouth",1.55,5.128
2,2021-07-30 14:20:00,11.875,"norwood.mouth",1.55,5.289
2,2021-07-30 14:30:00,11.938,"norwood.mouth",1.55,5.372
2,2021-07-30 14:45:00,12.062,"norwood.mouth",1.55,5.526
2,2021-07-30 14:55:00,12.062,"norwood.mouth",1.55,5.585
2,2021-07-30 15:05:00,11.938,"norwood.mouth",1.55,5.56
2,2021-07-30 15:20:00,12,"norwood.mouth",1.55,5.595
2,2021-07-30 15:30:00,11.938,"norwood.mouth",1.55,5.623
2,2021-07-30 15:45:00,11.875,"norwood.mouth",1.55,5.672
2,2021-07-30 15:55:00,11.938,"norwood.mouth",1.55,5.767
2,2021-07-30 16:05:00,11.938,"norwood.mouth",1.55,5.843
2,2021-07-30 16:20:00,12.062,"norwood.mouth",1.55,6.069
2,2021-07-30 16:30:00,12,"norwood.mouth",1.55,6.237
2,2021-07-30 16:45:00,12.062,"norwood.mouth",1.55,6.438
2,2021-07-30 16:55:00,11.938,"norwood.mouth",1.55,6.535
2,2021-07-30 17:05:00,12,"norwood.mouth",1.55,6.667
2,2021-07-30 17:20:00,11.938,"norwood.mouth",1.55,6.844
2,2021-07-30 17:30:00,12,"norwood.mouth",1.55,6.88
2,2021-07-30 17:45:00,11.938,"norwood.mouth",1.55,6.79
2,2021-07-30 17:55:00,12.062,"norwood.mouth",1.55,6.782
2,2021-07-30 18:05:00,12,"norwood.mouth",1.55,6.838
2,2021-07-30 18:20:00,12.062,"norwood.mouth",1.55,6.938
2,2021-07-30 18:30:00,12.062,"norwood.mouth",1.55,6.95
2,2021-07-30 18:45:00,12.562,"norwood.mouth",1.55,6.888
2,2021-07-30 18:55:00,12.188,"norwood.mouth",1.55,6.806
2,2021-07-30 19:05:00,12.188,"norwood.mouth",1.55,6.784
2,2021-07-30 19:20:00,12.25,"norwood.mouth",1.55,6.707
2,2021-07-30 19:30:00,12.062,"norwood.mouth",1.55,6.686
2,2021-07-30 19:45:00,12.062,"norwood.mouth",1.55,6.571
2,2021-07-30 19:55:00,12.062,"norwood.mouth",1.55,6.498
2,2021-07-30 20:05:00,12.125,"norwood.mouth",1.55,6.416
2,2021-07-30 20:20:00,12.125,"norwood.mouth",1.55,6.339
2,2021-07-30 20:30:00,12.125,"norwood.mouth",1.55,6.247
2,2021-07-30 20:45:00,11.938,"norwood.mouth",1.55,6.11
2,2021-07-30 20:55:00,11.75,"norwood.mouth",1.55,6.022
2,2021-07-30 21:05:00,12.062,"norwood.mouth",1.55,5.932
2,2021-07-30 21:20:00,11.75,"norwood.mouth",1.55,5.771
2,2021-07-30 21:30:00,11.688,"norwood.mouth",1.55,5.528
2,2021-07-30 21:45:00,11.812,"norwood.mouth",1.55,5.369
2,2021-07-30 21:55:00,11.812,"norwood.mouth",1.55,5.21
2,2021-07-30 22:05:00,12.062,"norwood.mouth",1.55,5.074
2,2021-07-30 22:20:00,12.125,"norwood.mouth",1.55,4.877
2,2021-07-30 22:30:00,12,"norwood.mouth",1.55,4.699
2,2021-07-30 22:45:00,13.812,"norwood.mouth",0.999720410065238,4.44572250698975
2,2021-07-30 22:55:00,12.375,"norwood.mouth",1.55,4.289
2,2021-07-30 23:05:00,12.562,"norwood.mouth",1.55,4.203
2,2021-07-30 23:20:00,12.25,"norwood.mouth",1.55,4
2,2021-07-30 23:30:00,12.062,"norwood.mouth",1.55,3.841
2,2021-07-30 23:45:00,11.938,"norwood.mouth",1.55,3.631
2,2021-07-30 23:55:00,11.688,"norwood.mouth",1.55,3.494
2,2021-07-31 00:05:00,12.75,"norwood.mouth",1.46444444444444,3.36
2,2021-07-31 00:20:00,13.375,"norwood.mouth",1.13321464903357,3.01710376398779
2,2021-07-31 00:30:00,13.5,"norwood.mouth",1.10926784059314,2.88481927710843
2,2021-07-31 00:45:00,12.438,"norwood.mouth",1.55,2.879
2,2021-07-31 00:55:00,13.312,"norwood.mouth",1.14636678200692,2.65984948096886
2,2021-07-31 01:05:00,12.688,"norwood.mouth",1.46339285714286,2.648
2,2021-07-31 01:20:00,13.312,"norwood.mouth",1.14727272727273,2.46975454545455
2,2021-07-31 01:30:00,13.312,"norwood.mouth",1.15165198237886,2.34526982378855
2,2021-07-31 01:45:00,12.75,"norwood.mouth",1.4146694214876,2.2310020661157
2,2021-07-31 01:55:00,13.062,"norwood.mouth",1.24554242749731,2.14168152524168
2,2021-07-31 02:05:00,13.5,"norwood.mouth",0.999574669187146,2.08530033081285
2,2021-07-31 02:20:00,12.75,"norwood.mouth",1.40926724137931,1.93332974137931
2,2021-07-31 02:30:00,13.25,"norwood.mouth",1.15173867228662,2.00963356164384
2,2021-07-31 02:45:00,14.312,"norwood.mouth",0.880823863636364,1.94749242424242
2,2021-07-31 02:55:00,13.938,"norwood.mouth",0.938582677165354,1.9915688976378
2,2021-07-31 03:05:00,13.75,"norwood.mouth",0.963539445628998,1.91241631130064
2,2021-07-31 03:20:00,14.562,"norwood.mouth",0.841883400244371,2.12227107697679
2,2021-07-31 03:30:00,14.312,"norwood.mouth",0.875654205607477,1.92428901869159
2,2021-07-31 03:45:00,13.75,"norwood.mouth",0.976230492196879,1.83343907563025
2,2021-07-31 03:55:00,14.625,"norwood.mouth",0.840840232517175,1.94553672714462
2,2021-07-31 04:05:00,14.625,"norwood.mouth",0.837119234116623,1.85914215259646
2,2021-07-31 04:20:00,13.938,"norwood.mouth",0.936391437308868,1.6063249235474
2,2021-07-31 04:30:00,13.688,"norwood.mouth",0.96055,1.60427325
2,2021-07-31 04:45:00,13.625,"norwood.mouth",0.985877513711152,1.624125
2,2021-07-31 04:55:00,13.188,"norwood.mouth",1.11760736196319,1.42674049079755
2,2021-07-31 05:05:00,14.312,"norwood.mouth",0.873534715960325,1.60909377817854
2,2021-07-31 05:20:00,13.625,"norwood.mouth",0.956767283349562,1.45663631937683
2,2021-07-31 05:30:00,13.812,"norwood.mouth",0.94821587867975,1.50622479928635
2,2021-07-31 05:45:00,12.938,"norwood.mouth",1.22527141133896,1.22600482509047
2,2021-07-31 05:55:00,14.188,"norwood.mouth",0.896339501206758,1.62287208366854
2,2021-07-31 06:05:00,13.938,"norwood.mouth",0.913854895104895,1.47084986888112
2,2021-07-31 06:20:00,14.812,"norwood.mouth",0.801967387451258,1.93492585371618
2,2021-07-31 06:30:00,14.438,"norwood.mouth",0.861359489051095,1.52786770072993
2,2021-07-31 06:45:00,13.75,"norwood.mouth",0.931397738951696,1.3399825282631
2,2021-07-31 06:55:00,14.5,"norwood.mouth",0.83401006108516,1.53449838303989
2,2021-07-31 07:05:00,14.438,"norwood.mouth",0.82613616423934,1.84703602971282
2,2021-07-31 07:20:00,14.438,"norwood.mouth",0.843419866594556,1.67582729403281
2,2021-07-31 07:30:00,14.188,"norwood.mouth",0.854802561366062,1.4260939167556
2,2021-07-31 07:45:00,13.688,"norwood.mouth",0.958600770218229,1.40411938382542
2,2021-07-31 07:55:00,13.812,"norwood.mouth",0.91169623059867,1.41948614190687
2,2021-07-31 08:05:00,14.188,"norwood.mouth",0.843539374890868,1.58902619172342
2,2021-07-31 08:20:00,14.125,"norwood.mouth",0.852356020942408,1.73412303664921
2,2021-07-31 08:30:00,15.062,"norwood.mouth",0.764993669741364,2.61243371314885
2,2021-07-31 08:45:00,13.688,"norwood.mouth",0.924751929437707,2.00670672546858
2,2021-07-31 08:55:00,13.688,"norwood.mouth",0.911378923766816,2.18570852017937
2,2021-07-31 09:05:00,13.938,"norwood.mouth",0.874310344827586,2.41668189655172
2,2021-07-31 09:20:00,13.812,"norwood.mouth",0.901418842224745,2.63544494892168
2,2021-07-31 09:30:00,13.75,"norwood.mouth",0.922561768530559,2.79015604681404
2,2021-07-31 09:45:00,13.625,"norwood.mouth",0.933846153846154,3.14463461538462
2,2021-07-31 09:55:00,13.125,"norwood.mouth",1.0800539083558,3.03724865229111
2,2021-07-31 10:05:00,13.438,"norwood.mouth",0.989542857142857,3.50907085714286
2,2021-07-31 10:20:00,12.812,"norwood.mouth",1.28558863328823,2.90667253044655
2,2021-07-31 10:30:00,13.062,"norwood.mouth",1.15758754863813,3.24592315175097
2,2021-07-31 10:45:00,12.938,"norwood.mouth",1.21110294117647,3.32405588235294
2,2021-07-31 10:55:00,12.188,"norwood.mouth",1.55,2.794
2,2021-07-31 11:05:00,12.438,"norwood.mouth",1.55,3.013
2,2021-07-31 11:20:00,12.375,"norwood.mouth",1.55,3.137
2,2021-07-31 11:30:00,11.75,"norwood.mouth",1.55,3.228
2,2021-07-31 11:45:00,11.688,"norwood.mouth",1.55,3.393
2,2021-07-31 11:55:00,11.625,"norwood.mouth",1.55,3.557
2,2021-07-31 12:05:00,11.625,"norwood.mouth",1.55,3.719
2,2021-07-31 12:20:00,11.688,"norwood.mouth",1.55,3.966
2,2021-07-31 12:30:00,11.625,"norwood.mouth",1.55,4.143
2,2021-07-31 12:45:00,11.688,"norwood.mouth",1.55,4.289
2,2021-07-31 12:55:00,11.75,"norwood.mouth",1.55,4.396
2,2021-07-31 13:05:00,12.562,"norwood.mouth",1.55,4.492
2,2021-07-31 13:20:00,11.688,"norwood.mouth",1.55,4.62
2,2021-07-31 13:30:00,11.75,"norwood.mouth",1.55,4.75
2,2021-07-31 13:45:00,11.75,"norwood.mouth",1.55,4.96
2,2021-07-31 13:55:00,11.688,"norwood.mouth",1.55,5.063
2,2021-07-31 14:05:00,11.75,"norwood.mouth",1.55,5.189
2,2021-07-31 14:20:00,11.688,"norwood.mouth",1.55,5.476
2,2021-07-31 14:30:00,11.812,"norwood.mouth",1.55,5.58
2,2021-07-31 14:45:00,11.812,"norwood.mouth",1.55,5.81
2,2021-07-31 14:55:00,11.875,"norwood.mouth",1.55,5.989
2,2021-07-31 15:05:00,11.75,"norwood.mouth",1.55,6.12
2,2021-07-31 15:20:00,11.812,"norwood.mouth",1.55,6.358
2,2021-07-31 15:30:00,11.875,"norwood.mouth",1.55,6.505
2,2021-07-31 15:45:00,12,"norwood.mouth",1.55,6.547
2,2021-07-31 15:55:00,11.938,"norwood.mouth",1.55,6.659
2,2021-07-31 16:05:00,11.938,"norwood.mouth",1.55,6.785
2,2021-07-31 16:20:00,12.75,"norwood.mouth",1.55,6.909
2,2021-07-31 16:30:00,12.375,"norwood.mouth",1.55,6.932
2,2021-07-31 16:45:00,12.188,"norwood.mouth",1.55,7.069
2,2021-07-31 16:55:00,12.188,"norwood.mouth",1.55,7.212
2,2021-07-31 17:05:00,12.125,"norwood.mouth",1.55,7.356
2,2021-07-31 17:20:00,12.625,"norwood.mouth",1.55,7.527
2,2021-07-31 17:30:00,13.062,"norwood.mouth",1.55,7.536
2,2021-07-31 17:45:00,12.188,"norwood.mouth",1.55,7.579
2,2021-07-31 17:55:00,12.125,"norwood.mouth",1.55,7.627
2,2021-07-31 18:05:00,12.25,"norwood.mouth",1.55,7.664
2,2021-07-31 18:20:00,12.188,"norwood.mouth",1.55,7.797
2,2021-07-31 18:30:00,12.25,"norwood.mouth",1.55,7.861
2,2021-07-31 18:45:00,12.125,"norwood.mouth",1.55,7.973
2,2021-07-31 18:55:00,12.188,"norwood.mouth",1.55,7.979
2,2021-07-31 19:05:00,12.188,"norwood.mouth",1.55,7.994
2,2021-07-31 19:20:00,12.25,"norwood.mouth",1.55,7.982
2,2021-07-31 19:30:00,12.312,"norwood.mouth",1.55,7.913
2,2021-07-31 19:45:00,12.188,"norwood.mouth",1.55,7.857
2,2021-07-31 19:55:00,12.188,"norwood.mouth",1.55,7.846
2,2021-07-31 20:05:00,12.125,"norwood.mouth",1.55,7.817
2,2021-07-31 20:20:00,12.062,"norwood.mouth",1.55,7.669
2,2021-07-31 20:30:00,12.125,"norwood.mouth",1.55,7.605
2,2021-07-31 20:45:00,12.25,"norwood.mouth",1.55,7.458
2,2021-07-31 20:55:00,12.125,"norwood.mouth",1.55,7.333
2,2021-07-31 21:05:00,12.25,"norwood.mouth",1.55,7.257
2,2021-07-31 21:20:00,12.688,"norwood.mouth",1.55,7.132
2,2021-07-31 21:30:00,12.312,"norwood.mouth",1.55,7.047
2,2021-07-31 21:45:00,12.188,"norwood.mouth",1.55,6.816
2,2021-07-31 21:55:00,12.188,"norwood.mouth",1.55,6.69
2,2021-07-31 22:05:00,12.062,"norwood.mouth",1.55,6.593
2,2021-07-31 22:20:00,12.438,"norwood.mouth",1.55,6.385
2,2021-07-31 22:30:00,12.5,"norwood.mouth",1.55,6.245
2,2021-07-31 22:45:00,12.375,"norwood.mouth",1.55,5.937
2,2021-07-31 22:55:00,12.312,"norwood.mouth",1.55,5.783
2,2021-07-31 23:05:00,12.062,"norwood.mouth",1.55,5.608
2,2021-07-31 23:20:00,12.75,"norwood.mouth",1.55,5.265
2,2021-07-31 23:30:00,12.25,"norwood.mouth",1.55,5.175
2,2021-07-31 23:45:00,12.438,"norwood.mouth",1.55,4.932
2,2021-07-31 23:55:00,12.938,"norwood.mouth",1.45054347826087,4.823
2,2021-08-01 00:05:00,12.438,"norwood.mouth",1.55,4.676
2,2021-08-01 00:20:00,12.438,"norwood.mouth",1.55,4.364
2,2021-08-01 00:30:00,12.938,"norwood.mouth",1.39554937413074,4.08317767732962
2,2021-08-01 00:45:00,12.312,"norwood.mouth",1.55,3.889
2,2021-08-01 00:55:00,11.75,"norwood.mouth",1.55,3.734
2,2021-08-01 01:05:00,12.438,"norwood.mouth",1.55,3.608
2,2021-08-01 01:20:00,12.688,"norwood.mouth",1.55,3.382
2,2021-08-01 01:30:00,12.312,"norwood.mouth",1.55,3.2
2,2021-08-01 01:45:00,11.938,"norwood.mouth",1.55,3.014
2,2021-08-01 01:55:00,11.812,"norwood.mouth",1.55,2.94
2,2021-08-01 02:05:00,11.688,"norwood.mouth",1.55,2.799
2,2021-08-01 02:20:00,12.25,"norwood.mouth",1.55,2.596
2,2021-08-01 02:30:00,12.438,"norwood.mouth",1.55,2.503
2,2021-08-01 02:45:00,12.688,"norwood.mouth",1.484375,2.334
2,2021-08-01 02:55:00,12.688,"norwood.mouth",1.47826086956522,2.244
2,2021-08-01 03:05:00,12.812,"norwood.mouth",1.38529792746114,2.16369462435233
2,2021-08-01 03:20:00,12.25,"norwood.mouth",1.55,2.026
2,2021-08-01 03:30:00,12.562,"norwood.mouth",1.55,1.953
2,2021-08-01 03:45:00,12.312,"norwood.mouth",1.55,1.815
2,2021-08-01 03:55:00,12.625,"norwood.mouth",1.47121212121212,1.807
2,2021-08-01 04:05:00,12.812,"norwood.mouth",1.35,1.8285
2,2021-08-01 04:20:00,12.938,"norwood.mouth",1.25857329842932,1.80024607329843
2,2021-08-01 04:30:00,13.312,"norwood.mouth",1.11609702315325,1.89778996692392
2,2021-08-01 04:45:00,13.188,"norwood.mouth",1.10033783783784,1.7992652027027
2,2021-08-01 04:55:00,13.25,"norwood.mouth",1.10485948477752,1.91029391100703
2,2021-08-01 05:05:00,12.75,"norwood.mouth",1.37548638132296,1.46804474708171
2,2021-08-01 05:20:00,12.875,"norwood.mouth",1.26820448877805,1.58042394014963
2,2021-08-01 05:30:00,13.125,"norwood.mouth",1.16236080178174,1.73800556792873
2,2021-08-01 05:45:00,13.438,"norwood.mouth",0.995152838427947,2.13822620087336
2,2021-08-01 05:55:00,13.625,"norwood.mouth",0.963313609467456,2.08007889546351
2,2021-08-01 06:05:00,15,"norwood.mouth",0.777630057803468,2.91487514450867
2,2021-08-01 06:20:00,13.312,"norwood.mouth",0.999017773620206,1.79461693171188
2,2021-08-01 06:30:00,12.875,"norwood.mouth",1.23689427312775,1.44403083700441
2,2021-08-01 06:45:00,13.812,"norwood.mouth",0.893728813559322,1.85040338983051
2,2021-08-01 06:55:00,13.875,"norwood.mouth",0.906674612634088,1.9876758045292
2,2021-08-01 07:05:00,13.5,"norwood.mouth",0.970551090700345,1.92783008036739
2,2021-08-01 07:20:00,13.938,"norwood.mouth",0.85662291169451,2.02541437947494
2,2021-08-01 07:30:00,13.5,"norwood.mouth",0.947674418604651,1.8346976744186
2,2021-08-01 07:45:00,13.188,"norwood.mouth",0.983407079646017,1.87021349557522
2,2021-08-01 07:55:00,13.125,"norwood.mouth",1.06398104265403,1.76869312796208
2,2021-08-01 08:05:00,13.062,"norwood.mouth",1.05013368983957,1.86843248663101
2,2021-08-01 08:20:00,12.812,"norwood.mouth",1.21724598930481,1.59310450089126
2,2021-08-01 08:30:00,12.625,"norwood.mouth",1.32518518518518,1.4581450617284
2,2021-08-01 08:45:00,12.812,"norwood.mouth",1.16267942583732,1.85210645933014
2,2021-08-01 08:55:00,12.75,"norwood.mouth",1.17477477477477,1.91568018018018
2,2021-08-01 09:05:00,12.812,"norwood.mouth",1.21724598930481,1.98473128342246
2,2021-08-01 09:20:00,12.688,"norwood.mouth",1.3032904148784,1.85098044825942
2,2021-08-01 09:30:00,12.438,"norwood.mouth",1.47534516765286,1.597
2,2021-08-01 09:45:00,12.5,"norwood.mouth",1.44776119402985,1.69137313432836
2,2021-08-01 09:55:00,12.125,"norwood.mouth",1.55,1.831
2,2021-08-01 10:05:00,12.312,"norwood.mouth",1.55,1.86
2,2021-08-01 10:20:00,12.938,"norwood.mouth",1.11520737327189,3.10945238095238
2,2021-08-01 10:30:00,12.25,"norwood.mouth",1.55,2.171
2,2021-08-01 10:45:00,12.062,"norwood.mouth",1.55,2.311
2,2021-08-01 10:55:00,12.188,"norwood.mouth",1.55,2.361
2,2021-08-01 11:05:00,12.062,"norwood.mouth",1.55,2.407
2,2021-08-01 11:20:00,11.688,"norwood.mouth",1.55,2.576
2,2021-08-01 11:30:00,12,"norwood.mouth",1.55,2.663
2,2021-08-01 11:45:00,11.938,"norwood.mouth",1.55,3.022
2,2021-08-01 11:55:00,11.688,"norwood.mouth",1.55,3.234
2,2021-08-01 12:05:00,11.75,"norwood.mouth",1.55,3.379
2,2021-08-01 12:20:00,12.062,"norwood.mouth",1.55,3.964
2,2021-08-01 12:30:00,12.688,"norwood.mouth",1.55,3.998
2,2021-08-01 12:45:00,11.75,"norwood.mouth",1.55,4.112
2,2021-08-01 12:55:00,11.688,"norwood.mouth",1.55,4.296
2,2021-08-01 13:05:00,11.688,"norwood.mouth",1.55,4.539
2,2021-08-01 13:20:00,11.688,"norwood.mouth",1.55,4.69
2,2021-08-01 13:30:00,11.688,"norwood.mouth",1.55,4.797
2,2021-08-01 13:45:00,11.75,"norwood.mouth",1.55,5.098
2,2021-08-01 13:55:00,11.875,"norwood.mouth",1.55,5.415
2,2021-08-01 14:05:00,11.938,"norwood.mouth",1.55,5.513
2,2021-08-01 14:20:00,12.312,"norwood.mouth",1.55,5.833
2,2021-08-01 14:30:00,12,"norwood.mouth",1.55,6.003
2,2021-08-01 14:45:00,12,"norwood.mouth",1.55,6.174
2,2021-08-01 14:55:00,12.188,"norwood.mouth",1.55,6.283
2,2021-08-01 15:05:00,12.5,"norwood.mouth",1.55,6.365
2,2021-08-01 15:20:00,12.312,"norwood.mouth",1.55,6.577
2,2021-08-01 15:30:00,12.25,"norwood.mouth",1.55,6.748
2,2021-08-01 15:45:00,12.312,"norwood.mouth",1.55,6.955
2,2021-08-01 15:55:00,12.312,"norwood.mouth",1.55,7.119
2,2021-08-01 16:05:00,12.438,"norwood.mouth",1.55,7.353
2,2021-08-01 16:20:00,12.375,"norwood.mouth",1.55,7.487
2,2021-08-01 16:30:00,12.375,"norwood.mouth",1.55,7.586
2,2021-08-01 16:45:00,12.375,"norwood.mouth",1.55,7.74
2,2021-08-01 16:55:00,12.438,"norwood.mouth",1.55,7.874
2,2021-08-01 17:05:00,12.5,"norwood.mouth",1.55,7.983
2,2021-08-01 17:20:00,12.5,"norwood.mouth",1.55,8.262
2,2021-08-01 17:30:00,13.062,"norwood.mouth",1.55,8.311
2,2021-08-01 17:45:00,12.688,"norwood.mouth",1.55,8.355
2,2021-08-01 17:55:00,12.625,"norwood.mouth",1.55,8.375
2,2021-08-01 18:05:00,12.625,"norwood.mouth",1.55,8.423
2,2021-08-01 18:20:00,12.75,"norwood.mouth",1.55,8.539
2,2021-08-01 18:30:00,13,"norwood.mouth",1.55,8.581
2,2021-08-01 18:45:00,13.625,"norwood.mouth",1.55,8.674
2,2021-08-01 18:55:00,13.75,"norwood.mouth",1.48934911242604,8.812
2,2021-08-01 19:05:00,14.125,"norwood.mouth",1.33789335664336,8.91911341783217
2,2021-08-01 19:20:00,14.688,"norwood.mouth",1.11914132379249,9.21126162790698
2,2021-08-01 19:30:00,15.125,"norwood.mouth",0.982600732600733,9.39500122100122
2,2021-08-01 19:45:00,15.312,"norwood.mouth",0.970609981515712,8.84297966728281
2,2021-08-01 19:55:00,15.5,"norwood.mouth",0.964866091693146,8.66557433045847
2,2021-08-01 20:05:00,15.188,"norwood.mouth",0.983518072289157,8.69125481927711
2,2021-08-01 20:20:00,14.875,"norwood.mouth",1.04803370786517,8.64947050561798
2,2021-08-01 20:30:00,14.625,"norwood.mouth",1.15011021307862,8.44345940484938
2,2021-08-01 20:45:00,15.5,"norwood.mouth",0.953846153846154,8.24815384615385
2,2021-08-01 20:55:00,14.062,"norwood.mouth",1.29711033274956,7.97580297723292
2,2021-08-01 21:05:00,13.812,"norwood.mouth",1.40392491467577,7.87051535836178
2,2021-08-01 21:20:00,14,"norwood.mouth",1.32118959107807,7.64610687732342
2,2021-08-01 21:30:00,13.062,"norwood.mouth",1.55,7.419
2,2021-08-01 21:45:00,13.125,"norwood.mouth",1.55,7.097
2,2021-08-01 21:55:00,15.062,"norwood.mouth",0.969805194805195,6.55847402597403
2,2021-08-01 22:05:00,14.375,"norwood.mouth",1.10573308270677,6.46470112781955
2,2021-08-01 22:20:00,15.125,"norwood.mouth",0.945752427184466,5.80700970873786
2,2021-08-01 22:30:00,15.188,"norwood.mouth",0.939688834655278,5.62170896888347
2,2021-08-01 22:45:00,15.062,"norwood.mouth",0.942996231155779,5.1728743718593
2,2021-08-01 22:55:00,15.125,"norwood.mouth",0.923340471092077,4.84566720199857
2,2021-08-01 23:05:00,15.5,"norwood.mouth",0.875035816618911,4.63901128223496
2,2021-08-01 23:20:00,15.188,"norwood.mouth",0.888826366559485,4.30975723472669
2,2021-08-01 23:30:00,15.438,"norwood.mouth",0.864644970414201,3.86772707100592
2,2021-08-01 23:45:00,15.312,"norwood.mouth",0.870206699928724,3.78868317890235
2,2021-08-01 23:55:00,15.125,"norwood.mouth",0.882835820895522,3.88539303482587
2,2021-08-02 00:05:00,15.188,"norwood.mouth",0.891334164588529,3.71528273067332
2,2021-08-02 00:20:00,14.938,"norwood.mouth",0.915523465703971,3.36288357400722
2,2021-08-02 00:30:00,14.188,"norwood.mouth",0.989411764705882,3.05559411764706
2,2021-08-02 00:45:00,15.438,"norwood.mouth",0.860995850622407,2.85219986168741
2,2021-08-02 00:55:00,14.625,"norwood.mouth",0.946296296296296,2.73083950617284
2,2021-08-02 01:05:00,14.75,"norwood.mouth",0.928085106382979,2.51445602836879
2,2021-08-02 01:20:00,14.75,"norwood.mouth",0.936493506493506,2.38036883116883
2,2021-08-02 01:30:00,14.438,"norwood.mouth",0.960804020100502,2.46670603015075
2,2021-08-02 01:45:00,13.125,"norwood.mouth",1.41009852216749,2.64912807881773
2,2021-08-02 01:55:00,13.25,"norwood.mouth",1.35323590814196,2.47377870563674
2,2021-08-02 02:05:00,13.375,"norwood.mouth",1.29451983298539,2.33840266179541
2,2021-08-02 02:20:00,13.5,"norwood.mouth",1.22957317073171,2.19200152439024
2,2021-08-02 02:30:00,13.75,"norwood.mouth",1.08626198083067,2.00022124600639
2,2021-08-02 02:45:00,14.438,"norwood.mouth",0.939667458432304,1.78461064924782
2,2021-08-02 02:55:00,13.438,"norwood.mouth",1.20997008973081,1.85280234297109
2,2021-08-02 03:05:00,13.25,"norwood.mouth",1.30142721217888,1.78321931493815
2,2021-08-02 03:20:00,13.812,"norwood.mouth",1.06710775047259,1.68417722117202
2,2021-08-02 03:30:00,14.438,"norwood.mouth",0.933053691275168,1.58697147651007
2,2021-08-02 03:45:00,14.438,"norwood.mouth",0.927318295739348,1.68616541353383
2,2021-08-02 03:55:00,15,"norwood.mouth",0.854552715654952,1.69901198083067
2,2021-08-02 04:05:00,14.812,"norwood.mouth",0.877336448598131,1.74573247663551
2,2021-08-02 04:20:00,15.25,"norwood.mouth",0.811984392419175,2.27074600520253
2,2021-08-02 04:30:00,13.688,"norwood.mouth",1.03550106609808,1.49466098081023
2,2021-08-02 04:45:00,15.188,"norwood.mouth",0.830708509819022,2.02033018867925
2,2021-08-02 04:55:00,14.438,"norwood.mouth",0.929482874412357,1.81169811954332
2,2021-08-02 05:05:00,14.062,"norwood.mouth",0.962120031176929,1.57131936866719
2,2021-08-02 05:20:00,14.5,"norwood.mouth",0.891024555461473,1.69597565622354
2,2021-08-02 05:30:00,14.25,"norwood.mouth",0.93096926713948,1.73950807722616
2,2021-08-02 05:45:00,14.25,"norwood.mouth",0.931091058244463,1.68268888433142
2,2021-08-02 05:55:00,14.312,"norwood.mouth",0.925990099009901,1.80975618811881
2,2021-08-02 06:05:00,15.062,"norwood.mouth",0.837423377721412,1.98207253575706
2,2021-08-02 06:20:00,14.812,"norwood.mouth",0.832413047750049,1.70752253225912
2,2021-08-02 06:30:00,14.5,"norwood.mouth",0.873879885605338,1.65160295519542
2,2021-08-02 06:45:00,15,"norwood.mouth",0.821090534979424,2.04394427297668
2,2021-08-02 06:55:00,14.562,"norwood.mouth",0.844188337273444,1.76654711715261
2,2021-08-02 07:05:00,14.438,"norwood.mouth",0.883512195121951,1.80934292682927
2,2021-08-02 07:20:00,14.5,"norwood.mouth",0.847703215498302,1.62628736435657
2,2021-08-02 07:30:00,14.312,"norwood.mouth",0.875091407678245,1.60359026508227
2,2021-08-02 07:45:00,14.562,"norwood.mouth",0.836523706472556,1.75157659518657
2,2021-08-02 07:55:00,14.312,"norwood.mouth",0.854107505070994,1.67964655172414
2,2021-08-02 08:05:00,14.25,"norwood.mouth",0.878714285714286,1.74570428571429
2,2021-08-02 08:20:00,14.5,"norwood.mouth",0.824410969486288,2.05904091026136
2,2021-08-02 08:30:00,13.688,"norwood.mouth",0.942989417989418,1.8630582010582
2,2021-08-02 08:45:00,14.25,"norwood.mouth",0.880954545454545,2.22762659090909
2,2021-08-02 08:55:00,13.812,"norwood.mouth",0.914261555806088,2.30030214205186
2,2021-08-02 09:05:00,13,"norwood.mouth",1.17179144385027,1.8278736631016
2,2021-08-02 09:20:00,13.188,"norwood.mouth",0.999564375605034,2.2832715392062
2,2021-08-02 09:30:00,13.625,"norwood.mouth",0.933867735470942,2.66985771543086
2,2021-08-02 09:45:00,13.125,"norwood.mouth",1.11673151750973,2.52657003891051
2,2021-08-02 09:55:00,13.562,"norwood.mouth",0.971153846153846,3.076375
2,2021-08-02 10:05:00,12.812,"norwood.mouth",1.32434301521438,2.04457376671277
2,2021-08-02 10:20:00,12.875,"norwood.mouth",1.23714759535655,2.4070221116639
2,2021-08-02 10:30:00,12.688,"norwood.mouth",1.40314465408805,1.90726100628931
2,2021-08-02 10:45:00,12.25,"norwood.mouth",1.55,1.933
2,2021-08-02 10:55:00,12.25,"norwood.mouth",1.55,2.077
2,2021-08-02 11:05:00,12.312,"norwood.mouth",1.55,2.113
2,2021-08-02 11:20:00,12,"norwood.mouth",1.55,2.329
2,2021-08-02 11:30:00,12,"norwood.mouth",1.55,2.506
2,2021-08-02 11:45:00,12.25,"norwood.mouth",1.55,2.697
2,2021-08-02 11:55:00,12.562,"norwood.mouth",1.55,2.84
2,2021-08-02 12:05:00,14.125,"norwood.mouth",0.962615384615385,4.79626461538462
2,2021-08-02 12:20:00,12.062,"norwood.mouth",1.55,3.41
2,2021-08-02 12:30:00,12.062,"norwood.mouth",1.55,3.564
2,2021-08-02 12:45:00,11.75,"norwood.mouth",1.55,3.923
2,2021-08-02 12:55:00,11.812,"norwood.mouth",1.55,4.014
2,2021-08-02 13:05:00,11.875,"norwood.mouth",1.55,4.129
2,2021-08-02 13:20:00,11.875,"norwood.mouth",1.55,4.362
2,2021-08-02 13:30:00,11.938,"norwood.mouth",1.55,4.482
2,2021-08-02 13:45:00,11.938,"norwood.mouth",1.55,4.771
2,2021-08-02 13:55:00,12,"norwood.mouth",1.55,5.014
2,2021-08-02 14:05:00,12.25,"norwood.mouth",1.55,5.22
2,2021-08-02 14:20:00,12.25,"norwood.mouth",1.55,5.524
2,2021-08-02 14:30:00,12.875,"norwood.mouth",1.55,5.764
2,2021-08-02 14:45:00,14,"norwood.mouth",1.2562984496124,6.75830991602067
2,2021-08-02 14:55:00,13.812,"norwood.mouth",1.38143908421913,6.39513246116108
2,2021-08-02 15:05:00,13.75,"norwood.mouth",1.39458333333333,6.52143958333333
2,2021-08-02 15:20:00,14.25,"norwood.mouth",1.23770491803279,7.28289617486339
2,2021-08-02 15:30:00,14,"norwood.mouth",1.34794908062235,7.03175
2,2021-08-02 15:45:00,15.125,"norwood.mouth",0.985668789808917,8.82854140127388
2,2021-08-02 15:55:00,15.125,"norwood.mouth",0.989007276507276,8.86395673076923
2,2021-08-02 16:05:00,15.562,"norwood.mouth",0.955656350053362,8.79743436499466
2,2021-08-02 16:20:00,15.188,"norwood.mouth",0.983652007648184,8.73199713193117
2,2021-08-02 16:30:00,14.5,"norwood.mouth",1.20488322717622,8.3004796532201
2,2021-08-02 16:45:00,14.5,"norwood.mouth",1.19018248175182,8.49117700729927
2,2021-08-02 16:55:00,14.625,"norwood.mouth",1.1230612244898,8.47917755102041
2,2021-08-02 17:05:00,14.562,"norwood.mouth",1.16922196796339,8.58396224256293
2,2021-08-02 17:20:00,15.25,"norwood.mouth",0.986979913916786,9.34646341463415
2,2021-08-02 17:30:00,15.312,"norwood.mouth",0.984290953545232,9.30531754278729
2,2021-08-02 17:45:00,15.812,"norwood.mouth",0.965216599927193,9.36134947215144
2,2021-08-02 17:55:00,15.062,"norwood.mouth",1.02197595792637,9.38874192336589
2,2021-08-02 18:05:00,15.188,"norwood.mouth",0.996687183200579,9.36585264301231
2,2021-08-02 18:20:00,15.688,"norwood.mouth",0.977075252133437,9.53835608999224
2,2021-08-02 18:30:00,14.75,"norwood.mouth",1.19190751445087,9.16353323699422
2,2021-08-02 18:45:00,14.688,"norwood.mouth",1.19545163356823,9.22245980140935
2,2021-08-02 18:55:00,14.875,"norwood.mouth",1.108,9.17274
2,2021-08-02 19:05:00,14.562,"norwood.mouth",1.22547770700637,9.00375
2,2021-08-02 19:20:00,14.938,"norwood.mouth",1.09273318872017,9.25784598698482
2,2021-08-02 19:30:00,15.062,"norwood.mouth",1.0520474137931,9.25016433189655
2,2021-08-02 19:45:00,14.062,"norwood.mouth",1.35123762376238,8.78397524752475
2,2021-08-02 19:55:00,14.312,"norwood.mouth",1.25095435684647,8.79989771784232
2,2021-08-02 20:05:00,14.688,"norwood.mouth",1.13269230769231,8.85450961538461
2,2021-08-02 20:20:00,14.312,"norwood.mouth",1.24449648711944,8.65003571428571
2,2021-08-02 20:30:00,14.688,"norwood.mouth",1.08442211055276,8.57333668341708
2,2021-08-02 20:45:00,14.688,"norwood.mouth",1.08089887640449,8.39744382022472
2,2021-08-02 20:55:00,14.25,"norwood.mouth",1.24352134146341,8.05616615853659
2,2021-08-02 21:05:00,14.625,"norwood.mouth",1.08779591836735,8.02594204081633
2,2021-08-02 21:20:00,13.5,"norwood.mouth",1.55,7.675
2,2021-08-02 21:30:00,14.125,"norwood.mouth",1.24688566552901,7.48941638225256
2,2021-08-02 21:45:00,13.25,"norwood.mouth",1.55,7.076
2,2021-08-02 21:55:00,12.875,"norwood.mouth",1.55,6.962
2,2021-08-02 22:05:00,14.5,"norwood.mouth",1.10233644859813,6.7714953271028
2,2021-08-02 22:20:00,14.938,"norwood.mouth",0.969983370288248,6.24479309866962
2,2021-08-02 22:30:00,14.625,"norwood.mouth",0.994729136163983,6.1384187408492
2,2021-08-02 22:45:00,13.875,"norwood.mouth",1.27293233082707,5.91142105263158
2,2021-08-02 22:55:00,14.375,"norwood.mouth",1.07524834437086,5.41552069536424
2,2021-08-02 23:05:00,14.125,"norwood.mouth",1.15315922493682,5.18932771693345
2,2021-08-02 23:20:00,13.75,"norwood.mouth",1.28899422918384,5.08073619126134
2,2021-08-02 23:30:00,13.438,"norwood.mouth",1.39873913043478,4.97885956521739
2,2021-08-02 23:45:00,13.938,"norwood.mouth",1.17479338842975,4.45048760330578
2,2021-08-02 23:55:00,13.125,"norwood.mouth",1.55,4.486
2,2021-08-03 00:05:00,14,"norwood.mouth",1.14871244635193,4.06741201716738
2,2021-08-03 00:20:00,13.938,"norwood.mouth",1.12833020637899,3.90407363977486
2,2021-08-03 00:30:00,14.438,"norwood.mouth",0.990829297820823,3.71555447941889
2,2021-08-03 00:45:00,14.25,"norwood.mouth",0.99936,3.63142813333333
2,2021-08-03 00:55:00,14.25,"norwood.mouth",0.996662030598053,3.15664290681502
2,2021-08-03 01:05:00,13.562,"norwood.mouth",1.25302491103203,2.95164857651246
2,2021-08-03 01:20:00,14.25,"norwood.mouth",0.989948453608247,2.66684536082474
2,2021-08-03 01:30:00,14.312,"norwood.mouth",0.980317679558011,2.69881008287293
2,2021-08-03 01:45:00,13.75,"norwood.mouth",1.1369014084507,2.4963823943662
2,2021-08-03 01:55:00,13.75,"norwood.mouth",1.13932384341637,2.56566192170818
2,2021-08-03 02:05:00,13.562,"norwood.mouth",1.20019175455417,2.38811361457335
2,2021-08-03 02:20:00,14.562,"norwood.mouth",0.948229233741146,2.4143190598841
2,2021-08-03 02:30:00,13.438,"norwood.mouth",1.24142335766423,2.1722700729927
2,2021-08-03 02:45:00,13.562,"norwood.mouth",1.19891500904159,2.16102983725136
2,2021-08-03 02:55:00,14.688,"norwood.mouth",0.942255892255892,2.45838496071829
2,2021-08-03 03:05:00,13.562,"norwood.mouth",1.16516853932584,2.06568258426966
2,2021-08-03 03:20:00,15.25,"norwood.mouth",0.841973477578084,2.37963008201012
2,2021-08-03 03:30:00,15.188,"norwood.mouth",0.853251445086705,2.27768641618497
2,2021-08-03 03:45:00,14.938,"norwood.mouth",0.900832799487508,2.40929820627803
2,2021-08-03 03:55:00,14.125,"norwood.mouth",0.973889684813754,2.2144439469914
2,2021-08-03 04:05:00,15.062,"norwood.mouth",0.861606484893147,2.12919583640383
2,2021-08-03 04:20:00,14.375,"norwood.mouth",0.937955465587045,2.00612938596491
2,2021-08-03 04:30:00,15.188,"norwood.mouth",0.847257268239166,2.35380581459133
2,2021-08-03 04:45:00,14.562,"norwood.mouth",0.904,2.24966
2,2021-08-03 04:55:00,15.25,"norwood.mouth",0.846224277893147,2.36963998489711
2,2021-08-03 05:05:00,14.938,"norwood.mouth",0.861739130434782,2.23671956521739
2,2021-08-03 05:20:00,14.625,"norwood.mouth",0.906302816901408,2.06439436619718
2,2021-08-03 05:30:00,14.5,"norwood.mouth",0.918074656188605,2.06406434184676
2,2021-08-03 05:45:00,14.25,"norwood.mouth",0.943778801843318,1.988339093702
2,2021-08-03 05:55:00,14.875,"norwood.mouth",0.859853168469861,2.14429018547141
2,2021-08-03 06:05:00,14.375,"norwood.mouth",0.900862068965517,1.91154885057471
2,2021-08-03 06:20:00,13.875,"norwood.mouth",0.959903593339176,1.70804995617879
2,2021-08-03 06:30:00,14.5,"norwood.mouth",0.867956795679568,1.78916179117912
2,2021-08-03 06:45:00,14.312,"norwood.mouth",0.91986143187067,1.9377773287144
2,2021-08-03 06:55:00,14.625,"norwood.mouth",0.851056338028169,2.18960563380282
2,2021-08-03 07:05:00,14.688,"norwood.mouth",0.836105965172286,2.16917117450908
2,2021-08-03 07:20:00,14.062,"norwood.mouth",0.926497277676951,1.87266288566243
2,2021-08-03 07:30:00,14.625,"norwood.mouth",0.835065170166546,1.91701638305576
2,2021-08-03 07:45:00,14.75,"norwood.mouth",0.855529411764706,2.24421784313726
2,2021-08-03 07:55:00,14.938,"norwood.mouth",0.814723637049613,2.25949732754826
2,2021-08-03 08:05:00,13.812,"norwood.mouth",0.944819391634981,1.81001687262357
2,2021-08-03 08:20:00,13.875,"norwood.mouth",0.926868905742145,1.92007015167931
2,2021-08-03 08:30:00,14.625,"norwood.mouth",0.833505528366866,2.23795208748716
2,2021-08-03 08:45:00,14.375,"norwood.mouth",0.838588850174216,2.30055734610917
2,2021-08-03 08:55:00,13.812,"norwood.mouth",0.943913043478261,2.19260869565217
2,2021-08-03 09:05:00,14.188,"norwood.mouth",0.874120603015075,2.51456281407035
2,2021-08-03 09:20:00,13.938,"norwood.mouth",0.92493837304848,2.68103697617091
2,2021-08-03 09:30:00,13.812,"norwood.mouth",0.92535145267104,2.91433177132146
2,2021-08-03 09:45:00,13.5,"norwood.mouth",0.978919694072658,2.94696797323136
2,2021-08-03 09:55:00,13.875,"norwood.mouth",0.944386422976501,3.26388446475196
2,2021-08-03 10:05:00,14.5,"norwood.mouth",0.854909560723514,3.89380189491817
2,2021-08-03 10:20:00,13.125,"norwood.mouth",1.16835016835017,2.86520959595959
2,2021-08-03 10:30:00,13.375,"norwood.mouth",0.99412265758092,3.83280238500852
2,2021-08-03 10:45:00,13.625,"norwood.mouth",0.96530612244898,4.10406632653061
2,2021-08-03 10:55:00,13.188,"norwood.mouth",1.17323651452282,3.61693084370678
2,2021-08-03 11:05:00,13.25,"norwood.mouth",1.10092272202999,3.88137418300653
2,2021-08-03 11:20:00,13.438,"norwood.mouth",1.05601659751037,4.48499688796681
2,2021-08-03 11:30:00,13.25,"norwood.mouth",1.23616236162362,3.74598308733087
2,2021-08-03 11:45:00,13.562,"norwood.mouth",1.19878296146045,4.11404530087897
2,2021-08-03 11:55:00,12.812,"norwood.mouth",1.47294429708223,3.136
2,2021-08-03 12:05:00,13.812,"norwood.mouth",1.07768052516411,4.93780415754923
2,2021-08-03 12:20:00,13.312,"norwood.mouth",1.39290085679315,3.80749632802937
2,2021-08-03 12:30:00,14.312,"norwood.mouth",0.941272902603665,5.59056726133076
2,2021-08-03 12:45:00,14.312,"norwood.mouth",0.954102564102564,5.79774188034188
2,2021-08-03 12:55:00,13.812,"norwood.mouth",1.13914174252276,5.26544960988296
2,2021-08-03 13:05:00,14.375,"norwood.mouth",0.969645080946451,6.26901198630137
2,2021-08-03 13:20:00,14,"norwood.mouth",1.08680142687277,5.80903507728894
2,2021-08-03 13:30:00,14.75,"norwood.mouth",0.934945397815913,6.8736879875195
2,2021-08-03 13:45:00,14.125,"norwood.mouth",1.02675386444709,6.84602051129608
2,2021-08-03 13:55:00,14.188,"norwood.mouth",1.00346820809249,7.0536661849711
2,2021-08-03 14:05:00,14.375,"norwood.mouth",0.991212956581668,7.18550895933839
2,2021-08-03 14:20:00,14.188,"norwood.mouth",1.07959401709402,7.01454344729345
2,2021-08-03 14:30:00,13.875,"norwood.mouth",1.27134146341463,6.66548983739837
2,2021-08-03 14:45:00,14.312,"norwood.mouth",1.08001893939394,7.69641950757576
2,2021-08-03 14:55:00,13.188,"norwood.mouth",1.55,6.192
2,2021-08-03 15:05:00,13.812,"norwood.mouth",1.32845744680851,6.88590602836879
2,2021-08-03 15:20:00,14.188,"norwood.mouth",1.15787037037037,7.67311265432099
2,2021-08-03 15:30:00,14.188,"norwood.mouth",1.18967013888889,7.75010054976852
2,2021-08-03 15:45:00,14.312,"norwood.mouth",1.16041666666667,7.96648611111111
2,2021-08-03 15:55:00,13.375,"norwood.mouth",1.55,7.193
2,2021-08-03 16:05:00,13.688,"norwood.mouth",1.43464566929134,7.37456496062992
2,2021-08-03 16:20:00,13.5,"norwood.mouth",1.55,7.49
2,2021-08-03 16:30:00,13.688,"norwood.mouth",1.44409448818898,7.64292125984252
2,2021-08-03 16:45:00,13.562,"norwood.mouth",1.55,7.779
2,2021-08-03 16:55:00,13.938,"norwood.mouth",1.33534812547819,8.22144644223412
2,2021-08-03 17:05:00,12.75,"norwood.mouth",1.55,7.899
2,2021-08-03 17:20:00,13.312,"norwood.mouth",1.55,8.046
2,2021-08-03 17:30:00,13.25,"norwood.mouth",1.55,8.205
2,2021-08-03 17:45:00,13.75,"norwood.mouth",1.42606717984605,8.41919524142757
2,2021-08-03 17:55:00,12.938,"norwood.mouth",1.55,8.393
2,2021-08-03 18:05:00,12.875,"norwood.mouth",1.55,8.446
2,2021-08-03 18:20:00,12.625,"norwood.mouth",1.55,8.549
2,2021-08-03 18:30:00,12.812,"norwood.mouth",1.55,8.616
2,2021-08-03 18:45:00,13.125,"norwood.mouth",1.55,8.671
2,2021-08-03 18:55:00,12.688,"norwood.mouth",1.55,8.685
2,2021-08-03 19:05:00,13.062,"norwood.mouth",1.55,8.683
2,2021-08-03 19:20:00,13.375,"norwood.mouth",1.55,8.6
2,2021-08-03 19:30:00,13.25,"norwood.mouth",1.55,8.592
2,2021-08-03 19:45:00,13.062,"norwood.mouth",1.55,8.527
2,2021-08-03 19:55:00,13,"norwood.mouth",1.55,8.443
2,2021-08-03 20:05:00,12.812,"norwood.mouth",1.55,8.385
2,2021-08-03 20:20:00,12.688,"norwood.mouth",1.55,8.206
2,2021-08-03 20:30:00,12.625,"norwood.mouth",1.55,8.106
2,2021-08-03 20:45:00,12.625,"norwood.mouth",1.55,7.942
2,2021-08-03 20:55:00,12.625,"norwood.mouth",1.55,7.822
2,2021-08-03 21:05:00,12.625,"norwood.mouth",1.55,7.674
2,2021-08-03 21:20:00,12.688,"norwood.mouth",1.55,7.418
2,2021-08-03 21:30:00,12.5,"norwood.mouth",1.55,7.219
2,2021-08-03 21:45:00,13,"norwood.mouth",1.55,6.866
2,2021-08-03 21:55:00,13.625,"norwood.mouth",1.39044609665427,6.68457583643123
2,2021-08-03 22:05:00,13.688,"norwood.mouth",1.35215798045603,6.48328298045603
2,2021-08-03 22:20:00,13,"norwood.mouth",1.55,6.084
2,2021-08-03 22:30:00,14,"norwood.mouth",1.22076138147567,5.84452452904239
2,2021-08-03 22:45:00,14.438,"norwood.mouth",1.00767431972789,5.5066860473356
2,2021-08-03 22:55:00,14.688,"norwood.mouth",0.986122345803842,5.24025985844287
2,2021-08-03 23:05:00,14.812,"norwood.mouth",0.974529867256637,4.8766798949115
2,2021-08-03 23:20:00,13.875,"norwood.mouth",1.22358044164038,4.6336403785489
2,2021-08-03 23:30:00,14.375,"norwood.mouth",1.02151690024732,4.62753668590272
2,2021-08-03 23:45:00,14.125,"norwood.mouth",1.12361111111111,4.19800694444444
2,2021-08-03 23:55:00,14.625,"norwood.mouth",0.976821955719557,4.14603505535055
2,2021-08-04 00:05:00,14,"norwood.mouth",1.13605527638191,3.89828706030151
2,2021-08-04 00:20:00,14.375,"norwood.mouth",0.995343511450382,3.72829109414758
2,2021-08-04 00:30:00,13.562,"norwood.mouth",1.27806080525883,3.3777849219392
2,2021-08-04 00:45:00,13.625,"norwood.mouth",1.25396447140381,3.11988037983824
2,2021-08-04 00:55:00,12.812,"norwood.mouth",1.55,2.901
2,2021-08-04 01:05:00,14.312,"norwood.mouth",0.99218836565097,3.11133005540166
2,2021-08-04 01:20:00,14.25,"norwood.mouth",0.987993680884676,3.03271656134808
2,2021-08-04 01:30:00,14.25,"norwood.mouth",0.988850174216028,2.80542334494774
2,2021-08-04 01:45:00,13.312,"norwood.mouth",1.372,2.30475
2,2021-08-04 01:55:00,14.25,"norwood.mouth",0.993243243243243,2.64918018018018
2,2021-08-04 02:05:00,14.562,"norwood.mouth",0.956532066508314,2.62507779097387
2,2021-08-04 02:20:00,15.25,"norwood.mouth",0.87813134732566,2.62078825321598
2,2021-08-04 02:30:00,14.688,"norwood.mouth",0.94,2.3342
2,2021-08-04 02:45:00,15.25,"norwood.mouth",0.874059405940594,2.19626138613861
2,2021-08-04 02:55:00,15.625,"norwood.mouth",0.862355848434926,2.42103377265239
2,2021-08-04 03:05:00,14.938,"norwood.mouth",0.914090909090909,2.27165909090909
2,2021-08-04 03:20:00,14.625,"norwood.mouth",0.933663704716336,2.07777922077922
2,2021-08-04 03:30:00,14.562,"norwood.mouth",0.925601750547046,2.01092159008023
2,2021-08-04 03:45:00,14.688,"norwood.mouth",0.917330677290837,1.99146281540505
2,2021-08-04 03:55:00,13.75,"norwood.mouth",1.00549898167006,1.86068075356415
2,2021-08-04 04:05:00,15.438,"norwood.mouth",0.86685393258427,2.12480337078652
2,2021-08-04 04:20:00,15.062,"norwood.mouth",0.884601975595584,2.28264497385241
2,2021-08-04 04:30:00,14.625,"norwood.mouth",0.920485257985258,2.13815863022113
2,2021-08-04 04:45:00,14.75,"norwood.mouth",0.894144838212635,2.54692295839754
2,2021-08-04 04:55:00,14.125,"norwood.mouth",0.955637886597938,2.12802593427835
2,2021-08-04 05:05:00,14.312,"norwood.mouth",0.93255033557047,2.07330536912752
2,2021-08-04 05:20:00,13.688,"norwood.mouth",1.00087124878993,1.77608155856728
2,2021-08-04 05:30:00,14.75,"norwood.mouth",0.884013377926421,1.95471471571906
2,2021-08-04 05:45:00,14.25,"norwood.mouth",0.944969199178645,1.89798186173854
2,2021-08-04 05:55:00,14.25,"norwood.mouth",0.93096926713948,1.86639361702128
2,2021-08-04 06:05:00,14.688,"norwood.mouth",0.900356506238859,1.88747459893048
2,2021-08-04 06:20:00,14.125,"norwood.mouth",0.925533596837945,2.00683814229249
2,2021-08-04 06:30:00,14.312,"norwood.mouth",0.926734693877551,2.11355918367347
2,2021-08-04 06:45:00,13.688,"norwood.mouth",0.991463414634146,1.79768292682927
2,2021-08-04 06:55:00,14.062,"norwood.mouth",0.933477237048666,1.84710655416013
2,2021-08-04 07:05:00,13.812,"norwood.mouth",0.960824345146379,1.97702850539291
2,2021-08-04 07:20:00,14.438,"norwood.mouth",0.869982471516214,1.83713234005259
2,2021-08-04 07:30:00,14.5,"norwood.mouth",0.847884084636615,1.86359536951855
2,2021-08-04 07:45:00,14.188,"norwood.mouth",0.90181598062954,1.94003631961259
2,2021-08-04 07:55:00,13.75,"norwood.mouth",0.949760076775432,1.90768450095969
2,2021-08-04 08:05:00,14.25,"norwood.mouth",0.906061692969871,2.15283572453372
2,2021-08-04 08:20:00,13.938,"norwood.mouth",0.939299171062547,2.01812358703843
2,2021-08-04 08:30:00,13.562,"norwood.mouth",0.971238532110092,2.09968096330275
2,2021-08-04 08:45:00,13.938,"norwood.mouth",0.926442307692308,2.08513942307692
2,2021-08-04 08:55:00,13.812,"norwood.mouth",0.952302631578947,2.21975493421053
2,2021-08-04 09:05:00,13.375,"norwood.mouth",1.00112107623318,2.11095291479821
2,2021-08-04 09:20:00,13.375,"norwood.mouth",0.985286783042394,2.43597277639235
2,2021-08-04 09:30:00,13.375,"norwood.mouth",0.984025270758123,2.51029828519856
2,2021-08-04 09:45:00,13,"norwood.mouth",1.22477578475336,2.09874981315396
2,2021-08-04 09:55:00,12.938,"norwood.mouth",1.24591194968553,2.06452882599581
2,2021-08-04 10:05:00,12.562,"norwood.mouth",1.49315068493151,1.34
2,2021-08-04 10:20:00,12.812,"norwood.mouth",1.30967336683417,2.13589886934673
2,2021-08-04 10:30:00,12.938,"norwood.mouth",1.23841463414634,2.48521443089431
2,2021-08-04 10:45:00,12.438,"norwood.mouth",1.55,1.62
2,2021-08-04 10:55:00,12.125,"norwood.mouth",1.55,1.659
2,2021-08-04 11:05:00,11.938,"norwood.mouth",1.55,1.75
2,2021-08-04 11:20:00,12.188,"norwood.mouth",1.55,1.934
2,2021-08-04 11:30:00,12.75,"norwood.mouth",1.45141700404858,2.147
2,2021-08-04 11:45:00,11.562,"norwood.mouth",1.55,2.543
2,2021-08-04 11:55:00,11.25,"norwood.mouth",1.55,3.841
2,2021-08-04 12:05:00,11.188,"norwood.mouth",1.55,3.113
2,2021-08-04 12:20:00,11.25,"norwood.mouth",1.55,3.256
2,2021-08-04 12:30:00,11.438,"norwood.mouth",1.55,3.428
2,2021-08-04 12:45:00,11.5,"norwood.mouth",1.55,3.697
2,2021-08-04 12:55:00,11.562,"norwood.mouth",1.55,3.918
2,2021-08-04 13:05:00,11.625,"norwood.mouth",1.55,4.064
2,2021-08-04 13:20:00,11.625,"norwood.mouth",1.55,4.266
2,2021-08-04 13:30:00,11.75,"norwood.mouth",1.55,4.362
2,2021-08-04 13:45:00,11.875,"norwood.mouth",1.55,4.574
2,2021-08-04 13:55:00,12.5,"norwood.mouth",1.55,4.716
2,2021-08-04 14:05:00,12.375,"norwood.mouth",1.55,4.899
2,2021-08-04 14:20:00,12.625,"norwood.mouth",1.55,5.261
2,2021-08-04 14:30:00,13.5,"norwood.mouth",1.453125,5.378
2,2021-08-04 14:45:00,12.562,"norwood.mouth",1.55,5.671
2,2021-08-04 14:55:00,13.062,"norwood.mouth",1.55,5.846
2,2021-08-04 15:05:00,12.375,"norwood.mouth",1.55,6.005
2,2021-08-04 15:20:00,12.438,"norwood.mouth",1.55,6.266
2,2021-08-04 15:30:00,12.688,"norwood.mouth",1.55,6.496
2,2021-08-04 15:45:00,13.062,"norwood.mouth",1.55,6.645
2,2021-08-04 15:55:00,13.312,"norwood.mouth",1.55,6.873
2,2021-08-04 16:05:00,13.062,"norwood.mouth",1.55,6.993
2,2021-08-04 16:20:00,14.188,"norwood.mouth",1.29448818897638,7.91883989501312
2,2021-08-04 16:30:00,12.875,"norwood.mouth",1.55,7.342
2,2021-08-04 16:45:00,12.875,"norwood.mouth",1.55,7.547
2,2021-08-04 16:55:00,13,"norwood.mouth",1.55,7.728
2,2021-08-04 17:05:00,12.812,"norwood.mouth",1.55,7.865
2,2021-08-04 17:20:00,13,"norwood.mouth",1.55,8.052
2,2021-08-04 17:30:00,12.875,"norwood.mouth",1.55,8.16
2,2021-08-04 17:45:00,12.938,"norwood.mouth",1.55,8.36
2,2021-08-04 17:55:00,12.938,"norwood.mouth",1.55,8.509
2,2021-08-04 18:05:00,13,"norwood.mouth",1.55,8.579
2,2021-08-04 18:20:00,12.938,"norwood.mouth",1.55,8.62
2,2021-08-04 18:30:00,13,"norwood.mouth",1.55,8.681
2,2021-08-04 18:45:00,13.312,"norwood.mouth",1.55,8.723
2,2021-08-04 18:55:00,12.938,"norwood.mouth",1.55,8.763
2,2021-08-04 19:05:00,12.688,"norwood.mouth",1.55,8.769
2,2021-08-04 19:20:00,12.812,"norwood.mouth",1.55,8.691
2,2021-08-04 19:30:00,12.875,"norwood.mouth",1.55,8.677
2,2021-08-04 19:45:00,12.812,"norwood.mouth",1.55,8.607
2,2021-08-04 19:55:00,12.812,"norwood.mouth",1.55,8.494
2,2021-08-04 20:05:00,12.875,"norwood.mouth",1.55,8.454
2,2021-08-04 20:20:00,12.625,"norwood.mouth",1.55,8.405
2,2021-08-04 20:30:00,12.562,"norwood.mouth",1.55,8.311
2,2021-08-04 20:45:00,12.688,"norwood.mouth",1.55,8.114
2,2021-08-04 20:55:00,12.625,"norwood.mouth",1.55,8.006
2,2021-08-04 21:05:00,12.562,"norwood.mouth",1.55,7.851
2,2021-08-04 21:20:00,12.438,"norwood.mouth",1.55,7.575
2,2021-08-04 21:30:00,12.5,"norwood.mouth",1.55,7.412
2,2021-08-04 21:45:00,12.5,"norwood.mouth",1.55,7.092
2,2021-08-04 21:55:00,12.625,"norwood.mouth",1.55,6.911
2,2021-08-04 22:05:00,12.688,"norwood.mouth",1.55,6.661
2,2021-08-04 22:20:00,12.875,"norwood.mouth",1.55,6.36
2,2021-08-04 22:30:00,13,"norwood.mouth",1.55,6.144
2,2021-08-04 22:45:00,12.938,"norwood.mouth",1.55,5.805
2,2021-08-04 22:55:00,13.25,"norwood.mouth",1.49453125,5.586
2,2021-08-04 23:05:00,13.375,"norwood.mouth",1.44083333333333,5.29915555555556
2,2021-08-04 23:20:00,14,"norwood.mouth",1.16369047619048,4.72230456349206
2,2021-08-04 23:30:00,13.625,"norwood.mouth",1.3202614379085,4.6977788671024
2,2021-08-04 23:45:00,13.562,"norwood.mouth",1.34237421383648,4.42138561320755
2,2021-08-04 23:55:00,13.375,"norwood.mouth",1.41426282051282,4.18077430555556
2,2021-08-05 00:05:00,13.125,"norwood.mouth",1.4910447761194,4.001
2,2021-08-05 00:20:00,13.5,"norwood.mouth",1.33860232945092,3.6329943150305
2,2021-08-05 00:30:00,13.438,"norwood.mouth",1.35440931780366,3.48477953410982
2,2021-08-05 00:45:00,13.562,"norwood.mouth",1.29513343799058,3.33207783882784
2,2021-08-05 00:55:00,13.875,"norwood.mouth",1.17174721189591,3.16327230483271
2,2021-08-05 01:05:00,14.812,"norwood.mouth",0.966182682154171,3.54695974128828
2,2021-08-05 01:20:00,14.188,"norwood.mouth",1.06951305575159,3.14546247941661
2,2021-08-05 01:30:00,14.125,"norwood.mouth",1.0832745236415,2.98289537755822
2,2021-08-05 01:45:00,14.188,"norwood.mouth",1.02950075642965,2.84906164901664
2,2021-08-05 01:55:00,14.625,"norwood.mouth",0.953361344537815,2.79040756302521
2,2021-08-05 02:05:00,14.625,"norwood.mouth",0.949214454045562,2.74977729772192
2,2021-08-05 02:20:00,15.438,"norwood.mouth",0.882260024301337,2.84483566221142
2,2021-08-05 02:30:00,14.938,"norwood.mouth",0.917557251908397,2.71340458015267
2,2021-08-05 02:45:00,14.812,"norwood.mouth",0.928022670025189,2.61097134760705
2,2021-08-05 02:55:00,15.375,"norwood.mouth",0.858942512420156,2.59030447125621
2,2021-08-05 03:05:00,14.625,"norwood.mouth",0.940810276679842,2.56559025032938
2,2021-08-05 03:20:00,14.875,"norwood.mouth",0.913639281129653,2.43916126444159
2,2021-08-05 03:30:00,15.5,"norwood.mouth",0.849381406857547,2.30944155767645
2,2021-08-05 03:45:00,15.25,"norwood.mouth",0.881565513329552,2.49844980147476
2,2021-08-05 03:55:00,14.562,"norwood.mouth",0.938321405335068,2.13832075471698
2,2021-08-05 04:05:00,15.625,"norwood.mouth",0.856483921982077,2.48964891934634
2,2021-08-05 04:20:00,15.5,"norwood.mouth",0.841626148028093,2.2895642895732
2,2021-08-05 04:30:00,14.75,"norwood.mouth",0.918456973293769,2.13497195845697
2,2021-08-05 04:45:00,15.062,"norwood.mouth",0.877174623937214,2.32472482014388
2,2021-08-05 04:55:00,15.125,"norwood.mouth",0.867412451361868,2.26447616731518
2,2021-08-05 05:05:00,14.375,"norwood.mouth",0.944608150470219,2.18931379310345
2,2021-08-05 05:20:00,14.875,"norwood.mouth",0.888674934725848,2.09875130548303
2,2021-08-05 05:30:00,14.562,"norwood.mouth",0.913014827018122,1.95760955518946
2,2021-08-05 05:45:00,14.312,"norwood.mouth",0.958171206225681,2.26669520103761
2,2021-08-05 05:55:00,14.562,"norwood.mouth",0.924105011933174,2.17253818615752
2,2021-08-05 06:05:00,14.875,"norwood.mouth",0.887344827586207,2.11998655172414
2,2021-08-05 06:20:00,15.188,"norwood.mouth",0.873867403314917,2.71687403314917
2,2021-08-05 06:30:00,14.312,"norwood.mouth",0.931759656652361,2.05164055793991
2,2021-08-05 06:45:00,15.438,"norwood.mouth",0.809789240155297,2.35050378997966
2,2021-08-05 06:55:00,15.5,"norwood.mouth",0.83548679701673,2.66827615400121
2,2021-08-05 07:05:00,15.812,"norwood.mouth",0.782391995511502,2.83580783616981
2,2021-08-05 07:20:00,15.812,"norwood.mouth",0.760980036297641,2.85764609800363
2,2021-08-05 07:30:00,15.375,"norwood.mouth",0.7993206022769,2.56209731913331
2,2021-08-05 07:45:00,14.75,"norwood.mouth",0.847158570119157,2.03164222425909
2,2021-08-05 07:55:00,14.5,"norwood.mouth",0.882546036829464,1.96931825460368
2,2021-08-05 08:05:00,15,"norwood.mouth",0.830056444026341,2.4220611476952
2,2021-08-05 08:20:00,14.688,"norwood.mouth",0.85744920993228,2.2420835214447
2,2021-08-05 08:30:00,14.375,"norwood.mouth",0.880352644836272,2.20467590260285
2,2021-08-05 08:45:00,14.875,"norwood.mouth",0.836814646177196,2.52609858976791
2,2021-08-05 08:55:00,14.875,"norwood.mouth",0.82064596716631,2.90373837140138
2,2021-08-05 09:05:00,14.5,"norwood.mouth",0.862931034482759,3.02989224137931
2,2021-08-05 09:20:00,15,"norwood.mouth",0.813772123893805,3.42682171828909
2,2021-08-05 09:30:00,14.438,"norwood.mouth",0.895751138088012,3.36582738998483
2,2021-08-05 09:45:00,14.312,"norwood.mouth",0.89301652892562,3.35835454545454
2,2021-08-05 09:55:00,13.375,"norwood.mouth",1.05218317358892,2.92252547035854
2,2021-08-05 10:05:00,13.5,"norwood.mouth",1.02327935222672,3.49475303643725
2,2021-08-05 10:20:00,13.125,"norwood.mouth",1.20591286307054,3.10097493084371
2,2021-08-05 10:30:00,13.625,"norwood.mouth",0.980775716694772,4.10120151770658
2,2021-08-05 10:45:00,12.938,"norwood.mouth",1.28675645342312,2.97594566030677
2,2021-08-05 10:55:00,12.875,"norwood.mouth",1.33557800224467,2.80292283950617
2,2021-08-05 11:05:00,13.188,"norwood.mouth",1.18231441048035,3.57413828238719
2,2021-08-05 11:20:00,12.938,"norwood.mouth",1.2973137973138,3.36454599104599
2,2021-08-05 11:30:00,12.375,"norwood.mouth",1.55,2.704
2,2021-08-05 11:45:00,13.125,"norwood.mouth",1.21670305676856,4.22535443959243
2,2021-08-05 11:55:00,12.438,"norwood.mouth",1.55,3.05
2,2021-08-05 12:05:00,12.562,"norwood.mouth",1.47733333333333,3.203
2,2021-08-05 12:20:00,12.125,"norwood.mouth",1.55,3.369
2,2021-08-05 12:30:00,12,"norwood.mouth",1.55,3.51
2,2021-08-05 12:45:00,12.188,"norwood.mouth",1.55,3.712
2,2021-08-05 12:55:00,12.312,"norwood.mouth",1.55,3.829
2,2021-08-05 13:05:00,11.688,"norwood.mouth",1.55,3.943
2,2021-08-05 13:20:00,11.75,"norwood.mouth",1.55,4.095
2,2021-08-05 13:30:00,11.75,"norwood.mouth",1.55,4.19
2,2021-08-05 13:45:00,11.938,"norwood.mouth",1.55,4.461
2,2021-08-05 13:55:00,12,"norwood.mouth",1.55,4.646
2,2021-08-05 14:05:00,12.062,"norwood.mouth",1.55,4.772
2,2021-08-05 14:20:00,11.938,"norwood.mouth",1.55,5.133
2,2021-08-05 14:30:00,11.812,"norwood.mouth",1.55,5.357
2,2021-08-05 14:45:00,12.5,"norwood.mouth",1.55,5.668
2,2021-08-05 14:55:00,12.25,"norwood.mouth",1.55,5.734
2,2021-08-05 15:05:00,12.562,"norwood.mouth",1.55,5.829
2,2021-08-05 15:20:00,12.5,"norwood.mouth",1.55,6.014
2,2021-08-05 15:30:00,12.688,"norwood.mouth",1.55,6.008
2,2021-08-05 15:45:00,12.812,"norwood.mouth",1.46746987951807,6.3
2,2021-08-05 15:55:00,13.062,"norwood.mouth",1.42992874109264,6.51264944576405
2,2021-08-05 16:05:00,12.75,"norwood.mouth",1.55,6.558
2,2021-08-05 16:20:00,12.562,"norwood.mouth",1.55,6.773
2,2021-08-05 16:30:00,13.125,"norwood.mouth",1.40821501014199,6.98353820148749
2,2021-08-05 16:45:00,12.25,"norwood.mouth",1.55,6.973
2,2021-08-05 16:55:00,12.188,"norwood.mouth",1.55,7.1
2,2021-08-05 17:05:00,12.188,"norwood.mouth",1.55,7.221
2,2021-08-05 17:20:00,12.5,"norwood.mouth",1.55,7.417
2,2021-08-05 17:30:00,12.25,"norwood.mouth",1.55,7.229
2,2021-08-05 17:45:00,12.562,"norwood.mouth",1.55,7.692
2,2021-08-05 17:55:00,12.438,"norwood.mouth",1.55,7.747
2,2021-08-05 18:05:00,12.188,"norwood.mouth",1.55,7.813
2,2021-08-05 18:20:00,12.125,"norwood.mouth",1.55,7.828
2,2021-08-05 18:30:00,12.125,"norwood.mouth",1.55,7.877
2,2021-08-05 18:45:00,12.188,"norwood.mouth",1.55,7.878
2,2021-08-05 18:55:00,12,"norwood.mouth",1.55,7.942
2,2021-08-05 19:05:00,11.938,"norwood.mouth",1.55,7.965
2,2021-08-05 19:20:00,12,"norwood.mouth",1.55,7.899
2,2021-08-05 19:30:00,12,"norwood.mouth",1.55,7.855
2,2021-08-05 19:45:00,12,"norwood.mouth",1.55,7.883
2,2021-08-05 19:55:00,12.25,"norwood.mouth",1.55,7.867
2,2021-08-05 20:05:00,11.875,"norwood.mouth",1.55,7.793
2,2021-08-05 20:20:00,11.812,"norwood.mouth",1.55,7.615
2,2021-08-05 20:30:00,11.812,"norwood.mouth",1.55,7.483
2,2021-08-05 20:45:00,11.938,"norwood.mouth",1.55,7.155
2,2021-08-05 20:55:00,12,"norwood.mouth",1.55,7.016
2,2021-08-05 21:05:00,11.938,"norwood.mouth",1.55,6.837
2,2021-08-05 21:20:00,12.438,"norwood.mouth",1.55,6.621
2,2021-08-05 21:30:00,12,"norwood.mouth",1.55,6.505
2,2021-08-05 21:45:00,12.312,"norwood.mouth",1.55,6.268
2,2021-08-05 21:55:00,12.25,"norwood.mouth",1.55,6.327
2,2021-08-05 22:05:00,12.812,"norwood.mouth",1.47866205305652,6.185
2,2021-08-05 22:20:00,12.125,"norwood.mouth",1.55,5.963
2,2021-08-05 22:30:00,12.625,"norwood.mouth",1.55,5.789
2,2021-08-05 22:45:00,13,"norwood.mouth",1.37685459940653,5.57539614243323
2,2021-08-05 22:55:00,13.375,"norwood.mouth",1.20083102493075,5.61977354570637
2,2021-08-05 23:05:00,13.062,"norwood.mouth",1.3486901535682,5.22712646793135
2,2021-08-05 23:20:00,13.312,"norwood.mouth",1.22991689750693,5.1077188365651
2,2021-08-05 23:30:00,12.625,"norwood.mouth",1.55,4.565
2,2021-08-05 23:45:00,12.375,"norwood.mouth",1.55,4.384
2,2021-08-05 23:55:00,12.625,"norwood.mouth",1.55,4.179
2,2021-08-06 00:05:00,12.062,"norwood.mouth",1.55,4.021
2,2021-08-06 00:20:00,11.875,"norwood.mouth",1.55,3.86
2,2021-08-06 00:30:00,11.875,"norwood.mouth",1.55,3.592
2,2021-08-06 00:45:00,11.75,"norwood.mouth",1.55,3.409
2,2021-08-06 00:55:00,11.812,"norwood.mouth",1.55,3.32
2,2021-08-06 01:05:00,11.688,"norwood.mouth",1.55,3.132
2,2021-08-06 01:20:00,13,"norwood.mouth",1.36182108626198,2.98892971246006
2,2021-08-06 01:30:00,11.938,"norwood.mouth",1.55,2.725
2,2021-08-06 01:45:00,13,"norwood.mouth",1.31113537117904,2.71549344978166
2,2021-08-06 01:55:00,13.188,"norwood.mouth",1.23069498069498,2.72728314028314
2,2021-08-06 02:05:00,12.688,"norwood.mouth",1.45271049596309,2.356
2,2021-08-06 02:20:00,13.312,"norwood.mouth",1.13381742738589,2.74526556016597
2,2021-08-06 02:30:00,12.375,"norwood.mouth",1.55,2.056
2,2021-08-06 02:45:00,12.875,"norwood.mouth",1.34802904564315,2.1298310857538
2,2021-08-06 02:55:00,13.25,"norwood.mouth",1.15352697095436,2.4043571922545
2,2021-08-06 03:05:00,12.625,"norwood.mouth",1.47586980920314,1.808
2,2021-08-06 03:20:00,12.562,"norwood.mouth",1.49830508474576,1.692
2,2021-08-06 03:30:00,13.312,"norwood.mouth",1.08363858363858,2.35005006105006
2,2021-08-06 03:45:00,13.562,"norwood.mouth",0.979056603773585,2.41664150943396
2,2021-08-06 03:55:00,13,"norwood.mouth",1.22021419009371,1.87342280232039
2,2021-08-06 04:05:00,13.188,"norwood.mouth",1.18873517786561,2.10119960474308
2,2021-08-06 04:20:00,12.938,"norwood.mouth",1.25356679636835,1.65940272373541
2,2021-08-06 04:30:00,12.812,"norwood.mouth",1.31524390243903,1.42848577235772
2,2021-08-06 04:45:00,13.5,"norwood.mouth",0.975454545454546,2.01456363636364
2,2021-08-06 04:55:00,13.438,"norwood.mouth",0.983107535986452,2.06835478408129
2,2021-08-06 05:05:00,12.812,"norwood.mouth",1.31163594470046,1.37602995391705
2,2021-08-06 05:20:00,13.25,"norwood.mouth",1.01890243902439,1.93709044715447
2,2021-08-06 05:30:00,13.125,"norwood.mouth",1.15560165975104,1.58209024896265
2,2021-08-06 05:45:00,13.188,"norwood.mouth",1.06739631336405,1.68836693548387
2,2021-08-06 05:55:00,13.688,"norwood.mouth",0.964869281045752,1.97765005446623
2,2021-08-06 06:05:00,13.75,"norwood.mouth",0.913641425389755,1.71117371937639
2,2021-08-06 06:20:00,13.812,"norwood.mouth",0.912537764350453,1.76266616314199
2,2021-08-06 06:30:00,13.562,"norwood.mouth",0.942525125628141,1.61904396984925
2,2021-08-06 06:45:00,13.375,"norwood.mouth",0.975730994152047,1.50958382066277
2,2021-08-06 06:55:00,13.438,"norwood.mouth",0.965970515970516,1.55092628992629
2,2021-08-06 07:05:00,13.5,"norwood.mouth",0.951479007633588,1.67956607824427
2,2021-08-06 07:20:00,14,"norwood.mouth",0.868061926605505,1.67118463302752
2,2021-08-06 07:30:00,13.688,"norwood.mouth",0.925092024539877,1.65123067484663
2,2021-08-06 07:45:00,14.125,"norwood.mouth",0.847834560415764,1.77838371589433
2,2021-08-06 07:55:00,14.188,"norwood.mouth",0.849449339207048,1.77840381791483
2,2021-08-06 08:05:00,13.688,"norwood.mouth",0.913091482649842,1.73030494216614
2,2021-08-06 08:20:00,14.5,"norwood.mouth",0.820642201834862,2.39318960244648
2,2021-08-06 08:30:00,13.438,"norwood.mouth",0.961973947895791,1.85560546092184
2,2021-08-06 08:45:00,13.188,"norwood.mouth",1.07128412537917,1.98938043478261
2,2021-08-06 08:55:00,14.312,"norwood.mouth",0.820150862068966,2.67191109913793
2,2021-08-06 09:05:00,13.75,"norwood.mouth",0.917666232073012,2.42524771838331
2,2021-08-06 09:20:00,13.562,"norwood.mouth",0.923775510204082,2.44550459183673
2,2021-08-06 09:30:00,12.875,"norwood.mouth",1.22952477249747,2.0531734074823
2,2021-08-06 09:45:00,13.938,"norwood.mouth",0.8617903930131,3.04827729257642
2,2021-08-06 09:55:00,13,"norwood.mouth",1.175,2.43804166666667
2,2021-08-06 10:05:00,12.562,"norwood.mouth",1.39751184834123,1.70302231437599
2,2021-08-06 10:20:00,12.5,"norwood.mouth",1.44845971563981,1.83117535545024
2,2021-08-06 10:30:00,12.25,"norwood.mouth",1.55,1.879
2,2021-08-06 10:45:00,12.312,"norwood.mouth",1.55,2.066
2,2021-08-06 10:55:00,12.812,"norwood.mouth",1.29781105990783,2.84746601382488
2,2021-08-06 11:05:00,12.812,"norwood.mouth",1.30060975609756,3.01353455284553
2,2021-08-06 11:20:00,12,"norwood.mouth",1.55,2.746
2,2021-08-06 11:30:00,12.312,"norwood.mouth",1.55,2.906
2,2021-08-06 11:45:00,12.438,"norwood.mouth",1.55,3.152
2,2021-08-06 11:55:00,12.375,"norwood.mouth",1.55,3.358
2,2021-08-06 12:05:00,12.188,"norwood.mouth",1.55,3.582
2,2021-08-06 12:20:00,11.688,"norwood.mouth",1.55,3.857
2,2021-08-06 12:30:00,12.062,"norwood.mouth",1.55,4.006
2,2021-08-06 12:45:00,12,"norwood.mouth",1.55,4.394
2,2021-08-06 12:55:00,11.875,"norwood.mouth",1.55,4.625
2,2021-08-06 13:05:00,11.75,"norwood.mouth",1.55,4.714
2,2021-08-06 13:20:00,11.812,"norwood.mouth",1.55,4.968
2,2021-08-06 13:30:00,11.875,"norwood.mouth",1.55,4.745
2,2021-08-06 13:45:00,11.938,"norwood.mouth",1.55,1.089
2,2021-08-06 13:55:00,11.875,"norwood.mouth",1.55,4.811
2,2021-08-06 14:05:00,11.938,"norwood.mouth",1.55,5.394
2,2021-08-06 14:20:00,11.875,"norwood.mouth",1.55,5.801
2,2021-08-06 14:30:00,11.875,"norwood.mouth",1.55,5.96
2,2021-08-06 14:45:00,11.938,"norwood.mouth",1.55,6.232
2,2021-08-06 14:55:00,12.25,"norwood.mouth",1.55,6.493
2,2021-08-06 15:05:00,12.125,"norwood.mouth",1.55,6.515
2,2021-08-06 15:20:00,12.312,"norwood.mouth",1.55,6.672
2,2021-08-06 15:30:00,12.312,"norwood.mouth",1.55,7.033
2,2021-08-06 15:45:00,12.25,"norwood.mouth",1.55,7.261
2,2021-08-06 15:55:00,12.688,"norwood.mouth",1.55,7.472
2,2021-08-06 16:05:00,12.562,"norwood.mouth",1.55,7.623
2,2021-08-06 16:20:00,12.438,"norwood.mouth",1.55,7.687
2,2021-08-06 16:30:00,12.438,"norwood.mouth",1.55,7.8
2,2021-08-06 16:45:00,12.562,"norwood.mouth",1.55,7.926
2,2021-08-06 16:55:00,12.375,"norwood.mouth",1.55,8.078
2,2021-08-06 17:05:00,12.562,"norwood.mouth",1.55,8.122
2,2021-08-06 17:20:00,12.562,"norwood.mouth",1.55,8.317
2,2021-08-06 17:30:00,12.5,"norwood.mouth",1.55,8.423
2,2021-08-06 17:45:00,12.438,"norwood.mouth",1.55,8.612
2,2021-08-06 17:55:00,12.5,"norwood.mouth",1.55,8.721
2,2021-08-06 18:05:00,12.5,"norwood.mouth",1.55,8.836
2,2021-08-06 18:20:00,12.5,"norwood.mouth",1.55,8.778
2,2021-08-06 18:30:00,12.5,"norwood.mouth",1.55,8.944
2,2021-08-06 18:45:00,12.5,"norwood.mouth",1.55,8.932
2,2021-08-06 18:55:00,12.5,"norwood.mouth",1.55,8.97
2,2021-08-06 19:05:00,12.5,"norwood.mouth",1.55,9.001
2,2021-08-06 19:20:00,12.438,"norwood.mouth",1.55,9.02
2,2021-08-06 19:30:00,12.5,"norwood.mouth",1.55,8.951
2,2021-08-06 19:45:00,12.688,"norwood.mouth",1.55,8.863
2,2021-08-06 19:55:00,12.5,"norwood.mouth",1.55,8.755
2,2021-08-06 20:05:00,12.562,"norwood.mouth",1.55,8.615
2,2021-08-06 20:20:00,12.5,"norwood.mouth",1.55,8.375
2,2021-08-06 20:30:00,12.688,"norwood.mouth",1.55,8.224
2,2021-08-06 20:45:00,12.375,"norwood.mouth",1.55,7.98
2,2021-08-06 20:55:00,12.312,"norwood.mouth",1.55,7.726
2,2021-08-06 21:05:00,12.25,"norwood.mouth",1.55,7.522
2,2021-08-06 21:20:00,12.25,"norwood.mouth",1.55,7.262
2,2021-08-06 21:30:00,12.125,"norwood.mouth",1.55,6.9
2,2021-08-06 21:45:00,12.25,"norwood.mouth",1.55,6.423
2,2021-08-06 21:55:00,12.312,"norwood.mouth",1.55,6.07
2,2021-08-06 22:05:00,12.438,"norwood.mouth",1.55,5.806
2,2021-08-06 22:20:00,12.438,"norwood.mouth",1.55,5.531
2,2021-08-06 22:30:00,12.5,"norwood.mouth",1.55,5.292
2,2021-08-06 22:45:00,12.5,"norwood.mouth",1.55,4.875
2,2021-08-06 22:55:00,12.625,"norwood.mouth",1.55,4.618
2,2021-08-06 23:05:00,12.438,"norwood.mouth",1.55,4.395
2,2021-08-06 23:20:00,12.188,"norwood.mouth",1.55,4.075
2,2021-08-06 23:30:00,12.188,"norwood.mouth",1.55,3.887
2,2021-08-06 23:45:00,13.062,"norwood.mouth",1.48142857142857,3.684
2,2021-08-06 23:55:00,12.5,"norwood.mouth",1.55,3.523
2,2021-08-07 00:05:00,13.562,"norwood.mouth",1.3354263053536,3.53497631636924
2,2021-08-07 00:20:00,13,"norwood.mouth",1.55,3.131
2,2021-08-07 00:30:00,13.625,"norwood.mouth",1.29550033579584,3.18337944929483
2,2021-08-07 00:45:00,14.625,"norwood.mouth",1.014484007242,3.40373566686783
2,2021-08-07 00:55:00,13.438,"norwood.mouth",1.35109386026817,2.66825135262291
2,2021-08-07 01:05:00,14.312,"norwood.mouth",1.0182156133829,3.08121034696406
2,2021-08-07 01:20:00,13.438,"norwood.mouth",1.35491216655823,2.39660843634786
2,2021-08-07 01:30:00,13.25,"norwood.mouth",1.40061633281972,2.15396494607088
2,2021-08-07 01:45:00,14.75,"norwood.mouth",0.963928067700987,3.02267383638928
2,2021-08-07 01:55:00,13.625,"norwood.mouth",1.2514598540146,2.06807055961071
2,2021-08-07 02:05:00,13.75,"norwood.mouth",1.20059435364042,2.27356872213967
2,2021-08-07 02:20:00,14.75,"norwood.mouth",0.94541547277937,2.42361604584527
2,2021-08-07 02:30:00,14.812,"norwood.mouth",0.933992346938776,2.48355580357143
2,2021-08-07 02:45:00,15.188,"norwood.mouth",0.862453874538745,2.33697370848708
2,2021-08-07 02:55:00,15.438,"norwood.mouth",0.83644273573452,2.3361051531094
2,2021-08-07 03:05:00,15.312,"norwood.mouth",0.846544715447155,2.27285196476965
2,2021-08-07 03:20:00,15.375,"norwood.mouth",0.825670804965959,2.44362585102122
2,2021-08-07 03:30:00,14.375,"norwood.mouth",0.950877963125549,1.9870482879719
2,2021-08-07 03:45:00,14.688,"norwood.mouth",0.909969481180061,2.00295651068159
2,2021-08-07 03:55:00,14.375,"norwood.mouth",0.946408045977012,1.88364511494253
2,2021-08-07 04:05:00,14.812,"norwood.mouth",0.883753046303818,2.03853757108042
2,2021-08-07 04:20:00,14.938,"norwood.mouth",0.84880810488677,1.7126249503377
2,2021-08-07 04:30:00,14.562,"norwood.mouth",0.894294294294294,1.73147147147147
2,2021-08-07 04:45:00,13.438,"norwood.mouth",1.19648562300319,1.38770207667732
2,2021-08-07 04:55:00,14.125,"norwood.mouth",0.967507418397626,1.76405934718101
2,2021-08-07 05:05:00,14.062,"norwood.mouth",0.97406779661017,1.96583389830508
2,2021-08-07 05:20:00,13.5,"norwood.mouth",1.11823104693141,1.37377436823105
2,2021-08-07 05:30:00,14.062,"norwood.mouth",0.97941787941788,1.67692723492723
2,2021-08-07 05:45:00,14.438,"norwood.mouth",0.922056074766355,1.72319953271028
2,2021-08-07 05:55:00,14.812,"norwood.mouth",0.861175236096537,1.84219097586569
2,2021-08-07 06:05:00,16.375,"norwood.mouth",0.692577319587629,3.29572010309278
2,2021-08-07 06:20:00,14.25,"norwood.mouth",0.912513601741023,1.44426713819369
2,2021-08-07 06:30:00,14.312,"norwood.mouth",0.878240740740741,1.52636651234568
2,2021-08-07 06:45:00,14.875,"norwood.mouth",0.823306772908366,1.80667994687915
2,2021-08-07 06:55:00,15.125,"norwood.mouth",0.809445371142619,2.06491711843203
2,2021-08-07 07:05:00,15.25,"norwood.mouth",0.796461538461538,2.28455076923077
2,2021-08-07 07:20:00,14.375,"norwood.mouth",0.890020682523268,1.62315770423992
2,2021-08-07 07:30:00,13.875,"norwood.mouth",0.957308970099668,1.44329180509413
2,2021-08-07 07:45:00,14.125,"norwood.mouth",0.947558268590455,1.87735682574917
2,2021-08-07 07:55:00,14.438,"norwood.mouth",0.847917906008328,1.68786089629189
2,2021-08-07 08:05:00,14.562,"norwood.mouth",0.843991853360489,1.89210794297352
2,2021-08-07 08:20:00,14.5,"norwood.mouth",0.840809190809191,1.90049350649351
2,2021-08-07 08:30:00,14.438,"norwood.mouth",0.843619142572283,1.73963010967099
2,2021-08-07 08:45:00,13.938,"norwood.mouth",0.944700460829493,1.83856797235023
2,2021-08-07 08:55:00,14.188,"norwood.mouth",0.854424157303371,1.72883462078652
2,2021-08-07 09:05:00,14.375,"norwood.mouth",0.836290638464551,2.17285337511425
2,2021-08-07 09:20:00,14.062,"norwood.mouth",0.897147302904564,1.92572380705394
2,2021-08-07 09:30:00,14.25,"norwood.mouth",0.862618147448015,2.10413185255198
2,2021-08-07 09:45:00,13.562,"norwood.mouth",0.974253731343284,2.1523302238806
2,2021-08-07 09:55:00,14.125,"norwood.mouth",0.866002844950213,2.78852204836415
2,2021-08-07 10:05:00,12.625,"norwood.mouth",1.39737991266376,0.683077147016013
2,2021-08-07 10:20:00,13.938,"norwood.mouth",0.905591497227357,2.56221903881701
2,2021-08-07 10:30:00,14,"norwood.mouth",0.941961538461539,3.27316230769231
2,2021-08-07 10:45:00,13.938,"norwood.mouth",0.933434256055363,3.18901016435986
2,2021-08-07 10:55:00,13.375,"norwood.mouth",1.04418394950406,2.94448737601443
2,2021-08-07 11:05:00,13.25,"norwood.mouth",1.11744386873921,2.79178339090386
2,2021-08-07 11:20:00,12.812,"norwood.mouth",1.3091155234657,1.72406889290012
2,2021-08-07 11:30:00,12.875,"norwood.mouth",1.32244427363566,1.86840616192672
2,2021-08-07 11:45:00,13.812,"norwood.mouth",1.07798833819242,3.69882701652089
2,2021-08-07 11:55:00,13,"norwood.mouth",1.40047961630695,2.32314348521183
2,2021-08-07 12:05:00,12.75,"norwood.mouth",1.49109090909091,2.082
2,2021-08-07 12:20:00,12.625,"norwood.mouth",1.45684210526316,2.513
2,2021-08-07 12:30:00,12.312,"norwood.mouth",1.55,2.599
2,2021-08-07 12:45:00,12.25,"norwood.mouth",1.55,2.885
2,2021-08-07 12:55:00,12.125,"norwood.mouth",1.55,2.966
2,2021-08-07 13:05:00,12.375,"norwood.mouth",1.55,3.019
2,2021-08-07 13:20:00,12.688,"norwood.mouth",1.55,3.345
2,2021-08-07 13:30:00,12.688,"norwood.mouth",1.55,3.567
2,2021-08-07 13:45:00,12.875,"norwood.mouth",1.55,3.75
2,2021-08-07 13:55:00,12.75,"norwood.mouth",1.55,3.88
2,2021-08-07 14:05:00,12.625,"norwood.mouth",1.55,4.024
2,2021-08-07 14:20:00,13.188,"norwood.mouth",1.49518348623853,4.215
2,2021-08-07 14:30:00,12.312,"norwood.mouth",1.55,4.387
2,2021-08-07 14:45:00,12.312,"norwood.mouth",1.55,4.589
2,2021-08-07 14:55:00,12.5,"norwood.mouth",1.55,5.014
2,2021-08-07 15:05:00,12.5,"norwood.mouth",1.55,4.986
2,2021-08-07 15:20:00,12.562,"norwood.mouth",1.55,5.222
2,2021-08-07 15:30:00,12.562,"norwood.mouth",1.55,5.396
2,2021-08-07 15:45:00,12.688,"norwood.mouth",1.55,5.686
2,2021-08-07 15:55:00,12.812,"norwood.mouth",1.55,5.753
2,2021-08-07 16:05:00,13,"norwood.mouth",1.55,5.934
2,2021-08-07 16:20:00,13,"norwood.mouth",1.55,6.029
2,2021-08-07 16:30:00,13.062,"norwood.mouth",1.55,6.24
2,2021-08-07 16:45:00,13.125,"norwood.mouth",1.55,6.61
2,2021-08-07 16:55:00,12.75,"norwood.mouth",1.55,6.765
2,2021-08-07 17:05:00,13.25,"norwood.mouth",1.55,6.954
2,2021-08-07 17:20:00,12.938,"norwood.mouth",1.55,7.184
2,2021-08-07 17:30:00,13.188,"norwood.mouth",1.55,7.37
2,2021-08-07 17:45:00,13,"norwood.mouth",1.55,7.49
2,2021-08-07 17:55:00,12.75,"norwood.mouth",1.55,7.644
2,2021-08-07 18:05:00,13.375,"norwood.mouth",1.55,7.652
2,2021-08-07 18:20:00,13.312,"norwood.mouth",1.55,7.731
2,2021-08-07 18:30:00,13.562,"norwood.mouth",1.46527777777778,7.725
2,2021-08-07 18:45:00,13.5,"norwood.mouth",1.4847972972973,7.752
2,2021-08-07 18:55:00,13.125,"norwood.mouth",1.55,7.784
2,2021-08-07 19:05:00,12.938,"norwood.mouth",1.55,7.78
2,2021-08-07 19:20:00,13.062,"norwood.mouth",1.55,7.617
2,2021-08-07 19:30:00,12.812,"norwood.mouth",1.55,7.537
2,2021-08-07 19:45:00,12.625,"norwood.mouth",1.55,7.371
2,2021-08-07 19:55:00,12.75,"norwood.mouth",1.55,7.411
2,2021-08-07 20:05:00,12.688,"norwood.mouth",1.55,7.306
2,2021-08-07 20:20:00,12.625,"norwood.mouth",1.55,7.135
2,2021-08-07 20:30:00,12.75,"norwood.mouth",1.55,6.992
2,2021-08-07 20:45:00,13,"norwood.mouth",1.55,6.755
2,2021-08-07 20:55:00,12.875,"norwood.mouth",1.55,6.563
2,2021-08-07 21:05:00,12.5,"norwood.mouth",1.55,6.259
2,2021-08-07 21:20:00,12.438,"norwood.mouth",1.55,5.934
2,2021-08-07 21:30:00,12.875,"norwood.mouth",1.55,5.73
2,2021-08-07 21:45:00,13.312,"norwood.mouth",1.49817518248175,5.217
2,2021-08-07 21:55:00,13.562,"norwood.mouth",1.43460559796438,5.15038273960984
2,2021-08-07 22:05:00,14.312,"norwood.mouth",1.22074756229686,5.40490249187432
2,2021-08-07 22:20:00,14.25,"norwood.mouth",1.21143537820131,5.19576752034941
2,2021-08-07 22:30:00,13.062,"norwood.mouth",1.55,4.433
2,2021-08-07 22:45:00,13.438,"norwood.mouth",1.47122492080253,4.125
2,2021-08-07 22:55:00,15.938,"norwood.mouth",0.954419889502762,5.50382044198895
2,2021-08-07 23:05:00,15.625,"norwood.mouth",0.988846153846154,5.06540448717949
2,2021-08-07 23:20:00,14.812,"norwood.mouth",1.0930296377607,4.14739187705818
2,2021-08-07 23:30:00,14.25,"norwood.mouth",1.20845566647093,3.7871767469172
2,2021-08-07 23:45:00,13.375,"norwood.mouth",1.45581829495955,3.225
2,2021-08-07 23:55:00,14,"norwood.mouth",1.21465773809524,3.02376711309524
2,2021-08-08 00:05:00,13.375,"norwood.mouth",1.43349358974359,2.78365197649573
2,2021-08-08 00:20:00,14.062,"norwood.mouth",1.12454710144928,2.54904196859903
2,2021-08-08 00:30:00,13.5,"norwood.mouth",1.37369914853359,2.28606937874488
2,2021-08-08 00:45:00,14.625,"norwood.mouth",0.952416212003118,2.09090335151988
2,2021-08-08 00:55:00,14.938,"norwood.mouth",0.920327868852459,2.14556475409836
2,2021-08-08 01:05:00,14.25,"norwood.mouth",0.988487084870849,1.97268413284133
2,2021-08-08 01:20:00,14.312,"norwood.mouth",1.00081566068516,2.28407680804785
2,2021-08-08 01:30:00,14.5,"norwood.mouth",0.966225165562914,2.2098559602649
2,2021-08-08 01:45:00,15.312,"norwood.mouth",0.903463476070529,2.61333091939547
2,2021-08-08 01:55:00,14.75,"norwood.mouth",0.962478485370052,2.70981239242685
2,2021-08-08 02:05:00,14.5,"norwood.mouth",0.980314077397644,2.79296817162086
2,2021-08-08 02:20:00,15.312,"norwood.mouth",0.89924670433145,2.87437366603892
2,2021-08-08 02:30:00,14.812,"norwood.mouth",0.959239979177512,2.81829047371161
2,2021-08-08 02:45:00,14.5,"norwood.mouth",0.984963099630996,2.3567561500615
2,2021-08-08 02:55:00,14.125,"norwood.mouth",1.09174311926605,2.53625229357798
2,2021-08-08 03:05:00,14.812,"norwood.mouth",0.96488684582744,2.81547259547383
2,2021-08-08 03:20:00,14.312,"norwood.mouth",1.00897343862168,2.51102039961713
2,2021-08-08 03:30:00,14.188,"norwood.mouth",1.03789004457652,2.46101783060921
2,2021-08-08 03:45:00,14.625,"norwood.mouth",0.961480686695279,2.30137821888412
2,2021-08-08 03:55:00,14.375,"norwood.mouth",0.99832268370607,2.25513138977636
2,2021-08-08 04:05:00,14.5,"norwood.mouth",0.972118155619597,2.55048162824207
2,2021-08-08 04:20:00,15.188,"norwood.mouth",0.91280701754386,2.97493216374269
2,2021-08-08 04:30:00,14.062,"norwood.mouth",1.07715582450832,2.10948676248109
2,2021-08-08 04:45:00,14.625,"norwood.mouth",0.958516166281755,2.69442436489607
2,2021-08-08 04:55:00,14.375,"norwood.mouth",0.996036161335188,2.47107232267038
2,2021-08-08 05:05:00,13.688,"norwood.mouth",1.18916797488226,1.54330376766091
2,2021-08-08 05:20:00,14.188,"norwood.mouth",0.993435013262599,2.12144230769231
2,2021-08-08 05:30:00,15.438,"norwood.mouth",0.867659574468085,2.62007446808511
2,2021-08-08 05:45:00,15.375,"norwood.mouth",0.846747211895911,2.52401394052045
2,2021-08-08 05:55:00,13.938,"norwood.mouth",1.06519967400163,2.01835988861722
2,2021-08-08 06:05:00,14.938,"norwood.mouth",0.886830926083263,2.32662213254036
2,2021-08-08 06:20:00,13.312,"norwood.mouth",1.30254041570439,1.17381274056967
2,2021-08-08 06:30:00,13.875,"norwood.mouth",1.02431476569408,1.82564301503095
2,2021-08-08 06:45:00,14.375,"norwood.mouth",0.919637305699482,1.75166424870466
2,2021-08-08 06:55:00,14.375,"norwood.mouth",0.912611275964392,1.90778486646884
2,2021-08-08 07:05:00,13.938,"norwood.mouth",0.974269005847953,1.78142153996101
2,2021-08-08 07:20:00,13.938,"norwood.mouth",0.97218124341412,1.82436512118019
2,2021-08-08 07:30:00,13.812,"norwood.mouth",0.985741998060136,1.83658220174588
2,2021-08-08 07:45:00,14.062,"norwood.mouth",0.955986509274874,2.09239966273187
2,2021-08-08 07:55:00,13.562,"norwood.mouth",1.06484295845998,1.80770677136103
2,2021-08-08 08:05:00,14.25,"norwood.mouth",0.910153846153846,2.11959230769231
2,2021-08-08 08:20:00,13.812,"norwood.mouth",0.974885321100918,1.93579587155963
2,2021-08-08 08:30:00,13.5,"norwood.mouth",1.08201581027668,1.71710408432148
2,2021-08-08 08:45:00,13.688,"norwood.mouth",0.989562624254473,2.11796421471173
2,2021-08-08 08:55:00,14.188,"norwood.mouth",0.902923387096774,2.37761139112903
2,2021-08-08 09:05:00,13.938,"norwood.mouth",0.930897009966777,2.34962375415282
2,2021-08-08 09:20:00,13.875,"norwood.mouth",0.9338125,2.3696890625
2,2021-08-08 09:30:00,13.5,"norwood.mouth",0.999524312896406,2.37600924947146
2,2021-08-08 09:45:00,13,"norwood.mouth",1.25946275946276,1.6468723036223
2,2021-08-08 09:55:00,12.875,"norwood.mouth",1.33081761006289,1.49232651991614
2,2021-08-08 10:05:00,13.312,"norwood.mouth",0.99537773359841,2.82951143141153
2,2021-08-08 10:20:00,13.188,"norwood.mouth",1.05111111111111,2.77796111111111
2,2021-08-08 10:30:00,13.25,"norwood.mouth",1.07753357753358,2.90853734228734
2,2021-08-08 10:45:00,13.125,"norwood.mouth",1.17301038062284,2.54492214532872
2,2021-08-08 10:55:00,13.5,"norwood.mouth",0.988024193548387,3.81813891129032
2,2021-08-08 11:05:00,12.938,"norwood.mouth",1.24591194968553,2.57073689727463
2,2021-08-08 11:20:00,12.625,"norwood.mouth",1.46026097271649,1.605
2,2021-08-08 11:30:00,12.938,"norwood.mouth",1.28266178266178,2.60794983719984
2,2021-08-08 11:45:00,12.438,"norwood.mouth",1.55,2.185
2,2021-08-08 11:55:00,13.188,"norwood.mouth",1.27716727716728,3.37740730565731
2,2021-08-08 12:05:00,12.875,"norwood.mouth",1.49605263157895,2.845
2,2021-08-08 12:20:00,12.5,"norwood.mouth",1.55,3.108
2,2021-08-08 12:30:00,12.25,"norwood.mouth",1.55,3.299
2,2021-08-08 12:45:00,12.625,"norwood.mouth",1.55,3.498
2,2021-08-08 12:55:00,12.938,"norwood.mouth",1.47413793103448,3.717
2,2021-08-08 13:05:00,12.625,"norwood.mouth",1.55,3.877
2,2021-08-08 13:20:00,12.5,"norwood.mouth",1.55,4.186
2,2021-08-08 13:30:00,12.625,"norwood.mouth",1.55,4.442
2,2021-08-08 13:45:00,12.625,"norwood.mouth",1.55,4.746
2,2021-08-08 13:55:00,12.25,"norwood.mouth",1.55,5.06
2,2021-08-08 14:05:00,12.312,"norwood.mouth",1.55,5.219
2,2021-08-08 14:20:00,12.312,"norwood.mouth",1.55,5.362
2,2021-08-08 14:30:00,12.312,"norwood.mouth",1.55,5.927
2,2021-08-08 14:45:00,12.5,"norwood.mouth",1.55,6.242
2,2021-08-08 14:55:00,12.5,"norwood.mouth",1.55,6.455
2,2021-08-08 15:05:00,12.562,"norwood.mouth",1.55,6.573
2,2021-08-08 15:20:00,13.062,"norwood.mouth",1.55,6.929
2,2021-08-08 15:30:00,12.938,"norwood.mouth",1.55,7.087
2,2021-08-08 15:45:00,13.562,"norwood.mouth",1.46679245283019,7.091
2,2021-08-08 15:55:00,13.062,"norwood.mouth",1.55,7.269
2,2021-08-08 16:05:00,12.875,"norwood.mouth",1.55,7.265
2,2021-08-08 16:20:00,12.75,"norwood.mouth",1.55,7.452
2,2021-08-08 16:30:00,12.688,"norwood.mouth",1.55,7.641
2,2021-08-08 16:45:00,13.188,"norwood.mouth",1.55,7.81
2,2021-08-08 16:55:00,12.875,"norwood.mouth",1.55,8.02
2,2021-08-08 17:05:00,12.812,"norwood.mouth",1.55,8.127
2,2021-08-08 17:20:00,12.75,"norwood.mouth",1.55,8.235
2,2021-08-08 17:30:00,12.875,"norwood.mouth",1.55,8.341
2,2021-08-08 17:45:00,12.875,"norwood.mouth",1.55,8.537
2,2021-08-08 17:55:00,13.062,"norwood.mouth",1.55,8.801
2,2021-08-08 18:05:00,12.875,"norwood.mouth",1.55,8.79
2,2021-08-08 18:20:00,12.75,"norwood.mouth",1.55,8.873
2,2021-08-08 18:30:00,12.812,"norwood.mouth",1.55,8.886
2,2021-08-08 18:45:00,12.812,"norwood.mouth",1.55,8.908
2,2021-08-08 18:55:00,12.938,"norwood.mouth",1.55,9.001
2,2021-08-08 19:05:00,12.812,"norwood.mouth",1.55,8.955
2,2021-08-08 19:20:00,12.688,"norwood.mouth",1.55,8.875
2,2021-08-08 19:30:00,12.562,"norwood.mouth",1.55,8.783
2,2021-08-08 19:45:00,12.625,"norwood.mouth",1.55,8.635
2,2021-08-08 19:55:00,12.5,"norwood.mouth",1.55,8.498
2,2021-08-08 20:05:00,12.625,"norwood.mouth",1.55,8.334
2,2021-08-08 20:20:00,12.5,"norwood.mouth",1.55,8.031
2,2021-08-08 20:30:00,12.625,"norwood.mouth",1.55,7.821
2,2021-08-08 20:45:00,12.688,"norwood.mouth",1.55,7.614
2,2021-08-08 20:55:00,12.562,"norwood.mouth",1.55,7.456
2,2021-08-08 21:05:00,12.5,"norwood.mouth",1.55,7.197
2,2021-08-08 21:20:00,12.438,"norwood.mouth",1.55,6.804
2,2021-08-08 21:30:00,12.938,"norwood.mouth",1.55,6.528
2,2021-08-08 21:45:00,14.375,"norwood.mouth",1.22450376454483,6.50455047912389
2,2021-08-08 21:55:00,15.312,"norwood.mouth",0.951071181755356,6.52961523842433
2,2021-08-08 22:05:00,13.375,"norwood.mouth",1.55,5.531
2,2021-08-08 22:20:00,15.312,"norwood.mouth",0.967936327458783,6.29285943718022
2,2021-08-08 22:30:00,13.875,"norwood.mouth",1.32598039215686,5.10828513071895
2,2021-08-08 22:45:00,13.812,"norwood.mouth",1.33545918367347,4.73667389455782
2,2021-08-08 22:55:00,13.875,"norwood.mouth",1.28055555555556,4.52022685185185
2,2021-08-08 23:05:00,14.062,"norwood.mouth",1.18702651515152,4.41591319444444
2,2021-08-08 23:20:00,14.188,"norwood.mouth",1.13758680555556,4.54860199652778
2,2021-08-08 23:30:00,12.938,"norwood.mouth",1.55,3.754
2,2021-08-08 23:45:00,12.875,"norwood.mouth",1.55,3.451
2,2021-08-08 23:55:00,13.125,"norwood.mouth",1.55,3.216
2,2021-08-09 00:05:00,13.938,"norwood.mouth",1.18472222222222,3.80647453703704
2,2021-08-09 00:20:00,13.5,"norwood.mouth",1.37369914853359,2.87302357300536
2,2021-08-09 00:30:00,14.062,"norwood.mouth",1.13253546099291,3.54524615839243
2,2021-08-09 00:45:00,14.125,"norwood.mouth",1.06521739130435,3.2804347826087
2,2021-08-09 00:55:00,14.25,"norwood.mouth",1.04719387755102,3.45105952380952
2,2021-08-09 01:05:00,14.125,"norwood.mouth",1.05411655874191,3.27978237742831
2,2021-08-09 01:20:00,14.312,"norwood.mouth",0.99583081570997,3.32029879154079
2,2021-08-09 01:30:00,15.062,"norwood.mouth",0.925344036697248,3.4018744266055
2,2021-08-09 01:45:00,15.5,"norwood.mouth",0.867835051546392,3.50737594501718
2,2021-08-09 01:55:00,14.375,"norwood.mouth",0.970466926070039,2.95588949416342
2,2021-08-09 02:05:00,13.875,"norwood.mouth",1.17262895174709,2.4210205213533
2,2021-08-09 02:20:00,14.812,"norwood.mouth",0.913563049853373,2.68075843108504
2,2021-08-09 02:30:00,15.562,"norwood.mouth",0.85175017158545,3.17472614962251
2,2021-08-09 02:45:00,14.312,"norwood.mouth",0.965514469453376,2.62852210610932
2,2021-08-09 02:55:00,15,"norwood.mouth",0.891443074691806,3.32765445975344
2,2021-08-09 03:05:00,14.125,"norwood.mouth",0.987336993822924,2.79918737131091
2,2021-08-09 03:20:00,15.062,"norwood.mouth",0.852583862194016,2.54670829555757
2,2021-08-09 03:30:00,14.312,"norwood.mouth",0.953546453546454,2.40624250749251
2,2021-08-09 03:45:00,14.188,"norwood.mouth",0.96953578336557,2.22059381044487
2,2021-08-09 03:55:00,14.438,"norwood.mouth",0.929505300353357,2.42048056537102
2,2021-08-09 04:05:00,14.312,"norwood.mouth",0.934139264990329,2.27931141199226
2,2021-08-09 04:20:00,14.062,"norwood.mouth",0.968681318681319,2.22014285714286
2,2021-08-09 04:30:00,13.875,"norwood.mouth",1.00354969574036,2.0238137254902
2,2021-08-09 04:45:00,14.312,"norwood.mouth",0.94493670886076,2.22229113924051
2,2021-08-09 04:55:00,14,"norwood.mouth",0.985173501577287,1.92859963196635
2,2021-08-09 05:05:00,13.562,"norwood.mouth",1.11347517730496,1.50790721040189
2,2021-08-09 05:20:00,13.812,"norwood.mouth",1.01062801932367,1.90429669887279
2,2021-08-09 05:30:00,13.812,"norwood.mouth",1.02077687443541,1.9185460704607
2,2021-08-09 05:45:00,13.688,"norwood.mouth",1.04734299516908,1.58330032206119
2,2021-08-09 05:55:00,14.188,"norwood.mouth",0.940145102781137,1.99229806529625
2,2021-08-09 06:05:00,14,"norwood.mouth",0.93961038961039,1.69103896103896
2,2021-08-09 06:20:00,14.125,"norwood.mouth",0.903840782122905,1.66192074022346
2,2021-08-09 06:30:00,13.562,"norwood.mouth",1.0395256916996,1.34200757575758
2,2021-08-09 06:45:00,13.625,"norwood.mouth",0.99090407938258,1.72544432194046
2,2021-08-09 06:55:00,14.062,"norwood.mouth",0.919019248395967,1.90955912007333
2,2021-08-09 07:05:00,13.375,"norwood.mouth",1.05651672433679,1.50026211072664
2,2021-08-09 07:20:00,14.062,"norwood.mouth",0.886176470588236,1.92915147058823
2,2021-08-09 07:30:00,13.875,"norwood.mouth",0.918070652173913,1.75003872282609
2,2021-08-09 07:45:00,13.75,"norwood.mouth",0.939127906976744,1.75206715116279
2,2021-08-09 07:55:00,14.062,"norwood.mouth",0.868637992831541,1.78912783751493
2,2021-08-09 08:05:00,13.688,"norwood.mouth",0.941657638136511,2.05694041170098
2,2021-08-09 08:20:00,13.188,"norwood.mouth",1.1007326007326,1.69427411477412
2,2021-08-09 08:30:00,13.562,"norwood.mouth",0.92598167539267,1.9076917539267
2,2021-08-09 08:45:00,13.5,"norwood.mouth",0.943604651162791,2.06591375968992
2,2021-08-09 08:55:00,13.375,"norwood.mouth",0.965073529411765,2.08204289215686
2,2021-08-09 09:05:00,13.062,"norwood.mouth",1.02155887230514,1.88215450525152
2,2021-08-09 09:20:00,13.312,"norwood.mouth",0.947939262472885,2.42578579175705
2,2021-08-09 09:30:00,12.75,"norwood.mouth",1.26126126126126,1.61165840840841
2,2021-08-09 09:45:00,12.562,"norwood.mouth",1.41625207296849,1.2700442233278
2,2021-08-09 09:55:00,12.812,"norwood.mouth",1.19689119170984,2.04609110535406
2,2021-08-09 10:05:00,12.375,"norwood.mouth",1.55,1.336
2,2021-08-09 10:20:00,13.125,"norwood.mouth",0.991823056300268,2.8908199285076
2,2021-08-09 10:30:00,12.812,"norwood.mouth",1.15544041450777,2.36410621761658
2,2021-08-09 10:45:00,12.562,"norwood.mouth",1.38738738738739,1.67499474474474
2,2021-08-09 10:55:00,13.062,"norwood.mouth",1.01925925925926,3.08544259259259
2,2021-08-09 11:05:00,12.5,"norwood.mouth",1.43555555555556,1.71732592592593
2,2021-08-09 11:20:00,12.75,"norwood.mouth",1.25960061443932,2.43470967741936
2,2021-08-09 11:30:00,12.75,"norwood.mouth",1.30041436464088,2.50761395027624
2,2021-08-09 11:45:00,12.875,"norwood.mouth",1.33577533577534,2.95017897842898
2,2021-08-09 11:55:00,13.125,"norwood.mouth",1.23425692695214,3.46161649874055
2,2021-08-09 12:05:00,12.188,"norwood.mouth",1.55,2.719
2,2021-08-09 12:20:00,12.25,"norwood.mouth",1.55,3.082
2,2021-08-09 12:30:00,12.062,"norwood.mouth",1.55,3.23
2,2021-08-09 12:45:00,12.25,"norwood.mouth",1.55,3.55
2,2021-08-09 12:55:00,12.25,"norwood.mouth",1.55,3.718
2,2021-08-09 13:05:00,12.312,"norwood.mouth",1.55,3.939
2,2021-08-09 13:20:00,12.438,"norwood.mouth",1.55,4.197
2,2021-08-09 13:30:00,12.062,"norwood.mouth",1.55,4.397
2,2021-08-09 13:45:00,12.062,"norwood.mouth",1.55,4.638
2,2021-08-09 13:55:00,12,"norwood.mouth",1.55,4.847
2,2021-08-09 14:05:00,12.125,"norwood.mouth",1.55,5.031
2,2021-08-09 14:20:00,12.312,"norwood.mouth",1.55,5.293
2,2021-08-09 14:30:00,12,"norwood.mouth",1.55,5.549
2,2021-08-09 14:45:00,11.938,"norwood.mouth",1.55,5.821
2,2021-08-09 14:55:00,12.062,"norwood.mouth",1.55,6.08
2,2021-08-09 15:05:00,12.125,"norwood.mouth",1.55,6.26
2,2021-08-09 15:20:00,12.188,"norwood.mouth",1.55,6.58
2,2021-08-09 15:30:00,12.312,"norwood.mouth",1.55,6.774
2,2021-08-09 15:45:00,12.375,"norwood.mouth",1.55,6.928
2,2021-08-09 15:55:00,12.312,"norwood.mouth",1.55,7.092
2,2021-08-09 16:05:00,12.5,"norwood.mouth",1.55,7.228
2,2021-08-09 16:20:00,12.562,"norwood.mouth",1.55,7.516
2,2021-08-09 16:30:00,12.562,"norwood.mouth",1.55,7.684
2,2021-08-09 16:45:00,12.688,"norwood.mouth",1.55,7.954
2,2021-08-09 16:55:00,12.688,"norwood.mouth",1.55,8.102
2,2021-08-09 17:05:00,12.688,"norwood.mouth",1.55,8.339
2,2021-08-09 17:20:00,12.938,"norwood.mouth",1.55,8.371
2,2021-08-09 17:30:00,12.812,"norwood.mouth",1.55,8.535
2,2021-08-09 17:45:00,13,"norwood.mouth",1.55,8.688
2,2021-08-09 17:55:00,12.812,"norwood.mouth",1.55,8.786
2,2021-08-09 18:05:00,12.875,"norwood.mouth",1.55,8.849
2,2021-08-09 18:20:00,12.938,"norwood.mouth",1.55,8.999
2,2021-08-09 18:30:00,13,"norwood.mouth",1.55,9.036
2,2021-08-09 18:45:00,13,"norwood.mouth",1.55,9.139
2,2021-08-09 18:55:00,12.812,"norwood.mouth",1.55,9.205
2,2021-08-09 19:05:00,12.812,"norwood.mouth",1.55,9.222
2,2021-08-09 19:20:00,12.75,"norwood.mouth",1.55,9.19
2,2021-08-09 19:30:00,12.75,"norwood.mouth",1.55,9.212
2,2021-08-09 19:45:00,12.688,"norwood.mouth",1.55,9.041
2,2021-08-09 19:55:00,12.875,"norwood.mouth",1.55,8.918
2,2021-08-09 20:05:00,13.375,"norwood.mouth",1.55,8.785
2,2021-08-09 20:20:00,13.25,"norwood.mouth",1.55,8.479
2,2021-08-09 20:30:00,13.562,"norwood.mouth",1.55,8.24
2,2021-08-09 20:45:00,13.438,"norwood.mouth",1.55,7.899
2,2021-08-09 20:55:00,13.812,"norwood.mouth",1.49123989218329,7.769
2,2021-08-09 21:05:00,13.062,"norwood.mouth",1.55,7.536
2,2021-08-09 21:20:00,13.562,"norwood.mouth",1.55,7.084
2,2021-08-09 21:30:00,14.25,"norwood.mouth",1.29487179487179,6.92726709401709
2,2021-08-09 21:45:00,13.375,"norwood.mouth",1.55,6.354
2,2021-08-09 21:55:00,14.25,"norwood.mouth",1.27007874015748,6.23892650918635
2,2021-08-09 22:05:00,13.75,"norwood.mouth",1.46563011456628,5.829
2,2021-08-09 22:20:00,14,"norwood.mouth",1.31320590790617,5.62518940052129
2,2021-08-09 22:30:00,13.812,"norwood.mouth",1.38198757763975,5.35724378881988
2,2021-08-09 22:45:00,13.438,"norwood.mouth",1.55,4.979
2,2021-08-09 22:55:00,13.062,"norwood.mouth",1.55,4.714
2,2021-08-09 23:05:00,13.25,"norwood.mouth",1.55,4.505
2,2021-08-09 23:20:00,13.312,"norwood.mouth",1.55,4.152
2,2021-08-09 23:30:00,13.188,"norwood.mouth",1.55,3.947
2,2021-08-09 23:45:00,12.938,"norwood.mouth",1.55,3.628
2,2021-08-09 23:55:00,13,"norwood.mouth",1.55,3.45
4,2021-07-26 00:10:00,14.062,"norwood.mouth",1.2063671875,3.5033830078125
4,2021-07-26 00:20:00,15.688,"norwood.mouth",0.833654822335025,3.34143468697124
4,2021-07-26 00:35:00,13.25,"norwood.mouth",1.46025641025641,3.198
4,2021-07-26 00:45:00,13.188,"norwood.mouth",1.46681614349776,3.034
4,2021-07-26 01:00:00,13.375,"norwood.mouth",1.39590592334495,2.82730270034843
4,2021-07-26 01:10:00,13.5,"norwood.mouth",1.32940446650124,2.74795037220844
4,2021-07-26 01:20:00,13.5,"norwood.mouth",1.31912028725314,2.66190484739677
4,2021-07-26 01:35:00,13.812,"norwood.mouth",1.17874015748032,2.70474212598425
4,2021-07-26 01:45:00,13.812,"norwood.mouth",1.18431876606684,2.60855912596401
4,2021-07-26 02:00:00,13.438,"norwood.mouth",1.3081650570676,2.25786918349429
4,2021-07-26 02:10:00,12.938,"norwood.mouth",1.48396946564885,2.068
4,2021-07-26 02:20:00,12.312,"norwood.mouth",1.55,2.002
4,2021-07-26 02:35:00,12.562,"norwood.mouth",1.55,1.884
4,2021-07-26 02:45:00,13,"norwood.mouth",1.43579801623084,1.83758092876465
4,2021-07-26 03:00:00,13,"norwood.mouth",1.4185119574845,1.76734344552702
4,2021-07-26 03:10:00,13,"norwood.mouth",1.42097959183673,1.69878448979592
4,2021-07-26 03:20:00,13.25,"norwood.mouth",1.31665243381725,1.82435930828352
4,2021-07-26 03:35:00,12.75,"norwood.mouth",1.55,1.501
4,2021-07-26 03:45:00,13,"norwood.mouth",1.37839059674503,1.54046292947559
4,2021-07-26 04:00:00,13.312,"norwood.mouth",1.24322111010009,1.61297656960873
4,2021-07-26 04:10:00,13.312,"norwood.mouth",1.24373356704645,1.60786349693252
4,2021-07-26 04:20:00,13.375,"norwood.mouth",1.19285714285714,1.685
4,2021-07-26 04:35:00,13.25,"norwood.mouth",1.24582210242588,1.64153504043127
4,2021-07-26 04:45:00,13.125,"norwood.mouth",1.29398395721925,1.51063101604278
4,2021-07-26 05:00:00,13.125,"norwood.mouth",1.28821138211382,1.46647696476965
4,2021-07-26 05:10:00,13.562,"norwood.mouth",1.09438202247191,1.78285393258427
4,2021-07-26 05:20:00,14.625,"norwood.mouth",0.85963476070529,2.37059036523929
4,2021-07-26 05:35:00,17.938,"norwood.mouth",0.545837187789084,5.05593154486586
4,2021-07-26 05:45:00,13.312,"norwood.mouth",1.188928255093,1.62147209920283
4,2021-07-26 06:00:00,13.5,"norwood.mouth",1.0958818263205,1.7047911817368
4,2021-07-26 06:10:00,14.062,"norwood.mouth",0.92574679943101,1.77816714082504
4,2021-07-26 06:20:00,13.625,"norwood.mouth",0.998451327433628,1.71153982300885
4,2021-07-26 06:35:00,13.438,"norwood.mouth",1.07027027027027,1.69252477477478
4,2021-07-26 06:45:00,13.375,"norwood.mouth",1.09288407163054,1.6663520263902
4,2021-07-26 07:00:00,13.188,"norwood.mouth",1.16400359066427,1.47383034111311
4,2021-07-26 07:10:00,13.312,"norwood.mouth",1.09642857142857,1.53096428571429
4,2021-07-26 07:20:00,13.562,"norwood.mouth",0.990291262135923,1.78915210355987
4,2021-07-26 07:35:00,13.375,"norwood.mouth",1.03287265547878,1.8346552319842
4,2021-07-26 07:45:00,13.5,"norwood.mouth",0.97863309352518,1.67184028776978
4,2021-07-26 08:00:00,13.562,"norwood.mouth",0.979173166926677,1.77155226209048
4,2021-07-26 08:10:00,13.812,"norwood.mouth",0.904836065573771,2.04971475409836
4,2021-07-26 08:20:00,13.375,"norwood.mouth",1.0219512195122,1.86356707317073
4,2021-07-26 08:35:00,13.812,"norwood.mouth",0.865463917525773,2.07927319587629
4,2021-07-26 08:45:00,14.188,"norwood.mouth",0.829072398190045,2.59141892911011
4,2021-07-26 09:00:00,13.562,"norwood.mouth",0.948096026490066,2.29931084437086
4,2021-07-26 09:10:00,13.188,"norwood.mouth",1.10745654162854,2.10664958828911
4,2021-07-26 09:20:00,13,"norwood.mouth",1.16975540921919,2.12766792097836
4,2021-07-26 09:35:00,12.812,"norwood.mouth",1.25616621983914,2.0363726541555
4,2021-07-26 09:45:00,12.438,"norwood.mouth",1.46734333627538,1.396
4,2021-07-26 10:00:00,12.25,"norwood.mouth",1.55,1.438
4,2021-07-26 10:10:00,12,"norwood.mouth",1.55,1.47
4,2021-07-26 10:20:00,11.938,"norwood.mouth",1.55,1.498
4,2021-07-26 10:35:00,12.312,"norwood.mouth",1.55,1.57
4,2021-07-26 10:45:00,12,"norwood.mouth",1.55,1.708
4,2021-07-26 11:00:00,12.062,"norwood.mouth",1.55,1.759
4,2021-07-26 11:10:00,12.438,"norwood.mouth",1.44930875576037,1.91509331797235
4,2021-07-26 11:20:00,11.75,"norwood.mouth",1.55,2.039
4,2021-07-26 11:35:00,12.812,"norwood.mouth",1.4892030848329,2.304
4,2021-07-26 11:45:00,12.375,"norwood.mouth",1.55,2.489
4,2021-07-26 12:00:00,12.875,"norwood.mouth",1.47887700534759,2.83
4,2021-07-26 12:10:00,12.25,"norwood.mouth",1.55,3.035
4,2021-07-26 12:20:00,12.25,"norwood.mouth",1.55,3.256
4,2021-07-26 12:35:00,12.625,"norwood.mouth",1.55,3.561
4,2021-07-26 12:45:00,12.125,"norwood.mouth",1.55,3.782
4,2021-07-26 13:00:00,12,"norwood.mouth",1.55,4.054
4,2021-07-26 13:10:00,12.438,"norwood.mouth",1.55,4.146
4,2021-07-26 13:20:00,14.875,"norwood.mouth",0.854235880398671,5.78802906976744
4,2021-07-26 13:35:00,13.312,"norwood.mouth",1.48721719457014,4.447
4,2021-07-26 13:45:00,13.812,"norwood.mouth",1.32083333333333,5.05675694444444
4,2021-07-26 14:00:00,14.312,"norwood.mouth",1.12287414965986,5.74626403061224
4,2021-07-26 14:10:00,13.938,"norwood.mouth",1.30408653846154,5.45768469551282
4,2021-07-26 14:20:00,13.875,"norwood.mouth",1.33998186763373,5.55470716228468
4,2021-07-26 14:35:00,12.125,"norwood.mouth",1.55,5.579
4,2021-07-26 14:45:00,12.75,"norwood.mouth",1.55,5.748
4,2021-07-26 15:00:00,12.75,"norwood.mouth",1.55,5.918
4,2021-07-26 15:10:00,12.625,"norwood.mouth",1.55,5.994
4,2021-07-26 15:20:00,12.875,"norwood.mouth",1.55,6.181
4,2021-07-26 15:35:00,12.875,"norwood.mouth",1.55,6.524
4,2021-07-26 15:45:00,13,"norwood.mouth",1.55,6.628
4,2021-07-26 16:00:00,13.312,"norwood.mouth",1.55,6.82
4,2021-07-26 16:10:00,12.875,"norwood.mouth",1.55,7.012
4,2021-07-26 16:20:00,13.438,"norwood.mouth",1.55,7.121
4,2021-07-26 16:35:00,13.062,"norwood.mouth",1.55,7.126
4,2021-07-26 16:45:00,13.812,"norwood.mouth",1.44019801980198,7.30277524752475
4,2021-07-26 17:00:00,13.125,"norwood.mouth",1.55,7.531
4,2021-07-26 17:10:00,13.438,"norwood.mouth",1.55,7.598
4,2021-07-26 17:20:00,13,"norwood.mouth",1.55,7.588
4,2021-07-26 17:35:00,13.5,"norwood.mouth",1.55,7.732
4,2021-07-26 17:45:00,13.375,"norwood.mouth",1.55,7.87
4,2021-07-26 18:00:00,13.438,"norwood.mouth",1.55,8.007
4,2021-07-26 18:10:00,13.875,"norwood.mouth",1.45184331797235,8.021
4,2021-07-26 18:20:00,13.5,"norwood.mouth",1.55,8.113
4,2021-07-26 18:35:00,13.062,"norwood.mouth",1.55,8.11
4,2021-07-26 18:45:00,13.312,"norwood.mouth",1.55,8.189
4,2021-07-26 19:00:00,13.25,"norwood.mouth",1.55,8.322
4,2021-07-26 19:10:00,13.25,"norwood.mouth",1.55,8.502
4,2021-07-26 19:20:00,13.25,"norwood.mouth",1.55,8.444
4,2021-07-26 19:35:00,13.5,"norwood.mouth",1.55,8.293
4,2021-07-26 19:45:00,13.375,"norwood.mouth",1.55,8.213
4,2021-07-26 20:00:00,13.125,"norwood.mouth",1.55,8.188
4,2021-07-26 20:10:00,13.75,"norwood.mouth",1.47016574585635,8.161
4,2021-07-26 20:20:00,13.312,"norwood.mouth",1.55,8.009
4,2021-07-26 20:35:00,13.125,"norwood.mouth",1.55,7.836
4,2021-07-26 20:45:00,14.125,"norwood.mouth",1.33632567849687,7.73620407098121
4,2021-07-26 21:00:00,13.125,"norwood.mouth",1.55,7.53
4,2021-07-26 21:10:00,13.125,"norwood.mouth",1.55,7.371
4,2021-07-26 21:20:00,13.75,"norwood.mouth",1.42724528301887,7.17982433962264
4,2021-07-26 21:35:00,13.125,"norwood.mouth",1.55,6.982
4,2021-07-26 21:45:00,15.938,"norwood.mouth",0.857103064066852,6.63851601671309
4,2021-07-26 22:00:00,16.75,"norwood.mouth",0.776915520628684,6.8075442043222
4,2021-07-26 22:10:00,12.5,"norwood.mouth",1.55,6.594
4,2021-07-26 22:20:00,14.188,"norwood.mouth",1.21605504587156,6.27662844036697
4,2021-07-26 22:35:00,13.375,"norwood.mouth",1.47853881278539,6.162
4,2021-07-26 22:45:00,13.062,"norwood.mouth",1.55,6.009
4,2021-07-26 23:00:00,15.25,"norwood.mouth",0.930504587155963,5.08865137614679
4,2021-07-26 23:10:00,13.562,"norwood.mouth",1.39067415730337,5.22598876404494
4,2021-07-26 23:20:00,13.312,"norwood.mouth",1.47100456621005,4.949
4,2021-07-26 23:35:00,13.25,"norwood.mouth",1.47763819095477,4.635
4,2021-07-26 23:45:00,13.5,"norwood.mouth",1.40938242280285,4.45990617577197
4,2021-07-27,13.375,"norwood.mouth",1.4285367825384,4.17454163298302
4,2021-07-27 00:10:00,13.188,"norwood.mouth",1.47524752475247,4.063
4,2021-07-27 00:20:00,12.75,"norwood.mouth",1.55,3.891
4,2021-07-27 00:35:00,12.75,"norwood.mouth",1.55,3.688
4,2021-07-27 00:45:00,13.875,"norwood.mouth",1.20398050365556,3.4921647034931
4,2021-07-27 01:00:00,12.625,"norwood.mouth",1.55,3.315
4,2021-07-27 01:10:00,12.5,"norwood.mouth",1.55,3.173
4,2021-07-27 01:20:00,13.375,"norwood.mouth",1.3425540765391,3.03198398502496
4,2021-07-27 01:35:00,13.25,"norwood.mouth",1.37230499561788,2.82771121822962
4,2021-07-27 01:45:00,13.125,"norwood.mouth",1.41284722222222,2.67036574074074
4,2021-07-27 02:00:00,14.375,"norwood.mouth",0.975184404636459,2.8745574288725
4,2021-07-27 02:10:00,13.062,"norwood.mouth",1.43443396226415,2.35482547169811
4,2021-07-27 02:20:00,13.375,"norwood.mouth",1.31299212598425,2.36255905511811
4,2021-07-27 02:35:00,13.438,"norwood.mouth",1.26423487544484,2.26772597864769
4,2021-07-27 02:45:00,13.5,"norwood.mouth",1.24652493867539,2.19855417007359
4,2021-07-27 03:00:00,13.312,"norwood.mouth",1.30919747520289,2.10101375112714
4,2021-07-27 03:10:00,13.062,"norwood.mouth",1.38465346534653,1.92206930693069
4,2021-07-27 03:20:00,13.062,"norwood.mouth",1.38997161778619,1.81683727530747
4,2021-07-27 03:35:00,12.875,"norwood.mouth",1.43277119416591,1.65219644484959
4,2021-07-27 03:45:00,13,"norwood.mouth",1.3768022181146,1.63710351201479
4,2021-07-27 04:00:00,13.188,"norwood.mouth",1.29818339100346,1.66176946366782
4,2021-07-27 04:10:00,13.25,"norwood.mouth",1.24,1.67855
4,2021-07-27 04:20:00,13.188,"norwood.mouth",1.27509976057462,1.65924940143655
4,2021-07-27 04:35:00,13.188,"norwood.mouth",1.25657546337158,1.59776235657546
4,2021-07-27 04:45:00,13.188,"norwood.mouth",1.24835847382431,1.52236379769299
4,2021-07-27 05:00:00,13.25,"norwood.mouth",1.21686746987952,1.56793674698795
4,2021-07-27 05:10:00,12.938,"norwood.mouth",1.3300252312868,1.34075567703953
4,2021-07-27 05:20:00,13.75,"norwood.mouth",0.997379912663755,1.8966288209607
4,2021-07-27 05:35:00,16.75,"norwood.mouth",0.645352993744415,4.17178582067322
4,2021-07-27 05:45:00,17.875,"norwood.mouth",0.549875688154857,4.81065589297342
4,2021-07-27 06:00:00,14.938,"norwood.mouth",0.797583390061266,2.52295960971182
4,2021-07-27 06:10:00,18,"norwood.mouth",0.522282042375825,4.96174435567905
4,2021-07-27 06:20:00,17.812,"norwood.mouth",0.537895908234891,4.72279712378017
4,2021-07-27 06:35:00,18.062,"norwood.mouth",0.506973707121713,5.08452150444019
4,2021-07-27 06:45:00,15.312,"norwood.mouth",0.747549290584116,3.04395835636632
4,2021-07-27 07:00:00,14.25,"norwood.mouth",0.846328796561605,1.98426456542502
4,2021-07-27 07:10:00,15.062,"norwood.mouth",0.774986108538618,2.68050398221893
4,2021-07-27 07:20:00,13.812,"norwood.mouth",0.92652027027027,1.77121959459459
4,2021-07-27 07:35:00,13.688,"norwood.mouth",0.932247899159664,1.74144170168067
4,2021-07-27 07:45:00,14.125,"norwood.mouth",0.84529270797672,1.87622923085701
4,2021-07-27 08:00:00,13.75,"norwood.mouth",0.912634408602151,1.8228064516129
4,2021-07-27 08:10:00,13.875,"norwood.mouth",0.887340425531915,1.88534574468085
4,2021-07-27 08:20:00,13.188,"norwood.mouth",1.1195246971109,1.65308760484623
4,2021-07-27 08:35:00,13.5,"norwood.mouth",1.00970873786408,1.95132200647249
4,2021-07-27 08:45:00,13.188,"norwood.mouth",1.10324298160697,1.86540271055179
4,2021-07-27 09:00:00,13.688,"norwood.mouth",0.930942184154175,2.52229978586724
4,2021-07-27 09:10:00,13.312,"norwood.mouth",1.04838249286394,2.33350999048525
4,2021-07-27 09:20:00,13,"norwood.mouth",1.21277173913043,2.072625
4,2021-07-27 09:35:00,12.875,"norwood.mouth",1.27362204724409,2.13057480314961
4,2021-07-27 09:45:00,13.375,"norwood.mouth",1.0770964833183,2.81134918845807
4,2021-07-27 10:00:00,12.812,"norwood.mouth",1.30743243243243,2.30908896396396
4,2021-07-27 10:10:00,12.688,"norwood.mouth",1.38784584980237,2.19004397233202
4,2021-07-27 10:20:00,13.875,"norwood.mouth",0.848063039267477,3.79131091154546
4,2021-07-27 10:35:00,12.75,"norwood.mouth",1.35732430143946,2.5019827829523
4,2021-07-27 10:45:00,12.938,"norwood.mouth",1.26330027051398,2.90130861136159
4,2021-07-27 11:00:00,12.188,"norwood.mouth",1.55,2.429
4,2021-07-27 11:10:00,12.5,"norwood.mouth",1.48314606741573,2.583
4,2021-07-27 11:20:00,13.125,"norwood.mouth",1.22342264477096,3.45985155574762
4,2021-07-27 11:35:00,12.188,"norwood.mouth",1.55,2.898
4,2021-07-27 11:45:00,12.312,"norwood.mouth",1.55,3.078
4,2021-07-27 12:00:00,13.062,"norwood.mouth",1.46765249537893,3.414
4,2021-07-27 12:10:00,13,"norwood.mouth",1.49583333333333,3.626
4,2021-07-27 12:20:00,13.625,"norwood.mouth",1.2460396039604,4.37755445544554
4,2021-07-27 12:35:00,13.062,"norwood.mouth",1.35316336166195,4.19216454202077
4,2021-07-27 12:45:00,13.5,"norwood.mouth",1.18235793044953,4.90218207520498
4,2021-07-27 13:00:00,13,"norwood.mouth",1.49300699300699,4.419
4,2021-07-27 13:10:00,12.438,"norwood.mouth",1.55,4.552
4,2021-07-27 13:20:00,12.562,"norwood.mouth",1.55,4.698
4,2021-07-27 13:35:00,12.438,"norwood.mouth",1.55,4.996
4,2021-07-27 13:45:00,12.25,"norwood.mouth",1.55,5.228
4,2021-07-27 14:00:00,12.438,"norwood.mouth",1.55,5.6
4,2021-07-27 14:10:00,12.438,"norwood.mouth",1.55,5.554
4,2021-07-27 14:20:00,12.938,"norwood.mouth",1.55,5.686
4,2021-07-27 14:35:00,13.188,"norwood.mouth",1.47014925373134,5.975
4,2021-07-27 14:45:00,13.938,"norwood.mouth",1.22563559322034,6.37465677966102
4,2021-07-27 15:00:00,14.125,"norwood.mouth",1.16815476190476,6.75874206349206
4,2021-07-27 15:10:00,14,"norwood.mouth",1.16053864168618,7.15303278688524
4,2021-07-27 15:20:00,13.375,"norwood.mouth",1.46736111111111,6.656
4,2021-07-27 15:35:00,12.938,"norwood.mouth",1.55,6.871
4,2021-07-27 15:45:00,13,"norwood.mouth",1.55,6.945
4,2021-07-27 16:00:00,13.625,"norwood.mouth",1.36643356643357,7.22441025641026
4,2021-07-27 16:10:00,13,"norwood.mouth",1.55,7.178
4,2021-07-27 16:20:00,12.875,"norwood.mouth",1.55,7.26
4,2021-07-27 16:35:00,12.938,"norwood.mouth",1.55,7.548
4,2021-07-27 16:45:00,12.875,"norwood.mouth",1.55,7.7
4,2021-07-27 17:00:00,13.438,"norwood.mouth",1.47671755725191,7.815
4,2021-07-27 17:10:00,13.625,"norwood.mouth",1.42395906845448,7.88137473535639
4,2021-07-27 17:20:00,13.25,"norwood.mouth",1.55,7.945
4,2021-07-27 17:35:00,12.938,"norwood.mouth",1.55,8.146
4,2021-07-27 17:45:00,13.438,"norwood.mouth",1.49195652173913,8.17
4,2021-07-27 18:00:00,12.75,"norwood.mouth",1.55,8.306
4,2021-07-27 18:10:00,12.938,"norwood.mouth",1.55,8.422
4,2021-07-27 18:20:00,12.875,"norwood.mouth",1.55,8.413
4,2021-07-27 18:35:00,12.812,"norwood.mouth",1.55,8.442
4,2021-07-27 18:45:00,12.938,"norwood.mouth",1.55,8.491
4,2021-07-27 19:00:00,13,"norwood.mouth",1.55,8.506
4,2021-07-27 19:10:00,12.875,"norwood.mouth",1.55,8.48
4,2021-07-27 19:20:00,13.125,"norwood.mouth",1.55,8.498
4,2021-07-27 19:35:00,13.5,"norwood.mouth",1.48526011560694,8.523
4,2021-07-27 19:45:00,13.938,"norwood.mouth",1.34967320261438,8.38710239651416
4,2021-07-27 20:00:00,13.312,"norwood.mouth",1.55,8.347
4,2021-07-27 20:10:00,13.375,"norwood.mouth",1.55,8.198
4,2021-07-27 20:20:00,13.188,"norwood.mouth",1.55,8.047
4,2021-07-27 20:35:00,12.875,"norwood.mouth",1.55,7.89
4,2021-07-27 20:45:00,12.875,"norwood.mouth",1.55,7.742
4,2021-07-27 21:00:00,13.375,"norwood.mouth",1.478125,7.514
4,2021-07-27 21:10:00,12.812,"norwood.mouth",1.55,7.416
4,2021-07-27 21:20:00,12.5,"norwood.mouth",1.55,7.255
4,2021-07-27 21:35:00,12.5,"norwood.mouth",1.55,7.169
4,2021-07-27 21:45:00,13.188,"norwood.mouth",1.55,7
4,2021-07-27 22:00:00,12.562,"norwood.mouth",1.55,6.463
4,2021-07-27 22:10:00,12.875,"norwood.mouth",1.55,6.16
4,2021-07-27 22:20:00,12.625,"norwood.mouth",1.55,5.875
4,2021-07-27 22:35:00,12.812,"norwood.mouth",1.55,5.511
4,2021-07-27 22:45:00,12.875,"norwood.mouth",1.55,5.289
4,2021-07-27 23:00:00,12.875,"norwood.mouth",1.55,5.061
4,2021-07-27 23:10:00,12.625,"norwood.mouth",1.55,4.853
4,2021-07-27 23:20:00,12.25,"norwood.mouth",1.55,4.731
4,2021-07-27 23:35:00,12.5,"norwood.mouth",1.55,4.516
4,2021-07-27 23:45:00,12.438,"norwood.mouth",1.55,4.301
4,2021-07-28,13.625,"norwood.mouth",1.24191592562652,3.79702829426031
4,2021-07-28 00:10:00,12.312,"norwood.mouth",1.55,3.704
4,2021-07-28 00:20:00,12.375,"norwood.mouth",1.55,3.557
4,2021-07-28 00:35:00,12.562,"norwood.mouth",1.55,3.365
4,2021-07-28 00:45:00,12.812,"norwood.mouth",1.55,3.223
4,2021-07-28 01:00:00,12.438,"norwood.mouth",1.55,3.025
4,2021-07-28 01:10:00,12.438,"norwood.mouth",1.55,2.936
4,2021-07-28 01:20:00,12.438,"norwood.mouth",1.55,2.786
4,2021-07-28 01:35:00,12.688,"norwood.mouth",1.55,2.577
4,2021-07-28 01:45:00,12.875,"norwood.mouth",1.43770695364238,2.49491721854305
4,2021-07-28 02:00:00,12.375,"norwood.mouth",1.55,2.299
4,2021-07-28 02:10:00,12.938,"norwood.mouth",1.38647506339814,2.21078571428571
4,2021-07-28 02:20:00,13.062,"norwood.mouth",1.33965217391304,2.17232391304348
4,2021-07-28 02:35:00,12.562,"norwood.mouth",1.55,1.943
4,2021-07-28 02:45:00,13.188,"norwood.mouth",1.28177215189873,2.03518101265823
4,2021-07-28 03:00:00,12.938,"norwood.mouth",1.36946564885496,1.8724262086514
4,2021-07-28 03:10:00,12.812,"norwood.mouth",1.41951871657754,1.71375401069519
4,2021-07-28 03:20:00,13.438,"norwood.mouth",1.14553903345725,2.0070687732342
4,2021-07-28 03:35:00,12.812,"norwood.mouth",1.40169946332737,1.59418604651163
4,2021-07-28 03:45:00,12.75,"norwood.mouth",1.41924460431655,1.4993714028777
4,2021-07-28 04:00:00,13.188,"norwood.mouth",1.22018604651163,1.71397348837209
4,2021-07-28 04:10:00,13.062,"norwood.mouth",1.2760736196319,1.65299079754601
4,2021-07-28 04:20:00,13.5,"norwood.mouth",1.11047210300429,1.91333755364807
4,2021-07-28 04:35:00,12.625,"norwood.mouth",1.43793565683646,1.35916621983914
4,2021-07-28 04:45:00,13.188,"norwood.mouth",1.20984042553191,1.57558909574468
4,2021-07-28 05:00:00,12.812,"norwood.mouth",1.36801007556675,1.40575629722922
4,2021-07-28 05:10:00,13.25,"norwood.mouth",1.16187683284457,1.62206598240469
4,2021-07-28 05:20:00,13,"norwood.mouth",1.27520661157025,1.45127479338843
4,2021-07-28 05:35:00,13.5,"norwood.mouth",1.04020912547528,1.72295199619772
4,2021-07-28 05:45:00,13.625,"norwood.mouth",0.982594936708861,1.73331170886076
4,2021-07-28 06:00:00,13.625,"norwood.mouth",0.95672268907563,1.72190476190476
4,2021-07-28 06:10:00,13.25,"norwood.mouth",1.11746641074856,1.55442658349328
4,2021-07-28 06:20:00,13.188,"norwood.mouth",1.13387265135699,1.47730975991649
4,2021-07-28 06:35:00,13.375,"norwood.mouth",1.0432777232581,1.57710868498528
4,2021-07-28 06:45:00,12.938,"norwood.mouth",1.22158746208291,1.37979524772497
4,2021-07-28 07:00:00,13.062,"norwood.mouth",1.16891367604268,1.38753831231814
4,2021-07-28 07:10:00,13.125,"norwood.mouth",1.15922459893048,1.53385695187166
4,2021-07-28 07:20:00,12.875,"norwood.mouth",1.23251473477407,1.41614047151277
4,2021-07-28 07:35:00,13.125,"norwood.mouth",1.13170731707317,1.48850609756098
4,2021-07-28 07:45:00,12.938,"norwood.mouth",1.22437092264678,1.37757642124883
4,2021-07-28 08:00:00,13.438,"norwood.mouth",0.983181818181818,1.64848863636364
4,2021-07-28 08:10:00,12.625,"norwood.mouth",1.33157894736842,1.32703947368421
4,2021-07-28 08:20:00,12.812,"norwood.mouth",1.26195536663124,1.41007031526745
4,2021-07-28 08:35:00,12.875,"norwood.mouth",1.23047711781889,1.59084542356378
4,2021-07-28 08:45:00,13.375,"norwood.mouth",0.976124567474049,1.98243771626298
4,2021-07-28 09:00:00,12.938,"norwood.mouth",1.14983069977427,1.84929232505643
4,2021-07-28 09:10:00,13.188,"norwood.mouth",1.05444674250258,2.10031437435367
4,2021-07-28 09:20:00,12.562,"norwood.mouth",1.34368131868132,1.61067445054945
4,2021-07-28 09:35:00,12.75,"norwood.mouth",1.2631717597471,1.99213645943098
4,2021-07-28 09:45:00,12.75,"norwood.mouth",1.29404646660213,1.93762391093901
4,2021-07-28 10:00:00,12.438,"norwood.mouth",1.46165803108808,1.615
4,2021-07-28 10:10:00,12.375,"norwood.mouth",1.46555555555556,1.697
4,2021-07-28 10:20:00,12.188,"norwood.mouth",1.55,1.797
4,2021-07-28 10:35:00,12.5,"norwood.mouth",1.39676889375685,1.97576451259584
4,2021-07-28 10:45:00,12.5,"norwood.mouth",1.38340184994861,2.09615416238438
4,2021-07-28 11:00:00,13.688,"norwood.mouth",0.927079482439926,3.53986506469501
4,2021-07-28 11:10:00,12.438,"norwood.mouth",1.43291708291708,2.15807442557443
4,2021-07-28 11:20:00,12.25,"norwood.mouth",1.55,2.273
4,2021-07-28 11:35:00,13.062,"norwood.mouth",1.39613526570048,2.54130515297907
4,2021-07-28 11:45:00,12.25,"norwood.mouth",1.55,2.545
4,2021-07-28 12:00:00,12,"norwood.mouth",1.55,3.03
4,2021-07-28 12:10:00,13.438,"norwood.mouth",1.19130434782609,3.70663043478261
4,2021-07-28 12:20:00,12.562,"norwood.mouth",1.55,3.398
4,2021-07-28 12:35:00,13.062,"norwood.mouth",1.36344755970924,3.70407554517134
4,2021-07-28 12:45:00,12.438,"norwood.mouth",1.55,3.822
4,2021-07-28 13:00:00,12.062,"norwood.mouth",1.55,3.992
4,2021-07-28 13:10:00,12,"norwood.mouth",1.55,4.09
4,2021-07-28 13:20:00,11.875,"norwood.mouth",1.55,4.294
4,2021-07-28 13:35:00,11.938,"norwood.mouth",1.55,4.721
4,2021-07-28 13:45:00,11.875,"norwood.mouth",1.55,4.785
4,2021-07-28 14:00:00,11.875,"norwood.mouth",1.55,5.06
4,2021-07-28 14:10:00,11.812,"norwood.mouth",1.55,5.135
4,2021-07-28 14:20:00,12.25,"norwood.mouth",1.55,5.227
4,2021-07-28 14:35:00,12.188,"norwood.mouth",1.55,5.345
4,2021-07-28 14:45:00,13.312,"norwood.mouth",1.45189393939394,5.625
4,2021-07-28 15:00:00,14.75,"norwood.mouth",0.965720858895706,6.63597469325153
4,2021-07-28 15:10:00,12.75,"norwood.mouth",1.55,6.033
4,2021-07-28 15:20:00,12.312,"norwood.mouth",1.55,6.162
4,2021-07-28 15:35:00,13.125,"norwood.mouth",1.55,6.495
4,2021-07-28 15:45:00,12.562,"norwood.mouth",1.55,6.705
4,2021-07-28 16:00:00,12.562,"norwood.mouth",1.55,6.874
4,2021-07-28 16:10:00,13.188,"norwood.mouth",1.55,6.922
4,2021-07-28 16:20:00,12.875,"norwood.mouth",1.55,7.05
4,2021-07-28 16:35:00,13.062,"norwood.mouth",1.55,7.251
4,2021-07-28 16:45:00,12.938,"norwood.mouth",1.55,7.346
4,2021-07-28 17:00:00,13.688,"norwood.mouth",1.42697674418605,7.44270930232558
4,2021-07-28 17:10:00,14.688,"norwood.mouth",1.04860759493671,8.03516898734177
4,2021-07-28 17:20:00,12.875,"norwood.mouth",1.55,7.546
4,2021-07-28 17:35:00,12.875,"norwood.mouth",1.55,7.687
4,2021-07-28 17:45:00,12.625,"norwood.mouth",1.55,7.668
4,2021-07-28 18:00:00,12.5,"norwood.mouth",1.55,7.683
4,2021-07-28 18:10:00,12.5,"norwood.mouth",1.55,7.829
4,2021-07-28 18:20:00,12.625,"norwood.mouth",1.55,7.997
4,2021-07-28 18:35:00,13,"norwood.mouth",1.55,8.112
4,2021-07-28 18:45:00,12.625,"norwood.mouth",1.55,8.133
4,2021-07-28 19:00:00,12.875,"norwood.mouth",1.55,8.163
4,2021-07-28 19:10:00,12.875,"norwood.mouth",1.55,8.137
4,2021-07-28 19:20:00,12.75,"norwood.mouth",1.55,8.228
4,2021-07-28 19:35:00,12.75,"norwood.mouth",1.55,8.173
4,2021-07-28 19:45:00,12.812,"norwood.mouth",1.55,8.107
4,2021-07-28 20:00:00,13,"norwood.mouth",1.55,8.038
4,2021-07-28 20:10:00,13,"norwood.mouth",1.55,7.909
4,2021-07-28 20:20:00,12.875,"norwood.mouth",1.55,7.795
4,2021-07-28 20:35:00,12.875,"norwood.mouth",1.55,7.734
4,2021-07-28 20:45:00,12.75,"norwood.mouth",1.55,7.708
4,2021-07-28 21:00:00,12.688,"norwood.mouth",1.55,7.566
4,2021-07-28 21:10:00,12.438,"norwood.mouth",1.55,7.408
4,2021-07-28 21:20:00,12.375,"norwood.mouth",1.55,7.278
4,2021-07-28 21:35:00,12.812,"norwood.mouth",1.55,7.034
4,2021-07-28 21:45:00,13.125,"norwood.mouth",1.55,6.831
4,2021-07-28 22:00:00,13.188,"norwood.mouth",1.55,6.572
4,2021-07-28 22:10:00,12.75,"norwood.mouth",1.55,6.38
4,2021-07-28 22:20:00,12.75,"norwood.mouth",1.55,6.129
4,2021-07-28 22:35:00,12.438,"norwood.mouth",1.55,5.811
4,2021-07-28 22:45:00,13.312,"norwood.mouth",1.41586974443528,5.50194558944765
4,2021-07-28 23:00:00,13.5,"norwood.mouth",1.34842323651452,5.13169709543569
4,2021-07-28 23:10:00,12.875,"norwood.mouth",1.55,5.119
4,2021-07-28 23:20:00,13.188,"norwood.mouth",1.42868020304568,4.8951269035533
4,2021-07-28 23:35:00,13.062,"norwood.mouth",1.48333333333333,4.602
4,2021-07-28 23:45:00,14.5,"norwood.mouth",0.949111470113085,3.73163529886914
4,2021-07-29,13.688,"norwood.mouth",1.20421524663677,3.77274439461883
4,2021-07-29 00:10:00,12.375,"norwood.mouth",1.55,4.01
4,2021-07-29 00:20:00,12.375,"norwood.mouth",1.55,3.77
4,2021-07-29 00:35:00,11.938,"norwood.mouth",1.55,3.553
4,2021-07-29 00:45:00,12,"norwood.mouth",1.55,3.348
4,2021-07-29 01:00:00,12,"norwood.mouth",1.55,3.16
4,2021-07-29 01:10:00,11.812,"norwood.mouth",1.55,3.039
4,2021-07-29 01:20:00,12.062,"norwood.mouth",1.55,2.847
4,2021-07-29 01:35:00,12.25,"norwood.mouth",1.55,2.647
4,2021-07-29 01:45:00,12.125,"norwood.mouth",1.55,2.525
4,2021-07-29 02:00:00,12.375,"norwood.mouth",1.55,2.362
4,2021-07-29 02:10:00,12.25,"norwood.mouth",1.55,2.251
4,2021-07-29 02:20:00,12.875,"norwood.mouth",1.42878927911275,2.15879274491682
4,2021-07-29 02:35:00,12.562,"norwood.mouth",1.55,1.99
4,2021-07-29 02:45:00,12.375,"norwood.mouth",1.55,1.897
4,2021-07-29 03:00:00,12.375,"norwood.mouth",1.55,1.767
4,2021-07-29 03:10:00,12.625,"norwood.mouth",1.55,1.712
4,2021-07-29 03:20:00,12.5,"norwood.mouth",1.55,1.638
4,2021-07-29 03:35:00,12.75,"norwood.mouth",1.43117154811716,1.56635146443515
4,2021-07-29 03:45:00,12.562,"norwood.mouth",1.55,1.5
4,2021-07-29 04:00:00,12.812,"norwood.mouth",1.3671052631579,1.47881578947368
4,2021-07-29 04:10:00,12.688,"norwood.mouth",1.45546218487395,1.373
4,2021-07-29 04:20:00,12.875,"norwood.mouth",1.35277502477701,1.39666897918731
4,2021-07-29 04:35:00,12.812,"norwood.mouth",1.36995661605206,1.34317678958785
4,2021-07-29 04:45:00,12.938,"norwood.mouth",1.32142857142857,1.367
4,2021-07-29 05:00:00,12.75,"norwood.mouth",1.41183035714286,1.21528683035714
4,2021-07-29 05:10:00,12.75,"norwood.mouth",1.38557158712542,1.20872364039956
4,2021-07-29 05:20:00,12.875,"norwood.mouth",1.32681818181818,1.2485196969697
4,2021-07-29 05:35:00,13.875,"norwood.mouth",0.895132743362832,1.81757522123894
4,2021-07-29 05:45:00,13.875,"norwood.mouth",0.898190045248869,1.77215610859729
4,2021-07-29 06:00:00,14.375,"norwood.mouth",0.812894248608534,2.12297711811998
4,2021-07-29 06:10:00,14,"norwood.mouth",0.840533406153286,1.83858553310274
4,2021-07-29 06:20:00,13.688,"norwood.mouth",0.942758620689655,1.55472873563218
4,2021-07-29 06:35:00,13.5,"norwood.mouth",0.959315068493151,1.44896438356164
4,2021-07-29 06:45:00,13.438,"norwood.mouth",0.981440162271805,1.48244421906694
4,2021-07-29 07:00:00,13.188,"norwood.mouth",1.05224719101124,1.42905617977528
4,2021-07-29 07:10:00,13.188,"norwood.mouth",1.09387417218543,1.36917715231788
4,2021-07-29 07:20:00,13.562,"norwood.mouth",0.925133214920071,1.55697957371226
4,2021-07-29 07:35:00,13.438,"norwood.mouth",0.959328358208955,1.60654788557214
4,2021-07-29 07:45:00,13.375,"norwood.mouth",1.00099337748344,1.48523178807947
4,2021-07-29 08:00:00,13.062,"norwood.mouth",1.14003496503497,1.38227884615385
4,2021-07-29 08:10:00,13,"norwood.mouth",1.12026854219949,1.51459686700767
4,2021-07-29 08:20:00,13.125,"norwood.mouth",1.04778761061947,1.58403982300885
4,2021-07-29 08:35:00,13.25,"norwood.mouth",0.986914893617021,1.70394361702128
4,2021-07-29 08:45:00,12.875,"norwood.mouth",1.19001264222503,1.47685018963338
4,2021-07-29 09:00:00,13,"norwood.mouth",1.12335294117647,1.74892176470588
4,2021-07-29 09:10:00,12.688,"norwood.mouth",1.30194575471698,1.53683549528302
4,2021-07-29 09:20:00,13.375,"norwood.mouth",0.96984667802385,2.37774318568995
4,2021-07-29 09:35:00,12.875,"norwood.mouth",1.17200986436498,1.91524260172626
4,2021-07-29 09:45:00,12.688,"norwood.mouth",1.27577065351418,1.79989087546239
4,2021-07-29 10:00:00,13.188,"norwood.mouth",1.02332949308756,2.62816589861751
4,2021-07-29 10:10:00,12.688,"norwood.mouth",1.34158986175115,1.97103129800307
4,2021-07-29 10:20:00,13.438,"norwood.mouth",0.96061872909699,3.0539385451505
4,2021-07-29 10:35:00,12.562,"norwood.mouth",1.38264966740577,1.95313359201774
4,2021-07-29 10:45:00,12.25,"norwood.mouth",1.55,1.761
4,2021-07-29 11:00:00,12.562,"norwood.mouth",1.38762833675565,1.95824820328542
4,2021-07-29 11:10:00,12.5,"norwood.mouth",1.42757313109426,1.9152789815818
4,2021-07-29 11:20:00,12.312,"norwood.mouth",1.55,2.009
4,2021-07-29 11:35:00,12.125,"norwood.mouth",1.55,2.217
4,2021-07-29 11:45:00,12.188,"norwood.mouth",1.55,2.499
4,2021-07-29 12:00:00,12.375,"norwood.mouth",1.55,2.904
4,2021-07-29 12:10:00,12.188,"norwood.mouth",1.55,3.01
4,2021-07-29 12:20:00,12.5,"norwood.mouth",1.55,3.203
4,2021-07-29 12:35:00,12.438,"norwood.mouth",1.55,3.642
4,2021-07-29 12:45:00,12.562,"norwood.mouth",1.55,3.576
4,2021-07-29 13:00:00,12.188,"norwood.mouth",1.55,3.674
4,2021-07-29 13:10:00,12.438,"norwood.mouth",1.55,3.803
4,2021-07-29 13:20:00,12.5,"norwood.mouth",1.55,3.968
4,2021-07-29 13:35:00,12.375,"norwood.mouth",1.55,4.451
4,2021-07-29 13:45:00,12.312,"norwood.mouth",1.55,4.414
4,2021-07-29 14:00:00,12.375,"norwood.mouth",1.55,4.83
4,2021-07-29 14:10:00,12.188,"norwood.mouth",1.55,4.886
4,2021-07-29 14:20:00,12.188,"norwood.mouth",1.55,5.113
4,2021-07-29 14:35:00,12.312,"norwood.mouth",1.55,5.422
4,2021-07-29 14:45:00,12.312,"norwood.mouth",1.55,5.829
4,2021-07-29 15:00:00,12.312,"norwood.mouth",1.55,5.896
4,2021-07-29 15:10:00,12.125,"norwood.mouth",1.55,5.984
4,2021-07-29 15:20:00,12.375,"norwood.mouth",1.55,6.124
4,2021-07-29 15:35:00,12.312,"norwood.mouth",1.55,6.303
4,2021-07-29 15:45:00,12.562,"norwood.mouth",1.55,6.61
4,2021-07-29 16:00:00,12.562,"norwood.mouth",1.55,6.807
4,2021-07-29 16:10:00,12.5,"norwood.mouth",1.55,6.854
4,2021-07-29 16:20:00,12.875,"norwood.mouth",1.55,7.059
4,2021-07-29 16:35:00,13.625,"norwood.mouth",1.47135416666667,7.184
4,2021-07-29 16:45:00,14.312,"norwood.mouth",1.28138051044084,7.51263834106729
4,2021-07-29 17:00:00,14.312,"norwood.mouth",1.30363585118377,7.67323985343856
4,2021-07-29 17:10:00,13,"norwood.mouth",1.55,7.73
4,2021-07-29 17:20:00,12.938,"norwood.mouth",1.55,7.765
4,2021-07-29 17:35:00,13.125,"norwood.mouth",1.55,7.916
4,2021-07-29 17:45:00,13.25,"norwood.mouth",1.55,8.078
4,2021-07-29 18:00:00,14.125,"norwood.mouth",1.38311533888228,8.32628478002378
4,2021-07-29 18:10:00,13.188,"norwood.mouth",1.55,8.255
4,2021-07-29 18:20:00,13.188,"norwood.mouth",1.55,8.284
4,2021-07-29 18:35:00,13,"norwood.mouth",1.55,8.369
4,2021-07-29 18:45:00,13.5,"norwood.mouth",1.55,8.358
4,2021-07-29 19:00:00,13.5,"norwood.mouth",1.55,8.411
4,2021-07-29 19:10:00,13.688,"norwood.mouth",1.55,8.424
4,2021-07-29 19:20:00,13.25,"norwood.mouth",1.55,8.393
4,2021-07-29 19:35:00,13.562,"norwood.mouth",1.55,8.37
4,2021-07-29 19:45:00,13.125,"norwood.mouth",1.55,8.294
4,2021-07-29 20:00:00,12.875,"norwood.mouth",1.55,8.177
4,2021-07-29 20:10:00,13.312,"norwood.mouth",1.55,8.158
4,2021-07-29 20:20:00,12.75,"norwood.mouth",1.55,8.054
4,2021-07-29 20:35:00,13,"norwood.mouth",1.55,7.893
4,2021-07-29 20:45:00,13.938,"norwood.mouth",1.40558659217877,7.75304888268156
4,2021-07-29 21:00:00,13.375,"norwood.mouth",1.55,7.582
4,2021-07-29 21:10:00,12.875,"norwood.mouth",1.55,7.459
4,2021-07-29 21:20:00,13.5,"norwood.mouth",1.55,7.341
4,2021-07-29 21:35:00,12.438,"norwood.mouth",1.55,7.057
4,2021-07-29 21:45:00,12.938,"norwood.mouth",1.55,6.871
4,2021-07-29 22:00:00,12.688,"norwood.mouth",1.55,6.463
4,2021-07-29 22:10:00,12.438,"norwood.mouth",1.55,6.201
4,2021-07-29 22:20:00,12.312,"norwood.mouth",1.55,6
4,2021-07-29 22:35:00,12.312,"norwood.mouth",1.55,5.66
4,2021-07-29 22:45:00,12.125,"norwood.mouth",1.55,5.439
4,2021-07-29 23:00:00,12.125,"norwood.mouth",1.55,5.057
4,2021-07-29 23:10:00,12.125,"norwood.mouth",1.55,4.856
4,2021-07-29 23:20:00,12.062,"norwood.mouth",1.55,4.679
4,2021-07-29 23:35:00,12.188,"norwood.mouth",1.55,4.36
4,2021-07-29 23:45:00,12.438,"norwood.mouth",1.55,4.217
4,2021-07-30,11.75,"norwood.mouth",1.55,3.91
4,2021-07-30 00:10:00,12,"norwood.mouth",1.55,3.686
4,2021-07-30 00:20:00,11.938,"norwood.mouth",1.55,3.486
4,2021-07-30 00:35:00,12.188,"norwood.mouth",1.55,3.214
4,2021-07-30 00:45:00,14.062,"norwood.mouth",1.10576923076923,2.91183333333333
4,2021-07-30 01:00:00,12.25,"norwood.mouth",1.55,2.867
4,2021-07-30 01:10:00,12.125,"norwood.mouth",1.55,2.723
4,2021-07-30 01:20:00,12,"norwood.mouth",1.55,2.54
4,2021-07-30 01:35:00,12.25,"norwood.mouth",1.55,2.365
4,2021-07-30 01:45:00,12.438,"norwood.mouth",1.55,2.239
4,2021-07-30 02:00:00,12.375,"norwood.mouth",1.55,2.098
4,2021-07-30 02:10:00,12.312,"norwood.mouth",1.55,1.998
4,2021-07-30 02:20:00,12.438,"norwood.mouth",1.55,1.885
4,2021-07-30 02:35:00,12.375,"norwood.mouth",1.55,1.8
4,2021-07-30 02:45:00,12.625,"norwood.mouth",1.55,1.716
4,2021-07-30 03:00:00,12.5,"norwood.mouth",1.55,1.541
4,2021-07-30 03:10:00,12.562,"norwood.mouth",1.55,1.525
4,2021-07-30 03:20:00,12.562,"norwood.mouth",1.55,1.437
4,2021-07-30 03:35:00,12.625,"norwood.mouth",1.55,1.331
4,2021-07-30 03:45:00,12.5,"norwood.mouth",1.55,1.283
4,2021-07-30 04:00:00,12.562,"norwood.mouth",1.55,1.235
4,2021-07-30 04:10:00,12.5,"norwood.mouth",1.55,1.177
4,2021-07-30 04:20:00,12.625,"norwood.mouth",1.55,1.139
4,2021-07-30 04:35:00,12.562,"norwood.mouth",1.55,1.095
4,2021-07-30 04:45:00,12.75,"norwood.mouth",1.44413407821229,1.09013687150838
4,2021-07-30 05:00:00,12.688,"norwood.mouth",1.47826086956522,1.027
4,2021-07-30 05:10:00,12.812,"norwood.mouth",1.39455852156058,1.07516632443532
4,2021-07-30 05:20:00,13.125,"norwood.mouth",1.27248098859316,1.24934838403042
4,2021-07-30 05:35:00,13.625,"norwood.mouth",1.03953603158934,1.48150444225074
4,2021-07-30 05:45:00,13.562,"norwood.mouth",1.06867469879518,1.42607530120482
4,2021-07-30 06:00:00,13.688,"norwood.mouth",0.986988847583643,1.42154058240397
4,2021-07-30 06:10:00,13.5,"norwood.mouth",1.05325977933801,1.36045962888666
4,2021-07-30 06:20:00,13.75,"norwood.mouth",0.967857142857143,1.50835714285714
4,2021-07-30 06:35:00,14.938,"norwood.mouth",0.795571499257793,2.05779003793502
4,2021-07-30 06:45:00,13.875,"norwood.mouth",0.943537964458804,1.42467851373183
4,2021-07-30 07:00:00,13.688,"norwood.mouth",0.96702786377709,1.28982043343653
4,2021-07-30 07:10:00,13.5,"norwood.mouth",1.0098311817279,1.38266559086395
4,2021-07-30 07:20:00,13.625,"norwood.mouth",0.966222222222222,1.58553592592593
4,2021-07-30 07:35:00,13.688,"norwood.mouth",0.963755458515284,1.52965320232897
4,2021-07-30 07:45:00,13.312,"norwood.mouth",1.05878612716763,1.34864277456647
4,2021-07-30 08:00:00,13.438,"norwood.mouth",1.05778210116731,1.37130350194553
4,2021-07-30 08:10:00,14.25,"norwood.mouth",0.835313315926893,1.79238381201044
4,2021-07-30 08:20:00,13.312,"norwood.mouth",1.075,1.496
4,2021-07-30 08:35:00,13.312,"norwood.mouth",1.05643729189789,1.69641842397336
4,2021-07-30 08:45:00,13.562,"norwood.mouth",0.968139534883721,1.9437488372093
4,2021-07-30 09:00:00,13.562,"norwood.mouth",0.964322916666667,2.06289019097222
4,2021-07-30 09:10:00,13.062,"norwood.mouth",1.19308510638298,1.75233244680851
4,2021-07-30 09:20:00,12.75,"norwood.mouth",1.36907114624506,1.54405731225296
4,2021-07-30 09:35:00,13.062,"norwood.mouth",1.20072614107884,2.10013641078838
4,2021-07-30 09:45:00,13,"norwood.mouth",1.22218162839248,2.16169624217119
4,2021-07-30 10:00:00,12.75,"norwood.mouth",1.35448979591837,2.00599591836735
4,2021-07-30 10:10:00,12.75,"norwood.mouth",1.40943396226415,1.93450943396226
4,2021-07-30 10:20:00,12.375,"norwood.mouth",1.55,1.891
4,2021-07-30 10:35:00,12.25,"norwood.mouth",1.55,2.035
4,2021-07-30 10:45:00,12.438,"norwood.mouth",1.55,2.118
4,2021-07-30 11:00:00,12.312,"norwood.mouth",1.55,2.306
4,2021-07-30 11:10:00,13.125,"norwood.mouth",1.24357707509881,3.21815464426877
4,2021-07-30 11:20:00,12.188,"norwood.mouth",1.55,2.576
4,2021-07-30 11:35:00,11.938,"norwood.mouth",1.55,2.909
4,2021-07-30 11:45:00,12.125,"norwood.mouth",1.55,3.082
4,2021-07-30 12:00:00,11.812,"norwood.mouth",1.55,3.247
4,2021-07-30 12:10:00,11.812,"norwood.mouth",1.55,3.395
4,2021-07-30 12:20:00,11.625,"norwood.mouth",1.55,3.654
4,2021-07-30 12:35:00,11.875,"norwood.mouth",1.55,3.935
4,2021-07-30 12:45:00,12.062,"norwood.mouth",1.55,4.105
4,2021-07-30 13:00:00,11.688,"norwood.mouth",1.55,4.328
4,2021-07-30 13:10:00,11.688,"norwood.mouth",1.55,4.56
4,2021-07-30 13:20:00,11.812,"norwood.mouth",1.55,4.636
4,2021-07-30 13:35:00,12,"norwood.mouth",1.55,4.822
4,2021-07-30 13:45:00,12.062,"norwood.mouth",1.55,4.921
4,2021-07-30 14:00:00,11.812,"norwood.mouth",1.55,5.058
4,2021-07-30 14:10:00,12.125,"norwood.mouth",1.55,4.951
4,2021-07-30 14:20:00,12.125,"norwood.mouth",1.55,5.289
4,2021-07-30 14:35:00,12.75,"norwood.mouth",1.55,5.438
4,2021-07-30 14:45:00,12.312,"norwood.mouth",1.55,5.526
4,2021-07-30 15:00:00,12,"norwood.mouth",1.55,5.577
4,2021-07-30 15:10:00,12.812,"norwood.mouth",1.55,5.567
4,2021-07-30 15:20:00,12.188,"norwood.mouth",1.55,5.595
4,2021-07-30 15:35:00,11.875,"norwood.mouth",1.55,5.638
4,2021-07-30 15:45:00,12.375,"norwood.mouth",1.55,5.672
4,2021-07-30 16:00:00,14.562,"norwood.mouth",0.93438202247191,7.54678876404494
4,2021-07-30 16:10:00,12.312,"norwood.mouth",1.55,5.93
4,2021-07-30 16:20:00,12.188,"norwood.mouth",1.55,6.069
4,2021-07-30 16:35:00,12,"norwood.mouth",1.55,6.297
4,2021-07-30 16:45:00,12,"norwood.mouth",1.55,6.438
4,2021-07-30 17:00:00,11.938,"norwood.mouth",1.55,6.609
4,2021-07-30 17:10:00,12,"norwood.mouth",1.55,6.727
4,2021-07-30 17:20:00,12.062,"norwood.mouth",1.55,6.844
4,2021-07-30 17:35:00,11.75,"norwood.mouth",1.55,6.879
4,2021-07-30 17:45:00,12,"norwood.mouth",1.55,6.79
4,2021-07-30 18:00:00,12,"norwood.mouth",1.55,6.815
4,2021-07-30 18:10:00,12.438,"norwood.mouth",1.55,6.867
4,2021-07-30 18:20:00,11.938,"norwood.mouth",1.55,6.938
4,2021-07-30 18:35:00,12.375,"norwood.mouth",1.55,6.931
4,2021-07-30 18:45:00,12.188,"norwood.mouth",1.55,6.888
4,2021-07-30 19:00:00,12.188,"norwood.mouth",1.55,6.79
4,2021-07-30 19:10:00,12.25,"norwood.mouth",1.55,6.762
4,2021-07-30 19:20:00,12.125,"norwood.mouth",1.55,6.707
4,2021-07-30 19:35:00,12,"norwood.mouth",1.55,6.665
4,2021-07-30 19:45:00,12.125,"norwood.mouth",1.55,6.571
4,2021-07-30 20:00:00,12,"norwood.mouth",1.55,6.452
4,2021-07-30 20:10:00,12.312,"norwood.mouth",1.55,6.397
4,2021-07-30 20:20:00,12.688,"norwood.mouth",1.55,6.339
4,2021-07-30 20:35:00,13.812,"norwood.mouth",1.13599683544304,6.75045886075949
4,2021-07-30 20:45:00,12.062,"norwood.mouth",1.55,6.11
4,2021-07-30 21:00:00,11.688,"norwood.mouth",1.55,5.976
4,2021-07-30 21:10:00,11.5,"norwood.mouth",1.55,5.881
4,2021-07-30 21:20:00,11.75,"norwood.mouth",1.55,5.771
4,2021-07-30 21:35:00,11.688,"norwood.mouth",1.55,5.495
4,2021-07-30 21:45:00,12.438,"norwood.mouth",1.55,5.369
4,2021-07-30 22:00:00,11.75,"norwood.mouth",1.55,5.156
4,2021-07-30 22:10:00,11.75,"norwood.mouth",1.55,5.021
4,2021-07-30 22:20:00,11.875,"norwood.mouth",1.55,4.877
4,2021-07-30 22:35:00,11.688,"norwood.mouth",1.55,4.62
4,2021-07-30 22:45:00,11.688,"norwood.mouth",1.55,4.49
4,2021-07-30 23:00:00,11.625,"norwood.mouth",1.55,4.237
4,2021-07-30 23:10:00,11.625,"norwood.mouth",1.55,4.133
4,2021-07-30 23:20:00,11.625,"norwood.mouth",1.55,4
4,2021-07-30 23:35:00,11.625,"norwood.mouth",1.55,3.758
4,2021-07-30 23:45:00,11.688,"norwood.mouth",1.55,3.631
4,2021-07-31,11.562,"norwood.mouth",1.55,3.438
4,2021-07-31 00:10:00,11.5,"norwood.mouth",1.55,3.281
4,2021-07-31 00:20:00,11.625,"norwood.mouth",1.55,3.185
4,2021-07-31 00:35:00,12.375,"norwood.mouth",1.55,2.995
4,2021-07-31 00:45:00,14.125,"norwood.mouth",0.940901287553648,2.75257381974249
4,2021-07-31 01:00:00,11.562,"norwood.mouth",1.55,2.7
4,2021-07-31 01:10:00,11.5,"norwood.mouth",1.55,2.598
4,2021-07-31 01:20:00,11.562,"norwood.mouth",1.55,2.497
4,2021-07-31 01:35:00,11.812,"norwood.mouth",1.55,2.33
4,2021-07-31 01:45:00,11.5,"norwood.mouth",1.55,2.229
4,2021-07-31 02:00:00,11.625,"norwood.mouth",1.55,2.097
4,2021-07-31 02:10:00,11.812,"norwood.mouth",1.55,1.995
4,2021-07-31 02:20:00,12,"norwood.mouth",1.55,1.915
4,2021-07-31 02:35:00,12,"norwood.mouth",1.55,1.82
4,2021-07-31 02:45:00,11.938,"norwood.mouth",1.55,1.735
4,2021-07-31 03:00:00,11.812,"norwood.mouth",1.55,1.632
4,2021-07-31 03:10:00,11.812,"norwood.mouth",1.55,1.573
4,2021-07-31 03:20:00,12.188,"norwood.mouth",1.55,1.522
4,2021-07-31 03:35:00,12.188,"norwood.mouth",1.55,1.467
4,2021-07-31 03:45:00,12.188,"norwood.mouth",1.55,1.441
4,2021-07-31 04:00:00,12.125,"norwood.mouth",1.55,1.378
4,2021-07-31 04:10:00,12.25,"norwood.mouth",1.55,1.346
4,2021-07-31 04:20:00,12.125,"norwood.mouth",1.55,1.311
4,2021-07-31 04:35:00,12.375,"norwood.mouth",1.55,1.233
4,2021-07-31 04:45:00,12.312,"norwood.mouth",1.55,1.201
4,2021-07-31 05:00:00,12.188,"norwood.mouth",1.55,1.178
4,2021-07-31 05:10:00,12.188,"norwood.mouth",1.55,1.137
4,2021-07-31 05:20:00,12.125,"norwood.mouth",1.55,1.09
4,2021-07-31 05:35:00,12.438,"norwood.mouth",1.55,1.047
4,2021-07-31 05:45:00,12.312,"norwood.mouth",1.55,1.023
4,2021-07-31 06:00:00,12.688,"norwood.mouth",1.35832298136646,1.09427453416149
4,2021-07-31 06:10:00,12.375,"norwood.mouth",1.55,0.972
4,2021-07-31 06:20:00,12.625,"norwood.mouth",1.36205714285714,1.02657885714286
4,2021-07-31 06:35:00,12.5,"norwood.mouth",1.43939929328622,0.945459363957597
4,2021-07-31 06:45:00,12.938,"norwood.mouth",1.19802158273381,1.12046223021583
4,2021-07-31 07:00:00,12.562,"norwood.mouth",1.39339622641509,0.978283018867924
4,2021-07-31 07:10:00,12.75,"norwood.mouth",1.32732018561485,1.06591850348028
4,2021-07-31 07:20:00,12.5,"norwood.mouth",1.44877551020408,0.930393877551021
4,2021-07-31 07:35:00,12.312,"norwood.mouth",1.55,0.954
4,2021-07-31 07:45:00,12.312,"norwood.mouth",1.55,1.011
4,2021-07-31 08:00:00,12.312,"norwood.mouth",1.55,1.126
4,2021-07-31 08:10:00,12.25,"norwood.mouth",1.55,1.212
4,2021-07-31 08:20:00,11.875,"norwood.mouth",1.55,1.258
4,2021-07-31 08:35:00,12.75,"norwood.mouth",1.28893591293833,1.55998428053204
4,2021-07-31 08:45:00,12.375,"norwood.mouth",1.55,1.569
4,2021-07-31 09:00:00,11.938,"norwood.mouth",1.55,1.557
4,2021-07-31 09:10:00,11.938,"norwood.mouth",1.55,1.669
4,2021-07-31 09:20:00,11.875,"norwood.mouth",1.55,1.712
4,2021-07-31 09:35:00,11.812,"norwood.mouth",1.55,1.898
4,2021-07-31 09:45:00,11.688,"norwood.mouth",1.55,2.022
4,2021-07-31 10:00:00,11.812,"norwood.mouth",1.55,2.177
4,2021-07-31 10:10:00,11.75,"norwood.mouth",1.55,2.28
4,2021-07-31 10:20:00,11.688,"norwood.mouth",1.55,2.494
4,2021-07-31 10:35:00,11.688,"norwood.mouth",1.55,2.651
4,2021-07-31 10:45:00,11.688,"norwood.mouth",1.55,2.773
4,2021-07-31 11:00:00,11.625,"norwood.mouth",1.55,2.881
4,2021-07-31 11:10:00,12.125,"norwood.mouth",1.55,2.987
4,2021-07-31 11:20:00,11.688,"norwood.mouth",1.55,3.137
4,2021-07-31 11:35:00,11.5,"norwood.mouth",1.55,3.329
4,2021-07-31 11:45:00,11.625,"norwood.mouth",1.55,3.393
4,2021-07-31 12:00:00,12.438,"norwood.mouth",1.55,3.623
4,2021-07-31 12:10:00,11.5,"norwood.mouth",1.55,3.955
4,2021-07-31 12:20:00,12.062,"norwood.mouth",1.55,3.966
4,2021-07-31 12:35:00,11.625,"norwood.mouth",1.55,4.201
4,2021-07-31 12:45:00,12,"norwood.mouth",1.55,4.289
4,2021-07-31 13:00:00,11.438,"norwood.mouth",1.55,4.432
4,2021-07-31 13:10:00,11.5,"norwood.mouth",1.55,4.539
4,2021-07-31 13:20:00,12.25,"norwood.mouth",1.55,4.62
4,2021-07-31 13:35:00,11.5,"norwood.mouth",1.55,4.822
4,2021-07-31 13:45:00,11.438,"norwood.mouth",1.55,4.96
4,2021-07-31 14:00:00,11.75,"norwood.mouth",1.55,5.151
4,2021-07-31 14:10:00,11.5,"norwood.mouth",1.55,5.251
4,2021-07-31 14:20:00,11.812,"norwood.mouth",1.55,5.476
4,2021-07-31 14:35:00,11.625,"norwood.mouth",1.55,5.664
4,2021-07-31 14:45:00,11.625,"norwood.mouth",1.55,5.81
4,2021-07-31 15:00:00,11.5,"norwood.mouth",1.55,6.06
4,2021-07-31 15:10:00,11.688,"norwood.mouth",1.55,6.22
4,2021-07-31 15:20:00,11.625,"norwood.mouth",1.55,6.358
4,2021-07-31 15:35:00,11.812,"norwood.mouth",1.55,6.574
4,2021-07-31 15:45:00,11.75,"norwood.mouth",1.55,6.547
4,2021-07-31 16:00:00,11.688,"norwood.mouth",1.55,6.702
4,2021-07-31 16:10:00,11.875,"norwood.mouth",1.55,6.838
4,2021-07-31 16:20:00,11.875,"norwood.mouth",1.55,6.909
4,2021-07-31 16:35:00,12.062,"norwood.mouth",1.55,7.023
4,2021-07-31 16:45:00,12.125,"norwood.mouth",1.55,7.069
4,2021-07-31 17:00:00,12.625,"norwood.mouth",1.55,7.354
4,2021-07-31 17:10:00,12,"norwood.mouth",1.55,7.443
4,2021-07-31 17:20:00,12.062,"norwood.mouth",1.55,7.527
4,2021-07-31 17:35:00,12,"norwood.mouth",1.55,7.539
4,2021-07-31 17:45:00,12,"norwood.mouth",1.55,7.579
4,2021-07-31 18:00:00,11.938,"norwood.mouth",1.55,7.683
4,2021-07-31 18:10:00,12.375,"norwood.mouth",1.55,7.718
4,2021-07-31 18:20:00,12,"norwood.mouth",1.55,7.797
4,2021-07-31 18:35:00,12,"norwood.mouth",1.55,7.882
4,2021-07-31 18:45:00,11.938,"norwood.mouth",1.55,7.973
4,2021-07-31 19:00:00,12,"norwood.mouth",1.55,7.99
4,2021-07-31 19:10:00,11.938,"norwood.mouth",1.55,7.99
4,2021-07-31 19:20:00,11.875,"norwood.mouth",1.55,7.982
4,2021-07-31 19:35:00,11.875,"norwood.mouth",1.55,7.901
4,2021-07-31 19:45:00,12,"norwood.mouth",1.55,7.857
4,2021-07-31 20:00:00,11.875,"norwood.mouth",1.55,7.818
4,2021-07-31 20:10:00,11.812,"norwood.mouth",1.55,7.782
4,2021-07-31 20:20:00,11.812,"norwood.mouth",1.55,7.669
4,2021-07-31 20:35:00,11.875,"norwood.mouth",1.55,7.553
4,2021-07-31 20:45:00,12.25,"norwood.mouth",1.55,7.458
4,2021-07-31 21:00:00,12.062,"norwood.mouth",1.55,7.319
4,2021-07-31 21:10:00,11.938,"norwood.mouth",1.55,7.23
4,2021-07-31 21:20:00,11.75,"norwood.mouth",1.55,7.132
4,2021-07-31 21:35:00,11.812,"norwood.mouth",1.55,6.996
4,2021-07-31 21:45:00,11.688,"norwood.mouth",1.55,6.816
4,2021-07-31 22:00:00,11.625,"norwood.mouth",1.55,6.655
4,2021-07-31 22:10:00,11.625,"norwood.mouth",1.55,6.53
4,2021-07-31 22:20:00,11.688,"norwood.mouth",1.55,6.385
4,2021-07-31 22:35:00,11.625,"norwood.mouth",1.55,6.12
4,2021-07-31 22:45:00,13.125,"norwood.mouth",1.35901883052527,5.88044003964321
4,2021-07-31 23:00:00,11.688,"norwood.mouth",1.55,5.699
4,2021-07-31 23:10:00,11.625,"norwood.mouth",1.55,5.525
4,2021-07-31 23:20:00,11.75,"norwood.mouth",1.55,5.265
4,2021-07-31 23:35:00,11.688,"norwood.mouth",1.55,5.086
4,2021-07-31 23:45:00,11.938,"norwood.mouth",1.55,4.932
4,2021-08-01,11.688,"norwood.mouth",1.55,4.76
4,2021-08-01 00:10:00,11.75,"norwood.mouth",1.55,4.588
4,2021-08-01 00:20:00,11.75,"norwood.mouth",1.55,4.364
4,2021-08-01 00:35:00,11.812,"norwood.mouth",1.55,4.028
4,2021-08-01 00:45:00,11.625,"norwood.mouth",1.55,3.889
4,2021-08-01 01:00:00,11.875,"norwood.mouth",1.55,3.662
4,2021-08-01 01:10:00,11.625,"norwood.mouth",1.55,3.54
4,2021-08-01 01:20:00,11.5,"norwood.mouth",1.55,3.382
4,2021-08-01 01:35:00,11.5,"norwood.mouth",1.55,3.093
4,2021-08-01 01:45:00,11.5,"norwood.mouth",1.55,3.014
4,2021-08-01 02:00:00,11.375,"norwood.mouth",1.55,2.874
4,2021-08-01 02:10:00,11.312,"norwood.mouth",1.55,2.734
4,2021-08-01 02:20:00,11.562,"norwood.mouth",1.55,2.596
4,2021-08-01 02:35:00,11.5,"norwood.mouth",1.55,2.437
4,2021-08-01 02:45:00,11.5,"norwood.mouth",1.55,2.334
4,2021-08-01 03:00:00,11.562,"norwood.mouth",1.55,2.2
4,2021-08-01 03:10:00,11.625,"norwood.mouth",1.55,2.109
4,2021-08-01 03:20:00,11.625,"norwood.mouth",1.55,2.026
4,2021-08-01 03:35:00,11.75,"norwood.mouth",1.55,1.917
4,2021-08-01 03:45:00,11.625,"norwood.mouth",1.55,1.815
4,2021-08-01 04:00:00,11.625,"norwood.mouth",1.55,1.766
4,2021-08-01 04:10:00,11.562,"norwood.mouth",1.55,1.705
4,2021-08-01 04:20:00,11.75,"norwood.mouth",1.55,1.642
4,2021-08-01 04:35:00,11.75,"norwood.mouth",1.55,1.531
4,2021-08-01 04:45:00,11.812,"norwood.mouth",1.55,1.47
4,2021-08-01 05:00:00,11.75,"norwood.mouth",1.55,1.4
4,2021-08-01 05:10:00,11.812,"norwood.mouth",1.55,1.345
4,2021-08-01 05:20:00,11.812,"norwood.mouth",1.55,1.335
4,2021-08-01 05:35:00,11.938,"norwood.mouth",1.55,1.294
4,2021-08-01 05:45:00,12.688,"norwood.mouth",1.35889261744966,1.42711493288591
4,2021-08-01 06:00:00,12.062,"norwood.mouth",1.55,1.209
4,2021-08-01 06:10:00,12.125,"norwood.mouth",1.55,1.175
4,2021-08-01 06:20:00,12.312,"norwood.mouth",1.55,1.167
4,2021-08-01 06:35:00,12.188,"norwood.mouth",1.55,1.117
4,2021-08-01 06:45:00,11.938,"norwood.mouth",1.55,1.105
4,2021-08-01 07:00:00,12,"norwood.mouth",1.55,1.075
4,2021-08-01 07:10:00,12.312,"norwood.mouth",1.55,1.087
4,2021-08-01 07:20:00,11.938,"norwood.mouth",1.55,1.077
4,2021-08-01 07:35:00,11.812,"norwood.mouth",1.55,1.112
4,2021-08-01 07:45:00,11.875,"norwood.mouth",1.55,1.112
4,2021-08-01 08:00:00,11.75,"norwood.mouth",1.55,1.167
4,2021-08-01 08:10:00,11.938,"norwood.mouth",1.55,1.19
4,2021-08-01 08:20:00,11.938,"norwood.mouth",1.55,1.211
4,2021-08-01 08:35:00,11.938,"norwood.mouth",1.55,1.261
4,2021-08-01 08:45:00,11.875,"norwood.mouth",1.55,1.322
4,2021-08-01 09:00:00,11.625,"norwood.mouth",1.55,1.457
4,2021-08-01 09:10:00,11.625,"norwood.mouth",1.55,1.515
4,2021-08-01 09:20:00,11.75,"norwood.mouth",1.55,1.538
4,2021-08-01 09:35:00,11.625,"norwood.mouth",1.55,1.668
4,2021-08-01 09:45:00,11.625,"norwood.mouth",1.55,1.687
4,2021-08-01 10:00:00,11.5,"norwood.mouth",1.55,1.821
4,2021-08-01 10:10:00,11.562,"norwood.mouth",1.55,1.934
4,2021-08-01 10:20:00,11.688,"norwood.mouth",1.55,2.037
4,2021-08-01 10:35:00,11.5,"norwood.mouth",1.55,2.202
4,2021-08-01 10:45:00,11.625,"norwood.mouth",1.55,2.311
4,2021-08-01 11:00:00,11.438,"norwood.mouth",1.55,2.359
4,2021-08-01 11:10:00,11.688,"norwood.mouth",1.55,2.45
4,2021-08-01 11:20:00,11.375,"norwood.mouth",1.55,2.576
4,2021-08-01 11:35:00,11.562,"norwood.mouth",1.55,2.722
4,2021-08-01 11:45:00,11.688,"norwood.mouth",1.55,3.022
4,2021-08-01 12:00:00,11.562,"norwood.mouth",1.55,3.352
4,2021-08-01 12:10:00,11.5,"norwood.mouth",1.55,3.468
4,2021-08-01 12:20:00,11.562,"norwood.mouth",1.55,3.964
4,2021-08-01 12:35:00,11.562,"norwood.mouth",1.55,4.013
4,2021-08-01 12:45:00,11.562,"norwood.mouth",1.55,4.112
4,2021-08-01 13:00:00,11.562,"norwood.mouth",1.55,4.456
4,2021-08-01 13:10:00,11.5,"norwood.mouth",1.55,4.601
4,2021-08-01 13:20:00,11.5,"norwood.mouth",1.55,4.69
4,2021-08-01 13:35:00,11.562,"norwood.mouth",1.55,4.91
4,2021-08-01 13:45:00,11.625,"norwood.mouth",1.55,5.098
4,2021-08-01 14:00:00,11.688,"norwood.mouth",1.55,5.436
4,2021-08-01 14:10:00,11.812,"norwood.mouth",1.55,5.63
4,2021-08-01 14:20:00,11.875,"norwood.mouth",1.55,5.833
4,2021-08-01 14:35:00,11.75,"norwood.mouth",1.55,6.05
4,2021-08-01 14:45:00,11.938,"norwood.mouth",1.55,6.174
4,2021-08-01 15:00:00,12.312,"norwood.mouth",1.55,6.334
4,2021-08-01 15:10:00,12.062,"norwood.mouth",1.55,6.41
4,2021-08-01 15:20:00,12.188,"norwood.mouth",1.55,6.577
4,2021-08-01 15:35:00,12.188,"norwood.mouth",1.55,6.805
4,2021-08-01 15:45:00,12.125,"norwood.mouth",1.55,6.955
4,2021-08-01 16:00:00,12.062,"norwood.mouth",1.55,7.252
4,2021-08-01 16:10:00,12.188,"norwood.mouth",1.55,7.401
4,2021-08-01 16:20:00,12.188,"norwood.mouth",1.55,7.487
4,2021-08-01 16:35:00,12.125,"norwood.mouth",1.55,7.62
4,2021-08-01 16:45:00,12.25,"norwood.mouth",1.55,7.74
4,2021-08-01 17:00:00,12.25,"norwood.mouth",1.55,7.921
4,2021-08-01 17:10:00,12.312,"norwood.mouth",1.55,8.075
4,2021-08-01 17:20:00,12.375,"norwood.mouth",1.55,8.262
4,2021-08-01 17:35:00,12.562,"norwood.mouth",1.55,8.327
4,2021-08-01 17:45:00,12.625,"norwood.mouth",1.55,8.355
4,2021-08-01 18:00:00,12.625,"norwood.mouth",1.55,8.371
4,2021-08-01 18:10:00,13.188,"norwood.mouth",1.55,8.462
4,2021-08-01 18:20:00,12.688,"norwood.mouth",1.55,8.539
4,2021-08-01 18:35:00,12.625,"norwood.mouth",1.55,8.596
4,2021-08-01 18:45:00,12.688,"norwood.mouth",1.55,8.674
4,2021-08-01 19:00:00,12.75,"norwood.mouth",1.55,8.844
4,2021-08-01 19:10:00,12.625,"norwood.mouth",1.55,8.864
4,2021-08-01 19:20:00,12.938,"norwood.mouth",1.55,8.86
4,2021-08-01 19:35:00,12.938,"norwood.mouth",1.55,8.894
4,2021-08-01 19:45:00,12.625,"norwood.mouth",1.55,8.827
4,2021-08-01 20:00:00,12.625,"norwood.mouth",1.55,8.574
4,2021-08-01 20:10:00,12.438,"norwood.mouth",1.55,8.464
4,2021-08-01 20:20:00,12.812,"norwood.mouth",1.55,8.417
4,2021-08-01 20:35:00,12.312,"norwood.mouth",1.55,8.289
4,2021-08-01 20:45:00,12.688,"norwood.mouth",1.55,8.139
4,2021-08-01 21:00:00,15.438,"norwood.mouth",0.945702179176755,7.9713686440678
4,2021-08-01 21:10:00,12.312,"norwood.mouth",1.55,7.805
4,2021-08-01 21:20:00,12.5,"norwood.mouth",1.55,7.627
4,2021-08-01 21:35:00,12.312,"norwood.mouth",1.55,7.319
4,2021-08-01 21:45:00,12.312,"norwood.mouth",1.55,7.097
4,2021-08-01 22:00:00,12.25,"norwood.mouth",1.55,6.844
4,2021-08-01 22:10:00,12.812,"norwood.mouth",1.55,6.674
4,2021-08-01 22:20:00,12.5,"norwood.mouth",1.55,6.439
4,2021-08-01 22:35:00,12.375,"norwood.mouth",1.55,6.171
4,2021-08-01 22:45:00,13.625,"norwood.mouth",1.38048780487805,5.82619512195122
4,2021-08-01 23:00:00,12.438,"norwood.mouth",1.55,5.567
4,2021-08-01 23:10:00,12.25,"norwood.mouth",1.55,5.381
4,2021-08-01 23:20:00,12.125,"norwood.mouth",1.55,5.159
4,2021-08-01 23:35:00,12.125,"norwood.mouth",1.55,4.818
4,2021-08-01 23:45:00,11.875,"norwood.mouth",1.55,4.583
4,2021-08-02,11.812,"norwood.mouth",1.55,4.206
4,2021-08-02 00:10:00,11.75,"norwood.mouth",1.55,3.936
4,2021-08-02 00:20:00,11.812,"norwood.mouth",1.55,3.729
4,2021-08-02 00:35:00,12,"norwood.mouth",1.55,3.465
4,2021-08-02 00:45:00,11.812,"norwood.mouth",1.55,3.345
4,2021-08-02 01:00:00,11.688,"norwood.mouth",1.55,3.295
4,2021-08-02 01:10:00,12,"norwood.mouth",1.55,3.133
4,2021-08-02 01:20:00,11.812,"norwood.mouth",1.55,3
4,2021-08-02 01:35:00,11.75,"norwood.mouth",1.55,2.818
4,2021-08-02 01:45:00,11.875,"norwood.mouth",1.55,2.674
4,2021-08-02 02:00:00,11.875,"norwood.mouth",1.55,2.467
4,2021-08-02 02:10:00,11.75,"norwood.mouth",1.55,2.334
4,2021-08-02 02:20:00,12.188,"norwood.mouth",1.55,2.174
4,2021-08-02 02:35:00,11.875,"norwood.mouth",1.55,2.026
4,2021-08-02 02:45:00,12,"norwood.mouth",1.55,1.845
4,2021-08-02 03:00:00,12.125,"norwood.mouth",1.55,1.805
4,2021-08-02 03:10:00,12.062,"norwood.mouth",1.55,1.694
4,2021-08-02 03:20:00,12.062,"norwood.mouth",1.55,1.621
4,2021-08-02 03:35:00,12.25,"norwood.mouth",1.55,1.524
4,2021-08-02 03:45:00,12.25,"norwood.mouth",1.55,1.498
4,2021-08-02 04:00:00,12.688,"norwood.mouth",1.55,1.41
4,2021-08-02 04:10:00,12.875,"norwood.mouth",1.42614345114345,1.36457042619543
4,2021-08-02 04:20:00,12.625,"norwood.mouth",1.55,1.287
4,2021-08-02 04:35:00,12.5,"norwood.mouth",1.55,1.212
4,2021-08-02 04:45:00,12.812,"norwood.mouth",1.4932502596054,1.17
4,2021-08-02 05:00:00,12.562,"norwood.mouth",1.55,1.089
4,2021-08-02 05:10:00,12.688,"norwood.mouth",1.55,1.066
4,2021-08-02 05:20:00,12.625,"norwood.mouth",1.55,1.028
4,2021-08-02 05:35:00,12.812,"norwood.mouth",1.39944933920705,1.07287334801762
4,2021-08-02 05:45:00,12.812,"norwood.mouth",1.43379446640316,0.98644466403162
4,2021-08-02 06:00:00,12.812,"norwood.mouth",1.3808721506442,1.04448488602577
4,2021-08-02 06:10:00,12.75,"norwood.mouth",1.3988864142539,0.986195991091314
4,2021-08-02 06:20:00,13.312,"norwood.mouth",1.13037234042553,1.234525
4,2021-08-02 06:35:00,12.688,"norwood.mouth",1.4207399103139,0.916793161434977
4,2021-08-02 06:45:00,12.812,"norwood.mouth",1.38755458515284,0.940935225618631
4,2021-08-02 07:00:00,12.812,"norwood.mouth",1.3836032388664,0.927677462887988
4,2021-08-02 07:10:00,12.938,"norwood.mouth",1.30022446689113,1.08139421997755
4,2021-08-02 07:20:00,12.812,"norwood.mouth",1.3709315375982,0.957308454919565
4,2021-08-02 07:35:00,12.688,"norwood.mouth",1.42289442467378,0.905378904705418
4,2021-08-02 07:45:00,12.875,"norwood.mouth",1.29442282749676,1.09861824470385
4,2021-08-02 08:00:00,12.562,"norwood.mouth",1.48616600790514,0.948
4,2021-08-02 08:10:00,12.5,"norwood.mouth",1.55,0.946
4,2021-08-02 08:20:00,12.688,"norwood.mouth",1.40012970168612,1.03881322957198
4,2021-08-02 08:35:00,12.5,"norwood.mouth",1.46222222222222,0.993
4,2021-08-02 08:45:00,13.688,"norwood.mouth",0.957590909090909,2.07320431818182
4,2021-08-02 09:00:00,12.375,"norwood.mouth",1.55,1.147
4,2021-08-02 09:10:00,12.5,"norwood.mouth",1.48448275862069,1.193
4,2021-08-02 09:20:00,12.375,"norwood.mouth",1.55,1.227
4,2021-08-02 09:35:00,12.438,"norwood.mouth",1.55,1.382
4,2021-08-02 09:45:00,12.625,"norwood.mouth",1.44098573281453,1.4878757025508
4,2021-08-02 10:00:00,12.562,"norwood.mouth",1.48125836680054,1.599
4,2021-08-02 10:10:00,12.562,"norwood.mouth",1.49681020733652,1.653
4,2021-08-02 10:20:00,12.375,"norwood.mouth",1.55,1.689
4,2021-08-02 10:35:00,12.25,"norwood.mouth",1.55,1.745
4,2021-08-02 10:45:00,12.125,"norwood.mouth",1.55,1.933
4,2021-08-02 11:00:00,12.5,"norwood.mouth",1.45166666666667,2.097
4,2021-08-02 11:10:00,12.062,"norwood.mouth",1.55,2.179
4,2021-08-02 11:20:00,11.875,"norwood.mouth",1.55,2.329
4,2021-08-02 11:35:00,12.188,"norwood.mouth",1.55,2.554
4,2021-08-02 11:45:00,12.75,"norwood.mouth",1.49305555555556,2.697
4,2021-08-02 12:00:00,13.125,"norwood.mouth",1.40935334872979,3.07931254811393
4,2021-08-02 12:10:00,12.5,"norwood.mouth",1.55,3.137
4,2021-08-02 12:20:00,12,"norwood.mouth",1.55,3.41
4,2021-08-02 12:35:00,12.562,"norwood.mouth",1.55,3.701
4,2021-08-02 12:45:00,13.125,"norwood.mouth",1.49206349206349,3.923
4,2021-08-02 13:00:00,12.5,"norwood.mouth",1.55,4.07
4,2021-08-02 13:10:00,12.75,"norwood.mouth",1.55,4.19
4,2021-08-02 13:20:00,12,"norwood.mouth",1.55,4.362
4,2021-08-02 13:35:00,11.875,"norwood.mouth",1.55,4.621
4,2021-08-02 13:45:00,12.875,"norwood.mouth",1.55,4.771
4,2021-08-02 14:00:00,12.062,"norwood.mouth",1.55,5.177
4,2021-08-02 14:10:00,12.438,"norwood.mouth",1.55,5.342
4,2021-08-02 14:20:00,12.5,"norwood.mouth",1.55,5.524
4,2021-08-02 14:35:00,12.438,"norwood.mouth",1.55,5.882
4,2021-08-02 14:45:00,12.312,"norwood.mouth",1.55,6.04
4,2021-08-02 15:00:00,12.25,"norwood.mouth",1.55,6.21
4,2021-08-02 15:10:00,12.375,"norwood.mouth",1.55,6.434
4,2021-08-02 15:20:00,13.125,"norwood.mouth",1.55,6.571
4,2021-08-02 15:35:00,12.688,"norwood.mouth",1.55,6.765
4,2021-08-02 15:45:00,13.188,"norwood.mouth",1.55,6.948
4,2021-08-02 16:00:00,12.938,"norwood.mouth",1.55,7.138
4,2021-08-02 16:10:00,13.062,"norwood.mouth",1.55,7.297
4,2021-08-02 16:20:00,12.688,"norwood.mouth",1.55,7.427
4,2021-08-02 16:35:00,12.625,"norwood.mouth",1.55,7.695
4,2021-08-02 16:45:00,12.812,"norwood.mouth",1.55,7.794
4,2021-08-02 17:00:00,12.688,"norwood.mouth",1.55,7.915
4,2021-08-02 17:10:00,12.625,"norwood.mouth",1.55,8.005
4,2021-08-02 17:20:00,13.25,"norwood.mouth",1.55,8.192
4,2021-08-02 17:35:00,12.688,"norwood.mouth",1.55,8.341
4,2021-08-02 17:45:00,13,"norwood.mouth",1.55,8.353
4,2021-08-02 18:00:00,12.875,"norwood.mouth",1.55,8.473
4,2021-08-02 18:10:00,12.812,"norwood.mouth",1.55,8.58
4,2021-08-02 18:20:00,13.062,"norwood.mouth",1.55,8.613
4,2021-08-02 18:35:00,13.125,"norwood.mouth",1.55,8.672
4,2021-08-02 18:45:00,12.75,"norwood.mouth",1.55,8.763
4,2021-08-02 19:00:00,13.062,"norwood.mouth",1.55,8.736
4,2021-08-02 19:10:00,12.812,"norwood.mouth",1.55,8.706
4,2021-08-02 19:20:00,12.5,"norwood.mouth",1.55,8.741
4,2021-08-02 19:35:00,12.625,"norwood.mouth",1.55,8.691
4,2021-08-02 19:45:00,12.562,"norwood.mouth",1.55,8.649
4,2021-08-02 20:00:00,12.5,"norwood.mouth",1.55,8.555
4,2021-08-02 20:10:00,12.625,"norwood.mouth",1.55,8.552
4,2021-08-02 20:20:00,12.75,"norwood.mouth",1.55,8.462
4,2021-08-02 20:35:00,12.75,"norwood.mouth",1.55,8.236
4,2021-08-02 20:45:00,12.312,"norwood.mouth",1.55,8.128
4,2021-08-02 21:00:00,12.75,"norwood.mouth",1.55,7.952
4,2021-08-02 21:10:00,12.438,"norwood.mouth",1.55,7.822
4,2021-08-02 21:20:00,12.562,"norwood.mouth",1.55,7.675
4,2021-08-02 21:35:00,12.438,"norwood.mouth",1.55,7.407
4,2021-08-02 21:45:00,12.562,"norwood.mouth",1.55,7.076
4,2021-08-02 22:00:00,13.688,"norwood.mouth",1.38071253071253,6.81998034398034
4,2021-08-02 22:10:00,12.375,"norwood.mouth",1.55,6.609
4,2021-08-02 22:20:00,12.125,"norwood.mouth",1.55,6.444
4,2021-08-02 22:35:00,12.062,"norwood.mouth",1.55,6.213
4,2021-08-02 22:45:00,12.125,"norwood.mouth",1.55,5.961
4,2021-08-02 23:00:00,12,"norwood.mouth",1.55,5.702
4,2021-08-02 23:10:00,11.938,"norwood.mouth",1.55,5.403
4,2021-08-02 23:20:00,11.938,"norwood.mouth",1.55,5.187
4,2021-08-02 23:35:00,12,"norwood.mouth",1.55,4.88
4,2021-08-02 23:45:00,12,"norwood.mouth",1.55,4.689
4,2021-08-03,11.938,"norwood.mouth",1.55,4.402
4,2021-08-03 00:10:00,11.812,"norwood.mouth",1.55,4.236
4,2021-08-03 00:20:00,11.812,"norwood.mouth",1.55,4.044
4,2021-08-03 00:35:00,11.938,"norwood.mouth",1.55,3.725
4,2021-08-03 00:45:00,12,"norwood.mouth",1.55,3.506
4,2021-08-03 01:00:00,11.812,"norwood.mouth",1.55,3.155
4,2021-08-03 01:10:00,11.812,"norwood.mouth",1.55,3.007
4,2021-08-03 01:20:00,11.625,"norwood.mouth",1.55,2.857
4,2021-08-03 01:35:00,12.062,"norwood.mouth",1.55,2.712
4,2021-08-03 01:45:00,11.812,"norwood.mouth",1.55,2.547
4,2021-08-03 02:00:00,11.562,"norwood.mouth",1.55,2.377
4,2021-08-03 02:10:00,11.688,"norwood.mouth",1.55,2.261
4,2021-08-03 02:20:00,11.562,"norwood.mouth",1.55,2.135
4,2021-08-03 02:35:00,11.688,"norwood.mouth",1.55,1.977
4,2021-08-03 02:45:00,11.75,"norwood.mouth",1.55,1.807
4,2021-08-03 03:00:00,11.938,"norwood.mouth",1.55,1.679
4,2021-08-03 03:10:00,11.938,"norwood.mouth",1.55,1.613
4,2021-08-03 03:20:00,11.938,"norwood.mouth",1.55,1.541
4,2021-08-03 03:35:00,12.188,"norwood.mouth",1.55,1.46
4,2021-08-03 03:45:00,12.438,"norwood.mouth",1.55,1.397
4,2021-08-03 04:00:00,12.625,"norwood.mouth",1.55,1.339
4,2021-08-03 04:10:00,12.5,"norwood.mouth",1.55,1.326
4,2021-08-03 04:20:00,12.438,"norwood.mouth",1.55,1.285
4,2021-08-03 04:35:00,12.5,"norwood.mouth",1.55,1.187
4,2021-08-03 04:45:00,12.438,"norwood.mouth",1.55,1.134
4,2021-08-03 05:00:00,12.312,"norwood.mouth",1.55,1.052
4,2021-08-03 05:10:00,12.75,"norwood.mouth",1.47729468599034,0.929
4,2021-08-03 05:20:00,12.562,"norwood.mouth",1.55,0.977
4,2021-08-03 05:35:00,12.438,"norwood.mouth",1.55,0.94
4,2021-08-03 05:45:00,12.688,"norwood.mouth",1.48465703971119,0.808
4,2021-08-03 06:00:00,12.688,"norwood.mouth",1.46217712177122,0.85
4,2021-08-03 06:10:00,12.938,"norwood.mouth",1.31983805668016,1.11698987854251
4,2021-08-03 06:20:00,13.062,"norwood.mouth",1.25708502024292,1.19442139001349
4,2021-08-03 06:35:00,13.25,"norwood.mouth",1.14107883817427,1.31326452282158
4,2021-08-03 06:45:00,12.875,"norwood.mouth",1.34271217712177,1.04062899753997
4,2021-08-03 07:00:00,12.812,"norwood.mouth",1.35931174089069,1.03748852901484
4,2021-08-03 07:10:00,12.75,"norwood.mouth",1.38785046728972,0.963003894080996
4,2021-08-03 07:20:00,12.562,"norwood.mouth",1.47384007897335,0.837
4,2021-08-03 07:35:00,12.812,"norwood.mouth",1.35044422507404,1.0734967094439
4,2021-08-03 07:45:00,12.875,"norwood.mouth",1.31934846989141,1.17202278710102
4,2021-08-03 08:00:00,12.812,"norwood.mouth",1.33882978723404,1.11954787234042
4,2021-08-03 08:10:00,12.75,"norwood.mouth",1.3718085106383,1.1225664893617
4,2021-08-03 08:20:00,12.438,"norwood.mouth",1.55,0.995
4,2021-08-03 08:35:00,12.438,"norwood.mouth",1.55,1.035
4,2021-08-03 08:45:00,12.375,"norwood.mouth",1.55,1.137
4,2021-08-03 09:00:00,12.5,"norwood.mouth",1.49383561643836,1.177
4,2021-08-03 09:10:00,12.688,"norwood.mouth",1.38406735751295,1.41747992227979
4,2021-08-03 09:20:00,12.562,"norwood.mouth",1.46768292682927,1.301
4,2021-08-03 09:35:00,12.375,"norwood.mouth",1.55,1.411
4,2021-08-03 09:45:00,12.562,"norwood.mouth",1.49748427672956,1.551
4,2021-08-03 10:00:00,12.25,"norwood.mouth",1.55,1.606
4,2021-08-03 10:10:00,12.5,"norwood.mouth",1.46708074534161,1.711
4,2021-08-03 10:20:00,12.312,"norwood.mouth",1.55,1.771
4,2021-08-03 10:35:00,12.25,"norwood.mouth",1.55,1.995
4,2021-08-03 10:45:00,12.062,"norwood.mouth",1.55,2.032
4,2021-08-03 11:00:00,12.188,"norwood.mouth",1.55,2.248
4,2021-08-03 11:10:00,12.188,"norwood.mouth",1.55,2.328
4,2021-08-03 11:20:00,12.375,"norwood.mouth",1.55,2.433
4,2021-08-03 11:35:00,12.062,"norwood.mouth",1.55,2.718
4,2021-08-03 11:45:00,13.125,"norwood.mouth",1.42038539553753,3.07399121027721
4,2021-08-03 12:00:00,12,"norwood.mouth",1.55,3.19
4,2021-08-03 12:10:00,12.062,"norwood.mouth",1.55,3.454
4,2021-08-03 12:20:00,12.125,"norwood.mouth",1.55,3.585
4,2021-08-03 12:35:00,11.812,"norwood.mouth",1.55,3.873
4,2021-08-03 12:45:00,12.125,"norwood.mouth",1.55,4.034
4,2021-08-03 13:00:00,12.125,"norwood.mouth",1.55,4.282
4,2021-08-03 13:10:00,11.812,"norwood.mouth",1.55,4.461
4,2021-08-03 13:20:00,12.125,"norwood.mouth",1.55,4.556
4,2021-08-03 13:35:00,12,"norwood.mouth",1.55,4.878
4,2021-08-03 13:45:00,11.875,"norwood.mouth",1.55,5.031
4,2021-08-03 14:00:00,12,"norwood.mouth",1.55,5.346
4,2021-08-03 14:10:00,11.875,"norwood.mouth",1.55,5.518
4,2021-08-03 14:20:00,12,"norwood.mouth",1.55,5.728
4,2021-08-03 14:35:00,12.062,"norwood.mouth",1.55,5.97
4,2021-08-03 14:45:00,12.062,"norwood.mouth",1.55,6.124
4,2021-08-03 15:00:00,12.062,"norwood.mouth",1.55,6.255
4,2021-08-03 15:10:00,12.25,"norwood.mouth",1.55,6.44
4,2021-08-03 15:20:00,12.125,"norwood.mouth",1.55,6.638
4,2021-08-03 15:35:00,12.625,"norwood.mouth",1.55,6.849
4,2021-08-03 15:45:00,12.625,"norwood.mouth",1.55,7.007
4,2021-08-03 16:00:00,13,"norwood.mouth",1.55,7.237
4,2021-08-03 16:10:00,12.312,"norwood.mouth",1.55,7.371
4,2021-08-03 16:20:00,12.25,"norwood.mouth",1.55,7.49
4,2021-08-03 16:35:00,12.25,"norwood.mouth",1.55,7.658
4,2021-08-03 16:45:00,12.25,"norwood.mouth",1.55,7.779
4,2021-08-03 17:00:00,12.375,"norwood.mouth",1.55,7.876
4,2021-08-03 17:10:00,12.188,"norwood.mouth",1.55,7.909
4,2021-08-03 17:20:00,12.312,"norwood.mouth",1.55,8.046
4,2021-08-03 17:35:00,12.75,"norwood.mouth",1.55,8.236
4,2021-08-03 17:45:00,12.312,"norwood.mouth",1.55,8.332
4,2021-08-03 18:00:00,12.75,"norwood.mouth",1.55,8.424
4,2021-08-03 18:10:00,12.25,"norwood.mouth",1.55,8.469
4,2021-08-03 18:20:00,12.5,"norwood.mouth",1.55,8.549
4,2021-08-03 18:35:00,12.438,"norwood.mouth",1.55,8.649
4,2021-08-03 18:45:00,12.312,"norwood.mouth",1.55,8.671
4,2021-08-03 19:00:00,12.625,"norwood.mouth",1.55,8.705
4,2021-08-03 19:10:00,12.312,"norwood.mouth",1.55,8.648
4,2021-08-03 19:20:00,12.438,"norwood.mouth",1.55,8.6
4,2021-08-03 19:35:00,12.812,"norwood.mouth",1.55,8.551
4,2021-08-03 19:45:00,12.438,"norwood.mouth",1.55,8.527
4,2021-08-03 20:00:00,12.625,"norwood.mouth",1.55,8.4
4,2021-08-03 20:10:00,12.375,"norwood.mouth",1.55,8.32
4,2021-08-03 20:20:00,12.188,"norwood.mouth",1.55,8.206
4,2021-08-03 20:35:00,12.25,"norwood.mouth",1.55,8.054
4,2021-08-03 20:45:00,12.125,"norwood.mouth",1.55,7.942
4,2021-08-03 21:00:00,12.062,"norwood.mouth",1.55,7.757
4,2021-08-03 21:10:00,12.125,"norwood.mouth",1.55,7.595
4,2021-08-03 21:20:00,12.125,"norwood.mouth",1.55,7.418
4,2021-08-03 21:35:00,12.125,"norwood.mouth",1.55,7.117
4,2021-08-03 21:45:00,12.375,"norwood.mouth",1.55,6.866
4,2021-08-03 22:00:00,12.562,"norwood.mouth",1.55,6.571
4,2021-08-03 22:10:00,12.125,"norwood.mouth",1.55,6.367
4,2021-08-03 22:20:00,11.938,"norwood.mouth",1.55,6.084
4,2021-08-03 22:35:00,12.062,"norwood.mouth",1.55,5.74
4,2021-08-03 22:45:00,12.062,"norwood.mouth",1.55,5.503
4,2021-08-03 23:00:00,12.125,"norwood.mouth",1.55,5.176
4,2021-08-03 23:10:00,12.5,"norwood.mouth",1.55,4.947
4,2021-08-03 23:20:00,11.812,"norwood.mouth",1.55,4.691
4,2021-08-03 23:35:00,11.938,"norwood.mouth",1.55,4.32
4,2021-08-03 23:45:00,11.875,"norwood.mouth",1.55,4.167
4,2021-08-04,12.375,"norwood.mouth",1.55,3.873
4,2021-08-04 00:10:00,11.75,"norwood.mouth",1.55,3.675
4,2021-08-04 00:20:00,11.688,"norwood.mouth",1.55,3.529
4,2021-08-04 00:35:00,11.75,"norwood.mouth",1.55,3.251
4,2021-08-04 00:45:00,11.75,"norwood.mouth",1.55,3.081
4,2021-08-04 01:00:00,11.812,"norwood.mouth",1.55,2.821
4,2021-08-04 01:10:00,11.812,"norwood.mouth",1.55,2.666
4,2021-08-04 01:20:00,11.5,"norwood.mouth",1.55,2.553
4,2021-08-04 01:35:00,11.438,"norwood.mouth",1.55,2.305
4,2021-08-04 01:45:00,11.75,"norwood.mouth",1.55,2.204
4,2021-08-04 02:00:00,11.75,"norwood.mouth",1.55,2.077
4,2021-08-04 02:10:00,11.438,"norwood.mouth",1.55,1.958
4,2021-08-04 02:20:00,11.75,"norwood.mouth",1.55,1.844
4,2021-08-04 02:35:00,11.938,"norwood.mouth",1.55,1.727
4,2021-08-04 02:45:00,12.438,"norwood.mouth",1.55,1.628
4,2021-08-04 03:00:00,12.312,"norwood.mouth",1.55,1.49
4,2021-08-04 03:10:00,12.438,"norwood.mouth",1.55,1.428
4,2021-08-04 03:20:00,12.562,"norwood.mouth",1.55,1.342
4,2021-08-04 03:35:00,12.625,"norwood.mouth",1.55,1.264
4,2021-08-04 03:45:00,12.5,"norwood.mouth",1.55,1.204
4,2021-08-04 04:00:00,12.625,"norwood.mouth",1.55,1.12
4,2021-08-04 04:10:00,12.625,"norwood.mouth",1.55,1.061
4,2021-08-04 04:20:00,12.812,"norwood.mouth",1.45796241345203,1.035
4,2021-08-04 04:35:00,12.688,"norwood.mouth",1.55,0.978
4,2021-08-04 04:45:00,12.625,"norwood.mouth",1.55,0.972
4,2021-08-04 05:00:00,12.688,"norwood.mouth",1.55,0.986
4,2021-08-04 05:10:00,12.75,"norwood.mouth",1.47675568743818,0.941
4,2021-08-04 05:20:00,13.062,"norwood.mouth",1.27357212003872,1.25385939012585
4,2021-08-04 05:35:00,12.688,"norwood.mouth",1.48320158102767,0.857
4,2021-08-04 05:45:00,12.812,"norwood.mouth",1.41605166051661,0.900857318573184
4,2021-08-04 06:00:00,12.688,"norwood.mouth",1.46217712177122,0.66
4,2021-08-04 06:10:00,12.812,"norwood.mouth",1.33836443468716,1.00006421514819
4,2021-08-04 06:20:00,12.75,"norwood.mouth",1.39776357827476,0.867976837060703
4,2021-08-04 06:35:00,13.062,"norwood.mouth",1.25098814229249,1.23958399209486
4,2021-08-04 06:45:00,12.75,"norwood.mouth",1.40943396226415,0.821721698113207
4,2021-08-04 07:00:00,12.625,"norwood.mouth",1.45707547169811,0.732
4,2021-08-04 07:10:00,12.625,"norwood.mouth",1.45154419595314,0.741
4,2021-08-04 07:20:00,12.5,"norwood.mouth",1.45277777777778,0.767
4,2021-08-04 07:35:00,12.625,"norwood.mouth",1.44987035436474,0.794329299913569
4,2021-08-04 07:45:00,12.562,"norwood.mouth",1.46947004608295,0.819
4,2021-08-04 08:00:00,12.625,"norwood.mouth",1.43497757847534,0.855707772795216
4,2021-08-04 08:10:00,12.5,"norwood.mouth",1.48815789473684,0.828
4,2021-08-04 08:20:00,12.438,"norwood.mouth",1.55,0.835
4,2021-08-04 08:35:00,12.375,"norwood.mouth",1.55,0.91
4,2021-08-04 08:45:00,13.375,"norwood.mouth",1.00115207373272,1.9240153609831
4,2021-08-04 09:00:00,12.375,"norwood.mouth",1.55,0.996
4,2021-08-04 09:10:00,12.188,"norwood.mouth",1.55,1.004
4,2021-08-04 09:20:00,12.062,"norwood.mouth",1.55,1.055
4,2021-08-04 09:35:00,12.062,"norwood.mouth",1.55,1.101
4,2021-08-04 09:45:00,11.938,"norwood.mouth",1.55,1.22
4,2021-08-04 10:00:00,12.125,"norwood.mouth",1.55,1.337
4,2021-08-04 10:10:00,12,"norwood.mouth",1.55,1.39
4,2021-08-04 10:20:00,12,"norwood.mouth",1.55,1.449
4,2021-08-04 10:35:00,12.188,"norwood.mouth",1.55,1.52
4,2021-08-04 10:45:00,11.812,"norwood.mouth",1.55,1.62
4,2021-08-04 11:00:00,12.188,"norwood.mouth",1.55,1.716
4,2021-08-04 11:10:00,11.875,"norwood.mouth",1.55,1.822
4,2021-08-04 11:20:00,12,"norwood.mouth",1.55,1.934
4,2021-08-04 11:35:00,11.875,"norwood.mouth",1.55,2.222
4,2021-08-04 11:45:00,11.125,"norwood.mouth",1.55,2.543
4,2021-08-04 12:00:00,10.938,"norwood.mouth",1.55,3.102
4,2021-08-04 12:10:00,11,"norwood.mouth",1.55,3.059
4,2021-08-04 12:20:00,11.125,"norwood.mouth",1.55,3.256
4,2021-08-04 12:35:00,11.375,"norwood.mouth",1.55,3.503
4,2021-08-04 12:45:00,11.312,"norwood.mouth",1.55,3.697
4,2021-08-04 13:00:00,11.375,"norwood.mouth",1.55,3.991
4,2021-08-04 13:10:00,11.312,"norwood.mouth",1.55,4.154
4,2021-08-04 13:20:00,11.375,"norwood.mouth",1.55,4.266
4,2021-08-04 13:35:00,11.375,"norwood.mouth",1.55,4.425
4,2021-08-04 13:45:00,11.438,"norwood.mouth",1.55,4.574
4,2021-08-04 14:00:00,11.312,"norwood.mouth",1.55,4.838
4,2021-08-04 14:10:00,11.312,"norwood.mouth",1.55,5.009
4,2021-08-04 14:20:00,11.938,"norwood.mouth",1.55,5.261
4,2021-08-04 14:35:00,12.125,"norwood.mouth",1.55,5.45
4,2021-08-04 14:45:00,12.625,"norwood.mouth",1.55,5.671
4,2021-08-04 15:00:00,12.125,"norwood.mouth",1.55,5.948
4,2021-08-04 15:10:00,12.062,"norwood.mouth",1.55,6.107
4,2021-08-04 15:20:00,12.125,"norwood.mouth",1.55,6.266
4,2021-08-04 15:35:00,12.25,"norwood.mouth",1.55,6.572
4,2021-08-04 15:45:00,12.188,"norwood.mouth",1.55,6.645
4,2021-08-04 16:00:00,12.5,"norwood.mouth",1.55,6.904
4,2021-08-04 16:10:00,12.625,"norwood.mouth",1.55,7.104
4,2021-08-04 16:20:00,12.75,"norwood.mouth",1.55,7.218
4,2021-08-04 16:35:00,12.5,"norwood.mouth",1.55,7.391
4,2021-08-04 16:45:00,12.438,"norwood.mouth",1.55,7.547
4,2021-08-04 17:00:00,12.5,"norwood.mouth",1.55,7.803
4,2021-08-04 17:10:00,12.438,"norwood.mouth",1.55,7.933
4,2021-08-04 17:20:00,12.5,"norwood.mouth",1.55,8.052
4,2021-08-04 17:35:00,12.438,"norwood.mouth",1.55,8.221
4,2021-08-04 17:45:00,12.5,"norwood.mouth",1.55,8.36
4,2021-08-04 18:00:00,12.5,"norwood.mouth",1.55,8.544
4,2021-08-04 18:10:00,12.5,"norwood.mouth",1.55,8.59
4,2021-08-04 18:20:00,12.688,"norwood.mouth",1.55,8.62
4,2021-08-04 18:35:00,12.938,"norwood.mouth",1.55,8.648
4,2021-08-04 18:45:00,12.625,"norwood.mouth",1.55,8.723
4,2021-08-04 19:00:00,12.562,"norwood.mouth",1.55,8.764
4,2021-08-04 19:10:00,12.562,"norwood.mouth",1.55,8.747
4,2021-08-04 19:20:00,12.75,"norwood.mouth",1.55,8.691
4,2021-08-04 19:35:00,12.438,"norwood.mouth",1.55,8.674
4,2021-08-04 19:45:00,12.5,"norwood.mouth",1.55,8.607
4,2021-08-04 20:00:00,12.438,"norwood.mouth",1.55,8.461
4,2021-08-04 20:10:00,12.438,"norwood.mouth",1.55,8.461
4,2021-08-04 20:20:00,12.375,"norwood.mouth",1.55,8.405
4,2021-08-04 20:35:00,12.25,"norwood.mouth",1.55,8.242
4,2021-08-04 20:45:00,12.25,"norwood.mouth",1.55,8.114
4,2021-08-04 21:00:00,12.25,"norwood.mouth",1.55,7.925
4,2021-08-04 21:10:00,12.5,"norwood.mouth",1.55,7.789
4,2021-08-04 21:20:00,12.125,"norwood.mouth",1.55,7.575
4,2021-08-04 21:35:00,12.812,"norwood.mouth",1.55,7.281
4,2021-08-04 21:45:00,12.875,"norwood.mouth",1.55,7.092
4,2021-08-04 22:00:00,12.312,"norwood.mouth",1.55,6.782
4,2021-08-04 22:10:00,11.875,"norwood.mouth",1.55,6.57
4,2021-08-04 22:20:00,11.875,"norwood.mouth",1.55,6.36
4,2021-08-04 22:35:00,12,"norwood.mouth",1.55,6.022
4,2021-08-04 22:45:00,12,"norwood.mouth",1.55,5.805
4,2021-08-04 23:00:00,12,"norwood.mouth",1.55,5.437
4,2021-08-04 23:10:00,12.062,"norwood.mouth",1.55,5.222
4,2021-08-04 23:20:00,12.125,"norwood.mouth",1.55,5.011
4,2021-08-04 23:35:00,12.188,"norwood.mouth",1.55,4.664
4,2021-08-04 23:45:00,12.562,"norwood.mouth",1.55,4.423
4,2021-08-05,12,"norwood.mouth",1.55,4.094
4,2021-08-05 00:10:00,11.875,"norwood.mouth",1.55,3.86
4,2021-08-05 00:20:00,13.438,"norwood.mouth",1.36439267886855,3.64017262895175
4,2021-08-05 00:35:00,11.812,"norwood.mouth",1.55,3.404
4,2021-08-05 00:45:00,11.625,"norwood.mouth",1.55,3.258
4,2021-08-05 01:00:00,11.625,"norwood.mouth",1.55,2.961
4,2021-08-05 01:10:00,11.625,"norwood.mouth",1.55,2.866
4,2021-08-05 01:20:00,11.438,"norwood.mouth",1.55,2.732
4,2021-08-05 01:35:00,11.688,"norwood.mouth",1.55,2.512
4,2021-08-05 01:45:00,12.625,"norwood.mouth",1.55,2.376
4,2021-08-05 02:00:00,11.5,"norwood.mouth",1.55,2.205
4,2021-08-05 02:10:00,11.438,"norwood.mouth",1.55,2.082
4,2021-08-05 02:20:00,13.375,"norwood.mouth",1.32071547420965,2.16303743760399
4,2021-08-05 02:35:00,11.75,"norwood.mouth",1.55,1.811
4,2021-08-05 02:45:00,11.812,"norwood.mouth",1.55,1.721
4,2021-08-05 03:00:00,12.25,"norwood.mouth",1.55,1.611
4,2021-08-05 03:10:00,12.438,"norwood.mouth",1.55,1.538
4,2021-08-05 03:20:00,12.562,"norwood.mouth",1.55,1.446
4,2021-08-05 03:35:00,12.438,"norwood.mouth",1.55,1.367
4,2021-08-05 03:45:00,12.625,"norwood.mouth",1.55,1.282
4,2021-08-05 04:00:00,12.688,"norwood.mouth",1.55,1.245
4,2021-08-05 04:10:00,12.812,"norwood.mouth",1.47183748845799,1.152
4,2021-08-05 04:20:00,12.875,"norwood.mouth",1.44145420207743,1.11096639911867
4,2021-08-05 04:35:00,12.938,"norwood.mouth",1.39385727190605,1.17511683227943
4,2021-08-05 04:45:00,12.938,"norwood.mouth",1.39385727190605,1.14066041854863
4,2021-08-05 05:00:00,12.875,"norwood.mouth",1.41690821256039,1.0581690821256
4,2021-08-05 05:10:00,12.75,"norwood.mouth",1.46603773584906,0.918
4,2021-08-05 05:20:00,13.125,"norwood.mouth",1.28274907749077,1.26068696186962
4,2021-08-05 05:35:00,13.188,"norwood.mouth",1.28134796238245,1.25473772204807
4,2021-08-05 05:45:00,12.75,"norwood.mouth",1.45207667731629,0.874
4,2021-08-05 06:00:00,13,"norwood.mouth",1.32220216606498,1.10682671480144
4,2021-08-05 06:10:00,13.125,"norwood.mouth",1.27075971731449,1.24151339811543
4,2021-08-05 06:20:00,13.062,"norwood.mouth",1.27859778597786,1.3920565805658
4,2021-08-05 06:35:00,12.688,"norwood.mouth",1.44635627530364,0.802058704453441
4,2021-08-05 06:45:00,12.938,"norwood.mouth",1.32411067193676,1.03755533596838
4,2021-08-05 07:00:00,13.188,"norwood.mouth",1.18873517786561,1.40487351778656
4,2021-08-05 07:10:00,12.875,"norwood.mouth",1.35047169811321,1.00717610062893
4,2021-08-05 07:20:00,12.812,"norwood.mouth",1.36583011583012,0.955522522522521
4,2021-08-05 07:35:00,13.062,"norwood.mouth",1.23279352226721,1.3264318488529
4,2021-08-05 07:45:00,12.938,"norwood.mouth",1.27328843995511,1.17541629255518
4,2021-08-05 08:00:00,13.125,"norwood.mouth",1.15916955017301,1.45605824682814
4,2021-08-05 08:10:00,12.688,"norwood.mouth",1.40715767634855,1.00453734439834
4,2021-08-05 08:20:00,12.688,"norwood.mouth",1.40229257641921,1.07793486171761
4,2021-08-05 08:35:00,12.812,"norwood.mouth",1.32546082949309,1.305285906298
4,2021-08-05 08:45:00,12.625,"norwood.mouth",1.43668122270742,1.15579075691412
4,2021-08-05 09:00:00,12.625,"norwood.mouth",1.45186721991701,1.229
4,2021-08-05 09:10:00,12.938,"norwood.mouth",1.29315332690453,1.83721640951463
4,2021-08-05 09:20:00,12.438,"norwood.mouth",1.46098901098901,1.421
4,2021-08-05 09:35:00,12.5,"norwood.mouth",1.4955,1.525
4,2021-08-05 09:45:00,12.312,"norwood.mouth",1.55,1.602
4,2021-08-05 10:00:00,12.312,"norwood.mouth",1.55,1.716
4,2021-08-05 10:10:00,12.25,"norwood.mouth",1.55,1.815
4,2021-08-05 10:20:00,12.312,"norwood.mouth",1.55,1.92
4,2021-08-05 10:35:00,12.25,"norwood.mouth",1.55,2.058
4,2021-08-05 10:45:00,12.625,"norwood.mouth",1.46240179573513,2.16
4,2021-08-05 11:00:00,12.125,"norwood.mouth",1.55,2.333
4,2021-08-05 11:10:00,12.188,"norwood.mouth",1.55,2.424
4,2021-08-05 11:20:00,13.062,"norwood.mouth",1.22161172161172,3.73220573870574
4,2021-08-05 11:35:00,12.812,"norwood.mouth",1.37423687423687,3.22531237281237
4,2021-08-05 11:45:00,13.188,"norwood.mouth",1.18231441048035,4.41540902474527
4,2021-08-05 12:00:00,12.625,"norwood.mouth",1.49810606060606,3.121
4,2021-08-05 12:10:00,12.875,"norwood.mouth",1.36626637554585,3.74685443959243
4,2021-08-05 12:20:00,12.562,"norwood.mouth",1.47424242424242,3.369
4,2021-08-05 12:35:00,12.062,"norwood.mouth",1.55,3.565
4,2021-08-05 12:45:00,12.188,"norwood.mouth",1.55,3.712
4,2021-08-05 13:00:00,12.312,"norwood.mouth",1.55,3.885
4,2021-08-05 13:10:00,12.625,"norwood.mouth",1.47913385826772,3.988
4,2021-08-05 13:20:00,12.438,"norwood.mouth",1.55,4.095
4,2021-08-05 13:35:00,12.75,"norwood.mouth",1.49305555555556,4.239
4,2021-08-05 13:45:00,12.25,"norwood.mouth",1.55,4.461
4,2021-08-05 14:00:00,12.125,"norwood.mouth",1.55,4.732
4,2021-08-05 14:10:00,12.312,"norwood.mouth",1.55,4.934
4,2021-08-05 14:20:00,12.625,"norwood.mouth",1.55,5.133
4,2021-08-05 14:35:00,12.125,"norwood.mouth",1.55,5.499
4,2021-08-05 14:45:00,12,"norwood.mouth",1.55,5.668
4,2021-08-05 15:00:00,12.125,"norwood.mouth",1.55,5.809
4,2021-08-05 15:10:00,12.188,"norwood.mouth",1.55,5.836
4,2021-08-05 15:20:00,12.562,"norwood.mouth",1.55,6.014
4,2021-08-05 15:35:00,13,"norwood.mouth",1.43824228028504,6.08348159144893
4,2021-08-05 15:45:00,12.062,"norwood.mouth",1.55,6.3
4,2021-08-05 16:00:00,12.438,"norwood.mouth",1.55,6.451
4,2021-08-05 16:10:00,12.75,"norwood.mouth",1.55,6.53
4,2021-08-05 16:20:00,13.312,"norwood.mouth",1.32120582120582,7.28538617463617
4,2021-08-05 16:35:00,12.25,"norwood.mouth",1.55,6.878
4,2021-08-05 16:45:00,12.188,"norwood.mouth",1.55,6.973
4,2021-08-05 17:00:00,12.188,"norwood.mouth",1.55,7.164
4,2021-08-05 17:10:00,12.312,"norwood.mouth",1.55,7.301
4,2021-08-05 17:20:00,12.562,"norwood.mouth",1.55,7.417
4,2021-08-05 17:35:00,11.75,"norwood.mouth",1.55,7.501
4,2021-08-05 17:45:00,11.875,"norwood.mouth",1.55,7.692
4,2021-08-05 18:00:00,11.75,"norwood.mouth",1.55,7.789
4,2021-08-05 18:10:00,11.812,"norwood.mouth",1.55,7.842
4,2021-08-05 18:20:00,11.688,"norwood.mouth",1.55,7.828
4,2021-08-05 18:35:00,11.688,"norwood.mouth",1.55,7.923
4,2021-08-05 18:45:00,11.688,"norwood.mouth",1.55,7.878
4,2021-08-05 19:00:00,11.688,"norwood.mouth",1.55,7.96
4,2021-08-05 19:10:00,12.188,"norwood.mouth",1.55,7.96
4,2021-08-05 19:20:00,11.688,"norwood.mouth",1.55,7.899
4,2021-08-05 19:35:00,11.625,"norwood.mouth",1.55,7.75
4,2021-08-05 19:45:00,11.688,"norwood.mouth",1.55,7.883
4,2021-08-05 20:00:00,11.625,"norwood.mouth",1.55,7.832
4,2021-08-05 20:10:00,11.5,"norwood.mouth",1.55,7.752
4,2021-08-05 20:20:00,11.625,"norwood.mouth",1.55,7.615
4,2021-08-05 20:35:00,11.562,"norwood.mouth",1.55,7.355
4,2021-08-05 20:45:00,11.562,"norwood.mouth",1.55,7.155
4,2021-08-05 21:00:00,11.75,"norwood.mouth",1.55,6.935
4,2021-08-05 21:10:00,11.75,"norwood.mouth",1.55,6.732
4,2021-08-05 21:20:00,11.875,"norwood.mouth",1.55,6.621
4,2021-08-05 21:35:00,12.438,"norwood.mouth",1.55,6.455
4,2021-08-05 21:45:00,13.125,"norwood.mouth",1.30664294187426,6.65482512850929
4,2021-08-05 22:00:00,11.312,"norwood.mouth",1.55,6.282
4,2021-08-05 22:10:00,11.625,"norwood.mouth",1.55,6.128
4,2021-08-05 22:20:00,11.688,"norwood.mouth",1.55,5.963
4,2021-08-05 22:35:00,12.5,"norwood.mouth",1.55,5.692
4,2021-08-05 22:45:00,11.5,"norwood.mouth",1.55,5.522
4,2021-08-05 23:00:00,11.938,"norwood.mouth",1.55,5.201
4,2021-08-05 23:10:00,12.375,"norwood.mouth",1.55,5.012
4,2021-08-05 23:20:00,11.562,"norwood.mouth",1.55,4.793
4,2021-08-05 23:35:00,14.812,"norwood.mouth",0.927884615384615,5.18115384615385
4,2021-08-05 23:45:00,14.562,"norwood.mouth",0.932976827094474,5.03458749257279
4,2021-08-06,12.125,"norwood.mouth",1.55,4.12
4,2021-08-06 00:10:00,11.938,"norwood.mouth",1.55,3.957
4,2021-08-06 00:20:00,11.812,"norwood.mouth",1.55,3.86
4,2021-08-06 00:35:00,12.062,"norwood.mouth",1.55,3.456
4,2021-08-06 00:45:00,11.562,"norwood.mouth",1.55,3.409
4,2021-08-06 01:00:00,11.375,"norwood.mouth",1.55,3.24
4,2021-08-06 01:10:00,12.562,"norwood.mouth",1.55,3.025
4,2021-08-06 01:20:00,11.562,"norwood.mouth",1.55,2.833
4,2021-08-06 01:35:00,11.312,"norwood.mouth",1.55,2.708
4,2021-08-06 01:45:00,11.812,"norwood.mouth",1.55,2.572
4,2021-08-06 02:00:00,11.812,"norwood.mouth",1.55,2.399
4,2021-08-06 02:10:00,11.438,"norwood.mouth",1.55,2.314
4,2021-08-06 02:20:00,11.625,"norwood.mouth",1.55,2.193
4,2021-08-06 02:35:00,11.438,"norwood.mouth",1.55,2.038
4,2021-08-06 02:45:00,11.5,"norwood.mouth",1.55,1.923
4,2021-08-06 03:00:00,11.5,"norwood.mouth",1.55,1.823
4,2021-08-06 03:10:00,11.375,"norwood.mouth",1.55,1.755
4,2021-08-06 03:20:00,11.438,"norwood.mouth",1.55,1.692
4,2021-08-06 03:35:00,11.5,"norwood.mouth",1.55,1.569
4,2021-08-06 03:45:00,11.562,"norwood.mouth",1.55,1.514
4,2021-08-06 04:00:00,11.5,"norwood.mouth",1.55,1.347
4,2021-08-06 04:10:00,11.562,"norwood.mouth",1.55,1.374
4,2021-08-06 04:20:00,11.688,"norwood.mouth",1.55,1.241
4,2021-08-06 04:35:00,11.75,"norwood.mouth",1.55,1.145
4,2021-08-06 04:45:00,11.625,"norwood.mouth",1.55,1.124
4,2021-08-06 05:00:00,11.75,"norwood.mouth",1.55,1.048
4,2021-08-06 05:10:00,11.75,"norwood.mouth",1.55,1.094
4,2021-08-06 05:20:00,11.875,"norwood.mouth",1.55,1.044
4,2021-08-06 05:35:00,11.812,"norwood.mouth",1.55,1
4,2021-08-06 05:45:00,12.125,"norwood.mouth",1.55,0.934
4,2021-08-06 06:00:00,12.312,"norwood.mouth",1.55,0.867
4,2021-08-06 06:10:00,12.125,"norwood.mouth",1.55,0.862
4,2021-08-06 06:20:00,12.062,"norwood.mouth",1.55,0.866
4,2021-08-06 06:35:00,12.125,"norwood.mouth",1.55,0.815
4,2021-08-06 06:45:00,11.875,"norwood.mouth",1.55,0.78
4,2021-08-06 07:00:00,12.062,"norwood.mouth",1.55,0.766
4,2021-08-06 07:10:00,12,"norwood.mouth",1.55,0.82
4,2021-08-06 07:20:00,12.125,"norwood.mouth",1.55,0.775
4,2021-08-06 07:35:00,12.375,"norwood.mouth",1.48140276301807,0.863
4,2021-08-06 07:45:00,12,"norwood.mouth",1.55,0.846
4,2021-08-06 08:00:00,11.938,"norwood.mouth",1.55,0.934
4,2021-08-06 08:10:00,11.938,"norwood.mouth",1.55,0.983
4,2021-08-06 08:20:00,11.938,"norwood.mouth",1.55,0.97
4,2021-08-06 08:35:00,11.875,"norwood.mouth",1.55,1.046
4,2021-08-06 08:45:00,11.938,"norwood.mouth",1.55,1.148
4,2021-08-06 09:00:00,11.812,"norwood.mouth",1.55,1.152
4,2021-08-06 09:10:00,11.875,"norwood.mouth",1.55,1.138
4,2021-08-06 09:20:00,11.938,"norwood.mouth",1.55,1.208
4,2021-08-06 09:35:00,11.812,"norwood.mouth",1.55,1.358
4,2021-08-06 09:45:00,11.875,"norwood.mouth",1.55,1.316
4,2021-08-06 10:00:00,11.875,"norwood.mouth",1.55,1.486
4,2021-08-06 10:10:00,11.688,"norwood.mouth",1.55,1.593
4,2021-08-06 10:20:00,11.625,"norwood.mouth",1.55,1.826
4,2021-08-06 10:35:00,11.625,"norwood.mouth",1.55,1.928
4,2021-08-06 10:45:00,11.562,"norwood.mouth",1.55,2.066
4,2021-08-06 11:00:00,11.812,"norwood.mouth",1.55,2.394
4,2021-08-06 11:10:00,11.562,"norwood.mouth",1.55,2.535
4,2021-08-06 11:20:00,11.625,"norwood.mouth",1.55,2.746
4,2021-08-06 11:35:00,11.625,"norwood.mouth",1.55,2.994
4,2021-08-06 11:45:00,11.625,"norwood.mouth",1.55,3.152
4,2021-08-06 12:00:00,11.75,"norwood.mouth",1.55,3.465
4,2021-08-06 12:10:00,11.5,"norwood.mouth",1.55,3.777
4,2021-08-06 12:20:00,11.625,"norwood.mouth",1.55,3.857
4,2021-08-06 12:35:00,11.5,"norwood.mouth",1.55,4.083
4,2021-08-06 12:45:00,11.5,"norwood.mouth",1.55,4.394
4,2021-08-06 13:00:00,11.625,"norwood.mouth",1.55,4.66
4,2021-08-06 13:10:00,11.625,"norwood.mouth",1.55,4.946
4,2021-08-06 13:20:00,11.5,"norwood.mouth",1.55,4.968
4,2021-08-06 13:35:00,11.625,"norwood.mouth",1.55,4.19
4,2021-08-06 13:45:00,11.5,"norwood.mouth",1.55,1.089
4,2021-08-06 14:00:00,11.688,"norwood.mouth",1.55,5.289
4,2021-08-06 14:10:00,11.688,"norwood.mouth",1.55,5.444
4,2021-08-06 14:20:00,11.688,"norwood.mouth",1.55,5.801
4,2021-08-06 14:35:00,11.875,"norwood.mouth",1.55,6.292
4,2021-08-06 14:45:00,11.875,"norwood.mouth",1.55,6.232
4,2021-08-06 15:00:00,12,"norwood.mouth",1.55,6.499
4,2021-08-06 15:10:00,12.438,"norwood.mouth",1.55,6.519
4,2021-08-06 15:20:00,12,"norwood.mouth",1.55,6.672
4,2021-08-06 15:35:00,12.375,"norwood.mouth",1.55,7.199
4,2021-08-06 15:45:00,12.125,"norwood.mouth",1.55,7.261
4,2021-08-06 16:00:00,12,"norwood.mouth",1.55,7.538
4,2021-08-06 16:10:00,12.062,"norwood.mouth",1.55,7.685
4,2021-08-06 16:20:00,12.188,"norwood.mouth",1.55,7.687
4,2021-08-06 16:35:00,12.438,"norwood.mouth",1.55,7.851
4,2021-08-06 16:45:00,12.25,"norwood.mouth",1.55,7.926
4,2021-08-06 17:00:00,12.5,"norwood.mouth",1.55,8.092
4,2021-08-06 17:10:00,12.125,"norwood.mouth",1.55,8.191
4,2021-08-06 17:20:00,12.188,"norwood.mouth",1.55,8.317
4,2021-08-06 17:35:00,12.75,"norwood.mouth",1.55,8.466
4,2021-08-06 17:45:00,12.438,"norwood.mouth",1.55,8.612
4,2021-08-06 18:00:00,12.25,"norwood.mouth",1.55,8.758
4,2021-08-06 18:10:00,12.375,"norwood.mouth",1.55,8.867
4,2021-08-06 18:20:00,12.5,"norwood.mouth",1.55,8.778
4,2021-08-06 18:35:00,12.375,"norwood.mouth",1.55,8.954
4,2021-08-06 18:45:00,12.438,"norwood.mouth",1.55,8.932
4,2021-08-06 19:00:00,12.25,"norwood.mouth",1.55,8.987
4,2021-08-06 19:10:00,12.562,"norwood.mouth",1.55,9.012
4,2021-08-06 19:20:00,12.375,"norwood.mouth",1.55,9.02
4,2021-08-06 19:35:00,12.438,"norwood.mouth",1.55,8.94
4,2021-08-06 19:45:00,12.5,"norwood.mouth",1.55,8.863
4,2021-08-06 20:00:00,12.5,"norwood.mouth",1.55,8.668
4,2021-08-06 20:10:00,12.5,"norwood.mouth",1.55,8.55
4,2021-08-06 20:20:00,12.375,"norwood.mouth",1.55,8.375
4,2021-08-06 20:35:00,12.25,"norwood.mouth",1.55,8.144
4,2021-08-06 20:45:00,12.312,"norwood.mouth",1.55,7.98
4,2021-08-06 21:00:00,12.062,"norwood.mouth",1.55,7.598
4,2021-08-06 21:10:00,12.188,"norwood.mouth",1.55,7.457
4,2021-08-06 21:20:00,12.125,"norwood.mouth",1.55,7.262
4,2021-08-06 21:35:00,13.312,"norwood.mouth",1.47152777777778,6.781
4,2021-08-06 21:45:00,11.938,"norwood.mouth",1.55,6.423
4,2021-08-06 22:00:00,12.688,"norwood.mouth",1.55,5.896
4,2021-08-06 22:10:00,12.125,"norwood.mouth",1.55,5.718
4,2021-08-06 22:20:00,12.375,"norwood.mouth",1.55,5.531
4,2021-08-06 22:35:00,12.125,"norwood.mouth",1.55,5.152
4,2021-08-06 22:45:00,12.062,"norwood.mouth",1.55,4.875
4,2021-08-06 23:00:00,12,"norwood.mouth",1.55,4.503
4,2021-08-06 23:10:00,12,"norwood.mouth",1.55,4.258
4,2021-08-06 23:20:00,11.875,"norwood.mouth",1.55,4.075
4,2021-08-06 23:35:00,12.125,"norwood.mouth",1.55,3.794
4,2021-08-06 23:45:00,12.188,"norwood.mouth",1.55,3.684
4,2021-08-07,12.188,"norwood.mouth",1.55,3.429
4,2021-08-07 00:10:00,13.938,"norwood.mouth",1.17509293680297,3.76371654275093
4,2021-08-07 00:20:00,12,"norwood.mouth",1.55,3.131
4,2021-08-07 00:35:00,12.562,"norwood.mouth",1.55,2.866
4,2021-08-07 00:45:00,12.625,"norwood.mouth",1.55,2.614
4,2021-08-07 01:00:00,12.5,"norwood.mouth",1.55,2.416
4,2021-08-07 01:10:00,14.375,"norwood.mouth",1.04296100462657,3.22026977307777
4,2021-08-07 01:20:00,12.312,"norwood.mouth",1.55,2.189
4,2021-08-07 01:35:00,12.375,"norwood.mouth",1.55,1.967
4,2021-08-07 01:45:00,12.25,"norwood.mouth",1.55,1.848
4,2021-08-07 02:00:00,12.312,"norwood.mouth",1.55,1.658
4,2021-08-07 02:10:00,12.25,"norwood.mouth",1.55,1.593
4,2021-08-07 02:20:00,12.312,"norwood.mouth",1.55,1.512
4,2021-08-07 02:35:00,12.5,"norwood.mouth",1.55,1.376
4,2021-08-07 02:45:00,12.312,"norwood.mouth",1.55,1.345
4,2021-08-07 03:00:00,12.375,"norwood.mouth",1.55,1.239
4,2021-08-07 03:10:00,12.438,"norwood.mouth",1.55,1.165
4,2021-08-07 03:20:00,12.562,"norwood.mouth",1.55,1.141
4,2021-08-07 03:35:00,12.562,"norwood.mouth",1.55,1.051
4,2021-08-07 03:45:00,12.875,"norwood.mouth",1.4707467282525,1.003
4,2021-08-07 04:00:00,12.625,"norwood.mouth",1.55,0.923
4,2021-08-07 04:10:00,12.562,"norwood.mouth",1.55,0.862
4,2021-08-07 04:20:00,12.875,"norwood.mouth",1.44275161588181,0.81977593105571
4,2021-08-07 04:35:00,12.875,"norwood.mouth",1.42315680166147,0.823120543440637
4,2021-08-07 04:45:00,12.812,"norwood.mouth",1.4464856230032,0.786452076677315
4,2021-08-07 05:00:00,12.625,"norwood.mouth",1.48116883116883,0.763
4,2021-08-07 05:10:00,12.75,"norwood.mouth",1.46819787985866,0.729
4,2021-08-07 05:20:00,12.75,"norwood.mouth",1.45667870036101,0.619
4,2021-08-07 05:35:00,12.938,"norwood.mouth",1.37931034482759,0.751005747126436
4,2021-08-07 05:45:00,12.812,"norwood.mouth",1.4192789968652,0.65499895506792
4,2021-08-07 06:00:00,13.062,"norwood.mouth",1.29872204472843,0.81034637912673
4,2021-08-07 06:10:00,13,"norwood.mouth",1.32680250783699,0.723581504702195
4,2021-08-07 06:20:00,12.812,"norwood.mouth",1.38220338983051,0.597259887005649
4,2021-08-07 06:35:00,12.875,"norwood.mouth",1.33848190644307,0.61954670491321
4,2021-08-07 06:45:00,13.125,"norwood.mouth",1.24941268598277,0.790479574523623
4,2021-08-07 07:00:00,13.062,"norwood.mouth",1.23985572587917,0.980481364592726
4,2021-08-07 07:10:00,12.938,"norwood.mouth",1.30008826125331,0.77281465136805
4,2021-08-07 07:20:00,13.062,"norwood.mouth",1.250622406639,0.885727178423235
4,2021-08-07 07:35:00,12.875,"norwood.mouth",1.31334535617674,0.768843101893598
4,2021-08-07 07:45:00,12.812,"norwood.mouth",1.36990363232024,0.748990795651099
4,2021-08-07 08:00:00,12.688,"norwood.mouth",1.39152981849611,0.642265557476233
4,2021-08-07 08:10:00,12.562,"norwood.mouth",1.44239631336406,0.565889400921659
4,2021-08-07 08:20:00,12.625,"norwood.mouth",1.40248962655602,0.633859958506225
4,2021-08-07 08:35:00,12.812,"norwood.mouth",1.3159594095941,0.815740774907748
4,2021-08-07 08:45:00,12.688,"norwood.mouth",1.38589211618257,0.695146265560166
4,2021-08-07 09:00:00,12.562,"norwood.mouth",1.41650579150579,0.55659009009009
4,2021-08-07 09:10:00,12.562,"norwood.mouth",1.41650579150579,0.55666731016731
4,2021-08-07 09:20:00,12.625,"norwood.mouth",1.374156219865,0.648134924461587
4,2021-08-07 09:35:00,12.438,"norwood.mouth",1.45856662933931,0.488
4,2021-08-07 09:45:00,12.375,"norwood.mouth",1.4946962391514,0.534
4,2021-08-07 10:00:00,12.25,"norwood.mouth",1.55,0.452
4,2021-08-07 10:10:00,12.562,"norwood.mouth",1.42459514170041,0.688046558704452
4,2021-08-07 10:20:00,12.5,"norwood.mouth",1.4360599078341,0.875329493087559
4,2021-08-07 10:35:00,12.438,"norwood.mouth",1.46512723845429,0.793
4,2021-08-07 10:45:00,12.312,"norwood.mouth",1.47523809523809,0.824
4,2021-08-07 11:00:00,12.25,"norwood.mouth",1.55,0.884
4,2021-08-07 11:10:00,12.312,"norwood.mouth",1.45737704918033,0.932
4,2021-08-07 11:20:00,12.25,"norwood.mouth",1.55,0.991
4,2021-08-07 11:35:00,12.438,"norwood.mouth",1.48904761904762,1.351
4,2021-08-07 11:45:00,12.25,"norwood.mouth",1.55,1.561
4,2021-08-07 12:00:00,12.75,"norwood.mouth",1.49137323943662,2.093
4,2021-08-07 12:10:00,12.562,"norwood.mouth",1.45034843205575,2.274
4,2021-08-07 12:20:00,12.25,"norwood.mouth",1.55,2.513
4,2021-08-07 12:35:00,12.125,"norwood.mouth",1.55,2.697
4,2021-08-07 12:45:00,12.188,"norwood.mouth",1.55,2.885
4,2021-08-07 13:00:00,12.375,"norwood.mouth",1.55,2.94
4,2021-08-07 13:10:00,12.25,"norwood.mouth",1.55,3.121
4,2021-08-07 13:20:00,12.375,"norwood.mouth",1.55,3.345
4,2021-08-07 13:35:00,12.5,"norwood.mouth",1.55,3.617
4,2021-08-07 13:45:00,12.688,"norwood.mouth",1.55,3.75
4,2021-08-07 14:00:00,12.312,"norwood.mouth",1.55,3.952
4,2021-08-07 14:10:00,12.625,"norwood.mouth",1.55,4.097
4,2021-08-07 14:20:00,12.438,"norwood.mouth",1.55,4.215
4,2021-08-07 14:35:00,12.062,"norwood.mouth",1.55,4.466
4,2021-08-07 14:45:00,12.25,"norwood.mouth",1.55,4.589
4,2021-08-07 15:00:00,12.75,"norwood.mouth",1.55,4.961
4,2021-08-07 15:10:00,12.25,"norwood.mouth",1.55,5.084
4,2021-08-07 15:20:00,12.312,"norwood.mouth",1.55,5.222
4,2021-08-07 15:35:00,12.438,"norwood.mouth",1.55,5.494
4,2021-08-07 15:45:00,12.25,"norwood.mouth",1.55,5.686
4,2021-08-07 16:00:00,12.375,"norwood.mouth",1.55,5.842
4,2021-08-07 16:10:00,12.688,"norwood.mouth",1.55,5.989
4,2021-08-07 16:20:00,12.875,"norwood.mouth",1.55,6.029
4,2021-08-07 16:35:00,12.812,"norwood.mouth",1.55,6.29
4,2021-08-07 16:45:00,13.062,"norwood.mouth",1.55,6.61
4,2021-08-07 17:00:00,12.812,"norwood.mouth",1.55,6.821
4,2021-08-07 17:10:00,12.562,"norwood.mouth",1.55,7.02
4,2021-08-07 17:20:00,12.375,"norwood.mouth",1.55,7.184
4,2021-08-07 17:35:00,12.75,"norwood.mouth",1.55,7.418
4,2021-08-07 17:45:00,12.688,"norwood.mouth",1.55,7.49
4,2021-08-07 18:00:00,12.938,"norwood.mouth",1.55,7.646
4,2021-08-07 18:10:00,12.562,"norwood.mouth",1.55,7.717
4,2021-08-07 18:20:00,12.812,"norwood.mouth",1.55,7.731
4,2021-08-07 18:35:00,12.938,"norwood.mouth",1.55,7.716
4,2021-08-07 18:45:00,12.938,"norwood.mouth",1.55,7.752
4,2021-08-07 19:00:00,13.062,"norwood.mouth",1.55,7.785
4,2021-08-07 19:10:00,13.625,"norwood.mouth",1.43115942028986,7.77472463768116
4,2021-08-07 19:20:00,13.125,"norwood.mouth",1.55,7.617
4,2021-08-07 19:35:00,13.562,"norwood.mouth",1.44403594771242,7.52536737472767
4,2021-08-07 19:45:00,13.125,"norwood.mouth",1.55,7.371
4,2021-08-07 20:00:00,12.938,"norwood.mouth",1.55,7.348
4,2021-08-07 20:10:00,13.375,"norwood.mouth",1.48059701492537,7.241
4,2021-08-07 20:20:00,12.562,"norwood.mouth",1.55,7.135
4,2021-08-07 20:35:00,12.625,"norwood.mouth",1.55,6.945
4,2021-08-07 20:45:00,12.688,"norwood.mouth",1.55,6.755
4,2021-08-07 21:00:00,12.812,"norwood.mouth",1.55,6.427
4,2021-08-07 21:10:00,13.312,"norwood.mouth",1.48508771929824,6.106
4,2021-08-07 21:20:00,12.938,"norwood.mouth",1.55,5.934
4,2021-08-07 21:35:00,13.5,"norwood.mouth",1.45156482861401,5.621
4,2021-08-07 21:45:00,13.25,"norwood.mouth",1.55,5.217
4,2021-08-07 22:00:00,13.375,"norwood.mouth",1.47200714711138,5.109
4,2021-08-07 22:10:00,12.688,"norwood.mouth",1.55,4.967
4,2021-08-07 22:20:00,12.562,"norwood.mouth",1.55,4.725
4,2021-08-07 22:35:00,12.688,"norwood.mouth",1.55,4.338
4,2021-08-07 22:45:00,12.438,"norwood.mouth",1.55,4.125
4,2021-08-07 23:00:00,12.5,"norwood.mouth",1.55,3.9
4,2021-08-07 23:10:00,12.625,"norwood.mouth",1.55,3.767
4,2021-08-07 23:20:00,12.75,"norwood.mouth",1.55,3.628
4,2021-08-07 23:35:00,15.062,"norwood.mouth",0.978502259522272,3.73576339573919
4,2021-08-07 23:45:00,13.938,"norwood.mouth",1.28064716863721,3.35201462352209
4,2021-08-08,12.438,"norwood.mouth",1.55,2.909
4,2021-08-08 00:10:00,12.312,"norwood.mouth",1.55,2.693
4,2021-08-08 00:20:00,14.688,"norwood.mouth",0.961792452830189,2.59407075471698
4,2021-08-08 00:35:00,12.562,"norwood.mouth",1.55,2.209
4,2021-08-08 00:45:00,12.562,"norwood.mouth",1.55,2.071
4,2021-08-08 01:00:00,13,"norwood.mouth",1.55,1.901
4,2021-08-08 01:10:00,12.625,"norwood.mouth",1.55,1.773
4,2021-08-08 01:20:00,12.75,"norwood.mouth",1.55,1.638
4,2021-08-08 01:35:00,12.75,"norwood.mouth",1.55,1.444
4,2021-08-08 01:45:00,13.188,"norwood.mouth",1.44942903752039,1.39127800435019
4,2021-08-08 02:00:00,12.812,"norwood.mouth",1.55,1.241
4,2021-08-08 02:10:00,12.688,"norwood.mouth",1.55,1.152
4,2021-08-08 02:20:00,12.688,"norwood.mouth",1.55,1.078
4,2021-08-08 02:35:00,12.688,"norwood.mouth",1.55,1.062
4,2021-08-08 02:45:00,12.75,"norwood.mouth",1.55,1.019
4,2021-08-08 03:00:00,13.188,"norwood.mouth",1.40936106983655,1.12189375928678
4,2021-08-08 03:10:00,13.188,"norwood.mouth",1.43310580204778,0.977651877133106
4,2021-08-08 03:20:00,13.125,"norwood.mouth",1.43503230437904,0.980758973438621
4,2021-08-08 03:35:00,12.812,"norwood.mouth",1.55,0.868
4,2021-08-08 03:45:00,12.938,"norwood.mouth",1.49331352154532,0.892
4,2021-08-08 04:00:00,13,"norwood.mouth",1.47881996974281,0.783
4,2021-08-08 04:10:00,13,"norwood.mouth",1.47802197802198,0.753
4,2021-08-08 04:20:00,13.188,"norwood.mouth",1.4024,0.939857333333333
4,2021-08-08 04:35:00,12.938,"norwood.mouth",1.47945205479452,0.691
4,2021-08-08 04:45:00,13.188,"norwood.mouth",1.39850249584027,0.908079866888518
4,2021-08-08 05:00:00,13.125,"norwood.mouth",1.4117873651772,0.763540832049306
4,2021-08-08 05:10:00,12.938,"norwood.mouth",1.48382126348228,0.643
4,2021-08-08 05:20:00,13.5,"norwood.mouth",1.2536704730832,1.2912911908646
4,2021-08-08 05:35:00,13.188,"norwood.mouth",1.3756862745098,0.728941830065359
4,2021-08-08 05:45:00,13.5,"norwood.mouth",1.23857024106401,1.2380895677473
4,2021-08-08 06:00:00,13.25,"norwood.mouth",1.32909245122986,1.01743575063613
4,2021-08-08 06:10:00,12.938,"norwood.mouth",1.45122985581001,0.585
4,2021-08-08 06:20:00,12.812,"norwood.mouth",1.4949961508853,0.597
4,2021-08-08 06:35:00,12.625,"norwood.mouth",1.55,0.543
4,2021-08-08 06:45:00,13,"norwood.mouth",1.40509915014164,0.661802407932011
4,2021-08-08 07:00:00,13.312,"norwood.mouth",1.25207756232687,1.08262950138504
4,2021-08-08 07:10:00,12.875,"norwood.mouth",1.44009661835749,0.630204106280194
4,2021-08-08 07:20:00,12.875,"norwood.mouth",1.43867457962413,0.619257335970986
4,2021-08-08 07:35:00,13.062,"norwood.mouth",1.33816425120773,0.944906199677938
4,2021-08-08 07:45:00,13.188,"norwood.mouth",1.26013847675569,1.19819287833828
4,2021-08-08 08:00:00,13,"norwood.mouth",1.35652173913043,0.943347826086957
4,2021-08-08 08:10:00,12.938,"norwood.mouth",1.36842105263158,0.922394736842105
4,2021-08-08 08:20:00,13.312,"norwood.mouth",1.17914979757085,1.4087935222672
4,2021-08-08 08:35:00,13,"norwood.mouth",1.31113537117904,1.11951528384279
4,2021-08-08 08:45:00,13.25,"norwood.mouth",1.19087136929461,1.52074827109267
4,2021-08-08 09:00:00,12.875,"norwood.mouth",1.37612107623318,1.02174065769806
4,2021-08-08 09:10:00,13.25,"norwood.mouth",1.17021276595745,1.63150531914894
4,2021-08-08 09:20:00,13.312,"norwood.mouth",1.11771300448431,1.79193497757847
4,2021-08-08 09:35:00,13.062,"norwood.mouth",1.22161172161172,1.78803083028083
4,2021-08-08 09:45:00,13,"norwood.mouth",1.25946275946276,1.6468723036223
4,2021-08-08 10:00:00,12.625,"norwood.mouth",1.4979674796748,1.033
4,2021-08-08 10:10:00,13.062,"norwood.mouth",1.18,2.23945
4,2021-08-08 10:20:00,12.5,"norwood.mouth",1.45980392156863,0.969
4,2021-08-08 10:35:00,13.062,"norwood.mouth",1.19230769230769,2.38075
4,2021-08-08 10:45:00,13,"norwood.mouth",1.24509803921569,2.21259803921568
4,2021-08-08 11:00:00,12.5,"norwood.mouth",1.48089887640449,1.365
4,2021-08-08 11:10:00,12.625,"norwood.mouth",1.43706777316736,1.51553630705394
4,2021-08-08 11:20:00,12.625,"norwood.mouth",1.46026097271649,1.605
4,2021-08-08 11:35:00,12.5,"norwood.mouth",1.55,1.915
4,2021-08-08 11:45:00,13,"norwood.mouth",1.35081967213115,2.72007786885246
4,2021-08-08 12:00:00,11.938,"norwood.mouth",1.55,2.696
4,2021-08-08 12:10:00,11.875,"norwood.mouth",1.55,3.012
4,2021-08-08 12:20:00,12,"norwood.mouth",1.55,3.108
4,2021-08-08 12:35:00,12.125,"norwood.mouth",1.55,3.372
4,2021-08-08 12:45:00,12.062,"norwood.mouth",1.55,3.498
4,2021-08-08 13:00:00,12,"norwood.mouth",1.55,3.744
4,2021-08-08 13:10:00,12.188,"norwood.mouth",1.55,3.947
4,2021-08-08 13:20:00,12.188,"norwood.mouth",1.55,4.186
4,2021-08-08 13:35:00,12.5,"norwood.mouth",1.55,4.486
4,2021-08-08 13:45:00,12.188,"norwood.mouth",1.55,4.746
4,2021-08-08 14:00:00,12.5,"norwood.mouth",1.55,5.153
4,2021-08-08 14:10:00,12.125,"norwood.mouth",1.55,5.359
4,2021-08-08 14:20:00,12.625,"norwood.mouth",1.55,5.362
4,2021-08-08 14:35:00,12.875,"norwood.mouth",1.55,5.851
4,2021-08-08 14:45:00,12.5,"norwood.mouth",1.55,6.242
4,2021-08-08 15:00:00,13.625,"norwood.mouth",1.47506799637353,6.57
4,2021-08-08 15:10:00,14.125,"norwood.mouth",1.26441881100266,7.21499467613132
4,2021-08-08 15:20:00,14.125,"norwood.mouth",1.26653102746694,7.54576152933198
4,2021-08-08 15:35:00,13.812,"norwood.mouth",1.45909849749583,7.039
4,2021-08-08 15:45:00,13.312,"norwood.mouth",1.55,7.091
4,2021-08-08 16:00:00,14.062,"norwood.mouth",1.38399071925754,7.64630491105955
4,2021-08-08 16:10:00,12.875,"norwood.mouth",1.55,7.287
4,2021-08-08 16:20:00,12.625,"norwood.mouth",1.55,7.452
4,2021-08-08 16:35:00,13.438,"norwood.mouth",1.55,7.66
4,2021-08-08 16:45:00,12.688,"norwood.mouth",1.55,7.81
4,2021-08-08 17:00:00,12.875,"norwood.mouth",1.55,8.031
4,2021-08-08 17:10:00,13,"norwood.mouth",1.55,8.158
4,2021-08-08 17:20:00,13.5,"norwood.mouth",1.55,8.235
4,2021-08-08 17:35:00,12.688,"norwood.mouth",1.55,8.445
4,2021-08-08 17:45:00,14.688,"norwood.mouth",1.15028665028665,9.435141004641
4,2021-08-08 18:00:00,12.938,"norwood.mouth",1.55,8.786
4,2021-08-08 18:10:00,13,"norwood.mouth",1.55,8.842
4,2021-08-08 18:20:00,13.5,"norwood.mouth",1.55,8.873
4,2021-08-08 18:35:00,12.875,"norwood.mouth",1.55,8.897
4,2021-08-08 18:45:00,13.25,"norwood.mouth",1.55,8.908
4,2021-08-08 19:00:00,14,"norwood.mouth",1.41749502982107,9.05530765407555
4,2021-08-08 19:10:00,12.312,"norwood.mouth",1.55,8.96
4,2021-08-08 19:20:00,12.312,"norwood.mouth",1.55,8.875
4,2021-08-08 19:35:00,12.25,"norwood.mouth",1.55,8.753
4,2021-08-08 19:45:00,12.25,"norwood.mouth",1.55,8.635
4,2021-08-08 20:00:00,12.25,"norwood.mouth",1.55,8.417
4,2021-08-08 20:10:00,12.375,"norwood.mouth",1.55,8.251
4,2021-08-08 20:20:00,12.312,"norwood.mouth",1.55,8.031
4,2021-08-08 20:35:00,12.438,"norwood.mouth",1.55,7.75
4,2021-08-08 20:45:00,12.125,"norwood.mouth",1.55,7.614
4,2021-08-08 21:00:00,12.25,"norwood.mouth",1.55,7.345
4,2021-08-08 21:10:00,12.312,"norwood.mouth",1.55,7.116
4,2021-08-08 21:20:00,12.312,"norwood.mouth",1.55,6.804
4,2021-08-08 21:35:00,12.625,"norwood.mouth",1.55,6.37
4,2021-08-08 21:45:00,13.125,"norwood.mouth",1.55,6.084
4,2021-08-08 22:00:00,13.5,"norwood.mouth",1.48674698795181,5.644
4,2021-08-08 22:10:00,15.5,"norwood.mouth",0.933037249283668,6.37764441260745
4,2021-08-08 22:20:00,12.562,"norwood.mouth",1.55,5.111
4,2021-08-08 22:35:00,12.562,"norwood.mouth",1.55,4.76
4,2021-08-08 22:45:00,12.312,"norwood.mouth",1.55,4.541
4,2021-08-08 23:00:00,13.125,"norwood.mouth",1.55,4.202
4,2021-08-08 23:10:00,12.812,"norwood.mouth",1.55,4.041
4,2021-08-08 23:20:00,12.438,"norwood.mouth",1.55,3.791
4,2021-08-08 23:35:00,12.438,"norwood.mouth",1.55,3.652
4,2021-08-08 23:45:00,12.375,"norwood.mouth",1.55,3.451
4,2021-08-09,12.125,"norwood.mouth",1.55,3.117
4,2021-08-09 00:10:00,12.125,"norwood.mouth",1.55,2.945
4,2021-08-09 00:20:00,12.188,"norwood.mouth",1.55,2.747
4,2021-08-09 00:35:00,12.875,"norwood.mouth",1.55,2.513
4,2021-08-09 00:45:00,12.188,"norwood.mouth",1.55,2.457
4,2021-08-09 01:00:00,12.75,"norwood.mouth",1.55,2.246
4,2021-08-09 01:10:00,12.5,"norwood.mouth",1.55,2.123
4,2021-08-09 01:20:00,12.5,"norwood.mouth",1.55,2.035
4,2021-08-09 01:35:00,13.062,"norwood.mouth",1.46285714285714,1.839
4,2021-08-09 01:45:00,13,"norwood.mouth",1.55,1.757
4,2021-08-09 02:00:00,13,"norwood.mouth",1.55,1.586
4,2021-08-09 02:10:00,13.625,"norwood.mouth",1.25184842883549,2.05724707332101
4,2021-08-09 02:20:00,13.812,"norwood.mouth",1.11122661122661,2.22909719334719
4,2021-08-09 02:35:00,14.5,"norwood.mouth",0.964414090582315,2.81285082674335
4,2021-08-09 02:45:00,13.312,"norwood.mouth",1.36206896551724,1.52147413793103
4,2021-08-09 03:00:00,13.438,"norwood.mouth",1.31447587354409,1.65146173044925
4,2021-08-09 03:10:00,13.25,"norwood.mouth",1.36968576709797,1.4367533887862
4,2021-08-09 03:20:00,13.562,"norwood.mouth",1.21095334685598,1.67407860040568
4,2021-08-09 03:35:00,13.625,"norwood.mouth",1.16287128712871,1.86290759075907
4,2021-08-09 03:45:00,13.062,"norwood.mouth",1.43289224952741,1.02899543163201
4,2021-08-09 04:00:00,13.188,"norwood.mouth",1.38201160541586,1.17582076079948
4,2021-08-09 04:10:00,13.312,"norwood.mouth",1.28904665314402,1.35113438133874
4,2021-08-09 04:20:00,13.625,"norwood.mouth",1.10851505711319,1.84445621322257
4,2021-08-09 04:35:00,13.438,"norwood.mouth",1.22608695652174,1.40230797101449
4,2021-08-09 04:45:00,13,"norwood.mouth",1.41828254847645,0.917434441366574
4,2021-08-09 05:00:00,13.375,"norwood.mouth",1.23983739837398,1.37093428184282
4,2021-08-09 05:10:00,13.188,"norwood.mouth",1.30761622156281,1.11438649851632
4,2021-08-09 05:20:00,12.938,"norwood.mouth",1.43285024154589,0.714333735909824
4,2021-08-09 05:35:00,12.938,"norwood.mouth",1.41170915958451,0.714895813660687
4,2021-08-09 05:45:00,12.938,"norwood.mouth",1.40966183574879,0.678710950080516
4,2021-08-09 06:00:00,13,"norwood.mouth",1.36288088642659,0.801298938134811
4,2021-08-09 06:10:00,13.438,"norwood.mouth",1.13018867924528,1.25260377358491
4,2021-08-09 06:20:00,13.25,"norwood.mouth",1.20553359683794,1.07311693017128
4,2021-08-09 06:35:00,13.188,"norwood.mouth",1.21058091286307,1.0983326417704
4,2021-08-09 06:45:00,13.25,"norwood.mouth",1.16597510373444,1.28864211618257
4,2021-08-09 07:00:00,13.125,"norwood.mouth",1.20875420875421,1.20263215488216
4,2021-08-09 07:10:00,12.75,"norwood.mouth",1.42340425531915,0.59525
4,2021-08-09 07:20:00,12.812,"norwood.mouth",1.38070539419087,0.7282704011065
4,2021-08-09 07:35:00,12.625,"norwood.mouth",1.47712765957447,0.589
4,2021-08-09 07:45:00,13,"norwood.mouth",1.23784104389087,1.09539610517991
4,2021-08-09 08:00:00,12.812,"norwood.mouth",1.33527885862516,0.941137808041504
4,2021-08-09 08:10:00,12.812,"norwood.mouth",1.30114449213162,1.05479124940391
4,2021-08-09 08:20:00,12.875,"norwood.mouth",1.29181929181929,1.2006334961335
4,2021-08-09 08:35:00,12.25,"norwood.mouth",1.55,0.838
4,2021-08-09 08:45:00,12.812,"norwood.mouth",1.28357142857143,1.31742023809524
4,2021-08-09 09:00:00,12.625,"norwood.mouth",1.42245989304813,1.01230926916221
4,2021-08-09 09:10:00,12.625,"norwood.mouth",1.37910189982729,1.16284887737478
4,2021-08-09 09:20:00,12.75,"norwood.mouth",1.23865877712032,1.68009023668639
4,2021-08-09 09:35:00,12.562,"norwood.mouth",1.43024861878453,1.28448895027624
4,2021-08-09 09:45:00,12.25,"norwood.mouth",1.55,1.176
4,2021-08-09 10:00:00,12.312,"norwood.mouth",1.55,1.228
4,2021-08-09 10:10:00,12,"norwood.mouth",1.55,1.292
4,2021-08-09 10:20:00,12.125,"norwood.mouth",1.55,1.346
4,2021-08-09 10:35:00,12.125,"norwood.mouth",1.55,1.431
4,2021-08-09 10:45:00,12.062,"norwood.mouth",1.55,1.481
4,2021-08-09 11:00:00,13.5,"norwood.mouth",0.930091185410334,3.39594782168186
4,2021-08-09 11:10:00,12.062,"norwood.mouth",1.55,1.708
4,2021-08-09 11:20:00,12.188,"norwood.mouth",1.55,1.715
4,2021-08-09 11:35:00,13.375,"norwood.mouth",0.981332164767748,3.95836240140228
4,2021-08-09 11:45:00,12.5,"norwood.mouth",1.46708074534161,2.305
4,2021-08-09 12:00:00,12.375,"norwood.mouth",1.55,2.608
4,2021-08-09 12:10:00,12.25,"norwood.mouth",1.55,2.861
4,2021-08-09 12:20:00,13.25,"norwood.mouth",1.22466422466422,4.24548371998372
4,2021-08-09 12:35:00,13.125,"norwood.mouth",1.36474973375932,3.77677502662407
4,2021-08-09 12:45:00,12.625,"norwood.mouth",1.55,3.55
4,2021-08-09 13:00:00,12.625,"norwood.mouth",1.55,3.885
4,2021-08-09 13:10:00,12.438,"norwood.mouth",1.55,3.995
4,2021-08-09 13:20:00,11.875,"norwood.mouth",1.55,4.197
4,2021-08-09 13:35:00,11.625,"norwood.mouth",1.55,4.521
4,2021-08-09 13:45:00,12,"norwood.mouth",1.55,4.638
4,2021-08-09 14:00:00,11.938,"norwood.mouth",1.55,5.003
4,2021-08-09 14:10:00,11.812,"norwood.mouth",1.55,5.101
4,2021-08-09 14:20:00,11.875,"norwood.mouth",1.55,5.293
4,2021-08-09 14:35:00,11.688,"norwood.mouth",1.55,5.636
4,2021-08-09 14:45:00,11.625,"norwood.mouth",1.55,5.821
4,2021-08-09 15:00:00,11.812,"norwood.mouth",1.55,6.195
4,2021-08-09 15:10:00,12,"norwood.mouth",1.55,6.266
4,2021-08-09 15:20:00,12.062,"norwood.mouth",1.55,6.58
4,2021-08-09 15:35:00,12.188,"norwood.mouth",1.55,6.825
4,2021-08-09 15:45:00,12.188,"norwood.mouth",1.55,6.928
4,2021-08-09 16:00:00,12.312,"norwood.mouth",1.55,7.132
4,2021-08-09 16:10:00,12.375,"norwood.mouth",1.55,7.298
4,2021-08-09 16:20:00,12.5,"norwood.mouth",1.55,7.516
4,2021-08-09 16:35:00,12.375,"norwood.mouth",1.55,7.775
4,2021-08-09 16:45:00,12.438,"norwood.mouth",1.55,7.954
4,2021-08-09 17:00:00,12.5,"norwood.mouth",1.55,8.232
4,2021-08-09 17:10:00,12.625,"norwood.mouth",1.55,8.305
4,2021-08-09 17:20:00,12.875,"norwood.mouth",1.55,8.371
4,2021-08-09 17:35:00,13.25,"norwood.mouth",1.55,8.639
4,2021-08-09 17:45:00,12.625,"norwood.mouth",1.55,8.688
4,2021-08-09 18:00:00,13.125,"norwood.mouth",1.55,8.804
4,2021-08-09 18:10:00,12.625,"norwood.mouth",1.55,8.961
4,2021-08-09 18:20:00,12.562,"norwood.mouth",1.55,8.999
4,2021-08-09 18:35:00,12.625,"norwood.mouth",1.55,9.073
4,2021-08-09 18:45:00,12.625,"norwood.mouth",1.55,9.139
4,2021-08-09 19:00:00,12.625,"norwood.mouth",1.55,9.195
4,2021-08-09 19:10:00,12.5,"norwood.mouth",1.55,9.212
4,2021-08-09 19:20:00,12.5,"norwood.mouth",1.55,9.19
4,2021-08-09 19:35:00,12.5,"norwood.mouth",1.55,9.167
4,2021-08-09 19:45:00,12.625,"norwood.mouth",1.55,9.041
4,2021-08-09 20:00:00,12.625,"norwood.mouth",1.55,8.846
4,2021-08-09 20:10:00,12.688,"norwood.mouth",1.55,8.711
4,2021-08-09 20:20:00,12.688,"norwood.mouth",1.55,8.479
4,2021-08-09 20:35:00,12.75,"norwood.mouth",1.55,8.137
4,2021-08-09 20:45:00,12.688,"norwood.mouth",1.55,7.899
4,2021-08-09 21:00:00,13.688,"norwood.mouth",1.55,7.674
4,2021-08-09 21:10:00,13.375,"norwood.mouth",1.55,7.406
4,2021-08-09 21:20:00,13.688,"norwood.mouth",1.55,7.084
4,2021-08-09 21:35:00,12.938,"norwood.mouth",1.55,6.704
4,2021-08-09 21:45:00,12.938,"norwood.mouth",1.55,6.354
4,2021-08-09 22:00:00,15.062,"norwood.mouth",0.989032258064516,6.28904301075269
4,2021-08-09 22:10:00,12.875,"norwood.mouth",1.55,5.74
4,2021-08-09 22:20:00,12.438,"norwood.mouth",1.55,5.565
4,2021-08-09 22:35:00,13.938,"norwood.mouth",1.32971329278888,5.28538205907906
4,2021-08-09 22:45:00,12.375,"norwood.mouth",1.55,4.979
4,2021-08-09 23:00:00,12.5,"norwood.mouth",1.55,4.584
4,2021-08-09 23:10:00,12.438,"norwood.mouth",1.55,4.385
4,2021-08-09 23:20:00,12.312,"norwood.mouth",1.55,4.152
4,2021-08-09 23:35:00,12.188,"norwood.mouth",1.55,3.846
4,2021-08-09 23:45:00,12.25,"norwood.mouth",1.55,3.628
4,2021-08-10,12.125,"norwood.mouth",1.55,3.364
6,2021-07-26,15.375,"norwood.mouth",0.881288343558282,3.46292331288344
6,2021-07-26 00:10:00,14.5,"norwood.mouth",1.0523828125,3.4517982421875
6,2021-07-26 00:25:00,15.312,"norwood.mouth",0.892594339622642,3.3171358490566
6,2021-07-26 00:35:00,15.75,"norwood.mouth",0.820501773948302,3.38233248859605
6,2021-07-26 00:50:00,14.688,"norwood.mouth",0.965190582959641,3.21146160313901
6,2021-07-26 01:00:00,14.688,"norwood.mouth",0.955177514792899,2.88680103550296
6,2021-07-26 01:10:00,14.625,"norwood.mouth",0.965909090909091,2.96180681818182
6,2021-07-26 01:25:00,14.875,"norwood.mouth",0.92009900990099,2.83612277227723
6,2021-07-26 01:35:00,14.562,"norwood.mouth",0.957593123209169,2.94910959885387
6,2021-07-26 01:50:00,14.75,"norwood.mouth",0.932339235787512,2.8384280055918
6,2021-07-26 02:00:00,14.938,"norwood.mouth",0.902085222121487,2.61251223934724
6,2021-07-26 02:10:00,14.375,"norwood.mouth",0.971055437100213,2.56849706823028
6,2021-07-26 02:25:00,14.688,"norwood.mouth",0.920372184133203,2.50963393731636
6,2021-07-26 02:35:00,14.625,"norwood.mouth",0.93469696969697,2.44911565656566
6,2021-07-26 02:50:00,14.938,"norwood.mouth",0.8875,2.79475
6,2021-07-26 03:00:00,14.25,"norwood.mouth",0.970645792563601,2.66830088062622
6,2021-07-26 03:10:00,14.625,"norwood.mouth",0.930174927113703,2.6084091350826
6,2021-07-26 03:25:00,14.25,"norwood.mouth",0.963493621197252,2.16740284592738
6,2021-07-26 03:35:00,14.375,"norwood.mouth",0.934423676012461,1.86791848390447
6,2021-07-26 03:50:00,14.5,"norwood.mouth",0.90633971291866,2.06045813397129
6,2021-07-26 04:00:00,14.562,"norwood.mouth",0.88144578313253,2.00309096385542
6,2021-07-26 04:10:00,14.375,"norwood.mouth",0.915399239543726,2.00241191381496
6,2021-07-26 04:25:00,14.875,"norwood.mouth",0.835736649852148,2.51560317736418
6,2021-07-26 04:35:00,13.688,"norwood.mouth",1.06873315363881,1.9750525606469
6,2021-07-26 04:50:00,14.25,"norwood.mouth",0.91239388794567,2.15756281833616
6,2021-07-26 05:00:00,13.938,"norwood.mouth",0.980669144981412,2.05285749690211
6,2021-07-26 05:10:00,14.125,"norwood.mouth",0.936753731343284,2.06868656716418
6,2021-07-26 05:25:00,14.562,"norwood.mouth",0.890545050055617,2.57152892102336
6,2021-07-26 05:35:00,17.188,"norwood.mouth",0.615217391304348,4.44873913043478
6,2021-07-26 05:50:00,14.75,"norwood.mouth",0.820778620307009,2.53394371493743
6,2021-07-26 06:00:00,14.938,"norwood.mouth",0.806162876008804,2.5663288701394
6,2021-07-26 06:10:00,15.062,"norwood.mouth",0.790011160714286,2.46419280133929
6,2021-07-26 06:25:00,15,"norwood.mouth",0.787215045592705,2.70883086372847
6,2021-07-26 06:35:00,14.438,"norwood.mouth",0.832774587886646,2.26685182441193
6,2021-07-26 06:50:00,14.812,"norwood.mouth",0.793220797977974,2.56195194680147
6,2021-07-26 07:00:00,14.438,"norwood.mouth",0.821824522760646,2.29067550783162
6,2021-07-26 07:10:00,15.188,"norwood.mouth",0.75,2.85683333333333
6,2021-07-26 07:25:00,14.25,"norwood.mouth",0.832692307692308,2.379
6,2021-07-26 07:35:00,14.375,"norwood.mouth",0.819553706505295,2.46887928643469
6,2021-07-26 07:50:00,15.562,"norwood.mouth",0.71075205640423,3.38511868390129
6,2021-07-26 08:00:00,16,"norwood.mouth",0.66538762725137,3.70389487079092
6,2021-07-26 08:10:00,14.5,"norwood.mouth",0.804340141398272,2.5670802238806
6,2021-07-26 08:25:00,15.188,"norwood.mouth",0.728386167146974,3.29094236311239
6,2021-07-26 08:35:00,15.75,"norwood.mouth",0.671516354698431,3.76113833742989
6,2021-07-26 08:50:00,15.062,"norwood.mouth",0.744746716697936,3.46135365853659
6,2021-07-26 09:00:00,14.5,"norwood.mouth",0.796502463054187,3.00033251231527
6,2021-07-26 09:10:00,13.938,"norwood.mouth",0.867119565217391,2.70348641304348
6,2021-07-26 09:25:00,14.5,"norwood.mouth",0.817709984152139,3.57593350501849
6,2021-07-26 09:35:00,13.25,"norwood.mouth",1.08002680965147,2.64464075067024
6,2021-07-26 09:50:00,13.125,"norwood.mouth",1.15689810640216,2.5844249323715
6,2021-07-26 10:00:00,12.5,"norwood.mouth",1.4359095193214,1.49344604147031
6,2021-07-26 10:10:00,12.375,"norwood.mouth",1.45057471264368,1.47
6,2021-07-26 10:25:00,12.25,"norwood.mouth",1.55,1.552
6,2021-07-26 10:35:00,12.25,"norwood.mouth",1.55,1.57
6,2021-07-26 10:50:00,12.188,"norwood.mouth",1.55,1.738
6,2021-07-26 11:00:00,12.125,"norwood.mouth",1.55,1.759
6,2021-07-26 11:10:00,12.062,"norwood.mouth",1.55,1.912
6,2021-07-26 11:25:00,11.938,"norwood.mouth",1.55,2.106
6,2021-07-26 11:35:00,12.75,"norwood.mouth",1.48123393316195,2.304
6,2021-07-26 11:50:00,12.625,"norwood.mouth",1.45672169811321,2.66
6,2021-07-26 12:00:00,12.375,"norwood.mouth",1.55,2.83
6,2021-07-26 12:10:00,12.25,"norwood.mouth",1.55,3.035
6,2021-07-26 12:25:00,12.312,"norwood.mouth",1.55,3.369
6,2021-07-26 12:35:00,12.188,"norwood.mouth",1.55,3.561
6,2021-07-26 12:50:00,12.188,"norwood.mouth",1.55,3.874
6,2021-07-26 13:00:00,12.188,"norwood.mouth",1.55,4.054
6,2021-07-26 13:10:00,12.5,"norwood.mouth",1.55,4.146
6,2021-07-26 13:25:00,12.75,"norwood.mouth",1.55,4.335
6,2021-07-26 13:35:00,12.438,"norwood.mouth",1.55,4.447
6,2021-07-26 13:50:00,13,"norwood.mouth",1.55,4.689
6,2021-07-26 14:00:00,12.938,"norwood.mouth",1.55,4.917
6,2021-07-26 14:10:00,12.812,"norwood.mouth",1.55,5.134
6,2021-07-26 14:25:00,13.375,"norwood.mouth",1.47923728813559,5.399
6,2021-07-26 14:35:00,12.312,"norwood.mouth",1.55,5.579
6,2021-07-26 14:50:00,12.625,"norwood.mouth",1.55,5.775
6,2021-07-26 15:00:00,12.438,"norwood.mouth",1.55,5.918
6,2021-07-26 15:10:00,12.438,"norwood.mouth",1.55,5.994
6,2021-07-26 15:25:00,13,"norwood.mouth",1.55,6.296
6,2021-07-26 15:35:00,13,"norwood.mouth",1.55,6.524
6,2021-07-26 15:50:00,12.938,"norwood.mouth",1.55,6.667
6,2021-07-26 16:00:00,13.438,"norwood.mouth",1.55,6.82
6,2021-07-26 16:10:00,13.5,"norwood.mouth",1.55,7.012
6,2021-07-26 16:25:00,13.25,"norwood.mouth",1.55,7.104
6,2021-07-26 16:35:00,13.062,"norwood.mouth",1.55,7.126
6,2021-07-26 16:50:00,13.188,"norwood.mouth",1.55,7.36
6,2021-07-26 17:00:00,13.062,"norwood.mouth",1.55,7.531
6,2021-07-26 17:10:00,13.062,"norwood.mouth",1.55,7.598
6,2021-07-26 17:25:00,13.625,"norwood.mouth",1.55,7.628
6,2021-07-26 17:35:00,13.75,"norwood.mouth",1.47272727272727,7.732
6,2021-07-26 17:50:00,13.188,"norwood.mouth",1.55,7.94
6,2021-07-26 18:00:00,13.312,"norwood.mouth",1.55,8.007
6,2021-07-26 18:10:00,13.375,"norwood.mouth",1.55,8.021
6,2021-07-26 18:25:00,13.562,"norwood.mouth",1.55,8.135
6,2021-07-26 18:35:00,13.125,"norwood.mouth",1.55,8.11
6,2021-07-26 18:50:00,13.188,"norwood.mouth",1.55,8.199
6,2021-07-26 19:00:00,13.312,"norwood.mouth",1.55,8.322
6,2021-07-26 19:10:00,13.938,"norwood.mouth",1.44450884685784,8.50049908480781
6,2021-07-26 19:25:00,14,"norwood.mouth",1.41761992619926,8.36339068265683
6,2021-07-26 19:35:00,13.625,"norwood.mouth",1.55,8.293
6,2021-07-26 19:50:00,13.938,"norwood.mouth",1.4255195599022,8.19787377750611
6,2021-07-26 20:00:00,13.562,"norwood.mouth",1.55,8.188
6,2021-07-26 20:10:00,13.312,"norwood.mouth",1.55,8.161
6,2021-07-26 20:25:00,13.625,"norwood.mouth",1.49829268292683,8.012
6,2021-07-26 20:35:00,13.312,"norwood.mouth",1.55,7.836
6,2021-07-26 20:50:00,13.875,"norwood.mouth",1.41014198782961,7.6716369168357
6,2021-07-26 21:00:00,13.75,"norwood.mouth",1.4372052704577,7.52524462552011
6,2021-07-26 21:10:00,12.812,"norwood.mouth",1.55,7.371
6,2021-07-26 21:25:00,13,"norwood.mouth",1.55,7.094
6,2021-07-26 21:35:00,13,"norwood.mouth",1.55,6.982
6,2021-07-26 21:50:00,14.312,"norwood.mouth",1.21238164603059,6.77357738528769
6,2021-07-26 22:00:00,13.625,"norwood.mouth",1.42868245743893,6.72886454478164
6,2021-07-26 22:10:00,12.25,"norwood.mouth",1.55,6.594
6,2021-07-26 22:25:00,15.125,"norwood.mouth",0.946022727272727,6.10561174242424
6,2021-07-26 22:35:00,14.062,"norwood.mouth",1.25425696594427,6.01388777089783
6,2021-07-26 22:50:00,14.562,"norwood.mouth",1.07695167286245,5.49905576208178
6,2021-07-26 23:00:00,14.688,"norwood.mouth",1.01976117103236,5.18028813559322
6,2021-07-26 23:10:00,14.375,"norwood.mouth",1.11662921348315,5.02730617977528
6,2021-07-26 23:25:00,14.875,"norwood.mouth",0.9697,4.6272515
6,2021-07-26 23:35:00,14.688,"norwood.mouth",0.994380403458213,4.38061239193084
6,2021-07-26 23:50:00,14.75,"norwood.mouth",0.973411885245902,4.03770773565574
6,2021-07-27,13.75,"norwood.mouth",1.29211802748585,4.05722150363783
6,2021-07-27 00:10:00,14.875,"norwood.mouth",0.934808259587021,3.69978982300885
6,2021-07-27 00:25:00,14.938,"norwood.mouth",0.908946212952799,3.7165296377607
6,2021-07-27 00:35:00,14.688,"norwood.mouth",0.957781456953642,3.6494428807947
6,2021-07-27 00:50:00,14.25,"norwood.mouth",1.06329746348962,3.37107878554958
6,2021-07-27 01:00:00,14.312,"norwood.mouth",1.01846733668342,3.45884422110553
6,2021-07-27 01:10:00,13.938,"norwood.mouth",1.13015873015873,3.20871560846561
6,2021-07-27 01:25:00,13.5,"norwood.mouth",1.29575707154742,2.98279700499168
6,2021-07-27 01:35:00,13.625,"norwood.mouth",1.22440841367222,2.88046099912358
6,2021-07-27 01:50:00,13.375,"norwood.mouth",1.33074356530029,2.66659103908484
6,2021-07-27 02:00:00,13.812,"norwood.mouth",1.15682403433476,2.72591566523605
6,2021-07-27 02:10:00,13.938,"norwood.mouth",1.12452830188679,2.66989622641509
6,2021-07-27 02:25:00,14.5,"norwood.mouth",0.945121951219512,2.55817073170732
6,2021-07-27 02:35:00,14.562,"norwood.mouth",0.925241675617616,2.50445622986037
6,2021-07-27 02:50:00,14.812,"norwood.mouth",0.853341148886284,2.46242731535756
6,2021-07-27 03:00:00,14.625,"norwood.mouth",0.910260586319218,2.58838165038002
6,2021-07-27 03:10:00,14.062,"norwood.mouth",1.01336633663366,2.37132673267327
6,2021-07-27 03:25:00,15.25,"norwood.mouth",0.804260013577733,2.88235497284454
6,2021-07-27 03:35:00,13.938,"norwood.mouth",0.998371777476255,2.21184769335142
6,2021-07-27 03:50:00,14.75,"norwood.mouth",0.845058089127796,2.29098109935842
6,2021-07-27 04:00:00,14.375,"norwood.mouth",0.904607250755287,2.09929493957704
6,2021-07-27 04:10:00,14.75,"norwood.mouth",0.829993275050437,2.34332997085855
6,2021-07-27 04:25:00,14.688,"norwood.mouth",0.843711790393013,2.30788908296943
6,2021-07-27 04:35:00,14.625,"norwood.mouth",0.843849938499385,2.32886756867569
6,2021-07-27 04:50:00,14.625,"norwood.mouth",0.841568593008958,2.36186861057439
6,2021-07-27 05:00:00,14.562,"norwood.mouth",0.83594585273323,2.31835399781572
6,2021-07-27 05:10:00,14.438,"norwood.mouth",0.851184834123222,2.18191864139021
6,2021-07-27 05:25:00,14.5,"norwood.mouth",0.836901068597036,2.30078122486499
6,2021-07-27 05:35:00,14.625,"norwood.mouth",0.835254691689008,2.53230116175156
6,2021-07-27 05:50:00,18,"norwood.mouth",0.53,4.96926666666667
6,2021-07-27 06:00:00,17.875,"norwood.mouth",0.547668481960517,4.85424917744497
6,2021-07-27 06:10:00,18.25,"norwood.mouth",0.500573115665162,5.16204538612944
6,2021-07-27 06:25:00,18.188,"norwood.mouth",0.477450980392157,5.33516339869281
6,2021-07-27 06:35:00,15.188,"norwood.mouth",0.75719136339892,2.83381368622671
6,2021-07-27 06:50:00,15.5,"norwood.mouth",0.740925925925926,3.0743037037037
6,2021-07-27 07:00:00,15.062,"norwood.mouth",0.77362106017192,2.66287010506208
6,2021-07-27 07:10:00,15.062,"norwood.mouth",0.774986108538618,2.68050398221893
6,2021-07-27 07:25:00,15.562,"norwood.mouth",0.727386196769457,3.20478046989721
6,2021-07-27 07:35:00,15.188,"norwood.mouth",0.743993839835729,2.86688535249829
6,2021-07-27 07:50:00,15.375,"norwood.mouth",0.738170212765957,2.97106042553192
6,2021-07-27 08:00:00,16,"norwood.mouth",0.677134041823792,3.54715952462576
6,2021-07-27 08:10:00,15.5,"norwood.mouth",0.723149394347241,3.11713346792284
6,2021-07-27 08:25:00,15.438,"norwood.mouth",0.724661475964793,3.31910860979463
6,2021-07-27 08:35:00,15.25,"norwood.mouth",0.732580418351204,3.2783246616277
6,2021-07-27 08:50:00,14.938,"norwood.mouth",0.767698948948949,3.29601026026026
6,2021-07-27 09:00:00,15.688,"norwood.mouth",0.692352092352092,4.05093278018278
6,2021-07-27 09:10:00,15.438,"norwood.mouth",0.717690696456624,3.88355722348286
6,2021-07-27 09:25:00,15.375,"norwood.mouth",0.716530684639943,4.04190144259194
6,2021-07-27 09:35:00,14.75,"norwood.mouth",0.773983664377204,3.85788676443289
6,2021-07-27 09:50:00,14.25,"norwood.mouth",0.815423111919927,3.77592326357295
6,2021-07-27 10:00:00,14.062,"norwood.mouth",0.832826475849732,3.79919677996422
6,2021-07-27 10:10:00,13.938,"norwood.mouth",0.84488911988912,3.81080685493186
6,2021-07-27 10:25:00,12.688,"norwood.mouth",1.37028301886792,2.38011635220126
6,2021-07-27 10:35:00,12.375,"norwood.mouth",1.45128205128205,2.177
6,2021-07-27 10:50:00,11.938,"norwood.mouth",1.55,2.304
6,2021-07-27 11:00:00,12.125,"norwood.mouth",1.55,2.429
6,2021-07-27 11:10:00,12.875,"norwood.mouth",1.32108902333621,2.97424481417459
6,2021-07-27 11:25:00,12,"norwood.mouth",1.55,2.775
6,2021-07-27 11:35:00,12.312,"norwood.mouth",1.55,2.898
6,2021-07-27 11:50:00,13.125,"norwood.mouth",1.31053698074975,3.55678368794326
6,2021-07-27 12:00:00,12.938,"norwood.mouth",1.49387755102041,3.414
6,2021-07-27 12:10:00,13.438,"norwood.mouth",1.32007233273056,4.00842043399638
6,2021-07-27 12:25:00,12.812,"norwood.mouth",1.47625329815303,3.894
6,2021-07-27 12:35:00,12.875,"norwood.mouth",1.44145420207743,3.95951817752597
6,2021-07-27 12:50:00,13.25,"norwood.mouth",1.27461607949413,4.69135215296597
6,2021-07-27 13:00:00,13.062,"norwood.mouth",1.48960302457467,4.419
6,2021-07-27 13:10:00,14,"norwood.mouth",0.989150943396227,5.62424213836478
6,2021-07-27 13:25:00,13.188,"norwood.mouth",1.49727272727273,4.856
6,2021-07-27 13:35:00,15,"norwood.mouth",0.829511901175053,6.20980646781159
6,2021-07-27 13:50:00,13.312,"norwood.mouth",1.38539741219963,5.44617560073937
6,2021-07-27 14:00:00,13.312,"norwood.mouth",1.38214904679376,5.7163643847487
6,2021-07-27 14:10:00,13.062,"norwood.mouth",1.48761904761905,5.554
6,2021-07-27 14:25:00,13.375,"norwood.mouth",1.41426282051282,5.83282852564103
6,2021-07-27 14:35:00,13.75,"norwood.mouth",1.24941084053417,6.5313006022519
6,2021-07-27 14:50:00,13.875,"norwood.mouth",1.27330508474576,6.36636016949153
6,2021-07-27 15:00:00,15.312,"norwood.mouth",0.856818181818182,7.27763636363636
6,2021-07-27 15:10:00,15.188,"norwood.mouth",0.896751412429379,7.76545880414313
6,2021-07-27 15:25:00,14.625,"norwood.mouth",1.04887218045113,7.1722462406015
6,2021-07-27 15:35:00,14.75,"norwood.mouth",0.995387062566278,7.89387910922587
6,2021-07-27 15:50:00,15.562,"norwood.mouth",0.881326434619003,7.86424741298213
6,2021-07-27 16:00:00,15.125,"norwood.mouth",0.941247833622184,7.56739341421144
6,2021-07-27 16:10:00,15.125,"norwood.mouth",0.940045766590389,7.52816857360793
6,2021-07-27 16:25:00,14.875,"norwood.mouth",0.998498635122839,7.752728844404
6,2021-07-27 16:35:00,13.875,"norwood.mouth",1.3206514439221,7.75215513767629
6,2021-07-27 16:50:00,13.938,"norwood.mouth",1.31307011572498,7.89856892443839
6,2021-07-27 17:00:00,14.375,"norwood.mouth",1.17211538461538,7.8974391025641
6,2021-07-27 17:10:00,13.812,"norwood.mouth",1.36457304163726,7.90275370501059
6,2021-07-27 17:25:00,12.875,"norwood.mouth",1.55,8.02
6,2021-07-27 17:35:00,12.938,"norwood.mouth",1.55,8.146
6,2021-07-27 17:50:00,12.562,"norwood.mouth",1.55,8.2
6,2021-07-27 18:00:00,13.188,"norwood.mouth",1.55,8.306
6,2021-07-27 18:10:00,13.562,"norwood.mouth",1.45994152046784,8.422
6,2021-07-27 18:25:00,14.062,"norwood.mouth",1.31630654962863,8.55809588116138
6,2021-07-27 18:35:00,14.625,"norwood.mouth",1.15654761904762,8.60095337301587
6,2021-07-27 18:50:00,13.562,"norwood.mouth",1.47283653846154,8.505
6,2021-07-27 19:00:00,13.375,"norwood.mouth",1.55,8.506
6,2021-07-27 19:10:00,14.062,"norwood.mouth",1.31146428571429,8.39780214285714
6,2021-07-27 19:25:00,13.438,"norwood.mouth",1.55,8.561
6,2021-07-27 19:35:00,13.875,"norwood.mouth",1.37185998627316,8.46387405628003
6,2021-07-27 19:50:00,13.812,"norwood.mouth",1.38680461329715,8.35486380597015
6,2021-07-27 20:00:00,13.625,"norwood.mouth",1.44631650750341,8.34316302864939
6,2021-07-27 20:10:00,13.375,"norwood.mouth",1.55,8.198
6,2021-07-27 20:25:00,13.125,"norwood.mouth",1.55,7.966
6,2021-07-27 20:35:00,13.375,"norwood.mouth",1.55,7.89
6,2021-07-27 20:50:00,13.312,"norwood.mouth",1.55,7.661
6,2021-07-27 21:00:00,13.812,"norwood.mouth",1.3280078125,7.504647265625
6,2021-07-27 21:10:00,14.438,"norwood.mouth",1.11711356466877,7.27119440063092
6,2021-07-27 21:25:00,13.25,"norwood.mouth",1.55,7.218
6,2021-07-27 21:35:00,12.438,"norwood.mouth",1.55,7.169
6,2021-07-27 21:50:00,12.5,"norwood.mouth",1.55,6.844
6,2021-07-27 22:00:00,13.312,"norwood.mouth",1.45955414012739,6.463
6,2021-07-27 22:10:00,13.5,"norwood.mouth",1.38036164844407,6.09442388561817
6,2021-07-27 22:25:00,13.625,"norwood.mouth",1.30688524590164,5.57304180327869
6,2021-07-27 22:35:00,14.062,"norwood.mouth",1.15480295566502,5.29796613300493
6,2021-07-27 22:50:00,13.5,"norwood.mouth",1.33595890410959,5.11209075342466
6,2021-07-27 23:00:00,12.188,"norwood.mouth",1.55,5.061
6,2021-07-27 23:10:00,12.5,"norwood.mouth",1.55,4.853
6,2021-07-27 23:25:00,12,"norwood.mouth",1.55,4.679
6,2021-07-27 23:35:00,12.062,"norwood.mouth",1.55,4.516
6,2021-07-27 23:50:00,12.562,"norwood.mouth",1.55,4.178
6,2021-07-28,12.312,"norwood.mouth",1.55,3.925
6,2021-07-28 00:10:00,14.25,"norwood.mouth",1.01377199693956,3.38337241775057
6,2021-07-28 00:25:00,13.438,"norwood.mouth",1.27681041497152,3.420766273393
6,2021-07-28 00:35:00,13.125,"norwood.mouth",1.3902489626556,3.3468755186722
6,2021-07-28 00:50:00,14,"norwood.mouth",1.08468118195956,3.13907698289269
6,2021-07-28 01:00:00,14.375,"norwood.mouth",0.954292929292929,3.08613720538721
6,2021-07-28 01:10:00,14.062,"norwood.mouth",1.05338403041825,2.9968144486692
6,2021-07-28 01:25:00,14.812,"norwood.mouth",0.835800412501983,2.9706417843355
6,2021-07-28 01:35:00,14.188,"norwood.mouth",0.968450184501845,2.59626199261993
6,2021-07-28 01:50:00,15,"norwood.mouth",0.811959974587039,2.97331684138077
6,2021-07-28 02:00:00,14.812,"norwood.mouth",0.820839260312945,2.76153224276908
6,2021-07-28 02:10:00,14.875,"norwood.mouth",0.820659553831232,2.79471718396379
6,2021-07-28 02:25:00,14.5,"norwood.mouth",0.841226658081133,2.42758395041855
6,2021-07-28 02:35:00,15,"norwood.mouth",0.798964617642263,2.81989825533996
6,2021-07-28 02:50:00,14.125,"norwood.mouth",0.934561752988048,2.33570667330677
6,2021-07-28 03:00:00,14.688,"norwood.mouth",0.839398084815321,2.64281315549476
6,2021-07-28 03:10:00,14.625,"norwood.mouth",0.822408163265306,2.51680136054422
6,2021-07-28 03:25:00,14.5,"norwood.mouth",0.835328058028355,2.45477211781515
6,2021-07-28 03:35:00,13.875,"norwood.mouth",0.980263157894737,2.02334868421053
6,2021-07-28 03:50:00,14.438,"norwood.mouth",0.833178654292343,2.15960634184068
6,2021-07-28 04:00:00,14.75,"norwood.mouth",0.8058871493803,2.63919091106762
6,2021-07-28 04:10:00,14.625,"norwood.mouth",0.813687150837989,2.62083333333333
6,2021-07-28 04:25:00,14.188,"norwood.mouth",0.889406779661017,2.31294279661017
6,2021-07-28 04:35:00,14.375,"norwood.mouth",0.83325,2.3032775
6,2021-07-28 04:50:00,14.562,"norwood.mouth",0.820054292500848,2.32628277344192
6,2021-07-28 05:00:00,14.688,"norwood.mouth",0.817481789802289,2.74219528269164
6,2021-07-28 05:10:00,14.625,"norwood.mouth",0.811744850268305,2.45406485488431
6,2021-07-28 05:25:00,14.875,"norwood.mouth",0.781284821880804,2.81343103157184
6,2021-07-28 05:35:00,14.625,"norwood.mouth",0.801604599279217,2.45125587781019
6,2021-07-28 05:50:00,14.5,"norwood.mouth",0.80343137254902,2.34100490196078
6,2021-07-28 06:00:00,15,"norwood.mouth",0.755607948804311,2.75442076456719
6,2021-07-28 06:10:00,14.688,"norwood.mouth",0.780924903830072,2.57693114790656
6,2021-07-28 06:25:00,14.625,"norwood.mouth",0.783018867924528,2.38703301886792
6,2021-07-28 06:35:00,14,"norwood.mouth",0.83656793525056,1.96754485965214
6,2021-07-28 06:50:00,14.5,"norwood.mouth",0.797345132743363,2.54052876106195
6,2021-07-28 07:00:00,14.625,"norwood.mouth",0.782753573273635,2.42673669708972
6,2021-07-28 07:10:00,13.812,"norwood.mouth",0.864906832298137,2.04891304347826
6,2021-07-28 07:25:00,13.938,"norwood.mouth",0.828528656971771,2.01873125178215
6,2021-07-28 07:35:00,14.312,"norwood.mouth",0.797645758966514,2.31521151340019
6,2021-07-28 07:50:00,14.438,"norwood.mouth",0.791483803552769,2.38865935214211
6,2021-07-28 08:00:00,14.438,"norwood.mouth",0.78752209261223,2.38812006598327
6,2021-07-28 08:10:00,13.562,"norwood.mouth",0.898214285714286,1.81024107142857
6,2021-07-28 08:25:00,14.188,"norwood.mouth",0.803947368421053,2.43142543859649
6,2021-07-28 08:35:00,13.75,"norwood.mouth",0.842133639738377,2.23957668964704
6,2021-07-28 08:50:00,14.188,"norwood.mouth",0.802971167369901,2.68046803211439
6,2021-07-28 09:00:00,14.25,"norwood.mouth",0.787708077799194,2.93479087086035
6,2021-07-28 09:10:00,14.188,"norwood.mouth",0.800831146106737,2.90947098279382
6,2021-07-28 09:25:00,13.5,"norwood.mouth",0.913552631578947,2.57934934210526
6,2021-07-28 09:35:00,13.938,"norwood.mouth",0.831178110840014,3.17966085744162
6,2021-07-28 09:50:00,12.938,"norwood.mouth",1.20259067357513,2.13378238341969
6,2021-07-28 10:00:00,12.938,"norwood.mouth",1.20259067357513,2.24424438687392
6,2021-07-28 10:10:00,12.875,"norwood.mouth",1.26091703056769,2.23714701601165
6,2021-07-28 10:25:00,12.5,"norwood.mouth",1.43124368048534,1.86642256488035
6,2021-07-28 10:35:00,13.25,"norwood.mouth",1.02710843373494,2.98801807228916
6,2021-07-28 10:50:00,12.562,"norwood.mouth",1.36835645677695,2.18088046958378
6,2021-07-28 11:00:00,12.938,"norwood.mouth",1.22158746208291,2.70640748230536
6,2021-07-28 11:10:00,12.375,"norwood.mouth",1.48472222222222,2.106
6,2021-07-28 11:25:00,12.375,"norwood.mouth",1.55,2.271
6,2021-07-28 11:35:00,12.188,"norwood.mouth",1.55,2.4
6,2021-07-28 11:50:00,12.812,"norwood.mouth",1.4811320754717,2.643
6,2021-07-28 12:00:00,12.625,"norwood.mouth",1.45270618556701,3.03
6,2021-07-28 12:10:00,12.688,"norwood.mouth",1.47016129032258,3.197
6,2021-07-28 12:25:00,12.562,"norwood.mouth",1.55,3.498
6,2021-07-28 12:35:00,12.25,"norwood.mouth",1.55,3.534
6,2021-07-28 12:50:00,12.375,"norwood.mouth",1.55,3.872
6,2021-07-28 13:00:00,12.562,"norwood.mouth",1.55,3.992
6,2021-07-28 13:10:00,12.562,"norwood.mouth",1.55,4.09
6,2021-07-28 13:25:00,12.125,"norwood.mouth",1.55,4.395
6,2021-07-28 13:35:00,12.25,"norwood.mouth",1.55,4.721
6,2021-07-28 13:50:00,12.188,"norwood.mouth",1.55,4.787
6,2021-07-28 14:00:00,12,"norwood.mouth",1.55,5.06
6,2021-07-28 14:10:00,12.312,"norwood.mouth",1.55,5.135
6,2021-07-28 14:25:00,12.438,"norwood.mouth",1.55,5.253
6,2021-07-28 14:35:00,12.688,"norwood.mouth",1.55,5.345
6,2021-07-28 14:50:00,12.562,"norwood.mouth",1.55,5.713
6,2021-07-28 15:00:00,12.688,"norwood.mouth",1.55,5.824
6,2021-07-28 15:10:00,12.562,"norwood.mouth",1.55,6.033
6,2021-07-28 15:25:00,12.938,"norwood.mouth",1.55,6.257
6,2021-07-28 15:35:00,13,"norwood.mouth",1.55,6.495
6,2021-07-28 15:50:00,16.125,"norwood.mouth",0.812547770700637,7.54303694267516
6,2021-07-28 16:00:00,15.375,"norwood.mouth",0.929676258992806,7.68310341726619
6,2021-07-28 16:10:00,14.5,"norwood.mouth",1.18221355728854,7.60440911817636
6,2021-07-28 16:25:00,14.5,"norwood.mouth",1.17109079445145,7.68113839848676
6,2021-07-28 16:35:00,13.188,"norwood.mouth",1.55,7.251
6,2021-07-28 16:50:00,13.188,"norwood.mouth",1.55,7.365
6,2021-07-28 17:00:00,13.25,"norwood.mouth",1.55,7.417
6,2021-07-28 17:10:00,13.5,"norwood.mouth",1.48598901098901,7.506
6,2021-07-28 17:25:00,13.188,"norwood.mouth",1.55,7.599
6,2021-07-28 17:35:00,13.5,"norwood.mouth",1.48774038461538,7.687
6,2021-07-28 17:50:00,14.125,"norwood.mouth",1.28219123505976,7.90849163346614
6,2021-07-28 18:00:00,14.125,"norwood.mouth",1.27689516129032,7.96169879032258
6,2021-07-28 18:10:00,13.5,"norwood.mouth",1.49383561643836,7.829
6,2021-07-28 18:25:00,14.812,"norwood.mouth",1.03712871287129,8.45832178217822
6,2021-07-28 18:35:00,14.625,"norwood.mouth",1.11322815533981,8.4044302184466
6,2021-07-28 18:50:00,14.875,"norwood.mouth",1.00485477178423,8.43376265560166
6,2021-07-28 19:00:00,13.5,"norwood.mouth",1.49228571428571,8.163
6,2021-07-28 19:10:00,13,"norwood.mouth",1.55,8.137
6,2021-07-28 19:25:00,13.562,"norwood.mouth",1.4758152173913,8.161
6,2021-07-28 19:35:00,13.938,"norwood.mouth",1.34626060138782,8.16124286815729
6,2021-07-28 19:50:00,13.688,"norwood.mouth",1.4333080999243,8.09172691143073
6,2021-07-28 20:00:00,14.562,"norwood.mouth",1.13851203501094,7.8215158643326
6,2021-07-28 20:10:00,13.562,"norwood.mouth",1.46356382978723,7.909
6,2021-07-28 20:25:00,13.875,"norwood.mouth",1.34351921627732,7.76919932177845
6,2021-07-28 20:35:00,13.5,"norwood.mouth",1.45872483221477,7.734
6,2021-07-28 20:50:00,13.688,"norwood.mouth",1.39387308533917,7.63299835886214
6,2021-07-28 21:00:00,12.938,"norwood.mouth",1.55,7.566
6,2021-07-28 21:10:00,12.562,"norwood.mouth",1.55,7.408
6,2021-07-28 21:25:00,12.625,"norwood.mouth",1.55,7.19
6,2021-07-28 21:35:00,12.875,"norwood.mouth",1.55,7.034
6,2021-07-28 21:50:00,13,"norwood.mouth",1.55,6.713
6,2021-07-28 22:00:00,13.562,"norwood.mouth",1.36796153846154,6.43007346153846
6,2021-07-28 22:10:00,13.125,"norwood.mouth",1.55,6.38
6,2021-07-28 22:25:00,13.25,"norwood.mouth",1.46291666666667,6.039
6,2021-07-28 22:35:00,12.938,"norwood.mouth",1.55,5.811
6,2021-07-28 22:50:00,12.875,"norwood.mouth",1.55,5.463
6,2021-07-28 23:00:00,12.938,"norwood.mouth",1.55,5.323
6,2021-07-28 23:10:00,12.812,"norwood.mouth",1.55,5.119
6,2021-07-28 23:25:00,12.938,"norwood.mouth",1.55,4.851
6,2021-07-28 23:35:00,12.688,"norwood.mouth",1.55,4.602
6,2021-07-28 23:50:00,12.625,"norwood.mouth",1.55,4.354
6,2021-07-29,12.562,"norwood.mouth",1.55,4.166
6,2021-07-29 00:10:00,11.938,"norwood.mouth",1.55,4.01
6,2021-07-29 00:25:00,12.25,"norwood.mouth",1.55,3.683
6,2021-07-29 00:35:00,12.438,"norwood.mouth",1.55,3.553
6,2021-07-29 00:50:00,14.938,"norwood.mouth",0.824714492520508,3.08717725591121
6,2021-07-29 01:00:00,14,"norwood.mouth",1.03775684931507,2.88517123287671
6,2021-07-29 01:10:00,13.812,"norwood.mouth",1.11528925619835,2.88559090909091
6,2021-07-29 01:25:00,13.875,"norwood.mouth",1.05120967741936,2.70816330645161
6,2021-07-29 01:35:00,14.25,"norwood.mouth",0.925,2.558625
6,2021-07-29 01:50:00,14,"norwood.mouth",0.98141592920354,2.55695575221239
6,2021-07-29 02:00:00,14.375,"norwood.mouth",0.864450867052023,2.43226589595376
6,2021-07-29 02:10:00,14.875,"norwood.mouth",0.809629331184529,2.69219863013699
6,2021-07-29 02:25:00,12.312,"norwood.mouth",1.55,2.112
6,2021-07-29 02:35:00,14,"norwood.mouth",0.953047775947282,2.07034060955519
6,2021-07-29 02:50:00,13.875,"norwood.mouth",1.01238898756661,2.0432553285968
6,2021-07-29 03:00:00,14.5,"norwood.mouth",0.836479677527712,2.33707101668346
6,2021-07-29 03:10:00,14.562,"norwood.mouth",0.819677102114407,2.37138807845708
6,2021-07-29 03:25:00,14.625,"norwood.mouth",0.815136200102793,2.35183670264405
6,2021-07-29 03:35:00,14.375,"norwood.mouth",0.836925383077948,1.98742407839218
6,2021-07-29 03:50:00,14.062,"norwood.mouth",0.888844621513944,1.89934860557769
6,2021-07-29 04:00:00,14.188,"norwood.mouth",0.845227729403885,1.87497722705961
6,2021-07-29 04:10:00,14.625,"norwood.mouth",0.812620856353591,2.23198155501842
6,2021-07-29 04:25:00,14.25,"norwood.mouth",0.839792417224224,1.9434293475153
6,2021-07-29 04:35:00,12.938,"norwood.mouth",1.30845986984816,1.40477603036876
6,2021-07-29 04:50:00,14.438,"norwood.mouth",0.823336807364947,2.02678785246946
6,2021-07-29 05:00:00,14.875,"norwood.mouth",0.785343294201352,2.44359661449069
6,2021-07-29 05:10:00,15.25,"norwood.mouth",0.751420959147425,2.73670959147424
6,2021-07-29 05:25:00,13.875,"norwood.mouth",0.918449197860963,1.69656506238859
6,2021-07-29 05:35:00,13.938,"norwood.mouth",0.881194690265487,1.83592699115044
6,2021-07-29 05:50:00,14.812,"norwood.mouth",0.789262880782249,2.4230728970791
6,2021-07-29 06:00:00,14.688,"norwood.mouth",0.783858998144712,2.40544171304886
6,2021-07-29 06:10:00,14.375,"norwood.mouth",0.806399053340615,2.16161029188664
6,2021-07-29 06:25:00,15.312,"norwood.mouth",0.721019677996422,2.83640697674419
6,2021-07-29 06:35:00,15.062,"norwood.mouth",0.735714285714286,2.69138095238095
6,2021-07-29 06:50:00,15.125,"norwood.mouth",0.737639422197842,2.76613738038642
6,2021-07-29 07:00:00,14.562,"norwood.mouth",0.781928838951311,2.30228058676654
6,2021-07-29 07:10:00,14.25,"norwood.mouth",0.818406593406593,1.93698031135531
6,2021-07-29 07:25:00,14,"norwood.mouth",0.832664730441096,1.85007832637502
6,2021-07-29 07:35:00,14.375,"norwood.mouth",0.791613780598368,2.27428377153218
6,2021-07-29 07:50:00,14.312,"norwood.mouth",0.801810637495285,2.12198789764869
6,2021-07-29 08:00:00,14.562,"norwood.mouth",0.778796005178472,2.36591091794587
6,2021-07-29 08:10:00,14.625,"norwood.mouth",0.771954915703732,2.59633958451727
6,2021-07-29 08:25:00,14.125,"norwood.mouth",0.810578186596583,2.21873981603154
6,2021-07-29 08:35:00,15.875,"norwood.mouth",0.642124195380538,3.76004770920106
6,2021-07-29 08:50:00,16.438,"norwood.mouth",0.597944943605429,4.33961422290193
6,2021-07-29 09:00:00,15.062,"norwood.mouth",0.717275810097965,3.42756892112535
6,2021-07-29 09:10:00,14.688,"norwood.mouth",0.760239732391749,3.17789035495261
6,2021-07-29 09:25:00,14.75,"norwood.mouth",0.754319248826291,3.51914350547731
6,2021-07-29 09:35:00,13.375,"norwood.mouth",0.932783018867925,2.41801768867925
6,2021-07-29 09:50:00,12.938,"norwood.mouth",1.20220061412487,2.11349437052201
6,2021-07-29 10:00:00,13.188,"norwood.mouth",1.02332949308756,2.62816589861751
6,2021-07-29 10:10:00,13.875,"norwood.mouth",0.847228183118741,3.34910985932284
6,2021-07-29 10:25:00,12.625,"norwood.mouth",1.34566744730679,1.98217388758782
6,2021-07-29 10:35:00,13.188,"norwood.mouth",1.07034368070953,2.97853824833703
6,2021-07-29 10:50:00,12.5,"norwood.mouth",1.41358093126386,1.88315410199557
6,2021-07-29 11:00:00,13.188,"norwood.mouth",1.09840862422998,2.85434727926078
6,2021-07-29 11:10:00,13.625,"norwood.mouth",0.945614035087719,3.61900438596491
6,2021-07-29 11:25:00,14.062,"norwood.mouth",0.846847982708934,3.76309684197887
6,2021-07-29 11:35:00,13.25,"norwood.mouth",1.27695351137488,2.79958984503792
6,2021-07-29 11:50:00,14.25,"norwood.mouth",0.866666666666667,4.34577777777778
6,2021-07-29 12:00:00,13.125,"norwood.mouth",1.42910447761194,2.9567263681592
6,2021-07-29 12:10:00,14,"norwood.mouth",0.993333333333331,3.90506666666667
6,2021-07-29 12:25:00,13.062,"norwood.mouth",1.48910891089109,3.286
6,2021-07-29 12:35:00,12.312,"norwood.mouth",1.55,3.642
6,2021-07-29 12:50:00,14.312,"norwood.mouth",0.844955489614243,4.995353115727
6,2021-07-29 13:00:00,14.938,"norwood.mouth",0.79864114552893,5.27675657510228
6,2021-07-29 13:10:00,13,"norwood.mouth",1.48558558558559,3.803
6,2021-07-29 13:25:00,13.312,"norwood.mouth",1.47208121827411,4.095
6,2021-07-29 13:35:00,13.188,"norwood.mouth",1.48136942675159,4.451
6,2021-07-29 13:50:00,12.5,"norwood.mouth",1.55,4.535
6,2021-07-29 14:00:00,13,"norwood.mouth",1.55,4.83
6,2021-07-29 14:10:00,12.375,"norwood.mouth",1.55,4.886
6,2021-07-29 14:25:00,13.562,"norwood.mouth",1.41462418300654,5.23698515795207
6,2021-07-29 14:35:00,13.125,"norwood.mouth",1.55,5.422
6,2021-07-29 14:50:00,14,"norwood.mouth",1.26760057471264,6.34763002873563
6,2021-07-29 15:00:00,12.75,"norwood.mouth",1.55,5.896
6,2021-07-29 15:10:00,13.188,"norwood.mouth",1.55,5.984
6,2021-07-29 15:25:00,12.812,"norwood.mouth",1.55,6.171
6,2021-07-29 15:35:00,13.812,"norwood.mouth",1.39445828144458,6.46157160647572
6,2021-07-29 15:50:00,13.75,"norwood.mouth",1.4334637964775,6.74308838878017
6,2021-07-29 16:00:00,14.812,"norwood.mouth",1.12608695652174,7.16816304347826
6,2021-07-29 16:10:00,13.812,"norwood.mouth",1.38463687150838,6.93842737430168
6,2021-07-29 16:25:00,14.375,"norwood.mouth",1.25299418604651,7.29925828488372
6,2021-07-29 16:35:00,13.438,"norwood.mouth",1.55,7.184
6,2021-07-29 16:50:00,13.562,"norwood.mouth",1.55,7.396
6,2021-07-29 17:00:00,14.188,"norwood.mouth",1.33509019165727,7.64503579481398
6,2021-07-29 17:10:00,14.688,"norwood.mouth",1.21348214285714,7.90147544642857
6,2021-07-29 17:25:00,14.062,"norwood.mouth",1.38116071428571,7.91986919642857
6,2021-07-29 17:35:00,14.812,"norwood.mouth",1.18117245657568,8.12254916253102
6,2021-07-29 17:50:00,14.375,"norwood.mouth",1.31558441558442,8.23199675324675
6,2021-07-29 18:00:00,14.375,"norwood.mouth",1.31623067776457,8.37956956004756
6,2021-07-29 18:10:00,12.812,"norwood.mouth",1.55,8.255
6,2021-07-29 18:25:00,14.625,"norwood.mouth",1.25868911605532,8.3768137402285
6,2021-07-29 18:35:00,13.188,"norwood.mouth",1.55,8.369
6,2021-07-29 18:50:00,13.062,"norwood.mouth",1.55,8.396
6,2021-07-29 19:00:00,13.125,"norwood.mouth",1.55,8.411
6,2021-07-29 19:10:00,13.438,"norwood.mouth",1.55,8.424
6,2021-07-29 19:25:00,13.438,"norwood.mouth",1.55,8.407
6,2021-07-29 19:35:00,13.312,"norwood.mouth",1.55,8.37
6,2021-07-29 19:50:00,13.25,"norwood.mouth",1.55,8.222
6,2021-07-29 20:00:00,13.25,"norwood.mouth",1.55,8.177
6,2021-07-29 20:10:00,13.188,"norwood.mouth",1.55,8.158
6,2021-07-29 20:25:00,12.75,"norwood.mouth",1.55,7.991
6,2021-07-29 20:35:00,12.688,"norwood.mouth",1.55,7.893
6,2021-07-29 20:50:00,12.625,"norwood.mouth",1.55,7.705
6,2021-07-29 21:00:00,12.688,"norwood.mouth",1.55,7.582
6,2021-07-29 21:10:00,12.5,"norwood.mouth",1.55,7.459
6,2021-07-29 21:25:00,12.438,"norwood.mouth",1.55,7.254
6,2021-07-29 21:35:00,15.562,"norwood.mouth",0.953688524590164,6.4399193989071
6,2021-07-29 21:50:00,14.062,"norwood.mouth",1.31379915730337,6.53012289325843
6,2021-07-29 22:00:00,14.75,"norwood.mouth",1.09349455040872,6.03459928474114
6,2021-07-29 22:10:00,13.875,"norwood.mouth",1.34195171026157,6.0428893360161
6,2021-07-29 22:25:00,13.125,"norwood.mouth",1.55,5.87
6,2021-07-29 22:35:00,12.812,"norwood.mouth",1.55,5.66
6,2021-07-29 22:50:00,13.625,"norwood.mouth",1.38638253638254,5.21914760914761
6,2021-07-29 23:00:00,12.688,"norwood.mouth",1.55,5.057
6,2021-07-29 23:10:00,12.312,"norwood.mouth",1.55,4.856
6,2021-07-29 23:25:00,12.375,"norwood.mouth",1.55,4.516
6,2021-07-29 23:35:00,12.312,"norwood.mouth",1.55,4.36
6,2021-07-29 23:50:00,12.312,"norwood.mouth",1.55,4.1
6,2021-07-30,12.312,"norwood.mouth",1.55,3.91
6,2021-07-30 00:10:00,14.438,"norwood.mouth",1.03326563769293,3.31024451665313
6,2021-07-30 00:25:00,12.312,"norwood.mouth",1.55,3.396
6,2021-07-30 00:35:00,12.625,"norwood.mouth",1.55,3.214
6,2021-07-30 00:50:00,12.188,"norwood.mouth",1.55,2.984
6,2021-07-30 01:00:00,15,"norwood.mouth",0.894314558979809,2.84384643995749
6,2021-07-30 01:10:00,14.375,"norwood.mouth",0.988576779026217,2.6191797752809
6,2021-07-30 01:25:00,14.625,"norwood.mouth",0.931497797356828,2.50888766519824
6,2021-07-30 01:35:00,13.625,"norwood.mouth",1.22964125560538,2.41127533632287
6,2021-07-30 01:50:00,13.5,"norwood.mouth",1.26165616561656,2.24057470747075
6,2021-07-30 02:00:00,14.188,"norwood.mouth",0.996213183730715,2.17590007012623
6,2021-07-30 02:10:00,14.688,"norwood.mouth",0.895266272189349,2.16719378698225
6,2021-07-30 02:25:00,14.25,"norwood.mouth",0.957865168539326,2.02996629213483
6,2021-07-30 02:35:00,14,"norwood.mouth",0.996316964285714,2.03893973214286
6,2021-07-30 02:50:00,14.688,"norwood.mouth",0.884712041884817,2.07766020942408
6,2021-07-30 03:00:00,15.188,"norwood.mouth",0.825083320107919,2.22285124054383
6,2021-07-30 03:10:00,14.75,"norwood.mouth",0.836901255619284,1.91785157339947
6,2021-07-30 03:25:00,14.625,"norwood.mouth",0.864510050251256,1.75834233668342
6,2021-07-30 03:35:00,14.812,"norwood.mouth",0.838110469652052,2.04890310500858
6,2021-07-30 03:50:00,14.875,"norwood.mouth",0.849917204835238,1.91280697687255
6,2021-07-30 04:00:00,14.688,"norwood.mouth",0.845686274509804,1.85130326797386
6,2021-07-30 04:10:00,14.875,"norwood.mouth",0.827629513343799,1.95161028257457
6,2021-07-30 04:25:00,14.5,"norwood.mouth",0.848902649318075,1.86250347494383
6,2021-07-30 04:35:00,14.688,"norwood.mouth",0.839931796037675,1.80328245101223
6,2021-07-30 04:50:00,14.562,"norwood.mouth",0.86948257655755,1.80193241816262
6,2021-07-30 05:00:00,14.312,"norwood.mouth",0.876293103448276,1.82732112068966
6,2021-07-30 05:10:00,13.75,"norwood.mouth",0.986229508196721,1.60667459016393
6,2021-07-30 05:25:00,14.125,"norwood.mouth",0.918617021276596,1.62271542553191
6,2021-07-30 05:35:00,15,"norwood.mouth",0.812767737617135,2.06573998772869
6,2021-07-30 05:50:00,14.5,"norwood.mouth",0.855040556199305,1.58465701042874
6,2021-07-30 06:00:00,14.5,"norwood.mouth",0.843834265044393,1.63204398224268
6,2021-07-30 06:10:00,14.312,"norwood.mouth",0.880069124423963,1.56626785714286
6,2021-07-30 06:25:00,14.812,"norwood.mouth",0.812600401606426,1.90847782797858
6,2021-07-30 06:35:00,14.062,"norwood.mouth",0.895762711864407,1.4854406779661
6,2021-07-30 06:50:00,14.812,"norwood.mouth",0.799188657597115,1.98920876359067
6,2021-07-30 07:00:00,15.5,"norwood.mouth",0.743224489795918,2.44954367346939
6,2021-07-30 07:10:00,14.125,"norwood.mouth",0.863161875945537,1.55549092284418
6,2021-07-30 07:25:00,14.625,"norwood.mouth",0.837729519774011,2.08324190795669
6,2021-07-30 07:35:00,14.438,"norwood.mouth",0.830957924496923,1.85671046066855
6,2021-07-30 07:50:00,15.438,"norwood.mouth",0.744243641231593,2.6486135653726
6,2021-07-30 08:00:00,14.812,"norwood.mouth",0.797758678800135,2.06939770812268
6,2021-07-30 08:10:00,15.812,"norwood.mouth",0.707865535248042,3.01928111401218
6,2021-07-30 08:25:00,15.312,"norwood.mouth",0.751894002325968,2.73657326798471
6,2021-07-30 08:35:00,14.75,"norwood.mouth",0.801830110497238,2.42243456491713
6,2021-07-30 08:50:00,14.562,"norwood.mouth",0.812295909779499,2.46247090837682
6,2021-07-30 09:00:00,14.5,"norwood.mouth",0.808623548922056,2.61700939745716
6,2021-07-30 09:10:00,14.438,"norwood.mouth",0.818677301429046,2.60039495402681
6,2021-07-30 09:25:00,14.75,"norwood.mouth",0.796214457005824,3.18690396254425
6,2021-07-30 09:35:00,14.312,"norwood.mouth",0.824942110486272,3.15829143235197
6,2021-07-30 09:50:00,14.188,"norwood.mouth",0.836801114936875,3.28900538339619
6,2021-07-30 10:00:00,12.812,"norwood.mouth",1.32602040816327,2.08528316326531
6,2021-07-30 10:10:00,13.312,"norwood.mouth",1.14433962264151,2.73509433962264
6,2021-07-30 10:25:00,13,"norwood.mouth",1.28667953667954,2.43074324324324
6,2021-07-30 10:35:00,12.562,"norwood.mouth",1.49787007454739,2.035
6,2021-07-30 10:50:00,13,"norwood.mouth",1.25196408529742,2.85764833520389
6,2021-07-30 11:00:00,12.375,"norwood.mouth",1.55,2.306
6,2021-07-30 11:10:00,12.375,"norwood.mouth",1.55,2.474
6,2021-07-30 11:25:00,12.438,"norwood.mouth",1.55,2.71
6,2021-07-30 11:35:00,11.938,"norwood.mouth",1.55,2.909
6,2021-07-30 11:50:00,11.875,"norwood.mouth",1.55,3.179
6,2021-07-30 12:00:00,11.875,"norwood.mouth",1.55,3.247
6,2021-07-30 12:10:00,11.812,"norwood.mouth",1.55,3.395
6,2021-07-30 12:25:00,11.75,"norwood.mouth",1.55,3.771
6,2021-07-30 12:35:00,11.75,"norwood.mouth",1.55,3.935
6,2021-07-30 12:50:00,11.938,"norwood.mouth",1.55,4.192
6,2021-07-30 13:00:00,11.812,"norwood.mouth",1.55,4.328
6,2021-07-30 13:10:00,11.812,"norwood.mouth",1.55,4.56
6,2021-07-30 13:25:00,11.75,"norwood.mouth",1.55,4.721
6,2021-07-30 13:35:00,11.75,"norwood.mouth",1.55,4.822
6,2021-07-30 13:50:00,11.812,"norwood.mouth",1.55,4.968
6,2021-07-30 14:00:00,11.812,"norwood.mouth",1.55,5.058
6,2021-07-30 14:10:00,12,"norwood.mouth",1.55,4.951
6,2021-07-30 14:25:00,11.938,"norwood.mouth",1.55,5.309
6,2021-07-30 14:35:00,11.875,"norwood.mouth",1.55,5.438
6,2021-07-30 14:50:00,13.5,"norwood.mouth",1.18534482758621,6.49555603448276
6,2021-07-30 15:00:00,11.875,"norwood.mouth",1.55,5.577
6,2021-07-30 15:10:00,12.125,"norwood.mouth",1.55,5.567
6,2021-07-30 15:25:00,13.062,"norwood.mouth",1.39735503560529,5.81020956256358
6,2021-07-30 15:35:00,11.875,"norwood.mouth",1.55,5.638
6,2021-07-30 15:50:00,12.125,"norwood.mouth",1.55,5.692
6,2021-07-30 16:00:00,11.938,"norwood.mouth",1.55,5.804
6,2021-07-30 16:10:00,12,"norwood.mouth",1.55,5.93
6,2021-07-30 16:25:00,12,"norwood.mouth",1.55,6.176
6,2021-07-30 16:35:00,12.188,"norwood.mouth",1.55,6.297
6,2021-07-30 16:50:00,12.125,"norwood.mouth",1.55,6.487
6,2021-07-30 17:00:00,12.625,"norwood.mouth",1.55,6.609
6,2021-07-30 17:10:00,12.375,"norwood.mouth",1.55,6.727
6,2021-07-30 17:25:00,12.375,"norwood.mouth",1.55,6.869
6,2021-07-30 17:35:00,12.5,"norwood.mouth",1.55,6.879
6,2021-07-30 17:50:00,12.438,"norwood.mouth",1.55,6.765
6,2021-07-30 18:00:00,12.688,"norwood.mouth",1.55,6.815
6,2021-07-30 18:10:00,13.062,"norwood.mouth",1.43898601398601,6.8792805944056
6,2021-07-30 18:25:00,12.438,"norwood.mouth",1.55,6.964
6,2021-07-30 18:35:00,12.25,"norwood.mouth",1.55,6.931
6,2021-07-30 18:50:00,12.375,"norwood.mouth",1.55,6.841
6,2021-07-30 19:00:00,12.5,"norwood.mouth",1.55,6.79
6,2021-07-30 19:10:00,12.562,"norwood.mouth",1.55,6.762
6,2021-07-30 19:25:00,12.75,"norwood.mouth",1.55,6.695
6,2021-07-30 19:35:00,12.438,"norwood.mouth",1.55,6.665
6,2021-07-30 19:50:00,12.562,"norwood.mouth",1.55,6.531
6,2021-07-30 20:00:00,12.25,"norwood.mouth",1.55,6.452
6,2021-07-30 20:10:00,12.25,"norwood.mouth",1.55,6.397
6,2021-07-30 20:25:00,12.188,"norwood.mouth",1.55,6.298
6,2021-07-30 20:35:00,12.312,"norwood.mouth",1.55,6.202
6,2021-07-30 20:50:00,11.875,"norwood.mouth",1.55,6.074
6,2021-07-30 21:00:00,11.812,"norwood.mouth",1.55,5.976
6,2021-07-30 21:10:00,11.812,"norwood.mouth",1.55,5.881
6,2021-07-30 21:25:00,11.75,"norwood.mouth",1.55,5.635
6,2021-07-30 21:35:00,12.062,"norwood.mouth",1.55,5.495
6,2021-07-30 21:50:00,11.75,"norwood.mouth",1.55,5.297
6,2021-07-30 22:00:00,11.812,"norwood.mouth",1.55,5.156
6,2021-07-30 22:10:00,12.312,"norwood.mouth",1.55,5.021
6,2021-07-30 22:25:00,11.5,"norwood.mouth",1.55,4.759
6,2021-07-30 22:35:00,11.562,"norwood.mouth",1.55,4.62
6,2021-07-30 22:50:00,11.562,"norwood.mouth",1.55,4.407
6,2021-07-30 23:00:00,11.562,"norwood.mouth",1.55,4.237
6,2021-07-30 23:10:00,11.438,"norwood.mouth",1.55,4.133
6,2021-07-30 23:25:00,11.312,"norwood.mouth",1.55,3.932
6,2021-07-30 23:35:00,11.5,"norwood.mouth",1.55,3.758
6,2021-07-30 23:50:00,13.062,"norwood.mouth",1.30192307692308,3.52242628205128
6,2021-07-31,11.5,"norwood.mouth",1.55,3.438
6,2021-07-31 00:10:00,11.562,"norwood.mouth",1.55,3.281
6,2021-07-31 00:25:00,11.812,"norwood.mouth",1.55,3.121
6,2021-07-31 00:35:00,11.375,"norwood.mouth",1.55,2.995
6,2021-07-31 00:50:00,11.5,"norwood.mouth",1.55,2.809
6,2021-07-31 01:00:00,11.5,"norwood.mouth",1.55,2.7
6,2021-07-31 01:10:00,13,"norwood.mouth",1.29214123006834,2.58274031890661
6,2021-07-31 01:25:00,14,"norwood.mouth",0.940277777777778,2.40407175925926
6,2021-07-31 01:35:00,14.125,"norwood.mouth",0.917442965779468,2.25011644486692
6,2021-07-31 01:50:00,14.312,"norwood.mouth",0.884647112740605,2.19113382218148
6,2021-07-31 02:00:00,14.562,"norwood.mouth",0.843639102778708,2.19620957482424
6,2021-07-31 02:10:00,13.062,"norwood.mouth",1.23206278026906,2.07454708520179
6,2021-07-31 02:25:00,14.25,"norwood.mouth",0.904145601617796,2.24136147623862
6,2021-07-31 02:35:00,14.125,"norwood.mouth",0.912449596774193,2.06548135080645
6,2021-07-31 02:50:00,13.75,"norwood.mouth",0.961276794035415,1.91440167753961
6,2021-07-31 03:00:00,13.438,"norwood.mouth",1.01868327402135,1.854128113879
6,2021-07-31 03:10:00,14.125,"norwood.mouth",0.911669921875,1.96598095703125
6,2021-07-31 03:25:00,14.25,"norwood.mouth",0.89232602478551,1.9661515729266
6,2021-07-31 03:35:00,14.688,"norwood.mouth",0.838314883148831,2.08091041410414
6,2021-07-31 03:50:00,15,"norwood.mouth",0.80935960591133,2.33070197044335
6,2021-07-31 04:00:00,14.062,"norwood.mouth",0.916752312435766,1.76193833504625
6,2021-07-31 04:10:00,14.5,"norwood.mouth",0.846528982992017,1.75065231979637
6,2021-07-31 04:25:00,14.562,"norwood.mouth",0.840382949228903,1.76876979726217
6,2021-07-31 04:35:00,14.5,"norwood.mouth",0.861739130434783,1.71439347826087
6,2021-07-31 04:50:00,14.438,"norwood.mouth",0.845953159979335,1.68604348200448
6,2021-07-31 05:00:00,14.625,"norwood.mouth",0.843664011585807,1.72971252715424
6,2021-07-31 05:10:00,14.375,"norwood.mouth",0.871059431524548,1.55383720930233
6,2021-07-31 05:25:00,14,"norwood.mouth",0.923672566371681,1.53420353982301
6,2021-07-31 05:35:00,13.625,"norwood.mouth",0.97130657557643,1.51691737830914
6,2021-07-31 05:50:00,14.062,"norwood.mouth",0.893596730245232,1.54334786557675
6,2021-07-31 06:00:00,14.688,"norwood.mouth",0.836167465879749,1.75092198450756
6,2021-07-31 06:10:00,14.188,"norwood.mouth",0.890323992994746,1.53727276707531
6,2021-07-31 06:25:00,14.375,"norwood.mouth",0.847563176895307,1.44336416967509
6,2021-07-31 06:35:00,14.875,"norwood.mouth",0.806357078449053,1.95761015930268
6,2021-07-31 06:50:00,14.062,"norwood.mouth",0.887221633085896,1.33620784729586
6,2021-07-31 07:00:00,13.875,"norwood.mouth",0.918253968253968,1.35839682539683
6,2021-07-31 07:10:00,14.25,"norwood.mouth",0.875047709923664,1.62598258587786
6,2021-07-31 07:25:00,14.25,"norwood.mouth",0.855388349514563,1.52860266990291
6,2021-07-31 07:35:00,13.812,"norwood.mouth",0.91169623059867,1.35144761640798
6,2021-07-31 07:50:00,14,"norwood.mouth",0.875893958076449,1.44957213316893
6,2021-07-31 08:00:00,13.875,"norwood.mouth",0.899892008639309,1.45973218142549
6,2021-07-31 08:10:00,14.062,"norwood.mouth",0.864098360655738,1.55572896174863
6,2021-07-31 08:25:00,13.812,"norwood.mouth",0.905719139297848,1.76413137032843
6,2021-07-31 08:35:00,14.125,"norwood.mouth",0.859645232815964,1.95707815964523
6,2021-07-31 08:50:00,13.25,"norwood.mouth",1.04143356643357,1.94759003496503
6,2021-07-31 09:00:00,14.062,"norwood.mouth",0.870394088669951,2.42834088669951
6,2021-07-31 09:10:00,12.875,"norwood.mouth",1.18851351351351,2.02505743243243
6,2021-07-31 09:25:00,12.875,"norwood.mouth",1.19083447332421,2.20851607387141
6,2021-07-31 09:35:00,12.625,"norwood.mouth",1.35905511811024,2.08352755905512
6,2021-07-31 09:50:00,12.938,"norwood.mouth",1.15765957446808,2.7178170212766
6,2021-07-31 10:00:00,12.375,"norwood.mouth",1.55,2.177
6,2021-07-31 10:10:00,12.562,"norwood.mouth",1.43360552763819,2.32087688442211
6,2021-07-31 10:25:00,12.312,"norwood.mouth",1.55,2.501
6,2021-07-31 10:35:00,12.125,"norwood.mouth",1.55,2.651
6,2021-07-31 10:50:00,12.5,"norwood.mouth",1.55,2.776
6,2021-07-31 11:00:00,12.25,"norwood.mouth",1.55,2.881
6,2021-07-31 11:10:00,12.5,"norwood.mouth",1.55,2.987
6,2021-07-31 11:25:00,12.375,"norwood.mouth",1.55,3.203
6,2021-07-31 11:35:00,12.75,"norwood.mouth",1.37831395348837,3.50236075581395
6,2021-07-31 11:50:00,12,"norwood.mouth",1.55,3.462
6,2021-07-31 12:00:00,12.438,"norwood.mouth",1.55,3.623
6,2021-07-31 12:10:00,13.125,"norwood.mouth",1.22992277992278,4.57194980694981
6,2021-07-31 12:25:00,11.875,"norwood.mouth",1.55,4.045
6,2021-07-31 12:35:00,11.812,"norwood.mouth",1.55,4.201
6,2021-07-31 12:50:00,12.062,"norwood.mouth",1.55,4.324
6,2021-07-31 13:00:00,12.188,"norwood.mouth",1.55,4.432
6,2021-07-31 13:10:00,11.812,"norwood.mouth",1.55,4.539
6,2021-07-31 13:25:00,11.688,"norwood.mouth",1.55,4.649
6,2021-07-31 13:35:00,11.938,"norwood.mouth",1.55,4.822
6,2021-07-31 13:50:00,11.938,"norwood.mouth",1.55,5.012
6,2021-07-31 14:00:00,11.938,"norwood.mouth",1.55,5.151
6,2021-07-31 14:10:00,11.875,"norwood.mouth",1.55,5.251
6,2021-07-31 14:25:00,11.875,"norwood.mouth",1.55,5.516
6,2021-07-31 14:35:00,12,"norwood.mouth",1.55,5.664
6,2021-07-31 14:50:00,11.875,"norwood.mouth",1.55,5.934
6,2021-07-31 15:00:00,11.75,"norwood.mouth",1.55,6.06
6,2021-07-31 15:10:00,11.75,"norwood.mouth",1.55,6.22
6,2021-07-31 15:25:00,11.812,"norwood.mouth",1.55,6.424
6,2021-07-31 15:35:00,12,"norwood.mouth",1.55,6.574
6,2021-07-31 15:50:00,11.938,"norwood.mouth",1.55,6.649
6,2021-07-31 16:00:00,11.938,"norwood.mouth",1.55,6.702
6,2021-07-31 16:10:00,11.875,"norwood.mouth",1.55,6.838
6,2021-07-31 16:25:00,12.438,"norwood.mouth",1.55,6.93
6,2021-07-31 16:35:00,12.438,"norwood.mouth",1.55,7.023
6,2021-07-31 16:50:00,12.188,"norwood.mouth",1.55,7.139
6,2021-07-31 17:00:00,12.25,"norwood.mouth",1.55,7.354
6,2021-07-31 17:10:00,12.062,"norwood.mouth",1.55,7.443
6,2021-07-31 17:25:00,12.375,"norwood.mouth",1.55,7.524
6,2021-07-31 17:35:00,12.188,"norwood.mouth",1.55,7.539
6,2021-07-31 17:50:00,12.125,"norwood.mouth",1.55,7.595
6,2021-07-31 18:00:00,12.25,"norwood.mouth",1.55,7.683
6,2021-07-31 18:10:00,12.625,"norwood.mouth",1.55,7.718
6,2021-07-31 18:25:00,12.562,"norwood.mouth",1.55,7.826
6,2021-07-31 18:35:00,12.875,"norwood.mouth",1.55,7.882
6,2021-07-31 18:50:00,12.5,"norwood.mouth",1.55,7.964
6,2021-07-31 19:00:00,12.5,"norwood.mouth",1.55,7.99
6,2021-07-31 19:10:00,12.375,"norwood.mouth",1.55,7.99
6,2021-07-31 19:25:00,12.25,"norwood.mouth",1.55,7.969
6,2021-07-31 19:35:00,12.938,"norwood.mouth",1.55,7.901
6,2021-07-31 19:50:00,12.438,"norwood.mouth",1.55,7.852
6,2021-07-31 20:00:00,12.562,"norwood.mouth",1.55,7.818
6,2021-07-31 20:10:00,12.312,"norwood.mouth",1.55,7.782
6,2021-07-31 20:25:00,12.188,"norwood.mouth",1.55,7.649
6,2021-07-31 20:35:00,12,"norwood.mouth",1.55,7.553
6,2021-07-31 20:50:00,12.062,"norwood.mouth",1.55,7.391
6,2021-07-31 21:00:00,12.062,"norwood.mouth",1.55,7.319
6,2021-07-31 21:10:00,12.062,"norwood.mouth",1.55,7.23
6,2021-07-31 21:25:00,11.875,"norwood.mouth",1.55,7.107
6,2021-07-31 21:35:00,11.812,"norwood.mouth",1.55,6.996
6,2021-07-31 21:50:00,11.938,"norwood.mouth",1.55,6.732
6,2021-07-31 22:00:00,11.938,"norwood.mouth",1.55,6.655
6,2021-07-31 22:10:00,11.812,"norwood.mouth",1.55,6.53
6,2021-07-31 22:25:00,11.75,"norwood.mouth",1.55,6.313
6,2021-07-31 22:35:00,11.75,"norwood.mouth",1.55,6.12
6,2021-07-31 22:50:00,11.812,"norwood.mouth",1.55,5.841
6,2021-07-31 23:00:00,11.75,"norwood.mouth",1.55,5.699
6,2021-07-31 23:10:00,11.75,"norwood.mouth",1.55,5.525
6,2021-07-31 23:25:00,11.75,"norwood.mouth",1.55,5.222
6,2021-07-31 23:35:00,11.812,"norwood.mouth",1.55,5.086
6,2021-07-31 23:50:00,11.812,"norwood.mouth",1.55,4.882
6,2021-08-01,11.875,"norwood.mouth",1.55,4.76
6,2021-08-01 00:10:00,11.812,"norwood.mouth",1.55,4.588
6,2021-08-01 00:25:00,11.812,"norwood.mouth",1.55,4.217
6,2021-08-01 00:35:00,11.875,"norwood.mouth",1.55,4.028
6,2021-08-01 00:50:00,11.812,"norwood.mouth",1.55,3.813
6,2021-08-01 01:00:00,11.562,"norwood.mouth",1.55,3.662
6,2021-08-01 01:10:00,11.625,"norwood.mouth",1.55,3.54
6,2021-08-01 01:25:00,11.625,"norwood.mouth",1.55,3.304
6,2021-08-01 01:35:00,11.688,"norwood.mouth",1.55,3.093
6,2021-08-01 01:50:00,11.75,"norwood.mouth",1.55,2.982
6,2021-08-01 02:00:00,11.562,"norwood.mouth",1.55,2.874
6,2021-08-01 02:10:00,11.562,"norwood.mouth",1.55,2.734
6,2021-08-01 02:25:00,11.562,"norwood.mouth",1.55,2.544
6,2021-08-01 02:35:00,11.438,"norwood.mouth",1.55,2.437
6,2021-08-01 02:50:00,11.812,"norwood.mouth",1.55,2.286
6,2021-08-01 03:00:00,12.062,"norwood.mouth",1.55,2.2
6,2021-08-01 03:10:00,11.875,"norwood.mouth",1.55,2.109
6,2021-08-01 03:25:00,11.875,"norwood.mouth",1.55,2.002
6,2021-08-01 03:35:00,12.812,"norwood.mouth",1.35786516853933,1.9575393258427
6,2021-08-01 03:50:00,13.188,"norwood.mouth",1.14829545454545,2.0845625
6,2021-08-01 04:00:00,13.25,"norwood.mouth",1.14150289017341,2.02102427745665
6,2021-08-01 04:10:00,13.25,"norwood.mouth",1.11668604651163,1.92443168604651
6,2021-08-01 04:25:00,13.562,"norwood.mouth",0.98458429561201,2.10656495381062
6,2021-08-01 04:35:00,13.75,"norwood.mouth",0.952495462794918,1.91656601633394
6,2021-08-01 04:50:00,12.875,"norwood.mouth",1.28887468030691,1.60823529411765
6,2021-08-01 05:00:00,13.438,"norwood.mouth",0.988482384823848,1.9876657633243
6,2021-08-01 05:10:00,12.75,"norwood.mouth",1.37924528301887,1.4452358490566
6,2021-08-01 05:25:00,12.875,"norwood.mouth",1.26989737742303,1.61046607753706
6,2021-08-01 05:35:00,13,"norwood.mouth",1.1801094890511,1.69298813868613
6,2021-08-01 05:50:00,12.562,"norwood.mouth",1.42155172413793,1.3000474137931
6,2021-08-01 06:00:00,12.625,"norwood.mouth",1.3618320610687,1.38651145038168
6,2021-08-01 06:10:00,12.562,"norwood.mouth",1.41197916666667,1.23291840277778
6,2021-08-01 06:25:00,12.5,"norwood.mouth",1.42912087912088,1.18429120879121
6,2021-08-01 06:35:00,12.5,"norwood.mouth",1.46267772511848,1.117
6,2021-08-01 06:50:00,12.812,"norwood.mouth",1.23383507853403,1.48281740837696
6,2021-08-01 07:00:00,12.312,"norwood.mouth",1.55,1.075
6,2021-08-01 07:10:00,12.438,"norwood.mouth",1.48429648241206,1.087
6,2021-08-01 07:25:00,12.438,"norwood.mouth",1.44012074643249,1.11922283205269
6,2021-08-01 07:35:00,12.75,"norwood.mouth",1.29451219512195,1.37503353658537
6,2021-08-01 07:50:00,12.688,"norwood.mouth",1.27678803641092,1.41689206762029
6,2021-08-01 08:00:00,12.875,"norwood.mouth",1.18396572827417,1.57314565483476
6,2021-08-01 08:10:00,12.812,"norwood.mouth",1.21724598930481,1.54805325311943
6,2021-08-01 08:25:00,12.812,"norwood.mouth",1.19742489270386,1.70067954220315
6,2021-08-01 08:35:00,12.75,"norwood.mouth",1.28613744075829,1.5488518957346
6,2021-08-01 08:50:00,12.688,"norwood.mouth",1.27035330261137,1.68765168970814
6,2021-08-01 09:00:00,12.312,"norwood.mouth",1.55,1.457
6,2021-08-01 09:10:00,12.625,"norwood.mouth",1.34224598930481,1.74451604278075
6,2021-08-01 09:25:00,12.5,"norwood.mouth",1.40414507772021,1.66785492227979
6,2021-08-01 09:35:00,12.375,"norwood.mouth",1.47466666666667,1.668
6,2021-08-01 09:50:00,12.438,"norwood.mouth",1.47645951035782,1.83
6,2021-08-01 10:00:00,12.875,"norwood.mouth",1.10540540540541,2.63424324324324
6,2021-08-01 10:10:00,12.938,"norwood.mouth",1.00653594771242,3.12913562091503
6,2021-08-01 10:25:00,12.938,"norwood.mouth",1.08457711442786,3.4222964344942
6,2021-08-01 10:35:00,13.812,"norwood.mouth",0.901603498542274,3.99160058309038
6,2021-08-01 10:50:00,13.625,"norwood.mouth",0.916630552546046,3.93455146262188
6,2021-08-01 11:00:00,12.688,"norwood.mouth",1.30397236614853,2.79683952216465
6,2021-08-01 11:10:00,12.938,"norwood.mouth",1.1044776119403,3.57237189054726
6,2021-08-01 11:25:00,11.938,"norwood.mouth",1.55,2.613
6,2021-08-01 11:35:00,12.688,"norwood.mouth",1.48130193905817,2.722
6,2021-08-01 11:50:00,12.688,"norwood.mouth",1.4681592039801,3.077
6,2021-08-01 12:00:00,12.938,"norwood.mouth",1.49625,3.352
6,2021-08-01 12:10:00,12.5,"norwood.mouth",1.55,3.468
6,2021-08-01 12:25:00,12.375,"norwood.mouth",1.55,4
6,2021-08-01 12:35:00,12.25,"norwood.mouth",1.55,4.013
6,2021-08-01 12:50:00,11.875,"norwood.mouth",1.55,4.209
6,2021-08-01 13:00:00,11.812,"norwood.mouth",1.55,4.456
6,2021-08-01 13:10:00,11.75,"norwood.mouth",1.55,4.601
6,2021-08-01 13:25:00,12.312,"norwood.mouth",1.55,4.718
6,2021-08-01 13:35:00,11.812,"norwood.mouth",1.55,4.91
6,2021-08-01 13:50:00,12.375,"norwood.mouth",1.55,5.373
6,2021-08-01 14:00:00,12.25,"norwood.mouth",1.55,5.436
6,2021-08-01 14:10:00,12.062,"norwood.mouth",1.55,5.63
6,2021-08-01 14:25:00,12.125,"norwood.mouth",1.55,5.904
6,2021-08-01 14:35:00,12.062,"norwood.mouth",1.55,6.05
6,2021-08-01 14:50:00,12.312,"norwood.mouth",1.55,6.242
6,2021-08-01 15:00:00,12.375,"norwood.mouth",1.55,6.334
6,2021-08-01 15:10:00,12.25,"norwood.mouth",1.55,6.41
6,2021-08-01 15:25:00,12.562,"norwood.mouth",1.55,6.669
6,2021-08-01 15:35:00,12.438,"norwood.mouth",1.55,6.805
6,2021-08-01 15:50:00,12.812,"norwood.mouth",1.55,7.051
6,2021-08-01 16:00:00,13.188,"norwood.mouth",1.55,7.252
6,2021-08-01 16:10:00,13.25,"norwood.mouth",1.55,7.401
6,2021-08-01 16:25:00,12.562,"norwood.mouth",1.55,7.522
6,2021-08-01 16:35:00,12.688,"norwood.mouth",1.55,7.62
6,2021-08-01 16:50:00,12.812,"norwood.mouth",1.55,7.81
6,2021-08-01 17:00:00,12.875,"norwood.mouth",1.55,7.921
6,2021-08-01 17:10:00,13.812,"norwood.mouth",1.42380136986301,8.11150342465753
6,2021-08-01 17:25:00,13.062,"norwood.mouth",1.55,8.279
6,2021-08-01 17:35:00,13,"norwood.mouth",1.55,8.327
6,2021-08-01 17:50:00,13.375,"norwood.mouth",1.55,8.359
6,2021-08-01 18:00:00,13.375,"norwood.mouth",1.55,8.371
6,2021-08-01 18:10:00,13.188,"norwood.mouth",1.55,8.462
6,2021-08-01 18:25:00,12.812,"norwood.mouth",1.55,8.569
6,2021-08-01 18:35:00,12.812,"norwood.mouth",1.55,8.596
6,2021-08-01 18:50:00,13.188,"norwood.mouth",1.55,8.755
6,2021-08-01 19:00:00,13,"norwood.mouth",1.55,8.844
6,2021-08-01 19:10:00,13.312,"norwood.mouth",1.55,8.864
6,2021-08-01 19:25:00,12.625,"norwood.mouth",1.55,8.865
6,2021-08-01 19:35:00,12.625,"norwood.mouth",1.55,8.894
6,2021-08-01 19:50:00,12.5,"norwood.mouth",1.55,8.747
6,2021-08-01 20:00:00,12.5,"norwood.mouth",1.55,8.574
6,2021-08-01 20:10:00,12.562,"norwood.mouth",1.55,8.464
6,2021-08-01 20:25:00,12.5,"norwood.mouth",1.55,8.364
6,2021-08-01 20:35:00,12.5,"norwood.mouth",1.55,8.289
6,2021-08-01 20:50:00,12.438,"norwood.mouth",1.55,8.106
6,2021-08-01 21:00:00,12.438,"norwood.mouth",1.55,7.889
6,2021-08-01 21:10:00,12.375,"norwood.mouth",1.55,7.805
6,2021-08-01 21:25:00,12.438,"norwood.mouth",1.55,7.526
6,2021-08-01 21:35:00,12.312,"norwood.mouth",1.55,7.319
6,2021-08-01 21:50:00,12.312,"norwood.mouth",1.55,6.978
6,2021-08-01 22:00:00,12.25,"norwood.mouth",1.55,6.844
6,2021-08-01 22:10:00,12.25,"norwood.mouth",1.55,6.674
6,2021-08-01 22:25:00,12.188,"norwood.mouth",1.55,6.327
6,2021-08-01 22:35:00,12.188,"norwood.mouth",1.55,6.171
6,2021-08-01 22:50:00,12.125,"norwood.mouth",1.55,5.826
6,2021-08-01 23:00:00,12.062,"norwood.mouth",1.55,5.567
6,2021-08-01 23:10:00,12.062,"norwood.mouth",1.55,5.381
6,2021-08-01 23:25:00,11.938,"norwood.mouth",1.55,5.06
6,2021-08-01 23:35:00,11.938,"norwood.mouth",1.55,4.818
6,2021-08-01 23:50:00,11.938,"norwood.mouth",1.55,4.458
6,2021-08-02,11.875,"norwood.mouth",1.55,4.206
6,2021-08-02 00:10:00,11.75,"norwood.mouth",1.55,3.936
6,2021-08-02 00:25:00,11.875,"norwood.mouth",1.55,3.633
6,2021-08-02 00:35:00,11.875,"norwood.mouth",1.55,3.465
6,2021-08-02 00:50:00,11.875,"norwood.mouth",1.55,3.334
6,2021-08-02 01:00:00,11.875,"norwood.mouth",1.55,3.295
6,2021-08-02 01:10:00,11.812,"norwood.mouth",1.55,3.133
6,2021-08-02 01:25:00,11.75,"norwood.mouth",1.55,2.936
6,2021-08-02 01:35:00,11.75,"norwood.mouth",1.55,2.818
6,2021-08-02 01:50:00,12,"norwood.mouth",1.55,2.605
6,2021-08-02 02:00:00,11.875,"norwood.mouth",1.55,2.467
6,2021-08-02 02:10:00,12,"norwood.mouth",1.55,2.334
6,2021-08-02 02:25:00,12.062,"norwood.mouth",1.55,2.121
6,2021-08-02 02:35:00,12.25,"norwood.mouth",1.55,2.026
6,2021-08-02 02:50:00,13.062,"norwood.mouth",1.44547134935305,1.84167544670364
6,2021-08-02 03:00:00,13.438,"norwood.mouth",1.21187122736419,1.8200814889336
6,2021-08-02 03:10:00,13.875,"norwood.mouth",1.03411708253359,1.83609333013436
6,2021-08-02 03:25:00,14.125,"norwood.mouth",0.978445099484156,1.61044288872513
6,2021-08-02 03:35:00,13.75,"norwood.mouth",1.04826216484608,1.60568669314796
6,2021-08-02 03:50:00,14.125,"norwood.mouth",0.967465475223396,1.66423070674249
6,2021-08-02 04:00:00,14.438,"norwood.mouth",0.921630615640599,1.63719883527454
6,2021-08-02 04:10:00,14.375,"norwood.mouth",0.925880872483221,1.60719777684564
6,2021-08-02 04:25:00,14.125,"norwood.mouth",0.959244011976048,1.66631624251497
6,2021-08-02 04:35:00,14.062,"norwood.mouth",0.967153284671533,1.57011131386861
6,2021-08-02 04:50:00,14.438,"norwood.mouth",0.930118694362018,1.80558456973294
6,2021-08-02 05:00:00,13.875,"norwood.mouth",0.97625,1.648025
6,2021-08-02 05:10:00,14.625,"norwood.mouth",0.902462526766595,1.68928015703069
6,2021-08-02 05:25:00,14,"norwood.mouth",0.966949152542373,1.68358474576271
6,2021-08-02 05:35:00,13.938,"norwood.mouth",0.961783439490446,1.63454458598726
6,2021-08-02 05:50:00,13.562,"norwood.mouth",1.04149377593361,1.65686479944675
6,2021-08-02 06:00:00,13.75,"norwood.mouth",0.988034188034188,1.68939387464387
6,2021-08-02 06:10:00,13.25,"norwood.mouth",1.14832962138085,1.33029398663697
6,2021-08-02 06:25:00,13.688,"norwood.mouth",0.9787,1.3727925
6,2021-08-02 06:35:00,13.812,"norwood.mouth",0.966095089633671,1.56617751363991
6,2021-08-02 06:50:00,14.312,"norwood.mouth",0.891705937794533,1.62149952874647
6,2021-08-02 07:00:00,14.5,"norwood.mouth",0.857069672131147,1.77364139344262
6,2021-08-02 07:10:00,14.5,"norwood.mouth",0.865223097112861,1.77087139107612
6,2021-08-02 07:25:00,14.25,"norwood.mouth",0.887907608695652,1.59172010869565
6,2021-08-02 07:35:00,13.688,"norwood.mouth",0.962137203166227,1.4897726473175
6,2021-08-02 07:50:00,13.562,"norwood.mouth",0.985026501766785,1.47871775618375
6,2021-08-02 08:00:00,13.75,"norwood.mouth",0.967132116004296,1.61355290010741
6,2021-08-02 08:10:00,13.875,"norwood.mouth",0.927546071774976,1.63738069835112
6,2021-08-02 08:25:00,13.812,"norwood.mouth",0.935650887573965,1.86110798816568
6,2021-08-02 08:35:00,13.562,"norwood.mouth",0.967090395480226,1.81555602636535
6,2021-08-02 08:50:00,13.75,"norwood.mouth",0.932218148487626,2.06656691109074
6,2021-08-02 09:00:00,13.875,"norwood.mouth",0.93244176013805,2.35549849007765
6,2021-08-02 09:10:00,13.625,"norwood.mouth",0.940684410646388,2.36103041825095
6,2021-08-02 09:25:00,13.438,"norwood.mouth",0.966720779220779,2.32291044372294
6,2021-08-02 09:35:00,13.062,"norwood.mouth",1.13034759358289,2.26956818181818
6,2021-08-02 09:50:00,13.438,"norwood.mouth",0.985690235690236,2.98212345679012
6,2021-08-02 10:00:00,13.125,"norwood.mouth",1.10441767068273,2.60522054886211
6,2021-08-02 10:10:00,13.188,"norwood.mouth",0.99959165154265,3.19489791288566
6,2021-08-02 10:25:00,13.062,"norwood.mouth",1.12666666666667,2.76527222222222
6,2021-08-02 10:35:00,13,"norwood.mouth",1.21335927367056,2.6138658668396
6,2021-08-02 10:50:00,12.875,"norwood.mouth",1.31842385516507,2.51688338658147
6,2021-08-02 11:00:00,13,"norwood.mouth",1.1605222734255,3.17578699436764
6,2021-08-02 11:10:00,13.5,"norwood.mouth",0.972637979420019,3.96194714686623
6,2021-08-02 11:25:00,13.25,"norwood.mouth",1.08236057068742,3.94266385646347
6,2021-08-02 11:35:00,13.625,"norwood.mouth",1.04863387978142,4.36750591985428
6,2021-08-02 11:50:00,13.562,"norwood.mouth",1.05997693194925,4.28529104190696
6,2021-08-02 12:00:00,13.25,"norwood.mouth",1.33718244803695,3.37461181678214
6,2021-08-02 12:10:00,13.625,"norwood.mouth",1.15371991247265,4.36409336250912
6,2021-08-02 12:25:00,12.688,"norwood.mouth",1.55,3.494
6,2021-08-02 12:35:00,13.25,"norwood.mouth",1.45482233502538,3.701
6,2021-08-02 12:50:00,12.938,"norwood.mouth",1.46609195402299,3.986
6,2021-08-02 13:00:00,12.438,"norwood.mouth",1.55,4.07
6,2021-08-02 13:10:00,12.938,"norwood.mouth",1.45593922651934,4.19
6,2021-08-02 13:25:00,13.625,"norwood.mouth",1.32924226254002,5.03525435787976
6,2021-08-02 13:35:00,13.188,"norwood.mouth",1.47665562913907,4.621
6,2021-08-02 13:50:00,12.875,"norwood.mouth",1.55,4.917
6,2021-08-02 14:00:00,13.062,"norwood.mouth",1.55,5.177
6,2021-08-02 14:10:00,13.562,"norwood.mouth",1.43513257575758,5.40858128156565
6,2021-08-02 14:25:00,13.25,"norwood.mouth",1.45275423728814,5.642
6,2021-08-02 14:35:00,13.062,"norwood.mouth",1.55,5.882
6,2021-08-02 14:50:00,13.562,"norwood.mouth",1.46291666666667,6.098
6,2021-08-02 15:00:00,13.062,"norwood.mouth",1.55,6.21
6,2021-08-02 15:10:00,13.438,"norwood.mouth",1.47342342342342,6.434
6,2021-08-02 15:25:00,13.438,"norwood.mouth",1.55,6.596
6,2021-08-02 15:35:00,14,"norwood.mouth",1.35873347251218,7.10527203665043
6,2021-08-02 15:50:00,14,"norwood.mouth",1.36105407255305,7.36320613734885
6,2021-08-02 16:00:00,14.188,"norwood.mouth",1.26299559471366,7.81246255506608
6,2021-08-02 16:10:00,14.188,"norwood.mouth",1.26298258894777,7.86833819076457
6,2021-08-02 16:25:00,14.312,"norwood.mouth",1.26745860331174,8.07888348932085
6,2021-08-02 16:35:00,13.125,"norwood.mouth",1.55,7.695
6,2021-08-02 16:50:00,13.375,"norwood.mouth",1.55,7.812
6,2021-08-02 17:00:00,12.5,"norwood.mouth",1.55,7.915
6,2021-08-02 17:10:00,12.438,"norwood.mouth",1.55,8.005
6,2021-08-02 17:25:00,12.438,"norwood.mouth",1.55,8.292
6,2021-08-02 17:35:00,12.688,"norwood.mouth",1.55,8.341
6,2021-08-02 17:50:00,12.875,"norwood.mouth",1.55,8.373
6,2021-08-02 18:00:00,13.5,"norwood.mouth",1.55,8.473
6,2021-08-02 18:10:00,13.5,"norwood.mouth",1.55,8.58
6,2021-08-02 18:25:00,12.875,"norwood.mouth",1.55,8.665
6,2021-08-02 18:35:00,13.562,"norwood.mouth",1.55,8.672
6,2021-08-02 18:50:00,13,"norwood.mouth",1.55,8.752
6,2021-08-02 19:00:00,13.5,"norwood.mouth",1.55,8.736
6,2021-08-02 19:10:00,13.25,"norwood.mouth",1.55,8.706
6,2021-08-02 19:25:00,14.188,"norwood.mouth",1.33676789587852,8.89441214750542
6,2021-08-02 19:35:00,13.688,"norwood.mouth",1.55,8.691
6,2021-08-02 19:50:00,12.938,"norwood.mouth",1.55,8.604
6,2021-08-02 20:00:00,12.938,"norwood.mouth",1.55,8.555
6,2021-08-02 20:10:00,13.062,"norwood.mouth",1.55,8.552
6,2021-08-02 20:25:00,13.188,"norwood.mouth",1.55,8.343
6,2021-08-02 20:35:00,12.875,"norwood.mouth",1.55,8.236
6,2021-08-02 20:50:00,12.812,"norwood.mouth",1.55,8.072
6,2021-08-02 21:00:00,12.875,"norwood.mouth",1.55,7.952
6,2021-08-02 21:10:00,12.562,"norwood.mouth",1.55,7.822
6,2021-08-02 21:25:00,12.75,"norwood.mouth",1.55,7.568
6,2021-08-02 21:35:00,13.125,"norwood.mouth",1.55,7.407
6,2021-08-02 21:50:00,12.812,"norwood.mouth",1.55,7.03
6,2021-08-02 22:00:00,13,"norwood.mouth",1.55,6.844
6,2021-08-02 22:10:00,13.062,"norwood.mouth",1.55,6.609
6,2021-08-02 22:25:00,13,"norwood.mouth",1.55,6.326
6,2021-08-02 22:35:00,12.938,"norwood.mouth",1.55,6.213
6,2021-08-02 22:50:00,12.625,"norwood.mouth",1.55,5.864
6,2021-08-02 23:00:00,12.625,"norwood.mouth",1.55,5.702
6,2021-08-02 23:10:00,12.625,"norwood.mouth",1.55,5.403
6,2021-08-02 23:25:00,12.625,"norwood.mouth",1.55,5.101
6,2021-08-02 23:35:00,12.75,"norwood.mouth",1.55,4.88
6,2021-08-02 23:50:00,12.75,"norwood.mouth",1.55,4.581
6,2021-08-03,12.562,"norwood.mouth",1.55,4.402
6,2021-08-03 00:10:00,12.562,"norwood.mouth",1.55,4.236
6,2021-08-03 00:25:00,12.438,"norwood.mouth",1.55,3.939
6,2021-08-03 00:35:00,12.5,"norwood.mouth",1.55,3.725
6,2021-08-03 00:50:00,12.562,"norwood.mouth",1.55,3.407
6,2021-08-03 01:00:00,12.5,"norwood.mouth",1.55,3.155
6,2021-08-03 01:10:00,12.562,"norwood.mouth",1.55,3.007
6,2021-08-03 01:25:00,12.188,"norwood.mouth",1.55,2.83
6,2021-08-03 01:35:00,12.688,"norwood.mouth",1.55,2.712
6,2021-08-03 01:50:00,12.438,"norwood.mouth",1.55,2.502
6,2021-08-03 02:00:00,12.562,"norwood.mouth",1.55,2.377
6,2021-08-03 02:10:00,12.938,"norwood.mouth",1.48,2.261
6,2021-08-03 02:25:00,12.812,"norwood.mouth",1.55,2.072
6,2021-08-03 02:35:00,12.75,"norwood.mouth",1.55,1.977
6,2021-08-03 02:50:00,12.812,"norwood.mouth",1.55,1.74
6,2021-08-03 03:00:00,13.188,"norwood.mouth",1.31958456973294,1.85266988130564
6,2021-08-03 03:10:00,13.812,"norwood.mouth",1.07661290322581,2.1699690860215
6,2021-08-03 03:25:00,13.562,"norwood.mouth",1.14913294797688,1.9256950867052
6,2021-08-03 03:35:00,13.625,"norwood.mouth",1.11985781990521,1.98437582938389
6,2021-08-03 03:50:00,13.875,"norwood.mouth",0.992224880382775,2.06132196969697
6,2021-08-03 04:00:00,13.688,"norwood.mouth",1.06447497546614,1.90058145240432
6,2021-08-03 04:10:00,13.5,"norwood.mouth",1.14488348530902,1.74299257007768
6,2021-08-03 04:25:00,13.375,"norwood.mouth",1.20093457943925,1.75586682242991
6,2021-08-03 04:35:00,13.875,"norwood.mouth",0.982216494845361,2.03212886597938
6,2021-08-03 04:50:00,13.75,"norwood.mouth",0.998577075098814,2.0173790513834
6,2021-08-03 05:00:00,13.75,"norwood.mouth",0.998783783783784,1.9506722972973
6,2021-08-03 05:10:00,13.625,"norwood.mouth",1.05458937198068,1.84569363929147
6,2021-08-03 05:25:00,13.625,"norwood.mouth",1.02128764278297,1.80355183454482
6,2021-08-03 05:35:00,14,"norwood.mouth",0.960520094562648,1.89203841607565
6,2021-08-03 05:50:00,14.312,"norwood.mouth",0.928906823184153,1.95353906823184
6,2021-08-03 06:00:00,14.312,"norwood.mouth",0.935699517574087,2.03374827705031
6,2021-08-03 06:10:00,14.25,"norwood.mouth",0.911917098445596,1.84716839378238
6,2021-08-03 06:25:00,14.25,"norwood.mouth",0.92,1.79928333333333
6,2021-08-03 06:35:00,13.5,"norwood.mouth",1.01141078838174,1.52786514522822
6,2021-08-03 06:50:00,13.625,"norwood.mouth",0.985607196401799,1.85382196401799
6,2021-08-03 07:00:00,13.438,"norwood.mouth",1.04251012145749,1.81470850202429
6,2021-08-03 07:10:00,13.688,"norwood.mouth",0.974779929577465,1.86693992077465
6,2021-08-03 07:25:00,13.5,"norwood.mouth",0.999612736660929,1.7465019363167
6,2021-08-03 07:35:00,13.5,"norwood.mouth",1.01085883514314,1.71304919381375
6,2021-08-03 07:50:00,13.812,"norwood.mouth",0.945747663551402,1.92083434579439
6,2021-08-03 08:00:00,13.375,"norwood.mouth",1.03936170212766,1.6436170212766
6,2021-08-03 08:10:00,13.562,"norwood.mouth",0.983083832335329,1.84624226546906
6,2021-08-03 08:25:00,13.375,"norwood.mouth",1.03936170212766,1.72335460992908
6,2021-08-03 08:35:00,13.375,"norwood.mouth",1.01457399103139,1.79699551569507
6,2021-08-03 08:50:00,13.188,"norwood.mouth",1.09774881516588,1.85167061611375
6,2021-08-03 09:00:00,13.5,"norwood.mouth",0.984318901795143,2.18442344244984
6,2021-08-03 09:10:00,13.812,"norwood.mouth",0.930919340849957,2.56167866435386
6,2021-08-03 09:25:00,13.125,"norwood.mouth",1.08823529411765,2.31402941176471
6,2021-08-03 09:35:00,13,"norwood.mouth",1.21716589861751,2.08932334869432
6,2021-08-03 09:50:00,13.188,"norwood.mouth",1.08867924528302,2.67095125786164
6,2021-08-03 10:00:00,12.688,"norwood.mouth",1.42063492063492,1.71068650793651
6,2021-08-03 10:10:00,13.125,"norwood.mouth",1.16342412451362,2.82578015564202
6,2021-08-03 10:25:00,12.75,"norwood.mouth",1.37188612099644,2.16974258600237
6,2021-08-03 10:35:00,13,"norwood.mouth",1.23015873015873,2.90367724867725
6,2021-08-03 10:50:00,12.812,"norwood.mouth",1.35351787773933,2.57856141868512
6,2021-08-03 11:00:00,12.562,"norwood.mouth",1.49762752075919,2.248
6,2021-08-03 11:10:00,12.812,"norwood.mouth",1.36474973375932,2.72498207312744
6,2021-08-03 11:25:00,13.062,"norwood.mouth",1.25103734439834,3.55790110650069
6,2021-08-03 11:35:00,13.125,"norwood.mouth",1.36251236399604,3.11563130563798
6,2021-08-03 11:50:00,12.75,"norwood.mouth",1.46738544474394,3.019
6,2021-08-03 12:00:00,12.562,"norwood.mouth",1.55,3.19
6,2021-08-03 12:10:00,12.125,"norwood.mouth",1.55,3.454
6,2021-08-03 12:25:00,12.062,"norwood.mouth",1.55,3.709
6,2021-08-03 12:35:00,11.938,"norwood.mouth",1.55,3.873
6,2021-08-03 12:50:00,12,"norwood.mouth",1.55,4.125
6,2021-08-03 13:00:00,11.938,"norwood.mouth",1.55,4.282
6,2021-08-03 13:10:00,12,"norwood.mouth",1.55,4.461
6,2021-08-03 13:25:00,11.938,"norwood.mouth",1.55,4.741
6,2021-08-03 13:35:00,12.062,"norwood.mouth",1.55,4.878
6,2021-08-03 13:50:00,12,"norwood.mouth",1.55,5.101
6,2021-08-03 14:00:00,12.062,"norwood.mouth",1.55,5.346
6,2021-08-03 14:10:00,12.062,"norwood.mouth",1.55,5.518
6,2021-08-03 14:25:00,12.062,"norwood.mouth",1.55,5.802
6,2021-08-03 14:35:00,12.125,"norwood.mouth",1.55,5.97
6,2021-08-03 14:50:00,12.188,"norwood.mouth",1.55,6.162
6,2021-08-03 15:00:00,12.312,"norwood.mouth",1.55,6.255
6,2021-08-03 15:10:00,12.25,"norwood.mouth",1.55,6.44
6,2021-08-03 15:25:00,12.25,"norwood.mouth",1.55,6.705
6,2021-08-03 15:35:00,12.312,"norwood.mouth",1.55,6.849
6,2021-08-03 15:50:00,12.5,"norwood.mouth",1.55,7.075
6,2021-08-03 16:00:00,12.562,"norwood.mouth",1.55,7.237
6,2021-08-03 16:10:00,12.375,"norwood.mouth",1.55,7.371
6,2021-08-03 16:25:00,12.438,"norwood.mouth",1.55,7.521
6,2021-08-03 16:35:00,12.625,"norwood.mouth",1.55,7.658
6,2021-08-03 16:50:00,12.5,"norwood.mouth",1.55,7.81
6,2021-08-03 17:00:00,12.562,"norwood.mouth",1.55,7.876
6,2021-08-03 17:10:00,12.562,"norwood.mouth",1.55,7.909
6,2021-08-03 17:25:00,12.938,"norwood.mouth",1.55,8.129
6,2021-08-03 17:35:00,12.812,"norwood.mouth",1.55,8.236
6,2021-08-03 17:50:00,12.75,"norwood.mouth",1.55,8.375
6,2021-08-03 18:00:00,12.562,"norwood.mouth",1.55,8.424
6,2021-08-03 18:10:00,12.438,"norwood.mouth",1.55,8.469
6,2021-08-03 18:25:00,12.5,"norwood.mouth",1.55,8.598
6,2021-08-03 18:35:00,12.562,"norwood.mouth",1.55,8.649
6,2021-08-03 18:50:00,12.5,"norwood.mouth",1.55,8.674
6,2021-08-03 19:00:00,12.5,"norwood.mouth",1.55,8.705
6,2021-08-03 19:10:00,12.5,"norwood.mouth",1.55,8.648
6,2021-08-03 19:25:00,12.625,"norwood.mouth",1.55,8.592
6,2021-08-03 19:35:00,12.562,"norwood.mouth",1.55,8.551
6,2021-08-03 19:50:00,12.625,"norwood.mouth",1.55,8.508
6,2021-08-03 20:00:00,12.562,"norwood.mouth",1.55,8.4
6,2021-08-03 20:10:00,12.562,"norwood.mouth",1.55,8.32
6,2021-08-03 20:25:00,12.438,"norwood.mouth",1.55,8.147
6,2021-08-03 20:35:00,12.562,"norwood.mouth",1.55,8.054
6,2021-08-03 20:50:00,12.5,"norwood.mouth",1.55,7.882
6,2021-08-03 21:00:00,12.375,"norwood.mouth",1.55,7.757
6,2021-08-03 21:10:00,12.562,"norwood.mouth",1.55,7.595
6,2021-08-03 21:25:00,12.375,"norwood.mouth",1.55,7.32
6,2021-08-03 21:35:00,12.312,"norwood.mouth",1.55,7.117
6,2021-08-03 21:50:00,12.438,"norwood.mouth",1.55,6.774
6,2021-08-03 22:00:00,12.75,"norwood.mouth",1.55,6.571
6,2021-08-03 22:10:00,12.625,"norwood.mouth",1.55,6.367
6,2021-08-03 22:25:00,12.438,"norwood.mouth",1.55,5.972
6,2021-08-03 22:35:00,12.5,"norwood.mouth",1.55,5.74
6,2021-08-03 22:50:00,12.625,"norwood.mouth",1.55,5.378
6,2021-08-03 23:00:00,13.062,"norwood.mouth",1.55,5.176
6,2021-08-03 23:10:00,13.125,"norwood.mouth",1.55,4.947
6,2021-08-03 23:25:00,12.875,"norwood.mouth",1.55,4.588
6,2021-08-03 23:35:00,12.688,"norwood.mouth",1.55,4.32
6,2021-08-03 23:50:00,12.438,"norwood.mouth",1.55,4.085
6,2021-08-04,13.125,"norwood.mouth",1.48243243243243,3.873
6,2021-08-04 00:10:00,13.375,"norwood.mouth",1.36771844660194,3.73396844660194
6,2021-08-04 00:25:00,13.188,"norwood.mouth",1.42988826815642,3.45461452513966
6,2021-08-04 00:35:00,12.875,"norwood.mouth",1.55,3.251
6,2021-08-04 00:50:00,12.438,"norwood.mouth",1.55,3.016
6,2021-08-04 01:00:00,12.5,"norwood.mouth",1.55,2.821
6,2021-08-04 01:10:00,12.375,"norwood.mouth",1.55,2.666
6,2021-08-04 01:25:00,12.625,"norwood.mouth",1.55,2.489
6,2021-08-04 01:35:00,12.75,"norwood.mouth",1.55,2.305
6,2021-08-04 01:50:00,12.75,"norwood.mouth",1.55,2.166
6,2021-08-04 02:00:00,12.812,"norwood.mouth",1.55,2.077
6,2021-08-04 02:10:00,13.125,"norwood.mouth",1.41117850953206,2.02587290583478
6,2021-08-04 02:25:00,13.75,"norwood.mouth",1.11862917398946,2.26127548330404
6,2021-08-04 02:35:00,13.938,"norwood.mouth",1.04749787955895,2.20329417585524
6,2021-08-04 02:50:00,13.875,"norwood.mouth",1.06681415929204,2.1824587020649
6,2021-08-04 03:00:00,13.5,"norwood.mouth",1.20505871725384,1.88027311050888
6,2021-08-04 03:10:00,14.375,"norwood.mouth",0.955823957643944,2.13137723362012
6,2021-08-04 03:25:00,14.375,"norwood.mouth",0.956840490797546,1.99664263803681
6,2021-08-04 03:35:00,14.5,"norwood.mouth",0.928772189349113,1.98850665680473
6,2021-08-04 03:50:00,14.5,"norwood.mouth",0.940774907749077,1.93267896678967
6,2021-08-04 04:00:00,13.875,"norwood.mouth",1.01370468611848,1.94823393751842
6,2021-08-04 04:10:00,14.438,"norwood.mouth",0.947623966942149,2.09505733471074
6,2021-08-04 04:25:00,14.5,"norwood.mouth",0.937537718768859,2.12908569704285
6,2021-08-04 04:35:00,14.562,"norwood.mouth",0.919428571428572,2.09308428571429
6,2021-08-04 04:50:00,14.562,"norwood.mouth",0.9248670998228,2.37210484347312
6,2021-08-04 05:00:00,14.812,"norwood.mouth",0.896998123827392,2.37495637898687
6,2021-08-04 05:10:00,14.625,"norwood.mouth",0.904239663629993,2.16623195515067
6,2021-08-04 05:25:00,14.5,"norwood.mouth",0.910061182868797,1.88438936097893
6,2021-08-04 05:35:00,14.188,"norwood.mouth",0.950661625708885,1.94139650283554
6,2021-08-04 05:50:00,14,"norwood.mouth",0.95838779956427,1.88297912127814
6,2021-08-04 06:00:00,14.188,"norwood.mouth",0.938720262510254,1.81037940935193
6,2021-08-04 06:10:00,14.312,"norwood.mouth",0.920668397144711,1.96563822193381
6,2021-08-04 06:25:00,14.438,"norwood.mouth",0.908224442736356,2.12275960799385
6,2021-08-04 06:35:00,14.188,"norwood.mouth",0.921106382978723,2.04614489361702
6,2021-08-04 06:50:00,13.75,"norwood.mouth",0.97261809447558,1.78858346677342
6,2021-08-04 07:00:00,13.875,"norwood.mouth",0.970085166784954,1.99497586941093
6,2021-08-04 07:10:00,13.438,"norwood.mouth",1.01863684771033,1.69575044373447
6,2021-08-04 07:25:00,13.625,"norwood.mouth",0.975,1.62654166666667
6,2021-08-04 07:35:00,13.812,"norwood.mouth",0.97970342910102,1.98855329008341
6,2021-08-04 07:50:00,13.812,"norwood.mouth",0.951135557132718,1.82688608942512
6,2021-08-04 08:00:00,13.75,"norwood.mouth",0.952880288028803,2.09791179117912
6,2021-08-04 08:10:00,13.688,"norwood.mouth",0.957590909090909,1.91704477272727
6,2021-08-04 08:25:00,13.5,"norwood.mouth",0.971722265321955,1.93977657098526
6,2021-08-04 08:35:00,14.312,"norwood.mouth",0.89759967453214,2.2735081366965
6,2021-08-04 08:50:00,13.562,"norwood.mouth",0.9581013916501,1.99870775347912
6,2021-08-04 09:00:00,13.25,"norwood.mouth",1.09308510638298,1.92516843971631
6,2021-08-04 09:10:00,13.438,"norwood.mouth",0.97679802955665,2.17438620689655
6,2021-08-04 09:25:00,13.5,"norwood.mouth",0.975393258426966,2.53668314606742
6,2021-08-04 09:35:00,13.25,"norwood.mouth",1.05933179723502,2.42796966205837
6,2021-08-04 09:50:00,13.062,"norwood.mouth",1.16280487804878,2.35360975609756
6,2021-08-04 10:00:00,13,"norwood.mouth",1.17259259259259,2.49471358024691
6,2021-08-04 10:10:00,13.625,"norwood.mouth",0.959781761496493,3.48813406079501
6,2021-08-04 10:25:00,12.562,"norwood.mouth",1.46670854271357,1.478
6,2021-08-04 10:35:00,12.812,"norwood.mouth",1.34665991902834,2.08354790823212
6,2021-08-04 10:50:00,12.875,"norwood.mouth",1.30021834061135,2.40713173216885
6,2021-08-04 11:00:00,13.312,"norwood.mouth",1.02428909952607,3.99355331753554
6,2021-08-04 11:10:00,12.375,"norwood.mouth",1.55,1.822
6,2021-08-04 11:25:00,12.438,"norwood.mouth",1.55,1.989
6,2021-08-04 11:35:00,12.062,"norwood.mouth",1.55,2.222
6,2021-08-04 11:50:00,11.188,"norwood.mouth",1.55,2.63
6,2021-08-04 12:00:00,11.125,"norwood.mouth",1.55,3.102
6,2021-08-04 12:10:00,11.312,"norwood.mouth",1.55,3.059
6,2021-08-04 12:25:00,11.438,"norwood.mouth",1.55,3.356
6,2021-08-04 12:35:00,11.625,"norwood.mouth",1.55,3.503
6,2021-08-04 12:50:00,11.625,"norwood.mouth",1.55,3.783
6,2021-08-04 13:00:00,11.625,"norwood.mouth",1.55,3.991
6,2021-08-04 13:10:00,11.75,"norwood.mouth",1.55,4.154
6,2021-08-04 13:25:00,11.875,"norwood.mouth",1.55,4.301
6,2021-08-04 13:35:00,11.938,"norwood.mouth",1.55,4.425
6,2021-08-04 13:50:00,12.125,"norwood.mouth",1.55,4.714
6,2021-08-04 14:00:00,12.438,"norwood.mouth",1.55,4.838
6,2021-08-04 14:10:00,12.188,"norwood.mouth",1.55,5.009
6,2021-08-04 14:25:00,12.5,"norwood.mouth",1.55,5.364
6,2021-08-04 14:35:00,12.688,"norwood.mouth",1.55,5.45
6,2021-08-04 14:50:00,12.75,"norwood.mouth",1.55,5.762
6,2021-08-04 15:00:00,12.938,"norwood.mouth",1.55,5.948
6,2021-08-04 15:10:00,13.188,"norwood.mouth",1.55,6.107
6,2021-08-04 15:25:00,13.125,"norwood.mouth",1.55,6.402
6,2021-08-04 15:35:00,12.562,"norwood.mouth",1.55,6.572
6,2021-08-04 15:50:00,13,"norwood.mouth",1.55,6.794
6,2021-08-04 16:00:00,12.812,"norwood.mouth",1.55,6.904
6,2021-08-04 16:10:00,13.125,"norwood.mouth",1.55,7.104
6,2021-08-04 16:25:00,12.75,"norwood.mouth",1.55,7.267
6,2021-08-04 16:35:00,13.188,"norwood.mouth",1.55,7.391
6,2021-08-04 16:50:00,12.75,"norwood.mouth",1.55,7.653
6,2021-08-04 17:00:00,13.062,"norwood.mouth",1.55,7.803
6,2021-08-04 17:10:00,12.688,"norwood.mouth",1.55,7.933
6,2021-08-04 17:25:00,12.938,"norwood.mouth",1.55,8.109
6,2021-08-04 17:35:00,12.75,"norwood.mouth",1.55,8.221
6,2021-08-04 17:50:00,12.875,"norwood.mouth",1.55,8.408
6,2021-08-04 18:00:00,13.062,"norwood.mouth",1.55,8.544
6,2021-08-04 18:10:00,12.938,"norwood.mouth",1.55,8.59
6,2021-08-04 18:25:00,13.5,"norwood.mouth",1.55,8.635
6,2021-08-04 18:35:00,13.125,"norwood.mouth",1.55,8.648
6,2021-08-04 18:50:00,13,"norwood.mouth",1.55,8.722
6,2021-08-04 19:00:00,12.75,"norwood.mouth",1.55,8.764
6,2021-08-04 19:10:00,12.75,"norwood.mouth",1.55,8.747
6,2021-08-04 19:25:00,13.125,"norwood.mouth",1.55,8.636
6,2021-08-04 19:35:00,13.312,"norwood.mouth",1.55,8.674
6,2021-08-04 19:50:00,13.312,"norwood.mouth",1.55,8.56
6,2021-08-04 20:00:00,13.062,"norwood.mouth",1.55,8.461
6,2021-08-04 20:10:00,12.75,"norwood.mouth",1.55,8.461
6,2021-08-04 20:25:00,12.562,"norwood.mouth",1.55,8.361
6,2021-08-04 20:35:00,12.75,"norwood.mouth",1.55,8.242
6,2021-08-04 20:50:00,12.438,"norwood.mouth",1.55,8.052
6,2021-08-04 21:00:00,12.375,"norwood.mouth",1.55,7.925
6,2021-08-04 21:10:00,12.5,"norwood.mouth",1.55,7.789
6,2021-08-04 21:25:00,12.438,"norwood.mouth",1.55,7.511
6,2021-08-04 21:35:00,12.688,"norwood.mouth",1.55,7.281
6,2021-08-04 21:50:00,12.312,"norwood.mouth",1.55,7.013
6,2021-08-04 22:00:00,12.375,"norwood.mouth",1.55,6.782
6,2021-08-04 22:10:00,12.375,"norwood.mouth",1.55,6.57
6,2021-08-04 22:25:00,12.438,"norwood.mouth",1.55,6.256
6,2021-08-04 22:35:00,12.312,"norwood.mouth",1.55,6.022
6,2021-08-04 22:50:00,12.25,"norwood.mouth",1.55,5.695
6,2021-08-04 23:00:00,12.312,"norwood.mouth",1.55,5.437
6,2021-08-04 23:10:00,12.438,"norwood.mouth",1.55,5.222
6,2021-08-04 23:25:00,12.375,"norwood.mouth",1.55,4.896
6,2021-08-04 23:35:00,12.438,"norwood.mouth",1.55,4.664
6,2021-08-04 23:50:00,12.562,"norwood.mouth",1.55,4.264
6,2021-08-05,12.562,"norwood.mouth",1.55,4.094
6,2021-08-05 00:10:00,12.312,"norwood.mouth",1.55,3.86
6,2021-08-05 00:25:00,12.5,"norwood.mouth",1.55,3.567
6,2021-08-05 00:35:00,12.438,"norwood.mouth",1.55,3.404
6,2021-08-05 00:50:00,12.5,"norwood.mouth",1.55,3.16
6,2021-08-05 01:00:00,13.125,"norwood.mouth",1.4530698659139,2.961
6,2021-08-05 01:10:00,13.312,"norwood.mouth",1.3851399856425,2.94188621679828
6,2021-08-05 01:25:00,13.188,"norwood.mouth",1.4236641221374,2.70430152671756
6,2021-08-05 01:35:00,13.375,"norwood.mouth",1.34791813690896,2.6270122324159
6,2021-08-05 01:50:00,14.25,"norwood.mouth",0.996739130434783,2.84561956521739
6,2021-08-05 02:00:00,15,"norwood.mouth",0.927107728337237,2.85338641686183
6,2021-08-05 02:10:00,13.75,"norwood.mouth",1.17128874388255,2.68912601957586
6,2021-08-05 02:25:00,14.188,"norwood.mouth",0.990663900414938,2.51964937759336
6,2021-08-05 02:35:00,14,"norwood.mouth",1.04076539101498,2.42075956738769
6,2021-08-05 02:50:00,14.062,"norwood.mouth",0.99656050955414,2.35771656050955
6,2021-08-05 03:00:00,14.438,"norwood.mouth",0.955938697318008,2.50031034482759
6,2021-08-05 03:10:00,14.375,"norwood.mouth",0.956538196834136,2.38264211975224
6,2021-08-05 03:25:00,14,"norwood.mouth",0.98966275659824,2.02036950146628
6,2021-08-05 03:35:00,14.312,"norwood.mouth",0.964475743348983,2.4157323943662
6,2021-08-05 03:50:00,14.5,"norwood.mouth",0.940321500334896,2.11222756195579
6,2021-08-05 04:00:00,14.25,"norwood.mouth",0.96682615629984,2.27335499734184
6,2021-08-05 04:10:00,14.625,"norwood.mouth",0.924570883661793,2.14681246026701
6,2021-08-05 04:25:00,14.562,"norwood.mouth",0.937991779213153,2.1497369348209
6,2021-08-05 04:35:00,14.75,"norwood.mouth",0.920293951384963,2.31482589033352
6,2021-08-05 04:50:00,14.438,"norwood.mouth",0.936029411764706,2.14687132352941
6,2021-08-05 05:00:00,14.375,"norwood.mouth",0.943893129770992,2.03258015267176
6,2021-08-05 05:10:00,14,"norwood.mouth",0.972498250524843,2.00988733379986
6,2021-08-05 05:25:00,13.812,"norwood.mouth",0.997276536312849,1.9134186452514
6,2021-08-05 05:35:00,14,"norwood.mouth",0.990555927662425,1.94052227059611
6,2021-08-05 05:50:00,14.25,"norwood.mouth",0.957551020408163,1.98096292517007
6,2021-08-05 06:00:00,14.062,"norwood.mouth",0.963187588152327,1.98282228490832
6,2021-08-05 06:10:00,14.125,"norwood.mouth",0.958888101983003,1.97493148016997
6,2021-08-05 06:25:00,14,"norwood.mouth",0.968187203791469,2.14078821090047
6,2021-08-05 06:35:00,14.562,"norwood.mouth",0.902040816326531,2.00590306122449
6,2021-08-05 06:50:00,14.375,"norwood.mouth",0.931895937277263,2.05430755523877
6,2021-08-05 07:00:00,14.312,"norwood.mouth",0.927961165048544,2.03855436893204
6,2021-08-05 07:10:00,14.375,"norwood.mouth",0.919525159461375,2.06443160878809
6,2021-08-05 07:25:00,14.812,"norwood.mouth",0.848635371179039,2.08955158296943
6,2021-08-05 07:35:00,14.5,"norwood.mouth",0.887240584166026,2.17188470407379
6,2021-08-05 07:50:00,14.438,"norwood.mouth",0.880935875216638,1.95546880415945
6,2021-08-05 08:00:00,13.938,"norwood.mouth",0.932253994953743,1.90005634987384
6,2021-08-05 08:10:00,14.062,"norwood.mouth",0.928634894991923,2.10513974151858
6,2021-08-05 08:25:00,14.188,"norwood.mouth",0.90175965665236,2.07158626609442
6,2021-08-05 08:35:00,13.812,"norwood.mouth",0.943359375,2.07012565104167
6,2021-08-05 08:50:00,13.625,"norwood.mouth",0.973045822102426,2.17201594788859
6,2021-08-05 09:00:00,13.5,"norwood.mouth",1.08879668049793,2.44204114799447
6,2021-08-05 09:10:00,13.25,"norwood.mouth",1.1427193828351,2.31985864673738
6,2021-08-05 09:25:00,13.312,"norwood.mouth",1.10365251727542,2.58560538005923
6,2021-08-05 09:35:00,13.438,"norwood.mouth",1.062205466541,2.78403958529689
6,2021-08-05 09:50:00,12.5,"norwood.mouth",1.48411214953271,1.644
6,2021-08-05 10:00:00,13.188,"norwood.mouth",1.16453674121406,2.49103274760384
6,2021-08-05 10:10:00,12.5,"norwood.mouth",1.47622950819672,1.815
6,2021-08-05 10:25:00,12.25,"norwood.mouth",1.55,1.948
6,2021-08-05 10:35:00,12.312,"norwood.mouth",1.55,2.058
6,2021-08-05 10:50:00,12.562,"norwood.mouth",1.49775533108866,2.208
6,2021-08-05 11:00:00,12.25,"norwood.mouth",1.55,2.333
6,2021-08-05 11:10:00,12.438,"norwood.mouth",1.55,2.424
6,2021-08-05 11:25:00,12.438,"norwood.mouth",1.55,2.623
6,2021-08-05 11:35:00,11.688,"norwood.mouth",1.55,2.822
6,2021-08-05 11:50:00,11.625,"norwood.mouth",1.55,3.022
6,2021-08-05 12:00:00,11.625,"norwood.mouth",1.55,3.121
6,2021-08-05 12:10:00,11.688,"norwood.mouth",1.55,3.173
6,2021-08-05 12:25:00,11.625,"norwood.mouth",1.55,3.423
6,2021-08-05 12:35:00,11.5,"norwood.mouth",1.55,3.565
6,2021-08-05 12:50:00,11.5,"norwood.mouth",1.55,3.76
6,2021-08-05 13:00:00,11.5,"norwood.mouth",1.55,3.885
6,2021-08-05 13:10:00,11.5,"norwood.mouth",1.55,3.988
6,2021-08-05 13:25:00,11.562,"norwood.mouth",1.55,4.131
6,2021-08-05 13:35:00,11.75,"norwood.mouth",1.55,4.239
6,2021-08-05 13:50:00,11.625,"norwood.mouth",1.55,4.528
6,2021-08-05 14:00:00,11.625,"norwood.mouth",1.55,4.732
6,2021-08-05 14:10:00,11.688,"norwood.mouth",1.55,4.934
6,2021-08-05 14:25:00,11.812,"norwood.mouth",1.55,5.221
6,2021-08-05 14:35:00,11.812,"norwood.mouth",1.55,5.499
6,2021-08-05 14:50:00,11.812,"norwood.mouth",1.55,5.693
6,2021-08-05 15:00:00,12,"norwood.mouth",1.55,5.809
6,2021-08-05 15:10:00,12,"norwood.mouth",1.55,5.836
6,2021-08-05 15:25:00,11.938,"norwood.mouth",1.55,6.005
6,2021-08-05 15:35:00,12,"norwood.mouth",1.55,6.036
6,2021-08-05 15:50:00,12.125,"norwood.mouth",1.55,6.39
6,2021-08-05 16:00:00,12.062,"norwood.mouth",1.55,6.451
6,2021-08-05 16:10:00,12.188,"norwood.mouth",1.55,6.53
6,2021-08-05 16:25:00,12.062,"norwood.mouth",1.55,6.777
6,2021-08-05 16:35:00,12.125,"norwood.mouth",1.55,6.878
6,2021-08-05 16:50:00,12.125,"norwood.mouth",1.55,7.022
6,2021-08-05 17:00:00,12.125,"norwood.mouth",1.55,7.164
6,2021-08-05 17:10:00,12.375,"norwood.mouth",1.55,7.301
6,2021-08-05 17:25:00,12.125,"norwood.mouth",1.55,6.912
6,2021-08-05 17:35:00,11.938,"norwood.mouth",1.55,7.501
6,2021-08-05 17:50:00,12,"norwood.mouth",1.55,7.74
6,2021-08-05 18:00:00,12,"norwood.mouth",1.55,7.789
6,2021-08-05 18:10:00,12,"norwood.mouth",1.55,7.842
6,2021-08-05 18:25:00,11.938,"norwood.mouth",1.55,7.873
6,2021-08-05 18:35:00,12,"norwood.mouth",1.55,7.923
6,2021-08-05 18:50:00,11.938,"norwood.mouth",1.55,7.878
6,2021-08-05 19:00:00,12,"norwood.mouth",1.55,7.96
6,2021-08-05 19:10:00,11.938,"norwood.mouth",1.55,7.96
6,2021-08-05 19:25:00,12.125,"norwood.mouth",1.55,7.878
6,2021-08-05 19:35:00,11.938,"norwood.mouth",1.55,7.75
6,2021-08-05 19:50:00,11.812,"norwood.mouth",1.55,7.86
6,2021-08-05 20:00:00,11.812,"norwood.mouth",1.55,7.832
6,2021-08-05 20:10:00,11.75,"norwood.mouth",1.55,7.752
6,2021-08-05 20:25:00,11.812,"norwood.mouth",1.55,7.508
6,2021-08-05 20:35:00,11.812,"norwood.mouth",1.55,7.355
6,2021-08-05 20:50:00,11.875,"norwood.mouth",1.55,7.071
6,2021-08-05 21:00:00,12,"norwood.mouth",1.55,6.935
6,2021-08-05 21:10:00,11.75,"norwood.mouth",1.55,6.732
6,2021-08-05 21:25:00,11.75,"norwood.mouth",1.55,6.503
6,2021-08-05 21:35:00,11.875,"norwood.mouth",1.55,6.455
6,2021-08-05 21:50:00,12.125,"norwood.mouth",1.55,6.358
6,2021-08-05 22:00:00,12.438,"norwood.mouth",1.55,6.282
6,2021-08-05 22:10:00,12.438,"norwood.mouth",1.55,6.128
6,2021-08-05 22:25:00,13,"norwood.mouth",1.37071651090343,5.99606074766355
6,2021-08-05 22:35:00,12.375,"norwood.mouth",1.55,5.692
6,2021-08-05 22:50:00,12.688,"norwood.mouth",1.47214285714286,5.459
6,2021-08-05 23:00:00,13.25,"norwood.mouth",1.24734299516908,5.36413888888889
6,2021-08-05 23:10:00,12.562,"norwood.mouth",1.55,5.012
6,2021-08-05 23:25:00,12.125,"norwood.mouth",1.55,4.706
6,2021-08-05 23:35:00,11.938,"norwood.mouth",1.55,4.485
6,2021-08-05 23:50:00,11.75,"norwood.mouth",1.55,4.276
6,2021-08-06,13.5,"norwood.mouth",1.11497584541063,4.35060829307568
6,2021-08-06 00:10:00,11.688,"norwood.mouth",1.55,3.957
6,2021-08-06 00:25:00,11.688,"norwood.mouth",1.55,3.781
6,2021-08-06 00:35:00,11.688,"norwood.mouth",1.55,3.456
6,2021-08-06 00:50:00,11.875,"norwood.mouth",1.55,3.377
6,2021-08-06 01:00:00,12.438,"norwood.mouth",1.55,3.24
6,2021-08-06 01:10:00,13.5,"norwood.mouth",1.07365145228216,3.30851590594744
6,2021-08-06 01:25:00,14.812,"norwood.mouth",0.871897810218978,3.53040875912409
6,2021-08-06 01:35:00,14.25,"norwood.mouth",0.940044742729306,3.4916312453393
6,2021-08-06 01:50:00,13.438,"norwood.mouth",1.0349940688019,2.86713839462238
6,2021-08-06 02:00:00,16.562,"norwood.mouth",0.669146534206367,4.47436870625423
6,2021-08-06 02:10:00,14.75,"norwood.mouth",0.846663796814464,3.41970458458889
6,2021-08-06 02:25:00,12.938,"norwood.mouth",1.33198380566802,2.32158130904184
6,2021-08-06 02:35:00,13.812,"norwood.mouth",0.959923664122137,2.73554198473282
6,2021-08-06 02:50:00,14.312,"norwood.mouth",0.895778364116095,3.09611059806508
6,2021-08-06 03:00:00,14.625,"norwood.mouth",0.89651376146789,3.44471467889908
6,2021-08-06 03:10:00,14.312,"norwood.mouth",0.895386533665836,2.83742061512884
6,2021-08-06 03:25:00,13.688,"norwood.mouth",0.981299385425812,2.65173946444249
6,2021-08-06 03:35:00,13.75,"norwood.mouth",0.954512195121951,2.48647825203252
6,2021-08-06 03:50:00,13.875,"norwood.mouth",0.935460992907801,2.49264479905437
6,2021-08-06 04:00:00,14.625,"norwood.mouth",0.83816029143898,2.8560467516697
6,2021-08-06 04:10:00,13.5,"norwood.mouth",0.992863805970149,2.36446175373134
6,2021-08-06 04:25:00,12.812,"norwood.mouth",1.3251572327044,1.46752672955975
6,2021-08-06 04:35:00,13.375,"norwood.mouth",0.990009514747859,2.10178020932445
6,2021-08-06 04:50:00,12.812,"norwood.mouth",1.34284232365145,1.33631811894882
6,2021-08-06 05:00:00,13.312,"norwood.mouth",1.01036585365854,2.00566971544715
6,2021-08-06 05:10:00,13.812,"norwood.mouth",0.91417025862069,2.08885721982759
6,2021-08-06 05:25:00,13,"norwood.mouth",1.18068720379147,1.54539356240126
6,2021-08-06 05:35:00,13.625,"norwood.mouth",0.958342665173572,1.84483118701008
6,2021-08-06 05:50:00,13.125,"norwood.mouth",1.0781990521327,1.58229739336493
6,2021-08-06 06:00:00,13.125,"norwood.mouth",1.08986175115207,1.53205529953917
6,2021-08-06 06:10:00,13.25,"norwood.mouth",0.99758064516129,1.58587096774194
6,2021-08-06 06:25:00,13.188,"norwood.mouth",0.995824742268041,1.50292886597938
6,2021-08-06 06:35:00,13.5,"norwood.mouth",0.957438894792774,1.59324654622742
6,2021-08-06 06:50:00,13.5,"norwood.mouth",0.94894578313253,1.56764457831325
6,2021-08-06 07:00:00,13.062,"norwood.mouth",1.04705144291092,1.44496831869511
6,2021-08-06 07:10:00,12.938,"norwood.mouth",1.15592635212888,1.28855734560798
6,2021-08-06 07:25:00,13.188,"norwood.mouth",1.08144126357354,1.43153529121422
6,2021-08-06 07:35:00,13.625,"norwood.mouth",0.935338345864662,1.5663709273183
6,2021-08-06 07:50:00,13.812,"norwood.mouth",0.909214830970556,1.70528953107961
6,2021-08-06 08:00:00,13.625,"norwood.mouth",0.928235294117647,1.70969019607843
6,2021-08-06 08:10:00,12.938,"norwood.mouth",1.11631016042781,1.47241176470588
6,2021-08-06 08:25:00,12.875,"norwood.mouth",1.1741778319123,1.47602019894438
6,2021-08-06 08:35:00,13.25,"norwood.mouth",0.977573131094258,1.8554247020585
6,2021-08-06 08:50:00,13.625,"norwood.mouth",0.933012512030799,2.28135322425409
6,2021-08-06 09:00:00,13.312,"norwood.mouth",0.990833333333333,2.20349166666667
6,2021-08-06 09:10:00,12.938,"norwood.mouth",1.13195266272189,1.85625690335306
6,2021-08-06 09:25:00,13.375,"norwood.mouth",0.948392282958199,2.37855305466238
6,2021-08-06 09:35:00,13.25,"norwood.mouth",0.986474164133739,2.65432725430598
6,2021-08-06 09:50:00,12.25,"norwood.mouth",1.55,1.382
6,2021-08-06 10:00:00,12.188,"norwood.mouth",1.55,1.486
6,2021-08-06 10:10:00,12.625,"norwood.mouth",1.37073170731707,1.86541869918699
6,2021-08-06 10:25:00,12.375,"norwood.mouth",1.48403361344538,1.799
6,2021-08-06 10:35:00,12,"norwood.mouth",1.55,1.928
6,2021-08-06 10:50:00,11.875,"norwood.mouth",1.55,2.146
6,2021-08-06 11:00:00,12,"norwood.mouth",1.55,2.394
6,2021-08-06 11:10:00,12.875,"norwood.mouth",1.27682926829268,3.08914634146341
6,2021-08-06 11:25:00,12.75,"norwood.mouth",1.37878787878788,3.06697727272727
6,2021-08-06 11:35:00,12.188,"norwood.mouth",1.55,2.994
6,2021-08-06 11:50:00,12.188,"norwood.mouth",1.55,3.235
6,2021-08-06 12:00:00,12.688,"norwood.mouth",1.49439461883408,3.465
6,2021-08-06 12:10:00,12.5,"norwood.mouth",1.45574712643678,3.777
6,2021-08-06 12:25:00,12,"norwood.mouth",1.55,3.935
6,2021-08-06 12:35:00,12.188,"norwood.mouth",1.55,4.083
6,2021-08-06 12:50:00,12,"norwood.mouth",1.55,4.56
6,2021-08-06 13:00:00,12.125,"norwood.mouth",1.55,4.66
6,2021-08-06 13:10:00,12.125,"norwood.mouth",1.55,4.946
6,2021-08-06 13:25:00,11.75,"norwood.mouth",1.55,4.828
6,2021-08-06 13:35:00,11.812,"norwood.mouth",1.55,4.19
6,2021-08-06 13:50:00,11.875,"norwood.mouth",1.55,3.665
6,2021-08-06 14:00:00,11.812,"norwood.mouth",1.55,5.289
6,2021-08-06 14:10:00,11.812,"norwood.mouth",1.55,5.444
6,2021-08-06 14:25:00,11.75,"norwood.mouth",1.55,5.911
6,2021-08-06 14:35:00,11.812,"norwood.mouth",1.55,6.292
6,2021-08-06 14:50:00,11.938,"norwood.mouth",1.55,6.454
6,2021-08-06 15:00:00,12.25,"norwood.mouth",1.55,6.499
6,2021-08-06 15:10:00,12.062,"norwood.mouth",1.55,6.519
6,2021-08-06 15:25:00,12.062,"norwood.mouth",1.55,6.832
6,2021-08-06 15:35:00,12.188,"norwood.mouth",1.55,7.199
6,2021-08-06 15:50:00,12.188,"norwood.mouth",1.55,7.338
6,2021-08-06 16:00:00,12.5,"norwood.mouth",1.55,7.538
6,2021-08-06 16:10:00,12.812,"norwood.mouth",1.55,7.685
6,2021-08-06 16:25:00,12.438,"norwood.mouth",1.55,7.77
6,2021-08-06 16:35:00,12.875,"norwood.mouth",1.55,7.851
6,2021-08-06 16:50:00,12.75,"norwood.mouth",1.55,7.998
6,2021-08-06 17:00:00,12.688,"norwood.mouth",1.55,8.092
6,2021-08-06 17:10:00,12.688,"norwood.mouth",1.55,8.191
6,2021-08-06 17:25:00,12.5,"norwood.mouth",1.55,8.343
6,2021-08-06 17:35:00,13.188,"norwood.mouth",1.55,8.466
6,2021-08-06 17:50:00,12.875,"norwood.mouth",1.55,8.608
6,2021-08-06 18:00:00,12.688,"norwood.mouth",1.55,8.758
6,2021-08-06 18:10:00,12.75,"norwood.mouth",1.55,8.867
6,2021-08-06 18:25:00,13.625,"norwood.mouth",1.48298572996707,8.878
6,2021-08-06 18:35:00,13.125,"norwood.mouth",1.55,8.954
6,2021-08-06 18:50:00,12.625,"norwood.mouth",1.55,8.942
6,2021-08-06 19:00:00,12.562,"norwood.mouth",1.55,8.987
6,2021-08-06 19:10:00,12.5,"norwood.mouth",1.55,9.012
6,2021-08-06 19:25:00,12.562,"norwood.mouth",1.55,8.967
6,2021-08-06 19:35:00,12.875,"norwood.mouth",1.55,8.94
6,2021-08-06 19:50:00,12.5,"norwood.mouth",1.55,8.811
6,2021-08-06 20:00:00,12.5,"norwood.mouth",1.55,8.668
6,2021-08-06 20:10:00,12.562,"norwood.mouth",1.55,8.55
6,2021-08-06 20:25:00,12.5,"norwood.mouth",1.55,8.31
6,2021-08-06 20:35:00,12.562,"norwood.mouth",1.55,8.144
6,2021-08-06 20:50:00,12.5,"norwood.mouth",1.55,7.842
6,2021-08-06 21:00:00,12.375,"norwood.mouth",1.55,7.598
6,2021-08-06 21:10:00,12.25,"norwood.mouth",1.55,7.457
6,2021-08-06 21:25:00,12.312,"norwood.mouth",1.55,7.1
6,2021-08-06 21:35:00,12.25,"norwood.mouth",1.55,6.781
6,2021-08-06 21:50:00,12.438,"norwood.mouth",1.55,6.244
6,2021-08-06 22:00:00,12.25,"norwood.mouth",1.55,5.896
6,2021-08-06 22:10:00,12.25,"norwood.mouth",1.55,5.718
6,2021-08-06 22:25:00,12.312,"norwood.mouth",1.55,5.413
6,2021-08-06 22:35:00,12.188,"norwood.mouth",1.55,5.152
6,2021-08-06 22:50:00,12.438,"norwood.mouth",1.55,4.739
6,2021-08-06 23:00:00,12.875,"norwood.mouth",1.55,4.503
6,2021-08-06 23:10:00,12.625,"norwood.mouth",1.55,4.258
6,2021-08-06 23:25:00,12.562,"norwood.mouth",1.55,3.993
6,2021-08-06 23:35:00,12.875,"norwood.mouth",1.55,3.794
6,2021-08-06 23:50:00,12.812,"norwood.mouth",1.55,3.638
6,2021-08-07,12.812,"norwood.mouth",1.55,3.429
6,2021-08-07 00:10:00,14.938,"norwood.mouth",0.95905572755418,4.13205998452012
6,2021-08-07 00:25:00,13.688,"norwood.mouth",1.25910780669145,3.27897831474597
6,2021-08-07 00:35:00,13.562,"norwood.mouth",1.28967642526965,3.1318699280945
6,2021-08-07 00:50:00,13.625,"norwood.mouth",1.2970159611381,2.82488486005089
6,2021-08-07 01:00:00,13.812,"norwood.mouth",1.21912491178546,2.83272953422724
6,2021-08-07 01:10:00,13.312,"norwood.mouth",1.39424983476537,2.44157953293677
6,2021-08-07 01:25:00,14,"norwood.mouth",1.13819095477387,2.86623157453936
6,2021-08-07 01:35:00,14.938,"norwood.mouth",0.944941176470588,2.98469352941177
6,2021-08-07 01:50:00,13.875,"norwood.mouth",1.15416047548291,2.247210747895
6,2021-08-07 02:00:00,13.938,"norwood.mouth",1.15255972696246,2.29749658703072
6,2021-08-07 02:10:00,13.875,"norwood.mouth",1.13009787928222,2.37835970636215
6,2021-08-07 02:25:00,13.625,"norwood.mouth",1.2084,1.83557333333333
6,2021-08-07 02:35:00,14.188,"norwood.mouth",1.01134644478064,2.0683415279879
6,2021-08-07 02:50:00,13.688,"norwood.mouth",1.17628945342571,1.71284423915833
6,2021-08-07 03:00:00,13.688,"norwood.mouth",1.19328956965718,1.66128865791393
6,2021-08-07 03:10:00,15.812,"norwood.mouth",0.783020562986624,2.74916486990085
6,2021-08-07 03:25:00,13.75,"norwood.mouth",1.10473815461347,1.67071009975062
6,2021-08-07 03:35:00,13.25,"norwood.mouth",1.31122900088417,1.27650287356322
6,2021-08-07 03:50:00,13.5,"norwood.mouth",1.19866999168745,1.38739664727071
6,2021-08-07 04:00:00,13.562,"norwood.mouth",1.12842304060434,1.48200794774945
6,2021-08-07 04:10:00,13.5,"norwood.mouth",1.12056737588652,1.44399763593381
6,2021-08-07 04:25:00,13.438,"norwood.mouth",1.2025974025974,1.25191233766234
6,2021-08-07 04:35:00,13.75,"norwood.mouth",0.992398648648649,1.65950929054054
6,2021-08-07 04:50:00,13.625,"norwood.mouth",1.10672757475083,1.49660299003322
6,2021-08-07 05:00:00,13.562,"norwood.mouth",1.11525423728814,1.52956779661017
6,2021-08-07 05:10:00,13.688,"norwood.mouth",1.05388692579505,1.60639045936396
6,2021-08-07 05:25:00,13.688,"norwood.mouth",1.06186440677966,1.44002259887006
6,2021-08-07 05:35:00,13.812,"norwood.mouth",1.03683385579937,1.56495820271682
6,2021-08-07 05:50:00,14.188,"norwood.mouth",0.950117924528302,1.75055483490566
6,2021-08-07 06:00:00,13.875,"norwood.mouth",0.988741339491917,1.44012384526559
6,2021-08-07 06:10:00,13.938,"norwood.mouth",0.982372881355932,1.43253248587571
6,2021-08-07 06:25:00,13.562,"norwood.mouth",1.05536332179931,1.19944694348328
6,2021-08-07 06:35:00,13.875,"norwood.mouth",0.960993303571429,1.29839704241071
6,2021-08-07 06:50:00,13.812,"norwood.mouth",0.9817843866171,1.23762019826518
6,2021-08-07 07:00:00,13.812,"norwood.mouth",0.973196721311475,1.68535
6,2021-08-07 07:10:00,14.062,"norwood.mouth",0.930188679245283,1.54960377358491
6,2021-08-07 07:25:00,13.688,"norwood.mouth",0.982308657465495,1.40435194479297
6,2021-08-07 07:35:00,13.562,"norwood.mouth",1.00360685302074,1.37593056807935
6,2021-08-07 07:50:00,13.75,"norwood.mouth",0.973499433748584,1.53747621744054
6,2021-08-07 08:00:00,14.062,"norwood.mouth",0.922086570477248,1.69616564927858
6,2021-08-07 08:10:00,14.062,"norwood.mouth",0.908577878103837,1.54099774266366
6,2021-08-07 08:25:00,14.188,"norwood.mouth",0.889437428243398,1.68220493685419
6,2021-08-07 08:35:00,13.875,"norwood.mouth",0.928227848101266,1.58732658227848
6,2021-08-07 08:50:00,13.938,"norwood.mouth",0.90695284159613,1.71337484885127
6,2021-08-07 09:00:00,14.062,"norwood.mouth",0.869467213114754,1.8074849726776
6,2021-08-07 09:10:00,14,"norwood.mouth",0.917385057471264,1.93756800766284
6,2021-08-07 09:25:00,13.5,"norwood.mouth",0.966685649202733,1.74903274487472
6,2021-08-07 09:35:00,13.625,"norwood.mouth",0.942559833506764,1.98410275754422
6,2021-08-07 09:50:00,13.5,"norwood.mouth",0.975234899328859,2.10372483221476
6,2021-08-07 10:00:00,13.625,"norwood.mouth",0.980408163265306,2.51429081632653
6,2021-08-07 10:10:00,13.25,"norwood.mouth",1.07641700404858,2.01808704453441
6,2021-08-07 10:25:00,13.312,"norwood.mouth",1.03208292201382,2.12558325106943
6,2021-08-07 10:35:00,13.188,"norwood.mouth",1.11168708765316,2.24097926484449
6,2021-08-07 10:50:00,13,"norwood.mouth",1.17046632124352,1.99116796200345
6,2021-08-07 11:00:00,13,"norwood.mouth",1.18608094768016,2.13937495886805
6,2021-08-07 11:10:00,13.375,"norwood.mouth",1.05383936451898,3.329432112386
6,2021-08-07 11:25:00,12.688,"norwood.mouth",1.37601442741208,1.42769319206492
6,2021-08-07 11:35:00,12.812,"norwood.mouth",1.36990363232024,1.89018204843093
6,2021-08-07 11:50:00,12.812,"norwood.mouth",1.46024799416484,1.873
6,2021-08-07 12:00:00,12.562,"norwood.mouth",1.45827464788732,2.093
6,2021-08-07 12:10:00,12.25,"norwood.mouth",1.55,2.274
6,2021-08-07 12:25:00,12.312,"norwood.mouth",1.55,2.543
6,2021-08-07 12:35:00,12.188,"norwood.mouth",1.55,2.697
6,2021-08-07 12:50:00,12.438,"norwood.mouth",1.55,2.946
6,2021-08-07 13:00:00,12,"norwood.mouth",1.55,2.94
6,2021-08-07 13:10:00,11.938,"norwood.mouth",1.55,3.121
6,2021-08-07 13:25:00,12,"norwood.mouth",1.55,3.4
6,2021-08-07 13:35:00,12.312,"norwood.mouth",1.55,3.617
6,2021-08-07 13:50:00,12.125,"norwood.mouth",1.55,3.823
6,2021-08-07 14:00:00,12.25,"norwood.mouth",1.55,3.952
6,2021-08-07 14:10:00,12.438,"norwood.mouth",1.55,4.097
6,2021-08-07 14:25:00,12.312,"norwood.mouth",1.55,4.31
6,2021-08-07 14:35:00,12.25,"norwood.mouth",1.55,4.466
6,2021-08-07 14:50:00,12.375,"norwood.mouth",1.55,4.646
6,2021-08-07 15:00:00,12.375,"norwood.mouth",1.55,4.961
6,2021-08-07 15:10:00,12.25,"norwood.mouth",1.55,5.084
6,2021-08-07 15:25:00,12.375,"norwood.mouth",1.55,5.281
6,2021-08-07 15:35:00,12.438,"norwood.mouth",1.55,5.494
6,2021-08-07 15:50:00,12.438,"norwood.mouth",1.55,5.781
6,2021-08-07 16:00:00,12.625,"norwood.mouth",1.55,5.842
6,2021-08-07 16:10:00,12.625,"norwood.mouth",1.55,5.989
6,2021-08-07 16:25:00,12.75,"norwood.mouth",1.55,6.14
6,2021-08-07 16:35:00,12.75,"norwood.mouth",1.55,6.29
6,2021-08-07 16:50:00,13.375,"norwood.mouth",1.47666666666667,6.634
6,2021-08-07 17:00:00,13,"norwood.mouth",1.55,6.821
6,2021-08-07 17:10:00,12.562,"norwood.mouth",1.55,7.02
6,2021-08-07 17:25:00,13,"norwood.mouth",1.55,7.293
6,2021-08-07 17:35:00,12.938,"norwood.mouth",1.55,7.418
6,2021-08-07 17:50:00,12.938,"norwood.mouth",1.55,7.551
6,2021-08-07 18:00:00,13.438,"norwood.mouth",1.47107843137255,7.646
6,2021-08-07 18:10:00,13.125,"norwood.mouth",1.55,7.717
6,2021-08-07 18:25:00,13.375,"norwood.mouth",1.55,7.707
6,2021-08-07 18:35:00,13,"norwood.mouth",1.55,7.716
6,2021-08-07 18:50:00,12.812,"norwood.mouth",1.55,7.784
6,2021-08-07 19:00:00,12.938,"norwood.mouth",1.55,7.785
6,2021-08-07 19:10:00,12.938,"norwood.mouth",1.55,7.728
6,2021-08-07 19:25:00,12.75,"norwood.mouth",1.55,7.57
6,2021-08-07 19:35:00,12.812,"norwood.mouth",1.55,7.51
6,2021-08-07 19:50:00,12.625,"norwood.mouth",1.55,7.396
6,2021-08-07 20:00:00,12.688,"norwood.mouth",1.55,7.348
6,2021-08-07 20:10:00,12.75,"norwood.mouth",1.55,7.241
6,2021-08-07 20:25:00,12.688,"norwood.mouth",1.55,7.081
6,2021-08-07 20:35:00,12.812,"norwood.mouth",1.55,6.945
6,2021-08-07 20:50:00,12.938,"norwood.mouth",1.55,6.665
6,2021-08-07 21:00:00,12.75,"norwood.mouth",1.55,6.427
6,2021-08-07 21:10:00,12.5,"norwood.mouth",1.55,6.106
6,2021-08-07 21:25:00,12.375,"norwood.mouth",1.55,5.824
6,2021-08-07 21:35:00,12.625,"norwood.mouth",1.55,5.621
6,2021-08-07 21:50:00,12.625,"norwood.mouth",1.55,5.104
6,2021-08-07 22:00:00,12.688,"norwood.mouth",1.55,5.109
6,2021-08-07 22:10:00,12.625,"norwood.mouth",1.55,4.967
6,2021-08-07 22:25:00,12.75,"norwood.mouth",1.55,4.563
6,2021-08-07 22:35:00,12.5,"norwood.mouth",1.55,4.338
6,2021-08-07 22:50:00,13.062,"norwood.mouth",1.55,4.016
6,2021-08-07 23:00:00,13.125,"norwood.mouth",1.55,3.9
6,2021-08-07 23:10:00,13.562,"norwood.mouth",1.41518353726363,3.83860585836114
6,2021-08-07 23:25:00,13.438,"norwood.mouth",1.44885993485342,3.55814576547231
6,2021-08-07 23:35:00,13.312,"norwood.mouth",1.47542003733665,3.401
6,2021-08-07 23:50:00,13.125,"norwood.mouth",1.55,3.105
6,2021-08-08,13.875,"norwood.mouth",1.26939655172414,2.90087284482759
6,2021-08-08 00:10:00,13.688,"norwood.mouth",1.30433006535948,2.69882679738562
6,2021-08-08 00:25:00,13.188,"norwood.mouth",1.47554347826087,2.355
6,2021-08-08 00:35:00,13.625,"norwood.mouth",1.28883248730964,2.22565397631134
6,2021-08-08 00:50:00,14,"norwood.mouth",1.08424182358771,2.04252783283779
6,2021-08-08 01:00:00,14.062,"norwood.mouth",1.06244087038789,1.99853571428571
6,2021-08-08 01:10:00,13.75,"norwood.mouth",1.19848771266541,1.92474574669187
6,2021-08-08 01:25:00,14,"norwood.mouth",1.12063227953411,2.03677897947865
6,2021-08-08 01:35:00,13.688,"norwood.mouth",1.25530179445351,1.86617060902665
6,2021-08-08 01:50:00,13.75,"norwood.mouth",1.22022838499184,1.89779159869494
6,2021-08-08 02:00:00,13.812,"norwood.mouth",1.17590987868284,2.12448382437897
6,2021-08-08 02:10:00,13.875,"norwood.mouth",1.1526622296173,2.03459761508597
6,2021-08-08 02:25:00,13.938,"norwood.mouth",1.14483821263482,2.12979096045198
6,2021-08-08 02:35:00,13.938,"norwood.mouth",1.16619618913197,1.95172494707128
6,2021-08-08 02:50:00,14.188,"norwood.mouth",1.08361774744027,2.31492292377702
6,2021-08-08 03:00:00,14.125,"norwood.mouth",1.0612927191679,2.37145913818722
6,2021-08-08 03:10:00,14.375,"norwood.mouth",1.02798634812287,2.33615244596132
6,2021-08-08 03:25:00,14.438,"norwood.mouth",0.985631067961165,2.4573140776699
6,2021-08-08 03:35:00,13.812,"norwood.mouth",1.16263237518911,1.97005484114977
6,2021-08-08 03:50:00,14.25,"norwood.mouth",1.01459854014599,2.26492214111922
6,2021-08-08 04:00:00,13.938,"norwood.mouth",1.12405446293495,1.83037165910237
6,2021-08-08 04:10:00,14.125,"norwood.mouth",1.03649921507064,2.20094191522763
6,2021-08-08 04:25:00,13.375,"norwood.mouth",1.33084772370487,1.24186577708006
6,2021-08-08 04:35:00,14.625,"norwood.mouth",0.95875,2.37680625
6,2021-08-08 04:50:00,14.562,"norwood.mouth",0.9540625,2.451109375
6,2021-08-08 05:00:00,14.188,"norwood.mouth",1.00231124807396,2.15166486902928
6,2021-08-08 05:10:00,14.312,"norwood.mouth",0.987375178316691,2.54207489300998
6,2021-08-08 05:25:00,14.312,"norwood.mouth",0.991092861655085,2.17639829437776
6,2021-08-08 05:35:00,13.938,"norwood.mouth",1.08156862745098,1.71815751633987
6,2021-08-08 05:50:00,14.375,"norwood.mouth",0.974816715542522,2.54384274193548
6,2021-08-08 06:00:00,13.812,"norwood.mouth",1.09075487701442,1.81467493638677
6,2021-08-08 06:10:00,13.875,"norwood.mouth",1.05385920271416,1.70079657902177
6,2021-08-08 06:25:00,13.875,"norwood.mouth",1.06153219233904,1.95789432219506
6,2021-08-08 06:35:00,13.688,"norwood.mouth",1.11515151515152,1.41695454545455
6,2021-08-08 06:50:00,14.562,"norwood.mouth",0.903019538188277,1.91689298401421
6,2021-08-08 07:00:00,14.125,"norwood.mouth",0.960267857142857,1.83695758928571
6,2021-08-08 07:10:00,14.312,"norwood.mouth",0.93330515638208,1.91998837700761
6,2021-08-08 07:25:00,14.125,"norwood.mouth",0.956952662721893,2.01333284023669
6,2021-08-08 07:35:00,14.312,"norwood.mouth",0.920901246404602,2.06386649089166
6,2021-08-08 07:50:00,14.188,"norwood.mouth",0.923541453428864,2.2168659160696
6,2021-08-08 08:00:00,14.5,"norwood.mouth",0.879303062302006,2.30819324181626
6,2021-08-08 08:10:00,13.438,"norwood.mouth",1.11538461538462,1.65873076923077
6,2021-08-08 08:25:00,13.625,"norwood.mouth",0.998868534482759,1.87640032327586
6,2021-08-08 08:35:00,13.562,"norwood.mouth",1.00436681222707,1.98000109170306
6,2021-08-08 08:50:00,14.125,"norwood.mouth",0.897475369458128,2.43433651477833
6,2021-08-08 09:00:00,13.375,"norwood.mouth",1.09585201793722,1.96157623318386
6,2021-08-08 09:10:00,13.875,"norwood.mouth",0.949110122358176,2.35340545050056
6,2021-08-08 09:25:00,13.562,"norwood.mouth",0.993227990970655,2.26012189616253
6,2021-08-08 09:35:00,13.438,"norwood.mouth",0.998396381578947,2.73706805098684
6,2021-08-08 09:50:00,13.75,"norwood.mouth",0.95056657223796,3.09291029272899
6,2021-08-08 10:00:00,13.438,"norwood.mouth",0.997667464114833,2.78277302631579
6,2021-08-08 10:10:00,13.062,"norwood.mouth",1.18,2.23945
6,2021-08-08 10:25:00,13.562,"norwood.mouth",0.977735644637053,3.32732177681473
6,2021-08-08 10:35:00,13.75,"norwood.mouth",0.950310834813499,3.52902508880995
6,2021-08-08 10:50:00,13.812,"norwood.mouth",0.93135593220339,3.86593220338983
6,2021-08-08 11:00:00,12.062,"norwood.mouth",1.55,1.365
6,2021-08-08 11:10:00,11.938,"norwood.mouth",1.55,1.449
6,2021-08-08 11:25:00,11.875,"norwood.mouth",1.55,1.688
6,2021-08-08 11:35:00,11.812,"norwood.mouth",1.55,1.915
6,2021-08-08 11:50:00,11.812,"norwood.mouth",1.55,2.431
6,2021-08-08 12:00:00,11.75,"norwood.mouth",1.55,2.696
6,2021-08-08 12:10:00,11.812,"norwood.mouth",1.55,3.012
6,2021-08-08 12:25:00,12,"norwood.mouth",1.55,3.257
6,2021-08-08 12:35:00,11.938,"norwood.mouth",1.55,3.372
6,2021-08-08 12:50:00,12,"norwood.mouth",1.55,3.681
6,2021-08-08 13:00:00,11.938,"norwood.mouth",1.55,3.744
6,2021-08-08 13:10:00,11.938,"norwood.mouth",1.55,3.947
6,2021-08-08 13:25:00,12.062,"norwood.mouth",1.55,4.489
6,2021-08-08 13:35:00,12.062,"norwood.mouth",1.55,4.486
6,2021-08-08 13:50:00,12.062,"norwood.mouth",1.55,4.802
6,2021-08-08 14:00:00,12.062,"norwood.mouth",1.55,5.153
6,2021-08-08 14:10:00,12.062,"norwood.mouth",1.55,5.359
6,2021-08-08 14:25:00,12.062,"norwood.mouth",1.55,5.648
6,2021-08-08 14:35:00,12.188,"norwood.mouth",1.55,5.851
6,2021-08-08 14:50:00,12.312,"norwood.mouth",1.55,6.311
6,2021-08-08 15:00:00,12.312,"norwood.mouth",1.55,6.57
6,2021-08-08 15:10:00,12.562,"norwood.mouth",1.55,6.61
6,2021-08-08 15:25:00,12.75,"norwood.mouth",1.55,7.374
6,2021-08-08 15:35:00,12.938,"norwood.mouth",1.55,7.039
6,2021-08-08 15:50:00,12.625,"norwood.mouth",1.55,7.171
6,2021-08-08 16:00:00,13,"norwood.mouth",1.55,7.398
6,2021-08-08 16:10:00,12.75,"norwood.mouth",1.55,7.287
6,2021-08-08 16:25:00,12.938,"norwood.mouth",1.55,7.54
6,2021-08-08 16:35:00,12.75,"norwood.mouth",1.55,7.66
6,2021-08-08 16:50:00,12.812,"norwood.mouth",1.55,7.895
6,2021-08-08 17:00:00,13.125,"norwood.mouth",1.55,8.031
6,2021-08-08 17:10:00,12.75,"norwood.mouth",1.55,8.158
6,2021-08-08 17:25:00,12.812,"norwood.mouth",1.55,8.243
6,2021-08-08 17:35:00,12.688,"norwood.mouth",1.55,8.445
6,2021-08-08 17:50:00,12.938,"norwood.mouth",1.55,8.645
6,2021-08-08 18:00:00,13.062,"norwood.mouth",1.55,8.786
6,2021-08-08 18:10:00,12.938,"norwood.mouth",1.55,8.842
6,2021-08-08 18:25:00,12.938,"norwood.mouth",1.55,8.928
6,2021-08-08 18:35:00,12.875,"norwood.mouth",1.55,8.897
6,2021-08-08 18:50:00,13,"norwood.mouth",1.55,8.931
6,2021-08-08 19:00:00,13.062,"norwood.mouth",1.55,8.978
6,2021-08-08 19:10:00,12.625,"norwood.mouth",1.55,8.96
6,2021-08-08 19:25:00,12.625,"norwood.mouth",1.55,8.828
6,2021-08-08 19:35:00,12.438,"norwood.mouth",1.55,8.753
6,2021-08-08 19:50:00,12.438,"norwood.mouth",1.55,8.566
6,2021-08-08 20:00:00,12.438,"norwood.mouth",1.55,8.417
6,2021-08-08 20:10:00,12.5,"norwood.mouth",1.55,8.251
6,2021-08-08 20:25:00,12.5,"norwood.mouth",1.55,7.935
6,2021-08-08 20:35:00,12.625,"norwood.mouth",1.55,7.75
6,2021-08-08 20:50:00,12.438,"norwood.mouth",1.55,7.533
6,2021-08-08 21:00:00,12.375,"norwood.mouth",1.55,7.345
6,2021-08-08 21:10:00,12.438,"norwood.mouth",1.55,7.116
6,2021-08-08 21:25:00,12.375,"norwood.mouth",1.55,6.684
6,2021-08-08 21:35:00,12.562,"norwood.mouth",1.55,6.37
6,2021-08-08 21:50:00,12.688,"norwood.mouth",1.55,5.936
6,2021-08-08 22:00:00,12.625,"norwood.mouth",1.55,5.644
6,2021-08-08 22:10:00,13.25,"norwood.mouth",1.55,5.398
6,2021-08-08 22:25:00,13.188,"norwood.mouth",1.55,4.949
6,2021-08-08 22:35:00,13,"norwood.mouth",1.55,4.76
6,2021-08-08 22:50:00,13.125,"norwood.mouth",1.55,4.431
6,2021-08-08 23:00:00,13.188,"norwood.mouth",1.55,4.202
6,2021-08-08 23:10:00,13.062,"norwood.mouth",1.55,4.041
6,2021-08-08 23:25:00,13.125,"norwood.mouth",1.55,3.84
6,2021-08-08 23:35:00,12.438,"norwood.mouth",1.55,3.652
6,2021-08-08 23:50:00,12.375,"norwood.mouth",1.55,3.329
6,2021-08-09,12.688,"norwood.mouth",1.55,3.117
6,2021-08-09 00:10:00,12.812,"norwood.mouth",1.55,2.945
6,2021-08-09 00:25:00,13.062,"norwood.mouth",1.55,2.606
6,2021-08-09 00:35:00,15.688,"norwood.mouth",0.88414364640884,4.09173922651934
6,2021-08-09 00:50:00,17.688,"norwood.mouth",0.648578199052133,5.32083017377567
6,2021-08-09 01:00:00,13.562,"norwood.mouth",1.32941176470588,2.59731372549019
6,2021-08-09 01:10:00,13.625,"norwood.mouth",1.28538390379278,2.42369873573851
6,2021-08-09 01:25:00,14.125,"norwood.mouth",1.0318853974122,3.02489279112754
6,2021-08-09 01:35:00,14,"norwood.mouth",1.06899810964083,3.29887224322621
6,2021-08-09 01:50:00,14.125,"norwood.mouth",1.05984719864177,2.74595415959253
6,2021-08-09 02:00:00,14.25,"norwood.mouth",0.993573068094874,2.92180948737567
6,2021-08-09 02:10:00,13.812,"norwood.mouth",1.16543438077634,2.2950297288971
6,2021-08-09 02:25:00,14.125,"norwood.mouth",0.984938775510204,2.53292204081633
6,2021-08-09 02:35:00,15.562,"norwood.mouth",0.849887539361224,3.15887663067926
6,2021-08-09 02:50:00,14.562,"norwood.mouth",0.939192399049881,2.95612430720507
6,2021-08-09 03:00:00,14.625,"norwood.mouth",0.953321299638989,2.89985270758123
6,2021-08-09 03:10:00,14.062,"norwood.mouth",0.998482293423272,2.72049873524452
6,2021-08-09 03:25:00,14.062,"norwood.mouth",0.991978609625669,2.29610828877005
6,2021-08-09 03:35:00,13.812,"norwood.mouth",1.07029702970297,2.14047607260726
6,2021-08-09 03:50:00,14.125,"norwood.mouth",0.976674641148325,2.48400777511962
6,2021-08-09 04:00:00,14.5,"norwood.mouth",0.923609756097561,2.46240195121951
6,2021-08-09 04:10:00,15.312,"norwood.mouth",0.816759896729776,2.82389565404475
6,2021-08-09 04:25:00,14.688,"norwood.mouth",0.88725,2.343895
6,2021-08-09 04:35:00,14.25,"norwood.mouth",0.951043643263757,2.11512855787476
6,2021-08-09 04:50:00,14.562,"norwood.mouth",0.886770428015564,2.14232490272374
6,2021-08-09 05:00:00,13.312,"norwood.mouth",1.26829268292683,1.28618495934959
6,2021-08-09 05:10:00,14,"norwood.mouth",0.970618556701031,2.05966494845361
6,2021-08-09 05:25:00,13.625,"norwood.mouth",1.11865189289012,1.62786457371499
6,2021-08-09 05:35:00,13.375,"norwood.mouth",1.20538243626062,1.27472898961284
6,2021-08-09 05:50:00,13.625,"norwood.mouth",1.0677546983185,1.60934429607649
6,2021-08-09 06:00:00,13.875,"norwood.mouth",0.983559113300493,1.76920166256158
6,2021-08-09 06:10:00,13.938,"norwood.mouth",0.954959785522788,1.62058445040214
6,2021-08-09 06:25:00,13.188,"norwood.mouth",1.23616600790514,1.00594466403162
6,2021-08-09 06:35:00,13.5,"norwood.mouth",1.04875518672199,1.45138243430152
6,2021-08-09 06:50:00,13.312,"norwood.mouth",1.13381742738589,1.30329875518672
6,2021-08-09 07:00:00,13.125,"norwood.mouth",1.20875420875421,1.20263215488216
6,2021-08-09 07:10:00,13.312,"norwood.mouth",1.12446808510638,1.2275
6,2021-08-09 07:25:00,13.312,"norwood.mouth",1.10109289617486,1.32842759562841
6,2021-08-09 07:35:00,13.312,"norwood.mouth",1.11170212765957,1.3856914893617
6,2021-08-09 07:50:00,13.312,"norwood.mouth",1.03968253968254,1.52081481481481
6,2021-08-09 08:00:00,13.062,"norwood.mouth",1.17315175097276,1.31159824902724
6,2021-08-09 08:10:00,12.875,"norwood.mouth",1.25608011444921,1.15160455412494
6,2021-08-09 08:25:00,13.125,"norwood.mouth",1.06222222222222,1.63127222222222
6,2021-08-09 08:35:00,13,"norwood.mouth",1.13683431952663,1.54523249506903
6,2021-08-09 08:50:00,12.812,"norwood.mouth",1.30967336683417,1.34085699329983
6,2021-08-09 09:00:00,13,"norwood.mouth",1.17179144385027,1.64315819964349
6,2021-08-09 09:10:00,12.875,"norwood.mouth",1.16321243523316,1.63132901554404
6,2021-08-09 09:25:00,12.812,"norwood.mouth",1.17751479289941,1.8705399408284
6,2021-08-09 09:35:00,12.875,"norwood.mouth",1.21408839779006,1.90270718232044
6,2021-08-09 09:50:00,12.562,"norwood.mouth",1.39544513457557,1.31284420289855
6,2021-08-09 10:00:00,12.438,"norwood.mouth",1.48525641025641,1.228
6,2021-08-09 10:10:00,11.938,"norwood.mouth",1.55,1.292
6,2021-08-09 10:25:00,12.125,"norwood.mouth",1.55,1.275
6,2021-08-09 10:35:00,12.438,"norwood.mouth",1.47841105354059,1.431
6,2021-08-09 10:50:00,13.125,"norwood.mouth",0.987300796812749,3.13760981075697
6,2021-08-09 11:00:00,12.5,"norwood.mouth",1.43062200956938,1.64575837320574
6,2021-08-09 11:10:00,12.938,"norwood.mouth",1.15997409326425,2.88888881692573
6,2021-08-09 11:25:00,12.875,"norwood.mouth",1.18714285714286,2.79624761904762
6,2021-08-09 11:35:00,12.625,"norwood.mouth",1.40641711229947,2.27644295900178
6,2021-08-09 11:50:00,12.438,"norwood.mouth",1.55,2.436
6,2021-08-09 12:00:00,12.188,"norwood.mouth",1.55,2.608
6,2021-08-09 12:10:00,12,"norwood.mouth",1.55,2.861
6,2021-08-09 12:25:00,12.688,"norwood.mouth",1.46785714285714,3.155
6,2021-08-09 12:35:00,12.562,"norwood.mouth",1.55,3.368
6,2021-08-09 12:50:00,12.312,"norwood.mouth",1.55,3.63
6,2021-08-09 13:00:00,12.375,"norwood.mouth",1.55,3.885
6,2021-08-09 13:10:00,12.438,"norwood.mouth",1.55,3.995
6,2021-08-09 13:25:00,11.812,"norwood.mouth",1.55,4.31
6,2021-08-09 13:35:00,12,"norwood.mouth",1.55,4.521
6,2021-08-09 13:50:00,11.812,"norwood.mouth",1.55,4.75
6,2021-08-09 14:00:00,12.062,"norwood.mouth",1.55,5.003
6,2021-08-09 14:10:00,12,"norwood.mouth",1.55,5.101
6,2021-08-09 14:25:00,12.125,"norwood.mouth",1.55,5.483
6,2021-08-09 14:35:00,11.875,"norwood.mouth",1.55,5.636
6,2021-08-09 14:50:00,11.812,"norwood.mouth",1.55,5.938
6,2021-08-09 15:00:00,12.062,"norwood.mouth",1.55,6.195
6,2021-08-09 15:10:00,12.312,"norwood.mouth",1.55,6.266
6,2021-08-09 15:25:00,12.5,"norwood.mouth",1.55,6.636
6,2021-08-09 15:35:00,12.812,"norwood.mouth",1.55,6.825
6,2021-08-09 15:50:00,12.312,"norwood.mouth",1.55,7.017
6,2021-08-09 16:00:00,12.625,"norwood.mouth",1.55,7.132
6,2021-08-09 16:10:00,12.562,"norwood.mouth",1.55,7.298
6,2021-08-09 16:25:00,12.75,"norwood.mouth",1.55,7.589
6,2021-08-09 16:35:00,12.812,"norwood.mouth",1.55,7.775
6,2021-08-09 16:50:00,12.688,"norwood.mouth",1.55,8.009
6,2021-08-09 17:00:00,13,"norwood.mouth",1.55,8.232
6,2021-08-09 17:10:00,12.938,"norwood.mouth",1.55,8.305
6,2021-08-09 17:25:00,12.875,"norwood.mouth",1.55,8.477
6,2021-08-09 17:35:00,13.312,"norwood.mouth",1.55,8.639
6,2021-08-09 17:50:00,13,"norwood.mouth",1.55,8.727
6,2021-08-09 18:00:00,13,"norwood.mouth",1.55,8.804
6,2021-08-09 18:10:00,13,"norwood.mouth",1.55,8.961
6,2021-08-09 18:25:00,12.812,"norwood.mouth",1.55,9.017
6,2021-08-09 18:35:00,12.875,"norwood.mouth",1.55,9.073
6,2021-08-09 18:50:00,12.938,"norwood.mouth",1.55,9.178
6,2021-08-09 19:00:00,12.938,"norwood.mouth",1.55,9.195
6,2021-08-09 19:10:00,12.875,"norwood.mouth",1.55,9.212
6,2021-08-09 19:25:00,12.75,"norwood.mouth",1.55,9.221
6,2021-08-09 19:35:00,12.75,"norwood.mouth",1.55,9.167
6,2021-08-09 19:50:00,12.75,"norwood.mouth",1.55,8.982
6,2021-08-09 20:00:00,12.875,"norwood.mouth",1.55,8.846
6,2021-08-09 20:10:00,12.938,"norwood.mouth",1.55,8.711
6,2021-08-09 20:25:00,12.875,"norwood.mouth",1.55,8.291
6,2021-08-09 20:35:00,12.938,"norwood.mouth",1.55,8.137
6,2021-08-09 20:50:00,12.938,"norwood.mouth",1.55,7.843
6,2021-08-09 21:00:00,12.938,"norwood.mouth",1.55,7.674
6,2021-08-09 21:10:00,12.938,"norwood.mouth",1.55,7.406
6,2021-08-09 21:25:00,12.938,"norwood.mouth",1.55,6.962
6,2021-08-09 21:35:00,13.125,"norwood.mouth",1.55,6.704
6,2021-08-09 21:50:00,13,"norwood.mouth",1.55,6.19
6,2021-08-09 22:00:00,14,"norwood.mouth",1.370942812983,6.00897527047913
6,2021-08-09 22:10:00,12.75,"norwood.mouth",1.55,5.74
6,2021-08-09 22:25:00,12.562,"norwood.mouth",1.55,5.427
6,2021-08-09 22:35:00,12.688,"norwood.mouth",1.55,5.209
6,2021-08-09 22:50:00,12.312,"norwood.mouth",1.55,4.895
6,2021-08-09 23:00:00,12.625,"norwood.mouth",1.55,4.584
6,2021-08-09 23:10:00,12.438,"norwood.mouth",1.55,4.385
6,2021-08-09 23:25:00,12.375,"norwood.mouth",1.55,4.043
6,2021-08-09 23:35:00,12.375,"norwood.mouth",1.55,3.846
6,2021-08-09 23:50:00,12.5,"norwood.mouth",1.55,3.528
13,2021-07-26,17.422,"norwood.mouth",0.664151260504202,5.14672823529412
13,2021-07-26 00:15:00,16.734,"norwood.mouth",0.735163052757384,4.32591241249787
13,2021-07-26 00:25:00,14.98,"norwood.mouth",0.939575471698113,3.31838867924528
13,2021-07-26 00:40:00,15.669,"norwood.mouth",0.83200408997955,3.54365371506476
13,2021-07-26 00:50:00,17.548,"norwood.mouth",0.629299847792999,5.30676306443429
13,2021-07-26 01:00:00,17.172,"norwood.mouth",0.6687734241908,4.65527325383305
13,2021-07-26 01:15:00,16.921,"norwood.mouth",0.689850771578769,4.38997015431575
13,2021-07-26 01:25:00,15.105,"norwood.mouth",0.885940594059406,2.85701633663366
13,2021-07-26 01:40:00,18.299,"norwood.mouth",0.590721824991488,5.45576387470208
13,2021-07-26 01:50:00,16.42,"norwood.mouth",0.755457407731328,3.81650667599557
13,2021-07-26 02:00:00,17.673,"norwood.mouth",0.645762417506079,4.61765960402917
13,2021-07-26 02:15:00,15.356,"norwood.mouth",0.836542802569891,2.6468356774903
13,2021-07-26 02:25:00,16.233,"norwood.mouth",0.757992404626273,3.4546920421198
13,2021-07-26 02:40:00,16.734,"norwood.mouth",0.705507745266781,3.79088912794034
13,2021-07-26 02:50:00,16.358,"norwood.mouth",0.747757847533632,3.75184753363229
13,2021-07-26 03:00:00,17.047,"norwood.mouth",0.678111401218451,4.38866898752539
13,2021-07-26 03:15:00,17.047,"norwood.mouth",0.666268191268191,4.31237577962578
13,2021-07-26 03:25:00,16.859,"norwood.mouth",0.683212341197822,3.90593768905021
13,2021-07-26 03:40:00,16.671,"norwood.mouth",0.688756636410344,3.81879916652395
13,2021-07-26 03:50:00,17.548,"norwood.mouth",0.608906525573192,4.47585773074662
13,2021-07-26 04:00:00,17.109,"norwood.mouth",0.641842105263158,4.08596754385965
13,2021-07-26 04:15:00,17.109,"norwood.mouth",0.636575633977655,4.14453868889283
13,2021-07-26 04:25:00,17.172,"norwood.mouth",0.63596277613498,4.35885011886125
13,2021-07-26 04:40:00,16.295,"norwood.mouth",0.705473554735547,3.64773083230832
13,2021-07-26 04:50:00,16.17,"norwood.mouth",0.70614908965991,3.6062929691973
13,2021-07-26 05:00:00,16.921,"norwood.mouth",0.645735531266798,4.17510517828346
13,2021-07-26 05:15:00,16.921,"norwood.mouth",0.643065892176439,4.1840292249047
13,2021-07-26 05:25:00,17.61,"norwood.mouth",0.575376933620521,4.97093342471118
13,2021-07-26 05:40:00,16.796,"norwood.mouth",0.643615441722346,4.12389359069537
13,2021-07-26 05:50:00,15.919,"norwood.mouth",0.712678009987054,3.50666904013316
13,2021-07-26 06:00:00,16.17,"norwood.mouth",0.693176815847395,3.6007162509171
13,2021-07-26 06:15:00,15.731,"norwood.mouth",0.720003601008282,3.13501548433561
13,2021-07-26 06:25:00,15.669,"norwood.mouth",0.723670212765957,3.29365514184397
13,2021-07-26 06:40:00,15.481,"norwood.mouth",0.732830835890955,3.16969681651321
13,2021-07-26 06:50:00,16.17,"norwood.mouth",0.670635493771439,3.7017909670819
13,2021-07-26 07:00:00,15.982,"norwood.mouth",0.68012114537445,3.61678294787078
13,2021-07-26 07:15:00,15.794,"norwood.mouth",0.690403071017274,3.3449521753039
13,2021-07-26 07:25:00,15.293,"norwood.mouth",0.732403846153846,3.28293333333333
13,2021-07-26 07:40:00,15.543,"norwood.mouth",0.708041958041958,3.39561305361305
13,2021-07-26 07:50:00,15.543,"norwood.mouth",0.712612612612613,3.36809459459459
13,2021-07-26 08:00:00,15.857,"norwood.mouth",0.679385277995302,3.572806871574
13,2021-07-26 08:15:00,15.543,"norwood.mouth",0.710775526110678,3.52986067809821
13,2021-07-26 08:25:00,15.481,"norwood.mouth",0.700240153698367,3.54805619596542
13,2021-07-26 08:40:00,15.543,"norwood.mouth",0.689201211432898,3.7186730708562
13,2021-07-26 08:50:00,15.481,"norwood.mouth",0.705440900562852,3.79944918699187
13,2021-07-26 09:00:00,15.418,"norwood.mouth",0.706059113300493,3.7954802955665
13,2021-07-26 09:15:00,15.606,"norwood.mouth",0.690675477239354,4.15339965736662
13,2021-07-26 09:25:00,15.606,"norwood.mouth",0.708161648177496,4.41708214474379
13,2021-07-26 09:40:00,14.666,"norwood.mouth",0.795938478541168,3.90700202615583
13,2021-07-26 09:50:00,14.729,"norwood.mouth",0.783579985905567,4.25947509983556
13,2021-07-26 10:00:00,14.102,"norwood.mouth",0.834128457397438,3.91655522554297
13,2021-07-26 10:15:00,13.977,"norwood.mouth",0.873394495412844,3.82040825688073
13,2021-07-26 10:25:00,14.228,"norwood.mouth",0.847442455242967,4.14770673486786
13,2021-07-26 10:40:00,14.478,"norwood.mouth",0.810748792270531,4.65417934782609
13,2021-07-26 10:50:00,14.228,"norwood.mouth",0.843781344032096,4.37629220996322
13,2021-07-26 11:00:00,14.478,"norwood.mouth",0.811568098632248,4.45107965709882
13,2021-07-26 11:15:00,13.726,"norwood.mouth",0.975454545454545,3.58797272727273
13,2021-07-26 11:25:00,13.852,"norwood.mouth",0.994747081712062,3.88755642023346
13,2021-07-26 11:40:00,14.165,"norwood.mouth",0.981412103746398,4.24753314121037
13,2021-07-26 11:50:00,14.102,"norwood.mouth",1.07241910631741,4.01362750385208
13,2021-07-26 12:00:00,14.102,"norwood.mouth",1.04251386321627,4.06536213801602
13,2021-07-26 12:15:00,14.04,"norwood.mouth",1.10611205432937,4.15086021505376
13,2021-07-26 12:25:00,14.102,"norwood.mouth",1.04453049370765,4.56445926105195
13,2021-07-26 12:40:00,14.102,"norwood.mouth",1.12282986111111,4.63671223958333
13,2021-07-26 12:50:00,14.102,"norwood.mouth",1.11730072463768,4.84160039251208
13,2021-07-26 13:00:00,14.102,"norwood.mouth",1.06705202312139,4.95456599229287
13,2021-07-26 13:15:00,14.165,"norwood.mouth",1.0667022411953,5.21679971540377
13,2021-07-26 13:25:00,14.666,"norwood.mouth",0.922466960352423,5.805937958884
13,2021-07-26 13:40:00,14.792,"norwood.mouth",0.890779467680609,6.56531986692015
13,2021-07-26 13:50:00,14.666,"norwood.mouth",0.950179533213644,6.26426750448833
13,2021-07-26 14:00:00,14.792,"norwood.mouth",0.95768094534712,6.16502880354505
13,2021-07-26 14:15:00,15.042,"norwood.mouth",0.903486842105263,6.26082072368421
13,2021-07-26 14:25:00,14.666,"norwood.mouth",1.04776345716452,6.18470204700531
13,2021-07-26 14:40:00,14.353,"norwood.mouth",1.14848484848485,6.26404545454545
13,2021-07-26 14:50:00,14.102,"norwood.mouth",1.24795234549516,6.3858574087863
13,2021-07-26 15:00:00,14.478,"norwood.mouth",1.17699386503068,6.65921165644172
13,2021-07-26 15:15:00,14.917,"norwood.mouth",1.06348246674728,6.9105707376058
13,2021-07-26 15:25:00,14.98,"norwood.mouth",1.05800470865215,7.26749499705709
13,2021-07-26 15:40:00,15.105,"norwood.mouth",1.0438829787234,7.46032180851064
13,2021-07-26 15:50:00,15.23,"norwood.mouth",1.01069518716578,7.33913636363636
13,2021-07-26 16:00:00,15.105,"norwood.mouth",1.05195479535736,7.43365302382407
13,2021-07-26 16:15:00,15.23,"norwood.mouth",0.999224519940916,7.97525055391433
13,2021-07-26 16:25:00,14.98,"norwood.mouth",1.1003078817734,7.42455110837438
13,2021-07-26 16:40:00,15.356,"norwood.mouth",0.994080203691916,7.86903755569701
13,2021-07-26 16:50:00,15.731,"norwood.mouth",0.957128027681661,7.91283806228374
13,2021-07-26 17:00:00,15.105,"norwood.mouth",1.08045796737767,8.14197616060226
13,2021-07-26 17:15:00,14.854,"norwood.mouth",1.15304568527919,7.93756598984772
13,2021-07-26 17:25:00,15.481,"norwood.mouth",0.995961177207264,8.02906762680025
13,2021-07-26 17:40:00,15.418,"norwood.mouth",1.03136363636364,8.32276136363636
13,2021-07-26 17:50:00,14.917,"norwood.mouth",1.16214242239805,8.13814196591601
13,2021-07-26 18:00:00,15.168,"norwood.mouth",1.08719437652812,8.41697035452323
13,2021-07-26 18:15:00,15.23,"norwood.mouth",1.08442724458204,8.41562476780186
13,2021-07-26 18:25:00,15.23,"norwood.mouth",1.07087708462014,8.3201383570105
13,2021-07-26 18:40:00,15.356,"norwood.mouth",1.03028846153846,8.30519471153846
13,2021-07-26 18:50:00,14.98,"norwood.mouth",1.14265536723164,8.33730508474576
13,2021-07-26 19:00:00,15.168,"norwood.mouth",1.08954802259887,8.53827118644068
13,2021-07-26 19:15:00,15.418,"norwood.mouth",1.0312123039807,8.30533745476478
13,2021-07-26 19:25:00,15.543,"norwood.mouth",0.997107203630176,8.26457019285309
13,2021-07-26 19:40:00,15.543,"norwood.mouth",1.00380434782609,8.24961413043478
13,2021-07-26 19:50:00,15.731,"norwood.mouth",0.974516574585635,8.37977831491713
13,2021-07-26 20:00:00,15.481,"norwood.mouth",1.00110024449878,8.00469926650367
13,2021-07-26 20:15:00,15.669,"norwood.mouth",0.9620942812983,7.34686707882535
13,2021-07-26 20:25:00,15.481,"norwood.mouth",0.978423076923077,7.38558865384615
13,2021-07-26 20:40:00,15.919,"norwood.mouth",0.923344235486508,7.56986058871627
13,2021-07-26 20:50:00,16.358,"norwood.mouth",0.858125,7.5281125
13,2021-07-26 21:00:00,15.418,"norwood.mouth",0.966735880398671,7.35038683554817
13,2021-07-26 21:15:00,16.42,"norwood.mouth",0.845203836930456,7.18650599520384
13,2021-07-26 21:25:00,15.669,"norwood.mouth",0.911269430051813,6.91711679620035
13,2021-07-26 21:40:00,16.42,"norwood.mouth",0.821988341968912,6.9658544365285
13,2021-07-26 21:50:00,16.984,"norwood.mouth",0.761579980372914,7.13961432777233
13,2021-07-26 22:00:00,18.174,"norwood.mouth",0.637033398821218,7.74452128356254
13,2021-07-26 22:15:00,17.735,"norwood.mouth",0.671603015899033,7.207344533683
13,2021-07-26 22:25:00,14.917,"norwood.mouth",0.975568181818182,6.12087689393939
13,2021-07-26 22:40:00,16.233,"norwood.mouth",0.818455042225534,5.86936827289286
13,2021-07-26 22:50:00,15.669,"norwood.mouth",0.86845,5.279434
13,2021-07-26 23:00:00,15.418,"norwood.mouth",0.907385321100918,5.06491559633028
13,2021-07-26 23:15:00,14.29,"norwood.mouth",1.15775139664804,4.93560684357542
13,2021-07-26 23:25:00,16.295,"norwood.mouth",0.797563648625864,4.99701674815939
13,2021-07-26 23:40:00,16.921,"norwood.mouth",0.726619137605223,5.18263305274008
13,2021-07-26 23:50:00,15.481,"norwood.mouth",0.861065573770492,3.95513319672131
13,2021-07-27,15.731,"norwood.mouth",0.825242231874374,3.89722034747745
13,2021-07-27 00:15:00,15.481,"norwood.mouth",0.845991314514782,3.52065942876232
13,2021-07-27 00:25:00,15.543,"norwood.mouth",0.825633015455442,3.91740891154226
13,2021-07-27 00:40:00,16.107,"norwood.mouth",0.787604971447766,4.08198801925876
13,2021-07-27 00:50:00,15.481,"norwood.mouth",0.830677290836653,3.48558067729084
13,2021-07-27 01:00:00,16.045,"norwood.mouth",0.797103918228279,3.96858390119251
13,2021-07-27 01:15:00,14.666,"norwood.mouth",0.940239043824701,2.98545418326693
13,2021-07-27 01:25:00,16.483,"norwood.mouth",0.749179066187789,3.93550333504361
13,2021-07-27 01:40:00,15.293,"norwood.mouth",0.858669724770642,2.86742798165138
13,2021-07-27 01:50:00,16.107,"norwood.mouth",0.766352093342485,3.69679658544955
13,2021-07-27 02:00:00,16.796,"norwood.mouth",0.708249216846502,4.26834963452837
13,2021-07-27 02:15:00,16.546,"norwood.mouth",0.718412218865391,3.96127537204879
13,2021-07-27 02:25:00,16.295,"norwood.mouth",0.746144701086956,3.61112573596015
13,2021-07-27 02:40:00,16.483,"norwood.mouth",0.722160546541418,3.78883262169086
13,2021-07-27 02:50:00,17.297,"norwood.mouth",0.638107922323423,4.4949261041416
13,2021-07-27 03:00:00,16.734,"norwood.mouth",0.698175309935394,4.05600369594319
13,2021-07-27 03:15:00,17.172,"norwood.mouth",0.647328177184039,4.46754450108396
13,2021-07-27 03:25:00,17.109,"norwood.mouth",0.646503733876443,4.35974253224712
13,2021-07-27 03:40:00,16.734,"norwood.mouth",0.672588919288646,3.98355500455996
13,2021-07-27 03:50:00,16.42,"norwood.mouth",0.700268770591295,3.66744488757875
13,2021-07-27 04:00:00,17.485,"norwood.mouth",0.607480980557904,4.47848182586644
13,2021-07-27 04:15:00,17.548,"norwood.mouth",0.59199765376236,4.56072185911402
13,2021-07-27 04:25:00,17.61,"norwood.mouth",0.588515283842795,4.69780436681223
13,2021-07-27 04:40:00,17.422,"norwood.mouth",0.59687825182102,4.52700052029136
13,2021-07-27 04:50:00,17.047,"norwood.mouth",0.628851220797471,4.27597043152409
13,2021-07-27 05:00:00,16.796,"norwood.mouth",0.643326435592343,4.06380694947405
13,2021-07-27 05:15:00,16.796,"norwood.mouth",0.635526546346592,4.0923772560014
13,2021-07-27 05:25:00,17.861,"norwood.mouth",0.547259565667011,4.90514107204412
13,2021-07-27 05:40:00,19.613,"norwood.mouth",0.396070693205216,6.32154255319149
13,2021-07-27 05:50:00,18.862,"norwood.mouth",0.455367965367966,5.66807128427128
13,2021-07-27 06:00:00,15.481,"norwood.mouth",0.751378488767869,2.95397433061039
13,2021-07-27 06:15:00,18.049,"norwood.mouth",0.526274165202109,4.88026889279438
13,2021-07-27 06:25:00,17.235,"norwood.mouth",0.564770020157596,4.56166223810396
13,2021-07-27 06:40:00,16.984,"norwood.mouth",0.605553481426171,4.30924043307822
13,2021-07-27 06:50:00,15.857,"norwood.mouth",0.70787037037037,3.37048148148148
13,2021-07-27 07:00:00,15.857,"norwood.mouth",0.70243553008596,3.32726838586437
13,2021-07-27 07:15:00,15.356,"norwood.mouth",0.737805306624495,2.9482561354185
13,2021-07-27 07:25:00,15.481,"norwood.mouth",0.734820117474303,3.13828404919236
13,2021-07-27 07:40:00,15.23,"norwood.mouth",0.747900763358779,2.84564662849873
13,2021-07-27 07:50:00,15.042,"norwood.mouth",0.766510638297872,2.70140127659574
13,2021-07-27 08:00:00,14.854,"norwood.mouth",0.775351388412753,2.61867820820478
13,2021-07-27 08:15:00,14.917,"norwood.mouth",0.77066700353714,2.68327690752906
13,2021-07-27 08:25:00,14.666,"norwood.mouth",0.789996614759648,2.73523025276461
13,2021-07-27 08:40:00,14.729,"norwood.mouth",0.791165821868212,2.80593778662805
13,2021-07-27 08:50:00,14.478,"norwood.mouth",0.810867117117117,2.92936861861862
13,2021-07-27 09:00:00,14.604,"norwood.mouth",0.79011544011544,3.21130856180856
13,2021-07-27 09:15:00,14.604,"norwood.mouth",0.783440975959813,3.39508449946179
13,2021-07-27 09:25:00,14.541,"norwood.mouth",0.790493082653423,3.43072549367388
13,2021-07-27 09:40:00,14.541,"norwood.mouth",0.787678826895565,3.75453281473534
13,2021-07-27 09:50:00,14.353,"norwood.mouth",0.806050955414013,3.8461050955414
13,2021-07-27 10:00:00,14.29,"norwood.mouth",0.812432915921288,3.94905545617174
13,2021-07-27 10:15:00,14.04,"norwood.mouth",0.837436747513523,3.83583737567615
13,2021-07-27 10:25:00,14.102,"norwood.mouth",0.835174267383388,3.98864643662216
13,2021-07-27 10:40:00,14.102,"norwood.mouth",0.835574354407836,4.25240783615316
13,2021-07-27 10:50:00,13.977,"norwood.mouth",0.849829526082509,4.40713904989203
13,2021-07-27 11:00:00,14.541,"norwood.mouth",0.803818977119785,4.66402977792732
13,2021-07-27 11:15:00,14.478,"norwood.mouth",0.816882470119522,4.69480635790173
13,2021-07-27 11:25:00,14.165,"norwood.mouth",0.845017438963627,4.49364540773958
13,2021-07-27 11:40:00,14.102,"norwood.mouth",0.862608695652174,4.70342608695652
13,2021-07-27 11:50:00,14.353,"norwood.mouth",0.841769882659713,4.99681125054324
13,2021-07-27 12:00:00,14.666,"norwood.mouth",0.828313840155945,5.31687581221572
13,2021-07-27 12:15:00,14.917,"norwood.mouth",0.814846202134338,5.41645302364511
13,2021-07-27 12:25:00,14.792,"norwood.mouth",0.825436681222707,5.66135043668122
13,2021-07-27 12:40:00,14.541,"norwood.mouth",0.846429125912125,5.78461600165606
13,2021-07-27 12:50:00,14.666,"norwood.mouth",0.83714105396024,5.80041043441675
13,2021-07-27 13:00:00,15.042,"norwood.mouth",0.811095890410959,6.34099726027397
13,2021-07-27 13:15:00,15.23,"norwood.mouth",0.799902034664657,6.14389434815373
13,2021-07-27 13:25:00,14.917,"norwood.mouth",0.839749847467968,5.97492251372788
13,2021-07-27 13:40:00,14.98,"norwood.mouth",0.847087072901905,6.39896748543536
13,2021-07-27 13:50:00,15.105,"norwood.mouth",0.835259526423083,6.53701724949036
13,2021-07-27 14:00:00,15.543,"norwood.mouth",0.803928905519177,6.83639671032117
13,2021-07-27 14:15:00,15.669,"norwood.mouth",0.80153906866614,6.91749329123915
13,2021-07-27 14:25:00,15.606,"norwood.mouth",0.809131109387122,7.06503041117145
13,2021-07-27 14:40:00,16.358,"norwood.mouth",0.749468085106383,7.58646276595745
13,2021-07-27 14:50:00,16.045,"norwood.mouth",0.789449541284403,7.20323853211009
13,2021-07-27 15:00:00,15.857,"norwood.mouth",0.802857803112001,7.47411169311354
13,2021-07-27 15:15:00,16.107,"norwood.mouth",0.806008925725215,8.11487790883009
13,2021-07-27 15:25:00,15.606,"norwood.mouth",0.862322015334063,7.37838417305586
13,2021-07-27 15:40:00,16.17,"norwood.mouth",0.809768677711785,8.34343497968115
13,2021-07-27 15:50:00,15.606,"norwood.mouth",0.875117591721543,7.87291909689558
13,2021-07-27 16:00:00,16.107,"norwood.mouth",0.823626373626374,7.74574725274725
13,2021-07-27 16:15:00,15.919,"norwood.mouth",0.849344875994385,7.90744033692092
13,2021-07-27 16:25:00,15.418,"norwood.mouth",0.924385805277525,7.82572998180164
13,2021-07-27 16:40:00,15.794,"norwood.mouth",0.897441860465116,8.59723720930233
13,2021-07-27 16:50:00,15.293,"norwood.mouth",0.957741116751269,8.28410088832487
13,2021-07-27 17:00:00,15.356,"norwood.mouth",0.950037509377344,7.96332220555139
13,2021-07-27 17:15:00,15.293,"norwood.mouth",0.957126781695424,8.11043585896474
13,2021-07-27 17:25:00,15.356,"norwood.mouth",0.95609756097561,8.155
13,2021-07-27 17:40:00,15.481,"norwood.mouth",0.942956204379562,8.14868996350365
13,2021-07-27 17:50:00,15.731,"norwood.mouth",0.928131212723658,8.29828528827038
13,2021-07-27 18:00:00,15.293,"norwood.mouth",0.977136752136752,8.31624537037037
13,2021-07-27 18:15:00,15.857,"norwood.mouth",0.914517153748412,8.80691327827192
13,2021-07-27 18:25:00,14.917,"norwood.mouth",1.05651586765699,8.78757765023633
13,2021-07-27 18:40:00,15.105,"norwood.mouth",0.995232040686586,8.56297314049587
13,2021-07-27 18:50:00,15.356,"norwood.mouth",0.968809980806142,8.60524792066539
13,2021-07-27 19:00:00,15.669,"norwood.mouth",0.944093493367025,8.4461343967151
13,2021-07-27 19:15:00,15.857,"norwood.mouth",0.931537530266344,8.22668159806295
13,2021-07-27 19:25:00,15.606,"norwood.mouth",0.9466239027684,8.33364179608373
13,2021-07-27 19:40:00,16.107,"norwood.mouth",0.901780821917808,8.13322602739726
13,2021-07-27 19:50:00,16.859,"norwood.mouth",0.813893116861153,8.03644839055189
13,2021-07-27 20:00:00,16.546,"norwood.mouth",0.837457627118644,7.76794689265537
13,2021-07-27 20:15:00,15.731,"norwood.mouth",0.914673485444532,7.89113296616837
13,2021-07-27 20:25:00,16.233,"norwood.mouth",0.844698205546493,7.76622050027189
13,2021-07-27 20:40:00,16.045,"norwood.mouth",0.848925619834711,7.57091074380165
13,2021-07-27 20:50:00,15.606,"norwood.mouth",0.905802861685215,7.49955484896661
13,2021-07-27 21:00:00,15.105,"norwood.mouth",0.953043478260869,7.4759
13,2021-07-27 21:15:00,16.107,"norwood.mouth",0.820588235294118,7.0175
13,2021-07-27 21:25:00,15.982,"norwood.mouth",0.829859602206251,6.68334283246977
13,2021-07-27 21:40:00,16.233,"norwood.mouth",0.799784448347437,6.48202067699186
13,2021-07-27 21:50:00,15.168,"norwood.mouth",0.917560728744939,6.17135172064777
13,2021-07-27 22:00:00,16.859,"norwood.mouth",0.743494394441813,6.56412658560977
13,2021-07-27 22:15:00,14.98,"norwood.mouth",0.919491525423729,5.54580508474576
13,2021-07-27 22:25:00,16.546,"norwood.mouth",0.754765661985166,5.7988278365157
13,2021-07-27 22:40:00,15.919,"norwood.mouth",0.796643500236929,5.30673606065393
13,2021-07-27 22:50:00,15.543,"norwood.mouth",0.836254851228978,4.75340238249245
13,2021-07-27 23:00:00,14.792,"norwood.mouth",0.929665898617511,4.476491359447
13,2021-07-27 23:15:00,15.543,"norwood.mouth",0.817834853576572,4.45435621699472
13,2021-07-27 23:25:00,15.731,"norwood.mouth",0.808004191520232,4.28333583212424
13,2021-07-27 23:40:00,14.917,"norwood.mouth",0.889482961222092,3.79870740305523
13,2021-07-27 23:50:00,14.854,"norwood.mouth",0.872205438066465,3.5973164652568
13,2021-07-28,14.854,"norwood.mouth",0.878448275862069,3.57349568965517
13,2021-07-28 00:15:00,15.042,"norwood.mouth",0.842253188474256,3.29641851676901
13,2021-07-28 00:25:00,14.729,"norwood.mouth",0.883526850507983,3.20904862119013
13,2021-07-28 00:40:00,14.792,"norwood.mouth",0.876824034334764,3.0812378397711
13,2021-07-28 00:50:00,15.23,"norwood.mouth",0.811670067493329,3.46786878041124
13,2021-07-28 01:00:00,15.168,"norwood.mouth",0.819798124304562,3.37323303131458
13,2021-07-28 01:15:00,15.418,"norwood.mouth",0.798330937549912,3.48144681360805
13,2021-07-28 01:25:00,15.418,"norwood.mouth",0.787728066000317,3.42308268549368
13,2021-07-28 01:40:00,15.042,"norwood.mouth",0.813037203335471,3.02699901111824
13,2021-07-28 01:50:00,14.792,"norwood.mouth",0.828478398983482,2.8164193403219
13,2021-07-28 02:00:00,16.295,"norwood.mouth",0.703643116801011,3.90907781465676
13,2021-07-28 02:15:00,15.481,"norwood.mouth",0.775222112537019,3.32828603158934
13,2021-07-28 02:25:00,16.295,"norwood.mouth",0.696748229233741,3.83697102382486
13,2021-07-28 02:40:00,15.23,"norwood.mouth",0.785483870967742,3.02090322580645
13,2021-07-28 02:50:00,14.541,"norwood.mouth",0.838968148639681,2.52295681265207
13,2021-07-28 03:00:00,15.481,"norwood.mouth",0.771597127222982,3.2619488999088
13,2021-07-28 03:15:00,15.293,"norwood.mouth",0.77052649116961,2.98089303565478
13,2021-07-28 03:25:00,15.481,"norwood.mouth",0.754467523903726,3.21957800307726
13,2021-07-28 03:40:00,16.42,"norwood.mouth",0.672251266132985,3.78015749060611
13,2021-07-28 03:50:00,16.358,"norwood.mouth",0.674080212131256,3.69755794939786
13,2021-07-28 04:00:00,15.982,"norwood.mouth",0.705430528375734,3.56874951076321
13,2021-07-28 04:15:00,15.982,"norwood.mouth",0.705214928357214,3.54433349994446
13,2021-07-28 04:25:00,15.23,"norwood.mouth",0.774019172732114,3.06357417598675
13,2021-07-28 04:40:00,15.919,"norwood.mouth",0.708768971332209,3.37946093310849
13,2021-07-28 04:50:00,16.859,"norwood.mouth",0.625195113674924,4.1826412170569
13,2021-07-28 05:00:00,16.734,"norwood.mouth",0.64006243496358,4.32004474505723
13,2021-07-28 05:15:00,15.23,"norwood.mouth",0.751741505890388,3.00356018439474
13,2021-07-28 05:25:00,15.356,"norwood.mouth",0.740680398446733,3.18536755022792
13,2021-07-28 05:40:00,16.295,"norwood.mouth",0.660052109598252,3.790519975346
13,2021-07-28 05:50:00,15.669,"norwood.mouth",0.704631507775524,3.27663962136579
13,2021-07-28 06:00:00,15.669,"norwood.mouth",0.699275850454699,3.28760407544628
13,2021-07-28 06:15:00,15.356,"norwood.mouth",0.721690977849811,3.22625364667747
13,2021-07-28 06:25:00,15.982,"norwood.mouth",0.66663807890223,3.50952572898799
13,2021-07-28 06:40:00,15.105,"norwood.mouth",0.744832353957829,3.0046142700772
13,2021-07-28 06:50:00,15.606,"norwood.mouth",0.699469026548672,3.43560575221239
13,2021-07-28 07:00:00,15.23,"norwood.mouth",0.730661270879972,2.91223695539866
13,2021-07-28 07:15:00,15.669,"norwood.mouth",0.686621874468447,3.52567939558882
13,2021-07-28 07:25:00,15.356,"norwood.mouth",0.707228400342173,3.18098987738808
13,2021-07-28 07:40:00,15.105,"norwood.mouth",0.733480325644505,2.89528120759837
13,2021-07-28 07:50:00,15.356,"norwood.mouth",0.711546499477534,3.1504618599791
13,2021-07-28 08:00:00,15.543,"norwood.mouth",0.689872746553552,3.33076175326971
13,2021-07-28 08:15:00,15.418,"norwood.mouth",0.697569566748855,3.45015912293061
13,2021-07-28 08:25:00,14.854,"norwood.mouth",0.744736842105263,2.99254385964912
13,2021-07-28 08:40:00,14.98,"norwood.mouth",0.736752513670841,3.26545951666961
13,2021-07-28 08:50:00,15.669,"norwood.mouth",0.672784810126582,3.88317299578059
13,2021-07-28 09:00:00,15.168,"norwood.mouth",0.707280532679166,3.6678879446294
13,2021-07-28 09:15:00,15.669,"norwood.mouth",0.675813410030559,4.17858457666727
13,2021-07-28 09:25:00,15.105,"norwood.mouth",0.723422159887798,3.81606276297335
13,2021-07-28 09:40:00,14.854,"norwood.mouth",0.749128919860627,3.87262717770035
13,2021-07-28 09:50:00,14.541,"norwood.mouth",0.763318452380952,3.72199404761905
13,2021-07-28 10:00:00,14.541,"norwood.mouth",0.771235380116959,3.80104751461988
13,2021-07-28 10:15:00,14.604,"norwood.mouth",0.7715859030837,4.10267547723935
13,2021-07-28 10:25:00,14.666,"norwood.mouth",0.76908109034802,4.02702857306132
13,2021-07-28 10:40:00,14.729,"norwood.mouth",0.764034488646065,4.23260719367139
13,2021-07-28 10:50:00,14.854,"norwood.mouth",0.759467455621302,4.37215384615385
13,2021-07-28 11:00:00,14.541,"norwood.mouth",0.799842986741102,4.16243271691091
13,2021-07-28 11:15:00,14.792,"norwood.mouth",0.775631035066915,4.4515967022418
13,2021-07-28 11:25:00,14.478,"norwood.mouth",0.81184981054082,4.2377217533586
13,2021-07-28 11:40:00,14.854,"norwood.mouth",0.783174224343675,4.7269753381066
13,2021-07-28 11:50:00,14.228,"norwood.mouth",0.832744453574363,4.40638783894823
13,2021-07-28 12:00:00,14.165,"norwood.mouth",0.990189086083928,4.17492917565102
13,2021-07-28 12:15:00,15.105,"norwood.mouth",0.761712150747238,4.9062668128655
13,2021-07-28 12:25:00,14.604,"norwood.mouth",0.821792763157895,4.98894229714912
13,2021-07-28 12:40:00,15.23,"norwood.mouth",0.761190200297964,5.41018131655907
13,2021-07-28 12:50:00,14.792,"norwood.mouth",0.800744647843624,5.23647398903713
13,2021-07-28 13:00:00,15.857,"norwood.mouth",0.721052226159298,5.84270867354799
13,2021-07-28 13:15:00,14.416,"norwood.mouth",0.83997668997669,5.73237373737374
13,2021-07-28 13:25:00,13.789,"norwood.mouth",1.20764762826718,5.01946127783156
13,2021-07-28 13:40:00,14.353,"norwood.mouth",0.92945945945946,5.8031
13,2021-07-28 13:50:00,14.29,"norwood.mouth",0.961123110151188,5.67838552915767
13,2021-07-28 14:00:00,14.541,"norwood.mouth",0.915217391304348,5.99408695652174
13,2021-07-28 14:15:00,14.666,"norwood.mouth",0.929389312977099,6.16268956743003
13,2021-07-28 14:25:00,14.228,"norwood.mouth",1.09354575163399,6.03838752723312
13,2021-07-28 14:40:00,15.105,"norwood.mouth",0.863556851311953,7.18312026239067
13,2021-07-28 14:50:00,14.541,"norwood.mouth",1.04583333333333,6.53278472222222
13,2021-07-28 15:00:00,14.604,"norwood.mouth",0.999309815950921,6.57965720858896
13,2021-07-28 15:15:00,14.792,"norwood.mouth",1.0270337922403,6.67269180225282
13,2021-07-28 15:25:00,14.854,"norwood.mouth",0.991135303265941,7.18467146189735
13,2021-07-28 15:40:00,15.293,"norwood.mouth",0.93804347826087,7.43246195652174
13,2021-07-28 15:50:00,14.854,"norwood.mouth",1.04342105263158,7.18838157894737
13,2021-07-28 16:00:00,15.669,"norwood.mouth",0.876798561151079,7.76532823741007
13,2021-07-28 16:15:00,15.293,"norwood.mouth",0.96957345971564,8.07915545023697
13,2021-07-28 16:25:00,15.168,"norwood.mouth",0.990384615384615,8.02267307692308
13,2021-07-28 16:40:00,16.608,"norwood.mouth",0.830892255892256,8.14550098204265
13,2021-07-28 16:50:00,15.168,"norwood.mouth",0.975336640680369,7.86497873848335
13,2021-07-28 17:00:00,15.168,"norwood.mouth",0.972254335260116,7.95048265895954
13,2021-07-28 17:15:00,15.418,"norwood.mouth",0.946696600384862,8.59410230917255
13,2021-07-28 17:25:00,14.792,"norwood.mouth",1.02664473684211,8.24108881578947
13,2021-07-28 17:40:00,14.854,"norwood.mouth",1.02827586206897,7.89599310344828
13,2021-07-28 17:50:00,15.168,"norwood.mouth",0.978156996587031,8.33515301478953
13,2021-07-28 18:00:00,14.729,"norwood.mouth",1.05770161290323,8.3146004032258
13,2021-07-28 18:15:00,14.854,"norwood.mouth",1.01242891957758,8.57804731925264
13,2021-07-28 18:25:00,15.168,"norwood.mouth",0.977726218097448,8.51980336426914
13,2021-07-28 18:40:00,14.854,"norwood.mouth",1.02905511811024,8.42009606299212
13,2021-07-28 18:50:00,14.792,"norwood.mouth",1.03585062240664,8.41149730290456
13,2021-07-28 19:00:00,14.917,"norwood.mouth",1.03011029411765,8.37784356617647
13,2021-07-28 19:15:00,15.481,"norwood.mouth",0.954179471419791,8.16318008604794
13,2021-07-28 19:25:00,14.98,"norwood.mouth",1.00932642487047,8.06919300518135
13,2021-07-28 19:40:00,14.98,"norwood.mouth",0.998041775456919,8.21137859007833
13,2021-07-28 19:50:00,15.543,"norwood.mouth",0.940912162162162,7.64118462837838
13,2021-07-28 20:00:00,15.481,"norwood.mouth",0.9479035639413,7.6890429769392
13,2021-07-28 20:15:00,15.293,"norwood.mouth",0.967241379310345,7.69493103448276
13,2021-07-28 20:25:00,15.293,"norwood.mouth",0.952870442203258,7.63051900698216
13,2021-07-28 20:40:00,15.669,"norwood.mouth",0.894885883347422,7.52998943364328
13,2021-07-28 20:50:00,16.045,"norwood.mouth",0.845177402686876,7.24826432426226
13,2021-07-28 21:00:00,15.794,"norwood.mouth",0.863502935420744,7.02153522504892
13,2021-07-28 21:15:00,16.107,"norwood.mouth",0.820750921890714,6.6612348865795
13,2021-07-28 21:25:00,16.921,"norwood.mouth",0.740888270898086,7.08302644637112
13,2021-07-28 21:40:00,15.543,"norwood.mouth",0.857838479809976,6.06405225653207
13,2021-07-28 21:50:00,15.731,"norwood.mouth",0.829820261437908,5.92915699891068
13,2021-07-28 22:00:00,15.919,"norwood.mouth",0.80980185155108,5.81458307617346
13,2021-07-28 22:15:00,18.111,"norwood.mouth",0.630245517686965,7.00549119689872
13,2021-07-28 22:25:00,15.042,"norwood.mouth",0.891822173435785,5.20359385290889
13,2021-07-28 22:40:00,15.418,"norwood.mouth",0.844922194922195,4.79521212121212
13,2021-07-28 22:50:00,17.548,"norwood.mouth",0.659289009066327,6.12652372620752
13,2021-07-28 23:00:00,16.233,"norwood.mouth",0.761506543249282,5.00345257474199
13,2021-07-28 23:15:00,14.228,"norwood.mouth",1.06605839416058,4.34098783454988
13,2021-07-28 23:25:00,15.669,"norwood.mouth",0.794032207136091,4.2218314124829
13,2021-07-28 23:40:00,16.107,"norwood.mouth",0.753611632270169,4.55374671669794
13,2021-07-28 23:50:00,15.418,"norwood.mouth",0.805294117647059,3.89261568627451
13,2021-07-29,15.982,"norwood.mouth",0.760629170638704,4.13560557673975
13,2021-07-29 00:15:00,15.168,"norwood.mouth",0.814554140127389,3.62100318471337
13,2021-07-29 00:25:00,15.481,"norwood.mouth",0.780375099760575,3.81373024740623
13,2021-07-29 00:40:00,16.17,"norwood.mouth",0.713323086879146,4.24634072156609
13,2021-07-29 00:50:00,14.98,"norwood.mouth",0.820661090558147,3.12696139617179
13,2021-07-29 01:00:00,15.919,"norwood.mouth",0.751468189233279,3.7246264274062
13,2021-07-29 01:15:00,15.23,"norwood.mouth",0.799644358228257,3.21135868628085
13,2021-07-29 01:25:00,15.606,"norwood.mouth",0.7488185790581,3.65942434050817
13,2021-07-29 01:40:00,15.23,"norwood.mouth",0.797992100065833,3.11135615536537
13,2021-07-29 01:50:00,15.982,"norwood.mouth",0.728750815394651,3.74972763100674
13,2021-07-29 02:00:00,15.857,"norwood.mouth",0.73410488831337,3.55605783964605
13,2021-07-29 02:15:00,15.731,"norwood.mouth",0.740733840920136,3.35107991792213
13,2021-07-29 02:25:00,15.293,"norwood.mouth",0.770587762967721,2.94975469728601
13,2021-07-29 02:40:00,15.293,"norwood.mouth",0.776592568015926,2.88816431652289
13,2021-07-29 02:50:00,15.919,"norwood.mouth",0.719950331125828,3.39710747792494
13,2021-07-29 03:00:00,15.919,"norwood.mouth",0.717316090023514,3.50110066062031
13,2021-07-29 03:15:00,15.731,"norwood.mouth",0.728923388457644,3.30097232534593
13,2021-07-29 03:25:00,15.794,"norwood.mouth",0.71499914339558,3.34803352178631
13,2021-07-29 03:40:00,16.233,"norwood.mouth",0.679592684954281,3.56274646716542
13,2021-07-29 03:50:00,15.606,"norwood.mouth",0.731336018798254,3.10575114691731
13,2021-07-29 04:00:00,16.42,"norwood.mouth",0.658355659745479,3.75366443402545
13,2021-07-29 04:15:00,16.045,"norwood.mouth",0.684493885869565,3.46416397758152
13,2021-07-29 04:25:00,16.984,"norwood.mouth",0.605275347400926,4.2737472979928
13,2021-07-29 04:40:00,16.045,"norwood.mouth",0.677919834139599,3.54571043538355
13,2021-07-29 04:50:00,15.857,"norwood.mouth",0.700095535869377,3.24605483179897
13,2021-07-29 05:00:00,16.233,"norwood.mouth",0.664567769477054,3.60284035930274
13,2021-07-29 05:15:00,16.045,"norwood.mouth",0.673281167575171,3.45109143660981
13,2021-07-29 05:25:00,15.418,"norwood.mouth",0.731883259911894,2.87207626651982
13,2021-07-29 05:40:00,17.297,"norwood.mouth",0.563151503829628,4.57768273242419
13,2021-07-29 05:50:00,16.295,"norwood.mouth",0.649830763444904,3.70422166854707
13,2021-07-29 06:00:00,15.857,"norwood.mouth",0.675417439703154,3.46039734075448
13,2021-07-29 06:15:00,15.982,"norwood.mouth",0.665550716748322,3.48656840863727
13,2021-07-29 06:25:00,15.606,"norwood.mouth",0.694722719141324,3.08767441860465
13,2021-07-29 06:40:00,15.293,"norwood.mouth",0.719980010903144,2.87046429220425
13,2021-07-29 06:50:00,15.168,"norwood.mouth",0.733708173340647,2.80455878588407
13,2021-07-29 07:00:00,15.543,"norwood.mouth",0.690074906367041,3.16356429463171
13,2021-07-29 07:15:00,15.606,"norwood.mouth",0.687093862815884,3.12145532490975
13,2021-07-29 07:25:00,15.418,"norwood.mouth",0.703966237066618,3.06820956616446
13,2021-07-29 07:40:00,15.857,"norwood.mouth",0.657755176171449,3.45973398716552
13,2021-07-29 07:50:00,15.794,"norwood.mouth",0.662052055827989,3.4415418395574
13,2021-07-29 08:00:00,15.731,"norwood.mouth",0.670695394858517,3.38295749337279
13,2021-07-29 08:15:00,14.917,"norwood.mouth",0.741209829867675,2.85539146187776
13,2021-07-29 08:25:00,15.669,"norwood.mouth",0.665656091608785,3.57062142544271
13,2021-07-29 08:40:00,15.669,"norwood.mouth",0.66583427922815,3.55569248959516
13,2021-07-29 08:50:00,15.481,"norwood.mouth",0.689418849168419,3.51848346396483
13,2021-07-29 09:00:00,15.042,"norwood.mouth",0.719159758854559,3.41042812735494
13,2021-07-29 09:15:00,15.23,"norwood.mouth",0.703844704108556,3.71519223520543
13,2021-07-29 09:25:00,15.042,"norwood.mouth",0.726901408450704,3.75416009389671
13,2021-07-29 09:40:00,14.792,"norwood.mouth",0.750201983106867,3.66474375688579
13,2021-07-29 09:50:00,14.541,"norwood.mouth",0.784762520790981,3.59066709788702
13,2021-07-29 10:00:00,15.168,"norwood.mouth",0.724887082204155,4.15387232761216
13,2021-07-29 10:15:00,15.857,"norwood.mouth",0.668793133958591,4.69064802689789
13,2021-07-29 10:25:00,14.478,"norwood.mouth",0.80005149330587,3.79800017164435
13,2021-07-29 10:40:00,14.541,"norwood.mouth",0.786715668698458,4.03809441854906
13,2021-07-29 10:50:00,14.416,"norwood.mouth",0.815959004392387,4.01750585651537
13,2021-07-29 11:00:00,14.541,"norwood.mouth",0.796030890804598,4.04981627155173
13,2021-07-29 11:15:00,14.416,"norwood.mouth",0.820704596834966,4.18632862346144
13,2021-07-29 11:25:00,14.04,"norwood.mouth",0.848829250720461,3.74606454130644
13,2021-07-29 11:40:00,14.541,"norwood.mouth",0.827932960893855,4.45073929236499
13,2021-07-29 11:50:00,14.416,"norwood.mouth",0.837542877775772,4.4883280375519
13,2021-07-29 12:00:00,14.228,"norwood.mouth",0.849828443986962,4.41928838565792
13,2021-07-29 12:15:00,14.353,"norwood.mouth",0.819211631161561,4.47455978852433
13,2021-07-29 12:25:00,14.729,"norwood.mouth",0.806745543945913,4.61337548658062
13,2021-07-29 12:40:00,13.977,"norwood.mouth",1.0136761487965,4.51272939460248
13,2021-07-29 12:50:00,14.04,"norwood.mouth",0.990366972477065,4.64400458715596
13,2021-07-29 13:00:00,14.04,"norwood.mouth",0.9328611898017,4.7375821529745
13,2021-07-29 13:15:00,14.228,"norwood.mouth",0.973873873873874,5.4922484984985
13,2021-07-29 13:25:00,14.102,"norwood.mouth",1.07106598984772,5.12506895093063
13,2021-07-29 13:40:00,14.416,"norwood.mouth",0.925,5.65075
13,2021-07-29 13:50:00,14.102,"norwood.mouth",1.06937561942517,5.45230475718533
13,2021-07-29 14:00:00,14.102,"norwood.mouth",1.07106598984772,6.02679991539763
13,2021-07-29 14:15:00,14.416,"norwood.mouth",1.02708333333333,5.88615277777778
13,2021-07-29 14:25:00,14.854,"norwood.mouth",0.922769516728625,6.2100376394052
13,2021-07-29 14:40:00,14.353,"norwood.mouth",1.12345679012346,6.38578909465021
13,2021-07-29 14:50:00,14.792,"norwood.mouth",0.989493293591654,7.30153800298063
13,2021-07-29 15:00:00,14.228,"norwood.mouth",1.18896198830409,6.51770553118908
13,2021-07-29 15:15:00,14.666,"norwood.mouth",1.0687977762335,6.88499096594857
13,2021-07-29 15:25:00,14.416,"norwood.mouth",1.1928338762215,6.80277144408252
13,2021-07-29 15:40:00,14.29,"norwood.mouth",1.25311332503113,6.96917496886675
13,2021-07-29 15:50:00,14.792,"norwood.mouth",1.09360730593607,7.52589117199391
13,2021-07-29 16:00:00,15.794,"norwood.mouth",0.911774193548387,7.40712177419355
13,2021-07-29 16:15:00,14.729,"norwood.mouth",1.16789215686275,7.28954738562092
13,2021-07-29 16:25:00,14.729,"norwood.mouth",1.16037790697674,7.40468648255814
13,2021-07-29 16:40:00,14.666,"norwood.mouth",1.19830931263858,7.60037098115299
13,2021-07-29 16:50:00,15.669,"norwood.mouth",0.979282868525896,8.09109229747676
13,2021-07-29 17:00:00,15.23,"norwood.mouth",1.07077226606539,7.8820408680947
13,2021-07-29 17:15:00,15.606,"norwood.mouth",0.988782447466007,8.13341579110012
13,2021-07-29 17:25:00,15.543,"norwood.mouth",0.994291338582677,8.39120505249344
13,2021-07-29 17:40:00,15.042,"norwood.mouth",1.11510989010989,8.18623534798535
13,2021-07-29 17:50:00,15.23,"norwood.mouth",1.07764378478664,8.42671150278293
13,2021-07-29 18:00:00,15.168,"norwood.mouth",1.10407253269917,8.548588882283
13,2021-07-29 18:15:00,14.792,"norwood.mouth",1.2111963190184,8.4831472392638
13,2021-07-29 18:25:00,14.98,"norwood.mouth",1.16262778111846,8.40835387853277
13,2021-07-29 18:40:00,15.042,"norwood.mouth",1.13142589118199,8.58180675422139
13,2021-07-29 18:50:00,14.854,"norwood.mouth",1.19779322853688,8.67679020556227
13,2021-07-29 19:00:00,14.98,"norwood.mouth",1.1609733415995,8.67353254804712
13,2021-07-29 19:15:00,15.042,"norwood.mouth",1.15098331346841,8.59946573301549
13,2021-07-29 19:25:00,14.917,"norwood.mouth",1.21162669447341,8.44513972888425
13,2021-07-29 19:40:00,15.23,"norwood.mouth",1.11364665911665,8.36980181200453
13,2021-07-29 19:50:00,15.168,"norwood.mouth",1.12944507361268,8.30748131370328
13,2021-07-29 20:00:00,15.168,"norwood.mouth",1.12375,8.266175
13,2021-07-29 20:15:00,15.042,"norwood.mouth",1.11696650124069,8.09988089330025
13,2021-07-29 20:25:00,15.857,"norwood.mouth",0.962810650887574,7.93010133136095
13,2021-07-29 20:40:00,15.543,"norwood.mouth",0.990793413173653,7.73204678143713
13,2021-07-29 20:50:00,15.042,"norwood.mouth",1.09566279780086,7.42684529627367
13,2021-07-29 21:00:00,15.418,"norwood.mouth",0.991016548463357,7.23623246650906
13,2021-07-29 21:15:00,16.233,"norwood.mouth",0.891673243883189,6.80820126282557
13,2021-07-29 21:25:00,15.794,"norwood.mouth",0.922092084006462,6.71289438610662
13,2021-07-29 21:40:00,15.982,"norwood.mouth",0.905125,6.286446875
13,2021-07-29 21:50:00,17.297,"norwood.mouth",0.760438144329897,6.53016988831615
13,2021-07-29 22:00:00,15.731,"norwood.mouth",0.915358931552588,5.82053964941569
13,2021-07-29 22:15:00,16.984,"norwood.mouth",0.774283012921525,5.81592901040025
13,2021-07-29 22:25:00,15.857,"norwood.mouth",0.860876132930514,5.07861027190332
13,2021-07-29 22:40:00,17.047,"norwood.mouth",0.758438485804416,5.50195504731861
13,2021-07-29 22:50:00,16.859,"norwood.mouth",0.765466790524849,5.24488775352222
13,2021-07-29 23:00:00,16.045,"norwood.mouth",0.823786257173879,4.5489916757148
13,2021-07-29 23:15:00,16.671,"norwood.mouth",0.77073357888275,4.75160886024146
13,2021-07-29 23:25:00,16.796,"norwood.mouth",0.756427802552668,4.79060710441335
13,2021-07-29 23:40:00,16.358,"norwood.mouth",0.787753826929085,4.21429803186504
13,2021-07-29 23:50:00,16.671,"norwood.mouth",0.761455108359133,4.39222910216718
13,2021-07-30,16.608,"norwood.mouth",0.74835096453018,4.29618901680149
13,2021-07-30 00:15:00,15.919,"norwood.mouth",0.796519133241125,3.5637221453819
13,2021-07-30 00:25:00,16.295,"norwood.mouth",0.749441846432342,3.91450882486046
13,2021-07-30 00:40:00,15.168,"norwood.mouth",0.865924657534247,2.85041352739726
13,2021-07-30 00:50:00,15.794,"norwood.mouth",0.799619742356045,3.22818469656992
13,2021-07-30 01:00:00,15.919,"norwood.mouth",0.789680050188206,3.40649419698871
13,2021-07-30 01:15:00,15.982,"norwood.mouth",0.772351843210453,3.29672826256027
13,2021-07-30 01:25:00,16.859,"norwood.mouth",0.679043106083766,4.16615866707429
13,2021-07-30 01:40:00,14.666,"norwood.mouth",0.918834547346514,2.4212005723205
13,2021-07-30 01:50:00,14.854,"norwood.mouth",0.870959902794654,2.33303948967193
13,2021-07-30 02:00:00,15.168,"norwood.mouth",0.82608330790357,2.43657941714983
13,2021-07-30 02:15:00,16.546,"norwood.mouth",0.728752160930379,3.32010403897533
13,2021-07-30 02:25:00,15.669,"norwood.mouth",0.780826723611958,2.73982540166768
13,2021-07-30 02:40:00,16.045,"norwood.mouth",0.756298600311042,3.02800194401244
13,2021-07-30 02:50:00,15.794,"norwood.mouth",0.779109259852611,2.77906135853893
13,2021-07-30 03:00:00,16.045,"norwood.mouth",0.75707824154896,2.88839427604084
13,2021-07-30 03:15:00,16.17,"norwood.mouth",0.725324675324675,3.12651948051948
13,2021-07-30 03:25:00,16.734,"norwood.mouth",0.6595,3.7002575
13,2021-07-30 03:40:00,15.356,"norwood.mouth",0.796899890676246,2.46499156645322
13,2021-07-30 03:50:00,15.982,"norwood.mouth",0.758262957443285,2.80613037478611
13,2021-07-30 04:00:00,16.295,"norwood.mouth",0.719647058823529,3.08732784313726
13,2021-07-30 04:15:00,15.919,"norwood.mouth",0.746350134302417,2.70868841839153
13,2021-07-30 04:25:00,15.481,"norwood.mouth",0.772009719391754,2.59849696922193
13,2021-07-30 04:40:00,15.418,"norwood.mouth",0.781584109857773,2.44681878371751
13,2021-07-30 04:50:00,15.669,"norwood.mouth",0.767518860016764,2.61180804694049
13,2021-07-30 05:00:00,16.984,"norwood.mouth",0.647232824427481,3.78690871501272
13,2021-07-30 05:15:00,16.859,"norwood.mouth",0.655719921104536,3.61604996712689
13,2021-07-30 05:25:00,15.418,"norwood.mouth",0.775919869174162,2.40952657399836
13,2021-07-30 05:40:00,15.919,"norwood.mouth",0.737822749476622,2.7964231216562
13,2021-07-30 05:50:00,15.794,"norwood.mouth",0.74292364990689,2.63577901924271
13,2021-07-30 06:00:00,15.794,"norwood.mouth",0.737454784610326,2.66800282253645
13,2021-07-30 06:15:00,15.543,"norwood.mouth",0.746266930954741,2.51346812025107
13,2021-07-30 06:25:00,16.546,"norwood.mouth",0.667520080321285,3.29520389892905
13,2021-07-30 06:40:00,15.606,"norwood.mouth",0.745749327956989,2.59085640681004
13,2021-07-30 06:50:00,16.233,"norwood.mouth",0.682732338960826,3.11961142982025
13,2021-07-30 07:00:00,15.794,"norwood.mouth",0.719224489795918,2.68702367346939
13,2021-07-30 07:15:00,15.731,"norwood.mouth",0.719124275595621,2.88035624597553
13,2021-07-30 07:25:00,15.731,"norwood.mouth",0.740095338983051,2.92859118997175
13,2021-07-30 07:40:00,15.919,"norwood.mouth",0.696369175037049,3.03882150502223
13,2021-07-30 07:50:00,15.481,"norwood.mouth",0.740645917001339,2.68316371039714
13,2021-07-30 08:00:00,15.919,"norwood.mouth",0.70448264239973,2.98070458375463
13,2021-07-30 08:15:00,15.669,"norwood.mouth",0.719597492576707,2.93499348399868
13,2021-07-30 08:25:00,16.17,"norwood.mouth",0.680619704269812,3.41118449908623
13,2021-07-30 08:40:00,16.045,"norwood.mouth",0.682342954159592,3.56522028862479
13,2021-07-30 08:50:00,14.98,"norwood.mouth",0.77711664702912,2.76987903271054
13,2021-07-30 09:00:00,15.418,"norwood.mouth",0.732504145936982,3.28483029297955
13,2021-07-30 09:15:00,15.356,"norwood.mouth",0.739323784143904,3.44386409060626
13,2021-07-30 09:25:00,15.919,"norwood.mouth",0.696094552929085,4.0020468482357
13,2021-07-30 09:40:00,16.045,"norwood.mouth",0.682166693797819,4.28534478267947
13,2021-07-30 09:50:00,14.917,"norwood.mouth",0.777037219216265,3.75088069082363
13,2021-07-30 10:00:00,14.353,"norwood.mouth",0.827074966532798,3.58263208389112
13,2021-07-30 10:15:00,14.478,"norwood.mouth",0.810330578512397,3.93323140495868
13,2021-07-30 10:25:00,14.854,"norwood.mouth",0.790581162324649,4.19197812291249
13,2021-07-30 10:40:00,14.917,"norwood.mouth",0.793710795642126,4.29542120611863
13,2021-07-30 10:50:00,14.29,"norwood.mouth",0.84400399733511,4.33308394403731
13,2021-07-30 11:00:00,14.102,"norwood.mouth",0.902227432590856,4.1748174091442
13,2021-07-30 11:15:00,14.541,"norwood.mouth",0.832920511575198,4.57591020452215
13,2021-07-30 11:25:00,13.977,"norwood.mouth",0.959268292682927,4.38421300813008
13,2021-07-30 11:40:00,13.914,"norwood.mouth",0.962745098039216,4.2035931372549
13,2021-07-30 11:50:00,13.789,"norwood.mouth",0.999357142857143,4.27406214285714
13,2021-07-30 12:00:00,13.726,"norwood.mouth",1.09846827133479,4.20961105032823
13,2021-07-30 12:15:00,13.601,"norwood.mouth",1.16684901531729,4.31642961342086
13,2021-07-30 12:25:00,14.478,"norwood.mouth",0.866571018651363,5.15275430416069
13,2021-07-30 12:40:00,13.789,"norwood.mouth",1.06236673773987,4.83307462686567
13,2021-07-30 12:50:00,13.726,"norwood.mouth",1.11159737417943,4.82876094091904
13,2021-07-30 13:00:00,13.726,"norwood.mouth",1.17647058823529,4.87505882352941
13,2021-07-30 13:15:00,13.789,"norwood.mouth",1.08367139959432,5.73012373225152
13,2021-07-30 13:25:00,15.105,"norwood.mouth",0.83029869717191,6.29740811354729
13,2021-07-30 13:40:00,13.914,"norwood.mouth",1.017578125,6.11499609375
13,2021-07-30 13:50:00,13.852,"norwood.mouth",1.00285412262156,6.25428964059197
13,2021-07-30 14:00:00,14.854,"norwood.mouth",0.85578093306288,6.95256845841785
13,2021-07-30 14:15:00,13.914,"norwood.mouth",1.01773399014778,6.57091871921182
13,2021-07-30 14:25:00,14.04,"norwood.mouth",0.990444444444445,6.62026518518518
13,2021-07-30 14:40:00,14.102,"norwood.mouth",0.976194331983806,7.05034068825911
13,2021-07-30 14:50:00,13.914,"norwood.mouth",1.00689655172414,7.12637068965517
13,2021-07-30 15:00:00,14.228,"norwood.mouth",0.973871582962492,7.2140882072473
13,2021-07-30 15:15:00,14.04,"norwood.mouth",0.99601677148847,7.03669322152341
13,2021-07-30 15:25:00,13.914,"norwood.mouth",1.00732451678535,7.31572736520855
13,2021-07-30 15:40:00,13.789,"norwood.mouth",1.07373386295929,6.78230685203575
13,2021-07-30 15:50:00,14.102,"norwood.mouth",0.98792270531401,7.15909541062802
13,2021-07-30 16:00:00,14.165,"norwood.mouth",0.978988764044944,7.39601797752809
13,2021-07-30 16:15:00,13.852,"norwood.mouth",1.1530612244898,6.93330612244898
13,2021-07-30 16:25:00,13.977,"norwood.mouth",1.12745839636914,7.07750378214826
13,2021-07-30 16:40:00,13.977,"norwood.mouth",1.1236641221374,7.17622709923664
13,2021-07-30 16:50:00,13.726,"norwood.mouth",1.2070406626506,6.94295368975904
13,2021-07-30 17:00:00,13.852,"norwood.mouth",1.16872110939908,7.05248305084746
13,2021-07-30 17:15:00,13.852,"norwood.mouth",1.16248037676609,7.18921624803768
13,2021-07-30 17:25:00,13.977,"norwood.mouth",1.13256317689531,7.21765144404332
13,2021-07-30 17:40:00,13.789,"norwood.mouth",1.20351123595506,7.07818609550562
13,2021-07-30 17:50:00,13.914,"norwood.mouth",1.17885003362475,7.0564862138534
13,2021-07-30 18:00:00,14.04,"norwood.mouth",1.14232081911263,7.08062969283276
13,2021-07-30 18:15:00,13.977,"norwood.mouth",1.16924110141034,7.19243821356615
13,2021-07-30 18:25:00,13.977,"norwood.mouth",1.15787375415282,7.27414069767442
13,2021-07-30 18:40:00,14.04,"norwood.mouth",1.12732181425486,7.25443412526998
13,2021-07-30 18:50:00,14.04,"norwood.mouth",1.13810020876827,7.20384342379958
13,2021-07-30 19:00:00,14.29,"norwood.mouth",1.05418168709445,7.03408795962509
13,2021-07-30 19:15:00,14.165,"norwood.mouth",1.09074585635359,7.08347651933702
13,2021-07-30 19:25:00,14.541,"norwood.mouth",0.978278358809332,7.18794911504425
13,2021-07-30 19:40:00,13.914,"norwood.mouth",1.14779573842763,6.94955694342395
13,2021-07-30 19:50:00,14.165,"norwood.mouth",1.05678650036684,6.9314224137931
13,2021-07-30 20:00:00,13.852,"norwood.mouth",1.14875471698113,6.81249018867925
13,2021-07-30 20:15:00,14.29,"norwood.mouth",1.14375963020031,6.90055585516179
13,2021-07-30 20:25:00,14.604,"norwood.mouth",0.956594724220624,7.13596662669864
13,2021-07-30 20:40:00,15.105,"norwood.mouth",0.870963172804533,7.11062039660057
13,2021-07-30 20:50:00,14.917,"norwood.mouth",0.905941023417173,6.8755802254987
13,2021-07-30 21:00:00,14.416,"norwood.mouth",0.967940920938314,6.5761635534318
13,2021-07-30 21:15:00,14.604,"norwood.mouth",0.932159624413146,6.32353755868545
13,2021-07-30 21:25:00,14.478,"norwood.mouth",0.948475120385233,6.18667736757624
13,2021-07-30 21:40:00,17.235,"norwood.mouth",0.672995710986473,6.83391702408446
13,2021-07-30 21:50:00,15.23,"norwood.mouth",0.828971962616822,5.75425
13,2021-07-30 22:00:00,14.98,"norwood.mouth",0.855515695067265,5.4502697309417
13,2021-07-30 22:15:00,15.731,"norwood.mouth",0.797711878407401,5.40777250949942
13,2021-07-30 22:25:00,15.543,"norwood.mouth",0.811640650946529,5.16608967120558
13,2021-07-30 22:40:00,14.604,"norwood.mouth",0.896434782608696,4.52263130434783
13,2021-07-30 22:50:00,14.102,"norwood.mouth",0.956111111111111,4.30739907407407
13,2021-07-30 23:00:00,14.854,"norwood.mouth",0.854146806482364,4.05923713060057
13,2021-07-30 23:15:00,14.29,"norwood.mouth",0.928776978417266,3.93318884892086
13,2021-07-30 23:25:00,14.729,"norwood.mouth",0.853780241935484,3.75611517137097
13,2021-07-30 23:40:00,14.541,"norwood.mouth",0.880721153846154,3.46308365384615
13,2021-07-30 23:50:00,14.666,"norwood.mouth",0.874550128534704,3.48325042844901
13,2021-07-31,15.168,"norwood.mouth",0.815711446082491,3.40585423223455
13,2021-07-31 00:15:00,14.666,"norwood.mouth",0.863740458015267,2.91439694656489
13,2021-07-31 00:25:00,16.233,"norwood.mouth",0.700024764735017,4.22002542512795
13,2021-07-31 00:40:00,16.107,"norwood.mouth",0.710933089822348,4.03080043167856
13,2021-07-31 00:50:00,15.481,"norwood.mouth",0.761402789171452,3.43162510254307
13,2021-07-31 01:00:00,15.168,"norwood.mouth",0.796950917203768,3.05643265575938
13,2021-07-31 01:15:00,15.857,"norwood.mouth",0.726074025115664,3.63784897554527
13,2021-07-31 01:25:00,14.604,"norwood.mouth",0.856388888888889,2.39750046296296
13,2021-07-31 01:40:00,15.356,"norwood.mouth",0.78351593625498,2.83422509960159
13,2021-07-31 01:50:00,14.478,"norwood.mouth",0.861824014665445,2.19170439963336
13,2021-07-31 02:00:00,14.666,"norwood.mouth",0.834934717107466,2.28133846668899
13,2021-07-31 02:15:00,14.917,"norwood.mouth",0.822790856363016,2.43797637325145
13,2021-07-31 02:25:00,15.105,"norwood.mouth",0.807631444614599,2.6773236345074
13,2021-07-31 02:40:00,15.731,"norwood.mouth",0.747208340513527,3.00860951232121
13,2021-07-31 02:50:00,15.606,"norwood.mouth",0.741965347375573,3.03538236792934
13,2021-07-31 03:00:00,15.418,"norwood.mouth",0.756357811729916,2.87071085920815
13,2021-07-31 03:15:00,15.418,"norwood.mouth",0.774850404787047,2.82517963158512
13,2021-07-31 03:25:00,15.042,"norwood.mouth",0.80630725863284,2.42518369743951
13,2021-07-31 03:40:00,15.606,"norwood.mouth",0.760547631625286,2.8250368609497
13,2021-07-31 03:50:00,15.168,"norwood.mouth",0.794581280788177,2.47459359605911
13,2021-07-31 04:00:00,15.481,"norwood.mouth",0.764275778125543,2.6615272706196
13,2021-07-31 04:15:00,15.356,"norwood.mouth",0.7748297537978,2.43220813689541
13,2021-07-31 04:25:00,15.543,"norwood.mouth",0.755389014035696,2.61516773522786
13,2021-07-31 04:40:00,15.794,"norwood.mouth",0.734533898305085,2.88644738700565
13,2021-07-31 04:50:00,16.17,"norwood.mouth",0.696822800068882,3.16168839331841
13,2021-07-31 05:00:00,16.045,"norwood.mouth",0.7151339608979,2.98159522085445
13,2021-07-31 05:15:00,15.356,"norwood.mouth",0.76934628975265,2.35468786808009
13,2021-07-31 05:25:00,15.794,"norwood.mouth",0.737853005068791,2.71331127805938
13,2021-07-31 05:40:00,15.418,"norwood.mouth",0.767239507959479,2.33226040159189
13,2021-07-31 05:50:00,15.23,"norwood.mouth",0.774622222222222,2.32369718518519
13,2021-07-31 06:00:00,14.98,"norwood.mouth",0.809240132792328,2.01162344768228
13,2021-07-31 06:15:00,15.418,"norwood.mouth",0.755742145178765,2.44338244853738
13,2021-07-31 06:25:00,15.105,"norwood.mouth",0.781678700361011,2.10209912755716
13,2021-07-31 06:40:00,15.105,"norwood.mouth",0.779990966576332,2.13520701595905
13,2021-07-31 06:50:00,14.854,"norwood.mouth",0.800320512820513,1.86592841880342
13,2021-07-31 07:00:00,15.168,"norwood.mouth",0.778715596330275,2.12869541284404
13,2021-07-31 07:15:00,14.792,"norwood.mouth",0.798461810466761,2.08911660183876
13,2021-07-31 07:25:00,15.168,"norwood.mouth",0.772021596742786,2.30403673216498
13,2021-07-31 07:40:00,14.917,"norwood.mouth",0.787578138953384,2.1213925701018
13,2021-07-31 07:50:00,14.792,"norwood.mouth",0.793056768558952,2.0385711790393
13,2021-07-31 08:00:00,14.854,"norwood.mouth",0.790703428773418,2.08800592082008
13,2021-07-31 08:15:00,14.604,"norwood.mouth",0.808406612733029,2.05261519521632
13,2021-07-31 08:25:00,14.792,"norwood.mouth",0.792575303857671,2.35015524631554
13,2021-07-31 08:40:00,14.541,"norwood.mouth",0.806036036036036,2.3603993993994
13,2021-07-31 08:50:00,15.105,"norwood.mouth",0.758389322680225,2.97363367834877
13,2021-07-31 09:00:00,14.604,"norwood.mouth",0.812278244631186,2.78554466230937
13,2021-07-31 09:15:00,14.541,"norwood.mouth",0.812108880448544,2.97192735274613
13,2021-07-31 09:25:00,14.416,"norwood.mouth",0.811476868327402,3.1235028173191
13,2021-07-31 09:40:00,14.666,"norwood.mouth",0.804611474219317,3.60743258290971
13,2021-07-31 09:50:00,14.04,"norwood.mouth",0.869266055045872,3.36477981651376
13,2021-07-31 10:00:00,13.977,"norwood.mouth",0.862780269058296,3.59415695067265
13,2021-07-31 10:15:00,14.04,"norwood.mouth",0.879244249726178,3.78450109529025
13,2021-07-31 10:25:00,14.353,"norwood.mouth",0.83388625592417,4.11106319115324
13,2021-07-31 10:40:00,14.228,"norwood.mouth",0.856370070778564,4.07457178968655
13,2021-07-31 10:50:00,13.977,"norwood.mouth",0.897142857142857,4.09825
13,2021-07-31 11:00:00,13.664,"norwood.mouth",0.957876712328767,4.05061301369863
13,2021-07-31 11:15:00,13.789,"norwood.mouth",0.934472934472935,4.3834242640076
13,2021-07-31 11:25:00,13.852,"norwood.mouth",0.943610074626866,4.53396152052239
13,2021-07-31 11:40:00,14.541,"norwood.mouth",0.835176637670868,4.83832484170661
13,2021-07-31 11:50:00,13.601,"norwood.mouth",1.00980392156863,4.46711437908497
13,2021-07-31 12:00:00,13.664,"norwood.mouth",0.972869318181818,4.7959462594697
13,2021-07-31 12:15:00,13.789,"norwood.mouth",0.942716535433071,5.18423523622047
13,2021-07-31 12:25:00,13.977,"norwood.mouth",0.923827046918123,5.08506853725851
13,2021-07-31 12:40:00,13.789,"norwood.mouth",0.959842519685039,5.44474606299213
13,2021-07-31 12:50:00,13.664,"norwood.mouth",0.968987889273357,5.37180471453287
13,2021-07-31 13:00:00,13.664,"norwood.mouth",0.985539714867617,5.82383265444671
13,2021-07-31 13:15:00,13.664,"norwood.mouth",0.987907375643225,5.78315437392796
13,2021-07-31 13:25:00,13.664,"norwood.mouth",0.982676348547718,6.10081881051176
13,2021-07-31 13:40:00,13.726,"norwood.mouth",0.976315789473684,6.40315789473684
13,2021-07-31 13:50:00,13.726,"norwood.mouth",0.980190755685987,6.5420121056493
13,2021-07-31 14:00:00,13.601,"norwood.mouth",0.990174129353234,6.6730236318408
13,2021-07-31 14:15:00,13.789,"norwood.mouth",0.999583333333333,6.72838819444444
13,2021-07-31 14:25:00,13.977,"norwood.mouth",0.975465230166503,6.91666846229187
13,2021-07-31 14:40:00,13.789,"norwood.mouth",1.02398720682303,6.86282302771855
13,2021-07-31 14:50:00,13.538,"norwood.mouth",1.12638731596829,6.8163839184598
13,2021-07-31 15:00:00,13.726,"norwood.mouth",1.06520307354555,7.17911772777168
13,2021-07-31 15:15:00,13.852,"norwood.mouth",1.01515151515151,7.44807323232323
13,2021-07-31 15:25:00,13.914,"norwood.mouth",1.05085771947528,7.556898839556
13,2021-07-31 15:40:00,13.789,"norwood.mouth",1.06044776119403,7.42699253731343
13,2021-07-31 15:50:00,13.726,"norwood.mouth",1.08560975609756,7.31704878048781
13,2021-07-31 16:00:00,13.914,"norwood.mouth",0.999048374306106,7.59563580491673
13,2021-07-31 16:15:00,14.04,"norwood.mouth",0.985263929618769,7.61739259530792
13,2021-07-31 16:25:00,14.04,"norwood.mouth",1.01608832807571,7.54253864353312
13,2021-07-31 16:40:00,14.04,"norwood.mouth",1.02631048387097,7.53088760080645
13,2021-07-31 16:50:00,14.102,"norwood.mouth",1.02897727272727,7.49265909090909
13,2021-07-31 17:00:00,13.977,"norwood.mouth",1.05905639913232,7.6087649132321
13,2021-07-31 17:15:00,13.977,"norwood.mouth",1.03682735426009,7.99542993273543
13,2021-07-31 17:25:00,14.228,"norwood.mouth",0.987871853546911,8.11860488176964
13,2021-07-31 17:40:00,15.23,"norwood.mouth",0.87847533632287,8.44119544095665
13,2021-07-31 17:50:00,14.29,"norwood.mouth",0.993777009507347,8.33864347450302
13,2021-07-31 18:00:00,14.541,"norwood.mouth",0.967287866772403,8.34994726407613
13,2021-07-31 18:15:00,14.478,"norwood.mouth",0.979726815240834,8.2809764557872
13,2021-07-31 18:25:00,14.228,"norwood.mouth",1.02564338235294,8.40524678308823
13,2021-07-31 18:40:00,14.228,"norwood.mouth",0.998950314905528,8.40236791462561
13,2021-07-31 18:50:00,14.729,"norwood.mouth",0.957157604955265,8.67040743289745
13,2021-07-31 19:00:00,14.353,"norwood.mouth",0.988892595063376,8.76542895263509
13,2021-07-31 19:15:00,14.29,"norwood.mouth",0.992351274787535,8.75440864022663
13,2021-07-31 19:25:00,14.416,"norwood.mouth",0.975723684210526,8.63219638157895
13,2021-07-31 19:40:00,14.29,"norwood.mouth",1.20252293577982,8.2970256116208
13,2021-07-31 19:50:00,14.165,"norwood.mouth",1.04204440333025,8.50268917668825
13,2021-07-31 20:00:00,14.102,"norwood.mouth",1.07840593141798,8.3747717794254
13,2021-07-31 20:15:00,14.04,"norwood.mouth",1.09478098788444,8.1844715750233
13,2021-07-31 20:25:00,13.914,"norwood.mouth",1.14532110091743,8.00496651376147
13,2021-07-31 20:40:00,13.977,"norwood.mouth",1.07768130745659,8.01396935648621
13,2021-07-31 20:50:00,13.914,"norwood.mouth",1.11002865329513,7.89585744985673
13,2021-07-31 21:00:00,16.546,"norwood.mouth",0.745299556925448,8.31527705002248
13,2021-07-31 21:15:00,15.481,"norwood.mouth",0.827276943053237,7.92428720707352
13,2021-07-31 21:25:00,14.854,"norwood.mouth",0.903242320819113,7.56263139931741
13,2021-07-31 21:40:00,14.604,"norwood.mouth",0.925604297224709,7.09453849597135
13,2021-07-31 21:50:00,14.917,"norwood.mouth",0.872798887859129,6.94075440222428
13,2021-07-31 22:00:00,16.045,"norwood.mouth",0.764143279172821,7.24475276957164
13,2021-07-31 22:15:00,13.914,"norwood.mouth",1.00829493087558,6.35546313364055
13,2021-07-31 22:25:00,14.165,"norwood.mouth",0.962536162005786,6.17975988428158
13,2021-07-31 22:40:00,14.228,"norwood.mouth",0.945023255813954,5.67574255813954
13,2021-07-31 22:50:00,14.228,"norwood.mouth",0.958817635270541,5.51354509018036
13,2021-07-31 23:00:00,15.669,"norwood.mouth",0.773956442831216,5.80201451905626
13,2021-07-31 23:15:00,14.228,"norwood.mouth",0.9282340862423,5.03285420944559
13,2021-07-31 23:25:00,14.478,"norwood.mouth",0.8973293768546,4.85263180019782
13,2021-07-31 23:40:00,15.794,"norwood.mouth",0.769397613184315,5.28595043253141
13,2021-07-31 23:50:00,13.977,"norwood.mouth",0.970083487940631,4.32529684601113
13,2021-08-01,15.23,"norwood.mouth",0.81421493902439,4.2217177972561
13,2021-08-01 00:15:00,14.854,"norwood.mouth",0.872466367713005,3.91970650224215
13,2021-08-01 00:25:00,14.102,"norwood.mouth",0.929651162790698,3.77817248062015
13,2021-08-01 00:40:00,14.541,"norwood.mouth",0.870243673851921,3.69756982193065
13,2021-08-01 00:50:00,14.854,"norwood.mouth",0.859677419354839,3.29646774193548
13,2021-08-01 01:00:00,14.729,"norwood.mouth",0.850919439579685,3.0908765323993
13,2021-08-01 01:15:00,14.98,"norwood.mouth",0.824019702530423,3.08734469770137
13,2021-08-01 01:25:00,15.293,"norwood.mouth",0.786401179941003,3.56692920353982
13,2021-08-01 01:40:00,15.418,"norwood.mouth",0.765372670807453,3.62811180124224
13,2021-08-01 01:50:00,14.541,"norwood.mouth",0.854428571428571,2.71994857142857
13,2021-08-01 02:00:00,15.418,"norwood.mouth",0.767063020214031,3.41652764565993
13,2021-08-01 02:15:00,15.857,"norwood.mouth",0.732544006705784,3.81083329840738
13,2021-08-01 02:25:00,14.353,"norwood.mouth",0.886887477313975,2.65380694192377
13,2021-08-01 02:40:00,14.353,"norwood.mouth",0.89287610619469,2.56892234513274
13,2021-08-01 02:50:00,16.045,"norwood.mouth",0.701052741296644,3.78330595511084
13,2021-08-01 03:00:00,15.168,"norwood.mouth",0.79968220338983,2.97079413841808
13,2021-08-01 03:15:00,15.606,"norwood.mouth",0.747708158116064,3.35733985141576
13,2021-08-01 03:25:00,15.042,"norwood.mouth",0.788852592895059,2.79893231931401
13,2021-08-01 03:40:00,15.731,"norwood.mouth",0.717216882574175,3.48467666109486
13,2021-08-01 03:50:00,15.606,"norwood.mouth",0.72158023683136,3.54887927045052
13,2021-08-01 04:00:00,16.483,"norwood.mouth",0.644500106587081,4.19917899523911
13,2021-08-01 04:15:00,15.731,"norwood.mouth",0.722588509645961,3.29587619249523
13,2021-08-01 04:25:00,15.857,"norwood.mouth",0.694562768789679,3.68161314765513
13,2021-08-01 04:40:00,15.168,"norwood.mouth",0.761524785609705,2.81374858816147
13,2021-08-01 04:50:00,15.418,"norwood.mouth",0.735083556839282,3.11404868991128
13,2021-08-01 05:00:00,15.293,"norwood.mouth",0.758902012248469,3.01394422572178
13,2021-08-01 05:15:00,15.669,"norwood.mouth",0.725799086757991,3.49279908675799
13,2021-08-01 05:25:00,15.105,"norwood.mouth",0.767818740399385,3.02223502304148
13,2021-08-01 05:40:00,15.23,"norwood.mouth",0.763914027149321,3.30820060331825
13,2021-08-01 05:50:00,14.729,"norwood.mouth",0.828343195266272,2.59004674556213
13,2021-08-01 06:00:00,14.729,"norwood.mouth",0.79873799419254,2.85426490953764
13,2021-08-01 06:15:00,14.729,"norwood.mouth",0.805490654205608,2.40369684579439
13,2021-08-01 06:25:00,14.666,"norwood.mouth",0.799912319158264,2.42054044278825
13,2021-08-01 06:40:00,14.353,"norwood.mouth",0.844333950046254,1.98613610083256
13,2021-08-01 06:50:00,14.854,"norwood.mouth",0.764950664950665,2.93123033748034
13,2021-08-01 07:00:00,14.854,"norwood.mouth",0.763542126157918,2.75688134097927
13,2021-08-01 07:15:00,14.604,"norwood.mouth",0.793954104148279,2.67720388349515
13,2021-08-01 07:25:00,14.29,"norwood.mouth",0.841563159128193,2.22037403327865
13,2021-08-01 07:40:00,14.478,"norwood.mouth",0.809716740190388,2.56335840879189
13,2021-08-01 07:50:00,14.416,"norwood.mouth",0.80517400322655,2.49629661212261
13,2021-08-01 08:00:00,14.353,"norwood.mouth",0.80756880733945,2.46940672782875
13,2021-08-01 08:15:00,14.478,"norwood.mouth",0.786428081408644,2.6865973016236
13,2021-08-01 08:25:00,14.228,"norwood.mouth",0.808493989566795,2.75027738716262
13,2021-08-01 08:40:00,14.353,"norwood.mouth",0.787916666666667,2.90602777777778
13,2021-08-01 08:50:00,14.792,"norwood.mouth",0.748802926180448,3.37888140101973
13,2021-08-01 09:00:00,14.165,"norwood.mouth",0.827152899824253,2.94267545401289
13,2021-08-01 09:15:00,14.353,"norwood.mouth",0.802085561497326,3.15337040998218
13,2021-08-01 09:25:00,14.478,"norwood.mouth",0.781978798586572,3.49243374558304
13,2021-08-01 09:40:00,13.852,"norwood.mouth",0.825791990436342,2.98668170950389
13,2021-08-01 09:50:00,14.04,"norwood.mouth",0.814782964782965,3.17009036309036
13,2021-08-01 10:00:00,14.102,"norwood.mouth",0.814023057046313,3.53045193135891
13,2021-08-01 10:15:00,14.102,"norwood.mouth",0.83188041071069,4.03318240386551
13,2021-08-01 10:25:00,14.416,"norwood.mouth",0.821306209850107,4.45446109921485
13,2021-08-01 10:40:00,13.789,"norwood.mouth",0.876402640264026,4.04875577557756
13,2021-08-01 10:50:00,13.914,"norwood.mouth",0.869664138678223,4.07372860238353
13,2021-08-01 11:00:00,14.04,"norwood.mouth",0.83501872659176,4.2678127340824
13,2021-08-01 11:15:00,13.914,"norwood.mouth",0.866341743119266,4.33060521788991
13,2021-08-01 11:25:00,13.726,"norwood.mouth",0.912426470588235,4.19257022058824
13,2021-08-01 11:40:00,13.977,"norwood.mouth",0.927867203219316,4.41281086519115
13,2021-08-01 11:50:00,13.977,"norwood.mouth",0.925,4.59075
13,2021-08-01 12:00:00,13.852,"norwood.mouth",0.977611940298508,4.69122014925373
13,2021-08-01 12:15:00,14.165,"norwood.mouth",0.893936567164179,5.03401212686567
13,2021-08-01 12:25:00,13.789,"norwood.mouth",1.01363636363636,4.83054545454545
13,2021-08-01 12:40:00,13.852,"norwood.mouth",1.03511053315995,5.13110630689207
13,2021-08-01 12:50:00,13.789,"norwood.mouth",1.06449375866852,5.12778987517337
13,2021-08-01 13:00:00,13.538,"norwood.mouth",1.21991084695394,5.07532330361565
13,2021-08-01 13:15:00,13.664,"norwood.mouth",1.20416124837451,5.32476462938882
13,2021-08-01 13:25:00,13.664,"norwood.mouth",1.1936,5.38122133333333
13,2021-08-01 13:40:00,14.29,"norwood.mouth",0.930769230769231,6.34828846153846
13,2021-08-01 13:50:00,14.416,"norwood.mouth",0.91579754601227,6.79843021472393
13,2021-08-01 14:00:00,14.165,"norwood.mouth",0.992825361512792,7.0536362625139
13,2021-08-01 14:15:00,13.914,"norwood.mouth",1.17962760131435,6.33552300109529
13,2021-08-01 14:25:00,14.917,"norwood.mouth",0.869736842105263,7.01907236842105
13,2021-08-01 14:40:00,14.604,"norwood.mouth",0.923181818181818,7.14600227272727
13,2021-08-01 14:50:00,14.165,"norwood.mouth",1.12689393939394,6.98729797979798
13,2021-08-01 15:00:00,14.478,"norwood.mouth",0.997314578005115,7.85502301790281
13,2021-08-01 15:15:00,14.353,"norwood.mouth",1.10544217687075,7.65111054421769
13,2021-08-01 15:25:00,14.604,"norwood.mouth",1.01875,8.11584375
13,2021-08-01 15:40:00,14.854,"norwood.mouth",0.974578651685393,8.07093047752809
13,2021-08-01 15:50:00,14.165,"norwood.mouth",1.19854147675479,7.54050592525068
13,2021-08-01 16:00:00,14.353,"norwood.mouth",1.14275862068966,7.92383448275862
13,2021-08-01 16:15:00,14.666,"norwood.mouth",1.03974025974026,8.58578701298701
13,2021-08-01 16:25:00,14.729,"norwood.mouth",1.07381141045959,8.63363728209192
13,2021-08-01 16:40:00,14.353,"norwood.mouth",1.22114485981308,8.1253703271028
13,2021-08-01 16:50:00,14.478,"norwood.mouth",1.17160699417152,8.19696627810158
13,2021-08-01 17:00:00,14.416,"norwood.mouth",1.20131578947368,8.27993421052632
13,2021-08-01 17:15:00,14.416,"norwood.mouth",1.20068610634648,8.49373370497427
13,2021-08-01 17:25:00,14.604,"norwood.mouth",1.13105263157895,8.71011052631579
13,2021-08-01 17:40:00,14.478,"norwood.mouth",1.13551401869159,8.86623987538941
13,2021-08-01 17:50:00,14.541,"norwood.mouth",1.13842857142857,8.76715857142857
13,2021-08-01 18:00:00,14.854,"norwood.mouth",1.06020851433536,8.77963140747176
13,2021-08-01 18:15:00,14.854,"norwood.mouth",1.04324569356301,8.82226835902085
13,2021-08-01 18:25:00,14.604,"norwood.mouth",1.16828358208955,8.99110509950249
13,2021-08-01 18:40:00,14.729,"norwood.mouth",1.11081200353045,9.0691200353045
13,2021-08-01 18:50:00,14.792,"norwood.mouth",1.071388101983,9.19545184135977
13,2021-08-01 19:00:00,14.917,"norwood.mouth",1.00799065420561,8.9780761682243
13,2021-08-01 19:15:00,14.792,"norwood.mouth",1.07552447552448,9.16819755244755
13,2021-08-01 19:25:00,14.729,"norwood.mouth",1.10993870402802,9.22886558669002
13,2021-08-01 19:40:00,14.604,"norwood.mouth",1.17491816693944,8.96002618657938
13,2021-08-01 19:50:00,14.604,"norwood.mouth",1.13209549071618,8.75229840848806
13,2021-08-01 20:00:00,14.604,"norwood.mouth",1.12,8.62735
13,2021-08-01 20:15:00,14.604,"norwood.mouth",1.12136602451839,8.58131260945709
13,2021-08-01 20:25:00,14.792,"norwood.mouth",1.07018683996751,8.59885113728676
13,2021-08-01 20:40:00,14.854,"norwood.mouth",1.01358792184725,8.34910657193606
13,2021-08-01 20:50:00,15.168,"norwood.mouth",0.987748851454824,8.14452092904543
13,2021-08-01 21:00:00,15.481,"norwood.mouth",0.941797820823245,7.9720063559322
13,2021-08-01 21:15:00,14.666,"norwood.mouth",1.07487394957983,7.7267512605042
13,2021-08-01 21:25:00,16.17,"norwood.mouth",0.883088235294117,7.4900955882353
13,2021-08-01 21:40:00,15.168,"norwood.mouth",0.955341340075853,6.82897534766119
13,2021-08-01 21:50:00,15.105,"norwood.mouth",0.955728155339806,6.66248980582524
13,2021-08-01 22:00:00,15.293,"norwood.mouth",0.947811993517018,6.46903295515937
13,2021-08-01 22:15:00,16.045,"norwood.mouth",0.872533632286995,5.87156614349776
13,2021-08-01 22:25:00,15.857,"norwood.mouth",0.875725593667546,5.69816952506596
13,2021-08-01 22:40:00,15.982,"norwood.mouth",0.849819135467535,5.24932664134563
13,2021-08-01 22:50:00,15.857,"norwood.mouth",0.850420168067227,4.79871988795518
13,2021-08-01 23:00:00,15.168,"norwood.mouth",0.9159375,4.8380046875
13,2021-08-01 23:15:00,14.98,"norwood.mouth",0.942010832769127,4.56180230196344
13,2021-08-01 23:25:00,17.047,"norwood.mouth",0.713924592973436,5.30629562982005
13,2021-08-01 23:40:00,14.98,"norwood.mouth",0.908398576512455,3.7885962633452
13,2021-08-01 23:50:00,14.604,"norwood.mouth",0.952308707124011,3.97109201846966
13,2021-08-02,15.356,"norwood.mouth",0.878883183568678,3.81954428754814
13,2021-08-02 00:15:00,15.105,"norwood.mouth",0.904095238095238,3.56260507936508
13,2021-08-02 00:25:00,14.854,"norwood.mouth",0.916884906960717,3.0616783252929
13,2021-08-02 00:40:00,15.042,"norwood.mouth",0.921863799283154,3.05971146953405
13,2021-08-02 00:50:00,14.165,"norwood.mouth",0.995046082949309,2.83582546082949
13,2021-08-02 01:00:00,13.914,"norwood.mouth",1.06732673267327,2.78859570957096
13,2021-08-02 01:15:00,15.168,"norwood.mouth",0.887051372273047,2.37163494018297
13,2021-08-02 01:25:00,14.854,"norwood.mouth",0.91754756871036,2.33876585623679
13,2021-08-02 01:40:00,14.541,"norwood.mouth",0.951175606171932,2.47164658339456
13,2021-08-02 01:50:00,15.982,"norwood.mouth",0.81616362192216,2.57455917394758
13,2021-08-02 02:00:00,15.857,"norwood.mouth",0.800009446438693,2.69373927829208
13,2021-08-02 02:15:00,14.541,"norwood.mouth",0.952673192771084,2.2850374623494
13,2021-08-02 02:25:00,14.854,"norwood.mouth",0.890225563909775,2.14245802005013
13,2021-08-02 02:40:00,14.478,"norwood.mouth",0.927472527472528,1.85843131868132
13,2021-08-02 02:50:00,15.418,"norwood.mouth",0.83600114744693,1.94211493593421
13,2021-08-02 03:00:00,15.794,"norwood.mouth",0.771055545303561,2.63915482561358
13,2021-08-02 03:15:00,15.105,"norwood.mouth",0.852339901477833,1.78253201970443
13,2021-08-02 03:25:00,15.293,"norwood.mouth",0.849299338263916,1.63223900350331
13,2021-08-02 03:40:00,16.42,"norwood.mouth",0.719735282497036,3.02545653891743
13,2021-08-02 03:50:00,15.606,"norwood.mouth",0.791026615969582,2.29328098859316
13,2021-08-02 04:00:00,15.105,"norwood.mouth",0.839513249389213,1.76844559293366
13,2021-08-02 04:15:00,15.794,"norwood.mouth",0.750073855243722,2.58227474150665
13,2021-08-02 04:25:00,15.23,"norwood.mouth",0.834648187633262,1.9169829424307
13,2021-08-02 04:40:00,15.23,"norwood.mouth",0.821178040411742,2.0230228745711
13,2021-08-02 04:50:00,15.168,"norwood.mouth",0.849003189792663,1.91536004784689
13,2021-08-02 05:00:00,15.356,"norwood.mouth",0.813846003517686,2.14142707315484
13,2021-08-02 05:15:00,15.919,"norwood.mouth",0.754984423676012,2.63140758047767
13,2021-08-02 05:25:00,15.293,"norwood.mouth",0.8217417538214,2.10590684499866
13,2021-08-02 05:40:00,15.481,"norwood.mouth",0.785291742378357,2.26233609260381
13,2021-08-02 05:50:00,15.857,"norwood.mouth",0.748463114754098,2.90104730191257
13,2021-08-02 06:00:00,15.606,"norwood.mouth",0.763005100039231,2.69996904014646
13,2021-08-02 06:15:00,15.481,"norwood.mouth",0.771654404454166,2.40112335122954
13,2021-08-02 06:25:00,14.854,"norwood.mouth",0.819833496571988,1.79643650016324
13,2021-08-02 06:40:00,15.731,"norwood.mouth",0.736417091336731,2.78253067424539
13,2021-08-02 06:50:00,15.794,"norwood.mouth",0.729492385786802,2.76958544839256
13,2021-08-02 07:00:00,15.23,"norwood.mouth",0.781076178960097,2.38256952841596
13,2021-08-02 07:15:00,15.418,"norwood.mouth",0.755986261040236,2.5641324828263
13,2021-08-02 07:25:00,15.105,"norwood.mouth",0.791876892028254,2.17796064581231
13,2021-08-02 07:40:00,15.418,"norwood.mouth",0.751435503437121,2.46002304892843
13,2021-08-02 07:50:00,15.042,"norwood.mouth",0.803443748737629,2.07395569918535
13,2021-08-02 08:00:00,15.356,"norwood.mouth",0.761373260738052,2.55624470659407
13,2021-08-02 08:15:00,15.794,"norwood.mouth",0.699368318756074,3.11790249433107
13,2021-08-02 08:25:00,15.418,"norwood.mouth",0.747258903561425,2.90684076964119
13,2021-08-02 08:40:00,15.356,"norwood.mouth",0.759109352809901,2.93360018935551
13,2021-08-02 08:50:00,15.168,"norwood.mouth",0.769418238993711,2.93347707023061
13,2021-08-02 09:00:00,15.23,"norwood.mouth",0.776025139089223,3.17074503743389
13,2021-08-02 09:15:00,14.541,"norwood.mouth",0.812745877210411,2.89068627061395
13,2021-08-02 09:25:00,15.168,"norwood.mouth",0.750197433366239,3.4025315893386
13,2021-08-02 09:40:00,14.917,"norwood.mouth",0.808838735335057,3.83911294491947
13,2021-08-02 09:50:00,14.854,"norwood.mouth",0.793591640466063,3.81745638370014
13,2021-08-02 10:00:00,14.98,"norwood.mouth",0.788527653213752,3.8025346287992
13,2021-08-02 10:15:00,14.854,"norwood.mouth",0.786831611382998,4.11681007189898
13,2021-08-02 10:25:00,14.604,"norwood.mouth",0.822191323692992,3.84105672969967
13,2021-08-02 10:40:00,14.917,"norwood.mouth",0.796786963726754,4.45710832873013
13,2021-08-02 10:50:00,14.854,"norwood.mouth",0.828079746082127,4.55202453216954
13,2021-08-02 11:00:00,14.478,"norwood.mouth",0.86216509775525,4.28766473569877
13,2021-08-02 11:15:00,14.228,"norwood.mouth",0.888500784929356,4.48484693877551
13,2021-08-02 11:25:00,14.165,"norwood.mouth",0.902555647155812,4.70203998351195
13,2021-08-02 11:40:00,14.478,"norwood.mouth",0.877341389728097,4.79914828801611
13,2021-08-02 11:50:00,14.29,"norwood.mouth",0.918466898954704,4.84378397212543
13,2021-08-02 12:00:00,14.353,"norwood.mouth",0.928116343490305,5.04837396121884
13,2021-08-02 12:15:00,14.854,"norwood.mouth",0.886135181975737,5.41487954939341
13,2021-08-02 12:25:00,14.29,"norwood.mouth",0.963819095477387,5.49058291457286
13,2021-08-02 12:40:00,13.977,"norwood.mouth",1.00063051702396,5.50880884825557
13,2021-08-02 12:50:00,14.29,"norwood.mouth",0.962666666666667,5.81431222222222
13,2021-08-02 13:00:00,14.228,"norwood.mouth",0.980324244657332,5.94713743551953
13,2021-08-02 13:15:00,13.914,"norwood.mouth",1.16221985058698,5.61307790821771
13,2021-08-02 13:25:00,14.98,"norwood.mouth",0.920702005730659,7.11336246418338
13,2021-08-02 13:40:00,14.04,"norwood.mouth",1.14255983350676,6.31568088796393
13,2021-08-02 13:50:00,14.228,"norwood.mouth",1.07606589147287,6.54922238372093
13,2021-08-02 14:00:00,14.478,"norwood.mouth",0.998445212240869,7.20523358835143
13,2021-08-02 14:15:00,14.102,"norwood.mouth",1.19768518518519,6.4577924382716
13,2021-08-02 14:25:00,14.165,"norwood.mouth",1.18659420289855,6.67103864734299
13,2021-08-02 14:40:00,14.29,"norwood.mouth",1.14539930555556,7.08462384259259
13,2021-08-02 14:50:00,14.353,"norwood.mouth",1.13333333333333,7.44963888888889
13,2021-08-02 15:00:00,13.977,"norwood.mouth",1.30769230769231,6.70001282051282
13,2021-08-02 15:15:00,14.541,"norwood.mouth",1.09288052373159,7.70875504637207
13,2021-08-02 15:25:00,15.168,"norwood.mouth",0.983098591549296,8.21770422535211
13,2021-08-02 15:40:00,14.792,"norwood.mouth",1.09000684462697,8.3933716062058
13,2021-08-02 15:50:00,15.168,"norwood.mouth",0.990767973856209,8.94185920479303
13,2021-08-02 16:00:00,14.792,"norwood.mouth",1.06343612334802,8.53220704845815
13,2021-08-02 16:15:00,14.729,"norwood.mouth",1.08647324792766,8.41542727957799
13,2021-08-02 16:25:00,14.917,"norwood.mouth",1.04967602591793,8.7373128149748
13,2021-08-02 16:40:00,14.478,"norwood.mouth",1.18924927113703,8.46893367346939
13,2021-08-02 16:50:00,14.666,"norwood.mouth",1.12014051522248,8.51844906323185
13,2021-08-02 17:00:00,14.792,"norwood.mouth",1.05320197044335,8.85012068965517
13,2021-08-02 17:15:00,14.854,"norwood.mouth",1.05521912350598,9.00560458167331
13,2021-08-02 17:25:00,14.666,"norwood.mouth",1.12852112676056,9.06140610328638
13,2021-08-02 17:40:00,14.604,"norwood.mouth",1.1666017147311,8.94361262665627
13,2021-08-02 17:50:00,14.729,"norwood.mouth",1.15976696367375,9.03086154900617
13,2021-08-02 18:00:00,14.854,"norwood.mouth",1.11209386281588,9.19217689530686
13,2021-08-02 18:15:00,15.168,"norwood.mouth",1.05181998676373,9.31767852415619
13,2021-08-02 18:25:00,14.792,"norwood.mouth",1.16293614219882,9.18841310072416
13,2021-08-02 18:40:00,14.792,"norwood.mouth",1.13677715091678,9.27953667136812
13,2021-08-02 18:50:00,14.604,"norwood.mouth",1.196294881589,9.20232658517953
13,2021-08-02 19:00:00,14.666,"norwood.mouth",1.20705716302047,9.00161750176429
13,2021-08-02 19:15:00,14.478,"norwood.mouth",1.25384615384615,9.02513461538462
13,2021-08-02 19:25:00,14.541,"norwood.mouth",1.22190889370933,9.05712906724512
13,2021-08-02 19:40:00,14.666,"norwood.mouth",1.1390389197776,9.10938204924543
13,2021-08-02 19:50:00,14.478,"norwood.mouth",1.18506825938567,8.94267107508532
13,2021-08-02 20:00:00,14.604,"norwood.mouth",1.1253355704698,8.8753355704698
13,2021-08-02 20:15:00,14.604,"norwood.mouth",1.14281225451689,8.76359760408484
13,2021-08-02 20:25:00,14.729,"norwood.mouth",1.059377593361,8.70172157676349
13,2021-08-02 20:40:00,14.604,"norwood.mouth",1.11435643564356,8.51052475247525
13,2021-08-02 20:50:00,14.604,"norwood.mouth",1.08231233822261,8.22275194132873
13,2021-08-02 21:00:00,15.168,"norwood.mouth",0.987532467532467,8.06222142857143
13,2021-08-02 21:15:00,15.543,"norwood.mouth",0.951769128704113,8.02136620964175
13,2021-08-02 21:25:00,15.105,"norwood.mouth",0.979278202676864,7.55780102772466
13,2021-08-02 21:40:00,15.669,"norwood.mouth",0.931395939086294,7.15618604060914
13,2021-08-02 21:50:00,14.854,"norwood.mouth",0.986465603190429,7.08098878364905
13,2021-08-02 22:00:00,14.604,"norwood.mouth",1.04312039312039,6.7029484029484
13,2021-08-02 22:15:00,15.168,"norwood.mouth",0.961372334609076,6.44897512301804
13,2021-08-02 22:25:00,14.917,"norwood.mouth",0.974225122349103,6.12855342577488
13,2021-08-02 22:40:00,14.917,"norwood.mouth",0.977682926829268,5.95885670731707
13,2021-08-02 22:50:00,14.416,"norwood.mouth",1.06176470588235,5.69317647058824
13,2021-08-02 23:00:00,14.416,"norwood.mouth",1.06083123425693,5.29012972292191
13,2021-08-02 23:15:00,14.228,"norwood.mouth",1.11166529266282,4.96852926628195
13,2021-08-02 23:25:00,15.23,"norwood.mouth",0.926791181873852,4.64929638701776
13,2021-08-02 23:40:00,14.541,"norwood.mouth",0.990024630541872,4.38392179802956
13,2021-08-02 23:50:00,14.29,"norwood.mouth",1.04640381282496,4.2964646880416
13,2021-08-03,14.29,"norwood.mouth",1.02842526690392,3.94459141459075
13,2021-08-03 00:15:00,14.416,"norwood.mouth",0.988468578401464,3.93469524100061
13,2021-08-03 00:25:00,14.541,"norwood.mouth",0.97314371257485,3.75223128742515
13,2021-08-03 00:40:00,14.604,"norwood.mouth",0.964393442622951,3.64284852459016
13,2021-08-03 00:50:00,14.29,"norwood.mouth",0.988542329726289,3.38238892425207
13,2021-08-03 01:00:00,15.042,"norwood.mouth",0.916370808678501,2.919313773833
13,2021-08-03 01:15:00,14.04,"norwood.mouth",1.03537871524449,2.68725071907958
13,2021-08-03 01:25:00,14.729,"norwood.mouth",0.948871951219512,2.73478567073171
13,2021-08-03 01:40:00,14.165,"norwood.mouth",0.993291054739653,2.58944809746328
13,2021-08-03 01:50:00,14.29,"norwood.mouth",0.97444996451384,2.51547391767211
13,2021-08-03 02:00:00,14.541,"norwood.mouth",0.962974051896208,2.66759214903526
13,2021-08-03 02:15:00,14.416,"norwood.mouth",0.967705882352941,2.54797911764706
13,2021-08-03 02:25:00,15.731,"norwood.mouth",0.821322357939458,2.64427881040892
13,2021-08-03 02:40:00,14.478,"norwood.mouth",0.961253196930946,2.50327109974425
13,2021-08-03 02:50:00,15.481,"norwood.mouth",0.847211227060093,2.45727162048699
13,2021-08-03 03:00:00,15.105,"norwood.mouth",0.887241379310345,2.42840689655172
13,2021-08-03 03:15:00,15.857,"norwood.mouth",0.811481481481482,2.69728641975309
13,2021-08-03 03:25:00,16.233,"norwood.mouth",0.781882419446015,2.92176766534766
13,2021-08-03 03:40:00,15.857,"norwood.mouth",0.814015867019267,2.89763184737438
13,2021-08-03 03:50:00,15.982,"norwood.mouth",0.76921858500528,2.96287328405491
13,2021-08-03 04:00:00,15.731,"norwood.mouth",0.808265435451747,2.57922080391092
13,2021-08-03 04:15:00,15.731,"norwood.mouth",0.811703717541565,2.52007148639392
13,2021-08-03 04:25:00,15.919,"norwood.mouth",0.770832592065469,3.10702686354741
13,2021-08-03 04:40:00,15.418,"norwood.mouth",0.810381775616784,2.66851065490125
13,2021-08-03 04:50:00,15.982,"norwood.mouth",0.761450795947902,3.04735027737578
13,2021-08-03 05:00:00,15.731,"norwood.mouth",0.800165144744511,2.65315407033223
13,2021-08-03 05:15:00,15.919,"norwood.mouth",0.765601503759399,2.83705733082707
13,2021-08-03 05:25:00,15.418,"norwood.mouth",0.815031020868584,2.42033145328069
13,2021-08-03 05:40:00,15.982,"norwood.mouth",0.75401743414819,2.98241642978965
13,2021-08-03 05:50:00,15.919,"norwood.mouth",0.764307721933372,2.8422461647089
13,2021-08-03 06:00:00,15.606,"norwood.mouth",0.803143893591294,2.60280320435308
13,2021-08-03 06:15:00,14.917,"norwood.mouth",0.839751098096633,2.01455344070278
13,2021-08-03 06:25:00,15.293,"norwood.mouth",0.809410646387833,2.25730624207858
13,2021-08-03 06:40:00,15.356,"norwood.mouth",0.779210814760687,2.4235787053952
13,2021-08-03 06:50:00,15.543,"norwood.mouth",0.781538461538462,2.67927435897436
13,2021-08-03 07:00:00,15.168,"norwood.mouth",0.811922117782467,2.57747077818275
13,2021-08-03 07:15:00,15.105,"norwood.mouth",0.799121184088807,2.43026210299106
13,2021-08-03 07:25:00,15.23,"norwood.mouth",0.795897290126966,2.47730588718337
13,2021-08-03 07:40:00,15.105,"norwood.mouth",0.842217898832685,2.30926977950713
13,2021-08-03 07:50:00,15.356,"norwood.mouth",0.772571942446043,2.75542670863309
13,2021-08-03 08:00:00,15.481,"norwood.mouth",0.760962715637173,2.72558430717863
13,2021-08-03 08:15:00,15.168,"norwood.mouth",0.783487940630798,2.65312152133581
13,2021-08-03 08:25:00,15.606,"norwood.mouth",0.740531471068384,3.00199053751738
13,2021-08-03 08:40:00,14.917,"norwood.mouth",0.799305060584462,2.57104707175101
13,2021-08-03 08:50:00,15.794,"norwood.mouth",0.722686386438332,3.39440275615522
13,2021-08-03 09:00:00,14.98,"norwood.mouth",0.794629402488172,2.92405554582092
13,2021-08-03 09:15:00,15.481,"norwood.mouth",0.762302725968436,3.45842360114778
13,2021-08-03 09:25:00,14.917,"norwood.mouth",0.804160662824208,3.31208699567723
13,2021-08-03 09:40:00,15.105,"norwood.mouth",0.791897654584222,3.80861567164179
13,2021-08-03 09:50:00,14.729,"norwood.mouth",0.820827439886846,3.59222241867044
13,2021-08-03 10:00:00,14.854,"norwood.mouth",0.833741322616003,3.85371635610766
13,2021-08-03 10:15:00,14.854,"norwood.mouth",0.830143755615454,4.32899356094639
13,2021-08-03 10:25:00,14.729,"norwood.mouth",0.831903727832067,4.57355495234648
13,2021-08-03 10:40:00,14.541,"norwood.mouth",0.857894736842105,4.49675
13,2021-08-03 10:50:00,14.478,"norwood.mouth",0.887660028449502,4.82166696301565
13,2021-08-03 11:00:00,14.541,"norwood.mouth",0.870257966616085,4.96022647951442
13,2021-08-03 11:15:00,14.29,"norwood.mouth",0.920114170584285,4.97414170584285
13,2021-08-03 11:25:00,14.228,"norwood.mouth",0.933355048859935,5.22149739413681
13,2021-08-03 11:40:00,14.29,"norwood.mouth",0.948708815672306,5.10141674087266
13,2021-08-03 11:50:00,13.977,"norwood.mouth",0.997071307300509,5.03377780135823
13,2021-08-03 12:00:00,14.04,"norwood.mouth",0.985539568345324,5.41244316546763
13,2021-08-03 12:15:00,14.228,"norwood.mouth",0.953095487932844,5.48405456453305
13,2021-08-03 12:25:00,14.165,"norwood.mouth",0.972114537444934,5.6914281938326
13,2021-08-03 12:40:00,14.666,"norwood.mouth",0.899317073170732,6.0001843902439
13,2021-08-03 12:50:00,14.04,"norwood.mouth",0.998172323759791,5.72446997389034
13,2021-08-03 13:00:00,14.416,"norwood.mouth",0.95529315960912,6.07283876221498
13,2021-08-03 13:15:00,13.977,"norwood.mouth",1.07193816884661,5.86020114942529
13,2021-08-03 13:25:00,13.914,"norwood.mouth",1.13114754098361,5.88249180327869
13,2021-08-03 13:40:00,14.04,"norwood.mouth",1.05331599479844,6.63301376246207
13,2021-08-03 13:50:00,14.228,"norwood.mouth",0.997017543859649,7.06392397660819
13,2021-08-03 14:00:00,14.228,"norwood.mouth",0.998917748917749,7.03680663780664
13,2021-08-03 14:15:00,14.416,"norwood.mouth",0.975799418604651,7.18691024709302
13,2021-08-03 14:25:00,14.228,"norwood.mouth",1.07104700854701,7.23254754273504
13,2021-08-03 14:40:00,14.04,"norwood.mouth",1.1796875,7.31434895833333
13,2021-08-03 14:50:00,13.977,"norwood.mouth",1.25,7.02533333333333
13,2021-08-03 15:00:00,14.29,"norwood.mouth",1.1165780141844,7.81763770685579
13,2021-08-03 15:15:00,14.102,"norwood.mouth",1.19338768115942,7.59951343599034
13,2021-08-03 15:25:00,14.04,"norwood.mouth",1.25390625,7.37302604166667
13,2021-08-03 15:40:00,14.29,"norwood.mouth",1.15581597222222,7.91412311921296
13,2021-08-03 15:50:00,14.102,"norwood.mouth",1.24791666666667,7.81934027777778
13,2021-08-03 16:00:00,14.165,"norwood.mouth",1.23712183156173,8.13711985554647
13,2021-08-03 16:15:00,14.353,"norwood.mouth",1.17283464566929,8.51762467191601
13,2021-08-03 16:25:00,14.29,"norwood.mouth",1.21251931993818,8.32289309634209
13,2021-08-03 16:40:00,14.165,"norwood.mouth",1.27086677367576,8.31967576243981
13,2021-08-03 16:50:00,14.228,"norwood.mouth",1.26378539493294,8.50023546944858
13,2021-08-03 17:00:00,14.165,"norwood.mouth",1.23493506493507,8.48965194805195
13,2021-08-03 17:15:00,14.29,"norwood.mouth",1.22686230248307,8.65493340857788
13,2021-08-03 17:25:00,14.604,"norwood.mouth",1.16010204081633,9.18084642857143
13,2021-08-03 17:40:00,14.416,"norwood.mouth",1.21114649681529,9.20720700636943
13,2021-08-03 17:50:00,14.416,"norwood.mouth",1.21114649681529,9.25398089171975
13,2021-08-03 18:00:00,14.353,"norwood.mouth",1.22785660941001,9.21705190440627
13,2021-08-03 18:15:00,14.228,"norwood.mouth",1.27728873239437,9.08128169014084
13,2021-08-03 18:25:00,14.353,"norwood.mouth",1.23919206236712,9.1836947200567
13,2021-08-03 18:40:00,14.29,"norwood.mouth",1.27288192128085,9.14198999332889
13,2021-08-03 18:50:00,14.353,"norwood.mouth",1.24748449345279,9.19108959338387
13,2021-08-03 19:00:00,14.29,"norwood.mouth",1.23928571428571,9.18964285714286
13,2021-08-03 19:15:00,14.353,"norwood.mouth",1.24120498614958,9.11166828254848
13,2021-08-03 19:25:00,14.29,"norwood.mouth",1.25922229869236,9.01457260839642
13,2021-08-03 19:40:00,14.353,"norwood.mouth",1.24181818181818,8.94032272727273
13,2021-08-03 19:50:00,14.29,"norwood.mouth",1.24076005961252,8.93484947839046
13,2021-08-03 20:00:00,14.353,"norwood.mouth",1.2369387755102,8.82647755102041
13,2021-08-03 20:15:00,14.228,"norwood.mouth",1.2683564231738,8.64239672544081
13,2021-08-03 20:25:00,14.29,"norwood.mouth",1.22533632286996,8.58134977578475
13,2021-08-03 20:40:00,14.228,"norwood.mouth",1.2537773359841,8.35823856858847
13,2021-08-03 20:50:00,14.102,"norwood.mouth",1.27117052023121,8.06977095375723
13,2021-08-03 21:00:00,14.29,"norwood.mouth",1.22190934065934,7.96836401098901
13,2021-08-03 21:15:00,14.353,"norwood.mouth",1.17071269487751,7.76825389755011
13,2021-08-03 21:25:00,14.604,"norwood.mouth",1.07151424287856,7.5824167916042
13,2021-08-03 21:40:00,14.353,"norwood.mouth",1.14977255496588,7.14913191811979
13,2021-08-03 21:50:00,14.416,"norwood.mouth",1.11759465478842,6.83106291759465
13,2021-08-03 22:00:00,14.854,"norwood.mouth",0.989182361047313,6.67775608635737
13,2021-08-03 22:15:00,14.666,"norwood.mouth",1.00244755244755,6.37431468531469
13,2021-08-03 22:25:00,14.604,"norwood.mouth",0.999775112443778,5.9599940029985
13,2021-08-03 22:40:00,14.729,"norwood.mouth",0.993830334190231,5.75800835475578
13,2021-08-03 22:50:00,14.666,"norwood.mouth",0.987356020942408,5.3594942408377
13,2021-08-03 23:00:00,15.23,"norwood.mouth",0.946210873146623,5.12058319604613
13,2021-08-03 23:15:00,14.541,"norwood.mouth",0.999094567404426,4.69501307847082
13,2021-08-03 23:25:00,14.854,"norwood.mouth",0.978417782026769,4.7341904875717
13,2021-08-03 23:40:00,14.792,"norwood.mouth",0.974297520661157,4.33014049586777
13,2021-08-03 23:50:00,14.917,"norwood.mouth",0.965884194053208,4.21732498695879
13,2021-08-04,14.478,"norwood.mouth",0.988610662358643,4.19366558966074
13,2021-08-04 00:15:00,15.042,"norwood.mouth",0.950045745654163,3.8824741537054
13,2021-08-04 00:25:00,14.165,"norwood.mouth",1.07901037509976,3.70958579409417
13,2021-08-04 00:40:00,14.228,"norwood.mouth",1.03331973898858,3.33494956498097
13,2021-08-04 00:50:00,15.168,"norwood.mouth",0.923251748251748,3.07657604895105
13,2021-08-04 01:00:00,14.165,"norwood.mouth",0.996057457212714,2.97307075183374
13,2021-08-04 01:15:00,14.666,"norwood.mouth",0.958244111349036,3.08246199143469
13,2021-08-04 01:25:00,14.98,"norwood.mouth",0.937372262773723,3.17506678832117
13,2021-08-04 01:40:00,15.857,"norwood.mouth",0.85716391509434,2.80769280660377
13,2021-08-04 01:50:00,15.105,"norwood.mouth",0.916362126245847,2.89174750830565
13,2021-08-04 02:00:00,14.541,"norwood.mouth",0.968962632459565,2.57246848856665
13,2021-08-04 02:15:00,15.857,"norwood.mouth",0.832472968259505,2.94330589466341
13,2021-08-04 02:25:00,14.854,"norwood.mouth",0.926463414634146,2.5171762195122
13,2021-08-04 02:40:00,15.23,"norwood.mouth",0.881728880157171,2.27363179436804
13,2021-08-04 02:50:00,15.418,"norwood.mouth",0.886706456863809,2.47033084644601
13,2021-08-04 03:00:00,15.606,"norwood.mouth",0.835119559607776,2.54336768163312
13,2021-08-04 03:15:00,15.731,"norwood.mouth",0.823197136371573,2.55935018334206
13,2021-08-04 03:25:00,15.669,"norwood.mouth",0.838207128923568,2.25165933676184
13,2021-08-04 03:40:00,15.794,"norwood.mouth",0.811893161649556,2.42856429441448
13,2021-08-04 03:50:00,15.919,"norwood.mouth",0.80319225251076,2.44673134863702
13,2021-08-04 04:00:00,15.606,"norwood.mouth",0.819276476756379,2.51502936036351
13,2021-08-04 04:15:00,15.731,"norwood.mouth",0.802307422354799,2.63052026671346
13,2021-08-04 04:25:00,15.919,"norwood.mouth",0.808501652589056,2.66683106867426
13,2021-08-04 04:40:00,15.794,"norwood.mouth",0.800969729925684,2.97617156063078
13,2021-08-04 04:50:00,15.919,"norwood.mouth",0.802050945870013,2.9460026222139
13,2021-08-04 05:00:00,15.418,"norwood.mouth",0.84025069637883,2.56975951717734
13,2021-08-04 05:15:00,15.481,"norwood.mouth",0.815213442325159,2.47569921283681
13,2021-08-04 05:25:00,15.606,"norwood.mouth",0.80121721079449,2.41399547084355
13,2021-08-04 05:40:00,15.982,"norwood.mouth",0.760185185185185,2.91488888888889
13,2021-08-04 05:50:00,15.481,"norwood.mouth",0.803510617945284,2.50114999043428
13,2021-08-04 06:00:00,15.857,"norwood.mouth",0.759559244419004,2.75915092539592
13,2021-08-04 06:15:00,15.418,"norwood.mouth",0.808971871968962,2.58154122211445
13,2021-08-04 06:25:00,15.606,"norwood.mouth",0.786335701939696,2.77714720568466
13,2021-08-04 06:40:00,15.293,"norwood.mouth",0.799610931865629,2.56238944771304
13,2021-08-04 06:50:00,15.418,"norwood.mouth",0.78905425772419,2.57548364104496
13,2021-08-04 07:00:00,15.168,"norwood.mouth",0.833747044917258,2.44037352245863
13,2021-08-04 07:15:00,15.168,"norwood.mouth",0.81112600536193,2.23103172475424
13,2021-08-04 07:25:00,15.23,"norwood.mouth",0.803499520613614,2.25077165228508
13,2021-08-04 07:40:00,15.293,"norwood.mouth",0.792630685034912,2.51207341007737
13,2021-08-04 07:50:00,15.481,"norwood.mouth",0.779867342957472,2.62869911561972
13,2021-08-04 08:00:00,15.105,"norwood.mouth",0.794610498785728,2.78571421010026
13,2021-08-04 08:15:00,14.917,"norwood.mouth",0.808615500376223,2.55721494858289
13,2021-08-04 08:25:00,15.293,"norwood.mouth",0.778173076923077,2.80939567307692
13,2021-08-04 08:40:00,14.792,"norwood.mouth",0.807158753709199,2.65658939169139
13,2021-08-04 08:50:00,14.98,"norwood.mouth",0.786246550137994,2.7568100275989
13,2021-08-04 09:00:00,14.917,"norwood.mouth",0.808302308265078,2.89498684537106
13,2021-08-04 09:15:00,14.604,"norwood.mouth",0.824591988130564,2.84688297477745
13,2021-08-04 09:25:00,14.666,"norwood.mouth",0.845126705653021,2.96772742040286
13,2021-08-04 09:40:00,14.29,"norwood.mouth",0.863105413105413,3.36363627730294
13,2021-08-04 09:50:00,14.228,"norwood.mouth",0.892292332268371,3.43926677316294
13,2021-08-04 10:00:00,14.29,"norwood.mouth",0.878505747126437,3.72203601532567
13,2021-08-04 10:15:00,14.353,"norwood.mouth",0.857320319432121,4.02886379769299
13,2021-08-04 10:25:00,14.729,"norwood.mouth",0.845611410333134,4.37712148414123
13,2021-08-04 10:40:00,14.102,"norwood.mouth",0.913973966309341,4.21306068147014
13,2021-08-04 10:50:00,14.04,"norwood.mouth",0.931918819188192,4.29343911439114
13,2021-08-04 11:00:00,14.102,"norwood.mouth",0.91615671641791,4.57206156716418
13,2021-08-04 11:15:00,14.165,"norwood.mouth",0.910465901417961,4.4193141458474
13,2021-08-04 11:25:00,14.102,"norwood.mouth",0.903809931506849,4.49601241438356
13,2021-08-04 11:40:00,13.664,"norwood.mouth",1.02596053997923,3.44351211491866
13,2021-08-04 11:50:00,12.974,"norwood.mouth",1.19485903814262,3.00548244886678
13,2021-08-04 12:00:00,12.912,"norwood.mouth",1.47635524798155,3.102
13,2021-08-04 12:15:00,12.974,"norwood.mouth",1.48549323017408,3.134
13,2021-08-04 12:25:00,13.162,"norwood.mouth",1.41584158415842,3.50077475247525
13,2021-08-04 12:40:00,13.35,"norwood.mouth",1.36034115138593,4.04833919687278
13,2021-08-04 12:50:00,13.35,"norwood.mouth",1.38335158817087,4.01882429718875
13,2021-08-04 13:00:00,13.35,"norwood.mouth",1.41415192507804,4.15715582726327
13,2021-08-04 13:15:00,13.288,"norwood.mouth",1.45014520813166,4.169
13,2021-08-04 13:25:00,13.476,"norwood.mouth",1.38605619146722,4.66835718002081
13,2021-08-04 13:40:00,13.476,"norwood.mouth",1.40875133404482,4.70691924581999
13,2021-08-04 13:50:00,13.601,"norwood.mouth",1.35848074921956,5.03263952480056
13,2021-08-04 14:00:00,13.852,"norwood.mouth",1.23986856516977,5.59867579408543
13,2021-08-04 14:15:00,14.04,"norwood.mouth",1.22146739130435,6.0102839673913
13,2021-08-04 14:25:00,13.977,"norwood.mouth",1.1875,6.5194375
13,2021-08-04 14:40:00,14.102,"norwood.mouth",1.19991134751773,6.74533791371158
13,2021-08-04 14:50:00,14.29,"norwood.mouth",1.10824275362319,7.31471708937198
13,2021-08-04 15:00:00,14.165,"norwood.mouth",1.19166666666667,7.17422222222222
13,2021-08-04 15:15:00,14.228,"norwood.mouth",1.17230902777778,7.43708000578703
13,2021-08-04 15:25:00,14.29,"norwood.mouth",1.16958333333333,7.69425347222222
13,2021-08-04 15:40:00,14.416,"norwood.mouth",1.14991482112436,8.33198906871096
13,2021-08-04 15:50:00,14.353,"norwood.mouth",1.1932387312187,7.93444796883695
13,2021-08-04 16:00:00,14.416,"norwood.mouth",1.19527559055118,8.08167585301837
13,2021-08-04 16:15:00,14.416,"norwood.mouth",1.190800681431,8.49302853492334
13,2021-08-04 16:25:00,14.478,"norwood.mouth",1.201062215478,8.43866717248356
13,2021-08-04 16:40:00,14.353,"norwood.mouth",1.25309119010819,8.37549871200412
13,2021-08-04 16:50:00,14.604,"norwood.mouth",1.16511987625677,8.90552294405775
13,2021-08-04 17:00:00,14.478,"norwood.mouth",1.20116861435726,8.62994963828603
13,2021-08-04 17:15:00,14.604,"norwood.mouth",1.15548281505728,8.85693535188216
13,2021-08-04 17:25:00,14.541,"norwood.mouth",1.18739967897271,8.90117763509898
13,2021-08-04 17:40:00,14.541,"norwood.mouth",1.21465201465201,9.05913522588523
13,2021-08-04 17:50:00,14.541,"norwood.mouth",1.19876256767208,9.279375161124
13,2021-08-04 18:00:00,14.541,"norwood.mouth",1.21958243340533,9.23294852411807
13,2021-08-04 18:15:00,14.541,"norwood.mouth",1.21465201465201,9.32298809523809
13,2021-08-04 18:25:00,14.604,"norwood.mouth",1.18033409263478,9.32849082510757
13,2021-08-04 18:40:00,14.854,"norwood.mouth",1.07772621809745,9.65285266821346
13,2021-08-04 18:50:00,14.666,"norwood.mouth",1.14768413059985,9.57906548974943
13,2021-08-04 19:00:00,14.604,"norwood.mouth",1.17399267399267,9.52026007326007
13,2021-08-04 19:15:00,14.666,"norwood.mouth",1.16312809624912,9.46716678461901
13,2021-08-04 19:25:00,14.792,"norwood.mouth",1.10512820512821,9.45909401709402
13,2021-08-04 19:40:00,14.729,"norwood.mouth",1.11941391941392,9.42318528693529
13,2021-08-04 19:50:00,14.854,"norwood.mouth",1.0866388308977,9.25280862908838
13,2021-08-04 20:00:00,14.604,"norwood.mouth",1.17609427609428,8.95266077441077
13,2021-08-04 20:15:00,14.416,"norwood.mouth",1.18582677165354,8.82813320209974
13,2021-08-04 20:25:00,14.541,"norwood.mouth",1.16513437057991,8.72467845355964
13,2021-08-04 20:40:00,14.29,"norwood.mouth",1.2410071942446,8.38514988009592
13,2021-08-04 20:50:00,14.228,"norwood.mouth",1.25884016973126,8.18294448373409
13,2021-08-04 21:00:00,15.042,"norwood.mouth",0.996384039900249,8.26521197007481
13,2021-08-04 21:15:00,15.731,"norwood.mouth",0.938584183673469,7.81057238520408
13,2021-08-04 21:25:00,15.168,"norwood.mouth",0.973130317957904,7.48079825347067
13,2021-08-04 21:40:00,15.606,"norwood.mouth",0.933324962330487,7.17769387242592
13,2021-08-04 21:50:00,15.794,"norwood.mouth",0.917078825347759,6.8593410613086
13,2021-08-04 22:00:00,14.541,"norwood.mouth",1.05909090909091,6.72140909090909
13,2021-08-04 22:15:00,14.416,"norwood.mouth",1.02881205673759,6.46255644208038
13,2021-08-04 22:25:00,14.792,"norwood.mouth",0.979132331555987,6.18772418807562
13,2021-08-04 22:40:00,15.042,"norwood.mouth",0.956451612903226,5.49882258064516
13,2021-08-04 22:50:00,15.23,"norwood.mouth",0.929988629903354,5.21312279704378
13,2021-08-04 23:00:00,15.042,"norwood.mouth",0.954391891891892,5.10659459459459
13,2021-08-04 23:15:00,14.98,"norwood.mouth",0.953167808219178,4.61396418378995
13,2021-08-04 23:25:00,14.604,"norwood.mouth",0.982783990582696,4.61567039434962
13,2021-08-04 23:40:00,14.917,"norwood.mouth",0.962226847034339,4.78889386056191
13,2021-08-04 23:50:00,15.731,"norwood.mouth",0.877818853974122,4.29833086876155
13,2021-08-05,14.917,"norwood.mouth",0.947381703470032,4.05797902208202
13,2021-08-05 00:15:00,16.42,"norwood.mouth",0.80209478021978,3.89104893543956
13,2021-08-05 00:25:00,15.356,"norwood.mouth",0.912876254180602,3.7773734671126
13,2021-08-05 00:40:00,17.422,"norwood.mouth",0.716923076923077,4.74523717948718
13,2021-08-05 00:50:00,14.729,"norwood.mouth",0.964469178082192,3.37201512557078
13,2021-08-05 01:00:00,14.666,"norwood.mouth",0.975724181360202,3.35227755037783
13,2021-08-05 01:15:00,14.29,"norwood.mouth",1.0412907702984,3.30721934998843
13,2021-08-05 01:25:00,14.792,"norwood.mouth",0.965139563106796,3.17963865291262
13,2021-08-05 01:40:00,14.478,"norwood.mouth",0.981544502617801,2.9436969895288
13,2021-08-05 01:50:00,16.233,"norwood.mouth",0.793388357949609,3.49285664639444
13,2021-08-05 02:00:00,15.669,"norwood.mouth",0.868354800936768,2.92624004683841
13,2021-08-05 02:15:00,15.356,"norwood.mouth",0.881128640776699,2.88321753640777
13,2021-08-05 02:25:00,14.854,"norwood.mouth",0.921576763485477,2.61510477178423
13,2021-08-05 02:40:00,14.98,"norwood.mouth",0.890260736196319,2.54808512269939
13,2021-08-05 02:50:00,15.857,"norwood.mouth",0.826708905943245,2.78550508656077
13,2021-08-05 03:00:00,15.418,"norwood.mouth",0.862068965517241,2.66927586206897
13,2021-08-05 03:15:00,15.418,"norwood.mouth",0.850592885375494,2.54995256916996
13,2021-08-05 03:25:00,15.418,"norwood.mouth",0.837417105934365,2.31594473728958
13,2021-08-05 03:40:00,15.543,"norwood.mouth",0.829392998792895,2.53598778525033
13,2021-08-05 03:50:00,15.606,"norwood.mouth",0.83170408343645,2.41951617465088
13,2021-08-05 04:00:00,15.606,"norwood.mouth",0.858692185007975,2.50350013290803
13,2021-08-05 04:15:00,16.17,"norwood.mouth",0.774088359046283,2.91759426133707
13,2021-08-05 04:25:00,16.107,"norwood.mouth",0.799435080570476,2.76771235413965
13,2021-08-05 04:40:00,15.606,"norwood.mouth",0.844943820224719,2.45185112359551
13,2021-08-05 04:50:00,15.731,"norwood.mouth",0.804383780899876,2.72391321358705
13,2021-08-05 05:00:00,15.669,"norwood.mouth",0.828607618690186,2.4099031713267
13,2021-08-05 05:15:00,15.481,"norwood.mouth",0.823185265438786,2.50656771397616
13,2021-08-05 05:25:00,15.669,"norwood.mouth",0.808486745213549,2.5953653964163
13,2021-08-05 05:40:00,16.045,"norwood.mouth",0.776243093922652,2.73175828729282
13,2021-08-05 05:50:00,15.293,"norwood.mouth",0.851122448979592,2.22344268707483
13,2021-08-05 06:00:00,15.481,"norwood.mouth",0.818104551270334,2.52320063364406
13,2021-08-05 06:15:00,15.543,"norwood.mouth",0.819000381533766,2.42790185043876
13,2021-08-05 06:25:00,14.04,"norwood.mouth",0.964632701421801,2.15056901658768
13,2021-08-05 06:40:00,15.606,"norwood.mouth",0.819421976721247,2.71387216413494
13,2021-08-05 06:50:00,15.794,"norwood.mouth",0.787773966075853,2.77295753128772
13,2021-08-05 07:00:00,15.669,"norwood.mouth",0.797468234401669,2.65744718376636
13,2021-08-05 07:15:00,15.794,"norwood.mouth",0.784955500852111,2.80722325317175
13,2021-08-05 07:25:00,16.358,"norwood.mouth",0.707987627365357,3.28013473435226
13,2021-08-05 07:40:00,15.356,"norwood.mouth",0.80063900722356,2.49479610421683
13,2021-08-05 07:50:00,15.857,"norwood.mouth",0.743526866209881,2.87097926433465
13,2021-08-05 08:00:00,15.105,"norwood.mouth",0.803886103151862,2.44174707497612
13,2021-08-05 08:15:00,15.794,"norwood.mouth",0.751620591039085,3.01855386081983
13,2021-08-05 08:25:00,15.543,"norwood.mouth",0.762808783165599,2.85790423909729
13,2021-08-05 08:40:00,15.23,"norwood.mouth",0.800018932222643,2.77318591442635
13,2021-08-05 08:50:00,15.481,"norwood.mouth",0.764163480793737,3.10466363250197
13,2021-08-05 09:00:00,15.23,"norwood.mouth",0.816108149276466,3.47531188118812
13,2021-08-05 09:15:00,14.854,"norwood.mouth",0.838907689415304,3.21116212320612
13,2021-08-05 09:25:00,14.729,"norwood.mouth",0.842659356996841,3.47807219847612
13,2021-08-05 09:40:00,14.98,"norwood.mouth",0.822409277964834,3.59721405412146
13,2021-08-05 09:50:00,14.917,"norwood.mouth",0.826591760299625,3.73639794007491
13,2021-08-05 10:00:00,14.478,"norwood.mouth",0.846119245016758,3.37261157170577
13,2021-08-05 10:15:00,14.478,"norwood.mouth",0.874393530997305,4.25515700808625
13,2021-08-05 10:25:00,14.604,"norwood.mouth",0.875249807840123,4.79780303612606
13,2021-08-05 10:40:00,14.416,"norwood.mouth",0.900875963559916,4.91187175893483
13,2021-08-05 10:50:00,14.541,"norwood.mouth",0.870206022187005,4.88471553090333
13,2021-08-05 11:00:00,14.478,"norwood.mouth",0.898030634573304,5.26855707512764
13,2021-08-05 11:15:00,14.353,"norwood.mouth",0.899784017278618,5.29125881929446
13,2021-08-05 11:25:00,14.102,"norwood.mouth",0.937332053742802,5.29143666026871
13,2021-08-05 11:40:00,14.228,"norwood.mouth",0.918338983050847,5.21321966101695
13,2021-08-05 11:50:00,13.852,"norwood.mouth",0.968504155124654,5.89572770083102
13,2021-08-05 12:00:00,14.604,"norwood.mouth",0.907946635730859,6.55852175174014
13,2021-08-05 12:15:00,14.228,"norwood.mouth",0.933186119873817,6.09972413249211
13,2021-08-05 12:25:00,14.165,"norwood.mouth",0.942400744416873,6.47028753101737
13,2021-08-05 12:40:00,13.726,"norwood.mouth",0.98743961352657,6.3928156199678
13,2021-08-05 12:50:00,13.538,"norwood.mouth",0.998892988929889,6.77715405904059
13,2021-08-05 13:00:00,13.726,"norwood.mouth",0.982403680276021,6.5448437320299
13,2021-08-05 13:15:00,13.538,"norwood.mouth",0.996735668789809,6.57775902335456
13,2021-08-05 13:25:00,13.664,"norwood.mouth",0.991120906801008,6.48810894206549
13,2021-08-05 13:40:00,13.726,"norwood.mouth",0.987058823529412,7.27006274509804
13,2021-08-05 13:50:00,13.664,"norwood.mouth",1.00112233445567,7.20031836887392
13,2021-08-05 14:00:00,15.105,"norwood.mouth",0.862279151943463,7.54914193168433
13,2021-08-05 14:15:00,13.726,"norwood.mouth",0.99151388161341,7.41151506024096
13,2021-08-05 14:25:00,13.852,"norwood.mouth",0.988743882544861,7.50575530179445
13,2021-08-05 14:40:00,13.977,"norwood.mouth",0.974097723486952,7.84267240421988
13,2021-08-05 14:50:00,14.04,"norwood.mouth",0.961867469879518,7.79441054216867
13,2021-08-05 15:00:00,13.977,"norwood.mouth",0.976848635235732,7.88061439205955
13,2021-08-05 15:15:00,14.416,"norwood.mouth",0.954903640256959,8.45196370449679
13,2021-08-05 15:25:00,14.165,"norwood.mouth",0.965164778578785,8.13504273944387
13,2021-08-05 15:40:00,14.228,"norwood.mouth",0.962917771883289,8.14167970822281
13,2021-08-05 15:50:00,14.666,"norwood.mouth",0.941073887104176,8.41382950894906
13,2021-08-05 16:00:00,14.102,"norwood.mouth",0.980108695652174,8.10345108695652
13,2021-08-05 16:15:00,14.102,"norwood.mouth",0.989853747714808,8.60499725776965
13,2021-08-05 16:25:00,14.04,"norwood.mouth",0.991490458999484,8.60492470345539
13,2021-08-05 16:40:00,14.478,"norwood.mouth",0.952805280528053,8.47644691969197
13,2021-08-05 16:50:00,14.228,"norwood.mouth",0.977355623100304,8.58881610942249
13,2021-08-05 17:00:00,14.792,"norwood.mouth",0.930817282665279,8.65838092139511
13,2021-08-05 17:15:00,14.04,"norwood.mouth",0.984515031196824,9.03469583096994
13,2021-08-05 17:25:00,14.102,"norwood.mouth",0.983493282149712,8.89698608445297
13,2021-08-05 17:40:00,13.914,"norwood.mouth",1.0218818380744,8.99819584245076
13,2021-08-05 17:50:00,13.914,"norwood.mouth",0.99786000891663,9.27501526972804
13,2021-08-05 18:00:00,14.98,"norwood.mouth",0.926865008880995,9.25988121669627
13,2021-08-05 18:15:00,14.165,"norwood.mouth",0.982625223613596,9.46083195438283
13,2021-08-05 18:25:00,13.977,"norwood.mouth",0.98945945945946,9.39124864864865
13,2021-08-05 18:40:00,13.789,"norwood.mouth",1.0421760391198,8.87189486552567
13,2021-08-05 18:50:00,13.789,"norwood.mouth",0.99977766798419,8.91351136363636
13,2021-08-05 19:00:00,13.852,"norwood.mouth",0.997376093294461,9.29674927113703
13,2021-08-05 19:15:00,13.914,"norwood.mouth",0.994452149791956,9.4664370087841
13,2021-08-05 19:25:00,14.666,"norwood.mouth",0.939974126778784,9.60613766709789
13,2021-08-05 19:40:00,14.854,"norwood.mouth",0.90952380952381,9.49726984126984
13,2021-08-05 19:50:00,13.852,"norwood.mouth",0.98626968503937,9.15148892716535
13,2021-08-05 20:00:00,13.977,"norwood.mouth",0.976651651651652,9.01221521521521
13,2021-08-05 20:15:00,14.228,"norwood.mouth",0.959455719557196,8.76737984317343
13,2021-08-05 20:25:00,13.664,"norwood.mouth",0.987441037735849,8.34831544811321
13,2021-08-05 20:40:00,13.914,"norwood.mouth",0.979007092198582,8.4221171394799
13,2021-08-05 20:50:00,16.42,"norwood.mouth",0.775637531633249,9.05706002206216
13,2021-08-05 21:00:00,18.236,"norwood.mouth",0.599057352649335,9.19134778725938
13,2021-08-05 21:15:00,14.666,"norwood.mouth",0.930713245997089,8.49469165453663
13,2021-08-05 21:25:00,15.982,"norwood.mouth",0.813352272727273,8.41373579545455
13,2021-08-05 21:40:00,14.353,"norwood.mouth",0.948858560794045,7.69270669975186
13,2021-08-05 21:50:00,15.919,"norwood.mouth",0.848055735580039,7.82226053143228
13,2021-08-05 22:00:00,13.789,"norwood.mouth",0.994100681699004,7.15200786575773
13,2021-08-05 22:15:00,14.792,"norwood.mouth",0.921542940320233,7.0372417515769
13,2021-08-05 22:25:00,13.977,"norwood.mouth",0.978937533368927,6.61898932194341
13,2021-08-05 22:40:00,14.917,"norwood.mouth",0.905068493150685,5.92577534246575
13,2021-08-05 22:50:00,14.854,"norwood.mouth",0.907768595041322,5.67408512396694
13,2021-08-05 23:00:00,14.792,"norwood.mouth",0.905620036652413,5.63922587049481
13,2021-08-05 23:15:00,13.726,"norwood.mouth",0.998926014319809,5.10651551312649
13,2021-08-05 23:25:00,16.859,"norwood.mouth",0.662966938600257,6.53970974667239
13,2021-08-05 23:40:00,14.102,"norwood.mouth",0.964955070603338,4.92208697047497
13,2021-08-05 23:50:00,14.353,"norwood.mouth",0.949022426682001,4.69765612420932
13,2021-08-06,14.102,"norwood.mouth",0.967787610619469,4.45192286135693
13,2021-08-06 00:15:00,15.168,"norwood.mouth",0.892402565367538,4.76397212629502
13,2021-08-06 00:25:00,14.353,"norwood.mouth",0.937431693989071,4.21070309653916
13,2021-08-06 00:40:00,14.29,"norwood.mouth",0.929014084507042,3.77164084507042
13,2021-08-06 00:50:00,15.042,"norwood.mouth",0.871325301204819,3.73867168674699
13,2021-08-06 01:00:00,14.353,"norwood.mouth",0.933645209580838,3.61521781437126
13,2021-08-06 01:15:00,16.358,"norwood.mouth",0.699246231155779,4.61175376884422
13,2021-08-06 01:25:00,14.478,"norwood.mouth",0.908467153284672,3.48433138686131
13,2021-08-06 01:40:00,15.982,"norwood.mouth",0.725027144408252,4.32144263481723
13,2021-08-06 01:50:00,15.418,"norwood.mouth",0.772009466437177,3.70091795754446
13,2021-08-06 02:00:00,15.23,"norwood.mouth",0.819519078798826,3.36988236622262
13,2021-08-06 02:15:00,15.418,"norwood.mouth",0.785114503816794,3.4450534351145
13,2021-08-06 02:25:00,15.356,"norwood.mouth",0.790393647953478,3.54496421382241
13,2021-08-06 02:40:00,15.293,"norwood.mouth",0.785160427807487,3.4444073083779
13,2021-08-06 02:50:00,15.794,"norwood.mouth",0.72563006793776,4.17755887939221
13,2021-08-06 03:00:00,14.666,"norwood.mouth",0.892752293577982,3.45573577981651
13,2021-08-06 03:15:00,15.543,"norwood.mouth",0.73312693498452,3.7046568627451
13,2021-08-06 03:25:00,15.168,"norwood.mouth",0.794444444444445,3.36001851851852
13,2021-08-06 03:40:00,15.168,"norwood.mouth",0.770084707980384,3.26247235844851
13,2021-08-06 03:50:00,14.729,"norwood.mouth",0.834653233364574,2.7857972508591
13,2021-08-06 04:00:00,15.669,"norwood.mouth",0.719307832422587,3.80013145112325
13,2021-08-06 04:15:00,15.606,"norwood.mouth",0.72072945521699,3.64567774699908
13,2021-08-06 04:25:00,15.982,"norwood.mouth",0.678117647058824,3.99102647058823
13,2021-08-06 04:40:00,15.669,"norwood.mouth",0.712037249942515,3.52194872384456
13,2021-08-06 04:50:00,14.854,"norwood.mouth",0.8186013320647,2.68517982873454
13,2021-08-06 05:00:00,15.356,"norwood.mouth",0.738312912346843,3.32742224316682
13,2021-08-06 05:15:00,15.356,"norwood.mouth",0.744314696862468,3.18968294409059
13,2021-08-06 05:25:00,14.98,"norwood.mouth",0.772279189000233,2.84508311970792
13,2021-08-06 05:40:00,15.23,"norwood.mouth",0.74477486154587,2.9997613773176
13,2021-08-06 05:50:00,14.541,"norwood.mouth",0.81991946944576,2.27243470708985
13,2021-08-06 06:00:00,14.604,"norwood.mouth",0.794857078550529,2.48498011853852
13,2021-08-06 06:15:00,14.729,"norwood.mouth",0.790613931523023,2.34141676505313
13,2021-08-06 06:25:00,14.541,"norwood.mouth",0.80317496573778,2.15913012029846
13,2021-08-06 06:40:00,14.729,"norwood.mouth",0.777326863696515,2.40086141743861
13,2021-08-06 06:50:00,14.604,"norwood.mouth",0.798644301470588,2.22374517463235
13,2021-08-06 07:00:00,14.729,"norwood.mouth",0.784453971119134,2.41421664410349
13,2021-08-06 07:15:00,14.541,"norwood.mouth",0.809511422755033,2.12192301892483
13,2021-08-06 07:25:00,14.729,"norwood.mouth",0.787249219794918,2.44485306137613
13,2021-08-06 07:40:00,14.729,"norwood.mouth",0.793285238623751,2.42440177580466
13,2021-08-06 07:50:00,14.666,"norwood.mouth",0.795635359116022,2.32849834254144
13,2021-08-06 08:00:00,14.729,"norwood.mouth",0.787032144429767,2.44308498458828
13,2021-08-06 08:15:00,14.666,"norwood.mouth",0.790572427354162,2.61355829874008
13,2021-08-06 08:25:00,14.792,"norwood.mouth",0.775654682645362,2.75759816540908
13,2021-08-06 08:40:00,14.604,"norwood.mouth",0.780702496826069,2.85515107913669
13,2021-08-06 08:50:00,14.102,"norwood.mouth",0.864148219441771,2.42872281039461
13,2021-08-06 09:00:00,14.228,"norwood.mouth",0.84201709017315,2.59547792519301
13,2021-08-06 09:15:00,14.29,"norwood.mouth",0.835281097830899,2.75953349564704
13,2021-08-06 09:25:00,14.102,"norwood.mouth",0.817712550607287,2.87959143049933
13,2021-08-06 09:40:00,14.29,"norwood.mouth",0.825690021231423,3.2177229299363
13,2021-08-06 09:50:00,14.165,"norwood.mouth",0.872560975609756,3.5599075203252
13,2021-08-06 10:00:00,14.04,"norwood.mouth",0.873194303153612,3.44329399796541
13,2021-08-06 10:15:00,13.977,"norwood.mouth",0.890654205607477,3.75346028037383
13,2021-08-06 10:25:00,13.726,"norwood.mouth",0.933650190114068,3.66904689480355
13,2021-08-06 10:40:00,13.601,"norwood.mouth",0.932682926829268,3.64589512195122
13,2021-08-06 10:50:00,13.664,"norwood.mouth",0.938145896656535,3.95540425531915
13,2021-08-06 11:00:00,13.789,"norwood.mouth",0.904696132596685,4.19532044198895
13,2021-08-06 11:15:00,13.726,"norwood.mouth",0.951083423618635,4.37696370530878
13,2021-08-06 11:25:00,13.664,"norwood.mouth",0.957573964497042,4.64021124260355
13,2021-08-06 11:40:00,13.726,"norwood.mouth",0.954821428571428,4.71417946428571
13,2021-08-06 11:50:00,14.04,"norwood.mouth",0.922967741935484,4.92589516129032
13,2021-08-06 12:00:00,13.789,"norwood.mouth",0.963459399332592,4.91489098998888
13,2021-08-06 12:15:00,13.664,"norwood.mouth",0.9925,5.2241125
13,2021-08-06 12:25:00,14.102,"norwood.mouth",0.892597577388964,5.13434421265141
13,2021-08-06 12:40:00,14.102,"norwood.mouth",0.931157894736842,5.41103736842105
13,2021-08-06 12:50:00,13.538,"norwood.mouth",1.12224938875306,5.19802118989405
13,2021-08-06 13:00:00,13.538,"norwood.mouth",1.11428571428571,5.07069047619048
13,2021-08-06 13:15:00,13.413,"norwood.mouth",1.24168975069252,5.44179870729455
13,2021-08-06 13:25:00,13.538,"norwood.mouth",1.19839142091153,5.2704117515639
13,2021-08-06 13:40:00,13.664,"norwood.mouth",1.14630872483222,4.64399832214765
13,2021-08-06 13:50:00,13.601,"norwood.mouth",1.22080536912752,4.95918568232663
13,2021-08-06 14:00:00,13.538,"norwood.mouth",1.28608582574772,5.7657170567837
13,2021-08-06 14:15:00,13.601,"norwood.mouth",1.27044476327116,5.98987326637972
13,2021-08-06 14:25:00,13.726,"norwood.mouth",1.21744966442953,6.39160402684564
13,2021-08-06 14:40:00,14.29,"norwood.mouth",0.930434782608696,7.47607971014493
13,2021-08-06 14:50:00,14.792,"norwood.mouth",0.871937842778793,8.32981170018282
13,2021-08-06 15:00:00,14.165,"norwood.mouth",0.976626016260163,7.59564972899729
13,2021-08-06 15:15:00,14.228,"norwood.mouth",0.985512367491166,7.83535424028269
13,2021-08-06 15:25:00,13.852,"norwood.mouth",1.21342281879195,7.48219295302013
13,2021-08-06 15:40:00,14.04,"norwood.mouth",1.18074324324324,8.12758952702702
13,2021-08-06 15:50:00,14.478,"norwood.mouth",0.980684931506849,8.85779863013699
13,2021-08-06 16:00:00,14.04,"norwood.mouth",0.985263929618769,8.4426862170088
13,2021-08-06 16:15:00,14.165,"norwood.mouth",0.992137096774194,9.13200403225806
13,2021-08-06 16:25:00,14.541,"norwood.mouth",0.98175313059034,9.18020348837209
13,2021-08-06 16:40:00,14.416,"norwood.mouth",1.0412037037037,9.01122299382716
13,2021-08-06 16:50:00,14.228,"norwood.mouth",1.11359126984127,9.0055441468254
13,2021-08-06 17:00:00,14.478,"norwood.mouth",1.01278409090909,9.27321164772727
13,2021-08-06 17:15:00,15.543,"norwood.mouth",0.923656480505796,9.22603213909378
13,2021-08-06 17:25:00,14.228,"norwood.mouth",1.14945382323734,8.74072277391592
13,2021-08-06 17:40:00,14.604,"norwood.mouth",0.990625,9.234484375
13,2021-08-06 17:50:00,14.29,"norwood.mouth",1.10482985729967,9.13668560190267
13,2021-08-06 18:00:00,14.353,"norwood.mouth",1.10172939979654,9.40462241437775
13,2021-08-06 18:15:00,14.416,"norwood.mouth",1.0475935828877,9.6934670231729
13,2021-08-06 18:25:00,14.666,"norwood.mouth",0.988624587847386,9.30323433820066
13,2021-08-06 18:40:00,14.541,"norwood.mouth",0.993221757322176,9.35146192468619
13,2021-08-06 18:50:00,15.168,"norwood.mouth",0.95506329113924,9.60356540084388
13,2021-08-06 19:00:00,14.729,"norwood.mouth",0.985228951255539,9.82281326932546
13,2021-08-06 19:15:00,14.478,"norwood.mouth",1.00169109357384,9.47984836527621
13,2021-08-06 19:25:00,14.729,"norwood.mouth",0.977506538796861,9.40169398430689
13,2021-08-06 19:40:00,15.105,"norwood.mouth",0.955223880597015,9.31580597014925
13,2021-08-06 19:50:00,14.792,"norwood.mouth",0.97260593220339,9.32181165254237
13,2021-08-06 20:00:00,14.604,"norwood.mouth",0.985068181818182,9.23986613636364
13,2021-08-06 20:15:00,14.353,"norwood.mouth",1.0315670800451,9.09325460353251
13,2021-08-06 20:25:00,14.478,"norwood.mouth",0.991311881188119,8.94069616336634
13,2021-08-06 20:40:00,14.478,"norwood.mouth",0.994564075630252,8.56348490021008
13,2021-08-06 20:50:00,14.165,"norwood.mouth",1.06181150550796,8.30523827009384
13,2021-08-06 21:00:00,14.416,"norwood.mouth",0.999335443037975,7.67386186708861
13,2021-08-06 21:15:00,15.168,"norwood.mouth",0.91925199264255,7.29234901900674
13,2021-08-06 21:25:00,14.854,"norwood.mouth",0.963242142025611,6.98966821885914
13,2021-08-06 21:40:00,14.604,"norwood.mouth",0.97433242506812,6.50929032697548
13,2021-08-06 21:50:00,16.796,"norwood.mouth",0.739826881929586,6.98474110095312
13,2021-08-06 22:00:00,16.671,"norwood.mouth",0.763536076326774,6.55646491751143
13,2021-08-06 22:15:00,15.669,"norwood.mouth",0.876359832635983,5.58923012552301
13,2021-08-06 22:25:00,14.478,"norwood.mouth",0.979334500875657,5.35808902510216
13,2021-08-06 22:40:00,14.666,"norwood.mouth",0.953814432989691,4.9420912371134
13,2021-08-06 22:50:00,15.543,"norwood.mouth",0.869500984898227,4.91701969796454
13,2021-08-06 23:00:00,14.729,"norwood.mouth",0.963312202852615,4.94345245641838
13,2021-08-06 23:15:00,14.604,"norwood.mouth",0.985975943138327,4.77059103335156
13,2021-08-06 23:25:00,14.29,"norwood.mouth",1.01881505204163,4.35806992260475
13,2021-08-06 23:40:00,14.04,"norwood.mouth",1.15230094959825,4.12103177501826
13,2021-08-06 23:50:00,14.102,"norwood.mouth",1.10711582134746,3.94030955084532
13,2021-08-07,15.042,"norwood.mouth",0.946295248868778,4.3163598699095
13,2021-08-07 00:15:00,15.982,"norwood.mouth",0.862377750611247,4.03323792787286
13,2021-08-07 00:25:00,15.418,"norwood.mouth",0.89912109375,3.74096126302083
13,2021-08-07 00:40:00,15.042,"norwood.mouth",0.953339694656489,4.01948377862595
13,2021-08-07 00:50:00,15.731,"norwood.mouth",0.884757221880762,3.60336677934849
13,2021-08-07 01:00:00,15.105,"norwood.mouth",0.934841628959276,3.34586085972851
13,2021-08-07 01:15:00,14.792,"norwood.mouth",0.965642458100559,3.1738938547486
13,2021-08-07 01:25:00,15.418,"norwood.mouth",0.907326555023923,3.40837813995215
13,2021-08-07 01:40:00,16.483,"norwood.mouth",0.757003564688614,3.73728367232823
13,2021-08-07 01:50:00,14.98,"norwood.mouth",0.922238918106687,2.59779883546206
13,2021-08-07 02:00:00,18.988,"norwood.mouth",0.500854513584575,5.95705218375694
13,2021-08-07 02:15:00,16.483,"norwood.mouth",0.759926082365364,3.55389739528335
13,2021-08-07 02:25:00,15.356,"norwood.mouth",0.866051660516605,2.38618357933579
13,2021-08-07 02:40:00,15.669,"norwood.mouth",0.820826580226904,2.53858995137763
13,2021-08-07 02:50:00,17.235,"norwood.mouth",0.655294358135732,4.01753791905151
13,2021-08-07 03:00:00,15.857,"norwood.mouth",0.785762509928515,2.822980407731
13,2021-08-07 03:15:00,17.109,"norwood.mouth",0.649639711769415,4.05667560715239
13,2021-08-07 03:25:00,15.794,"norwood.mouth",0.778244881733254,2.76215974292719
13,2021-08-07 03:40:00,16.671,"norwood.mouth",0.699554836098745,3.6877230878187
13,2021-08-07 03:50:00,16.107,"norwood.mouth",0.734463722397476,3.07209792323869
13,2021-08-07 04:00:00,15.919,"norwood.mouth",0.753193810751835,2.87630086623025
13,2021-08-07 04:15:00,16.233,"norwood.mouth",0.725329414149605,3.12144962497466
13,2021-08-07 04:25:00,16.358,"norwood.mouth",0.709525723472669,3.22214449356913
13,2021-08-07 04:40:00,16.17,"norwood.mouth",0.718276941130452,3.30158321924506
13,2021-08-07 04:50:00,16.734,"norwood.mouth",0.668271507498027,3.71881077348066
13,2021-08-07 05:00:00,16.734,"norwood.mouth",0.680307406643284,3.6749805377897
13,2021-08-07 05:15:00,15.731,"norwood.mouth",0.778556701030928,2.69594432989691
13,2021-08-07 05:25:00,15.982,"norwood.mouth",0.735677393722686,2.94262475168852
13,2021-08-07 05:40:00,16.045,"norwood.mouth",0.734833738848337,2.92888023790214
13,2021-08-07 05:50:00,15.982,"norwood.mouth",0.727591706539075,3.06970135566188
13,2021-08-07 06:00:00,15.481,"norwood.mouth",0.771340629274966,2.45851390788874
13,2021-08-07 06:15:00,16.358,"norwood.mouth",0.680428045709858,3.16765042933695
13,2021-08-07 06:25:00,15.606,"norwood.mouth",0.758351736599076,2.405278324299
13,2021-08-07 06:40:00,15.919,"norwood.mouth",0.721245494593512,2.81308663729809
13,2021-08-07 06:50:00,15.293,"norwood.mouth",0.774402663533098,2.16524350437394
13,2021-08-07 07:00:00,16.045,"norwood.mouth",0.71954217888936,3.08618987565353
13,2021-08-07 07:15:00,16.045,"norwood.mouth",0.693141113953946,2.96195860394935
13,2021-08-07 07:25:00,15.481,"norwood.mouth",0.743492280633184,2.61398377955834
13,2021-08-07 07:40:00,15.919,"norwood.mouth",0.697942583732057,2.96022280701754
13,2021-08-07 07:50:00,15.982,"norwood.mouth",0.701137487636004,3.08793158588856
13,2021-08-07 08:00:00,15.543,"norwood.mouth",0.743452623017487,2.75211007184492
13,2021-08-07 08:15:00,15.418,"norwood.mouth",0.762520903010033,2.31390572742475
13,2021-08-07 08:25:00,15.606,"norwood.mouth",0.730430410297667,2.75881181281845
13,2021-08-07 08:40:00,15.857,"norwood.mouth",0.692049196203758,3.2035907095358
13,2021-08-07 08:50:00,15.606,"norwood.mouth",0.716967970131657,3.02331990567891
13,2021-08-07 09:00:00,15.669,"norwood.mouth",0.703516760317768,3.17449951559775
13,2021-08-07 09:15:00,15.23,"norwood.mouth",0.753473030655801,2.84173354029233
13,2021-08-07 09:25:00,15.669,"norwood.mouth",0.705951919348585,3.36243472922321
13,2021-08-07 09:40:00,15.606,"norwood.mouth",0.72978457395653,3.65239988459319
13,2021-08-07 09:50:00,14.854,"norwood.mouth",0.783514986376022,3.09785740236149
13,2021-08-07 10:00:00,14.792,"norwood.mouth",0.819971401334604,3.32397569113441
13,2021-08-07 10:15:00,14.792,"norwood.mouth",0.798578286558346,3.20099846134909
13,2021-08-07 10:25:00,15.105,"norwood.mouth",0.767487023447288,3.43245206133286
13,2021-08-07 10:40:00,14.416,"norwood.mouth",0.859467989179441,3.25291298467087
13,2021-08-07 10:50:00,15.356,"norwood.mouth",0.768519198971156,3.97242644987446
13,2021-08-07 11:00:00,14.854,"norwood.mouth",0.81875,3.97076041666667
13,2021-08-07 11:15:00,14.917,"norwood.mouth",0.836184708554126,4.2131214988645
13,2021-08-07 11:25:00,14.729,"norwood.mouth",0.856990521327014,3.95101441548183
13,2021-08-07 11:40:00,14.541,"norwood.mouth",0.913762626262626,4.82819444444445
13,2021-08-07 11:50:00,14.416,"norwood.mouth",0.962960288808664,4.75140469314079
13,2021-08-07 12:00:00,14.604,"norwood.mouth",0.939913232104122,4.81856362979031
13,2021-08-07 12:15:00,14.29,"norwood.mouth",0.955737704918033,4.63795081967213
13,2021-08-07 12:25:00,14.04,"norwood.mouth",1.04323001631321,4.19313023382273
13,2021-08-07 12:40:00,13.977,"norwood.mouth",1.12745839636914,4.50637821482602
13,2021-08-07 12:50:00,14.165,"norwood.mouth",1.11150317572336,4.51888191013879
13,2021-08-07 13:00:00,14.478,"norwood.mouth",0.997146739130435,5.34465081521739
13,2021-08-07 13:15:00,14.228,"norwood.mouth",1.11197916666667,4.86783680555556
13,2021-08-07 13:25:00,14.353,"norwood.mouth",1.08333333333333,5.19238888888889
13,2021-08-07 13:40:00,13.852,"norwood.mouth",1.3000730994152,4.45186293859649
13,2021-08-07 13:50:00,14.792,"norwood.mouth",0.966712104689204,6.46980670665213
13,2021-08-07 14:00:00,14.353,"norwood.mouth",0.994265776699029,6.27852320995146
13,2021-08-07 14:15:00,14.228,"norwood.mouth",1.08715986394558,5.91705513038549
13,2021-08-07 14:25:00,14.353,"norwood.mouth",0.993927408096789,7.25926942764076
13,2021-08-07 14:40:00,14.729,"norwood.mouth",0.950953449242849,6.88898541783511
13,2021-08-07 14:50:00,14.29,"norwood.mouth",1.26002561287962,5.44420904988413
13,2021-08-07 15:00:00,14.416,"norwood.mouth",1.0294384057971,6.85843372584541
13,2021-08-07 15:15:00,14.102,"norwood.mouth",1.09099709583737,7.1632362052275
13,2021-08-07 15:25:00,14.29,"norwood.mouth",1.18119787717968,6.54929801617387
13,2021-08-07 15:40:00,14.416,"norwood.mouth",1.0645032051282,7.5269139957265
13,2021-08-07 15:50:00,14.917,"norwood.mouth",0.973339441136051,7.96410535959688
13,2021-08-07 16:00:00,14.666,"norwood.mouth",0.988359899328859,8.37717355285235
13,2021-08-07 16:15:00,15.293,"norwood.mouth",0.941071428571429,8.46213392857143
13,2021-08-07 16:25:00,14.604,"norwood.mouth",0.999675792507205,7.723640129683
13,2021-08-07 16:40:00,14.604,"norwood.mouth",0.985689045936396,8.65256183745583
13,2021-08-07 16:50:00,14.854,"norwood.mouth",1.03564223268326,8.54971407756108
13,2021-08-07 17:00:00,14.666,"norwood.mouth",1.06478034251675,8.35096407297096
13,2021-08-07 17:15:00,14.541,"norwood.mouth",1.07211538461538,7.98338942307692
13,2021-08-07 17:25:00,14.353,"norwood.mouth",1.11805555555556,8.04762037037037
13,2021-08-07 17:40:00,14.353,"norwood.mouth",1.09259259259259,8.4889012345679
13,2021-08-07 17:50:00,14.478,"norwood.mouth",1.03472222222222,8.71723842592592
13,2021-08-07 18:00:00,14.541,"norwood.mouth",1.00568181818182,9.04041856060606
13,2021-08-07 18:15:00,14.729,"norwood.mouth",0.974897680763984,9.25541723510687
13,2021-08-07 18:25:00,14.666,"norwood.mouth",1.00297619047619,9.01454464285714
13,2021-08-07 18:40:00,15.042,"norwood.mouth",0.96264367816092,9.08229501915709
13,2021-08-07 18:50:00,15.731,"norwood.mouth",0.908299866131192,9.27277253458277
13,2021-08-07 19:00:00,15.293,"norwood.mouth",0.952433628318584,9.10272160766962
13,2021-08-07 19:15:00,15.293,"norwood.mouth",0.967573964497041,8.8639842209073
13,2021-08-07 19:25:00,14.854,"norwood.mouth",0.993329253365973,8.78854977560179
13,2021-08-07 19:40:00,14.917,"norwood.mouth",0.976129779837775,8.675783603708
13,2021-08-07 19:50:00,14.98,"norwood.mouth",0.997554649870322,8.58894757317525
13,2021-08-07 20:00:00,15.042,"norwood.mouth",0.989630390143737,8.55263381245722
13,2021-08-07 20:15:00,14.604,"norwood.mouth",1.04431818181818,8.36697159090909
13,2021-08-07 20:25:00,14.416,"norwood.mouth",1.18591293833132,7.82616565900846
13,2021-08-07 20:40:00,15.042,"norwood.mouth",1.003873659118,7.70494815256257
13,2021-08-07 20:50:00,15.982,"norwood.mouth",0.936732245681382,7.73601871401152
13,2021-08-07 21:00:00,14.729,"norwood.mouth",1.08871915393655,7.12487416764591
13,2021-08-07 21:15:00,15.168,"norwood.mouth",0.976409725814796,6.81504707708226
13,2021-08-07 21:25:00,15.669,"norwood.mouth",0.965081680280047,6.58774635355893
13,2021-08-07 21:40:00,15.23,"norwood.mouth",0.986061538461538,5.93137323076923
13,2021-08-07 21:50:00,15.857,"norwood.mouth",0.944148148148148,6.13087925925926
13,2021-08-07 22:00:00,15.418,"norwood.mouth",0.968673050615595,6.04437870497036
13,2021-08-07 22:15:00,15.481,"norwood.mouth",0.973463268365817,5.72574100449775
13,2021-08-07 22:25:00,15.168,"norwood.mouth",1.00808133472367,5.63612582551269
13,2021-08-07 22:40:00,14.604,"norwood.mouth",1.17345399698341,4.89201495726496
13,2021-08-07 22:50:00,14.792,"norwood.mouth",1.07514285714286,4.9787580952381
13,2021-08-07 23:00:00,15.23,"norwood.mouth",0.981652892561983,4.83669421487603
13,2021-08-07 23:15:00,15.23,"norwood.mouth",0.967427616926503,4.34484270601336
13,2021-08-07 23:25:00,15.731,"norwood.mouth",0.908803986710964,4.10090199335548
13,2021-08-07 23:40:00,14.98,"norwood.mouth",0.984957020057307,3.57297421203438
13,2021-08-07 23:50:00,15.168,"norwood.mouth",0.945683979517191,3.18400950987564
13,2021-08-08,15.105,"norwood.mouth",0.938775510204082,2.88599489795918
13,2021-08-08 00:15:00,14.917,"norwood.mouth",0.929951690821256,2.58493518518519
13,2021-08-08 00:25:00,15.105,"norwood.mouth",0.892332123411978,2.37265948275862
13,2021-08-08 00:40:00,15.168,"norwood.mouth",0.881244364292155,2.23346956717764
13,2021-08-08 00:50:00,15.23,"norwood.mouth",0.862931034482759,2.06281465517241
13,2021-08-08 01:00:00,14.917,"norwood.mouth",0.916512702078522,2.03526096997691
13,2021-08-08 01:15:00,15.543,"norwood.mouth",0.889894551845343,2.68037873462214
13,2021-08-08 01:25:00,15.356,"norwood.mouth",0.885785714285714,2.37887214285714
13,2021-08-08 01:40:00,15.982,"norwood.mouth",0.815357502517623,2.81239207787848
13,2021-08-08 01:50:00,15.356,"norwood.mouth",0.897631241997439,2.68654161331626
13,2021-08-08 02:00:00,15.042,"norwood.mouth",0.93432518597237,2.90319181721573
13,2021-08-08 02:15:00,15.731,"norwood.mouth",0.863885390428212,3.15477141057934
13,2021-08-08 02:25:00,15.794,"norwood.mouth",0.865372953305033,3.09301455427532
13,2021-08-08 02:40:00,15.481,"norwood.mouth",0.909459459459459,2.68485585585586
13,2021-08-08 02:50:00,16.17,"norwood.mouth",0.83972602739726,3.23194520547945
13,2021-08-08 03:00:00,16.671,"norwood.mouth",0.752425203989121,3.8627867180417
13,2021-08-08 03:15:00,16.17,"norwood.mouth",0.865069911962714,3.42307845675816
13,2021-08-08 03:25:00,16.796,"norwood.mouth",0.73864426419467,3.7654696794129
13,2021-08-08 03:40:00,16.233,"norwood.mouth",0.782940391459075,3.22890625
13,2021-08-08 03:50:00,15.669,"norwood.mouth",0.840872662511131,2.87752389433066
13,2021-08-08 04:00:00,16.608,"norwood.mouth",0.727814569536424,3.59134602649007
13,2021-08-08 04:15:00,15.982,"norwood.mouth",0.824507944036045,3.54303201327958
13,2021-08-08 04:25:00,16.107,"norwood.mouth",0.810775047258979,3.61921156269691
13,2021-08-08 04:40:00,16.107,"norwood.mouth",0.784933811981153,3.42109161618428
13,2021-08-08 04:50:00,15.606,"norwood.mouth",0.832424515547544,2.95684136998648
13,2021-08-08 05:00:00,15.731,"norwood.mouth",0.837110382001406,2.76836715881572
13,2021-08-08 05:15:00,16.045,"norwood.mouth",0.792334254143646,3.1321589548803
13,2021-08-08 05:25:00,16.045,"norwood.mouth",0.81998031496063,2.88245242782152
13,2021-08-08 05:40:00,16.107,"norwood.mouth",0.76591382904795,3.17104308547602
13,2021-08-08 05:50:00,16.107,"norwood.mouth",0.778724928366762,3.53711747851003
13,2021-08-08 06:00:00,15.731,"norwood.mouth",0.795877475817595,3.00075195762322
13,2021-08-08 06:15:00,15.794,"norwood.mouth",0.775567798515853,2.91452574769508
13,2021-08-08 06:25:00,14.792,"norwood.mouth",0.894490358126722,2.55813131313131
13,2021-08-08 06:40:00,15.23,"norwood.mouth",0.817913856863172,2.32309560582989
13,2021-08-08 06:50:00,15.168,"norwood.mouth",0.826888888888889,2.23962814814815
13,2021-08-08 07:00:00,15.293,"norwood.mouth",0.803526338702656,2.49285981715281
13,2021-08-08 07:15:00,15.23,"norwood.mouth",0.804113582379615,2.60602645217016
13,2021-08-08 07:25:00,15.042,"norwood.mouth",0.828751369112815,2.48978495801387
13,2021-08-08 07:40:00,15.293,"norwood.mouth",0.795422535211268,2.69198474178404
13,2021-08-08 07:50:00,15.105,"norwood.mouth",0.803145057766367,2.7975487804878
13,2021-08-08 08:00:00,15.042,"norwood.mouth",0.811472048348802,2.69065583854954
13,2021-08-08 08:15:00,15.23,"norwood.mouth",0.776508071367884,2.84392452563013
13,2021-08-08 08:25:00,15.168,"norwood.mouth",0.783161401246508,2.80106361487212
13,2021-08-08 08:40:00,15.356,"norwood.mouth",0.752960183447988,3.15239361406434
13,2021-08-08 08:50:00,14.98,"norwood.mouth",0.787928171060826,3.05619451941042
13,2021-08-08 09:00:00,15.418,"norwood.mouth",0.753829511034184,3.50615667820568
13,2021-08-08 09:15:00,14.729,"norwood.mouth",0.809677419354839,2.91317741935484
13,2021-08-08 09:25:00,14.666,"norwood.mouth",0.82280202403542,2.93796837444655
13,2021-08-08 09:40:00,14.792,"norwood.mouth",0.810238769728855,3.74531070416835
13,2021-08-08 09:50:00,14.478,"norwood.mouth",0.848119515252821,3.53651441704973
13,2021-08-08 10:00:00,14.854,"norwood.mouth",0.792705314009662,3.78781626409018
13,2021-08-08 10:15:00,14.541,"norwood.mouth",0.844335736354274,3.71462221077926
13,2021-08-08 10:25:00,14.29,"norwood.mouth",0.859425785482124,3.91887107258938
13,2021-08-08 10:40:00,14.478,"norwood.mouth",0.838645498392283,4.04550341639871
13,2021-08-08 10:50:00,14.416,"norwood.mouth",0.84420401854714,4.30861089644513
13,2021-08-08 11:00:00,14.29,"norwood.mouth",0.896787925696594,4.4021342879257
13,2021-08-08 11:15:00,14.228,"norwood.mouth",0.899502297090352,4.45573028330781
13,2021-08-08 11:25:00,13.914,"norwood.mouth",0.925255536626917,4.41229833901192
13,2021-08-08 11:40:00,14.165,"norwood.mouth",0.952845797485109,5.02260953011251
13,2021-08-08 11:50:00,14.165,"norwood.mouth",0.937625,5.02874125
13,2021-08-08 12:00:00,14.04,"norwood.mouth",0.959716599190283,5.26590215924426
13,2021-08-08 12:15:00,13.726,"norwood.mouth",0.993092862624712,4.87813507290867
13,2021-08-08 12:25:00,14.102,"norwood.mouth",0.973709483793517,6.08140276110444
13,2021-08-08 12:40:00,13.914,"norwood.mouth",0.999109131403118,5.92646213808463
13,2021-08-08 12:50:00,13.977,"norwood.mouth",1.05718336483932,6.03266225582861
13,2021-08-08 13:00:00,14.102,"norwood.mouth",0.999464285714286,5.93210178571429
13,2021-08-08 13:15:00,13.977,"norwood.mouth",1.05312157721796,5.65433716684922
13,2021-08-08 13:25:00,14.102,"norwood.mouth",0.994037656903766,7.33876464435146
13,2021-08-08 13:40:00,13.914,"norwood.mouth",1.19361084220716,6.16578339787028
13,2021-08-08 13:50:00,14.165,"norwood.mouth",1.07212003872217,7.11525516295579
13,2021-08-08 14:00:00,14.04,"norwood.mouth",1.15091463414634,6.47296341463414
13,2021-08-08 14:15:00,13.977,"norwood.mouth",1.19230769230769,6.47440384615385
13,2021-08-08 14:25:00,14.165,"norwood.mouth",1.16485507246377,7.21962379227053
13,2021-08-08 14:40:00,14.102,"norwood.mouth",1.25332741792369,6.79882660455487
13,2021-08-08 14:50:00,14.29,"norwood.mouth",1.16273798730734,7.30779918404352
13,2021-08-08 15:00:00,14.478,"norwood.mouth",1.08839528558477,7.48727062556664
13,2021-08-08 15:15:00,14.541,"norwood.mouth",1.04272634791455,8.01985757884029
13,2021-08-08 15:25:00,14.917,"norwood.mouth",0.991067174845164,8.75844735588375
13,2021-08-08 15:40:00,14.917,"norwood.mouth",0.995536215609208,8.8794935429534
13,2021-08-08 15:50:00,15.042,"norwood.mouth",0.994812315478701,9.3422452551666
13,2021-08-08 16:00:00,14.792,"norwood.mouth",1.10170146945089,8.70818297241557
13,2021-08-08 16:15:00,15.168,"norwood.mouth",0.981996086105675,8.98525309849967
13,2021-08-08 16:25:00,14.541,"norwood.mouth",1.16094619666048,8.52181941867656
13,2021-08-08 16:40:00,14.478,"norwood.mouth",1.20703764320786,8.59813611565739
13,2021-08-08 16:50:00,14.729,"norwood.mouth",1.16353514265832,9.2050992809093
13,2021-08-08 17:00:00,14.666,"norwood.mouth",1.18545581071677,9.18749901414985
13,2021-08-08 17:15:00,14.604,"norwood.mouth",1.15859766277129,9.11363536449638
13,2021-08-08 17:25:00,14.604,"norwood.mouth",1.15808170515098,8.99177042628774
13,2021-08-08 17:40:00,14.729,"norwood.mouth",1.11086956521739,9.42160869565217
13,2021-08-08 17:50:00,14.917,"norwood.mouth",1.1032967032967,9.76889652014652
13,2021-08-08 18:00:00,14.666,"norwood.mouth",1.13826086956522,9.9155347826087
13,2021-08-08 18:15:00,14.666,"norwood.mouth",1.14120781527531,9.74427930728242
13,2021-08-08 18:25:00,14.729,"norwood.mouth",1.06553398058253,9.77574757281553
13,2021-08-08 18:40:00,14.792,"norwood.mouth",1.03578528827038,10.02837972167
13,2021-08-08 18:50:00,14.792,"norwood.mouth",1.06679035250464,9.94969897959184
13,2021-08-08 19:00:00,15.042,"norwood.mouth",0.988500948766603,10.0755985768501
13,2021-08-08 19:15:00,14.416,"norwood.mouth",1.30068493150685,9.27298173515982
13,2021-08-08 19:25:00,14.29,"norwood.mouth",1.30722891566265,9.16018072289156
13,2021-08-08 19:40:00,14.228,"norwood.mouth",1.33219438116932,8.99020798532017
13,2021-08-08 19:50:00,14.604,"norwood.mouth",1.23714652956298,9.12686889460154
13,2021-08-08 20:00:00,14.29,"norwood.mouth",1.32493368700265,8.69839920424403
13,2021-08-08 20:15:00,14.604,"norwood.mouth",1.2003367003367,8.76885634118967
13,2021-08-08 20:25:00,14.541,"norwood.mouth",1.23026744944553,8.47993672537508
13,2021-08-08 20:40:00,14.228,"norwood.mouth",1.3044537230341,8.10083658083971
13,2021-08-08 20:50:00,14.228,"norwood.mouth",1.31744548286604,7.75304049844237
13,2021-08-08 21:00:00,14.353,"norwood.mouth",1.26027397260274,7.576149543379
13,2021-08-08 21:15:00,14.29,"norwood.mouth",1.27453027139875,7.13452574808629
13,2021-08-08 21:25:00,14.604,"norwood.mouth",1.14613278576318,6.97621897102441
13,2021-08-08 21:40:00,15.168,"norwood.mouth",0.970111287758347,7.13918985161632
13,2021-08-08 21:50:00,15.543,"norwood.mouth",0.932706093189964,6.79643219832736
13,2021-08-08 22:00:00,14.98,"norwood.mouth",0.974928876244666,6.20300035561878
13,2021-08-08 22:15:00,16.17,"norwood.mouth",0.87139115250291,6.24999330616997
13,2021-08-08 22:25:00,16.17,"norwood.mouth",0.87325,5.97657625
13,2021-08-08 22:40:00,15.857,"norwood.mouth",0.905714285714286,5.7412
13,2021-08-08 22:50:00,15.669,"norwood.mouth",0.900059701492537,5.20183298507463
13,2021-08-08 23:00:00,14.98,"norwood.mouth",0.951507092198582,4.75366548463357
13,2021-08-08 23:15:00,16.671,"norwood.mouth",0.751778496362167,5.5211018593371
13,2021-08-08 23:25:00,15.356,"norwood.mouth",0.918061224489796,4.97214302721088
13,2021-08-08 23:40:00,16.483,"norwood.mouth",0.792920918367347,5.33408949829932
13,2021-08-08 23:50:00,16.045,"norwood.mouth",0.847598253275109,4.43234388646288
13,2021-08-09,15.418,"norwood.mouth",0.928519593613933,4.42765408805031
13,2021-08-09 00:15:00,15.418,"norwood.mouth",0.892086330935252,3.884
13,2021-08-09 00:25:00,15.731,"norwood.mouth",0.888894792773645,3.94984697130712
13,2021-08-09 00:40:00,18.236,"norwood.mouth",0.591772424177242,6.14620083172008
13,2021-08-09 00:50:00,18.111,"norwood.mouth",0.603015941404567,5.64652437885969
13,2021-08-09 01:00:00,16.17,"norwood.mouth",0.851890756302521,3.98849159663866
13,2021-08-09 01:15:00,15.168,"norwood.mouth",0.903474635163308,3.59769701181376
13,2021-08-09 01:25:00,14.792,"norwood.mouth",0.936382978723404,3.2633304964539
13,2021-08-09 01:40:00,16.045,"norwood.mouth",0.806283566058002,4.34672896527032
13,2021-08-09 01:50:00,16.671,"norwood.mouth",0.748711281935338,4.1113097445173
13,2021-08-09 02:00:00,15.669,"norwood.mouth",0.831837837837838,3.48508756756757
13,2021-08-09 02:15:00,16.107,"norwood.mouth",0.777087840761575,3.83795038222991
13,2021-08-09 02:25:00,16.107,"norwood.mouth",0.758864954432477,3.60430737365369
13,2021-08-09 02:40:00,18.424,"norwood.mouth",0.525623142007775,5.80703555911274
13,2021-08-09 02:50:00,15.356,"norwood.mouth",0.845373359156445,3.29190800516462
13,2021-08-09 03:00:00,15.606,"norwood.mouth",0.846867022511024,3.28033023903458
13,2021-08-09 03:15:00,16.17,"norwood.mouth",0.737290416062927,3.71346160215277
13,2021-08-09 03:25:00,15.919,"norwood.mouth",0.763549369290996,3.39535319704219
13,2021-08-09 03:40:00,15.543,"norwood.mouth",0.800116500741368,3.07836793052319
13,2021-08-09 03:50:00,16.045,"norwood.mouth",0.754630039875941,3.63690573770492
13,2021-08-09 04:00:00,15.731,"norwood.mouth",0.77325532363483,3.29830634619439
13,2021-08-09 04:15:00,16.358,"norwood.mouth",0.730381661624389,3.80003894189745
13,2021-08-09 04:25:00,16.107,"norwood.mouth",0.728600823045268,3.46460905349794
13,2021-08-09 04:40:00,16.045,"norwood.mouth",0.727248793330408,3.22555484861782
13,2021-08-09 04:50:00,15.857,"norwood.mouth",0.738329764453962,3.09828336902213
13,2021-08-09 05:00:00,14.917,"norwood.mouth",0.841916859122402,2.59293341031563
13,2021-08-09 05:15:00,15.543,"norwood.mouth",0.758928571428572,2.95313392857143
13,2021-08-09 05:25:00,15.919,"norwood.mouth",0.732074432944285,3.23527152609557
13,2021-08-09 05:40:00,15.23,"norwood.mouth",0.787032285653196,2.5423503670444
13,2021-08-09 05:50:00,15.23,"norwood.mouth",0.782304299889746,2.76015104740904
13,2021-08-09 06:00:00,15.731,"norwood.mouth",0.724917200264959,3.00871991609627
13,2021-08-09 06:15:00,14.729,"norwood.mouth",0.829189365874918,2.11630155444178
13,2021-08-09 06:25:00,15.168,"norwood.mouth",0.76905583099806,2.51072012646404
13,2021-08-09 06:40:00,15.606,"norwood.mouth",0.730073402417962,3.3346034830167
13,2021-08-09 06:50:00,14.666,"norwood.mouth",0.827816067197932,2.17129083207696
13,2021-08-09 07:00:00,14.917,"norwood.mouth",0.796879723601814,2.62277931332325
13,2021-08-09 07:15:00,15.168,"norwood.mouth",0.759852109612875,2.64325706829056
13,2021-08-09 07:25:00,14.666,"norwood.mouth",0.803010279001468,2.2706539402839
13,2021-08-09 07:40:00,14.666,"norwood.mouth",0.805588929414289,2.3986421368805
13,2021-08-09 07:50:00,14.917,"norwood.mouth",0.777936714347638,2.55302889755816
13,2021-08-09 08:00:00,14.29,"norwood.mouth",0.834796573875803,2.18120556745182
13,2021-08-09 08:15:00,14.729,"norwood.mouth",0.782107791936495,2.83725207158276
13,2021-08-09 08:25:00,14.854,"norwood.mouth",0.757596253902185,2.91795005202914
13,2021-08-09 08:40:00,14.604,"norwood.mouth",0.788057914217287,2.7369949560926
13,2021-08-09 08:50:00,14.666,"norwood.mouth",0.79974197890958,2.92367511779224
13,2021-08-09 09:00:00,14.729,"norwood.mouth",0.778356928356928,3.06316016016016
13,2021-08-09 09:15:00,14.478,"norwood.mouth",0.787127024722933,2.97046192100028
13,2021-08-09 09:25:00,14.416,"norwood.mouth",0.79973600844773,3.15686131643787
13,2021-08-09 09:40:00,14.228,"norwood.mouth",0.830337678991237,3.0731317233027
13,2021-08-09 09:50:00,14.04,"norwood.mouth",0.837710893563841,2.9249658404499
13,2021-08-09 10:00:00,14.353,"norwood.mouth",0.825777202072539,3.35183527633851
13,2021-08-09 10:15:00,13.476,"norwood.mouth",0.91815107102593,3.04039543404735
13,2021-08-09 10:25:00,14.04,"norwood.mouth",0.854368932038835,3.33290533980582
13,2021-08-09 10:40:00,13.914,"norwood.mouth",0.867811579980373,3.53973920510304
13,2021-08-09 10:50:00,14.102,"norwood.mouth",0.844102094773236,3.64724940681988
13,2021-08-09 11:00:00,13.789,"norwood.mouth",0.886170212765957,3.54952482269504
13,2021-08-09 11:15:00,14.353,"norwood.mouth",0.818188914910226,3.98541783762685
13,2021-08-09 11:25:00,14.102,"norwood.mouth",0.858088235294118,4.06091421568627
13,2021-08-09 11:40:00,13.977,"norwood.mouth",0.889614243323442,4.23433234421365
13,2021-08-09 11:50:00,14.478,"norwood.mouth",0.870511744966443,5.37014219798658
13,2021-08-09 12:00:00,13.789,"norwood.mouth",0.945337620578778,4.63590166130761
13,2021-08-09 12:15:00,14.04,"norwood.mouth",0.943304535637149,5.31297840172786
13,2021-08-09 12:25:00,13.726,"norwood.mouth",0.983177570093458,5.03629439252337
13,2021-08-09 12:40:00,14.228,"norwood.mouth",0.934936211972522,5.6710755642787
13,2021-08-09 12:50:00,14.102,"norwood.mouth",0.952699784017279,5.81397678185745
13,2021-08-09 13:00:00,14.102,"norwood.mouth",0.957861635220126,6.09962264150943
13,2021-08-09 13:15:00,14.478,"norwood.mouth",0.911363636363636,6.20317045454545
13,2021-08-09 13:25:00,13.664,"norwood.mouth",1.18668252080856,5.41198365041617
13,2021-08-09 13:40:00,13.914,"norwood.mouth",1.08085612366231,6.02559056678557
13,2021-08-09 13:50:00,14.29,"norwood.mouth",0.977708978328174,6.91466718266254
13,2021-08-09 14:00:00,14.04,"norwood.mouth",1.105098855359,6.29580445716267
13,2021-08-09 14:15:00,14.165,"norwood.mouth",1.07752341311134,6.65727644814429
13,2021-08-09 14:25:00,13.789,"norwood.mouth",1.27049180327869,6.21958196721311
13,2021-08-09 14:40:00,13.664,"norwood.mouth",1.42197712418301,5.88834218409586
13,2021-08-09 14:50:00,13.664,"norwood.mouth",1.42760736196319,6.02234560327198
13,2021-08-09 15:00:00,13.852,"norwood.mouth",1.35456595264938,6.53315464111237
13,2021-08-09 15:15:00,14.29,"norwood.mouth",1.21826086956522,7.38901739130435
13,2021-08-09 15:25:00,14.165,"norwood.mouth",1.31721611721612,7.25787118437118
13,2021-08-09 15:40:00,14.478,"norwood.mouth",1.2151379567487,7.92691287596321
13,2021-08-09 15:50:00,14.228,"norwood.mouth",1.31730052199851,7.60043537161322
13,2021-08-09 16:00:00,14.854,"norwood.mouth",1.03565217391304,8.61053115942029
13,2021-08-09 16:15:00,14.478,"norwood.mouth",1.27945205479452,7.92656849315069
13,2021-08-09 16:25:00,14.666,"norwood.mouth",1.21967654986523,8.2937897574124
13,2021-08-09 16:40:00,15.669,"norwood.mouth",0.970782463928968,9.60102094894562
13,2021-08-09 16:50:00,14.666,"norwood.mouth",1.26187750429307,8.74926202060676
13,2021-08-09 17:00:00,14.604,"norwood.mouth",1.26436031331593,8.79108485639687
13,2021-08-09 17:15:00,14.854,"norwood.mouth",1.14920273348519,9.22181605922551
13,2021-08-09 17:25:00,14.666,"norwood.mouth",1.27043044291953,8.97231269494698
13,2021-08-09 17:40:00,14.854,"norwood.mouth",1.20289389067524,9.29547722400858
13,2021-08-09 17:50:00,14.729,"norwood.mouth",1.2469917669411,9.27850569981001
13,2021-08-09 18:00:00,14.917,"norwood.mouth",1.19506016466118,9.47406686721554
13,2021-08-09 18:15:00,14.98,"norwood.mouth",1.10672205438066,9.83706042296073
13,2021-08-09 18:25:00,15.105,"norwood.mouth",1.0718085106383,9.97319414893617
13,2021-08-09 18:40:00,14.854,"norwood.mouth",1.17560975609756,9.69943292682927
13,2021-08-09 18:50:00,14.792,"norwood.mouth",1.18158473954512,9.81995983125459
13,2021-08-09 19:00:00,14.792,"norwood.mouth",1.20957661290323,9.67905241935484
13,2021-08-09 19:15:00,14.729,"norwood.mouth",1.18263718263718,9.61506511056511
13,2021-08-09 19:25:00,14.729,"norwood.mouth",1.18726923076923,9.51263115384615
13,2021-08-09 19:40:00,15.669,"norwood.mouth",0.977004219409283,9.79730379746835
13,2021-08-09 19:50:00,15.105,"norwood.mouth",1.11866913123845,9.51986044362292
13,2021-08-09 20:00:00,15.794,"norwood.mouth",0.97311320754717,9.74095754716981
13,2021-08-09 20:15:00,15.982,"norwood.mouth",0.956243001119821,9.42500097984323
13,2021-08-09 20:25:00,14.729,"norwood.mouth",1.21573107049608,8.70526555700609
13,2021-08-09 20:40:00,14.792,"norwood.mouth",1.22199651770168,8.29308415554266
13,2021-08-09 20:50:00,15.919,"norwood.mouth",0.937443946188341,8.28294394618834
13,2021-08-09 21:00:00,15.356,"norwood.mouth",0.990203714799281,7.91999101258238
13,2021-08-09 21:15:00,15.042,"norwood.mouth",1.06094276094276,7.50992564534231
13,2021-08-09 21:25:00,15.168,"norwood.mouth",0.9808,7.28653
13,2021-08-09 21:40:00,15.042,"norwood.mouth",0.996563342318059,6.77381772237197
13,2021-08-09 21:50:00,15.23,"norwood.mouth",0.981596794081381,6.58345869297164
13,2021-08-09 22:00:00,15.669,"norwood.mouth",0.923763440860215,6.33690681003584
13,2021-08-09 22:15:00,17.861,"norwood.mouth",0.69553220965135,7.27206395751559
13,2021-08-09 22:25:00,15.919,"norwood.mouth",0.891746987951807,5.45584307228916
13,2021-08-09 22:40:00,16.671,"norwood.mouth",0.80523955370816,5.96723802231459
13,2021-08-09 22:50:00,15.23,"norwood.mouth",0.965229563269877,5.22060414333707
13,2021-08-09 23:00:00,15.669,"norwood.mouth",0.900273597811217,4.71959917920657
13,2021-08-09 23:15:00,15.042,"norwood.mouth",0.950817843866171,4.54091895910781
13,2021-08-09 23:25:00,15.105,"norwood.mouth",0.947328244274809,4.16196564885496
13,2021-08-09 23:40:00,15.293,"norwood.mouth",0.919124911785462,3.94570024700071
13,2021-08-09 23:50:00,15.356,"norwood.mouth",0.915377176015474,4.35755641521599
14,2021-07-26 00:10:00,15.38,"norwood.mouth",0.89375,3.39865625
14,2021-07-26 00:25:00,15.192,"norwood.mouth",0.909575471698113,3.31758867924528
14,2021-07-26 00:35:00,14.127,"norwood.mouth",1.15274900398406,3.15192609561753
14,2021-07-26 00:45:00,14.754,"norwood.mouth",0.95620320855615,3.32698609625668
14,2021-07-26 01:00:00,15.38,"norwood.mouth",0.852810650887574,2.90062056213018
14,2021-07-26 01:10:00,15.255,"norwood.mouth",0.876420454545454,3.01445596590909
14,2021-07-26 01:25:00,14.19,"norwood.mouth",1.05653846153846,2.75266730769231
14,2021-07-26 01:35:00,15.38,"norwood.mouth",0.844261733470366,3.1204190647482
14,2021-07-26 01:45:00,15.568,"norwood.mouth",0.838095238095238,3.13152380952381
14,2021-07-26 02:00:00,15.756,"norwood.mouth",0.812226467523446,3.02043704411254
14,2021-07-26 02:10:00,15.318,"norwood.mouth",0.833845752996352,2.85021538996005
14,2021-07-26 02:25:00,16.132,"norwood.mouth",0.766709822199206,3.37200733644053
14,2021-07-26 02:35:00,16.633,"norwood.mouth",0.723006134969325,3.74844171779141
14,2021-07-26 02:45:00,16.633,"norwood.mouth",0.716934077432857,3.8353033368213
14,2021-07-26 03:00:00,16.257,"norwood.mouth",0.74686684073107,3.79760139251523
14,2021-07-26 03:10:00,16.069,"norwood.mouth",0.769065725149375,3.47623592250588
14,2021-07-26 03:25:00,16.132,"norwood.mouth",0.749183303085299,3.2734960677556
14,2021-07-26 03:35:00,15.631,"norwood.mouth",0.785872103466858,2.58167702532783
14,2021-07-26 03:45:00,16.32,"norwood.mouth",0.719890072140158,3.50673076262453
14,2021-07-26 04:00:00,16.32,"norwood.mouth",0.711052631578947,3.40470526315789
14,2021-07-26 04:10:00,16.508,"norwood.mouth",0.693536820010495,3.61433916389715
14,2021-07-26 04:25:00,16.695,"norwood.mouth",0.67744825186989,3.97607746274714
14,2021-07-26 04:35:00,15.756,"norwood.mouth",0.758349412383792,3.21704882184412
14,2021-07-26 04:45:00,15.443,"norwood.mouth",0.777993109388458,3.02546281940856
14,2021-07-26 05:00:00,15.693,"norwood.mouth",0.755751657409066,3.16625730155886
14,2021-07-26 05:10:00,16.257,"norwood.mouth",0.700089928057554,3.60942011390887
14,2021-07-26 05:25:00,16.695,"norwood.mouth",0.664959859017035,4.22231877814764
14,2021-07-26 05:35:00,18.699,"norwood.mouth",0.475439407955596,5.67202944804194
14,2021-07-26 05:45:00,15.568,"norwood.mouth",0.75241891148983,3.20912222833058
14,2021-07-26 06:00:00,15.881,"norwood.mouth",0.71968085106383,3.35807180851064
14,2021-07-26 06:10:00,15.506,"norwood.mouth",0.748716517857143,2.86082784598214
14,2021-07-26 06:25:00,15.631,"norwood.mouth",0.727279635258359,3.26043642350557
14,2021-07-26 06:35:00,15.693,"norwood.mouth",0.716549360992776,3.34542192998703
14,2021-07-26 06:45:00,15.568,"norwood.mouth",0.728416856492027,3.25245937737282
14,2021-07-26 07:00:00,15.506,"norwood.mouth",0.723806901615272,3.20795707905042
14,2021-07-26 07:10:00,15.819,"norwood.mouth",0.691247672253259,3.41429500310366
14,2021-07-26 07:25:00,15.819,"norwood.mouth",0.681826923076923,3.7388
14,2021-07-26 07:35:00,15.881,"norwood.mouth",0.677155824508321,3.75449483106404
14,2021-07-26 07:45:00,16.007,"norwood.mouth",0.667826501429933,3.60365109628217
14,2021-07-26 08:00:00,15.568,"norwood.mouth",0.707674236491778,3.3078807752545
14,2021-07-26 08:10:00,15.506,"norwood.mouth",0.705557737627651,3.45859141791045
14,2021-07-26 08:25:00,15.756,"norwood.mouth",0.673823246878002,3.78937463976945
14,2021-07-26 08:35:00,15.318,"norwood.mouth",0.712355832860654,3.3824202432722
14,2021-07-26 08:45:00,15.318,"norwood.mouth",0.722549019607843,3.5199477124183
14,2021-07-26 09:00:00,15.192,"norwood.mouth",0.728325123152709,3.5997249589491
14,2021-07-26 09:10:00,15.38,"norwood.mouth",0.714244930104351,3.90331197086041
14,2021-07-26 09:25:00,15.443,"norwood.mouth",0.724306656101426,4.29311539223455
14,2021-07-26 09:35:00,15.192,"norwood.mouth",0.750679758308157,4.17496299093655
14,2021-07-26 09:45:00,14.566,"norwood.mouth",0.797909220872051,3.93785447939004
14,2021-07-26 10:00:00,14.19,"norwood.mouth",0.825960645999629,3.97705148196275
14,2021-07-26 10:10:00,13.877,"norwood.mouth",0.886296296296296,3.78306419753087
14,2021-07-26 10:25:00,14.441,"norwood.mouth",0.827986846912678,4.28240439654123
14,2021-07-26 10:35:00,14.315,"norwood.mouth",0.823180422611523,3.97022593462164
14,2021-07-26 10:45:00,14.127,"norwood.mouth",0.864867256637168,4.29916283185841
14,2021-07-26 11:00:00,13.814,"norwood.mouth",0.906623931623932,3.94427742165242
14,2021-07-26 11:10:00,13.877,"norwood.mouth",0.971786197564276,4.05200676589987
14,2021-07-26 11:25:00,13.752,"norwood.mouth",1.03274760383387,3.73884771033014
14,2021-07-26 11:35:00,14.19,"norwood.mouth",0.990598290598291,4.76333048433048
14,2021-07-26 11:45:00,13.877,"norwood.mouth",1.10212569316081,3.65263955637708
14,2021-07-26 12:00:00,13.939,"norwood.mouth",1.11783733826248,3.83700646950092
14,2021-07-26 12:10:00,13.877,"norwood.mouth",1.18775510204082,3.94936054421769
14,2021-07-26 12:25:00,14.065,"norwood.mouth",1.06243949661181,4.51165755082284
14,2021-07-26 12:35:00,13.939,"norwood.mouth",1.14516129032258,4.41658064516129
14,2021-07-26 12:45:00,13.939,"norwood.mouth",1.18844696969697,4.52481060606061
14,2021-07-26 13:00:00,13.939,"norwood.mouth",1.16127167630058,4.73299277456647
14,2021-07-26 13:10:00,14.127,"norwood.mouth",1.05410225921522,4.99124167657551
14,2021-07-26 13:25:00,14.942,"norwood.mouth",0.861674008810573,5.97544897209985
14,2021-07-26 13:35:00,14.315,"norwood.mouth",1.02457264957265,5.80482229344729
14,2021-07-26 13:45:00,14.629,"norwood.mouth",0.962040816326531,6.41717857142857
14,2021-07-26 14:00:00,14.629,"norwood.mouth",0.993796159527327,6.07347673559823
14,2021-07-26 14:10:00,15.13,"norwood.mouth",0.873391812865497,6.41310916179337
14,2021-07-26 14:25:00,14.754,"norwood.mouth",1.01440485216073,6.24986252211271
14,2021-07-26 14:35:00,14.127,"norwood.mouth",1.25201170446233,5.95847756644721
14,2021-07-26 14:45:00,14.566,"norwood.mouth",1.06780303030303,6.60221022727273
14,2021-07-26 15:00:00,14.315,"norwood.mouth",1.22699386503068,6.52346165644172
14,2021-07-26 15:10:00,14.503,"norwood.mouth",1.1813784764208,6.66510610640871
14,2021-07-26 15:25:00,14.629,"norwood.mouth",1.15097115950559,7.03709314302531
14,2021-07-26 15:35:00,14.754,"norwood.mouth",1.11235849056604,7.41030896226415
14,2021-07-26 15:45:00,14.817,"norwood.mouth",1.11167481662592,7.15691503667482
14,2021-07-26 16:00:00,14.879,"norwood.mouth",1.11408063530849,7.33787568723274
14,2021-07-26 16:10:00,14.754,"norwood.mouth",1.11418367346939,7.6702
14,2021-07-26 16:25:00,15.192,"norwood.mouth",1.04156403940887,7.47839963054187
14,2021-07-26 16:35:00,14.942,"norwood.mouth",1.09186746987952,7.68886495983936
14,2021-07-26 16:45:00,15.255,"norwood.mouth",1.01158415841584,7.86140198019802
14,2021-07-26 17:00:00,15.004,"norwood.mouth",1.10897114178168,8.09483437892095
14,2021-07-26 17:10:00,14.879,"norwood.mouth",1.12923875432526,8.03637370242214
14,2021-07-26 17:25:00,14.817,"norwood.mouth",1.17586532410321,7.87015229704216
14,2021-07-26 17:35:00,15.255,"norwood.mouth",1.05153316645807,8.23340409887359
14,2021-07-26 17:45:00,15.255,"norwood.mouth",1.0518250471995,8.25224795468848
14,2021-07-26 18:00:00,15.004,"norwood.mouth",1.132304400978,8.36599602689487
14,2021-07-26 18:10:00,15.004,"norwood.mouth",1.15291519434629,8.4017636925795
14,2021-07-26 18:25:00,14.942,"norwood.mouth",1.15092649783817,8.28104756022236
14,2021-07-26 18:35:00,14.879,"norwood.mouth",1.18033088235294,8.18146231617647
14,2021-07-26 18:45:00,15.192,"norwood.mouth",1.09351005484461,8.27812248628885
14,2021-07-26 19:00:00,15.192,"norwood.mouth",1.08276836158192,8.54233898305085
14,2021-07-26 19:10:00,15.318,"norwood.mouth",1.06561928004881,8.39693593654667
14,2021-07-26 19:25:00,15.506,"norwood.mouth",1.00083025830258,8.26544511070111
14,2021-07-26 19:35:00,15.067,"norwood.mouth",1.12778793418647,8.26024177330896
14,2021-07-26 19:45:00,15.255,"norwood.mouth",1.06147214854111,8.318550066313
14,2021-07-26 20:00:00,15.004,"norwood.mouth",1.132304400978,8.05827429706602
14,2021-07-26 20:10:00,15.318,"norwood.mouth",1.03343653250774,7.62016176470588
14,2021-07-26 20:25:00,15.067,"norwood.mouth",1.0694425560843,7.50649286199864
14,2021-07-26 20:35:00,15.192,"norwood.mouth",1.03769946808511,7.53433344414894
14,2021-07-26 20:45:00,15.819,"norwood.mouth",0.92294946147473,7.56603086164043
14,2021-07-26 21:00:00,15.13,"norwood.mouth",1.00655339805825,7.36518567961165
14,2021-07-26 21:10:00,16.382,"norwood.mouth",0.841374979065483,6.98531075196784
14,2021-07-26 21:25:00,14.691,"norwood.mouth",1.09869011976048,6.97865325598802
14,2021-07-26 21:35:00,14.879,"norwood.mouth",1.01977640709329,6.89452120277564
14,2021-07-26 21:45:00,16.069,"norwood.mouth",0.843536920342543,6.67675149458717
14,2021-07-26 22:00:00,14.566,"norwood.mouth",1.11524796447076,6.50632605477424
14,2021-07-26 22:10:00,14.754,"norwood.mouth",1.02925170068027,6.16203174603175
14,2021-07-26 22:25:00,14.754,"norwood.mouth",0.998721590909091,6.13283948863636
14,2021-07-26 22:35:00,15.192,"norwood.mouth",0.937369519832985,5.77410960334029
14,2021-07-26 22:45:00,14.942,"norwood.mouth",0.976708074534161,5.58934782608696
14,2021-07-26 23:00:00,15.255,"norwood.mouth",0.929816513761468,5.08794495412844
14,2021-07-26 23:10:00,15.318,"norwood.mouth",0.912205882352941,4.87909926470588
14,2021-07-26 23:25:00,14.942,"norwood.mouth",0.95965,4.62227675
14,2021-07-26 23:35:00,15.38,"norwood.mouth",0.894668587896253,4.32493996157541
14,2021-07-26 23:45:00,15.067,"norwood.mouth",0.93434554973822,4.1313390052356
14,2021-07-27,15.004,"norwood.mouth",0.92733619763695,3.74350912996778
14,2021-07-27 00:10:00,15.004,"norwood.mouth",0.915781710914454,3.68637610619469
14,2021-07-27 00:25:00,15.255,"norwood.mouth",0.85675082327113,3.7080913830955
14,2021-07-27 00:35:00,15.318,"norwood.mouth",0.853476821192053,3.64127235099338
14,2021-07-27 00:45:00,15.443,"norwood.mouth",0.841270903010033,3.47428545150502
14,2021-07-27 01:00:00,14.817,"norwood.mouth",0.935653809971778,3.48644873000941
14,2021-07-27 01:10:00,14.441,"norwood.mouth",0.973854581673307,3.22616957171315
14,2021-07-27 01:25:00,14.691,"norwood.mouth",0.940680473372781,3.0076523668639
14,2021-07-27 01:35:00,15.255,"norwood.mouth",0.842587601078167,3.08225584007188
14,2021-07-27 01:45:00,15.255,"norwood.mouth",0.852353556485355,2.887089958159
14,2021-07-27 02:00:00,14.503,"norwood.mouth",0.95495258166491,2.89111380400422
14,2021-07-27 02:10:00,15.255,"norwood.mouth",0.841709401709402,3.02372592592593
14,2021-07-27 02:25:00,15.631,"norwood.mouth",0.802530570652174,3.07301658740942
14,2021-07-27 02:35:00,15.004,"norwood.mouth",0.854027926960258,2.55418716433942
14,2021-07-27 02:45:00,15.38,"norwood.mouth",0.812649572649572,2.85030712250712
14,2021-07-27 03:00:00,15.067,"norwood.mouth",0.843713986380304,2.71971608171818
14,2021-07-27 03:10:00,15.506,"norwood.mouth",0.792343407057234,3.10318833361472
14,2021-07-27 03:25:00,15.318,"norwood.mouth",0.798489477257298,2.9363960454854
14,2021-07-27 03:35:00,15.38,"norwood.mouth",0.789942722371968,2.96763850516622
14,2021-07-27 03:45:00,15.318,"norwood.mouth",0.788242280285036,2.82210926365796
14,2021-07-27 04:00:00,15.568,"norwood.mouth",0.769526627218935,2.92932544378698
14,2021-07-27 04:10:00,15.506,"norwood.mouth",0.766442501681237,2.94155458417395
14,2021-07-27 04:25:00,15.506,"norwood.mouth",0.772270742358079,2.97693449781659
14,2021-07-27 04:35:00,15.631,"norwood.mouth",0.755464768933404,3.14613576992913
14,2021-07-27 04:45:00,15.693,"norwood.mouth",0.739638470852794,3.13229475869227
14,2021-07-27 05:00:00,15.255,"norwood.mouth",0.776194171408863,2.85980381675002
14,2021-07-27 05:10:00,15.318,"norwood.mouth",0.772374024130589,2.89363079607286
14,2021-07-27 05:25:00,15.568,"norwood.mouth",0.744863840055153,3.12834930483741
14,2021-07-27 05:35:00,17.447,"norwood.mouth",0.583065236818588,4.70953678879952
14,2021-07-27 05:45:00,18.01,"norwood.mouth",0.537888474516072,4.92211700112473
14,2021-07-27 06:00:00,19.387,"norwood.mouth",0.419009530292716,6.05442276491945
14,2021-07-27 06:10:00,19.012,"norwood.mouth",0.43440430705106,5.77256292694222
14,2021-07-27 06:25:00,17.76,"norwood.mouth",0.516666666666667,4.98777777777778
14,2021-07-27 06:35:00,16.758,"norwood.mouth",0.620503221312903,4.06332352429044
14,2021-07-27 06:45:00,16.445,"norwood.mouth",0.643163810576746,3.97925225723236
14,2021-07-27 07:00:00,15.819,"norwood.mouth",0.705838108882521,3.29551098376313
14,2021-07-27 07:10:00,16.32,"norwood.mouth",0.658483052417114,3.76223485830709
14,2021-07-27 07:25:00,15.881,"norwood.mouth",0.6981093979442,3.46666143538913
14,2021-07-27 07:35:00,15.881,"norwood.mouth",0.684702258726899,3.43173648186174
14,2021-07-27 07:45:00,15.631,"norwood.mouth",0.716398493666553,3.11468780668721
14,2021-07-27 08:00:00,16.069,"norwood.mouth",0.671220431950634,3.60306284996
14,2021-07-27 08:10:00,15.443,"norwood.mouth",0.727944145356662,3.07252630103185
14,2021-07-27 08:25:00,15.067,"norwood.mouth",0.756059580230196,3.03851421800948
14,2021-07-27 08:35:00,16.132,"norwood.mouth",0.655062401124978,3.98955246967833
14,2021-07-27 08:45:00,15.506,"norwood.mouth",0.710552092609083,3.56937666963491
14,2021-07-27 09:00:00,15.067,"norwood.mouth",0.748358585858586,3.56993034511784
14,2021-07-27 09:10:00,14.817,"norwood.mouth",0.771888636760342,3.4249523186129
14,2021-07-27 09:25:00,15.192,"norwood.mouth",0.732759843916282,3.90779448977179
14,2021-07-27 09:35:00,14.817,"norwood.mouth",0.767764989790236,3.90614367922777
14,2021-07-27 09:45:00,14.817,"norwood.mouth",0.768328584995252,4.06096961063628
14,2021-07-27 10:00:00,14.315,"norwood.mouth",0.810196779964222,3.96548732856291
14,2021-07-27 10:10:00,14.315,"norwood.mouth",0.812231462231462,4.04599641949642
14,2021-07-27 10:25:00,14.441,"norwood.mouth",0.805782902722386,4.2000683197503
14,2021-07-27 10:35:00,14.19,"norwood.mouth",0.836924592512986,4.36740665114335
14,2021-07-27 10:45:00,14.002,"norwood.mouth",0.843661846098911,4.30374736654169
14,2021-07-27 11:00:00,14.315,"norwood.mouth",0.822829744279946,4.5355803611485
14,2021-07-27 11:10:00,14.253,"norwood.mouth",0.830225513295187,4.53896087176035
14,2021-07-27 11:25:00,14.065,"norwood.mouth",0.862958963282938,4.42262850971922
14,2021-07-27 11:35:00,14.817,"norwood.mouth",0.803675474254743,5.1819402100271
14,2021-07-27 11:45:00,14.566,"norwood.mouth",0.824718169761273,5.15897225906278
14,2021-07-27 12:00:00,14.879,"norwood.mouth",0.811013645224172,5.42606887589344
14,2021-07-27 12:10:00,15.067,"norwood.mouth",0.801072279586974,5.6908668255229
14,2021-07-27 12:25:00,15.631,"norwood.mouth",0.760012476606363,6.04582667914327
14,2021-07-27 12:35:00,14.629,"norwood.mouth",0.841325301204819,5.57010602409639
14,2021-07-27 12:45:00,15.506,"norwood.mouth",0.77871868062163,6.22027553124009
14,2021-07-27 13:00:00,15.568,"norwood.mouth",0.763059360730594,6.59535068493151
14,2021-07-27 13:10:00,14.754,"norwood.mouth",0.837318280235076,6.01889081348593
14,2021-07-27 13:25:00,14.691,"norwood.mouth",0.883203883495145,5.85922912621359
14,2021-07-27 13:35:00,14.566,"norwood.mouth",0.891752577319587,6.02224484536083
14,2021-07-27 13:45:00,14.879,"norwood.mouth",0.852793696275072,6.48710995702006
14,2021-07-27 14:00:00,15.067,"norwood.mouth",0.841035235422513,6.66935638187299
14,2021-07-27 14:10:00,14.942,"norwood.mouth",0.87063492063492,6.55243915343915
14,2021-07-27 14:25:00,15.568,"norwood.mouth",0.81266873545384,7.04970659425912
14,2021-07-27 14:35:00,15.631,"norwood.mouth",0.809486166007905,7.77748978919631
14,2021-07-27 14:45:00,15.944,"norwood.mouth",0.800039588281868,7.09440789126419
14,2021-07-27 15:00:00,16.32,"norwood.mouth",0.760060083192112,7.64216407333231
14,2021-07-27 15:10:00,15.756,"norwood.mouth",0.831190476190476,7.92246587301587
14,2021-07-27 15:25:00,15.693,"norwood.mouth",0.848856961422448,7.39659120495317
14,2021-07-27 15:35:00,15.506,"norwood.mouth",0.875132555673383,8.16445174973489
14,2021-07-27 15:45:00,15.631,"norwood.mouth",0.879693308550186,7.90121421933086
14,2021-07-27 16:00:00,15.944,"norwood.mouth",0.838979591836735,7.6847693877551
14,2021-07-27 16:10:00,15.506,"norwood.mouth",0.896453089244851,7.55810221205187
14,2021-07-27 16:25:00,15.631,"norwood.mouth",0.895313921747043,7.85436578707916
14,2021-07-27 16:35:00,15.38,"norwood.mouth",0.943607112616427,8.34725677392041
14,2021-07-27 16:45:00,15.693,"norwood.mouth",0.904756097560976,8.40972581300813
14,2021-07-27 17:00:00,15.568,"norwood.mouth",0.926181545386347,7.97039947486872
14,2021-07-27 17:10:00,15.506,"norwood.mouth",0.938697604790419,8.05606886227545
14,2021-07-27 17:25:00,15.568,"norwood.mouth",0.93259423503326,8.16142424242424
14,2021-07-27 17:35:00,15.192,"norwood.mouth",0.978571428571428,8.30471428571429
14,2021-07-27 17:45:00,15.192,"norwood.mouth",0.984548944337812,8.13121241202815
14,2021-07-27 18:00:00,15.255,"norwood.mouth",0.981196581196581,8.31615740740741
14,2021-07-27 18:10:00,15.004,"norwood.mouth",1.00127478753541,8.40479886685552
14,2021-07-27 18:25:00,14.942,"norwood.mouth",1.04891964888589,8.79428764348413
14,2021-07-27 18:35:00,15.004,"norwood.mouth",1.04375,8.66205208333333
14,2021-07-27 18:45:00,15.004,"norwood.mouth",1.00884279475983,8.53732150655022
14,2021-07-27 19:00:00,15.255,"norwood.mouth",0.983322804801011,8.45077653190145
14,2021-07-27 19:10:00,16.257,"norwood.mouth",0.879725310660562,8.1416370176586
14,2021-07-27 19:25:00,15.506,"norwood.mouth",0.9567521944632,8.33821640783255
14,2021-07-27 19:35:00,15.506,"norwood.mouth",0.952058383233533,8.14622417664671
14,2021-07-27 19:45:00,15.693,"norwood.mouth",0.925597393193338,8.08742215785663
14,2021-07-27 20:00:00,15.255,"norwood.mouth",0.979984836997726,7.85740087187263
14,2021-07-27 20:10:00,15.255,"norwood.mouth",0.972322899505766,7.8118776771005
14,2021-07-27 20:25:00,15.318,"norwood.mouth",0.951512738853503,7.78488296178344
14,2021-07-27 20:35:00,15.004,"norwood.mouth",0.97712895377129,7.71188523925385
14,2021-07-27 20:45:00,14.754,"norwood.mouth",1.02120060790274,7.56833624620061
14,2021-07-27 21:00:00,15.192,"norwood.mouth",0.941695652173913,7.47503
14,2021-07-27 21:10:00,15.067,"norwood.mouth",0.959594594594595,7.20267364864865
14,2021-07-27 21:25:00,14.754,"norwood.mouth",0.988623595505618,6.72125140449438
14,2021-07-27 21:35:00,14.503,"norwood.mouth",1.07494270435447,6.62016615737204
14,2021-07-27 21:45:00,14.065,"norwood.mouth",1.19641943734015,6.63188554987212
14,2021-07-27 22:00:00,15.13,"norwood.mouth",0.914406779661017,5.93276271186441
14,2021-07-27 22:10:00,14.315,"norwood.mouth",1.07190916736754,5.80396446593776
14,2021-07-27 22:25:00,15.067,"norwood.mouth",0.896258503401361,5.10834920634921
14,2021-07-27 22:35:00,15.38,"norwood.mouth",0.864472361809045,5.08844422110553
14,2021-07-27 22:45:00,14.879,"norwood.mouth",0.926736111111111,4.74131712962963
14,2021-07-27 23:00:00,14.817,"norwood.mouth",0.925345622119816,4.47163824884793
14,2021-07-27 23:10:00,14.566,"norwood.mouth",0.967090909090909,4.27994787878788
14,2021-07-27 23:25:00,14.441,"norwood.mouth",0.985865724381625,4.1081148409894
14,2021-07-27 23:35:00,15.004,"norwood.mouth",0.871401028277635,3.84289652956298
14,2021-07-27 23:45:00,14.942,"norwood.mouth",0.872002820874471,3.60066008462623
14,2021-07-28,14.754,"norwood.mouth",0.9,3.58675
14,2021-07-28 00:10:00,14.942,"norwood.mouth",0.855964653902798,3.26738402061856
14,2021-07-28 00:25:00,15.192,"norwood.mouth",0.825810239549084,3.41052207609206
14,2021-07-28 00:35:00,15.38,"norwood.mouth",0.803604816986214,3.60457756298526
14,2021-07-28 00:45:00,15.255,"norwood.mouth",0.816995387307142,3.30556354382058
14,2021-07-28 01:00:00,15.067,"norwood.mouth",0.827825464949928,3.30034477825465
14,2021-07-28 01:10:00,15.192,"norwood.mouth",0.81049089469517,3.387927949327
14,2021-07-28 01:25:00,15.004,"norwood.mouth",0.82056957004601,3.11398939658364
14,2021-07-28 01:35:00,14.441,"norwood.mouth",0.898431734317343,2.59906273062731
14,2021-07-28 01:45:00,13.877,"norwood.mouth",1.06444536423841,2.64422185430464
14,2021-07-28 02:00:00,14.754,"norwood.mouth",0.825422791212265,2.71665183604657
14,2021-07-28 02:10:00,15.192,"norwood.mouth",0.795037180730682,3.04073466968423
14,2021-07-28 02:25:00,15.944,"norwood.mouth",0.725,3.561375
14,2021-07-28 02:35:00,15.13,"norwood.mouth",0.788366215555193,2.92121897929235
14,2021-07-28 02:45:00,15.255,"norwood.mouth",0.778818586258033,3.12025803262482
14,2021-07-28 03:00:00,14.879,"norwood.mouth",0.823067715458276,2.79193664500684
14,2021-07-28 03:10:00,15.004,"norwood.mouth",0.791469387755102,2.81484489795918
14,2021-07-28 03:25:00,15.255,"norwood.mouth",0.773095944609298,3.04338419057039
14,2021-07-28 03:35:00,14.817,"norwood.mouth",0.807680250783699,2.56833542319749
14,2021-07-28 03:45:00,14.817,"norwood.mouth",0.806227287743641,2.47241030723489
14,2021-07-28 04:00:00,14.942,"norwood.mouth",0.790231572080887,2.78405718634486
14,2021-07-28 04:10:00,15.255,"norwood.mouth",0.761929017417023,3.09950980392157
14,2021-07-28 04:25:00,14.942,"norwood.mouth",0.799582815551216,2.83358660275756
14,2021-07-28 04:35:00,15.255,"norwood.mouth",0.759916666666667,2.9874775
14,2021-07-28 04:45:00,15.631,"norwood.mouth",0.728583333333333,3.16537402777778
14,2021-07-28 05:00:00,15.192,"norwood.mouth",0.773777315296566,3.1308737426292
14,2021-07-28 05:10:00,14.691,"norwood.mouth",0.806032542842306,2.50797951647337
14,2021-07-28 05:25:00,15.067,"norwood.mouth",0.76507681917947,2.96189633631606
14,2021-07-28 05:35:00,15.004,"norwood.mouth",0.769083576454436,2.75852534179967
14,2021-07-28 05:45:00,15.13,"norwood.mouth",0.757464212678936,2.79703510565781
14,2021-07-28 06:00:00,15.255,"norwood.mouth",0.734136072751768,2.95765207140451
14,2021-07-28 06:10:00,15.693,"norwood.mouth",0.696880749289179,3.3616234041367
14,2021-07-28 06:25:00,15.38,"norwood.mouth",0.718267581475128,3.01155917667239
14,2021-07-28 06:35:00,15.693,"norwood.mouth",0.690795591527467,3.36258618908214
14,2021-07-28 06:45:00,15.318,"norwood.mouth",0.720889998278533,3.15630573248408
14,2021-07-28 07:00:00,15.819,"norwood.mouth",0.679946616152919,3.3848975374548
14,2021-07-28 07:10:00,15.38,"norwood.mouth",0.717196956596922,3.28970517032682
14,2021-07-28 07:25:00,15.13,"norwood.mouth",0.72656116338751,2.995749786142
14,2021-07-28 07:35:00,15.38,"norwood.mouth",0.706875743668196,3.18766264377585
14,2021-07-28 07:45:00,15.318,"norwood.mouth",0.721016023947878,2.99218627105711
14,2021-07-28 08:00:00,15.443,"norwood.mouth",0.69870979144574,3.24545481324378
14,2021-07-28 08:10:00,15.568,"norwood.mouth",0.680729628972129,3.51382188295165
14,2021-07-28 08:25:00,14.879,"norwood.mouth",0.742514224751067,3.01360686344239
14,2021-07-28 08:35:00,15.38,"norwood.mouth",0.698064345059219,3.58710482587944
14,2021-07-28 08:45:00,15.255,"norwood.mouth",0.70456645344705,3.51977437218669
14,2021-07-28 09:00:00,15.067,"norwood.mouth",0.716129314876467,3.587231294901
14,2021-07-28 09:10:00,15.13,"norwood.mouth",0.718416447944007,3.6477693205016
14,2021-07-28 09:25:00,14.629,"norwood.mouth",0.765147265077139,3.45409747545582
14,2021-07-28 09:35:00,14.817,"norwood.mouth",0.75458347856396,3.81718351341931
14,2021-07-28 09:45:00,14.942,"norwood.mouth",0.73493023255814,4.01512031007752
14,2021-07-28 10:00:00,14.754,"norwood.mouth",0.751772660818714,3.96414510233918
14,2021-07-28 10:10:00,14.378,"norwood.mouth",0.796740858505564,3.83485400105988
14,2021-07-28 10:25:00,14.629,"norwood.mouth",0.772252700154294,4.0011588090748
14,2021-07-28 10:35:00,14.253,"norwood.mouth",0.802950558213716,3.85762918660287
14,2021-07-28 10:45:00,14.065,"norwood.mouth",0.818638449770525,3.75041228964814
14,2021-07-28 11:00:00,14.754,"norwood.mouth",0.781263084438241,4.31224866247965
14,2021-07-28 11:10:00,14.441,"norwood.mouth",0.800394105551748,4.32539838930775
14,2021-07-28 11:25:00,14.065,"norwood.mouth",0.847416465725112,3.95550034447124
14,2021-07-28 11:35:00,14.441,"norwood.mouth",0.812629522677085,4.27327523922768
14,2021-07-28 11:45:00,14.19,"norwood.mouth",0.837126245847176,4.45578073089701
14,2021-07-28 12:00:00,14.065,"norwood.mouth",0.97127659574468,4.22202127659575
14,2021-07-28 12:10:00,15.318,"norwood.mouth",0.75118968935889,5.12781747080855
14,2021-07-28 12:25:00,14.942,"norwood.mouth",0.793996710526316,5.18596998355263
14,2021-07-28 12:35:00,14.441,"norwood.mouth",0.832210822439186,4.84007402504275
14,2021-07-28 12:45:00,14.127,"norwood.mouth",0.8725,4.832625
14,2021-07-28 13:00:00,14.002,"norwood.mouth",1.05399325084364,4.68171175478065
14,2021-07-28 13:10:00,14.065,"norwood.mouth",1.08567279767667,5.0123550338819
14,2021-07-28 13:25:00,13.814,"norwood.mouth",1.19554695062924,5.05064069054534
14,2021-07-28 13:35:00,13.939,"norwood.mouth",1.17345050878816,5.24367853839038
14,2021-07-28 13:45:00,13.814,"norwood.mouth",1.24212962962963,5.16609567901235
14,2021-07-28 14:00:00,14.002,"norwood.mouth",1.10398613518198,5.66437088388215
14,2021-07-28 14:10:00,13.939,"norwood.mouth",1.18705673758865,5.71216046099291
14,2021-07-28 14:25:00,14.065,"norwood.mouth",1.16013071895425,5.89167864923747
14,2021-07-28 14:35:00,14.19,"norwood.mouth",1.15360169491525,6.2732206920904
14,2021-07-28 14:45:00,14.253,"norwood.mouth",1.09545454545455,6.561
14,2021-07-28 15:00:00,14.691,"norwood.mouth",0.979294478527607,6.61321625766871
14,2021-07-28 15:10:00,15.067,"norwood.mouth",0.935420240137221,6.78171355060034
14,2021-07-28 15:25:00,14.629,"norwood.mouth",1.06390977443609,7.03754573934837
14,2021-07-28 15:35:00,14.754,"norwood.mouth",1.04434149569821,7.47398919038165
14,2021-07-28 15:45:00,14.503,"norwood.mouth",1.16196319018405,7.02088036809816
14,2021-07-28 16:00:00,14.691,"norwood.mouth",1.08628926701571,7.43957018979058
14,2021-07-28 16:10:00,15.192,"norwood.mouth",0.997517039922103,8.07507740993184
14,2021-07-28 16:25:00,15.318,"norwood.mouth",0.968195266272189,8.06461094674556
14,2021-07-28 16:35:00,15.318,"norwood.mouth",0.961601981833196,7.9087093311313
14,2021-07-28 16:45:00,15.255,"norwood.mouth",0.957775377969762,7.964562275018
14,2021-07-28 17:00:00,15.255,"norwood.mouth",0.96282514450867,7.96101192196532
14,2021-07-28 17:10:00,15.568,"norwood.mouth",0.925049833887043,8.19805930232558
14,2021-07-28 17:25:00,15.004,"norwood.mouth",0.986460348162476,8.30203513862024
14,2021-07-28 17:35:00,15.192,"norwood.mouth",0.970696843359142,7.81401533650983
14,2021-07-28 17:45:00,14.879,"norwood.mouth",1.0115925058548,8.09106323185012
14,2021-07-28 18:00:00,14.879,"norwood.mouth",1.00326612903226,8.40224153225806
14,2021-07-28 18:10:00,15.004,"norwood.mouth",0.994148020654045,8.47630981067126
14,2021-07-28 18:25:00,14.879,"norwood.mouth",1.01225247524753,8.48406868811881
14,2021-07-28 18:35:00,14.691,"norwood.mouth",1.08919902912621,8.42529550970874
14,2021-07-28 18:45:00,14.629,"norwood.mouth",1.10725931677019,8.37348971273292
14,2021-07-28 19:00:00,14.691,"norwood.mouth",1.10488970588235,8.33958143382353
14,2021-07-28 19:10:00,14.629,"norwood.mouth",1.11275548826646,8.22636979560939
14,2021-07-28 19:25:00,14.879,"norwood.mouth",1.04296817172465,8.07620170244263
14,2021-07-28 19:35:00,15.318,"norwood.mouth",0.960807113543092,8.11755813953488
14,2021-07-28 19:45:00,14.754,"norwood.mouth",1.07852807283763,7.97760394537177
14,2021-07-28 20:00:00,14.691,"norwood.mouth",1.09617067833698,7.7920886214442
14,2021-07-28 20:10:00,14.817,"norwood.mouth",1.03290993071594,7.80889838337182
14,2021-07-28 20:25:00,14.754,"norwood.mouth",1.04544084400904,7.66338149962321
14,2021-07-28 20:35:00,14.629,"norwood.mouth",1.0428219852338,7.63763453650533
14,2021-07-28 20:45:00,14.817,"norwood.mouth",1.03682943603851,7.49315130674003
14,2021-07-28 21:00:00,15.631,"norwood.mouth",0.887426614481409,7.04374437377691
14,2021-07-28 21:10:00,15.819,"norwood.mouth",0.854777992277992,6.66198841698842
14,2021-07-28 21:25:00,16.32,"norwood.mouth",0.790045804024211,6.80594181798353
14,2021-07-28 21:35:00,16.445,"norwood.mouth",0.778700806849992,6.55230671277238
14,2021-07-28 21:45:00,15.819,"norwood.mouth",0.82143320889466,6.11087734675107
14,2021-07-28 22:00:00,16.069,"norwood.mouth",0.797620594445347,5.89960825077148
14,2021-07-28 22:10:00,15.568,"norwood.mouth",0.83227462303497,5.58278956796065
14,2021-07-28 22:25:00,14.503,"norwood.mouth",0.980570801317234,5.33642096597146
14,2021-07-28 22:35:00,14.691,"norwood.mouth",0.967520372526193,5.10979627473807
14,2021-07-28 22:45:00,15.38,"norwood.mouth",0.83513986013986,4.68617482517483
14,2021-07-28 23:00:00,15.067,"norwood.mouth",0.862373371924747,4.21630318379161
14,2021-07-28 23:10:00,14.127,"norwood.mouth",1.11352019785655,4.53913314097279
14,2021-07-28 23:25:00,14.629,"norwood.mouth",0.926857585139319,3.8247689628483
14,2021-07-28 23:35:00,14.879,"norwood.mouth",0.859090909090909,3.68510606060606
14,2021-07-28 23:45:00,17.322,"norwood.mouth",0.659610225658829,5.48857045920782
14,2021-07-29,15.13,"norwood.mouth",0.828312678741659,3.43158428662218
14,2021-07-29 00:10:00,14.817,"norwood.mouth",0.853296703296703,3.15671428571429
14,2021-07-29 00:25:00,14.253,"norwood.mouth",0.99677734375,3.25319384765625
14,2021-07-29 00:35:00,13.939,"norwood.mouth",1.08691471571906,3.15058047658863
14,2021-07-29 00:45:00,14.253,"norwood.mouth",0.984662045060659,2.97960745233969
14,2021-07-29 01:00:00,15.38,"norwood.mouth",0.795432300163132,3.29421778140294
14,2021-07-29 01:10:00,15.13,"norwood.mouth",0.808555071762619,3.16567042950062
14,2021-07-29 01:25:00,15.568,"norwood.mouth",0.752508496520473,3.62374283864703
14,2021-07-29 01:35:00,14.879,"norwood.mouth",0.817538586515028,2.86536620633631
14,2021-07-29 01:45:00,15.13,"norwood.mouth",0.795908346972177,3.08991093835243
14,2021-07-29 02:00:00,15.004,"norwood.mouth",0.803140174813856,2.88768120751052
14,2021-07-29 02:10:00,15.13,"norwood.mouth",0.789081385979049,2.89538356164384
14,2021-07-29 02:25:00,15.506,"norwood.mouth",0.753484824152883,3.11984342379958
14,2021-07-29 02:35:00,15.38,"norwood.mouth",0.770636228778638,2.88063771221362
14,2021-07-29 02:45:00,15.192,"norwood.mouth",0.778851815505397,2.85821671573438
14,2021-07-29 03:00:00,15.318,"norwood.mouth",0.767786362109506,3.00809021946031
14,2021-07-29 03:10:00,15.255,"norwood.mouth",0.762883133912473,2.93213385783751
14,2021-07-29 03:25:00,15.443,"norwood.mouth",0.745065958540346,3.04891882245446
14,2021-07-29 03:35:00,15.568,"norwood.mouth",0.737574950033311,2.99367838107928
14,2021-07-29 03:45:00,15.506,"norwood.mouth",0.746770869117142,2.97506526966678
14,2021-07-29 04:00:00,15.443,"norwood.mouth",0.740154052243804,2.93131792810895
14,2021-07-29 04:10:00,15.255,"norwood.mouth",0.758235497237569,2.77465679673112
14,2021-07-29 04:25:00,15.067,"norwood.mouth",0.769711785898096,2.63979722079259
14,2021-07-29 04:35:00,15.568,"norwood.mouth",0.725713544369486,3.0863572911261
14,2021-07-29 04:45:00,15.568,"norwood.mouth",0.729258605472198,3.00046072374228
14,2021-07-29 05:00:00,15.443,"norwood.mouth",0.734827463536108,2.92846439582592
14,2021-07-29 05:10:00,15.693,"norwood.mouth",0.712078152753108,3.11853152753108
14,2021-07-29 05:25:00,15.192,"norwood.mouth",0.752624816446402,2.67907608296623
14,2021-07-29 05:35:00,15.693,"norwood.mouth",0.700027875859506,3.29048727002416
14,2021-07-29 05:45:00,15.819,"norwood.mouth",0.691017634092579,3.35281153563556
14,2021-07-29 06:00:00,15.693,"norwood.mouth",0.690630797773655,3.31239672232529
14,2021-07-29 06:10:00,15.318,"norwood.mouth",0.720562534134353,2.97390988530857
14,2021-07-29 06:25:00,15.318,"norwood.mouth",0.720483005366726,2.84153488372093
14,2021-07-29 06:35:00,15.318,"norwood.mouth",0.713139329805996,2.91585126396237
14,2021-07-29 06:45:00,15.004,"norwood.mouth",0.747708821937579,2.6333288832762
14,2021-07-29 07:00:00,14.817,"norwood.mouth",0.758052434456929,2.52616167290886
14,2021-07-29 07:10:00,14.817,"norwood.mouth",0.766483516483516,2.43327838827839
14,2021-07-29 07:25:00,15.067,"norwood.mouth",0.735823198402614,2.76668342711926
14,2021-07-29 07:35:00,15.318,"norwood.mouth",0.706119673617407,3.06980643699003
14,2021-07-29 07:45:00,15.443,"norwood.mouth",0.699005761010965,3.08098835408536
14,2021-07-29 08:00:00,15.13,"norwood.mouth",0.726271499907527,2.86007897170335
14,2021-07-29 08:10:00,15.255,"norwood.mouth",0.712284523584012,3.1516720338448
14,2021-07-29 08:25:00,15.067,"norwood.mouth",0.722160690820349,3.04352768913084
14,2021-07-29 08:35:00,14.566,"norwood.mouth",0.766035592578569,2.63699741259624
14,2021-07-29 08:45:00,14.879,"norwood.mouth",0.746751519756839,2.86489567502533
14,2021-07-29 09:00:00,14.817,"norwood.mouth",0.74035418236624,3.21759419743783
14,2021-07-29 09:10:00,15.13,"norwood.mouth",0.719169299386731,3.53931016539677
14,2021-07-29 09:25:00,15.004,"norwood.mouth",0.730469483568075,3.72357574334898
14,2021-07-29 09:35:00,14.942,"norwood.mouth",0.726551213187627,3.68740223498179
14,2021-07-29 09:45:00,14.629,"norwood.mouth",0.76417638483965,3.54594515306122
14,2021-07-29 10:00:00,14.942,"norwood.mouth",0.745302619692864,3.98108882866606
14,2021-07-29 10:10:00,14.503,"norwood.mouth",0.791076537911302,3.79701281592752
14,2021-07-29 10:25:00,14.566,"norwood.mouth",0.792499141778235,3.85908610825037
14,2021-07-29 10:35:00,14.441,"norwood.mouth",0.811475409836066,3.99305327868852
14,2021-07-29 10:45:00,14.315,"norwood.mouth",0.819793887704335,3.8942781331438
14,2021-07-29 11:00:00,14.253,"norwood.mouth",0.821892959770115,3.84576454741379
14,2021-07-29 11:10:00,14.629,"norwood.mouth",0.796212121212121,4.36569823232323
14,2021-07-29 11:25:00,14.315,"norwood.mouth",0.824063400576369,3.95896829971182
14,2021-07-29 11:35:00,14.19,"norwood.mouth",0.835459662288931,4.34842745465916
14,2021-07-29 11:45:00,14.127,"norwood.mouth",0.860862068965517,4.22517413793104
14,2021-07-29 12:00:00,14.378,"norwood.mouth",0.836961743009093,4.51591731000171
14,2021-07-29 12:10:00,14.065,"norwood.mouth",0.993611544461779,3.90452137285491
14,2021-07-29 12:25:00,14.065,"norwood.mouth",0.980603448275864,4.06128663793103
14,2021-07-29 12:35:00,14.441,"norwood.mouth",0.831073274551535,4.52205123137732
14,2021-07-29 12:45:00,14.378,"norwood.mouth",0.840541960666567,5.31040534454286
14,2021-07-29 13:00:00,14.691,"norwood.mouth",0.816686148451198,5.1471934541204
14,2021-07-29 13:10:00,14.315,"norwood.mouth",0.845418181818182,5.24449963636364
14,2021-07-29 13:25:00,14.503,"norwood.mouth",0.846252723311547,5.7480339869281
14,2021-07-29 13:35:00,14.127,"norwood.mouth",1.03768278965129,5.08734289463817
14,2021-07-29 13:45:00,14.566,"norwood.mouth",0.862,5.68604
14,2021-07-29 14:00:00,14.315,"norwood.mouth",0.981153184165233,6.31077452667814
14,2021-07-29 14:10:00,14.253,"norwood.mouth",1.09239130434783,5.75320108695652
14,2021-07-29 14:25:00,14.19,"norwood.mouth",1.15808823529412,5.7444987745098
14,2021-07-29 14:35:00,14.127,"norwood.mouth",1.19951923076923,5.93632051282051
14,2021-07-29 14:45:00,14.879,"norwood.mouth",0.963650306748466,6.90788573619632
14,2021-07-29 15:00:00,14.253,"norwood.mouth",1.17982456140351,6.53946783625731
14,2021-07-29 15:10:00,14.378,"norwood.mouth",1.12992424242424,6.71003851010101
14,2021-07-29 15:25:00,14.879,"norwood.mouth",1.04201954397394,7.17327198697068
14,2021-07-29 15:35:00,14.19,"norwood.mouth",1.27677459526775,6.79755853051058
14,2021-07-29 15:45:00,14.754,"norwood.mouth",1.1027180783818,7.576601348504
14,2021-07-29 16:00:00,14.691,"norwood.mouth",1.16115942028985,7.12905724637681
14,2021-07-29 16:10:00,14.817,"norwood.mouth",1.13198324022346,7.26477164804469
14,2021-07-29 16:25:00,15.192,"norwood.mouth",1.03924418604651,7.54257703488372
14,2021-07-29 16:35:00,14.879,"norwood.mouth",1.13338167053364,7.59454843387471
14,2021-07-29 16:45:00,15.13,"norwood.mouth",1.06786542923434,7.7464373549884
14,2021-07-29 17:00:00,15.13,"norwood.mouth",1.09613866967306,7.85929565952649
14,2021-07-29 17:10:00,14.879,"norwood.mouth",1.16232142857143,7.93856696428571
14,2021-07-29 17:25:00,15.13,"norwood.mouth",1.09508928571429,8.26839955357143
14,2021-07-29 17:35:00,14.817,"norwood.mouth",1.17977667493797,8.12362158808933
14,2021-07-29 17:45:00,15.067,"norwood.mouth",1.11683229813665,8.29455900621118
14,2021-07-29 18:00:00,15.693,"norwood.mouth",0.988870703764321,8.64036633933442
14,2021-07-29 18:10:00,15.004,"norwood.mouth",1.13742857142857,8.56965523809524
14,2021-07-29 18:25:00,15.004,"norwood.mouth",1.15613349368611,8.41048616957306
14,2021-07-29 18:35:00,15.004,"norwood.mouth",1.14906073888541,8.50442266750157
14,2021-07-29 18:45:00,15.192,"norwood.mouth",1.10021354484442,8.69088010982306
14,2021-07-29 19:00:00,15.192,"norwood.mouth",1.10182889026658,8.72725542467452
14,2021-07-29 19:10:00,15.38,"norwood.mouth",1.09607843137255,8.64461111111111
14,2021-07-29 19:25:00,14.754,"norwood.mouth",1.24986965589155,8.43902085505735
14,2021-07-29 19:35:00,15.004,"norwood.mouth",1.16326987681971,8.40918645016797
14,2021-07-29 19:45:00,14.691,"norwood.mouth",1.24064994298746,8.31039908779932
14,2021-07-29 20:00:00,14.942,"norwood.mouth",1.18153409090909,8.25038068181818
14,2021-07-29 20:10:00,14.817,"norwood.mouth",1.20785973397823,8.17858192261185
14,2021-07-29 20:25:00,14.629,"norwood.mouth",1.22781602002503,7.96322700250313
14,2021-07-29 20:35:00,15.693,"norwood.mouth",0.972202034883721,7.84601653343023
14,2021-07-29 20:45:00,16.007,"norwood.mouth",0.932592862345229,7.57252294246176
14,2021-07-29 21:00:00,14.817,"norwood.mouth",1.14701306782825,7.35374984443062
14,2021-07-29 21:10:00,14.629,"norwood.mouth",1.20263313609467,7.19308062130178
14,2021-07-29 21:25:00,14.691,"norwood.mouth",1.1377245508982,6.93391766467066
14,2021-07-29 21:35:00,14.879,"norwood.mouth",1.09668956901936,6.61771736414741
14,2021-07-29 21:45:00,15.192,"norwood.mouth",0.98919028340081,6.27501943319838
14,2021-07-29 22:00:00,15.318,"norwood.mouth",0.967070116861436,5.88267925709516
14,2021-07-29 22:10:00,15.13,"norwood.mouth",0.983102493074792,5.51777331486611
14,2021-07-29 22:25:00,14.691,"norwood.mouth",1.07582530949106,5.36735866574966
14,2021-07-29 22:35:00,15.255,"norwood.mouth",0.938002114164905,5.03024260042283
14,2021-07-29 22:45:00,14.754,"norwood.mouth",1.05470941883768,4.85396993987976
14,2021-07-29 23:00:00,14.566,"norwood.mouth",1.06534867002157,4.57682692307692
14,2021-07-29 23:10:00,14.441,"norwood.mouth",1.10518227305218,4.36176125804146
14,2021-07-29 23:25:00,14.441,"norwood.mouth",1.08616305160808,4.15822700074794
14,2021-07-29 23:35:00,14.441,"norwood.mouth",1.06974664679583,4.01523695976155
14,2021-07-29 23:45:00,14.754,"norwood.mouth",0.973018292682927,3.68914024390244
14,2021-07-30,14.378,"norwood.mouth",1.05519902518278,3.50072298943948
14,2021-07-30 00:10:00,14.566,"norwood.mouth",0.994032258064516,3.2748690860215
14,2021-07-30 00:25:00,14.441,"norwood.mouth",1.00573705179283,3.02281912350598
14,2021-07-30 00:35:00,14.503,"norwood.mouth",0.986624203821656,2.88963694267516
14,2021-07-30 00:45:00,14.441,"norwood.mouth",0.98296943231441,2.85862008733624
14,2021-07-30 01:00:00,14.441,"norwood.mouth",0.983421891604676,2.84755924548353
14,2021-07-30 01:10:00,14.879,"norwood.mouth",0.894194756554307,2.59794382022472
14,2021-07-30 01:25:00,14.817,"norwood.mouth",0.88920704845815,2.51205947136564
14,2021-07-30 01:35:00,14.879,"norwood.mouth",0.89341286307054,2.48188329875519
14,2021-07-30 01:45:00,14.942,"norwood.mouth",0.845444883085332,2.42407075614941
14,2021-07-30 02:00:00,14.503,"norwood.mouth",0.929943899018233,2.1872762973352
14,2021-07-30 02:10:00,14.503,"norwood.mouth",0.92810650887574,2.1571775147929
14,2021-07-30 02:25:00,14.503,"norwood.mouth",0.904564606741573,2.04826615168539
14,2021-07-30 02:35:00,14.441,"norwood.mouth",0.922488839285714,2.07782254464286
14,2021-07-30 02:45:00,14.629,"norwood.mouth",0.90232181425486,2.13040982721382
14,2021-07-30 03:00:00,14.754,"norwood.mouth",0.871844660194175,1.96305339805825
14,2021-07-30 03:10:00,14.629,"norwood.mouth",0.846279646566424,1.82130103859867
14,2021-07-30 03:25:00,14.754,"norwood.mouth",0.845125,1.816473125
14,2021-07-30 03:35:00,15.067,"norwood.mouth",0.814237790606959,2.28162193789983
14,2021-07-30 03:45:00,14.879,"norwood.mouth",0.822547213265776,2.07910947336097
14,2021-07-30 04:00:00,15.38,"norwood.mouth",0.791411764705882,2.38355529411765
14,2021-07-30 04:10:00,15.13,"norwood.mouth",0.807613814756672,2.14899843014129
14,2021-07-30 04:25:00,14.817,"norwood.mouth",0.824055494591629,2.10033215760046
14,2021-07-30 04:35:00,14.817,"norwood.mouth",0.829457616109126,1.90552790408141
14,2021-07-30 04:45:00,14.879,"norwood.mouth",0.820784906861965,2.08981300748288
14,2021-07-30 05:00:00,14.817,"norwood.mouth",0.819545165394402,2.15281334817642
14,2021-07-30 05:10:00,14.754,"norwood.mouth",0.835578526175392,1.92189332555296
14,2021-07-30 05:25:00,15.506,"norwood.mouth",0.768724448078495,2.47776315072227
14,2021-07-30 05:35:00,15.38,"norwood.mouth",0.780973895582329,2.37122581994645
14,2021-07-30 05:45:00,16.445,"norwood.mouth",0.691131756756757,3.20781376689189
14,2021-07-30 06:00:00,15.693,"norwood.mouth",0.745757974350543,2.5871435931163
14,2021-07-30 06:10:00,15.568,"norwood.mouth",0.759075630252101,2.47911708683473
14,2021-07-30 06:25:00,17.134,"norwood.mouth",0.618323293172691,3.76544318942436
14,2021-07-30 06:35:00,15.944,"norwood.mouth",0.712609269338611,2.85160030787839
14,2021-07-30 06:45:00,16.633,"norwood.mouth",0.654934210526316,3.42216282894737
14,2021-07-30 07:00:00,15.881,"norwood.mouth",0.712122448979592,2.75729836734694
14,2021-07-30 07:10:00,15.944,"norwood.mouth",0.70701526469633,2.94555992205261
14,2021-07-30 07:25:00,16.069,"norwood.mouth",0.710257768361582,3.1869348222693
14,2021-07-30 07:35:00,15.631,"norwood.mouth",0.731756194911026,2.77730251122568
14,2021-07-30 07:45:00,15.756,"norwood.mouth",0.712900561612157,2.89812256359432
14,2021-07-30 08:00:00,15.443,"norwood.mouth",0.74459049544995,2.58885085945399
14,2021-07-30 08:10:00,15.881,"norwood.mouth",0.702235639686684,3.07347824194952
14,2021-07-30 08:25:00,16.069,"norwood.mouth",0.68900980229274,3.33177222129922
14,2021-07-30 08:35:00,15.443,"norwood.mouth",0.742006215469613,2.9557645890884
14,2021-07-30 08:45:00,15.38,"norwood.mouth",0.740119107532293,3.09282407873399
14,2021-07-30 09:00:00,15.255,"norwood.mouth",0.746019900497512,3.16625207296849
14,2021-07-30 09:10:00,15.13,"norwood.mouth",0.761183117314722,3.10222335770466
14,2021-07-30 09:25:00,14.942,"norwood.mouth",0.779770469338815,3.32078542879982
14,2021-07-30 09:35:00,14.754,"norwood.mouth",0.788389017532253,3.44754824126144
14,2021-07-30 09:45:00,14.691,"norwood.mouth",0.805683181896108,3.45213157894737
14,2021-07-30 10:00:00,14.441,"norwood.mouth",0.81971218206158,3.63775479696564
14,2021-07-30 10:10:00,14.566,"norwood.mouth",0.811903183023873,3.88877287798409
14,2021-07-30 10:25:00,14.691,"norwood.mouth",0.80691382765531,4.08175985303941
14,2021-07-30 10:35:00,14.315,"norwood.mouth",0.835723609071627,3.97727111546201
14,2021-07-30 10:45:00,14.127,"norwood.mouth",0.888922888616891,3.90035495716034
14,2021-07-30 11:00:00,14.065,"norwood.mouth",0.90873388042204,4.15261957796014
14,2021-07-30 11:10:00,14.065,"norwood.mouth",0.912238219895288,4.41263121727749
14,2021-07-30 11:25:00,14.19,"norwood.mouth",0.907317073170732,4.56145325203252
14,2021-07-30 11:35:00,13.939,"norwood.mouth",0.963328729281768,4.39172513812155
14,2021-07-30 11:45:00,13.939,"norwood.mouth",0.968775510204082,4.28746734693878
14,2021-07-30 12:00:00,14.127,"norwood.mouth",0.941119005328597,4.64048579040853
14,2021-07-30 12:10:00,13.752,"norwood.mouth",1.09488272921109,4.58996961620469
14,2021-07-30 12:25:00,13.689,"norwood.mouth",1.09008528784648,4.62339800995025
14,2021-07-30 12:35:00,13.689,"norwood.mouth",1.10287846481876,4.61593674484719
14,2021-07-30 12:45:00,14.065,"norwood.mouth",0.968326693227092,5.1237390438247
14,2021-07-30 13:00:00,14.19,"norwood.mouth",0.974068554396423,5.27986289120715
14,2021-07-30 13:10:00,13.814,"norwood.mouth",1.10750507099391,5.60974695740365
14,2021-07-30 13:25:00,13.877,"norwood.mouth",1.01373684210526,5.8036597368421
14,2021-07-30 13:35:00,14.002,"norwood.mouth",0.988667366211962,5.80310073452256
14,2021-07-30 13:45:00,13.939,"norwood.mouth",0.995592163846839,6.2766500445236
14,2021-07-30 14:00:00,15.192,"norwood.mouth",0.826481655691439,7.04884571966134
14,2021-07-30 14:10:00,14.441,"norwood.mouth",0.940902081727062,6.96108828064765
14,2021-07-30 14:25:00,14.002,"norwood.mouth",0.994666666666667,6.60821777777778
14,2021-07-30 14:35:00,14.127,"norwood.mouth",0.979615082482325,6.84366692851532
14,2021-07-30 14:45:00,14.19,"norwood.mouth",0.962918838421445,7.20643000744602
14,2021-07-30 15:00:00,14.566,"norwood.mouth",0.941640178003814,7.32491052129688
14,2021-07-30 15:10:00,14.378,"norwood.mouth",0.952306600425834,7.21021770759404
14,2021-07-30 15:25:00,13.939,"norwood.mouth",0.999136276391555,7.3473339731286
14,2021-07-30 15:35:00,13.877,"norwood.mouth",1.02406659939455,7.12450756811302
14,2021-07-30 15:45:00,13.877,"norwood.mouth",1.05424300867888,6.82761041465767
14,2021-07-30 16:00:00,14.566,"norwood.mouth",0.933932584269663,7.54830786516854
14,2021-07-30 16:10:00,14.691,"norwood.mouth",0.939939230249831,7.68630925050642
14,2021-07-30 16:25:00,14.879,"norwood.mouth",0.917317073170732,7.6648487804878
14,2021-07-30 16:35:00,14.002,"norwood.mouth",1.13111760409058,7.16436011687363
14,2021-07-30 16:45:00,13.814,"norwood.mouth",1.17602842183994,7.06128534031414
14,2021-07-30 17:00:00,14.127,"norwood.mouth",1.06278890600924,7.21950282485876
14,2021-07-30 17:10:00,14.754,"norwood.mouth",0.930815109343936,7.48760586481113
14,2021-07-30 17:25:00,14.002,"norwood.mouth",1.124440433213,7.22657292418773
14,2021-07-30 17:35:00,13.877,"norwood.mouth",1.17896995708154,7.11073068669528
14,2021-07-30 17:45:00,14.002,"norwood.mouth",1.13963282937365,7.1370939524838
14,2021-07-30 18:00:00,14.253,"norwood.mouth",1.06962457337884,7.14339078498293
14,2021-07-30 18:10:00,13.939,"norwood.mouth",1.16300699300699,7.1869972027972
14,2021-07-30 18:25:00,14.503,"norwood.mouth",1.00059800664452,7.44111511627907
14,2021-07-30 18:35:00,14.127,"norwood.mouth",1.09296703296703,7.34753846153846
14,2021-07-30 18:45:00,14.19,"norwood.mouth",1.09642857142857,7.30933928571428
14,2021-07-30 19:00:00,14.503,"norwood.mouth",0.994325657894737,7.07099917763158
14,2021-07-30 19:10:00,14.19,"norwood.mouth",1.07872570194384,7.06953887688985
14,2021-07-30 19:25:00,14.002,"norwood.mouth",1.12029039463887,7.03954653760238
14,2021-07-30 19:35:00,14.002,"norwood.mouth",1.1172351233672,6.99166418722787
14,2021-07-30 19:45:00,13.939,"norwood.mouth",1.13227474150665,6.92632274741507
14,2021-07-30 20:00:00,14.127,"norwood.mouth",1.05535849056604,6.92425433962264
14,2021-07-30 20:10:00,14.503,"norwood.mouth",0.973811475409836,7.09382254098361
14,2021-07-30 20:25:00,16.633,"norwood.mouth",0.752145922746781,7.62915450643777
14,2021-07-30 20:35:00,14.441,"norwood.mouth",0.96764192139738,7.04451877729258
14,2021-07-30 20:45:00,14.127,"norwood.mouth",1.03157286044719,6.78436507324595
14,2021-07-30 21:00:00,14.065,"norwood.mouth",1.03729281767956,6.48982044198895
14,2021-07-30 21:10:00,14.19,"norwood.mouth",0.983708301008534,6.48795636152056
14,2021-07-30 21:25:00,14.315,"norwood.mouth",0.968097913322633,6.1650922953451
14,2021-07-30 21:35:00,16.821,"norwood.mouth",0.708681245858184,6.74665970841617
14,2021-07-30 21:45:00,14.19,"norwood.mouth",0.978207109737249,5.80540842349304
14,2021-07-30 22:00:00,14.065,"norwood.mouth",0.978609865470852,5.38933811659193
14,2021-07-30 22:10:00,14.817,"norwood.mouth",0.892441390460792,5.21428698464026
14,2021-07-30 22:25:00,14.566,"norwood.mouth",0.915744680851064,4.89434468085106
14,2021-07-30 22:35:00,13.626,"norwood.mouth",1.0888045540797,4.57123861480076
14,2021-07-30 22:45:00,13.814,"norwood.mouth",0.999440820130475,4.4456950139795
14,2021-07-30 23:00:00,13.689,"norwood.mouth",1.06244019138756,4.12137799043062
14,2021-07-30 23:10:00,13.626,"norwood.mouth",1.05169230769231,3.96371923076923
14,2021-07-30 23:25:00,13.877,"norwood.mouth",0.982610887096774,3.79412021169355
14,2021-07-30 23:35:00,13.814,"norwood.mouth",0.9853228962818,3.61085225048924
14,2021-07-30 23:45:00,13.626,"norwood.mouth",1.05768143261075,3.44595640904807
14,2021-07-31,13.689,"norwood.mouth",1.01120517928287,3.18788695219124
14,2021-07-31 00:10:00,13.877,"norwood.mouth",0.973878205128205,2.97310790598291
14,2021-07-31 00:25:00,13.752,"norwood.mouth",0.987749287749288,2.91992094017094
14,2021-07-31 00:35:00,13.752,"norwood.mouth",0.990810276679842,2.77611956521739
14,2021-07-31 00:45:00,14.065,"norwood.mouth",0.94862660944206,2.75449227467811
14,2021-07-31 01:00:00,14.817,"norwood.mouth",0.83175508180466,2.73664039001818
14,2021-07-31 01:10:00,14.065,"norwood.mouth",0.927205882352941,2.54746323529412
14,2021-07-31 01:25:00,14.19,"norwood.mouth",0.913888888888889,2.40200462962963
14,2021-07-31 01:35:00,13.939,"norwood.mouth",0.943963878326996,2.25409458174905
14,2021-07-31 01:45:00,14.065,"norwood.mouth",0.940141509433962,2.25789198113208
14,2021-07-31 02:00:00,14.065,"norwood.mouth",0.912339585389931,2.13015572556762
14,2021-07-31 02:10:00,14.378,"norwood.mouth",0.892010092514718,2.19866631623213
14,2021-07-31 02:25:00,14.253,"norwood.mouth",0.903690596562184,2.24166936299292
14,2021-07-31 02:35:00,14.002,"norwood.mouth",0.931048387096774,2.05698790322581
14,2021-07-31 02:45:00,13.877,"norwood.mouth",0.942613636363636,1.92442424242424
14,2021-07-31 03:00:00,14.378,"norwood.mouth",0.841785772958765,2.02255358414107
14,2021-07-31 03:10:00,14.441,"norwood.mouth",0.865380859375,1.99977197265625
14,2021-07-31 03:25:00,14.253,"norwood.mouth",0.891897044804576,1.96650476644423
14,2021-07-31 03:35:00,14.441,"norwood.mouth",0.866553727008712,1.95320522749274
14,2021-07-31 03:45:00,14.503,"norwood.mouth",0.845494714954081,1.98211424940796
14,2021-07-31 04:00:00,14.566,"norwood.mouth",0.843827160493827,1.87131687242799
14,2021-07-31 04:10:00,14.566,"norwood.mouth",0.840801804928844,1.80782864746037
14,2021-07-31 04:25:00,14.566,"norwood.mouth",0.840036388840755,1.77222096112748
14,2021-07-31 04:35:00,14.879,"norwood.mouth",0.82301702281782,1.98649939635398
14,2021-07-31 04:45:00,14.566,"norwood.mouth",0.856855575868373,1.74175
14,2021-07-31 05:00:00,14.691,"norwood.mouth",0.837690079652426,1.78789862418537
14,2021-07-31 05:10:00,14.629,"norwood.mouth",0.841823899371069,1.65055660377358
14,2021-07-31 05:25:00,14.566,"norwood.mouth",0.84900434467777,1.61087524137099
14,2021-07-31 05:35:00,15.004,"norwood.mouth",0.810777192663882,2.02110259669512
14,2021-07-31 05:45:00,14.817,"norwood.mouth",0.822368182641783,1.83873920396207
14,2021-07-31 06:00:00,15.443,"norwood.mouth",0.76654371080782,2.42499597319562
14,2021-07-31 06:10:00,15.004,"norwood.mouth",0.803018275798412,2.02182068795767
14,2021-07-31 06:25:00,14.879,"norwood.mouth",0.802075812274368,1.89816200361011
14,2021-07-31 06:35:00,14.879,"norwood.mouth",0.805996393146979,1.9611689209498
14,2021-07-31 06:45:00,14.879,"norwood.mouth",0.796434937611408,1.94747147950089
14,2021-07-31 07:00:00,14.942,"norwood.mouth",0.799449541284404,1.92052660550459
14,2021-07-31 07:10:00,14.879,"norwood.mouth",0.807530402245089,2.06194761459308
14,2021-07-31 07:25:00,14.817,"norwood.mouth",0.803089042308373,1.99724570720481
14,2021-07-31 07:35:00,14.691,"norwood.mouth",0.805297430482224,1.84700586647894
14,2021-07-31 07:45:00,15.255,"norwood.mouth",0.760270173555198,2.38500817081171
14,2021-07-31 08:00:00,14.754,"norwood.mouth",0.799540473665606,1.99888432308236
14,2021-07-31 08:10:00,14.879,"norwood.mouth",0.784708824580207,2.20809744551626
14,2021-07-31 08:25:00,15.067,"norwood.mouth",0.768354764840585,2.57629434560507
14,2021-07-31 08:35:00,14.754,"norwood.mouth",0.798232094288305,2.44010773647628
14,2021-07-31 08:45:00,14.754,"norwood.mouth",0.794049571714963,2.57786914525241
14,2021-07-31 09:00:00,14.691,"norwood.mouth",0.804154995331466,2.85586492374728
14,2021-07-31 09:10:00,14.629,"norwood.mouth",0.798828268033687,2.92820905040888
14,2021-07-31 09:25:00,14.378,"norwood.mouth",0.814857651245552,3.09520002965599
14,2021-07-31 09:35:00,14.253,"norwood.mouth",0.835294117647059,3.23952450980392
14,2021-07-31 09:45:00,14.065,"norwood.mouth",0.849649675950254,3.32963210136043
14,2021-07-31 10:00:00,14.378,"norwood.mouth",0.821335332510143,3.83062121479391
14,2021-07-31 10:10:00,14.127,"norwood.mouth",0.852404438964242,3.77000493218249
14,2021-07-31 10:25:00,13.814,"norwood.mouth",0.920352369380316,3.82600182260024
14,2021-07-31 10:35:00,13.689,"norwood.mouth",0.937648131267092,3.93785711030082
14,2021-07-31 10:45:00,14.065,"norwood.mouth",0.887985212569316,4.06938077634011
14,2021-07-31 11:00:00,13.814,"norwood.mouth",0.935861056751468,4.10293688845401
14,2021-07-31 11:10:00,13.689,"norwood.mouth",0.949953660797034,4.21878081556997
14,2021-07-31 11:25:00,13.752,"norwood.mouth",0.957602611940298,4.49718446828358
14,2021-07-31 11:35:00,14.127,"norwood.mouth",0.900607902735562,4.6576132218845
14,2021-07-31 11:45:00,14.002,"norwood.mouth",0.942435424354243,4.59592804428044
14,2021-07-31 12:00:00,13.626,"norwood.mouth",0.978267045454546,4.78267684659091
14,2021-07-31 12:10:00,13.626,"norwood.mouth",0.987337662337662,5.25199675324675
14,2021-07-31 12:25:00,13.877,"norwood.mouth",0.937626494940202,5.05779162833487
14,2021-07-31 12:35:00,13.564,"norwood.mouth",0.989123505976096,5.20571075697211
14,2021-07-31 12:45:00,13.877,"norwood.mouth",0.953634276970161,5.46704131599082
14,2021-07-31 13:00:00,13.438,"norwood.mouth",1.05220994475138,5.62404419889503
14,2021-07-31 13:10:00,13.501,"norwood.mouth",0.992723880597015,5.64713246268657
14,2021-07-31 13:25:00,13.752,"norwood.mouth",0.973547717842324,6.12917842323651
14,2021-07-31 13:35:00,13.939,"norwood.mouth",0.966492693110647,6.27574530271399
14,2021-07-31 13:45:00,14.002,"norwood.mouth",0.944742339832869,6.47661507660167
14,2021-07-31 14:00:00,14.002,"norwood.mouth",0.940298507462687,6.83811194029851
14,2021-07-31 14:10:00,13.877,"norwood.mouth",0.972832618025751,6.83599098712446
14,2021-07-31 14:25:00,14.503,"norwood.mouth",0.89818805093046,7.14476493633692
14,2021-07-31 14:35:00,13.877,"norwood.mouth",0.991328731665229,6.93910612597066
14,2021-07-31 14:45:00,14.002,"norwood.mouth",0.980714285714286,7.08254642857143
14,2021-07-31 15:00:00,13.752,"norwood.mouth",1.05236004390779,7.21646953896817
14,2021-07-31 15:10:00,13.752,"norwood.mouth",1.08223819301848,7.22828028747433
14,2021-07-31 15:25:00,13.939,"norwood.mouth",1.03950554994955,7.58912008072654
14,2021-07-31 15:35:00,14.002,"norwood.mouth",0.987467362924282,7.68099477806788
14,2021-07-31 15:45:00,13.939,"norwood.mouth",0.990530007794232,7.58004169914263
14,2021-07-31 16:00:00,13.689,"norwood.mouth",1.11937652811736,7.35718551344743
14,2021-07-31 16:10:00,14.127,"norwood.mouth",0.972858197932053,7.56484601181684
14,2021-07-31 16:25:00,14.19,"norwood.mouth",0.98677811550152,7.58391489361702
14,2021-07-31 16:35:00,14.315,"norwood.mouth",0.964666666666667,7.83269777777778
14,2021-07-31 16:45:00,14.19,"norwood.mouth",0.994766058683585,7.48933267248216
14,2021-07-31 17:00:00,14.127,"norwood.mouth",0.996313559322034,7.64965233050847
14,2021-07-31 17:10:00,14.065,"norwood.mouth",0.988870320855615,7.88184174465241
14,2021-07-31 17:25:00,14.002,"norwood.mouth",1.05869565217391,8.02747826086956
14,2021-07-31 17:35:00,14.315,"norwood.mouth",0.977782646801052,8.15917879053462
14,2021-07-31 17:45:00,14.315,"norwood.mouth",0.980683836589698,8.31817295737122
14,2021-07-31 18:00:00,15.004,"norwood.mouth",0.912212529738303,8.42604302141158
14,2021-07-31 18:10:00,14.127,"norwood.mouth",1.05439924314097,8.19140223904131
14,2021-07-31 18:25:00,14.19,"norwood.mouth",1.04136029411765,8.38379319852941
14,2021-07-31 18:35:00,14.065,"norwood.mouth",1.10158658204896,8.4057815049864
14,2021-07-31 18:45:00,14.065,"norwood.mouth",1.0857345971564,8.45079478672986
14,2021-07-31 19:00:00,14.503,"norwood.mouth",0.973882588392262,8.79067078052035
14,2021-07-31 19:10:00,14.253,"norwood.mouth",0.99887983706721,8.78547522063815
14,2021-07-31 19:25:00,14.566,"norwood.mouth",0.960921052631579,8.65289539473684
14,2021-07-31 19:35:00,14.253,"norwood.mouth",1.02509140767824,8.52419926873857
14,2021-07-31 19:45:00,14.19,"norwood.mouth",1.05100548446069,8.49805118829982
14,2021-07-31 20:00:00,14.19,"norwood.mouth",1.04170528266914,8.42976158480074
14,2021-07-31 20:10:00,13.939,"norwood.mouth",1.08788687299893,8.28231963713981
14,2021-07-31 20:25:00,13.939,"norwood.mouth",1.135,8.017025
14,2021-07-31 20:35:00,14.065,"norwood.mouth",1.02660788381743,8.03284439834025
14,2021-07-31 20:45:00,14.378,"norwood.mouth",0.984234930448223,8.09609814528593
14,2021-07-31 21:00:00,15.881,"norwood.mouth",0.809352725871701,8.09119771399217
14,2021-07-31 21:10:00,14.315,"norwood.mouth",0.980693069306931,7.6930495049505
14,2021-07-31 21:25:00,13.877,"norwood.mouth",1.09435483870968,7.40337096774194
14,2021-07-31 21:35:00,13.877,"norwood.mouth",1.08532242540905,7.21298315688162
14,2021-07-31 21:45:00,14.942,"norwood.mouth",0.870223084384093,6.94258462657614
14,2021-07-31 22:00:00,13.814,"norwood.mouth",1.09714867617108,6.73497963340122
14,2021-07-31 22:10:00,13.689,"norwood.mouth",1.14059459459459,6.4897772972973
14,2021-07-31 22:25:00,13.626,"norwood.mouth",1.13770491803279,6.2276393442623
14,2021-07-31 22:35:00,13.564,"norwood.mouth",1.17228033472803,5.92744769874477
14,2021-07-31 22:45:00,13.564,"norwood.mouth",1.16323092170466,5.75872522299306
14,2021-07-31 23:00:00,13.689,"norwood.mouth",1.07431662870159,5.39782716400911
14,2021-07-31 23:10:00,13.626,"norwood.mouth",1.08564231738035,5.21468870696893
14,2021-07-31 23:25:00,13.564,"norwood.mouth",1.11549132947977,4.99843670520231
14,2021-07-31 23:35:00,13.626,"norwood.mouth",1.02387267904509,4.78273938992043
14,2021-07-31 23:45:00,13.626,"norwood.mouth",1.04937655860349,4.62685847880299
14,2021-08-01,13.626,"norwood.mouth",1.08237986270023,4.24839530892449
14,2021-08-01 00:10:00,13.752,"norwood.mouth",0.99794921875,3.92725244140625
14,2021-08-01 00:25:00,13.689,"norwood.mouth",0.98968023255814,3.82879699612403
14,2021-08-01 00:35:00,13.877,"norwood.mouth",0.964455626715462,3.85482250686185
14,2021-08-01 00:45:00,15.004,"norwood.mouth",0.831704456606724,3.60845738858483
14,2021-08-01 01:00:00,13.564,"norwood.mouth",1.01773981603154,3.24991195795007
14,2021-08-01 01:10:00,13.501,"norwood.mouth",1.08913565426171,3.11718727490996
14,2021-08-01 01:25:00,13.376,"norwood.mouth",1.15192083818394,3.14552124563446
14,2021-08-01 01:35:00,13.501,"norwood.mouth",1.05141277641278,3.00066062653563
14,2021-08-01 01:45:00,13.626,"norwood.mouth",0.991393442622951,2.75412295081967
14,2021-08-01 02:00:00,13.376,"norwood.mouth",1.09659090909091,2.72792424242424
14,2021-08-01 02:10:00,13.501,"norwood.mouth",1.0123046875,2.68439453125
14,2021-08-01 02:25:00,13.438,"norwood.mouth",1.04701492537313,2.62258208955224
14,2021-08-01 02:35:00,13.501,"norwood.mouth",1.02472527472527,2.51567582417582
14,2021-08-01 02:45:00,13.814,"norwood.mouth",0.95467111534795,2.4149037178265
14,2021-08-01 03:00:00,13.689,"norwood.mouth",0.975919732441472,2.43862040133779
14,2021-08-01 03:10:00,13.814,"norwood.mouth",0.958435314685315,2.35969798951049
14,2021-08-01 03:25:00,13.689,"norwood.mouth",0.961100196463654,2.17230009823183
14,2021-08-01 03:35:00,13.626,"norwood.mouth",0.974810246679317,2.1260834914611
14,2021-08-01 03:45:00,13.626,"norwood.mouth",0.98886827458256,2.25307513914657
14,2021-08-01 04:00:00,13.939,"norwood.mouth",0.93944820909971,2.18805614714424
14,2021-08-01 04:10:00,13.689,"norwood.mouth",0.968816169393648,2.02177935514918
14,2021-08-01 04:25:00,13.752,"norwood.mouth",0.951674364896074,2.14139463048499
14,2021-08-01 04:35:00,13.689,"norwood.mouth",0.960798548094374,1.91013112522686
14,2021-08-01 04:45:00,13.814,"norwood.mouth",0.938037634408602,1.95209789426523
14,2021-08-01 05:00:00,13.814,"norwood.mouth",0.937533875338753,2.05254019873532
14,2021-08-01 05:10:00,13.752,"norwood.mouth",0.940329012961116,2.06703389830508
14,2021-08-01 05:25:00,13.814,"norwood.mouth",0.935130890052356,2.15222984293194
14,2021-08-01 05:35:00,13.877,"norwood.mouth",0.91016393442623,2.09205765027322
14,2021-08-01 05:45:00,14.065,"norwood.mouth",0.913013100436681,2.29880938864629
14,2021-08-01 06:00:00,14.441,"norwood.mouth",0.830902389993299,2.57990261335716
14,2021-08-01 06:10:00,14.378,"norwood.mouth",0.835909192574368,2.2167566539924
14,2021-08-01 06:25:00,14.19,"norwood.mouth",0.853071120689655,1.96483863146552
14,2021-08-01 06:35:00,14.253,"norwood.mouth",0.837541345093716,2.01024917309813
14,2021-08-01 06:45:00,14.19,"norwood.mouth",0.837038237200259,2.0287882912076
14,2021-08-01 07:00:00,14.002,"norwood.mouth",0.862927756653992,1.97028517110266
14,2021-08-01 07:10:00,14.253,"norwood.mouth",0.830571683787405,2.23290442161679
14,2021-08-01 07:25:00,14.253,"norwood.mouth",0.845898757909538,2.18318182173268
14,2021-08-01 07:35:00,14.127,"norwood.mouth",0.85487012987013,2.11876136363636
14,2021-08-01 07:45:00,14.19,"norwood.mouth",0.827489768076399,2.28392701227831
14,2021-08-01 08:00:00,14.19,"norwood.mouth",0.826261467889908,2.29917889908257
14,2021-08-01 08:10:00,14.503,"norwood.mouth",0.793601895734597,2.61795102685624
14,2021-08-01 08:25:00,14.19,"norwood.mouth",0.812803356770243,2.71152181144628
14,2021-08-01 08:35:00,14.378,"norwood.mouth",0.794108422939068,2.82249551971326
14,2021-08-01 08:45:00,14.127,"norwood.mouth",0.817962409226826,2.72011490815891
14,2021-08-01 09:00:00,14.065,"norwood.mouth",0.838137082601055,2.84811994727592
14,2021-08-01 09:10:00,13.877,"norwood.mouth",0.838415779586725,2.8885505113755
14,2021-08-01 09:25:00,13.877,"norwood.mouth",0.848343639575972,2.94857387367491
14,2021-08-01 09:35:00,13.939,"norwood.mouth",0.839869908296012,3.14453035473093
14,2021-08-01 09:45:00,13.752,"norwood.mouth",0.841770373344038,2.92948675230831
14,2021-08-01 10:00:00,13.877,"norwood.mouth",0.836384416616975,3.34805777512754
14,2021-08-01 10:10:00,13.752,"norwood.mouth",0.840416263310745,3.62532187802517
14,2021-08-01 10:25:00,13.939,"norwood.mouth",0.878294223826715,4.15631972021661
14,2021-08-01 10:35:00,14.378,"norwood.mouth",0.827782435548103,4.31641165374135
14,2021-08-01 10:45:00,14.065,"norwood.mouth",0.827245745943807,4.12728762696214
14,2021-08-01 11:00:00,13.752,"norwood.mouth",0.874056603773585,4.08587028301887
14,2021-08-01 11:10:00,13.752,"norwood.mouth",0.89469387755102,4.2538193877551
14,2021-08-01 11:25:00,14.002,"norwood.mouth",0.851544117647059,4.37146286764706
14,2021-08-01 11:35:00,13.752,"norwood.mouth",0.948366013071895,4.11152614379085
14,2021-08-01 11:45:00,14.065,"norwood.mouth",0.892042755344418,4.5749809976247
14,2021-08-01 12:00:00,14.002,"norwood.mouth",0.940298507462687,4.79700373134328
14,2021-08-01 12:10:00,14.002,"norwood.mouth",0.968604651162791,4.94427906976744
14,2021-08-01 12:25:00,13.752,"norwood.mouth",1.03766233766234,4.78481601731602
14,2021-08-01 12:35:00,13.939,"norwood.mouth",0.986428571428571,5.28550357142857
14,2021-08-01 12:45:00,13.877,"norwood.mouth",1.04854981084489,5.10291288356452
14,2021-08-01 13:00:00,14.065,"norwood.mouth",0.940566037735849,5.82722641509434
14,2021-08-01 13:10:00,13.689,"norwood.mouth",1.16121842496285,5.42402748885587
14,2021-08-01 13:25:00,13.814,"norwood.mouth",1.0736,5.69162133333333
14,2021-08-01 13:35:00,14.065,"norwood.mouth",0.988489646772229,6.14069427527405
14,2021-08-01 13:45:00,13.814,"norwood.mouth",1.18311533888228,6.00674227110583
14,2021-08-01 14:00:00,13.939,"norwood.mouth",1.11199510403917,6.63197399020808
14,2021-08-01 14:10:00,14.127,"norwood.mouth",1.06297918948521,6.68850191675794
14,2021-08-01 14:25:00,14.127,"norwood.mouth",1.08697972251868,6.60160396655994
14,2021-08-01 14:35:00,14.127,"norwood.mouth",1.08926615553122,6.75343099671413
14,2021-08-01 14:45:00,13.939,"norwood.mouth",1.23390151515152,6.6782297979798
14,2021-08-01 15:00:00,14.19,"norwood.mouth",1.12936046511628,7.4113488372093
14,2021-08-01 15:10:00,14.441,"norwood.mouth",1.03985507246377,7.7593768115942
14,2021-08-01 15:25:00,14.19,"norwood.mouth",1.19125,7.53710625
14,2021-08-01 15:35:00,14.19,"norwood.mouth",1.16805555555556,7.63861574074074
14,2021-08-01 15:45:00,14.19,"norwood.mouth",1.17061808118081,7.54123639298893
14,2021-08-01 16:00:00,14.253,"norwood.mouth",1.18155172413793,7.83900689655172
14,2021-08-01 16:10:00,14.629,"norwood.mouth",1.07853598014888,8.41819230769231
14,2021-08-01 16:25:00,14.378,"norwood.mouth",1.19896988906498,8.263793977813
14,2021-08-01 16:35:00,14.629,"norwood.mouth",1.10286752827141,8.38716276252019
14,2021-08-01 16:45:00,14.441,"norwood.mouth",1.17487623762376,8.20908601485148
14,2021-08-01 17:00:00,14.441,"norwood.mouth",1.19206414473684,8.29328741776316
14,2021-08-01 17:10:00,14.378,"norwood.mouth",1.20573630136986,8.41534075342466
14,2021-08-01 17:25:00,14.441,"norwood.mouth",1.1953947368421,8.62314144736842
14,2021-08-01 17:35:00,14.629,"norwood.mouth",1.09581231079717,8.90137436932392
14,2021-08-01 17:45:00,15.004,"norwood.mouth",0.996101594802127,9.12965327820437
14,2021-08-01 18:00:00,14.942,"norwood.mouth",1.02580364900087,8.81569917463076
14,2021-08-01 18:10:00,14.754,"norwood.mouth",1.09047202797203,8.68370891608392
14,2021-08-01 18:25:00,14.629,"norwood.mouth",1.1589552238806,9.00508208955224
14,2021-08-01 18:35:00,14.754,"norwood.mouth",1.08473491773309,9.03249177330896
14,2021-08-01 18:45:00,14.879,"norwood.mouth",1.03280828082808,9.24555265526553
14,2021-08-01 19:00:00,15.067,"norwood.mouth",0.990484261501211,8.98338644067797
14,2021-08-01 19:10:00,14.754,"norwood.mouth",1.09047202797203,9.09589554195804
14,2021-08-01 19:25:00,14.754,"norwood.mouth",1.10008756567426,9.23940630472855
14,2021-08-01 19:35:00,14.629,"norwood.mouth",1.12312834224599,9.13370588235294
14,2021-08-01 19:45:00,14.566,"norwood.mouth",1.13605633802817,8.83746478873239
14,2021-08-01 20:00:00,14.566,"norwood.mouth",1.13605633802817,8.62475422535211
14,2021-08-01 20:10:00,14.441,"norwood.mouth",1.19252376836646,8.55797882454624
14,2021-08-01 20:25:00,14.754,"norwood.mouth",1.08407798537774,8.59026177904143
14,2021-08-01 20:35:00,14.441,"norwood.mouth",1.20477528089888,8.35888904494382
14,2021-08-01 20:45:00,14.378,"norwood.mouth",1.20573630136986,8.19273801369863
14,2021-08-01 21:00:00,14.378,"norwood.mouth",1.18109756097561,7.93292073170732
14,2021-08-01 21:10:00,14.253,"norwood.mouth",1.23992146596859,7.79589659685864
14,2021-08-01 21:25:00,14.315,"norwood.mouth",1.1919946332737,7.50965966010733
14,2021-08-01 21:35:00,14.253,"norwood.mouth",1.19793233082707,7.21607236842105
14,2021-08-01 21:45:00,14.315,"norwood.mouth",1.18055801594331,6.9339875996457
14,2021-08-01 22:00:00,15.693,"norwood.mouth",0.915397082658023,6.44482982171799
14,2021-08-01 22:10:00,14.879,"norwood.mouth",0.976892163429337,6.09917397856665
14,2021-08-01 22:25:00,14.378,"norwood.mouth",1.09257380073801,5.93561831180812
14,2021-08-01 22:35:00,14.19,"norwood.mouth",1.14446022727273,5.73866122159091
14,2021-08-01 22:45:00,14.253,"norwood.mouth",1.09329268292683,5.39731707317073
14,2021-08-01 23:00:00,13.939,"norwood.mouth",1.20202127659574,5.22850904255319
14,2021-08-01 23:10:00,14.127,"norwood.mouth",1.108,4.89023
14,2021-08-01 23:25:00,14.127,"norwood.mouth",1.06711373390558,4.41611292918455
14,2021-08-01 23:35:00,13.877,"norwood.mouth",1.14584337349398,4.30803072289157
14,2021-08-01 23:45:00,14.002,"norwood.mouth",1.05124555160142,4.03670640569395
14,2021-08-02,13.814,"norwood.mouth",1.14689655172414,4.0009
14,2021-08-02 00:10:00,13.939,"norwood.mouth",1.06765033407572,3.69766870824053
14,2021-08-02 00:25:00,14.315,"norwood.mouth",0.972605099931082,3.12139179875948
14,2021-08-02 00:35:00,14.503,"norwood.mouth",0.963646288209607,3.1561653930131
14,2021-08-02 00:45:00,14.378,"norwood.mouth",0.970954356846473,2.94419847856155
14,2021-08-02 01:00:00,14.315,"norwood.mouth",0.970533728687917,2.66050630096368
14,2021-08-02 01:10:00,14.378,"norwood.mouth",0.964651162790698,2.50366434108527
14,2021-08-02 01:25:00,14.127,"norwood.mouth",0.994397463002114,2.4249658210007
14,2021-08-02 01:35:00,13.814,"norwood.mouth",1.08914646996839,2.53773709167545
14,2021-08-02 01:45:00,14.378,"norwood.mouth",0.96706827309237,2.37297255689424
14,2021-08-02 02:00:00,14.127,"norwood.mouth",0.982250341997264,2.25573307113543
14,2021-08-02 02:10:00,14.253,"norwood.mouth",0.970904173106646,2.19825618238022
14,2021-08-02 02:25:00,14.065,"norwood.mouth",0.989097744360902,2.1386679197995
14,2021-08-02 02:35:00,13.939,"norwood.mouth",1.00695159629248,1.93517507723996
14,2021-08-02 02:45:00,13.939,"norwood.mouth",0.998931116389549,1.79162351543943
14,2021-08-02 03:00:00,14.19,"norwood.mouth",0.963744680851064,1.83579617021277
14,2021-08-02 03:10:00,14.378,"norwood.mouth",0.955179704016913,1.86306360112755
14,2021-08-02 03:25:00,14.441,"norwood.mouth",0.943515106853353,1.61440162122329
14,2021-08-02 03:35:00,14.378,"norwood.mouth",0.930357142857143,1.62966071428571
14,2021-08-02 03:45:00,14.378,"norwood.mouth",0.93483709273183,1.68345864661654
14,2021-08-02 04:00:00,14.503,"norwood.mouth",0.913519134775374,1.64068677204659
14,2021-08-02 04:10:00,14.691,"norwood.mouth",0.88611577181208,1.62648385067114
14,2021-08-02 04:25:00,14.441,"norwood.mouth",0.92376497005988,1.69836564371257
14,2021-08-02 04:35:00,14.503,"norwood.mouth",0.918868613138686,1.60592244525547
14,2021-08-02 04:45:00,14.503,"norwood.mouth",0.911715647339158,1.76749563145353
14,2021-08-02 05:00:00,14.378,"norwood.mouth",0.919090909090909,1.71547272727273
14,2021-08-02 05:10:00,14.566,"norwood.mouth",0.908779443254818,1.68208940042827
14,2021-08-02 05:25:00,14.566,"norwood.mouth",0.901540832049307,1.7733031587057
14,2021-08-02 05:35:00,14.629,"norwood.mouth",0.879259554140127,1.7404502388535
14,2021-08-02 05:45:00,15.004,"norwood.mouth",0.840321923390383,1.88448994838359
14,2021-08-02 06:00:00,14.942,"norwood.mouth",0.828128677912907,2.11309706420819
14,2021-08-02 06:10:00,15.255,"norwood.mouth",0.791694384660536,2.26766581882215
14,2021-08-02 06:25:00,15.067,"norwood.mouth",0.798971596474045,1.99521563826314
14,2021-08-02 06:35:00,14.879,"norwood.mouth",0.84240090367632,1.80173437393031
14,2021-08-02 06:45:00,14.817,"norwood.mouth",0.839917695473251,1.87465672153635
14,2021-08-02 07:00:00,15.192,"norwood.mouth",0.78490528012898,2.34937122128174
14,2021-08-02 07:10:00,14.879,"norwood.mouth",0.823757732987428,2.02444488791326
14,2021-08-02 07:25:00,15.067,"norwood.mouth",0.795711402623613,2.14253615876219
14,2021-08-02 07:35:00,14.817,"norwood.mouth",0.821384615384615,1.89249538461538
14,2021-08-02 07:45:00,15.004,"norwood.mouth",0.79304544560299,2.1567215227228
14,2021-08-02 08:00:00,14.754,"norwood.mouth",0.822070982052833,2.02119429320428
14,2021-08-02 08:10:00,14.629,"norwood.mouth",0.827815699658703,1.93788395904437
14,2021-08-02 08:25:00,14.754,"norwood.mouth",0.813685474189676,2.32505472188876
14,2021-08-02 08:35:00,14.691,"norwood.mouth",0.81984318455971,2.28178729392843
14,2021-08-02 08:45:00,14.691,"norwood.mouth",0.828423069167171,2.47343987363044
14,2021-08-02 09:00:00,14.503,"norwood.mouth",0.851164797238999,2.54528019844694
14,2021-08-02 09:10:00,14.378,"norwood.mouth",0.838264794383149,2.66755616850552
14,2021-08-02 09:25:00,14.629,"norwood.mouth",0.803405725567621,2.96187824942415
14,2021-08-02 09:35:00,14.503,"norwood.mouth",0.826513975155279,3.22747237318841
14,2021-08-02 09:45:00,14.566,"norwood.mouth",0.822372596602576,3.57876616265323
14,2021-08-02 10:00:00,14.754,"norwood.mouth",0.809641255605381,3.64573094170404
14,2021-08-02 10:10:00,14.566,"norwood.mouth",0.823993288590604,3.88744323266219
14,2021-08-02 10:25:00,14.629,"norwood.mouth",0.819873934000742,3.85781145717464
14,2021-08-02 10:35:00,14.566,"norwood.mouth",0.839927784112505,4.01649106803497
14,2021-08-02 10:45:00,14.566,"norwood.mouth",0.848959515701854,4.65299665783832
14,2021-08-02 11:00:00,14.253,"norwood.mouth",0.886603910209993,4.19658942795076
14,2021-08-02 11:10:00,14.19,"norwood.mouth",0.875818521983162,4.32356782039289
14,2021-08-02 11:25:00,14.19,"norwood.mouth",0.899464138499588,4.71509645507007
14,2021-08-02 11:35:00,14.378,"norwood.mouth",0.90803324099723,5.00278647276085
14,2021-08-02 11:45:00,14.754,"norwood.mouth",0.844362292051756,5.16358995686999
14,2021-08-02 12:00:00,15.443,"norwood.mouth",0.801928349479071,5.62830798757083
14,2021-08-02 12:10:00,15.004,"norwood.mouth",0.886413793103448,5.47118620689655
14,2021-08-02 12:25:00,14.629,"norwood.mouth",0.927315147164393,5.64049246231156
14,2021-08-02 12:35:00,14.315,"norwood.mouth",0.9818669527897,5.74440075107296
14,2021-08-02 12:45:00,14.127,"norwood.mouth",0.979634734665748,5.75193694004135
14,2021-08-02 13:00:00,14.127,"norwood.mouth",0.991488577745026,5.90251731761238
14,2021-08-02 13:10:00,13.939,"norwood.mouth",1.11642294713161,5.80673678290214
14,2021-08-02 13:25:00,14.378,"norwood.mouth",0.985386819484241,6.7843323782235
14,2021-08-02 13:35:00,14.19,"norwood.mouth",1.09232954545455,6.73065956439394
14,2021-08-02 13:45:00,14.127,"norwood.mouth",1.12215909090909,6.28617140151515
14,2021-08-02 14:00:00,13.877,"norwood.mouth",1.26268115942029,6.01837379227053
14,2021-08-02 14:10:00,14.127,"norwood.mouth",1.16761363636364,6.60662026515152
14,2021-08-02 14:25:00,15.067,"norwood.mouth",0.956145584725537,7.5713245823389
14,2021-08-02 14:35:00,14.566,"norwood.mouth",1.02560763888889,7.53995949074074
14,2021-08-02 14:45:00,14.441,"norwood.mouth",1.04263565891473,7.55064276485788
14,2021-08-02 15:00:00,14.315,"norwood.mouth",1.17227564102564,7.16629754273504
14,2021-08-02 15:10:00,14.19,"norwood.mouth",1.23243243243243,7.28106306306306
14,2021-08-02 15:25:00,15.568,"norwood.mouth",0.950595882990249,8.33059696641387
14,2021-08-02 15:35:00,15.192,"norwood.mouth",0.9865234375,8.4929951171875
14,2021-08-02 15:45:00,15.881,"norwood.mouth",0.920005790387956,9.09447654892878
14,2021-08-02 16:00:00,15.568,"norwood.mouth",0.957985611510791,8.91253189448441
14,2021-08-02 16:10:00,15.506,"norwood.mouth",0.964313725490196,8.78077156862745
14,2021-08-02 16:25:00,14.942,"norwood.mouth",1.04067674586033,8.76452063834893
14,2021-08-02 16:35:00,15.192,"norwood.mouth",0.992640034737299,9.19209161962657
14,2021-08-02 16:45:00,15.067,"norwood.mouth",1.00394160583942,8.99092335766423
14,2021-08-02 17:00:00,15.506,"norwood.mouth",0.965524193548387,9.05674798387097
14,2021-08-02 17:10:00,14.817,"norwood.mouth",1.053314001657,8.92795608947804
14,2021-08-02 17:25:00,15.631,"norwood.mouth",0.965999244427654,9.45037514166981
14,2021-08-02 17:35:00,15.255,"norwood.mouth",0.98942731277533,9.25984251101322
14,2021-08-02 17:45:00,14.754,"norwood.mouth",1.14152512384996,8.99462774239207
14,2021-08-02 18:00:00,14.942,"norwood.mouth",1.08350180505415,9.25303032490975
14,2021-08-02 18:10:00,15.067,"norwood.mouth",1.0428880866426,9.23137906137184
14,2021-08-02 18:25:00,14.629,"norwood.mouth",1.21122448979592,9.10036734693877
14,2021-08-02 18:35:00,14.566,"norwood.mouth",1.22635451505017,9.13718260869565
14,2021-08-02 18:45:00,14.629,"norwood.mouth",1.2124599615631,9.1917597693786
14,2021-08-02 19:00:00,14.629,"norwood.mouth",1.21880733944954,8.98877064220184
14,2021-08-02 19:10:00,14.566,"norwood.mouth",1.20343894899536,9.07008848531685
14,2021-08-02 19:25:00,14.691,"norwood.mouth",1.17310195227766,9.12627223427332
14,2021-08-02 19:35:00,14.566,"norwood.mouth",1.18379777070064,9.06013375796178
14,2021-08-02 19:45:00,14.817,"norwood.mouth",1.07091584158416,9.16708168316832
14,2021-08-02 20:00:00,14.566,"norwood.mouth",1.13968120805369,8.86118120805369
14,2021-08-02 20:10:00,14.691,"norwood.mouth",1.10556445156125,8.82008566853483
14,2021-08-02 20:25:00,14.566,"norwood.mouth",1.1202489626556,8.6458213692946
14,2021-08-02 20:35:00,14.503,"norwood.mouth",1.15185643564356,8.42134591584158
14,2021-08-02 20:45:00,14.566,"norwood.mouth",1.12495987158908,8.36527929373997
14,2021-08-02 21:00:00,14.441,"norwood.mouth",1.18761029411765,8.01453621323529
14,2021-08-02 21:10:00,14.315,"norwood.mouth",1.19819630872483,7.90971161912752
14,2021-08-02 21:25:00,14.378,"norwood.mouth",1.16275805119736,7.56177642444261
14,2021-08-02 21:35:00,14.19,"norwood.mouth",1.22314662273476,7.43157578253707
14,2021-08-02 21:45:00,14.253,"norwood.mouth",1.19344741235392,7.01613772954925
14,2021-08-02 22:00:00,14.065,"norwood.mouth",1.24176904176904,6.77181326781327
14,2021-08-02 22:10:00,14.315,"norwood.mouth",1.14567796610169,6.55270042372881
14,2021-08-02 22:25:00,14.127,"norwood.mouth",1.19216216216216,6.2189972972973
14,2021-08-02 22:35:00,14.19,"norwood.mouth",1.14430212014134,6.15542689929329
14,2021-08-02 22:45:00,14.065,"norwood.mouth",1.2015037593985,5.89142105263158
14,2021-08-02 23:00:00,14.002,"norwood.mouth",1.21725440806045,5.45567758186398
14,2021-08-02 23:10:00,14.503,"norwood.mouth",1.00076271186441,4.86092033898305
14,2021-08-02 23:25:00,14.002,"norwood.mouth",1.17363473589973,4.86240465532677
14,2021-08-02 23:35:00,14.127,"norwood.mouth",1.12913043478261,4.70245217391304
14,2021-08-02 23:45:00,14.127,"norwood.mouth",1.09669421487603,4.38280165289256
14,2021-08-03,14.065,"norwood.mouth",1.11850533807829,4.04232829181495
14,2021-08-03 00:10:00,14.065,"norwood.mouth",1.11673970201578,4.04937423312883
14,2021-08-03 00:25:00,14.002,"norwood.mouth",1.09881061299177,3.80145082342178
14,2021-08-03 00:35:00,14.065,"norwood.mouth",1.06440598690365,3.60289522918616
14,2021-08-03 00:45:00,14.127,"norwood.mouth",1.04662162162162,3.61827364864865
14,2021-08-03 01:00:00,14.065,"norwood.mouth",1.05335477941177,2.97981502757353
14,2021-08-03 01:10:00,14.002,"norwood.mouth",1.06177311725453,2.82194518589133
14,2021-08-03 01:25:00,13.939,"norwood.mouth",1.09094488188976,2.76177952755906
14,2021-08-03 01:35:00,13.877,"norwood.mouth",1.11535433070866,2.72315485564304
14,2021-08-03 01:45:00,13.752,"norwood.mouth",1.13605633802817,2.49624577464789
14,2021-08-03 02:00:00,13.939,"norwood.mouth",1.08626556016597,2.59402821576763
14,2021-08-03 02:10:00,13.939,"norwood.mouth",1.02733847637416,2.44415332690453
14,2021-08-03 02:25:00,13.814,"norwood.mouth",1.07158098933075,2.27193137730359
14,2021-08-03 02:35:00,14.002,"norwood.mouth",1.01883173496077,2.28456669572799
14,2021-08-03 02:45:00,14.002,"norwood.mouth",1.23452732644018,2.11081646971935
14,2021-08-03 03:00:00,14.127,"norwood.mouth",0.979216300940439,2.30592695924765
14,2021-08-03 03:10:00,14.441,"norwood.mouth",0.962691218130312,2.33990226628895
14,2021-08-03 03:25:00,14.253,"norwood.mouth",0.967549875311721,2.17597708852868
14,2021-08-03 03:35:00,14.441,"norwood.mouth",0.941508746355685,2.26765360787172
14,2021-08-03 03:45:00,14.629,"norwood.mouth",0.93052530429212,2.35456502242152
14,2021-08-03 04:00:00,14.879,"norwood.mouth",0.890842618384401,2.15350591922006
14,2021-08-03 04:10:00,14.879,"norwood.mouth",0.877466367713005,2.10846263079223
14,2021-08-03 04:25:00,14.879,"norwood.mouth",0.867758484609313,2.42721665351223
14,2021-08-03 04:35:00,14.817,"norwood.mouth",0.878166421207658,2.22011266568483
14,2021-08-03 04:45:00,14.441,"norwood.mouth",0.91852,2.2199908
14,2021-08-03 05:00:00,14.691,"norwood.mouth",0.903412162162162,2.14062077702703
14,2021-08-03 05:10:00,15.38,"norwood.mouth",0.814305581309104,2.60841090302244
14,2021-08-03 05:25:00,14.817,"norwood.mouth",0.874891304347826,2.07999692028985
14,2021-08-03 05:35:00,14.817,"norwood.mouth",0.863947990543735,2.07987115839243
14,2021-08-03 05:45:00,14.879,"norwood.mouth",0.8713133640553,2.15730433947773
14,2021-08-03 06:00:00,14.942,"norwood.mouth",0.870572019297037,2.18365006891799
14,2021-08-03 06:10:00,14.691,"norwood.mouth",0.85479274611399,1.94942098445596
14,2021-08-03 06:25:00,15.756,"norwood.mouth",0.765399239543726,2.61871324461344
14,2021-08-03 06:35:00,14.942,"norwood.mouth",0.832426621798467,1.94627749735153
14,2021-08-03 06:45:00,14.879,"norwood.mouth",0.854387990762125,2.07669014626636
14,2021-08-03 07:00:00,14.691,"norwood.mouth",0.859607686148919,2.26342914331465
14,2021-08-03 07:10:00,14.817,"norwood.mouth",0.833180987202925,2.27634613040829
14,2021-08-03 07:25:00,14.942,"norwood.mouth",0.823185522076938,2.25522515949719
14,2021-08-03 07:35:00,14.879,"norwood.mouth",0.828398983481576,2.19258831003812
14,2021-08-03 07:45:00,15.13,"norwood.mouth",0.818333967287942,2.5098004944846
14,2021-08-03 08:00:00,15.38,"norwood.mouth",0.770330179929512,2.64661658319421
14,2021-08-03 08:10:00,14.754,"norwood.mouth",0.822849462365591,2.3243270609319
14,2021-08-03 08:25:00,14.566,"norwood.mouth",0.834853981498277,2.18688684321906
14,2021-08-03 08:35:00,14.566,"norwood.mouth",0.831182795698925,2.24880376344086
14,2021-08-03 08:45:00,14.566,"norwood.mouth",0.821951219512195,2.44133943089431
14,2021-08-03 09:00:00,14.629,"norwood.mouth",0.825381110916419,2.67465919046785
14,2021-08-03 09:10:00,14.691,"norwood.mouth",0.827424455375966,2.9411486003748
14,2021-08-03 09:25:00,14.566,"norwood.mouth",0.835770893371758,3.07342975504323
14,2021-08-03 09:35:00,14.691,"norwood.mouth",0.827621367984118,3.32251320459604
14,2021-08-03 09:45:00,14.503,"norwood.mouth",0.840649163819457,3.39495456452676
14,2021-08-03 10:00:00,14.315,"norwood.mouth",0.891685912240185,3.59638972286374
14,2021-08-03 10:10:00,14.378,"norwood.mouth",0.883604651162791,3.91427790697674
14,2021-08-03 10:25:00,14.378,"norwood.mouth",0.869661458333333,4.38622743055556
14,2021-08-03 10:35:00,14.503,"norwood.mouth",0.856621392190153,4.44763157894737
14,2021-08-03 10:45:00,14.378,"norwood.mouth",0.869260204081633,4.51466262755102
14,2021-08-03 11:00:00,14.315,"norwood.mouth",0.89597875569044,4.83989605462822
14,2021-08-03 11:10:00,14.127,"norwood.mouth",0.924821002386635,4.77358353221957
14,2021-08-03 11:25:00,14.253,"norwood.mouth",0.930912052117264,5.23429055374593
14,2021-08-03 11:35:00,14.19,"norwood.mouth",0.957472245943638,4.95653864218617
14,2021-08-03 11:45:00,14.629,"norwood.mouth",0.919897151898734,5.42294936708861
14,2021-08-03 12:00:00,13.939,"norwood.mouth",0.996438848920863,5.36029010791367
14,2021-08-03 12:10:00,14.002,"norwood.mouth",0.996972245584525,5.34161564339781
14,2021-08-03 12:25:00,14.19,"norwood.mouth",0.968810572687225,5.70513414096916
14,2021-08-03 12:35:00,14.315,"norwood.mouth",0.949826238053866,5.78533101650739
14,2021-08-03 12:45:00,14.441,"norwood.mouth",0.937564102564102,5.85656367521368
14,2021-08-03 13:00:00,14.127,"norwood.mouth",0.990594462540717,5.94504804560261
14,2021-08-03 13:10:00,14.002,"norwood.mouth",1.24296709129512,5.21080418435952
14,2021-08-03 13:25:00,14.127,"norwood.mouth",0.99934668989547,6.35433885017422
14,2021-08-03 13:35:00,14.315,"norwood.mouth",0.986873868436934,6.7814484007242
14,2021-08-03 13:45:00,14.002,"norwood.mouth",1.09988109393579,6.53242657550535
14,2021-08-03 14:00:00,14.002,"norwood.mouth",1.12485549132948,6.56475
14,2021-08-03 14:10:00,14.441,"norwood.mouth",0.986597633136094,7.24108446745562
14,2021-08-03 14:25:00,14.065,"norwood.mouth",1.15811965811966,6.90384829059829
14,2021-08-03 14:35:00,14.566,"norwood.mouth",0.985640243902439,7.90483231707317
14,2021-08-03 14:45:00,14.253,"norwood.mouth",1.10795454545455,7.57769318181818
14,2021-08-03 15:00:00,14.503,"norwood.mouth",1.02216312056738,8.26012884160756
14,2021-08-03 15:10:00,14.378,"norwood.mouth",1.10291666666667,8.02964166666667
14,2021-08-03 15:25:00,14.253,"norwood.mouth",1.16145833333333,7.68796527777778
14,2021-08-03 15:35:00,14.315,"norwood.mouth",1.13454861111111,7.99619155092592
14,2021-08-03 15:45:00,14.503,"norwood.mouth",1.08083333333333,8.23017222222222
14,2021-08-03 16:00:00,14.503,"norwood.mouth",1.09893704006541,8.72141121559008
14,2021-08-03 16:10:00,14.503,"norwood.mouth",1.10634028892456,8.83556313536651
14,2021-08-03 16:25:00,14.503,"norwood.mouth",1.13021638330757,8.60080267903143
14,2021-08-03 16:35:00,15.067,"norwood.mouth",0.985999177631579,9.12192259457237
14,2021-08-03 16:45:00,14.566,"norwood.mouth",1.12442040185471,8.90496277691912
14,2021-08-03 17:00:00,14.566,"norwood.mouth",1.0787012987013,8.93543896103896
14,2021-08-03 17:10:00,14.566,"norwood.mouth",1.14946428571429,8.77955178571429
14,2021-08-03 17:25:00,14.441,"norwood.mouth",1.21,8.9998
14,2021-08-03 17:35:00,14.503,"norwood.mouth",1.18227848101266,9.26895886075949
14,2021-08-03 17:45:00,14.691,"norwood.mouth",1.1297410776767,9.4988100069979
14,2021-08-03 18:00:00,14.629,"norwood.mouth",1.13510082150859,9.54819006721434
14,2021-08-03 18:10:00,14.315,"norwood.mouth",1.23841743119266,9.15770126146789
14,2021-08-03 18:25:00,14.691,"norwood.mouth",1.131396172927,9.48318763288448
14,2021-08-03 18:35:00,14.566,"norwood.mouth",1.14358778625954,9.50848625954199
14,2021-08-03 18:45:00,14.378,"norwood.mouth",1.23069815195072,9.22327515400411
14,2021-08-03 19:00:00,14.315,"norwood.mouth",1.23035714285714,9.21017857142857
14,2021-08-03 19:10:00,14.441,"norwood.mouth",1.22755170113409,9.16964126084056
14,2021-08-03 19:25:00,14.503,"norwood.mouth",1.19325533379215,9.16068943565038
14,2021-08-03 19:35:00,14.817,"norwood.mouth",1.08238993710692,9.33094601677149
14,2021-08-03 19:45:00,14.441,"norwood.mouth",1.20846745976207,8.99154758572428
14,2021-08-03 20:00:00,14.253,"norwood.mouth",1.26755102040816,8.76520204081633
14,2021-08-03 20:10:00,14.19,"norwood.mouth",1.2607223476298,8.68688318284424
14,2021-08-03 20:25:00,14.127,"norwood.mouth",1.28015695067265,8.47536322869955
14,2021-08-03 20:35:00,14.253,"norwood.mouth",1.22888489208633,8.42289370503597
14,2021-08-03 20:45:00,14.127,"norwood.mouth",1.24883627608347,8.24642776886035
14,2021-08-03 21:00:00,14.127,"norwood.mouth",1.27228708791209,7.92168063186813
14,2021-08-03 21:10:00,14.127,"norwood.mouth",1.23637440758294,7.81004976303318
14,2021-08-03 21:25:00,14.19,"norwood.mouth",1.21116941529235,7.4855892053973
14,2021-08-03 21:35:00,14.19,"norwood.mouth",1.20368050117463,7.29393950665623
14,2021-08-03 21:45:00,14.629,"norwood.mouth",1.04735049205148,6.99350567751703
14,2021-08-03 22:00:00,14.566,"norwood.mouth",1.04686009538951,6.66439407790143
14,2021-08-03 22:10:00,14.378,"norwood.mouth",1.10387323943662,6.37969131455399
14,2021-08-03 22:25:00,14.127,"norwood.mouth",1.16835043409629,5.96448934490923
14,2021-08-03 22:35:00,14.253,"norwood.mouth",1.11562252180809,5.77901070578906
14,2021-08-03 22:45:00,14.127,"norwood.mouth",1.13329081632653,5.50563924319728
14,2021-08-03 23:00:00,14.253,"norwood.mouth",1.1125,5.138875
14,2021-08-03 23:10:00,14.19,"norwood.mouth",1.13173222390318,4.82499735249622
14,2021-08-03 23:25:00,14.378,"norwood.mouth",1.05943396226415,4.70907547169811
14,2021-08-03 23:35:00,14.065,"norwood.mouth",1.13551554828151,4.44841448445172
14,2021-08-03 23:45:00,14.127,"norwood.mouth",1.12291666666667,4.19807291666667
14,2021-08-04,14.002,"norwood.mouth",1.12689393939394,4.09755871212121
14,2021-08-04 00:10:00,14.002,"norwood.mouth",1.13944174757282,3.89756674757282
14,2021-08-04 00:25:00,14.002,"norwood.mouth",1.13754988028731,3.66704708699122
14,2021-08-04 00:35:00,14.065,"norwood.mouth",1.08812010443864,3.39153002610966
14,2021-08-04 00:45:00,14.002,"norwood.mouth",1.09878682842288,3.15065727902946
14,2021-08-04 01:00:00,13.814,"norwood.mouth",1.12965388213283,2.9283159494855
14,2021-08-04 01:10:00,14.629,"norwood.mouth",0.965909090909091,3.08635227272727
14,2021-08-04 01:25:00,14.065,"norwood.mouth",1.02286096256685,3.06065441176471
14,2021-08-04 01:35:00,14.127,"norwood.mouth",1.06278890600924,2.75997303543914
14,2021-08-04 01:45:00,14.19,"norwood.mouth",1.0208,2.75838333333333
14,2021-08-04 02:00:00,14.002,"norwood.mouth",1.06851549755302,2.46992903752039
14,2021-08-04 02:10:00,14.065,"norwood.mouth",1.00389948006932,2.73793240901213
14,2021-08-04 02:25:00,14.002,"norwood.mouth",1.01898066783831,2.39397407732865
14,2021-08-04 02:35:00,14.441,"norwood.mouth",0.960978043912176,2.30567598137059
14,2021-08-04 02:45:00,14.566,"norwood.mouth",0.941782178217822,2.12944158415842
14,2021-08-04 03:00:00,14.378,"norwood.mouth",0.956997971602434,2.27551656524679
14,2021-08-04 03:10:00,14.629,"norwood.mouth",0.93060886829914,2.16726671078756
14,2021-08-04 03:25:00,14.629,"norwood.mouth",0.933466257668712,2.02975613496932
14,2021-08-04 03:35:00,14.879,"norwood.mouth",0.886723372781065,2.04695451183432
14,2021-08-04 03:45:00,14.942,"norwood.mouth",0.89203187250996,2.02886288180611
14,2021-08-04 04:00:00,14.503,"norwood.mouth",0.9363539445629,2.09507142857143
14,2021-08-04 04:10:00,15.004,"norwood.mouth",0.903770661157025,2.18532205578512
14,2021-08-04 04:25:00,15.13,"norwood.mouth",0.88050694025347,2.25151176825588
14,2021-08-04 04:35:00,15.192,"norwood.mouth",0.851928571428571,2.23494678571429
14,2021-08-04 04:45:00,15.004,"norwood.mouth",0.864791987673344,2.63008936825886
14,2021-08-04 05:00:00,15.38,"norwood.mouth",0.843779015784587,2.54197988238935
14,2021-08-04 05:10:00,15.004,"norwood.mouth",0.864400840925018,2.25567011212334
14,2021-08-04 05:25:00,15.192,"norwood.mouth",0.84028118512927,2.0768733723344
14,2021-08-04 05:35:00,14.879,"norwood.mouth",0.885349716446125,2.08323219911783
14,2021-08-04 05:45:00,15.004,"norwood.mouth",0.867556468172485,2.06183880903491
14,2021-08-04 06:00:00,15.004,"norwood.mouth",0.840936844113719,2.08507314125803
14,2021-08-04 06:10:00,15.506,"norwood.mouth",0.804861111111111,2.4954525462963
14,2021-08-04 06:25:00,14.817,"norwood.mouth",0.864527286702536,2.23251229823213
14,2021-08-04 06:35:00,15.004,"norwood.mouth",0.826040703052729,2.41602698119026
14,2021-08-04 06:45:00,14.942,"norwood.mouth",0.840973689264452,2.2024821074195
14,2021-08-04 07:00:00,14.691,"norwood.mouth",0.883215046132008,2.2235890702626
14,2021-08-04 07:10:00,15.004,"norwood.mouth",0.822945521698984,2.29494998461065
14,2021-08-04 07:25:00,14.879,"norwood.mouth",0.837152444870566,1.95928124001278
14,2021-08-04 07:35:00,15.004,"norwood.mouth",0.825501324252743,2.51786836297137
14,2021-08-04 07:45:00,14.879,"norwood.mouth",0.825502980625931,2.25201993293592
14,2021-08-04 08:00:00,14.942,"norwood.mouth",0.80983560620213,2.66952126533408
14,2021-08-04 08:10:00,14.691,"norwood.mouth",0.829599618684461,2.3226571337782
14,2021-08-04 08:25:00,14.691,"norwood.mouth",0.836057692307692,2.32634855769231
14,2021-08-04 08:35:00,14.691,"norwood.mouth",0.851342554922701,2.38768612693247
14,2021-08-04 08:45:00,14.566,"norwood.mouth",0.845653853583156,2.28534865752366
14,2021-08-04 09:00:00,14.629,"norwood.mouth",0.835107967237528,2.67835244477538
14,2021-08-04 09:10:00,14.754,"norwood.mouth",0.807608293224732,2.83137282487967
14,2021-08-04 09:25:00,14.441,"norwood.mouth",0.869662921348314,2.86832397003745
14,2021-08-04 09:35:00,14.754,"norwood.mouth",0.816257668711657,3.38948057259714
14,2021-08-04 09:45:00,14.315,"norwood.mouth",0.871629213483146,3.47661001872659
14,2021-08-04 10:00:00,14.441,"norwood.mouth",0.861149425287356,3.79446973180077
14,2021-08-04 10:10:00,14.378,"norwood.mouth",0.871745908028059,3.86492751363991
14,2021-08-04 10:25:00,14.253,"norwood.mouth",0.89695652173913,4.1252347826087
14,2021-08-04 10:35:00,14.378,"norwood.mouth",0.883670774647887,4.60838204225352
14,2021-08-04 10:45:00,14.127,"norwood.mouth",0.898816568047337,4.51095710059172
14,2021-08-04 11:00:00,14.817,"norwood.mouth",0.838437150317046,4.98888263085913
14,2021-08-04 11:10:00,14.691,"norwood.mouth",0.867231638418079,4.76789406779661
14,2021-08-04 11:25:00,14.503,"norwood.mouth",0.852311643835617,4.73238955479452
14,2021-08-04 11:35:00,14.315,"norwood.mouth",0.916473684210526,4.88874236842105
14,2021-08-04 11:45:00,13.062,"norwood.mouth",1.17381974248927,3.05347317596566
14,2021-08-04 12:00:00,12.937,"norwood.mouth",1.46193771626298,3.102
14,2021-08-04 12:10:00,12.937,"norwood.mouth",1.47970297029703,3.059
14,2021-08-04 12:25:00,13.188,"norwood.mouth",1.4029702970297,3.55532755775577
14,2021-08-04 12:35:00,13.25,"norwood.mouth",1.39350912778905,3.79675253549696
14,2021-08-04 12:45:00,13.313,"norwood.mouth",1.40101237345332,3.88013207724035
14,2021-08-04 13:00:00,13.313,"norwood.mouth",1.43340270551509,4.06792845993757
14,2021-08-04 13:10:00,13.313,"norwood.mouth",1.42642787996128,4.27531784446596
14,2021-08-04 13:25:00,13.438,"norwood.mouth",1.40582726326743,4.55477237252862
14,2021-08-04 13:35:00,13.438,"norwood.mouth",1.4162219850587,4.59642342582711
14,2021-08-04 13:45:00,13.564,"norwood.mouth",1.37130339539978,4.90465690032859
14,2021-08-04 14:00:00,13.752,"norwood.mouth",1.29463307776561,5.4004282584885
14,2021-08-04 14:10:00,13.939,"norwood.mouth",1.22662601626016,5.95126592140921
14,2021-08-04 14:25:00,14.002,"norwood.mouth",1.17447916666667,6.57675086805556
14,2021-08-04 14:35:00,14.002,"norwood.mouth",1.22044573643411,6.34449644702842
14,2021-08-04 14:45:00,14.754,"norwood.mouth",0.983023138832998,7.83232457243461
14,2021-08-04 15:00:00,14.065,"norwood.mouth",1.23333333333333,6.97644444444444
14,2021-08-04 15:10:00,14.065,"norwood.mouth",1.23809523809524,7.06339682539682
14,2021-08-04 15:25:00,14.253,"norwood.mouth",1.185,7.62320833333334
14,2021-08-04 15:35:00,14.315,"norwood.mouth",1.1622846781505,8.17457434270172
14,2021-08-04 15:45:00,14.503,"norwood.mouth",1.11767317939609,8.15487152161042
14,2021-08-04 16:00:00,14.566,"norwood.mouth",1.13622047244094,8.35470734908137
14,2021-08-04 16:10:00,14.503,"norwood.mouth",1.15449438202247,8.6938202247191
14,2021-08-04 16:25:00,14.691,"norwood.mouth",1.12025796661608,8.81898583712696
14,2021-08-04 16:35:00,14.691,"norwood.mouth",1.13571961222968,8.84664199602287
14,2021-08-04 16:45:00,14.441,"norwood.mouth",1.22322834645669,8.52589763779528
14,2021-08-04 17:00:00,14.503,"norwood.mouth",1.19073455759599,8.66462548692265
14,2021-08-04 17:10:00,15.192,"norwood.mouth",0.991793130990415,9.14495716853035
14,2021-08-04 17:25:00,14.754,"norwood.mouth",1.10192616372392,9.15902273943285
14,2021-08-04 17:35:00,14.441,"norwood.mouth",1.23199672667758,8.98764484451719
14,2021-08-04 17:45:00,14.629,"norwood.mouth",1.17084282460137,9.30075968109339
14,2021-08-04 18:00:00,14.754,"norwood.mouth",1.14290856731462,9.4622033837293
14,2021-08-04 18:10:00,14.566,"norwood.mouth",1.20549450549451,9.21960164835165
14,2021-08-04 18:25:00,14.566,"norwood.mouth",1.19476082004556,9.29139009111617
14,2021-08-04 18:35:00,14.441,"norwood.mouth",1.23743232791957,9.18296197473576
14,2021-08-04 18:45:00,14.566,"norwood.mouth",1.1967032967033,9.38832600732601
14,2021-08-04 19:00:00,14.503,"norwood.mouth",1.21098901098901,9.41889010989011
14,2021-08-04 19:10:00,14.817,"norwood.mouth",1.12861952861953,9.69775056116723
14,2021-08-04 19:25:00,14.566,"norwood.mouth",1.18791208791209,9.26151648351648
14,2021-08-04 19:35:00,14.441,"norwood.mouth",1.2342533616419,9.25903296768106
14,2021-08-04 19:45:00,14.754,"norwood.mouth",1.12765229295003,9.30488278576317
14,2021-08-04 20:00:00,14.441,"norwood.mouth",1.23097643097643,8.85414730639731
14,2021-08-04 20:10:00,14.378,"norwood.mouth",1.225782414307,8.83357488822653
14,2021-08-04 20:25:00,14.566,"norwood.mouth",1.15629420084866,8.73596440358322
14,2021-08-04 20:35:00,14.253,"norwood.mouth",1.2625173852573,8.47791562355123
14,2021-08-04 20:45:00,14.315,"norwood.mouth",1.21852122986823,8.33274743777452
14,2021-08-04 21:00:00,14.378,"norwood.mouth",1.20725034199726,8.10706224350205
14,2021-08-04 21:10:00,14.879,"norwood.mouth",0.996152280130293,7.98566734527687
14,2021-08-04 21:25:00,14.691,"norwood.mouth",1.02972972972973,7.48438288288288
14,2021-08-04 21:35:00,15.881,"norwood.mouth",0.915978862606945,7.19110644187217
14,2021-08-04 21:45:00,15.13,"norwood.mouth",0.973793436293436,7.16343098455599
14,2021-08-04 22:00:00,14.817,"norwood.mouth",0.99106699751861,6.71086538461538
14,2021-08-04 22:10:00,14.942,"norwood.mouth",0.975623330365094,6.57869690560997
14,2021-08-04 22:25:00,14.817,"norwood.mouth",0.977314590402327,6.18746061560834
14,2021-08-04 22:35:00,14.253,"norwood.mouth",1.105,5.81385
14,2021-08-04 22:45:00,14.817,"norwood.mouth",0.971827836780324,5.35073644494131
14,2021-08-04 23:00:00,14.19,"norwood.mouth",1.11125,5.21116666666667
14,2021-08-04 23:10:00,14.503,"norwood.mouth",0.998073555166375,4.76254144775248
14,2021-08-04 23:25:00,14.19,"norwood.mouth",1.09125,4.68075
14,2021-08-04 23:35:00,14.19,"norwood.mouth",1.10495283018868,4.71058136792453
14,2021-08-04 23:45:00,14.315,"norwood.mouth",1.04638364779874,4.41694575471698
14,2021-08-05,14.127,"norwood.mouth",1.0975,4.0687375
14,2021-08-05 00:10:00,14.127,"norwood.mouth",1.09367493995196,3.80773899119295
14,2021-08-05 00:25:00,13.939,"norwood.mouth",1.15599001663894,3.68215391014975
14,2021-08-05 00:35:00,14.002,"norwood.mouth",1.13410728582866,3.50087376567921
14,2021-08-05 00:45:00,14.002,"norwood.mouth",1.12244897959184,3.41467857142857
14,2021-08-05 01:00:00,13.939,"norwood.mouth",1.16584333098095,3.19542925194072
14,2021-08-05 01:10:00,14.629,"norwood.mouth",0.979275198187995,3.41674801812005
14,2021-08-05 01:25:00,14.441,"norwood.mouth",0.997087378640777,3.14651941747573
14,2021-08-05 01:35:00,14.315,"norwood.mouth",1.01623147494707,3.0007125382263
14,2021-08-05 01:45:00,14.378,"norwood.mouth",0.988807461692205,2.89484160559627
14,2021-08-05 02:00:00,13.814,"norwood.mouth",1.14808652246256,2.57937271214642
14,2021-08-05 02:10:00,13.877,"norwood.mouth",1.1194942903752,2.80195160413268
14,2021-08-05 02:25:00,14.253,"norwood.mouth",0.983921161825726,2.52896559474412
14,2021-08-05 02:35:00,14.002,"norwood.mouth",1.03993344425957,2.42199916805324
14,2021-08-05 02:45:00,13.752,"norwood.mouth",1.12911611785095,2.26810701906413
14,2021-08-05 03:00:00,14.754,"norwood.mouth",0.925670498084291,2.55479310344828
14,2021-08-05 03:10:00,14.942,"norwood.mouth",0.898004129387474,2.48283293186511
14,2021-08-05 03:25:00,15.004,"norwood.mouth",0.87925219941349,2.16316715542522
14,2021-08-05 03:35:00,14.879,"norwood.mouth",0.920109546165884,2.51156338028169
14,2021-08-05 03:45:00,15.255,"norwood.mouth",0.881140102098695,2.49936018150879
14,2021-08-05 04:00:00,15.13,"norwood.mouth",0.896650717703349,2.42271172248804
14,2021-08-05 04:10:00,15.192,"norwood.mouth",0.87050222504768,2.24918245390973
14,2021-08-05 04:25:00,15.192,"norwood.mouth",0.882501467997651,2.26404697592484
14,2021-08-05 04:35:00,15.13,"norwood.mouth",0.888072357263991,2.39237252685133
14,2021-08-05 04:45:00,15.13,"norwood.mouth",0.870503597122302,2.34001258992806
14,2021-08-05 05:00:00,15.255,"norwood.mouth",0.866382853787434,2.19225132119789
14,2021-08-05 05:10:00,15.38,"norwood.mouth",0.830828082808281,2.45181098109811
14,2021-08-05 05:25:00,15.38,"norwood.mouth",0.835088365243004,2.37213346833579
14,2021-08-05 05:35:00,15.443,"norwood.mouth",0.845791889824024,2.30678003060444
14,2021-08-05 05:45:00,14.942,"norwood.mouth",0.896887159533074,2.44023119325551
14,2021-08-05 06:00:00,15.38,"norwood.mouth",0.827335039298117,2.4467414244806
14,2021-08-05 06:10:00,15.318,"norwood.mouth",0.834319581855516,2.36234963599029
14,2021-08-05 06:25:00,15.506,"norwood.mouth",0.832765374069722,2.60422169996083
14,2021-08-05 06:35:00,14.942,"norwood.mouth",0.864516129032258,2.08889516129032
14,2021-08-05 06:45:00,15.067,"norwood.mouth",0.844083934183768,2.05156837369816
14,2021-08-05 07:00:00,15.13,"norwood.mouth",0.848577659776218,2.23962763132942
14,2021-08-05 07:10:00,15.255,"norwood.mouth",0.829007988110719,2.40293609511425
14,2021-08-05 07:25:00,15.192,"norwood.mouth",0.814064774381368,2.38219168486172
14,2021-08-05 07:35:00,15.004,"norwood.mouth",0.833382298934998,2.39303351083364
14,2021-08-05 07:45:00,14.942,"norwood.mouth",0.829560036663611,2.16568438741216
14,2021-08-05 08:00:00,15.13,"norwood.mouth",0.801647564469914,2.46022994269341
14,2021-08-05 08:10:00,14.879,"norwood.mouth",0.834421364985163,2.40595548961424
14,2021-08-05 08:25:00,14.754,"norwood.mouth",0.834995425434584,2.29003598658127
14,2021-08-05 08:35:00,14.817,"norwood.mouth",0.823602199816682,2.4620229147571
14,2021-08-05 08:45:00,14.817,"norwood.mouth",0.842316448491747,2.48349630051224
14,2021-08-05 09:00:00,14.566,"norwood.mouth",0.889827586206897,3.11024568965517
14,2021-08-05 09:10:00,14.754,"norwood.mouth",0.853160453808752,3.24886021069692
14,2021-08-05 09:25:00,14.629,"norwood.mouth",0.85279255319149,3.4197147606383
14,2021-08-05 09:35:00,14.441,"norwood.mouth",0.886292428198433,3.35517058311575
14,2021-08-05 09:45:00,14.441,"norwood.mouth",0.87702479338843,3.40878181818182
14,2021-08-05 10:00:00,14.566,"norwood.mouth",0.838357735050273,3.42783471511731
14,2021-08-05 10:10:00,14.253,"norwood.mouth",0.909231962761831,3.9528363072149
14,2021-08-05 10:25:00,14.253,"norwood.mouth",0.915718677940046,4.59714488854727
14,2021-08-05 10:35:00,14.19,"norwood.mouth",0.925104456824513,4.75158896239554
14,2021-08-05 10:45:00,14.566,"norwood.mouth",0.870717592592592,5.05544656635803
14,2021-08-05 11:00:00,14.253,"norwood.mouth",0.922647702407002,5.13763530269876
14,2021-08-05 11:10:00,14.127,"norwood.mouth",0.934143686502177,5.24573403483309
14,2021-08-05 11:25:00,14.002,"norwood.mouth",0.946928982725528,5.24148464491363
14,2021-08-05 11:35:00,13.877,"norwood.mouth",0.958633312995729,5.4377086638194
14,2021-08-05 11:45:00,14.002,"norwood.mouth",0.949044585987261,5.7046135881104
14,2021-08-05 12:00:00,13.814,"norwood.mouth",0.976682134570766,6.1226241299304
14,2021-08-05 12:10:00,13.752,"norwood.mouth",0.98362480127186,6.36922469528352
14,2021-08-05 12:25:00,13.814,"norwood.mouth",0.975062034739454,6.27421091811414
14,2021-08-05 12:35:00,13.626,"norwood.mouth",0.999368753287743,6.36342004208311
14,2021-08-05 12:45:00,13.438,"norwood.mouth",1.04976303317536,6.08006872037915
14,2021-08-05 13:00:00,13.376,"norwood.mouth",1.08649289099526,5.95274960505529
14,2021-08-05 13:10:00,13.438,"norwood.mouth",1.03601953601954,6.42220512820513
14,2021-08-05 13:25:00,13.501,"norwood.mouth",1.04212454212454,6.22612026862027
14,2021-08-05 13:35:00,13.438,"norwood.mouth",1.08301886792453,6.62009591194969
14,2021-08-05 13:45:00,13.626,"norwood.mouth",1.10048309178744,6.46431441223832
14,2021-08-05 14:00:00,13.564,"norwood.mouth",0.998409893992933,6.89662190812721
14,2021-08-05 14:10:00,13.564,"norwood.mouth",1.04761904761905,6.91840873015873
14,2021-08-05 14:25:00,13.564,"norwood.mouth",1.08896797153025,7.00931198102016
14,2021-08-05 14:35:00,13.626,"norwood.mouth",1.05378973105135,7.23308027709861
14,2021-08-05 14:45:00,13.814,"norwood.mouth",0.987904360056259,7.98694995311768
14,2021-08-05 15:00:00,14.253,"norwood.mouth",0.956302729528536,7.97057121588089
14,2021-08-05 15:10:00,14.065,"norwood.mouth",0.972274881516588,7.93719431279621
14,2021-08-05 15:25:00,14.315,"norwood.mouth",0.953578784757982,8.1859438722966
14,2021-08-05 15:35:00,14.253,"norwood.mouth",0.962860576923077,8.00323137019231
14,2021-08-05 15:45:00,14.19,"norwood.mouth",0.966470588235294,8.06246470588235
14,2021-08-05 16:00:00,14.253,"norwood.mouth",0.967798913043478,8.14674048913044
14,2021-08-05 16:10:00,14.002,"norwood.mouth",0.996772747646795,8.6269314208875
14,2021-08-05 16:25:00,14.002,"norwood.mouth",0.994430118617844,8.59320526044353
14,2021-08-05 16:35:00,14.253,"norwood.mouth",0.970419370943585,8.59330004992511
14,2021-08-05 16:45:00,14.065,"norwood.mouth",0.99028310940499,8.57664575335892
14,2021-08-05 17:00:00,14.127,"norwood.mouth",0.982743362831858,8.5089203539823
14,2021-08-05 17:10:00,13.877,"norwood.mouth",1.01629213483146,8.8009063670412
14,2021-08-05 17:25:00,13.939,"norwood.mouth",0.999136276391555,8.83042514395393
14,2021-08-05 17:35:00,14.065,"norwood.mouth",0.995637119113573,9.25484072022161
14,2021-08-05 17:45:00,14.002,"norwood.mouth",0.995756385068762,9.44008084479371
14,2021-08-05 18:00:00,14.065,"norwood.mouth",0.987810834813499,9.08852186944938
14,2021-08-05 18:10:00,14.065,"norwood.mouth",0.988163771712159,9.06586600496278
14,2021-08-05 18:25:00,13.877,"norwood.mouth",0.996830466830467,9.3669488943489
14,2021-08-05 18:35:00,14.002,"norwood.mouth",0.989699570815451,9.12975429184549
14,2021-08-05 18:45:00,13.814,"norwood.mouth",1.02689486552567,8.94281458842706
14,2021-08-05 19:00:00,13.752,"norwood.mouth",1.03652392947103,9.18113266162888
14,2021-08-05 19:10:00,14.002,"norwood.mouth",0.991724137931034,9.39975
14,2021-08-05 19:25:00,14.002,"norwood.mouth",0.982923673997413,9.46061028460543
14,2021-08-05 19:35:00,13.752,"norwood.mouth",0.997115384615385,9.10186057692308
14,2021-08-05 19:45:00,13.814,"norwood.mouth",0.993659621802002,9.03602002224694
14,2021-08-05 20:00:00,13.877,"norwood.mouth",0.984159159159159,8.9934964964965
14,2021-08-05 20:10:00,13.877,"norwood.mouth",0.977238605898123,8.61794128686327
14,2021-08-05 20:25:00,13.564,"norwood.mouth",0.99628537735849,8.33224823113208
14,2021-08-05 20:35:00,13.689,"norwood.mouth",0.993115942028985,8.37080555555556
14,2021-08-05 20:45:00,14.065,"norwood.mouth",0.961393442622951,8.50111106557377
14,2021-08-05 21:00:00,13.814,"norwood.mouth",1.02228976697062,8.240229061128
14,2021-08-05 21:10:00,14.754,"norwood.mouth",0.916614420062696,8.58195898641588
14,2021-08-05 21:25:00,13.814,"norwood.mouth",0.987346738597352,7.89712849435998
14,2021-08-05 21:35:00,13.814,"norwood.mouth",0.987554269175108,7.77142884708153
14,2021-08-05 21:45:00,14.629,"norwood.mouth",0.92454128440367,7.6858627675841
14,2021-08-05 22:00:00,14.002,"norwood.mouth",0.977346617724174,7.1839802045097
14,2021-08-05 22:10:00,13.626,"norwood.mouth",0.999423076923077,6.82489230769231
14,2021-08-05 22:25:00,13.689,"norwood.mouth",1.01298026998962,6.56486137071651
14,2021-08-05 22:35:00,14.879,"norwood.mouth",0.915904716073147,6.32134227622714
14,2021-08-05 22:45:00,14.19,"norwood.mouth",0.966545075560188,5.87492209484106
14,2021-08-05 23:00:00,14.253,"norwood.mouth",0.955009163103238,5.59946762370189
14,2021-08-05 23:10:00,14.315,"norwood.mouth",0.950090252707581,5.33694133574007
14,2021-08-05 23:25:00,14.065,"norwood.mouth",0.972370820668693,5.23616838905775
14,2021-08-05 23:35:00,13.939,"norwood.mouth",0.987843406593407,5.10120879120879
14,2021-08-05 23:45:00,13.939,"norwood.mouth",0.988502673796791,4.9647174688057
14,2021-08-06,14.253,"norwood.mouth",0.954424778761062,4.4611209439528
14,2021-08-06 00:10:00,13.877,"norwood.mouth",0.979703328509407,4.53232959479016
14,2021-08-06 00:25:00,13.814,"norwood.mouth",0.986520947176685,4.16954993928355
14,2021-08-06 00:35:00,13.689,"norwood.mouth",0.995213849287169,3.82286082824168
14,2021-08-06 00:45:00,14.378,"norwood.mouth",0.933416458852868,4.0073759351621
14,2021-08-06 01:00:00,14.127,"norwood.mouth",0.959019461077844,3.59677919161677
14,2021-08-06 01:10:00,14.942,"norwood.mouth",0.857664233576642,3.47122627737226
14,2021-08-06 01:25:00,13.877,"norwood.mouth",0.974270072992701,3.4014197080292
14,2021-08-06 01:35:00,13.626,"norwood.mouth",1.04150943396226,3.33571383647799
14,2021-08-06 01:45:00,13.752,"norwood.mouth",0.979732739420935,3.0579428359317
14,2021-08-06 02:00:00,13.877,"norwood.mouth",0.962969401947149,3.0053530945758
14,2021-08-06 02:10:00,13.689,"norwood.mouth",0.981713554987212,3.15769607843137
14,2021-08-06 02:25:00,13.564,"norwood.mouth",1.01518218623482,2.80364777327935
14,2021-08-06 02:35:00,13.689,"norwood.mouth",0.97557251908397,2.71326844783715
14,2021-08-06 02:45:00,13.752,"norwood.mouth",0.97704309063893,2.88231426448737
14,2021-08-06 03:00:00,13.752,"norwood.mouth",0.976605504587156,3.21004587155963
14,2021-08-06 03:10:00,14.002,"norwood.mouth",0.934039900249377,2.7619821280133
14,2021-08-06 03:25:00,14.503,"norwood.mouth",0.87396839332748,2.8783867427568
14,2021-08-06 03:35:00,14.065,"norwood.mouth",0.91609756097561,2.5576093495935
14,2021-08-06 03:45:00,14.441,"norwood.mouth",0.879547169811321,2.6073679245283
14,2021-08-06 04:00:00,14.065,"norwood.mouth",0.911071428571429,2.61797321428571
14,2021-08-06 04:10:00,13.939,"norwood.mouth",0.931436567164179,2.49755410447761
14,2021-08-06 04:25:00,14.19,"norwood.mouth",0.891652684563758,2.42773930369128
14,2021-08-06 04:35:00,14.19,"norwood.mouth",0.873691722169363,2.34372121788773
14,2021-08-06 04:45:00,13.939,"norwood.mouth",0.91244019138756,2.13282057416268
14,2021-08-06 05:00:00,14.127,"norwood.mouth",0.889063948100093,2.26990569972196
14,2021-08-06 05:10:00,14.253,"norwood.mouth",0.845126273814798,2.25018210013292
14,2021-08-06 05:25:00,14.503,"norwood.mouth",0.827860638545794,2.34799968927212
14,2021-08-06 05:35:00,14.315,"norwood.mouth",0.844837081229922,2.07806000458926
14,2021-08-06 05:45:00,14.19,"norwood.mouth",0.866044399596367,2.08536579212916
14,2021-08-06 06:00:00,14.378,"norwood.mouth",0.820290344361918,2.24976479855953
14,2021-08-06 06:10:00,14.253,"norwood.mouth",0.85483870967742,1.81425806451613
14,2021-08-06 06:25:00,14.315,"norwood.mouth",0.828985838282321,1.91156083447541
14,2021-08-06 06:35:00,14.19,"norwood.mouth",0.848164716678137,1.78053919094594
14,2021-08-06 06:45:00,14.19,"norwood.mouth",0.856578947368421,1.69287938596491
14,2021-08-06 07:00:00,14.441,"norwood.mouth",0.816944945848375,2.09835021811071
14,2021-08-06 07:10:00,14.441,"norwood.mouth",0.815151846187459,2.11646646274852
14,2021-08-06 07:25:00,14.253,"norwood.mouth",0.840303165403477,1.92501281765493
14,2021-08-06 07:35:00,14.315,"norwood.mouth",0.824590869939707,1.93586319265001
14,2021-08-06 07:45:00,14.315,"norwood.mouth",0.827262884365526,1.98152901689043
14,2021-08-06 08:00:00,14.315,"norwood.mouth",0.832606781153677,1.99645354469397
14,2021-08-06 08:10:00,14.19,"norwood.mouth",0.830508292052552,2.05284923540814
14,2021-08-06 08:25:00,14.441,"norwood.mouth",0.814602751886374,2.39161614144104
14,2021-08-06 08:35:00,14.127,"norwood.mouth",0.839827509951349,2.16996048945894
14,2021-08-06 08:45:00,14.065,"norwood.mouth",0.868100358422939,2.44078703703704
14,2021-08-06 09:00:00,14.253,"norwood.mouth",0.839206206431302,2.61994198335957
14,2021-08-06 09:10:00,14.127,"norwood.mouth",0.846650097255241,2.52237864707154
14,2021-08-06 09:25:00,14.19,"norwood.mouth",0.808805668016194,2.95782354925776
14,2021-08-06 09:35:00,14.065,"norwood.mouth",0.862613981762918,3.00072289766971
14,2021-08-06 09:45:00,13.877,"norwood.mouth",0.875109170305677,3.00905349344978
14,2021-08-06 10:00:00,14.002,"norwood.mouth",0.878992878942014,3.42361749745676
14,2021-08-06 10:10:00,13.877,"norwood.mouth",0.892427616926503,3.50919042316258
14,2021-08-06 10:25:00,13.814,"norwood.mouth",0.916920152091255,3.72963751584284
14,2021-08-06 10:35:00,13.689,"norwood.mouth",0.937459283387622,3.67405537459283
14,2021-08-06 10:45:00,13.752,"norwood.mouth",0.929033728350045,3.98315587967183
14,2021-08-06 11:00:00,13.877,"norwood.mouth",0.88646408839779,4.25554696132597
14,2021-08-06 11:10:00,13.689,"norwood.mouth",0.939799331103679,4.16764214046823
14,2021-08-06 11:25:00,13.939,"norwood.mouth",0.908757396449704,4.82254112426036
14,2021-08-06 11:35:00,13.814,"norwood.mouth",0.933381502890173,4.77375072254335
14,2021-08-06 11:45:00,13.752,"norwood.mouth",0.942825112107623,4.53574215246637
14,2021-08-06 12:00:00,13.564,"norwood.mouth",1.00336322869955,4.79597757847534
14,2021-08-06 12:10:00,13.564,"norwood.mouth",0.982086614173228,4.94132447506562
14,2021-08-06 12:25:00,13.564,"norwood.mouth",1.00355871886121,4.8955928232503
14,2021-08-06 12:35:00,13.626,"norwood.mouth",1.03690888119954,5.20798481353326
14,2021-08-06 12:45:00,13.689,"norwood.mouth",1.00062972292191,5.18414273719563
14,2021-08-06 13:00:00,13.501,"norwood.mouth",1.13831168831169,5.0412987012987
14,2021-08-06 13:10:00,13.564,"norwood.mouth",1.14415584415584,5.34461688311688
14,2021-08-06 13:25:00,13.438,"norwood.mouth",1.26541554959785,5.15256099195711
14,2021-08-06 13:35:00,13.564,"norwood.mouth",1.20025188916877,5.06703211586902
14,2021-08-06 13:45:00,13.939,"norwood.mouth",0.991951219512195,5.04196097560976
14,2021-08-06 14:00:00,13.689,"norwood.mouth",1.18790637191157,6.05125563502384
14,2021-08-06 14:10:00,13.626,"norwood.mouth",1.26074895977809,5.90261835413777
14,2021-08-06 14:25:00,13.877,"norwood.mouth",1.11610738255034,6.60104474272931
14,2021-08-06 14:35:00,13.689,"norwood.mouth",1.26699029126214,6.60677669902913
14,2021-08-06 14:45:00,13.939,"norwood.mouth",1.14355062413315,7.00731692094313
14,2021-08-06 15:00:00,14.503,"norwood.mouth",0.907926829268293,7.75480284552846
14,2021-08-06 15:10:00,14.127,"norwood.mouth",1.02981969486824,7.4609041840037
14,2021-08-06 15:25:00,14.002,"norwood.mouth",1.11275167785235,7.75887080536913
14,2021-08-06 15:35:00,14.065,"norwood.mouth",1.15238678090575,7.91575183598531
14,2021-08-06 15:45:00,14.065,"norwood.mouth",1.17640047675805,8.13423847834724
14,2021-08-06 16:00:00,14.879,"norwood.mouth",0.89299853372434,8.62229618768328
14,2021-08-06 16:10:00,15.255,"norwood.mouth",0.872129506008011,9.07477853805073
14,2021-08-06 16:25:00,14.065,"norwood.mouth",1.15315315315315,8.66400375375375
14,2021-08-06 16:35:00,14.127,"norwood.mouth",1.13988095238095,8.65989384920635
14,2021-08-06 16:45:00,14.065,"norwood.mouth",1.19444444444444,8.68712962962963
14,2021-08-06 17:00:00,14.127,"norwood.mouth",1.17897727272727,8.82421306818182
14,2021-08-06 17:10:00,14.127,"norwood.mouth",1.19722222222222,8.74584722222222
14,2021-08-06 17:25:00,14.127,"norwood.mouth",1.19960278053625,8.67435898709037
14,2021-08-06 17:35:00,14.19,"norwood.mouth",1.1427807486631,8.84439171122995
14,2021-08-06 17:45:00,14.253,"norwood.mouth",1.13138686131387,9.08036131386861
14,2021-08-06 18:00:00,14.253,"norwood.mouth",1.15259409969481,9.31018362156663
14,2021-08-06 18:10:00,14.19,"norwood.mouth",1.16844919786096,9.47749598930481
14,2021-08-06 18:25:00,14.315,"norwood.mouth",1.10428100987925,9.19663766922795
14,2021-08-06 18:35:00,14.315,"norwood.mouth",1.07032181168057,9.19256446166071
14,2021-08-06 18:45:00,14.253,"norwood.mouth",1.13209733487833,9.22817931633836
14,2021-08-06 19:00:00,14.253,"norwood.mouth",1.1475935828877,9.53082754010695
14,2021-08-06 19:10:00,14.253,"norwood.mouth",1.1475935828877,9.44696122994652
14,2021-08-06 19:25:00,14.315,"norwood.mouth",1.04424778761062,9.34029203539823
14,2021-08-06 19:35:00,14.315,"norwood.mouth",1.04424778761062,9.25242920353982
14,2021-08-06 19:45:00,14.253,"norwood.mouth",1.05475880052151,9.17589928292047
14,2021-08-06 20:00:00,14.253,"norwood.mouth",1.07866507747318,9.12474195470799
14,2021-08-06 20:10:00,14.19,"norwood.mouth",1.09018404907975,9.05134355828221
14,2021-08-06 20:25:00,14.19,"norwood.mouth",1.10190703218117,8.78862783075089
14,2021-08-06 20:35:00,14.253,"norwood.mouth",1.15425531914894,8.53043971631206
14,2021-08-06 20:45:00,14.127,"norwood.mouth",1.10809248554913,8.38060163776493
14,2021-08-06 21:00:00,14.065,"norwood.mouth",1.17479674796748,7.64432588075881
14,2021-08-06 21:10:00,14.127,"norwood.mouth",1.09167604049494,7.41937598425197
14,2021-08-06 21:25:00,14.002,"norwood.mouth",1.20407196969697,7.04425631313131
14,2021-08-06 21:35:00,14.441,"norwood.mouth",0.978852739726027,6.61295747716895
14,2021-08-06 21:45:00,14.19,"norwood.mouth",1.01533406352683,6.46646659364732
14,2021-08-06 22:00:00,14.441,"norwood.mouth",0.978852739726027,5.9972966609589
14,2021-08-06 22:10:00,14.065,"norwood.mouth",1.05750273822563,5.81285350492881
14,2021-08-06 22:25:00,14.566,"norwood.mouth",0.971628721541156,5.35719001751314
14,2021-08-06 22:35:00,14.378,"norwood.mouth",0.986636971046771,5.11802004454343
14,2021-08-06 22:45:00,14.253,"norwood.mouth",0.999050632911393,5.13504746835443
14,2021-08-06 23:00:00,14.378,"norwood.mouth",0.991125198098257,4.91828169572108
14,2021-08-06 23:10:00,14.127,"norwood.mouth",1.07068516912402,4.73530449551894
14,2021-08-06 23:25:00,14.127,"norwood.mouth",1.08406725380304,4.30282305844676
14,2021-08-06 23:35:00,14.942,"norwood.mouth",0.960245901639344,4.38415368852459
14,2021-08-06 23:45:00,14.754,"norwood.mouth",0.974154589371981,4.2875305958132
14,2021-08-07,14.566,"norwood.mouth",0.986679864253394,4.24521563914027
14,2021-08-07 00:10:00,14.566,"norwood.mouth",0.987848297213622,4.08296865325077
14,2021-08-07 00:25:00,14.315,"norwood.mouth",1.02602230483271,3.57810470879802
14,2021-08-07 00:35:00,14.127,"norwood.mouth",1.07203389830508,3.49279378531073
14,2021-08-07 00:45:00,14.19,"norwood.mouth",1.14574532287266,3.16571514785757
14,2021-08-07 01:00:00,14.942,"norwood.mouth",0.950646412411118,3.31733322559793
14,2021-08-07 01:10:00,14.566,"norwood.mouth",0.99353813559322,3.32982379943503
14,2021-08-07 01:25:00,14.629,"norwood.mouth",0.97811004784689,3.24215490430622
14,2021-08-07 01:35:00,14.378,"norwood.mouth",0.99435294117647,2.88512882352941
14,2021-08-07 01:45:00,14.691,"norwood.mouth",0.970169252468265,3.00759097320169
14,2021-08-07 02:00:00,14.629,"norwood.mouth",0.974152542372881,2.6810720338983
14,2021-08-07 02:10:00,14.691,"norwood.mouth",0.945821220930233,2.83075890261628
14,2021-08-07 02:25:00,14.566,"norwood.mouth",0.95350553505535,2.24552859778598
14,2021-08-07 02:35:00,14.754,"norwood.mouth",0.937770897832817,2.18446826625387
14,2021-08-07 02:45:00,14.879,"norwood.mouth",0.905212177121771,2.26478344095941
14,2021-08-07 03:00:00,14.879,"norwood.mouth",0.900050403225807,2.14366708669355
14,2021-08-07 03:10:00,14.879,"norwood.mouth",0.887679769894535,2.05908916586769
14,2021-08-07 03:25:00,14.629,"norwood.mouth",0.912102803738318,1.9908058411215
14,2021-08-07 03:35:00,15.13,"norwood.mouth",0.837490149724192,2.14411383635409
14,2021-08-07 03:45:00,16.132,"norwood.mouth",0.743838383838384,3.10006447811448
14,2021-08-07 04:00:00,14.942,"norwood.mouth",0.850135256988278,1.96576487826871
14,2021-08-07 04:10:00,15.067,"norwood.mouth",0.832893450635386,2.0829156076898
14,2021-08-07 04:25:00,14.942,"norwood.mouth",0.852561669829222,1.88139326375712
14,2021-08-07 04:35:00,15.067,"norwood.mouth",0.830845573640334,2.11681778483525
14,2021-08-07 04:45:00,14.817,"norwood.mouth",0.887721518987342,2.13027974683544
14,2021-08-07 05:00:00,14.942,"norwood.mouth",0.867569721115538,2.09676533864542
14,2021-08-07 05:10:00,14.879,"norwood.mouth",0.861647972389991,2.03219974115617
14,2021-08-07 05:25:00,15.192,"norwood.mouth",0.81414382201033,2.22151827572507
14,2021-08-07 05:35:00,15.13,"norwood.mouth",0.830223123732251,2.18409127789047
14,2021-08-07 05:45:00,15.631,"norwood.mouth",0.779869861598843,2.50508032087034
14,2021-08-07 06:00:00,15.443,"norwood.mouth",0.775053742427203,2.42374679173995
14,2021-08-07 06:10:00,15.255,"norwood.mouth",0.796687885418739,2.1910287779325
14,2021-08-07 06:25:00,15.067,"norwood.mouth",0.812457337883959,1.9168850967008
14,2021-08-07 06:35:00,15.38,"norwood.mouth",0.767660864463133,2.25977423560858
14,2021-08-07 06:45:00,15.756,"norwood.mouth",0.735557768924303,2.58472111553785
14,2021-08-07 07:00:00,15.443,"norwood.mouth",0.78334039847393,2.5603862159107
14,2021-08-07 07:10:00,15.443,"norwood.mouth",0.763021769522668,2.47789980693696
14,2021-08-07 07:25:00,15.38,"norwood.mouth",0.753361344537815,2.52605042016807
14,2021-08-07 07:35:00,15.443,"norwood.mouth",0.763867710694416,2.44271605192664
14,2021-08-07 07:45:00,15.318,"norwood.mouth",0.786731290389827,2.6689299214787
14,2021-08-07 08:00:00,15.318,"norwood.mouth",0.766327775518503,2.56014941710723
14,2021-08-07 08:10:00,15.318,"norwood.mouth",0.759090909090909,1.86209090909091
14,2021-08-07 08:25:00,15.192,"norwood.mouth",0.772063555913113,2.41173015553768
14,2021-08-07 08:35:00,15.318,"norwood.mouth",0.749434256730394,2.6244587397581
14,2021-08-07 08:45:00,15.067,"norwood.mouth",0.790164778578785,2.57205595605905
14,2021-08-07 09:00:00,14.817,"norwood.mouth",0.786058903313311,2.42928153458632
14,2021-08-07 09:10:00,14.879,"norwood.mouth",0.80812908496732,2.4843690087146
14,2021-08-07 09:25:00,14.879,"norwood.mouth",0.782531989143079,2.67002326483133
14,2021-08-07 09:35:00,14.817,"norwood.mouth",0.793639442980805,2.75748174633045
14,2021-08-07 09:45:00,14.566,"norwood.mouth",0.828240030674847,2.76054000511247
14,2021-08-07 10:00:00,14.629,"norwood.mouth",0.835510009532889,3.20135017476962
14,2021-08-07 10:10:00,14.691,"norwood.mouth",0.825368986007284,3.08850476007923
14,2021-08-07 10:25:00,15.192,"norwood.mouth",0.759701091820297,3.50118886104648
14,2021-08-07 10:35:00,14.629,"norwood.mouth",0.838090737240076,3.45575803402647
14,2021-08-07 10:45:00,14.942,"norwood.mouth",0.815527119938885,3.8397735548765
14,2021-08-07 11:00:00,14.629,"norwood.mouth",0.839309210526316,3.81762856359649
14,2021-08-07 11:10:00,14.378,"norwood.mouth",0.904030501089325,4.23602541757444
14,2021-08-07 11:25:00,14.566,"norwood.mouth",0.876303317535545,3.85712203791469
14,2021-08-07 11:35:00,14.441,"norwood.mouth",0.94073262366938,4.77921822166562
14,2021-08-07 11:45:00,14.378,"norwood.mouth",0.94868804664723,4.44187269193392
14,2021-08-07 12:00:00,14.378,"norwood.mouth",0.964425162689805,4.68758821402748
14,2021-08-07 12:10:00,14.002,"norwood.mouth",1.03836930455635,3.99393025579536
14,2021-08-07 12:25:00,14.19,"norwood.mouth",0.99408071748879,4.39251255605381
14,2021-08-07 12:35:00,14.19,"norwood.mouth",1.04606240713224,4.53693573551263
14,2021-08-07 12:45:00,13.939,"norwood.mouth",1.15064345193036,4.43566691900076
14,2021-08-07 13:00:00,13.939,"norwood.mouth",1.18918918918919,4.3249054054054
14,2021-08-07 13:10:00,14.065,"norwood.mouth",1.12091503267974,4.61778812636165
14,2021-08-07 13:25:00,14.378,"norwood.mouth",1.07403273809524,5.23785329861111
14,2021-08-07 13:35:00,14.315,"norwood.mouth",1.11742424242424,5.11636237373737
14,2021-08-07 13:45:00,14.065,"norwood.mouth",1.19753086419753,4.99088580246913
14,2021-08-07 14:00:00,14.378,"norwood.mouth",0.991990291262136,6.2901395631068
14,2021-08-07 14:10:00,14.253,"norwood.mouth",1.13679245283019,5.7763144654088
14,2021-08-07 14:25:00,14.315,"norwood.mouth",0.996579804560261,7.24211726384365
14,2021-08-07 14:35:00,14.253,"norwood.mouth",0.991941747572816,6.86469838187702
14,2021-08-07 14:45:00,14.503,"norwood.mouth",0.97610824742268,6.78943737113402
14,2021-08-07 15:00:00,14.503,"norwood.mouth",0.998231511254019,6.99922883172562
14,2021-08-07 15:10:00,14.127,"norwood.mouth",1.06888007928642,7.30846993723158
14,2021-08-07 15:25:00,14.19,"norwood.mouth",1.21910538286581,6.3704377685115
14,2021-08-07 15:35:00,14.378,"norwood.mouth",1.02604166666667,7.15874305555556
14,2021-08-07 15:45:00,14.315,"norwood.mouth",1.02228682170543,7.41823837209302
14,2021-08-07 16:00:00,15.13,"norwood.mouth",0.959165268456376,8.5375007340604
14,2021-08-07 16:10:00,14.629,"norwood.mouth",0.988251366120219,8.24695081967213
14,2021-08-07 16:25:00,14.441,"norwood.mouth",1.0709219858156,7.47309101654846
14,2021-08-07 16:35:00,14.566,"norwood.mouth",0.989291465378422,8.12745920558239
14,2021-08-07 16:45:00,14.629,"norwood.mouth",0.989004457652303,8.63377043090639
14,2021-08-07 17:00:00,14.566,"norwood.mouth",1.10201042442293,8.20309859766692
14,2021-08-07 17:10:00,14.441,"norwood.mouth",1.1330553449583,8.06169143290372
14,2021-08-07 17:25:00,14.378,"norwood.mouth",1.10720486111111,8.07228761574074
14,2021-08-07 17:35:00,14.503,"norwood.mouth",1.02314814814815,8.61033950617284
14,2021-08-07 17:45:00,14.441,"norwood.mouth",1.07246376811594,8.62009178743961
14,2021-08-07 18:00:00,14.629,"norwood.mouth",0.993903743315508,9.0773820855615
14,2021-08-07 18:10:00,14.691,"norwood.mouth",0.987063655030801,9.26937987679671
14,2021-08-07 18:25:00,14.879,"norwood.mouth",0.985960926851431,9.06431428895956
14,2021-08-07 18:35:00,14.942,"norwood.mouth",0.971085134539038,9.15035002205558
14,2021-08-07 18:45:00,14.879,"norwood.mouth",0.967421383647799,9.09517714884696
14,2021-08-07 19:00:00,15.38,"norwood.mouth",0.947621681415929,9.11546524705015
14,2021-08-07 19:10:00,15.693,"norwood.mouth",0.941201264488936,8.98982086406744
14,2021-08-07 19:25:00,15.004,"norwood.mouth",0.984149326805386,8.81304487964096
14,2021-08-07 19:35:00,14.817,"norwood.mouth",0.990236342502906,8.69465769081751
14,2021-08-07 19:45:00,14.942,"norwood.mouth",0.990173192771084,8.56808245481928
14,2021-08-07 20:00:00,15.506,"norwood.mouth",0.965811088295688,8.61496098562628
14,2021-08-07 20:10:00,15.004,"norwood.mouth",0.986671686746988,8.55608019578313
14,2021-08-07 20:25:00,14.629,"norwood.mouth",1.12152357920194,8.00785096735187
14,2021-08-07 20:35:00,15.067,"norwood.mouth",1.01042873696408,7.9252439165701
14,2021-08-07 20:45:00,15.004,"norwood.mouth",1.0012084592145,7.6278995468278
14,2021-08-07 21:00:00,14.691,"norwood.mouth",1.09988249118684,7.10331032119076
14,2021-08-07 21:10:00,14.942,"norwood.mouth",1.04537767756483,6.91254716272078
14,2021-08-07 21:25:00,14.817,"norwood.mouth",1.11669242658423,6.34895942812983
14,2021-08-07 21:35:00,15.067,"norwood.mouth",1.06234475906607,6.23349528067561
14,2021-08-07 21:45:00,14.754,"norwood.mouth",1.12226277372263,5.85390267639903
14,2021-08-07 22:00:00,14.378,"norwood.mouth",1.17331745086361,5.64668642048839
14,2021-08-07 22:10:00,14.315,"norwood.mouth",1.20457142857143,5.40099952380952
14,2021-08-07 22:25:00,14.754,"norwood.mouth",1.11600625651721,5.37404814042405
14,2021-08-07 22:35:00,14.315,"norwood.mouth",1.21993499458288,4.79352871072589
14,2021-08-07 22:45:00,14.253,"norwood.mouth",1.25607180570222,4.65119183386132
14,2021-08-07 23:00:00,14.691,"norwood.mouth",1.09051970302684,4.61896059394632
14,2021-08-07 23:10:00,14.378,"norwood.mouth",1.18826473859844,4.30530218761587
14,2021-08-07 23:25:00,14.441,"norwood.mouth",1.12214983713355,3.88648941368078
14,2021-08-07 23:35:00,14.503,"norwood.mouth",1.10485376477909,3.64605382700684
14,2021-08-07 23:45:00,14.378,"norwood.mouth",1.1437461107654,3.45469041692595
14,2021-08-08,14.315,"norwood.mouth",1.11135057471264,2.89376077586207
14,2021-08-08 00:10:00,14.253,"norwood.mouth",1.07352941176471,2.70805882352941
14,2021-08-08 00:25:00,14.503,"norwood.mouth",0.974274047186933,2.37006465517241
14,2021-08-08 00:35:00,14.127,"norwood.mouth",1.03401015228426,2.25198561759729
14,2021-08-08 00:45:00,14.315,"norwood.mouth",0.988659392049883,2.089453624318
14,2021-08-08 01:00:00,16.883,"norwood.mouth",0.715231723870467,3.36643991985004
14,2021-08-08 01:10:00,14.566,"norwood.mouth",0.958835758835759,2.06933575883576
14,2021-08-08 01:25:00,14.127,"norwood.mouth",1.06780366056572,2.11373266777593
14,2021-08-08 01:35:00,14.315,"norwood.mouth",0.999900859220093,2.41996497025777
14,2021-08-08 01:45:00,14.378,"norwood.mouth",0.99168765743073,2.41585579345088
14,2021-08-08 02:00:00,14.566,"norwood.mouth",0.972263549415515,2.78090382571732
14,2021-08-08 02:10:00,14.503,"norwood.mouth",0.975937307928703,2.55917609096497
14,2021-08-08 02:25:00,14.566,"norwood.mouth",0.97707701637356,2.7080078835658
14,2021-08-08 02:35:00,14.817,"norwood.mouth",0.95952380952381,2.59964285714286
14,2021-08-08 02:45:00,14.879,"norwood.mouth",0.95,2.45733333333333
14,2021-08-08 03:00:00,14.879,"norwood.mouth",0.941875,2.80016875
14,2021-08-08 03:10:00,14.817,"norwood.mouth",0.963114754098361,2.55368852459016
14,2021-08-08 03:25:00,15.067,"norwood.mouth",0.924563106796117,2.66158640776699
14,2021-08-08 03:35:00,15.004,"norwood.mouth",0.925440313111546,2.87968639921722
14,2021-08-08 03:45:00,14.879,"norwood.mouth",0.934227467811159,2.38000375536481
14,2021-08-08 04:00:00,15.004,"norwood.mouth",0.910364372469636,2.51702914979757
14,2021-08-08 04:10:00,15.004,"norwood.mouth",0.911685393258427,2.63799831460674
14,2021-08-08 04:25:00,15.318,"norwood.mouth",0.89402697495183,3.16606117533719
14,2021-08-08 04:35:00,15.192,"norwood.mouth",0.901283783783784,2.57401114864865
14,2021-08-08 04:45:00,15.13,"norwood.mouth",0.914780600461894,2.87199076212471
14,2021-08-08 05:00:00,15.192,"norwood.mouth",0.895094604064471,2.51512929222144
14,2021-08-08 05:10:00,15.756,"norwood.mouth",0.83126024830171,3.23774045443898
14,2021-08-08 05:25:00,15.13,"norwood.mouth",0.913581806696147,2.4365770688566
14,2021-08-08 05:35:00,15.318,"norwood.mouth",0.866919000757002,2.44009576078728
14,2021-08-08 05:45:00,15.38,"norwood.mouth",0.846166356877323,2.52848071561338
14,2021-08-08 06:00:00,15.067,"norwood.mouth",0.873562753036437,2.54118259109312
14,2021-08-08 06:10:00,15.192,"norwood.mouth",0.843217273343884,2.32981573592584
14,2021-08-08 06:25:00,14.879,"norwood.mouth",0.882506887052342,2.60119191919192
14,2021-08-08 06:35:00,14.879,"norwood.mouth",0.848606943849121,2.12017231033005
14,2021-08-08 06:45:00,14.942,"norwood.mouth",0.837364620938628,2.01676955475331
14,2021-08-08 07:00:00,15.067,"norwood.mouth",0.828123639529821,2.29657335655202
14,2021-08-08 07:10:00,15.004,"norwood.mouth",0.846082381911798,2.1634454145213
14,2021-08-08 07:25:00,15.13,"norwood.mouth",0.819112814895947,2.56634720700986
14,2021-08-08 07:35:00,15.004,"norwood.mouth",0.828064373897707,2.42915597442681
14,2021-08-08 07:45:00,15.004,"norwood.mouth",0.838353863381859,2.4935587905935
14,2021-08-08 08:00:00,15.318,"norwood.mouth",0.781685732786532,2.9215494280164
14,2021-08-08 08:10:00,15.004,"norwood.mouth",0.811488250652742,2.74236749347258
14,2021-08-08 08:25:00,15.13,"norwood.mouth",0.787244788308618,2.76788609499248
14,2021-08-08 08:35:00,14.754,"norwood.mouth",0.826465460884724,2.59798147744607
14,2021-08-08 08:45:00,15.004,"norwood.mouth",0.80825093386069,2.85506819014136
14,2021-08-08 09:00:00,14.691,"norwood.mouth",0.832475118996105,2.91723215058416
14,2021-08-08 09:10:00,15.255,"norwood.mouth",0.766489587760306,3.32671100722482
14,2021-08-08 09:25:00,14.629,"norwood.mouth",0.826702508960573,2.90785663082437
14,2021-08-08 09:35:00,14.629,"norwood.mouth",0.851480263157895,3.36170641447368
14,2021-08-08 09:45:00,14.754,"norwood.mouth",0.814083367057871,3.50939238499933
14,2021-08-08 10:00:00,14.691,"norwood.mouth",0.808454106280193,3.66857165861514
14,2021-08-08 10:10:00,14.253,"norwood.mouth",0.86366251198466,3.53696093000959
14,2021-08-08 10:25:00,14.691,"norwood.mouth",0.816293238993711,4.20239675052411
14,2021-08-08 10:35:00,14.315,"norwood.mouth",0.875044404973357,3.88616429840142
14,2021-08-08 10:45:00,14.253,"norwood.mouth",0.8758,3.915062
14,2021-08-08 11:00:00,14.378,"norwood.mouth",0.88657120743034,4.45822407120743
14,2021-08-08 11:10:00,14.315,"norwood.mouth",0.862119895742832,4.47364313640313
14,2021-08-08 11:25:00,14.127,"norwood.mouth",0.898040885860307,4.55358773424191
14,2021-08-08 11:35:00,14.065,"norwood.mouth",0.929818780889621,4.4560852553542
14,2021-08-08 11:45:00,14.503,"norwood.mouth",0.890643522438611,5.20272819644369
14,2021-08-08 12:00:00,13.752,"norwood.mouth",0.988866396761134,5.11310863697706
14,2021-08-08 12:10:00,14.127,"norwood.mouth",0.941681494661922,5.07068994661922
14,2021-08-08 12:25:00,14.002,"norwood.mouth",0.982713085234094,6.02801140456183
14,2021-08-08 12:35:00,14.127,"norwood.mouth",0.957102977667494,5.94985142679901
14,2021-08-08 12:45:00,13.877,"norwood.mouth",1.06496881496882,5.66251697851698
14,2021-08-08 13:00:00,14.002,"norwood.mouth",1.04868154158215,5.69306997971603
14,2021-08-08 13:10:00,14.315,"norwood.mouth",0.97976855546688,6.51211252992817
14,2021-08-08 13:25:00,13.877,"norwood.mouth",1.08612716763006,6.76320520231214
14,2021-08-08 13:35:00,14.065,"norwood.mouth",1.04435925520263,6.72784118291347
14,2021-08-08 13:45:00,14.127,"norwood.mouth",1.08274111675127,6.69675676818951
14,2021-08-08 14:00:00,14.127,"norwood.mouth",1.10670731707317,6.66806504065041
14,2021-08-08 14:10:00,13.939,"norwood.mouth",1.21260683760684,6.26663319088319
14,2021-08-08 14:25:00,14.19,"norwood.mouth",1.15353260869565,7.2820294384058
14,2021-08-08 14:35:00,14.315,"norwood.mouth",1.15604575163399,7.16546541394335
14,2021-08-08 14:45:00,14.315,"norwood.mouth",1.15551694178975,7.38704829134086
14,2021-08-08 15:00:00,14.253,"norwood.mouth",1.19038984587489,7.22854442429737
14,2021-08-08 15:10:00,15.192,"norwood.mouth",0.964064089521872,8.1941510681587
14,2021-08-08 15:25:00,15.067,"norwood.mouth",0.980347784659362,8.79078418294426
14,2021-08-08 15:35:00,15.13,"norwood.mouth",0.981130986728217,8.82382804385459
14,2021-08-08 15:45:00,14.754,"norwood.mouth",1.03901996370236,8.93561539624924
14,2021-08-08 16:00:00,15.13,"norwood.mouth",0.994943820224719,9.10976966292135
14,2021-08-08 16:10:00,14.754,"norwood.mouth",1.10392798690671,8.71281669394435
14,2021-08-08 16:25:00,14.817,"norwood.mouth",1.03293135435993,8.95664316635745
14,2021-08-08 16:35:00,14.879,"norwood.mouth",1.11134307585247,8.88368035258641
14,2021-08-08 16:45:00,14.566,"norwood.mouth",1.20549450549451,8.73952838827839
14,2021-08-08 17:00:00,14.879,"norwood.mouth",1.11134307585247,9.51149518673162
14,2021-08-08 17:10:00,14.691,"norwood.mouth",1.15361670395227,9.29117213522247
14,2021-08-08 17:25:00,15.192,"norwood.mouth",0.983155856727977,9.44045522749274
14,2021-08-08 17:35:00,14.879,"norwood.mouth",1.00426944971537,9.63955787476281
14,2021-08-08 17:45:00,14.879,"norwood.mouth",1.07207207207207,9.66952402402402
14,2021-08-08 18:00:00,14.879,"norwood.mouth",1.04565217391304,10.2510869565217
14,2021-08-08 18:10:00,14.879,"norwood.mouth",1.02586206896552,10.1518793103448
14,2021-08-08 18:25:00,15.318,"norwood.mouth",0.970468343451865,9.98536730268864
14,2021-08-08 18:35:00,15.067,"norwood.mouth",0.98877508361204,10.1054092809365
14,2021-08-08 18:45:00,15.067,"norwood.mouth",0.999304750869061,10.1338910776362
14,2021-08-08 19:00:00,15.13,"norwood.mouth",0.983491461100569,10.0875128083491
14,2021-08-08 19:10:00,14.503,"norwood.mouth",1.23640661938534,9.4715561465721
14,2021-08-08 19:25:00,14.441,"norwood.mouth",1.24658634538153,9.30127576974565
14,2021-08-08 19:35:00,14.253,"norwood.mouth",1.3375086986778,9.05616405706333
14,2021-08-08 19:45:00,14.253,"norwood.mouth",1.35221518987342,8.87620253164557
14,2021-08-08 20:00:00,14.315,"norwood.mouth",1.31664456233422,8.71704973474801
14,2021-08-08 20:10:00,14.315,"norwood.mouth",1.3025325119781,8.5840307437828
14,2021-08-08 20:25:00,14.378,"norwood.mouth",1.28343118069145,8.34809067188519
14,2021-08-08 20:35:00,14.503,"norwood.mouth",1.21818181818182,8.35968181818182
14,2021-08-08 20:45:00,14.253,"norwood.mouth",1.28005759539237,7.97087904967603
14,2021-08-08 21:00:00,14.253,"norwood.mouth",1.29288975864318,7.53641264405305
14,2021-08-08 21:10:00,14.378,"norwood.mouth",1.25576323987539,7.30958930425753
14,2021-08-08 21:25:00,14.879,"norwood.mouth",1.05201916495551,7.06672490303445
14,2021-08-08 21:35:00,15.506,"norwood.mouth",0.927200255102041,6.64882653061225
14,2021-08-08 21:45:00,15.819,"norwood.mouth",0.940242669362993,7.03469742163802
14,2021-08-08 22:00:00,16.508,"norwood.mouth",0.807168566286743,6.63247330533893
14,2021-08-08 22:10:00,15.004,"norwood.mouth",0.97567335243553,6.29684899713467
14,2021-08-08 22:25:00,15.255,"norwood.mouth",0.9495,5.84072416666667
14,2021-08-08 22:35:00,16.946,"norwood.mouth",0.770310478654592,6.57074514877102
14,2021-08-08 22:45:00,15.318,"norwood.mouth",0.936209964412811,5.41872464412811
14,2021-08-08 23:00:00,14.754,"norwood.mouth",0.971542553191489,4.73149290780142
14,2021-08-08 23:10:00,15.067,"norwood.mouth",0.948925043579314,4.95045104590354
14,2021-08-08 23:25:00,15.881,"norwood.mouth",0.864489795918367,5.08616088435374
14,2021-08-08 23:35:00,15.568,"norwood.mouth",0.899911816578483,5.18032833627278
14,2021-08-08 23:45:00,15.067,"norwood.mouth",0.940525328330206,4.50391432145091
14,2021-08-09,14.441,"norwood.mouth",0.999419448476052,4.24945911949686
14,2021-08-09 00:10:00,13.939,"norwood.mouth",1.1911231884058,3.55422342995169
14,2021-08-09 00:25:00,14.065,"norwood.mouth",1.1231884057971,3.38871376811594
14,2021-08-09 00:35:00,14.315,"norwood.mouth",0.99792817679558,3.77428038674033
14,2021-08-09 00:45:00,15.693,"norwood.mouth",0.860553745928339,3.71841498371335
14,2021-08-09 01:00:00,14.441,"norwood.mouth",0.988103991596639,3.59165703781513
14,2021-08-09 01:10:00,14.253,"norwood.mouth",0.998788546255507,2.94721292217327
14,2021-08-09 01:25:00,14.754,"norwood.mouth",0.940425531914894,3.25323758865248
14,2021-08-09 01:35:00,14.378,"norwood.mouth",0.981290322580645,3.63493924731183
14,2021-08-09 01:45:00,14.629,"norwood.mouth",0.957628865979381,3.23739587628866
14,2021-08-09 02:00:00,14.253,"norwood.mouth",0.993228768171385,2.92281713848508
14,2021-08-09 02:10:00,14.378,"norwood.mouth",0.9781206171108,2.81045476858345
14,2021-08-09 02:25:00,15.255,"norwood.mouth",0.847100248550124,2.88077796188898
14,2021-08-09 02:35:00,14.817,"norwood.mouth",0.930230050323508,2.91597268152408
14,2021-08-09 02:45:00,14.691,"norwood.mouth",0.919815112540193,2.75609947749196
14,2021-08-09 03:00:00,14.754,"norwood.mouth",0.939350180505415,2.94814620938628
14,2021-08-09 03:10:00,14.879,"norwood.mouth",0.895151770657673,3.07785012647555
14,2021-08-09 03:25:00,14.566,"norwood.mouth",0.924598930481283,2.4797179144385
14,2021-08-09 03:35:00,14.817,"norwood.mouth",0.896934713375796,2.6602740843949
14,2021-08-09 03:45:00,14.754,"norwood.mouth",0.88742746615087,2.43174903288201
14,2021-08-09 04:00:00,14.942,"norwood.mouth",0.858926829268293,2.64394536585366
14,2021-08-09 04:10:00,14.629,"norwood.mouth",0.900044603033006,2.41246164139161
14,2021-08-09 04:25:00,14.942,"norwood.mouth",0.8555,2.42581
14,2021-08-09 04:35:00,14.754,"norwood.mouth",0.879316888045541,2.30102039848197
14,2021-08-09 04:45:00,14.817,"norwood.mouth",0.876446654611212,2.41109538878843
14,2021-08-09 05:00:00,14.629,"norwood.mouth",0.883886509635974,2.43107467880086
14,2021-08-09 05:10:00,14.942,"norwood.mouth",0.832692307692308,2.51975961538462
14,2021-08-09 05:25:00,15.067,"norwood.mouth",0.825886368641269,2.56920678264699
14,2021-08-09 05:35:00,14.879,"norwood.mouth",0.833464739378011,2.35477438312162
14,2021-08-09 05:45:00,15.067,"norwood.mouth",0.820502139157847,2.31571928244389
14,2021-08-09 06:00:00,14.754,"norwood.mouth",0.832777655111504,2.23374254802385
14,2021-08-09 06:10:00,14.817,"norwood.mouth",0.811948411852484,2.17915178000426
14,2021-08-09 06:25:00,14.503,"norwood.mouth",0.840730760939858,1.86899058705181
14,2021-08-09 06:35:00,14.629,"norwood.mouth",0.823038697399027,2.12410181856629
14,2021-08-09 06:45:00,14.754,"norwood.mouth",0.820060527453524,2.33383077532786
14,2021-08-09 07:00:00,14.879,"norwood.mouth",0.800982509177284,2.58943050457065
14,2021-08-09 07:10:00,14.629,"norwood.mouth",0.808487845076226,2.17033192555968
14,2021-08-09 07:25:00,14.817,"norwood.mouth",0.787172225718481,2.40839221033494
14,2021-08-09 07:35:00,15.067,"norwood.mouth",0.762572409354216,2.74630022169777
14,2021-08-09 07:45:00,14.629,"norwood.mouth",0.810242005185825,2.29475597810429
14,2021-08-09 08:00:00,14.879,"norwood.mouth",0.771734475374732,2.72543147751606
14,2021-08-09 08:10:00,14.817,"norwood.mouth",0.77644220458932,2.68123890199442
14,2021-08-09 08:25:00,14.817,"norwood.mouth",0.761446409989594,2.88295213319459
14,2021-08-09 08:35:00,14.503,"norwood.mouth",0.80555798209216,2.58675627866346
14,2021-08-09 08:45:00,14.441,"norwood.mouth",0.801193520886615,2.70613363171356
14,2021-08-09 09:00:00,14.629,"norwood.mouth",0.789081939081939,2.97181881881882
14,2021-08-09 09:10:00,14.315,"norwood.mouth",0.79749948122017,2.77335456872104
14,2021-08-09 09:25:00,14.566,"norwood.mouth",0.78389651531151,3.28854030271031
14,2021-08-09 09:35:00,14.503,"norwood.mouth",0.800951057918359,3.34718230391109
14,2021-08-09 09:45:00,14.378,"norwood.mouth",0.795055404557809,3.3053221827305
14,2021-08-09 10:00:00,13.939,"norwood.mouth",0.880239786856128,3.06357748667851
14,2021-08-09 10:10:00,14.065,"norwood.mouth",0.875156950672646,3.35377040358744
14,2021-08-09 10:25:00,14.002,"norwood.mouth",0.859902912621359,3.3137854368932
14,2021-08-09 10:35:00,14.315,"norwood.mouth",0.811094224924012,3.80104457953394
14,2021-08-09 10:45:00,14.127,"norwood.mouth",0.823179326546593,3.55979541895067
14,2021-08-09 11:00:00,14.441,"norwood.mouth",0.808249294070189,4.00409096409843
14,2021-08-09 11:10:00,13.877,"norwood.mouth",0.907238605898123,3.91794347631814
14,2021-08-09 11:25:00,14.378,"norwood.mouth",0.824881606364842,4.28700246258761
14,2021-08-09 11:35:00,13.814,"norwood.mouth",0.923619631901841,4.18671165644172
14,2021-08-09 11:45:00,13.689,"norwood.mouth",0.971490280777538,5.00778239740821
14,2021-08-09 12:00:00,13.877,"norwood.mouth",0.931189710610932,4.6927526795284
14,2021-08-09 12:10:00,13.626,"norwood.mouth",0.985507246376812,4.60594444444444
14,2021-08-09 12:25:00,13.877,"norwood.mouth",0.952937249666221,5.15816288384513
14,2021-08-09 12:35:00,13.939,"norwood.mouth",0.982921447484554,5.60764165931156
14,2021-08-09 12:45:00,13.877,"norwood.mouth",0.979585798816568,5.4089201183432
14,2021-08-09 13:00:00,13.877,"norwood.mouth",0.993238993710692,5.94042452830189
14,2021-08-09 13:10:00,13.877,"norwood.mouth",1.01674364896074,5.75907544264819
14,2021-08-09 13:25:00,13.814,"norwood.mouth",1.09750297265161,5.78520005945303
14,2021-08-09 13:35:00,13.752,"norwood.mouth",1.16760404949381,5.77907395950506
14,2021-08-09 13:45:00,13.752,"norwood.mouth",1.2157721796276,5.71037303760497
14,2021-08-09 14:00:00,13.939,"norwood.mouth",1.1576482830385,6.09883168574402
14,2021-08-09 14:10:00,14.002,"norwood.mouth",1.15837563451777,6.42740482233503
14,2021-08-09 14:25:00,14.002,"norwood.mouth",1.13619167717528,6.77066015132409
14,2021-08-09 14:35:00,13.689,"norwood.mouth",1.38636363636364,5.91419696969697
14,2021-08-09 14:45:00,13.689,"norwood.mouth",1.41708043694141,5.95668346573982
14,2021-08-09 15:00:00,13.752,"norwood.mouth",1.41093573844419,6.33341770011274
14,2021-08-09 15:10:00,13.877,"norwood.mouth",1.37998146431881,6.55844408402842
14,2021-08-09 15:25:00,14.002,"norwood.mouth",1.37692307692308,6.97824358974359
14,2021-08-09 15:35:00,14.253,"norwood.mouth",1.29173106646059,7.5783601236476
14,2021-08-09 15:45:00,14.378,"norwood.mouth",1.23813420621931,7.83443248772504
14,2021-08-09 16:00:00,14.441,"norwood.mouth",1.21521739130435,7.96978260869565
14,2021-08-09 16:10:00,14.441,"norwood.mouth",1.21980461811723,7.97017051509769
14,2021-08-09 16:25:00,14.879,"norwood.mouth",1.14791105121294,8.51339218328841
14,2021-08-09 16:35:00,14.691,"norwood.mouth",1.17463933181473,8.72315856745128
14,2021-08-09 16:45:00,14.629,"norwood.mouth",1.22405660377359,8.76099449685534
14,2021-08-09 17:00:00,14.503,"norwood.mouth",1.29732375979112,8.69180994342907
14,2021-08-09 17:10:00,14.629,"norwood.mouth",1.23042505592841,8.93518008948546
14,2021-08-09 17:25:00,14.817,"norwood.mouth",1.22333125389894,9.10222795799543
14,2021-08-09 17:35:00,14.566,"norwood.mouth",1.27478753541076,9.11119759206799
14,2021-08-09 17:45:00,14.691,"norwood.mouth",1.21108580106302,9.26776512275373
14,2021-08-09 18:00:00,14.691,"norwood.mouth",1.2666244458518,9.28597208148617
14,2021-08-09 18:10:00,15.004,"norwood.mouth",1.13440111420613,9.79418105849582
14,2021-08-09 18:25:00,14.754,"norwood.mouth",1.20516717325228,9.63601899696049
14,2021-08-09 18:35:00,14.817,"norwood.mouth",1.13469899665552,9.75983068561873
14,2021-08-09 18:45:00,14.817,"norwood.mouth",1.22163238221632,9.62732608936076
14,2021-08-09 19:00:00,14.879,"norwood.mouth",1.18326612903226,9.73202419354839
14,2021-08-09 19:10:00,14.503,"norwood.mouth",1.31087896253602,9.4802717339097
14,2021-08-09 19:25:00,14.503,"norwood.mouth",1.2655,9.425795
14,2021-08-09 19:35:00,14.691,"norwood.mouth",1.2666244458518,9.40110945746253
14,2021-08-09 19:45:00,14.691,"norwood.mouth",1.24767904509284,9.34380702917772
14,2021-08-09 20:00:00,14.817,"norwood.mouth",1.17957887700535,9.35349030748663
14,2021-08-09 20:10:00,15.192,"norwood.mouth",1.00241009946442,9.50472609028309
14,2021-08-09 20:25:00,14.817,"norwood.mouth",1.18701044386423,8.75605319843342
14,2021-08-09 20:35:00,15.004,"norwood.mouth",1.12403598971722,8.62485946872322
14,2021-08-09 20:45:00,14.942,"norwood.mouth",1.03644553644554,8.40560421785422
14,2021-08-09 21:00:00,15.38,"norwood.mouth",0.9880467345716,7.9211449970042
14,2021-08-09 21:10:00,16.257,"norwood.mouth",0.914271969211033,7.82833226427197
14,2021-08-09 21:25:00,16.445,"norwood.mouth",0.862923076923077,7.36806153846154
14,2021-08-09 21:35:00,15.067,"norwood.mouth",0.993471421080231,7.01443943366544
14,2021-08-09 21:45:00,15.13,"norwood.mouth",0.992924528301887,6.65338443396226
14,2021-08-09 22:00:00,15.192,"norwood.mouth",0.97505376344086,6.29929390681004
14,2021-08-09 22:10:00,15.255,"norwood.mouth",0.95765243902439,6.12567225609756
14,2021-08-09 22:25:00,14.315,"norwood.mouth",1.1763683753258,5.4411376339415
14,2021-08-09 22:35:00,14.378,"norwood.mouth",1.1385751520417,5.40675477845352
14,2021-08-09 22:45:00,14.253,"norwood.mouth",1.19516263552961,5.01297831526272
14,2021-08-09 23:00:00,14.19,"norwood.mouth",1.20710784313726,4.64391339869281
14,2021-08-09 23:10:00,14.315,"norwood.mouth",1.13180272108844,4.65705867346939
14,2021-08-09 23:25:00,14.127,"norwood.mouth",1.18882978723404,4.10481028368794
14,2021-08-09 23:35:00,14.19,"norwood.mouth",1.15433673469388,3.95785926870748
14,2021-08-09 23:45:00,14.253,"norwood.mouth",1.14622641509434,4.11960691823899
14,2021-08-10,14.065,"norwood.mouth",1.18333333333333,3.84222222222222
16,2021-07-26 00:05:00,16.406,"norwood.mouth",0.772577354641279,4.18519109146549
16,2021-07-26 00:15:00,15.467,"norwood.mouth",0.871138996138996,3.25268870656371
16,2021-07-26 00:30:00,15.279,"norwood.mouth",0.895742574257426,3.19017524752475
16,2021-07-26 00:40:00,15.467,"norwood.mouth",0.854148936170213,3.38220212765957
16,2021-07-26 00:55:00,15.279,"norwood.mouth",0.859677419354839,2.97043548387097
16,2021-07-26 01:05:00,16.343,"norwood.mouth",0.745125208681135,3.89954590984975
16,2021-07-26 01:15:00,16.093,"norwood.mouth",0.7740969984738,3.57881939969476
16,2021-07-26 01:30:00,17.219,"norwood.mouth",0.665761152577677,4.75591859052248
16,2021-07-26 01:40:00,16.093,"norwood.mouth",0.77849846782431,3.75544637385087
16,2021-07-26 01:55:00,16.969,"norwood.mouth",0.699133537206932,4.23515630309208
16,2021-07-26 02:05:00,16.093,"norwood.mouth",0.771637931034483,3.3892349137931
16,2021-07-26 02:15:00,16.719,"norwood.mouth",0.718206285813509,3.80613908664699
16,2021-07-26 02:30:00,16.093,"norwood.mouth",0.771918767507003,3.28237441643324
16,2021-07-26 02:40:00,17.157,"norwood.mouth",0.669104991394148,4.1435711417097
16,2021-07-26 02:55:00,16.531,"norwood.mouth",0.720286707211121,3.87507022878656
16,2021-07-26 03:05:00,16.406,"norwood.mouth",0.728359632391191,3.81346488642275
16,2021-07-26 03:15:00,16.906,"norwood.mouth",0.678482328482329,4.2037920997921
16,2021-07-26 03:30:00,17.032,"norwood.mouth",0.66215034965035,3.95847785547786
16,2021-07-26 03:40:00,16.093,"norwood.mouth",0.73825141291317,3.34645401609865
16,2021-07-26 03:55:00,16.406,"norwood.mouth",0.706723063223509,3.44521757197981
16,2021-07-26 04:05:00,16.28,"norwood.mouth",0.716785714285714,3.48496904761905
16,2021-07-26 04:15:00,16.218,"norwood.mouth",0.715579003369392,3.36846225690134
16,2021-07-26 04:30:00,16.093,"norwood.mouth",0.71817472698908,3.56109620384815
16,2021-07-26 04:40:00,16.093,"norwood.mouth",0.723220875065893,3.48554990335618
16,2021-07-26 04:55:00,15.655,"norwood.mouth",0.756713716974303,3.24710658704307
16,2021-07-26 05:05:00,16.155,"norwood.mouth",0.710966409197054,3.53963319561703
16,2021-07-26 05:15:00,15.905,"norwood.mouth",0.735278634960973,3.35027234222787
16,2021-07-26 05:30:00,16.468,"norwood.mouth",0.675642965204236,3.99434228441755
16,2021-07-26 05:40:00,16.656,"norwood.mouth",0.656607275426875,4.00744345459045
16,2021-07-26 05:55:00,15.592,"norwood.mouth",0.747424103035878,3.15604722477768
16,2021-07-26 06:05:00,15.905,"norwood.mouth",0.711696331274973,3.30090195544255
16,2021-07-26 06:15:00,16.218,"norwood.mouth",0.676161325171048,3.5552436982355
16,2021-07-26 06:30:00,15.655,"norwood.mouth",0.718935690109064,3.38007816221637
16,2021-07-26 06:40:00,15.529,"norwood.mouth",0.728497923812963,3.20995679123789
16,2021-07-26 06:55:00,15.655,"norwood.mouth",0.718341518700416,3.23839875330563
16,2021-07-26 07:05:00,16.406,"norwood.mouth",0.637476099426386,4.02049187380497
16,2021-07-26 07:15:00,15.842,"norwood.mouth",0.685796545105566,3.38968921944978
16,2021-07-26 07:30:00,15.78,"norwood.mouth",0.688369441277081,3.6817933295325
16,2021-07-26 07:40:00,15.842,"norwood.mouth",0.678171828171828,3.666335997336
16,2021-07-26 07:55:00,15.529,"norwood.mouth",0.71161481198702,3.32152261882039
16,2021-07-26 08:05:00,15.717,"norwood.mouth",0.688185890257559,3.43766834639791
16,2021-07-26 08:15:00,15.78,"norwood.mouth",0.687685113016368,3.73051636788776
16,2021-07-26 08:30:00,15.404,"norwood.mouth",0.706427057236462,3.47164957923813
16,2021-07-26 08:40:00,15.592,"norwood.mouth",0.684563694870339,3.76051119944476
16,2021-07-26 08:55:00,15.279,"norwood.mouth",0.719136043784206,3.64104316523325
16,2021-07-26 09:05:00,15.154,"norwood.mouth",0.725207526286663,3.61409389411548
16,2021-07-26 09:15:00,15.279,"norwood.mouth",0.720686490455213,3.89865617351934
16,2021-07-26 09:30:00,14.653,"norwood.mouth",0.787749184487133,3.75339516129032
16,2021-07-26 09:40:00,14.716,"norwood.mouth",0.791333578927979,3.94158482225087
16,2021-07-26 09:55:00,14.277,"norwood.mouth",0.819606782106782,3.98140325877826
16,2021-07-26 10:05:00,14.027,"norwood.mouth",0.852453987730062,4.20667484662577
16,2021-07-26 10:15:00,14.215,"norwood.mouth",0.837135830495649,4.0084367511666
16,2021-07-26 10:30:00,14.089,"norwood.mouth",0.863111111111111,3.89188333333333
16,2021-07-26 10:40:00,14.027,"norwood.mouth",0.868522267206478,4.30731022267206
16,2021-07-26 10:55:00,14.089,"norwood.mouth",0.880456852791878,4.1510152284264
16,2021-07-26 11:05:00,14.403,"norwood.mouth",0.857955801104972,5.26545303867403
16,2021-07-26 11:15:00,13.714,"norwood.mouth",0.978181818181818,3.57855909090909
16,2021-07-26 11:30:00,13.964,"norwood.mouth",0.989880952380952,4.23399007936508
16,2021-07-26 11:40:00,14.403,"norwood.mouth",0.878530259365994,4.66283285302594
16,2021-07-26 11:55:00,13.776,"norwood.mouth",1.22639405204461,3.56632899628253
16,2021-07-26 12:05:00,13.964,"norwood.mouth",1.17434944237918,4.23115644361834
16,2021-07-26 12:15:00,13.964,"norwood.mouth",1.1383701188455,4.05688172043011
16,2021-07-26 12:30:00,13.964,"norwood.mouth",1.07536557930259,4.71254236970379
16,2021-07-26 12:40:00,14.215,"norwood.mouth",1.07378472222222,4.77428385416667
16,2021-07-26 12:55:00,13.964,"norwood.mouth",1.16548223350254,4.7227461928934
16,2021-07-26 13:05:00,13.902,"norwood.mouth",1.17360285374554,4.66144540229885
16,2021-07-26 13:15:00,14.215,"norwood.mouth",1.04002134471718,5.28367982924226
16,2021-07-26 13:30:00,14.465,"norwood.mouth",0.95872641509434,5.87930385220126
16,2021-07-26 13:40:00,15.091,"norwood.mouth",0.8373046875,6.76980696614583
16,2021-07-26 13:55:00,13.964,"norwood.mouth",1.23885658914729,5.36893475452196
16,2021-07-26 14:05:00,13.526,"norwood.mouth",1.45953525641026,5.012
16,2021-07-26 14:15:00,14.653,"norwood.mouth",0.980263157894737,6.11558552631579
16,2021-07-26 14:30:00,14.403,"norwood.mouth",1.16289752650177,5.98030035335689
16,2021-07-26 14:40:00,13.902,"norwood.mouth",1.31931818181818,5.92067045454545
16,2021-07-26 14:55:00,14.215,"norwood.mouth",1.23384294649062,6.62211304146398
16,2021-07-26 15:05:00,15.342,"norwood.mouth",0.952588105726872,7.20877835903084
16,2021-07-26 15:15:00,15.529,"norwood.mouth",0.919707057256991,7.21729161118509
16,2021-07-26 15:30:00,15.404,"norwood.mouth",0.952291666666667,7.55787673611111
16,2021-07-26 15:40:00,14.903,"norwood.mouth",1.09760638297872,7.34624911347518
16,2021-07-26 15:55:00,15.529,"norwood.mouth",0.94605137963844,7.45908515699334
16,2021-07-26 16:05:00,15.842,"norwood.mouth",0.919662921348315,7.83768913857678
16,2021-07-26 16:15:00,15.592,"norwood.mouth",0.959121122599705,8.05285062776957
16,2021-07-26 16:30:00,15.968,"norwood.mouth",0.930900070871722,7.89762739192062
16,2021-07-26 16:40:00,14.215,"norwood.mouth",1.32413217623498,7.36515821094793
16,2021-07-26 16:55:00,14.653,"norwood.mouth",1.18734817813765,7.74843927125506
16,2021-07-26 17:05:00,14.778,"norwood.mouth",1.15418326693227,8.06293027888446
16,2021-07-26 17:15:00,14.465,"norwood.mouth",1.26411802030457,7.7940975571066
16,2021-07-26 17:30:00,14.903,"norwood.mouth",1.15576923076923,7.94439423076923
16,2021-07-26 17:40:00,14.716,"norwood.mouth",1.22281818181818,8.07865681818182
16,2021-07-26 17:55:00,15.342,"norwood.mouth",1.03890568319226,8.25693394800484
16,2021-07-26 18:05:00,15.279,"norwood.mouth",1.06365313653137,8.58086162361624
16,2021-07-26 18:15:00,15.091,"norwood.mouth",1.12315789473684,8.38070263157895
16,2021-07-26 18:30:00,14.59,"norwood.mouth",1.25015527950311,8.15529270186335
16,2021-07-26 18:40:00,15.029,"norwood.mouth",1.12461538461538,8.27076538461538
16,2021-07-26 18:55:00,15.216,"norwood.mouth",1.09876728803367,8.45776428141912
16,2021-07-26 19:05:00,15.592,"norwood.mouth",0.998956356736243,8.51114611005693
16,2021-07-26 19:15:00,15.404,"norwood.mouth",1.03501206272618,8.30702201447527
16,2021-07-26 19:30:00,15.842,"norwood.mouth",0.977414231257941,8.25027048919949
16,2021-07-26 19:40:00,15.905,"norwood.mouth",0.965269461077844,8.24845808383233
16,2021-07-26 19:55:00,16.406,"norwood.mouth",0.895232815964523,8.23685365853659
16,2021-07-26 20:05:00,15.78,"norwood.mouth",0.972184684684685,7.73681719219219
16,2021-07-26 20:15:00,16.03,"norwood.mouth",0.920247295208655,7.2815857805255
16,2021-07-26 20:30:00,16.531,"norwood.mouth",0.854356357927787,7.26277747252747
16,2021-07-26 20:40:00,15.529,"norwood.mouth",0.971177432542927,7.59194358135732
16,2021-07-26 20:55:00,14.903,"norwood.mouth",1.07787857641312,7.52772923935799
16,2021-07-26 21:05:00,14.841,"norwood.mouth",1.09614059269469,7.18460544452102
16,2021-07-26 21:15:00,15.029,"norwood.mouth",1.0231732776618,7.19767536534447
16,2021-07-26 21:30:00,14.403,"norwood.mouth",1.20720338983051,6.98124152542373
16,2021-07-26 21:40:00,15.404,"norwood.mouth",0.944277673545966,6.80994090056285
16,2021-07-26 21:55:00,16.593,"norwood.mouth",0.792806105878532,6.80072068853524
16,2021-07-26 22:05:00,16.969,"norwood.mouth",0.750211347748333,6.92556917574378
16,2021-07-26 22:15:00,16.781,"norwood.mouth",0.765423701032618,6.56029454187838
16,2021-07-26 22:30:00,16.531,"norwood.mouth",0.783333333333333,6.46811111111111
16,2021-07-26 22:40:00,16.531,"norwood.mouth",0.793782083126345,6.06050146271458
16,2021-07-26 22:55:00,16.218,"norwood.mouth",0.810604558969277,5.48416402378593
16,2021-07-26 23:05:00,15.655,"norwood.mouth",0.855555555555556,4.8487037037037
16,2021-07-26 23:15:00,15.717,"norwood.mouth",0.85112660944206,4.71381491416309
16,2021-07-26 23:30:00,16.218,"norwood.mouth",0.793222764775215,4.97000555649099
16,2021-07-26 23:40:00,15.905,"norwood.mouth",0.831343411784917,4.30190190688885
16,2021-07-26 23:55:00,16.03,"norwood.mouth",0.796317894035321,4.25982372542486
16,2021-07-27 00:05:00,16.093,"norwood.mouth",0.791804663737749,4.25967083474147
16,2021-07-27 00:15:00,15.842,"norwood.mouth",0.80981292801069,3.85151077334224
16,2021-07-27 00:30:00,15.655,"norwood.mouth",0.838370104327005,3.85012547745282
16,2021-07-27 00:40:00,14.966,"norwood.mouth",0.910980592441267,3.5394519918284
16,2021-07-27 00:55:00,14.966,"norwood.mouth",0.911774023231257,3.27948732840549
16,2021-07-27 01:05:00,15.216,"norwood.mouth",0.847728768926926,3.37502090190915
16,2021-07-27 01:15:00,15.905,"norwood.mouth",0.796449654241862,3.46632048687243
16,2021-07-27 01:30:00,15.279,"norwood.mouth",0.851203610832498,3.12752056168506
16,2021-07-27 01:40:00,15.467,"norwood.mouth",0.840302289009261,2.96214441726367
16,2021-07-27 01:55:00,15.655,"norwood.mouth",0.811782892476812,3.32228523989465
16,2021-07-27 02:05:00,15.905,"norwood.mouth",0.777677677677678,3.64793660326994
16,2021-07-27 02:15:00,15.529,"norwood.mouth",0.80375965088956,3.16526832270337
16,2021-07-27 02:30:00,15.78,"norwood.mouth",0.786330873519822,3.19873439734569
16,2021-07-27 02:40:00,16.28,"norwood.mouth",0.739496157130658,3.62246854540279
16,2021-07-27 02:55:00,16.343,"norwood.mouth",0.725335570469799,3.81286045861298
16,2021-07-27 03:05:00,16.093,"norwood.mouth",0.744230769230769,3.51888782051282
16,2021-07-27 03:15:00,16.28,"norwood.mouth",0.725725083494463,3.75713786840101
16,2021-07-27 03:30:00,15.529,"norwood.mouth",0.783201172211688,3.07367045911624
16,2021-07-27 03:40:00,15.905,"norwood.mouth",0.743467852257182,3.30335351117191
16,2021-07-27 03:55:00,16.155,"norwood.mouth",0.718251819258758,3.42112658656287
16,2021-07-27 04:05:00,15.842,"norwood.mouth",0.742753869705732,3.23411362476612
16,2021-07-27 04:15:00,16.218,"norwood.mouth",0.703443941679236,3.52241394335512
16,2021-07-27 04:30:00,15.404,"norwood.mouth",0.775662796742332,2.93718558308785
16,2021-07-27 04:40:00,15.717,"norwood.mouth",0.744727714186611,3.12982310093652
16,2021-07-27 04:55:00,15.655,"norwood.mouth",0.747435897435897,3.0947264957265
16,2021-07-27 05:05:00,15.717,"norwood.mouth",0.741985459581097,3.25078812532456
16,2021-07-27 05:15:00,15.905,"norwood.mouth",0.713588575433678,3.37121421061854
16,2021-07-27 05:30:00,16.03,"norwood.mouth",0.706239316239316,3.46679287749288
16,2021-07-27 05:40:00,16.218,"norwood.mouth",0.687336993822924,3.61276595744681
16,2021-07-27 05:55:00,16.468,"norwood.mouth",0.663656239488732,3.6461974436596
16,2021-07-27 06:05:00,19.659,"norwood.mouth",0.380057004664018,6.27553348304255
16,2021-07-27 06:15:00,19.409,"norwood.mouth",0.40676625659051,5.99228998242531
16,2021-07-27 06:30:00,19.847,"norwood.mouth",0.35355532431495,6.48553471499595
16,2021-07-27 06:40:00,16.719,"norwood.mouth",0.630287474332649,4.09207597535934
16,2021-07-27 06:55:00,15.655,"norwood.mouth",0.727661527165932,3.12275682207538
16,2021-07-27 07:05:00,15.717,"norwood.mouth",0.704497354497355,3.34081481481481
16,2021-07-27 07:15:00,16.093,"norwood.mouth",0.673053944825163,3.55670309845956
16,2021-07-27 07:30:00,16.03,"norwood.mouth",0.673862645982221,3.6089675207716
16,2021-07-27 07:40:00,16.343,"norwood.mouth",0.651353226925746,3.75689445986583
16,2021-07-27 07:55:00,15.154,"norwood.mouth",0.754889426399447,2.74411195577056
16,2021-07-27 08:05:00,15.342,"norwood.mouth",0.738275276125743,3.00023987538941
16,2021-07-27 08:15:00,16.28,"norwood.mouth",0.655878389759137,3.73703638201112
16,2021-07-27 08:30:00,15.529,"norwood.mouth",0.714257645651802,3.36127820490916
16,2021-07-27 08:40:00,15.529,"norwood.mouth",0.71875452570601,3.44955352401641
16,2021-07-27 08:55:00,15.279,"norwood.mouth",0.728313696612666,3.6150001227295
16,2021-07-27 09:05:00,14.778,"norwood.mouth",0.775017705382436,3.30959732058546
16,2021-07-27 09:15:00,15.029,"norwood.mouth",0.745317545748116,3.71932427341227
16,2021-07-27 09:30:00,14.841,"norwood.mouth",0.763148479427549,3.8004442456768
16,2021-07-27 09:40:00,14.966,"norwood.mouth",0.749678111587983,4.0530284334764
16,2021-07-27 09:55:00,14.841,"norwood.mouth",0.7619804400978,4.33834229828851
16,2021-07-27 10:05:00,14.403,"norwood.mouth",0.805204099664252,4.0745168757731
16,2021-07-27 10:15:00,14.653,"norwood.mouth",0.783955679637062,4.22678398185308
16,2021-07-27 10:30:00,14.528,"norwood.mouth",0.793548387096774,4.35840591397849
16,2021-07-27 10:40:00,14.403,"norwood.mouth",0.808771148708816,4.44454214900564
16,2021-07-27 10:55:00,14.215,"norwood.mouth",0.827873897853934,4.45641629235291
16,2021-07-27 11:05:00,14.215,"norwood.mouth",0.836005528680028,4.58324689011748
16,2021-07-27 11:15:00,14.152,"norwood.mouth",0.843940903054449,4.51031294267375
16,2021-07-27 11:30:00,14.403,"norwood.mouth",0.8333390587427,4.88143495934959
16,2021-07-27 11:40:00,14.34,"norwood.mouth",0.832359891964889,4.86292254670268
16,2021-07-27 11:55:00,14.59,"norwood.mouth",0.828168784620397,5.07635831432606
16,2021-07-27 12:05:00,14.778,"norwood.mouth",0.814958492975734,5.36646346849723
16,2021-07-27 12:15:00,15.216,"norwood.mouth",0.79138418079096,5.56692278719397
16,2021-07-27 12:30:00,15.091,"norwood.mouth",0.802469422511225,6.07185534396449
16,2021-07-27 12:40:00,15.216,"norwood.mouth",0.794030430057444,6.07245950421777
16,2021-07-27 12:55:00,15.404,"norwood.mouth",0.791106719367589,6.37752108036891
16,2021-07-27 13:05:00,15.216,"norwood.mouth",0.812921348314607,6.27868539325843
16,2021-07-27 13:15:00,15.154,"norwood.mouth",0.806774679728711,6.10453700075358
16,2021-07-27 13:30:00,14.778,"norwood.mouth",0.846196226415094,6.00773056603774
16,2021-07-27 13:40:00,15.091,"norwood.mouth",0.838348291607621,6.44086994174146
16,2021-07-27 13:55:00,15.216,"norwood.mouth",0.832655784021347,6.68622874483336
16,2021-07-27 14:05:00,14.903,"norwood.mouth",0.863923267326733,6.66291707920792
16,2021-07-27 14:15:00,16.906,"norwood.mouth",0.703906866614049,7.37782912391476
16,2021-07-27 14:30:00,16.03,"norwood.mouth",0.783461835003855,7.78646890259573
16,2021-07-27 14:40:00,16.719,"norwood.mouth",0.71558197747184,7.72212015018773
16,2021-07-27 14:55:00,15.467,"norwood.mouth",0.840316515198997,7.15239564399875
16,2021-07-27 15:05:00,15.905,"norwood.mouth",0.820534011443102,7.54039431023522
16,2021-07-27 15:15:00,15.842,"norwood.mouth",0.831351609818298,8.05215476569971
16,2021-07-27 15:30:00,15.154,"norwood.mouth",0.935934579439252,7.61296518691589
16,2021-07-27 15:40:00,16.093,"norwood.mouth",0.816989684276336,8.32361331666146
16,2021-07-27 15:55:00,15.342,"norwood.mouth",0.906039325842697,7.72642275280899
16,2021-07-27 16:05:00,15.154,"norwood.mouth",0.956063432835821,7.52598274253731
16,2021-07-27 16:15:00,15.029,"norwood.mouth",0.961209068010076,7.7784070109152
16,2021-07-27 16:30:00,15.279,"norwood.mouth",0.950548060708263,8.00763912310287
16,2021-07-27 16:40:00,14.778,"norwood.mouth",1.04044265593561,8.34174245472837
16,2021-07-27 16:55:00,14.59,"norwood.mouth",1.119474393531,7.94531199460917
16,2021-07-27 17:05:00,14.778,"norwood.mouth",1.07564784053156,7.94297275747508
16,2021-07-27 17:15:00,14.59,"norwood.mouth",1.10454545454545,8.04360606060606
16,2021-07-27 17:30:00,14.528,"norwood.mouth",1.14594594594595,8.22639864864865
16,2021-07-27 17:40:00,14.716,"norwood.mouth",1.07748764996471,8.16416107974594
16,2021-07-27 17:55:00,14.653,"norwood.mouth",1.11242083040113,8.30526530612245
16,2021-07-27 18:05:00,15.216,"norwood.mouth",0.979324055666004,8.30661414844268
16,2021-07-27 18:15:00,15.717,"norwood.mouth",0.927858958068615,8.79779637865311
16,2021-07-27 18:30:00,14.59,"norwood.mouth",1.15587440918298,8.73769412559082
16,2021-07-27 18:40:00,14.716,"norwood.mouth",1.10912017167382,8.54570010729614
16,2021-07-27 18:55:00,14.716,"norwood.mouth",1.10712780898876,8.50428581460674
16,2021-07-27 19:05:00,14.778,"norwood.mouth",1.07758620689655,8.31644827586207
16,2021-07-27 19:15:00,14.903,"norwood.mouth",1.0629811056683,8.29065080475857
16,2021-07-27 19:30:00,14.966,"norwood.mouth",1.028125,8.32609375
16,2021-07-27 19:40:00,14.841,"norwood.mouth",1.0933734939759,8.25616465863454
16,2021-07-27 19:55:00,15.154,"norwood.mouth",1.00622529644269,7.95813488142293
16,2021-07-27 20:05:00,14.966,"norwood.mouth",1.02846481876333,7.82288059701493
16,2021-07-27 20:15:00,15.029,"norwood.mouth",0.997521636506688,7.92717191188041
16,2021-07-27 20:30:00,14.966,"norwood.mouth",0.993181818181818,7.75847727272727
16,2021-07-27 20:40:00,14.716,"norwood.mouth",1.03560126582279,7.64990189873418
16,2021-07-27 20:55:00,14.966,"norwood.mouth",0.977711357813834,7.46169491887276
16,2021-07-27 21:05:00,15.029,"norwood.mouth",0.967238493723849,7.38622928870293
16,2021-07-27 21:15:00,14.653,"norwood.mouth",1.02323462414579,7.02618621867882
16,2021-07-27 21:30:00,14.653,"norwood.mouth",1.02307692307692,6.67859615384615
16,2021-07-27 21:40:00,15.091,"norwood.mouth",0.928600612870276,6.30521092951992
16,2021-07-27 21:55:00,15.404,"norwood.mouth",0.872899590163934,5.95531915983607
16,2021-07-27 22:05:00,16.093,"norwood.mouth",0.803149730927509,5.96709296190778
16,2021-07-27 22:15:00,15.216,"norwood.mouth",0.879491525423729,5.51080508474576
16,2021-07-27 22:30:00,15.216,"norwood.mouth",0.859407665505227,4.99758362369338
16,2021-07-27 22:40:00,15.029,"norwood.mouth",0.904560622914349,4.94128670745273
16,2021-07-27 22:55:00,15.029,"norwood.mouth",0.894077448747153,4.47148063781321
16,2021-07-27 23:05:00,14.903,"norwood.mouth",0.91875,4.44534375
16,2021-07-27 23:15:00,14.34,"norwood.mouth",1.01572204968944,4.36841750776398
16,2021-07-27 23:30:00,14.778,"norwood.mouth",0.919427527405603,4.0091802679659
16,2021-07-27 23:40:00,14.653,"norwood.mouth",0.936016451233842,3.84904112808461
16,2021-07-27 23:55:00,14.027,"norwood.mouth",1.10097732603597,3.75598436278342
16,2021-07-28 00:05:00,14.403,"norwood.mouth",0.979618320610687,3.50235648854962
16,2021-07-28 00:15:00,14.716,"norwood.mouth",0.902737752161384,3.2640590778098
16,2021-07-28 00:30:00,14.903,"norwood.mouth",0.848118532455315,3.28188930699279
16,2021-07-28 00:40:00,15.029,"norwood.mouth",0.841051454138702,3.15422147651007
16,2021-07-28 00:55:00,14.528,"norwood.mouth",0.923140495867768,3.05524173553719
16,2021-07-28 01:05:00,14.966,"norwood.mouth",0.832490888924101,3.2141208207891
16,2021-07-28 01:15:00,14.59,"norwood.mouth",0.895174708818636,2.99955574043261
16,2021-07-28 01:30:00,15.091,"norwood.mouth",0.818684591853164,3.01321037943434
16,2021-07-28 01:40:00,14.653,"norwood.mouth",0.84422706863374,2.7257568954458
16,2021-07-28 01:55:00,14.778,"norwood.mouth",0.827450199203187,2.75690624169987
16,2021-07-28 02:05:00,14.716,"norwood.mouth",0.826198057634135,2.65241771480125
16,2021-07-28 02:15:00,14.59,"norwood.mouth",0.848519249753208,2.63892645607108
16,2021-07-28 02:30:00,14.59,"norwood.mouth",0.831754784301005,2.42465455724943
16,2021-07-28 02:40:00,14.778,"norwood.mouth",0.822118657805155,2.67287275085103
16,2021-07-28 02:55:00,14.465,"norwood.mouth",0.844576828266228,2.47814954806902
16,2021-07-28 03:05:00,14.59,"norwood.mouth",0.828168784620397,2.5829963071576
16,2021-07-28 03:15:00,14.841,"norwood.mouth",0.808180606464512,2.61564811729423
16,2021-07-28 03:30:00,14.841,"norwood.mouth",0.804813194210704,2.62365516661057
16,2021-07-28 03:40:00,14.903,"norwood.mouth",0.796168926645973,2.55585100473779
16,2021-07-28 03:55:00,15.342,"norwood.mouth",0.765268316996179,3.03655806612394
16,2021-07-28 04:05:00,15.279,"norwood.mouth",0.764954051796157,3.11062684489
16,2021-07-28 04:15:00,15.404,"norwood.mouth",0.753365544818394,3.10190958569366
16,2021-07-28 04:30:00,15.216,"norwood.mouth",0.770774347603616,2.98576331798283
16,2021-07-28 04:40:00,15.655,"norwood.mouth",0.731028667790894,3.16740022484542
16,2021-07-28 04:55:00,15.467,"norwood.mouth",0.733757696788151,3.18655239363178
16,2021-07-28 05:05:00,15.091,"norwood.mouth",0.770820617158359,2.99881100938171
16,2021-07-28 05:15:00,15.029,"norwood.mouth",0.768900460986853,2.8415796482841
16,2021-07-28 05:30:00,15.279,"norwood.mouth",0.751952533243562,2.96570476350783
16,2021-07-28 05:40:00,15.279,"norwood.mouth",0.745444612539923,2.97658710147364
16,2021-07-28 05:55:00,15.029,"norwood.mouth",0.759059534081104,2.76638222605694
16,2021-07-28 06:05:00,15.091,"norwood.mouth",0.753242320819113,2.82378498293515
16,2021-07-28 06:15:00,14.966,"norwood.mouth",0.756807131280389,2.90652106969206
16,2021-07-28 06:30:00,14.778,"norwood.mouth",0.769028340080972,2.57189203778677
16,2021-07-28 06:40:00,15.029,"norwood.mouth",0.751399930867611,2.94431296808388
16,2021-07-28 06:55:00,14.59,"norwood.mouth",0.777946834557538,2.6077823248222
16,2021-07-28 07:05:00,14.59,"norwood.mouth",0.782880715022344,2.53609748481723
16,2021-07-28 07:15:00,14.465,"norwood.mouth",0.789020241537676,2.56944931110733
16,2021-07-28 07:30:00,14.59,"norwood.mouth",0.776856267029973,2.54276646230699
16,2021-07-28 07:40:00,14.528,"norwood.mouth",0.782411804613297,2.41558960877431
16,2021-07-28 07:55:00,14.34,"norwood.mouth",0.797290981478276,2.29105495932145
16,2021-07-28 08:05:00,14.528,"norwood.mouth",0.775300365662546,2.53595594636949
16,2021-07-28 08:15:00,14.403,"norwood.mouth",0.786949630151462,2.58928014559117
16,2021-07-28 08:30:00,14.59,"norwood.mouth",0.768565918653576,2.80458792075736
16,2021-07-28 08:40:00,14.903,"norwood.mouth",0.743543834891515,3.20336420297525
16,2021-07-28 08:55:00,14.778,"norwood.mouth",0.748805340829234,3.20397891777934
16,2021-07-28 09:05:00,14.716,"norwood.mouth",0.754081632653061,3.26065306122449
16,2021-07-28 09:15:00,14.215,"norwood.mouth",0.806498292288334,3.04075486847624
16,2021-07-28 09:30:00,14.34,"norwood.mouth",0.790729748603352,3.38909348812849
16,2021-07-28 09:40:00,14.528,"norwood.mouth",0.777526132404181,3.63484785133566
16,2021-07-28 09:55:00,14.027,"norwood.mouth",0.816081404628891,3.53754961425911
16,2021-07-28 10:05:00,14.215,"norwood.mouth",0.800188814961338,3.63099508481688
16,2021-07-28 10:15:00,14.403,"norwood.mouth",0.789295154185022,3.96430719530103
16,2021-07-28 10:30:00,14.152,"norwood.mouth",0.822578347578348,3.79153418803419
16,2021-07-28 10:40:00,14.152,"norwood.mouth",0.813291787604576,3.83345888111092
16,2021-07-28 10:55:00,14.34,"norwood.mouth",0.800248756218905,3.89931011608623
16,2021-07-28 11:05:00,14.027,"norwood.mouth",0.839249206908706,3.73667612501469
16,2021-07-28 11:15:00,14.089,"norwood.mouth",0.83517702862951,3.97711437687052
16,2021-07-28 11:30:00,13.902,"norwood.mouth",0.931543624161075,3.65219966442953
16,2021-07-28 11:40:00,13.776,"norwood.mouth",1.07446808510638,3.56406382978723
16,2021-07-28 11:55:00,13.839,"norwood.mouth",1.06881188118812,4.00508250825083
16,2021-07-28 12:05:00,13.776,"norwood.mouth",1.09546313799622,3.84370919974795
16,2021-07-28 12:15:00,14.027,"norwood.mouth",0.849269005847953,4.21675657894737
16,2021-07-28 12:30:00,14.089,"norwood.mouth",0.865865384615384,4.46958413461539
16,2021-07-28 12:40:00,14.778,"norwood.mouth",0.798601224962754,5.14556066876345
16,2021-07-28 12:55:00,14.027,"norwood.mouth",1.01195426195426,4.76213270963271
16,2021-07-28 13:05:00,14.277,"norwood.mouth",0.844118545676749,5.36122960586618
16,2021-07-28 13:15:00,13.839,"norwood.mouth",1.18127053669222,4.86149142022636
16,2021-07-28 13:30:00,14.027,"norwood.mouth",1.11568247821878,5.21206679574056
16,2021-07-28 13:40:00,13.902,"norwood.mouth",1.17218543046358,5.33908885209713
16,2021-07-28 13:55:00,13.839,"norwood.mouth",1.1570796460177,5.382098820059
16,2021-07-28 14:05:00,13.902,"norwood.mouth",1.10796460176991,5.84875811209439
16,2021-07-28 14:15:00,14.089,"norwood.mouth",1.16333333333333,5.71975555555556
16,2021-07-28 14:30:00,14.465,"norwood.mouth",1.04093567251462,6.44246978557505
16,2021-07-28 14:40:00,15.091,"norwood.mouth",0.866618075801749,7.17411516034985
16,2021-07-28 14:55:00,14.59,"norwood.mouth",1.01113861386139,6.50648143564356
16,2021-07-28 15:05:00,14.716,"norwood.mouth",0.965466101694916,6.64245374293785
16,2021-07-28 15:15:00,14.966,"norwood.mouth",0.979509632224168,6.7334435201401
16,2021-07-28 15:30:00,14.653,"norwood.mouth",1.06982131039047,7.34177410103684
16,2021-07-28 15:40:00,14.403,"norwood.mouth",1.17619558553035,7.04149558042101
16,2021-07-28 15:55:00,14.403,"norwood.mouth",1.1814332247557,7.12457681867535
16,2021-07-28 16:05:00,14.966,"norwood.mouth",0.984387755102041,7.95814795918367
16,2021-07-28 16:15:00,15.029,"norwood.mouth",1.0140099626401,7.97961768368618
16,2021-07-28 16:30:00,15.404,"norwood.mouth",0.952964959568733,7.96991913746631
16,2021-07-28 16:40:00,15.154,"norwood.mouth",0.984049526584122,7.89742734887109
16,2021-07-28 16:55:00,15.216,"norwood.mouth",0.972804532577904,8.04426062322946
16,2021-07-28 17:05:00,14.903,"norwood.mouth",1.00316159250586,7.86334660421546
16,2021-07-28 17:15:00,15.404,"norwood.mouth",0.948043617703656,8.59120622193714
16,2021-07-28 17:30:00,14.59,"norwood.mouth",1.10065306122449,7.87975959183673
16,2021-07-28 17:40:00,14.59,"norwood.mouth",1.11931034482759,7.85411724137931
16,2021-07-28 17:55:00,14.465,"norwood.mouth",1.12946721311475,8.1660862704918
16,2021-07-28 18:05:00,14.528,"norwood.mouth",1.15223179326547,8.18226018010963
16,2021-07-28 18:15:00,14.903,"norwood.mouth",0.998706896551724,8.59924784482759
16,2021-07-28 18:30:00,14.841,"norwood.mouth",1.03411811652035,8.50065442936951
16,2021-07-28 18:40:00,14.841,"norwood.mouth",1.03366141732283,8.41670275590551
16,2021-07-28 18:55:00,14.653,"norwood.mouth",1.10676197836167,8.37240185471406
16,2021-07-28 19:05:00,14.778,"norwood.mouth",1.08859275053305,8.28973240938166
16,2021-07-28 19:15:00,15.342,"norwood.mouth",0.96699446834665,8.16271020282729
16,2021-07-28 19:30:00,15.029,"norwood.mouth",0.99335260115607,8.07819267822736
16,2021-07-28 19:40:00,14.59,"norwood.mouth",1.12528216704289,8.18677878103838
16,2021-07-28 19:55:00,15.029,"norwood.mouth",0.984606986899563,7.60766430131004
16,2021-07-28 20:05:00,14.653,"norwood.mouth",1.08242400623539,7.8052034294622
16,2021-07-28 20:15:00,15.529,"norwood.mouth",0.940114942528736,7.68638620689655
16,2021-07-28 20:30:00,15.467,"norwood.mouth",0.933718152866242,7.60058061305732
16,2021-07-28 20:40:00,14.966,"norwood.mouth",0.984023668639053,7.55777071005917
16,2021-07-28 20:55:00,14.903,"norwood.mouth",0.981607629427793,7.19256267029973
16,2021-07-28 21:05:00,14.778,"norwood.mouth",1.00494117647059,7.02214411764706
16,2021-07-28 21:15:00,14.716,"norwood.mouth",1.01005392912173,6.72761036209553
16,2021-07-28 21:30:00,14.465,"norwood.mouth",1.07530168946098,6.64301870474658
16,2021-07-28 21:40:00,15.029,"norwood.mouth",0.949406175771971,6.19316270783848
16,2021-07-28 21:55:00,14.277,"norwood.mouth",1.14318181818182,6.13338636363636
16,2021-07-28 22:05:00,14.152,"norwood.mouth",1.17614575507138,5.99863824192337
16,2021-07-28 22:15:00,14.152,"norwood.mouth",1.11670918367347,5.81738775510204
16,2021-07-28 22:30:00,14.027,"norwood.mouth",1.16098169717138,5.47746672212979
16,2021-07-28 22:40:00,14.152,"norwood.mouth",1.10335120643432,5.12611528150134
16,2021-07-28 22:55:00,14.277,"norwood.mouth",1.09317329332333,4.75346961740435
16,2021-07-28 23:05:00,14.089,"norwood.mouth",1.1143347639485,4.58601931330472
16,2021-07-28 23:15:00,14.089,"norwood.mouth",1.11678832116788,4.43466909975669
16,2021-07-28 23:30:00,14.089,"norwood.mouth",1.06103723404255,4.00954986702128
16,2021-07-28 23:40:00,13.902,"norwood.mouth",1.1379949452401,4.03311246840775
16,2021-07-28 23:55:00,13.964,"norwood.mouth",1.10521446593776,3.68914886459209
16,2021-07-29 00:05:00,14.027,"norwood.mouth",1.06439588688946,3.44939331619537
16,2021-07-29 00:15:00,13.902,"norwood.mouth",1.1391235059761,3.56947091633466
16,2021-07-29 00:30:00,14.027,"norwood.mouth",1.06534782608696,3.18024152173913
16,2021-07-29 00:40:00,13.839,"norwood.mouth",1.1380971659919,3.15641052631579
16,2021-07-29 00:55:00,13.839,"norwood.mouth",1.11006914433881,2.99861149524633
16,2021-07-29 01:05:00,13.839,"norwood.mouth",1.1083829787234,2.95210468085106
16,2021-07-29 01:15:00,13.964,"norwood.mouth",1.0429314830876,2.79056136166522
16,2021-07-29 01:30:00,13.401,"norwood.mouth",1.23975069252078,2.68657340720222
16,2021-07-29 01:40:00,13.839,"norwood.mouth",1.05867729831144,2.59747936210131
16,2021-07-29 01:55:00,13.776,"norwood.mouth",1.07315068493151,2.48953493150685
16,2021-07-29 02:05:00,13.776,"norwood.mouth",1.05587392550143,2.33993194842407
16,2021-07-29 02:15:00,13.651,"norwood.mouth",1.09008704061896,2.25138926499033
16,2021-07-29 02:30:00,13.902,"norwood.mouth",0.960674157303371,2.06049531835206
16,2021-07-29 02:40:00,13.776,"norwood.mouth",1.04364135407136,2.09461184812443
16,2021-07-29 02:55:00,13.589,"norwood.mouth",1.09498567335244,2.00084957020057
16,2021-07-29 03:05:00,13.776,"norwood.mouth",0.996125461254613,2.01337638376384
16,2021-07-29 03:15:00,13.776,"norwood.mouth",0.996067415730337,2.00439700374532
16,2021-07-29 03:30:00,13.776,"norwood.mouth",0.980864197530864,1.87035390946502
16,2021-07-29 03:40:00,14.089,"norwood.mouth",0.877272727272727,1.81431818181818
16,2021-07-29 03:55:00,14.089,"norwood.mouth",0.848412698412698,1.88193915343915
16,2021-07-29 04:05:00,13.964,"norwood.mouth",0.908141592920354,1.84603318584071
16,2021-07-29 04:15:00,14.215,"norwood.mouth",0.839894701086957,1.90160878057065
16,2021-07-29 04:30:00,14.277,"norwood.mouth",0.83880985426787,1.94450980222068
16,2021-07-29 04:40:00,14.403,"norwood.mouth",0.819765031098825,2.14711679336558
16,2021-07-29 04:55:00,14.34,"norwood.mouth",0.837643424536628,1.9349182112386
16,2021-07-29 05:05:00,14.465,"norwood.mouth",0.815350877192982,2.11300219298246
16,2021-07-29 05:15:00,14.465,"norwood.mouth",0.812194478635484,2.08325836703593
16,2021-07-29 05:30:00,14.653,"norwood.mouth",0.796901017576318,2.20884736355227
16,2021-07-29 05:40:00,14.59,"norwood.mouth",0.816000373622268,2.2068031633352
16,2021-07-29 05:55:00,14.653,"norwood.mouth",0.793285528031291,2.3979667535854
16,2021-07-29 06:05:00,14.465,"norwood.mouth",0.811575042800076,2.12023397374929
16,2021-07-29 06:15:00,14.528,"norwood.mouth",0.797468698965705,2.22741126837235
16,2021-07-29 06:30:00,14.528,"norwood.mouth",0.784798015591779,2.22071816678479
16,2021-07-29 06:40:00,14.465,"norwood.mouth",0.795211702707614,2.12667363256406
16,2021-07-29 06:55:00,14.465,"norwood.mouth",0.795211702707614,2.1377583136471
16,2021-07-29 07:05:00,14.465,"norwood.mouth",0.784448462929476,2.2285545509343
16,2021-07-29 07:15:00,14.34,"norwood.mouth",0.801353790613718,2.02627391696751
16,2021-07-29 07:30:00,14.34,"norwood.mouth",0.805218287427394,2.10335100868153
16,2021-07-29 07:40:00,14.403,"norwood.mouth",0.789792953142027,2.20097384671268
16,2021-07-29 07:55:00,14.653,"norwood.mouth",0.764682917539516,2.50454008760236
16,2021-07-29 08:05:00,14.277,"norwood.mouth",0.804340048954999,2.20515835059311
16,2021-07-29 08:15:00,14.152,"norwood.mouth",0.81351606805293,2.18451008191556
16,2021-07-29 08:30:00,14.089,"norwood.mouth",0.821789513677812,2.26150208966565
16,2021-07-29 08:40:00,14.152,"norwood.mouth",0.809326522890655,2.20566963047043
16,2021-07-29 08:55:00,14.152,"norwood.mouth",0.815168963564282,2.4954399660185
16,2021-07-29 09:05:00,14.089,"norwood.mouth",0.819470699432892,2.68963610586011
16,2021-07-29 09:15:00,14.089,"norwood.mouth",0.811364493026762,2.76973489131801
16,2021-07-29 09:30:00,14.089,"norwood.mouth",0.815285660234582,2.97637832639677
16,2021-07-29 09:40:00,14.027,"norwood.mouth",0.820437017994859,3.0540501285347
16,2021-07-29 09:55:00,13.964,"norwood.mouth",0.831061299176578,3.20382113449222
16,2021-07-29 10:05:00,14.089,"norwood.mouth",0.830159449175575,3.40391483964486
16,2021-07-29 10:15:00,13.964,"norwood.mouth",0.836285613165811,3.32390939656698
16,2021-07-29 10:30:00,13.902,"norwood.mouth",0.840255138199858,3.42319324356248
16,2021-07-29 10:40:00,13.902,"norwood.mouth",0.843994263176766,3.58998488108043
16,2021-07-29 10:55:00,13.839,"norwood.mouth",0.855702479338843,3.48935826446281
16,2021-07-29 11:05:00,13.776,"norwood.mouth",0.923239436619718,3.72430985915493
16,2021-07-29 11:15:00,13.839,"norwood.mouth",0.913132911392405,3.74287658227848
16,2021-07-29 11:30:00,13.776,"norwood.mouth",1.01440677966102,3.50717231638418
16,2021-07-29 11:40:00,13.714,"norwood.mouth",1.07484407484407,3.53701663201663
16,2021-07-29 11:55:00,14.152,"norwood.mouth",0.858898305084746,4.14556991525424
16,2021-07-29 12:05:00,13.839,"norwood.mouth",1.04978118161926,3.99625784099198
16,2021-07-29 12:15:00,13.776,"norwood.mouth",1.05650319829424,3.81479850746269
16,2021-07-29 12:30:00,13.714,"norwood.mouth",1.10503282275711,3.97986433260394
16,2021-07-29 12:40:00,13.839,"norwood.mouth",1.08916849015317,4.34425565280817
16,2021-07-29 12:55:00,13.839,"norwood.mouth",1.11633663366337,4.31754620462046
16,2021-07-29 13:05:00,13.902,"norwood.mouth",1.06119951040392,4.6393131374949
16,2021-07-29 13:15:00,13.902,"norwood.mouth",1.13943808532778,4.94726630246271
16,2021-07-29 13:30:00,14.027,"norwood.mouth",1.13032705649158,4.87622291047241
16,2021-07-29 13:40:00,14.027,"norwood.mouth",1.11186264308013,5.20663978494623
16,2021-07-29 13:55:00,14.152,"norwood.mouth",1.07663197729423,5.71032426679281
16,2021-07-29 14:05:00,14.277,"norwood.mouth",1.05113636363636,6.06857954545454
16,2021-07-29 14:15:00,14.089,"norwood.mouth",1.16333333333333,5.58004444444444
16,2021-07-29 14:30:00,14.34,"norwood.mouth",1.08203125,6.015296875
16,2021-07-29 14:40:00,14.34,"norwood.mouth",1.12847222222222,6.37496412037037
16,2021-07-29 14:55:00,14.903,"norwood.mouth",0.947801147227533,7.24152676864245
16,2021-07-29 15:05:00,14.277,"norwood.mouth",1.17349823321555,6.65133804475854
16,2021-07-29 15:15:00,14.465,"norwood.mouth",1.13863794301598,6.74996664350243
16,2021-07-29 15:30:00,14.716,"norwood.mouth",1.10879332477535,7.15621951219512
16,2021-07-29 15:40:00,14.653,"norwood.mouth",1.140099626401,7.30162359900374
16,2021-07-29 15:55:00,15.216,"norwood.mouth",0.994063706563707,7.61709700772201
16,2021-07-29 16:05:00,15.154,"norwood.mouth",1.03581580443434,7.31624559408755
16,2021-07-29 16:15:00,15.154,"norwood.mouth",1.06372549019608,7.43190849673203
16,2021-07-29 16:30:00,14.59,"norwood.mouth",1.2181744312026,7.40521356988082
16,2021-07-29 16:40:00,15.279,"norwood.mouth",1.04539911308204,7.82234562084257
16,2021-07-29 16:55:00,14.966,"norwood.mouth",1.13217317487267,7.91142784380306
16,2021-07-29 17:05:00,15.279,"norwood.mouth",1.04336363636364,7.84320454545455
16,2021-07-29 17:15:00,15.216,"norwood.mouth",1.07095545134818,8.06261005275498
16,2021-07-29 17:30:00,14.966,"norwood.mouth",1.15978637413395,8.20554994226328
16,2021-07-29 17:40:00,15.342,"norwood.mouth",1.03269230769231,8.22222435897436
16,2021-07-29 17:55:00,15.029,"norwood.mouth",1.15544041450777,8.44272150259067
16,2021-07-29 18:05:00,15.091,"norwood.mouth",1.121875,8.497890625
16,2021-07-29 18:15:00,14.716,"norwood.mouth",1.23217791411043,8.46468343558282
16,2021-07-29 18:30:00,14.716,"norwood.mouth",1.22764705882353,8.41977647058824
16,2021-07-29 18:40:00,14.841,"norwood.mouth",1.18799249530957,8.53975891181989
16,2021-07-29 18:55:00,14.841,"norwood.mouth",1.20379371665679,8.67218212803794
16,2021-07-29 19:05:00,14.903,"norwood.mouth",1.18346361996392,8.64233087793145
16,2021-07-29 19:15:00,14.778,"norwood.mouth",1.22178188319428,8.56099851013111
16,2021-07-29 19:30:00,15.279,"norwood.mouth",1.1211087975013,8.42202238417491
16,2021-07-29 19:40:00,15.029,"norwood.mouth",1.16486409966025,8.3637410815402
16,2021-07-29 19:55:00,15.216,"norwood.mouth",1.112050256996,8.29953269560251
16,2021-07-29 20:05:00,15.279,"norwood.mouth",1.06927272727273,8.22399272727273
16,2021-07-29 20:15:00,15.029,"norwood.mouth",1.12059553349876,8.0997841191067
16,2021-07-29 20:30:00,15.279,"norwood.mouth",1.0457773512476,7.90880998080614
16,2021-07-29 20:40:00,15.342,"norwood.mouth",1.03216216216216,7.7397
16,2021-07-29 20:55:00,14.903,"norwood.mouth",1.1263915547025,7.40241650671785
16,2021-07-29 21:05:00,15.029,"norwood.mouth",1.0929797670141,7.1497982832618
16,2021-07-29 21:15:00,14.841,"norwood.mouth",1.1320110701107,7.05735147601476
16,2021-07-29 21:30:00,14.778,"norwood.mouth",1.12642045454545,6.80329829545455
16,2021-07-29 21:40:00,14.59,"norwood.mouth",1.17692546583851,6.62393245341615
16,2021-07-29 21:55:00,16.093,"norwood.mouth",0.879551122194514,5.89851059850374
16,2021-07-29 22:05:00,16.03,"norwood.mouth",0.860409252669039,5.54391370106762
16,2021-07-29 22:15:00,15.968,"norwood.mouth",0.857425742574257,5.21443564356436
16,2021-07-29 22:30:00,15.592,"norwood.mouth",0.886604361370716,5.03178193146417
16,2021-07-29 22:40:00,15.968,"norwood.mouth",0.843533123028391,4.7687229232387
16,2021-07-29 22:55:00,14.966,"norwood.mouth",0.974132804757185,4.55902775024777
16,2021-07-29 23:05:00,14.778,"norwood.mouth",1.01188325225851,4.3462703266157
16,2021-07-29 23:15:00,14.778,"norwood.mouth",0.994456886898096,4.20388577827548
16,2021-07-29 23:30:00,14.716,"norwood.mouth",1.00165319617928,4.06466348273328
16,2021-07-29 23:40:00,14.653,"norwood.mouth",0.999342105263158,3.77229824561404
16,2021-07-29 23:55:00,15.154,"norwood.mouth",0.904905063291139,3.44491165611814
16,2021-07-30 00:05:00,14.528,"norwood.mouth",0.992849898580122,3.39299442190669
16,2021-07-30 00:15:00,14.528,"norwood.mouth",0.995863309352518,3.16051498800959
16,2021-07-30 00:30:00,14.653,"norwood.mouth",0.953787878787879,2.90104671717172
16,2021-07-30 00:40:00,15.029,"norwood.mouth",0.88972602739726,2.86298858447489
16,2021-07-30 00:55:00,14.966,"norwood.mouth",0.897368421052632,2.83218421052632
16,2021-07-30 01:05:00,15.467,"norwood.mouth",0.820412386938525,2.93363283765139
16,2021-07-30 01:15:00,15.968,"norwood.mouth",0.773658422771815,3.2840958158345
16,2021-07-30 01:30:00,15.905,"norwood.mouth",0.764715261958998,3.28999271070615
16,2021-07-30 01:40:00,15.342,"norwood.mouth",0.831577296958294,2.61380978885753
16,2021-07-30 01:55:00,14.966,"norwood.mouth",0.837738419618529,2.40412261580382
16,2021-07-30 02:05:00,15.029,"norwood.mouth",0.841269349845201,2.2797786377709
16,2021-07-30 02:15:00,14.778,"norwood.mouth",0.889381563593932,2.12982263710618
16,2021-07-30 02:30:00,15.279,"norwood.mouth",0.822849250197316,2.40890976058932
16,2021-07-30 02:40:00,14.778,"norwood.mouth",0.860496613995485,2.1215795711061
16,2021-07-30 02:55:00,15.091,"norwood.mouth",0.831864219021997,2.26935037189429
16,2021-07-30 03:05:00,15.842,"norwood.mouth",0.762816404998398,2.79922861262416
16,2021-07-30 03:15:00,15.404,"norwood.mouth",0.799013949013949,2.38385441718775
16,2021-07-30 03:30:00,15.717,"norwood.mouth",0.759749566860923,2.72395558355646
16,2021-07-30 03:40:00,16.03,"norwood.mouth",0.744268311728877,2.9784126190848
16,2021-07-30 03:55:00,15.717,"norwood.mouth",0.769196787148594,2.63719812583668
16,2021-07-30 04:05:00,15.968,"norwood.mouth",0.749235912129895,2.78448806112703
16,2021-07-30 04:15:00,15.968,"norwood.mouth",0.742479064623163,2.74707007426134
16,2021-07-30 04:30:00,16.155,"norwood.mouth",0.719259081453032,3.00121038032752
16,2021-07-30 04:40:00,15.905,"norwood.mouth",0.741777014876573,2.82956400196175
16,2021-07-30 04:55:00,16.03,"norwood.mouth",0.722558361124345,2.96420096871526
16,2021-07-30 05:05:00,16.155,"norwood.mouth",0.739438646995322,3.06979369077606
16,2021-07-30 05:15:00,15.404,"norwood.mouth",0.775295857988166,2.45337327416174
16,2021-07-30 05:30:00,15.78,"norwood.mouth",0.735416666666667,2.70436805555556
16,2021-07-30 05:40:00,17.97,"norwood.mouth",0.558914863921842,4.50201163061177
16,2021-07-30 05:55:00,15.529,"norwood.mouth",0.757385988103106,2.42838910002203
16,2021-07-30 06:05:00,15.404,"norwood.mouth",0.77196628275747,2.36292705725255
16,2021-07-30 06:15:00,15.842,"norwood.mouth",0.721572514040304,2.75139882722167
16,2021-07-30 06:30:00,15.655,"norwood.mouth",0.744208235687981,2.5486691217498
16,2021-07-30 06:40:00,15.529,"norwood.mouth",0.752217741935484,2.52919086021505
16,2021-07-30 06:55:00,15.842,"norwood.mouth",0.716308418824296,2.74750903761602
16,2021-07-30 07:05:00,15.905,"norwood.mouth",0.673057324840764,3.12063057324841
16,2021-07-30 07:15:00,15.592,"norwood.mouth",0.730312298776561,2.77423784610431
16,2021-07-30 07:30:00,15.404,"norwood.mouth",0.749307273626917,2.70411520699324
16,2021-07-30 07:40:00,16.218,"norwood.mouth",0.67175201712498,3.27321787694165
16,2021-07-30 07:55:00,15.592,"norwood.mouth",0.732406943748957,2.7202205530518
16,2021-07-30 08:05:00,16.155,"norwood.mouth",0.682533509846103,3.23470406530973
16,2021-07-30 08:15:00,15.529,"norwood.mouth",0.731144836687562,2.82377331463763
16,2021-07-30 08:30:00,16.218,"norwood.mouth",0.681692412154133,3.48293082668477
16,2021-07-30 08:40:00,15.592,"norwood.mouth",0.720797962648557,3.22662393887946
16,2021-07-30 08:55:00,15.467,"norwood.mouth",0.736318407960199,3.23613515754561
16,2021-07-30 09:05:00,15.342,"norwood.mouth",0.740572672471534,3.25262656284885
16,2021-07-30 09:15:00,15.342,"norwood.mouth",0.740489673550966,3.43386853208972
16,2021-07-30 09:30:00,15.279,"norwood.mouth",0.742182624404664,3.64056339300378
16,2021-07-30 09:40:00,15.029,"norwood.mouth",0.764862445059417,3.62295181507407
16,2021-07-30 09:55:00,14.716,"norwood.mouth",0.809877592655559,3.7230181344214
16,2021-07-30 10:05:00,14.277,"norwood.mouth",0.828308586184635,3.68414202711427
16,2021-07-30 10:15:00,14.34,"norwood.mouth",0.823748176956733,3.83980019445795
16,2021-07-30 10:30:00,14.215,"norwood.mouth",0.8625,3.816125
16,2021-07-30 10:40:00,14.716,"norwood.mouth",0.810300429184549,4.18330293276109
16,2021-07-30 10:55:00,14.089,"norwood.mouth",0.888729508196721,4.08980532786885
16,2021-07-30 11:05:00,14.027,"norwood.mouth",0.9038,4.103723
16,2021-07-30 11:15:00,13.902,"norwood.mouth",0.9503125,4.14533125
16,2021-07-30 11:30:00,14.027,"norwood.mouth",0.966383307573416,4.29261282843895
16,2021-07-30 11:40:00,13.714,"norwood.mouth",1.02555910543131,4.05126916932907
16,2021-07-30 11:55:00,13.714,"norwood.mouth",1.05251641137856,4.16049726477024
16,2021-07-30 12:05:00,14.528,"norwood.mouth",0.840497307570478,4.97690528983212
16,2021-07-30 12:15:00,13.651,"norwood.mouth",1.13949671772429,4.39365426695842
16,2021-07-30 12:30:00,13.651,"norwood.mouth",1.18243243243243,4.4645
16,2021-07-30 12:40:00,13.776,"norwood.mouth",1.06929637526652,4.81836069651741
16,2021-07-30 12:55:00,13.776,"norwood.mouth",1.11188118811881,4.9890602310231
16,2021-07-30 13:05:00,13.589,"norwood.mouth",1.23377281947262,4.9047261663286
16,2021-07-30 13:15:00,13.839,"norwood.mouth",1.05831643002028,5.80834381338742
16,2021-07-30 13:30:00,13.964,"norwood.mouth",0.991944444444445,5.8076787037037
16,2021-07-30 13:40:00,13.839,"norwood.mouth",1.050537109375,6.01842626953125
16,2021-07-30 13:55:00,15.154,"norwood.mouth",0.846142481943532,7.00762051324141
16,2021-07-30 14:05:00,14.716,"norwood.mouth",0.909572784810127,7.10686431962025
16,2021-07-30 14:15:00,14.528,"norwood.mouth",0.924140969162996,6.88008766519824
16,2021-07-30 14:30:00,14.465,"norwood.mouth",0.934776785714286,6.77512455357143
16,2021-07-30 14:40:00,14.403,"norwood.mouth",0.939635627530364,7.16872995951417
16,2021-07-30 14:55:00,14.653,"norwood.mouth",0.921069868995633,7.38248089519651
16,2021-07-30 15:05:00,14.277,"norwood.mouth",0.955868358445678,7.11239690721649
16,2021-07-30 15:15:00,14.027,"norwood.mouth",0.997379454926625,7.03235080363382
16,2021-07-30 15:30:00,13.776,"norwood.mouth",1.06992936427851,7.04319727547931
16,2021-07-30 15:40:00,14.215,"norwood.mouth",0.974277266754271,7.08133968462549
16,2021-07-30 15:55:00,13.839,"norwood.mouth",1.07012428298279,6.9788035372849
16,2021-07-30 16:05:00,14.465,"norwood.mouth",0.956860706860707,7.63227373527373
16,2021-07-30 16:15:00,14.277,"norwood.mouth",0.995426829268293,7.43248170731707
16,2021-07-30 16:30:00,13.964,"norwood.mouth",1.12557781201849,7.07887557781202
16,2021-07-30 16:40:00,13.964,"norwood.mouth",1.12812977099237,7.1647429389313
16,2021-07-30 16:55:00,14.089,"norwood.mouth",1.05625,7.1741875
16,2021-07-30 17:05:00,13.776,"norwood.mouth",1.20724191063174,7.04408423215203
16,2021-07-30 17:15:00,14.215,"norwood.mouth",1.02001569858713,7.39792700156986
16,2021-07-30 17:30:00,14.027,"norwood.mouth",1.1235801581596,7.09489306254493
16,2021-07-30 17:40:00,14.34,"norwood.mouth",1.02938904494382,7.25492011938202
16,2021-07-30 17:55:00,14.152,"norwood.mouth",1.08824145150035,7.10517096999302
16,2021-07-30 18:05:00,14.653,"norwood.mouth",0.969835466179159,7.28215219378428
16,2021-07-30 18:15:00,14.152,"norwood.mouth",1.11047683008731,7.25218188941124
16,2021-07-30 18:30:00,14.215,"norwood.mouth",1.07658227848101,7.36324894514768
16,2021-07-30 18:40:00,14.465,"norwood.mouth",0.995989974937343,7.39014369256475
16,2021-07-30 18:55:00,14.716,"norwood.mouth",0.969321148825065,7.22899738903394
16,2021-07-30 19:05:00,14.528,"norwood.mouth",0.98800505050505,7.12433627946128
16,2021-07-30 19:15:00,15.029,"norwood.mouth",0.930413625304136,7.23899878345499
16,2021-07-30 19:30:00,14.778,"norwood.mouth",0.951321222130471,7.17719859620149
16,2021-07-30 19:40:00,15.154,"norwood.mouth",0.909336890243903,7.22616920731707
16,2021-07-30 19:55:00,14.152,"norwood.mouth",1.04780600461894,6.91360046189376
16,2021-07-30 20:05:00,14.716,"norwood.mouth",0.950654664484452,7.13256055646481
16,2021-07-30 20:15:00,14.528,"norwood.mouth",0.971911880409127,7.2050127852085
16,2021-07-30 20:30:00,13.839,"norwood.mouth",1.12012096774194,6.80394576612903
16,2021-07-30 20:40:00,13.776,"norwood.mouth",1.14776119402985,6.65667164179104
16,2021-07-30 20:55:00,13.589,"norwood.mouth",1.21386488609584,6.40611311861744
16,2021-07-30 21:05:00,13.589,"norwood.mouth",1.19126794258373,6.27740729665072
16,2021-07-30 21:15:00,13.714,"norwood.mouth",1.12502226179875,6.13935373998219
16,2021-07-30 21:30:00,13.651,"norwood.mouth",1.1436170212766,5.84714893617021
16,2021-07-30 21:40:00,13.714,"norwood.mouth",1.10541259982254,5.71981854480923
16,2021-07-30 21:55:00,13.651,"norwood.mouth",1.13722849695917,5.44092962641182
16,2021-07-30 22:05:00,13.714,"norwood.mouth",1.10616621983914,5.28201943699732
16,2021-07-30 22:15:00,13.401,"norwood.mouth",1.20509927797834,4.99232716606498
16,2021-07-30 22:30:00,13.651,"norwood.mouth",1.09356435643564,4.69484158415842
16,2021-07-30 22:40:00,13.589,"norwood.mouth",1.09571703561116,4.5339239653513
16,2021-07-30 22:55:00,13.651,"norwood.mouth",1.05985221674877,4.19081280788177
16,2021-07-30 23:05:00,14.215,"norwood.mouth",0.940225563909774,3.98804511278195
16,2021-07-30 23:15:00,13.589,"norwood.mouth",1.07654867256637,3.97481120943953
16,2021-07-30 23:30:00,13.526,"norwood.mouth",1.10535714285714,3.74564880952381
16,2021-07-30 23:40:00,13.463,"norwood.mouth",1.11340361445783,3.55460542168675
16,2021-07-30 23:55:00,13.338,"norwood.mouth",1.19776536312849,3.39604888268156
16,2021-07-31 00:05:00,13.526,"norwood.mouth",1.10052687038988,3.11362144362487
16,2021-07-31 00:15:00,13.589,"norwood.mouth",1.05804953560372,3.019
16,2021-07-31 00:30:00,13.651,"norwood.mouth",1.04629286376274,2.85207228915663
16,2021-07-31 00:40:00,13.463,"norwood.mouth",1.09208669354839,2.83476688508065
16,2021-07-31 00:55:00,13.526,"norwood.mouth",1.03529411764706,2.62467647058824
16,2021-07-31 01:05:00,13.526,"norwood.mouth",1.01086956521739,2.58213043478261
16,2021-07-31 01:15:00,13.526,"norwood.mouth",1.046,2.50713333333333
16,2021-07-31 01:30:00,13.526,"norwood.mouth",1.04559471365639,2.32794713656388
16,2021-07-31 01:40:00,13.589,"norwood.mouth",0.99027105517909,2.20833930300097
16,2021-07-31 01:55:00,13.651,"norwood.mouth",0.989425587467363,2.14253524804178
16,2021-07-31 02:05:00,13.651,"norwood.mouth",0.978166351606805,2.0878336483932
16,2021-07-31 02:15:00,13.589,"norwood.mouth",0.997227626459144,2.11954426070039
16,2021-07-31 02:30:00,13.589,"norwood.mouth",0.997106598984771,2.08669187817259
16,2021-07-31 02:40:00,13.902,"norwood.mouth",0.94616935483871,1.95882157258065
16,2021-07-31 02:55:00,13.526,"norwood.mouth",0.999409448818898,1.95213287401575
16,2021-07-31 03:05:00,13.964,"norwood.mouth",0.929317697228145,1.9336908315565
16,2021-07-31 03:15:00,13.714,"norwood.mouth",0.97236084452975,1.99626343570058
16,2021-07-31 03:30:00,13.714,"norwood.mouth",0.959485981308411,1.85987827102804
16,2021-07-31 03:40:00,13.776,"norwood.mouth",0.975617283950617,1.84452829218107
16,2021-07-31 03:55:00,13.839,"norwood.mouth",0.952402402402402,1.76827527527528
16,2021-07-31 04:05:00,13.776,"norwood.mouth",0.952285992217899,1.66945792801556
16,2021-07-31 04:15:00,14.027,"norwood.mouth",0.918688845401174,1.63804598825832
16,2021-07-31 04:30:00,13.839,"norwood.mouth",0.9379,1.6197885
16,2021-07-31 04:40:00,13.964,"norwood.mouth",0.922165898617512,1.69548709677419
16,2021-07-31 04:55:00,14.027,"norwood.mouth",0.914168190127971,1.57898080438757
16,2021-07-31 05:05:00,14.215,"norwood.mouth",0.886654643823264,1.59855410279531
16,2021-07-31 05:15:00,14.215,"norwood.mouth",0.880700179533214,1.5233842010772
16,2021-07-31 05:30:00,14.215,"norwood.mouth",0.894290811775201,1.55331935771632
16,2021-07-31 05:40:00,14.152,"norwood.mouth",0.897776769509982,1.45516742286751
16,2021-07-31 05:55:00,14.277,"norwood.mouth",0.885599356395817,1.63472204344328
16,2021-07-31 06:05:00,14.215,"norwood.mouth",0.877534965034965,1.50335620629371
16,2021-07-31 06:15:00,14.277,"norwood.mouth",0.863923444976077,1.501004784689
16,2021-07-31 06:30:00,14.152,"norwood.mouth",0.900501824817519,1.48950821167883
16,2021-07-31 06:40:00,14.215,"norwood.mouth",0.869060773480663,1.41879834254144
16,2021-07-31 06:55:00,14.34,"norwood.mouth",0.848383039885016,1.38933129716134
16,2021-07-31 07:05:00,14.089,"norwood.mouth",0.862706270627063,1.6002395489549
16,2021-07-31 07:15:00,14.215,"norwood.mouth",0.849469589816124,1.59612641442716
16,2021-07-31 07:30:00,14.277,"norwood.mouth",0.844819107832806,1.48189526987472
16,2021-07-31 07:40:00,14.277,"norwood.mouth",0.844731202000357,1.55519622551646
16,2021-07-31 07:55:00,14.277,"norwood.mouth",0.841693177801343,1.54395428302109
16,2021-07-31 08:05:00,14.277,"norwood.mouth",0.835769163610966,1.66723336825563
16,2021-07-31 08:15:00,14.089,"norwood.mouth",0.857015590200445,1.6402293986637
16,2021-07-31 08:30:00,14.089,"norwood.mouth",0.855282817502668,1.81958004268943
16,2021-07-31 08:40:00,14.089,"norwood.mouth",0.846756756756757,1.98305405405405
16,2021-07-31 08:55:00,14.152,"norwood.mouth",0.840965504654134,2.34136183610148
16,2021-07-31 09:05:00,14.089,"norwood.mouth",0.8490869247626,2.45891331872413
16,2021-07-31 09:15:00,14.027,"norwood.mouth",0.86520811099253,2.62748959445037
16,2021-07-31 09:30:00,14.152,"norwood.mouth",0.847239094422971,2.94734492913676
16,2021-07-31 09:40:00,13.902,"norwood.mouth",0.895993031358885,3.15965505226481
16,2021-07-31 09:55:00,13.964,"norwood.mouth",0.883333333333333,3.52872222222222
16,2021-07-31 10:05:00,13.902,"norwood.mouth",0.91,3.7302
16,2021-07-31 10:15:00,13.839,"norwood.mouth",0.912267250821468,3.69924671412924
16,2021-07-31 10:30:00,13.776,"norwood.mouth",0.925395987328406,3.81440549102429
16,2021-07-31 10:40:00,13.714,"norwood.mouth",0.93432760364004,3.89799797775531
16,2021-07-31 10:55:00,13.776,"norwood.mouth",0.933108108108108,4.08881418918919
16,2021-07-31 11:05:00,13.589,"norwood.mouth",0.945786802030457,4.05420025380711
16,2021-07-31 11:15:00,13.651,"norwood.mouth",0.954131054131054,4.33372198480532
16,2021-07-31 11:30:00,13.651,"norwood.mouth",0.981268151016457,4.43576573088093
16,2021-07-31 11:40:00,13.651,"norwood.mouth",0.973660205245154,4.46384863169897
16,2021-07-31 11:55:00,13.589,"norwood.mouth",0.985534591194968,4.62372222222222
16,2021-07-31 12:05:00,13.589,"norwood.mouth",0.986627906976744,4.8002015503876
16,2021-07-31 12:15:00,13.589,"norwood.mouth",0.972244094488189,5.11233562992126
16,2021-07-31 12:30:00,13.714,"norwood.mouth",0.966730621642364,5.19088910207214
16,2021-07-31 12:40:00,13.589,"norwood.mouth",0.983464566929134,5.38533661417323
16,2021-07-31 12:55:00,13.401,"norwood.mouth",1.04675324675325,5.3214512987013
16,2021-07-31 13:05:00,13.463,"norwood.mouth",1.00633802816902,5.79192957746479
16,2021-07-31 13:15:00,13.401,"norwood.mouth",1.1019436997319,5.482288538874
16,2021-07-31 13:30:00,13.714,"norwood.mouth",0.970368852459016,6.02741762295082
16,2021-07-31 13:40:00,13.589,"norwood.mouth",0.992221362229102,6.3531878869969
16,2021-07-31 13:55:00,14.152,"norwood.mouth",0.938347457627119,6.76509745762712
16,2021-07-31 14:05:00,14.027,"norwood.mouth",0.947873194221509,6.86861416532905
16,2021-07-31 14:15:00,13.651,"norwood.mouth",1.06435381355932,6.55145683262712
16,2021-07-31 14:30:00,13.714,"norwood.mouth",1.07877461706783,6.65840973741794
16,2021-07-31 14:40:00,13.714,"norwood.mouth",1.06396588486141,6.75961140724947
16,2021-07-31 14:55:00,13.651,"norwood.mouth",1.08290845886443,7.09516917728853
16,2021-07-31 15:05:00,13.651,"norwood.mouth",1.09476409666283,7.14603970080552
16,2021-07-31 15:15:00,13.651,"norwood.mouth",1.11666666666667,7.17888888888889
16,2021-07-31 15:30:00,13.714,"norwood.mouth",1.12474012474012,7.39458575883576
16,2021-07-31 15:40:00,13.839,"norwood.mouth",1.03461538461538,7.48223076923077
16,2021-07-31 15:55:00,13.776,"norwood.mouth",1.06931279620853,7.3328163507109
16,2021-07-31 16:05:00,13.964,"norwood.mouth",0.988009049773756,7.63737330316742
16,2021-07-31 16:15:00,13.964,"norwood.mouth",0.993621700879765,7.60369978005865
16,2021-07-31 16:30:00,14.34,"norwood.mouth",0.960782681099084,7.5728746877602
16,2021-07-31 16:40:00,14.027,"norwood.mouth",1.03220766129032,7.52419430443548
16,2021-07-31 16:55:00,14.152,"norwood.mouth",1.00807577268195,7.61415104685942
16,2021-07-31 17:05:00,14.089,"norwood.mouth",0.989844357976654,7.81999027237354
16,2021-07-31 17:15:00,14.215,"norwood.mouth",0.982848232848233,8.06002494802495
16,2021-07-31 17:30:00,14.027,"norwood.mouth",1.0630264446621,7.97843976493634
16,2021-07-31 17:40:00,14.277,"norwood.mouth",0.985313901345292,8.27684211509716
16,2021-07-31 17:55:00,14.152,"norwood.mouth",1.03122043519395,8.15675614947966
16,2021-07-31 18:05:00,14.653,"norwood.mouth",0.945899347623485,8.21430987884436
16,2021-07-31 18:15:00,14.841,"norwood.mouth",0.94058231488138,8.32775413371675
16,2021-07-31 18:30:00,14.966,"norwood.mouth",0.919714964370546,8.60958570863025
16,2021-07-31 18:40:00,14.152,"norwood.mouth",1.02949354518371,8.36983937437934
16,2021-07-31 18:55:00,14.277,"norwood.mouth",0.998805213613324,8.66632005792904
16,2021-07-31 19:05:00,14.528,"norwood.mouth",0.960940695296523,8.83273670756646
16,2021-07-31 19:15:00,15.091,"norwood.mouth",0.907259206798867,8.89523601274787
16,2021-07-31 19:30:00,14.089,"norwood.mouth",1.05816633266533,8.47789353707415
16,2021-07-31 19:40:00,14.215,"norwood.mouth",1.03127896200185,8.57244300278035
16,2021-07-31 19:55:00,14.403,"norwood.mouth",0.980702364394993,8.56558970792768
16,2021-07-31 20:05:00,14.528,"norwood.mouth",0.97321063394683,8.45669239945467
16,2021-07-31 20:15:00,14.215,"norwood.mouth",1.02138863000932,8.27547809878844
16,2021-07-31 20:30:00,14.027,"norwood.mouth",1.07136752136752,8.01139886039886
16,2021-07-31 20:40:00,13.902,"norwood.mouth",1.11215526046987,7.96536108273749
16,2021-07-31 20:55:00,14.465,"norwood.mouth",0.968706697459584,8.0284688221709
16,2021-07-31 21:05:00,14.653,"norwood.mouth",0.941519823788546,7.73836123348018
16,2021-07-31 21:15:00,14.152,"norwood.mouth",0.984380165289256,7.69409338842975
16,2021-07-31 21:30:00,14.277,"norwood.mouth",0.978045789043336,7.47805151267375
16,2021-07-31 21:40:00,14.027,"norwood.mouth",1.01038114343029,7.0648665997994
16,2021-07-31 21:55:00,14.528,"norwood.mouth",0.937270341207349,6.85150984251968
16,2021-07-31 22:05:00,14.59,"norwood.mouth",0.913987836663771,6.62248066898349
16,2021-07-31 22:15:00,14.027,"norwood.mouth",0.987985136251032,6.35065648224608
16,2021-07-31 22:30:00,13.776,"norwood.mouth",1.08557692307692,6.07736538461539
16,2021-07-31 22:40:00,13.714,"norwood.mouth",1.06405693950178,5.76561298932384
16,2021-07-31 22:55:00,14.59,"norwood.mouth",0.901912045889101,5.33082743785851
16,2021-07-31 23:05:00,14.215,"norwood.mouth",0.93406762295082,5.15311962090164
16,2021-07-31 23:15:00,13.776,"norwood.mouth",0.997843942505134,5.07276386036961
16,2021-07-31 23:30:00,14.778,"norwood.mouth",0.852818991097923,4.70621290801187
16,2021-07-31 23:40:00,13.964,"norwood.mouth",0.974343776460627,4.74982980524979
16,2021-07-31 23:55:00,14.528,"norwood.mouth",0.895068493150685,4.12841073059361
16,2021-08-01 00:05:00,15.029,"norwood.mouth",0.827589134125637,3.97521392190153
16,2021-08-01 00:15:00,15.216,"norwood.mouth",0.830723606168446,4.05590984578885
16,2021-08-01 00:30:00,14.778,"norwood.mouth",0.835727559933098,3.70424530756365
16,2021-08-01 00:40:00,14.152,"norwood.mouth",0.924929709465792,3.72072024367385
16,2021-08-01 00:55:00,15.529,"norwood.mouth",0.755977011494253,4.00549118773946
16,2021-08-01 01:05:00,14.841,"norwood.mouth",0.83293620292083,3.17559338970023
16,2021-08-01 01:15:00,14.089,"norwood.mouth",0.941380999020568,2.93757933398629
16,2021-08-01 01:30:00,13.839,"norwood.mouth",0.964621131270011,3.04710565635005
16,2021-08-01 01:40:00,14.152,"norwood.mouth",0.912079831932773,2.85814180672269
16,2021-08-01 01:55:00,13.902,"norwood.mouth",0.959389895138227,2.66689370829361
16,2021-08-01 02:05:00,13.964,"norwood.mouth",0.933222116301239,2.64827311725453
16,2021-08-01 02:15:00,14.277,"norwood.mouth",0.903496503496504,2.72388636363636
16,2021-08-01 02:30:00,14.215,"norwood.mouth",0.91579634464752,2.52169712793734
16,2021-08-01 02:40:00,14.528,"norwood.mouth",0.869646017699115,2.57654955752212
16,2021-08-01 02:55:00,14.966,"norwood.mouth",0.803298365947146,2.99122362315917
16,2021-08-01 03:05:00,14.215,"norwood.mouth",0.904051724137931,2.34737025862069
16,2021-08-01 03:15:00,14.59,"norwood.mouth",0.855805580558056,2.38689401440144
16,2021-08-01 03:30:00,15.091,"norwood.mouth",0.799489578902595,2.73006841060542
16,2021-08-01 03:40:00,14.716,"norwood.mouth",0.823255328040117,2.45875470121187
16,2021-08-01 03:55:00,15.655,"norwood.mouth",0.74009186351706,3.47885181539807
16,2021-08-01 04:05:00,14.277,"norwood.mouth",0.879182879377432,2.20750778210117
16,2021-08-01 04:15:00,14.903,"norwood.mouth",0.810356158575366,2.45418443926224
16,2021-08-01 04:30:00,14.653,"norwood.mouth",0.836655187257856,2.2889305495767
16,2021-08-01 04:40:00,14.653,"norwood.mouth",0.815383810918218,2.28916168165656
16,2021-08-01 04:55:00,15.968,"norwood.mouth",0.686333699231614,3.75627332601537
16,2021-08-01 05:05:00,14.778,"norwood.mouth",0.79747539580659,2.70832406218799
16,2021-08-01 05:15:00,14.841,"norwood.mouth",0.820319634703196,2.6558196347032
16,2021-08-01 05:30:00,15.029,"norwood.mouth",0.786420179682101,2.78290670352453
16,2021-08-01 05:40:00,14.778,"norwood.mouth",0.815045248868778,2.88756108597285
16,2021-08-01 05:55:00,14.778,"norwood.mouth",0.805821917808219,2.66087671232877
16,2021-08-01 06:05:00,15.029,"norwood.mouth",0.774277456647399,2.9441936416185
16,2021-08-01 06:15:00,14.59,"norwood.mouth",0.821728971962617,2.25714602803738
16,2021-08-01 06:30:00,14.841,"norwood.mouth",0.78973525313516,2.52773594983744
16,2021-08-01 06:40:00,15.029,"norwood.mouth",0.766165587419056,2.69160557354302
16,2021-08-01 06:55:00,15.216,"norwood.mouth",0.735201793721973,3.11207922272048
16,2021-08-01 07:05:00,15.091,"norwood.mouth",0.748841961852861,3.03440565395095
16,2021-08-01 07:15:00,14.778,"norwood.mouth",0.774757281553398,2.8461359223301
16,2021-08-01 07:30:00,14.716,"norwood.mouth",0.779358830146232,2.60682564679415
16,2021-08-01 07:40:00,14.653,"norwood.mouth",0.789400975156722,2.74206942187137
16,2021-08-01 07:55:00,14.716,"norwood.mouth",0.763852515506547,2.83797151389846
16,2021-08-01 08:05:00,14.841,"norwood.mouth",0.755878316559927,3.07033062671546
16,2021-08-01 08:15:00,14.778,"norwood.mouth",0.75212668648525,2.99771095357878
16,2021-08-01 08:30:00,14.34,"norwood.mouth",0.790718303764604,2.807984422328
16,2021-08-01 08:40:00,14.403,"norwood.mouth",0.782708333333333,2.95359722222222
16,2021-08-01 08:55:00,14.59,"norwood.mouth",0.766013925152306,3.29299448796055
16,2021-08-01 09:05:00,14.277,"norwood.mouth",0.814850615114236,3.0823216168717
16,2021-08-01 09:15:00,14.528,"norwood.mouth",0.783368983957219,3.30859322638146
16,2021-08-01 09:30:00,14.653,"norwood.mouth",0.74916649725554,3.70075835196856
16,2021-08-01 09:40:00,14.277,"norwood.mouth",0.783452879059574,3.35340897921233
16,2021-08-01 09:55:00,14.152,"norwood.mouth",0.800788954635109,3.47101314924392
16,2021-08-01 10:05:00,14.215,"norwood.mouth",0.811319218241042,3.59786156351791
16,2021-08-01 10:15:00,14.027,"norwood.mouth",0.839430239581236,3.97810640225488
16,2021-08-01 10:30:00,13.902,"norwood.mouth",0.852004454342984,4.03774276169265
16,2021-08-01 10:40:00,14.152,"norwood.mouth",0.829453441295547,4.2767778340081
16,2021-08-01 10:55:00,13.776,"norwood.mouth",0.880635118306351,3.9571195516812
16,2021-08-01 11:05:00,14.778,"norwood.mouth",0.796928541579607,5.22462780331523
16,2021-08-01 11:15:00,13.714,"norwood.mouth",0.900745412844037,4.2224056766055
16,2021-08-01 11:30:00,13.902,"norwood.mouth",0.885080645161291,4.17792540322581
16,2021-08-01 11:40:00,14.027,"norwood.mouth",0.912776659959759,4.45722736418511
16,2021-08-01 11:55:00,13.776,"norwood.mouth",0.968837209302326,4.61654108527132
16,2021-08-01 12:05:00,13.964,"norwood.mouth",0.95984962406015,4.97607330827068
16,2021-08-01 12:15:00,13.902,"norwood.mouth",0.967537313432836,4.84976492537313
16,2021-08-01 12:30:00,13.839,"norwood.mouth",0.991194331983806,4.91867004048583
16,2021-08-01 12:40:00,13.902,"norwood.mouth",1.00260078023407,5.21503565236237
16,2021-08-01 12:55:00,15.154,"norwood.mouth",0.7772507761297,6.04170058640911
16,2021-08-01 13:05:00,13.526,"norwood.mouth",1.2557781201849,5.07084424756035
16,2021-08-01 13:15:00,14.215,"norwood.mouth",0.947098214285714,6.01883482142857
16,2021-08-01 13:30:00,13.589,"norwood.mouth",1.26183644189383,5.30943208990913
16,2021-08-01 13:40:00,13.589,"norwood.mouth",1.29328859060403,5.41600950782998
16,2021-08-01 13:55:00,13.902,"norwood.mouth",1.17258883248731,6.4774847715736
16,2021-08-01 14:05:00,14.152,"norwood.mouth",1.05931321540062,6.70980385015609
16,2021-08-01 14:15:00,14.277,"norwood.mouth",0.993101182654402,6.74774638633377
16,2021-08-01 14:30:00,14.089,"norwood.mouth",1.11706555671176,6.6250325182102
16,2021-08-01 14:40:00,14.089,"norwood.mouth",1.10231213872832,6.78863728323699
16,2021-08-01 14:55:00,14.653,"norwood.mouth",0.96747572815534,7.60752912621359
16,2021-08-01 15:05:00,15.279,"norwood.mouth",0.897845898922949,8.35367502071251
16,2021-08-01 15:15:00,14.152,"norwood.mouth",1.19090136054422,7.35841284013605
16,2021-08-01 15:30:00,14.34,"norwood.mouth",1.12404801324503,7.85297723509934
16,2021-08-01 15:40:00,14.152,"norwood.mouth",1.20124463519313,7.5031321888412
16,2021-08-01 15:55:00,16.093,"norwood.mouth",0.866198083067093,8.36736309904153
16,2021-08-01 16:05:00,14.716,"norwood.mouth",1.01102195945946,8.31070375844595
16,2021-08-01 16:15:00,14.59,"norwood.mouth",1.06935064935065,8.50366753246753
16,2021-08-01 16:30:00,14.215,"norwood.mouth",1.24017269736842,8.15987767269737
16,2021-08-01 16:40:00,14.465,"norwood.mouth",1.18189252336449,8.20295911214953
16,2021-08-01 16:55:00,14.34,"norwood.mouth",1.22463768115942,8.11776690821256
16,2021-08-01 17:05:00,14.403,"norwood.mouth",1.20274725274725,8.42681868131868
16,2021-08-01 17:15:00,14.465,"norwood.mouth",1.18177530017153,8.51715158662093
16,2021-08-01 17:30:00,15.592,"norwood.mouth",0.936358665937671,9.00184759431383
16,2021-08-01 17:40:00,14.716,"norwood.mouth",1.02429906542056,9.05233956386293
16,2021-08-01 17:55:00,14.59,"norwood.mouth",1.15377276669558,8.68159518647008
16,2021-08-01 18:05:00,14.59,"norwood.mouth",1.17095588235294,8.68344117647059
16,2021-08-01 18:15:00,15.154,"norwood.mouth",0.986201991465149,8.86676244665718
16,2021-08-01 18:30:00,14.903,"norwood.mouth",1.05796610169492,9.13572796610169
16,2021-08-01 18:40:00,15.091,"norwood.mouth",0.994174075807206,9.22424847917642
16,2021-08-01 18:55:00,15.029,"norwood.mouth",0.996851679104478,9.19037884794776
16,2021-08-01 19:05:00,14.778,"norwood.mouth",1.08103146853147,8.96748907342657
16,2021-08-01 19:15:00,15.091,"norwood.mouth",0.992600276625173,9.23578077455048
16,2021-08-01 19:30:00,15.216,"norwood.mouth",0.977045177045177,9.40090862840863
16,2021-08-01 19:40:00,15.592,"norwood.mouth",0.963496204933586,9.02768121442125
16,2021-08-01 19:55:00,15.279,"norwood.mouth",0.979913753971857,8.66564956876986
16,2021-08-01 20:05:00,14.653,"norwood.mouth",1.1205497382199,8.63301636125654
16,2021-08-01 20:15:00,17.532,"norwood.mouth",0.800532724505327,8.90840081177067
16,2021-08-01 20:30:00,15.216,"norwood.mouth",0.988551532033426,8.50296685236769
16,2021-08-01 20:40:00,15.091,"norwood.mouth",0.985353535353535,8.35823569023569
16,2021-08-01 20:55:00,15.216,"norwood.mouth",0.965596330275229,7.98188073394495
16,2021-08-01 21:05:00,15.342,"norwood.mouth",0.961739594450373,8.00022305229456
16,2021-08-01 21:15:00,15.091,"norwood.mouth",0.982466529351185,7.72767533470649
16,2021-08-01 21:30:00,14.59,"norwood.mouth",1.05540413533835,7.25984633458647
16,2021-08-01 21:40:00,15.216,"norwood.mouth",0.950790139064475,6.82530404551201
16,2021-08-01 21:55:00,14.841,"norwood.mouth",0.989374262101535,6.57112868949233
16,2021-08-01 22:05:00,15.905,"norwood.mouth",0.879548306148055,6.2792296110414
16,2021-08-01 22:15:00,15.592,"norwood.mouth",0.910622197309417,5.91816115470852
16,2021-08-01 22:30:00,15.404,"norwood.mouth",0.919920683343502,5.59686699206833
16,2021-08-01 22:40:00,15.404,"norwood.mouth",0.908576271186441,5.32180610169492
16,2021-08-01 22:55:00,15.091,"norwood.mouth",0.926980728051392,4.85160688793719
16,2021-08-01 23:05:00,14.966,"norwood.mouth",0.932414040114613,4.7238354226361
16,2021-08-01 23:15:00,14.841,"norwood.mouth",0.956127285037238,4.58217704807041
16,2021-08-01 23:30:00,14.152,"norwood.mouth",1.03325867861142,4.17544708846585
16,2021-08-01 23:40:00,13.964,"norwood.mouth",1.08723926380368,4.09053895705521
16,2021-08-01 23:55:00,13.839,"norwood.mouth",1.10788461538462,4.05943076923077
16,2021-08-02 00:05:00,13.714,"norwood.mouth",1.17226993865031,3.8871217791411
16,2021-08-02 00:15:00,13.776,"norwood.mouth",1.16011049723757,3.68378563535912
16,2021-08-02 00:30:00,13.964,"norwood.mouth",1.06414893617021,3.13257340425532
16,2021-08-02 00:40:00,13.902,"norwood.mouth",1.12023928215354,3.1886555333998
16,2021-08-02 00:55:00,13.776,"norwood.mouth",1.14639737991266,2.9736288209607
16,2021-08-02 01:05:00,13.839,"norwood.mouth",1.11119873817035,2.76410094637224
16,2021-08-02 01:15:00,14.027,"norwood.mouth",1.03191808191808,2.55006243756244
16,2021-08-02 01:30:00,14.027,"norwood.mouth",1.02145030425964,2.51744675456389
16,2021-08-02 01:40:00,13.964,"norwood.mouth",1.05865758754864,2.53076167315175
16,2021-08-02 01:55:00,13.776,"norwood.mouth",1.10615866388309,2.36341753653445
16,2021-08-02 02:05:00,13.714,"norwood.mouth",1.13528183716075,2.27019572025052
16,2021-08-02 02:15:00,13.776,"norwood.mouth",1.14219178082192,2.27587739726027
16,2021-08-02 02:30:00,13.964,"norwood.mouth",0.995933014354067,1.98140271132376
16,2021-08-02 02:40:00,14.027,"norwood.mouth",0.984657650042266,1.87129797125951
16,2021-08-02 02:55:00,13.776,"norwood.mouth",1.05832502492522,1.86468120638086
16,2021-08-02 03:05:00,13.964,"norwood.mouth",0.998717948717949,1.84275213675214
16,2021-08-02 03:15:00,13.776,"norwood.mouth",1.05885311871227,1.74122937625755
16,2021-08-02 03:30:00,13.839,"norwood.mouth",1.03236714975845,1.57737117552335
16,2021-08-02 03:40:00,14.465,"norwood.mouth",0.934976836532098,1.68110787557909
16,2021-08-02 03:55:00,13.902,"norwood.mouth",0.986102236421725,1.64156869009585
16,2021-08-02 04:05:00,14.277,"norwood.mouth",0.939836448598131,1.70625330996885
16,2021-08-02 04:15:00,14.215,"norwood.mouth",0.936205432937182,1.56048344651952
16,2021-08-02 04:30:00,14.34,"norwood.mouth",0.931135822081017,1.56180262112788
16,2021-08-02 04:40:00,14.59,"norwood.mouth",0.897861842105263,1.69688733552632
16,2021-08-02 04:55:00,14.841,"norwood.mouth",0.888885157824043,1.86650503693754
16,2021-08-02 05:05:00,14.403,"norwood.mouth",0.922252533125487,1.61138620420889
16,2021-08-02 05:15:00,14.59,"norwood.mouth",0.891464369616288,1.67352329678935
16,2021-08-02 05:30:00,14.59,"norwood.mouth",0.890780141843972,1.79583983451537
16,2021-08-02 05:40:00,14.59,"norwood.mouth",0.882608695652174,1.61745652173913
16,2021-08-02 05:55:00,14.528,"norwood.mouth",0.899257425742574,1.85346410891089
16,2021-08-02 06:05:00,14.841,"norwood.mouth",0.862210694333599,1.85168675179569
16,2021-08-02 06:15:00,14.653,"norwood.mouth",0.856615214994487,1.67525689084895
16,2021-08-02 06:30:00,14.653,"norwood.mouth",0.852001906577693,1.68128408007626
16,2021-08-02 06:40:00,14.465,"norwood.mouth",0.865285714285714,1.71470833333333
16,2021-08-02 06:55:00,14.59,"norwood.mouth",0.841430260047281,1.7914847320725
16,2021-08-02 07:05:00,14.653,"norwood.mouth",0.852048780487805,1.86629170731707
16,2021-08-02 07:15:00,14.528,"norwood.mouth",0.843326790971541,1.78549165848871
16,2021-08-02 07:30:00,14.528,"norwood.mouth",0.846660595021251,1.66658894960534
16,2021-08-02 07:40:00,14.59,"norwood.mouth",0.835139506672058,1.70333885968459
16,2021-08-02 07:55:00,14.528,"norwood.mouth",0.831632653061224,1.85468367346939
16,2021-08-02 08:05:00,14.59,"norwood.mouth",0.836124975044919,1.90881709589406
16,2021-08-02 08:15:00,14.403,"norwood.mouth",0.834548104956268,1.90826870748299
16,2021-08-02 08:30:00,14.528,"norwood.mouth",0.836422200198216,2.1419867855963
16,2021-08-02 08:40:00,14.528,"norwood.mouth",0.84310204909718,2.21686251437073
16,2021-08-02 08:55:00,14.528,"norwood.mouth",0.818253968253968,2.70910582010582
16,2021-08-02 09:05:00,14.215,"norwood.mouth",0.856872509960159,2.58840288844622
16,2021-08-02 09:15:00,14.34,"norwood.mouth",0.832714087025631,2.72308642956487
16,2021-08-02 09:30:00,14.277,"norwood.mouth",0.840804147916259,2.95649396726016
16,2021-08-02 09:40:00,14.528,"norwood.mouth",0.847514416384967,3.5777942599589
16,2021-08-02 09:55:00,14.277,"norwood.mouth",0.85966735966736,3.42662837837838
16,2021-08-02 10:05:00,14.34,"norwood.mouth",0.855722070844687,3.58321253405995
16,2021-08-02 10:15:00,14.152,"norwood.mouth",0.850717703349282,3.67357057416268
16,2021-08-02 10:30:00,14.215,"norwood.mouth",0.896009389671361,4.04230046948357
16,2021-08-02 10:40:00,14.027,"norwood.mouth",0.893253234750462,3.93583548983364
16,2021-08-02 10:55:00,13.964,"norwood.mouth",0.899853372434018,4.29134017595308
16,2021-08-02 11:05:00,13.776,"norwood.mouth",0.937116316639741,3.96536490306947
16,2021-08-02 11:15:00,14.215,"norwood.mouth",0.890031397174254,4.47887755102041
16,2021-08-02 11:30:00,14.089,"norwood.mouth",0.92506899724011,4.84894204231831
16,2021-08-02 11:40:00,14.277,"norwood.mouth",0.907703927492447,4.68382124874119
16,2021-08-02 11:55:00,14.215,"norwood.mouth",0.930981595092024,4.79842944785276
16,2021-08-02 12:05:00,14.34,"norwood.mouth",0.929538461538461,4.91749153846154
16,2021-08-02 12:15:00,14.089,"norwood.mouth",0.985571923743501,5.03204809358752
16,2021-08-02 12:30:00,13.964,"norwood.mouth",1.00832342449465,5.32260889813714
16,2021-08-02 12:40:00,13.902,"norwood.mouth",1.04791929382093,5.32572246742328
16,2021-08-02 12:55:00,13.839,"norwood.mouth",1.10277427490542,5.43010224884405
16,2021-08-02 13:05:00,13.776,"norwood.mouth",1.16768665850673,5.30060036719706
16,2021-08-02 13:15:00,14.277,"norwood.mouth",0.994775678866588,6.40676328217237
16,2021-08-02 13:30:00,14.215,"norwood.mouth",1.03807106598985,6.63432868020305
16,2021-08-02 13:40:00,14.59,"norwood.mouth",0.971663244353183,7.22712936344969
16,2021-08-02 13:55:00,14.277,"norwood.mouth",1.04166666666667,6.73036111111111
16,2021-08-02 14:05:00,14.152,"norwood.mouth",1.10885416666667,6.61869791666666
16,2021-08-02 14:15:00,14.34,"norwood.mouth",1.0875,6.89614583333333
16,2021-08-02 14:30:00,14.465,"norwood.mouth",1.06028368794326,7.17217494089834
16,2021-08-02 14:40:00,14.653,"norwood.mouth",0.997595878649113,7.61868689181454
16,2021-08-02 14:55:00,14.716,"norwood.mouth",1.01185609157809,7.76505342055056
16,2021-08-02 15:05:00,14.716,"norwood.mouth",0.998404255319149,7.96155053191489
16,2021-08-02 15:15:00,14.716,"norwood.mouth",1.02127659574468,7.94850886524823
16,2021-08-02 15:30:00,14.903,"norwood.mouth",1.02864214992928,8.1605
16,2021-08-02 15:40:00,14.903,"norwood.mouth",1.05201916495551,8.55095716404289
16,2021-08-02 15:55:00,14.716,"norwood.mouth",1.08745467730239,8.4814885786802
16,2021-08-02 16:05:00,14.841,"norwood.mouth",1.05422077922078,8.47972835497836
16,2021-08-02 16:15:00,15.029,"norwood.mouth",0.997194513715711,8.68445386533666
16,2021-08-02 16:30:00,14.903,"norwood.mouth",1.0622788393489,8.69287939372493
16,2021-08-02 16:40:00,15.154,"norwood.mouth",0.993301759133965,9.00844248985115
16,2021-08-02 16:55:00,15.404,"norwood.mouth",0.971707731520816,8.76952400169924
16,2021-08-02 17:05:00,15.717,"norwood.mouth",0.960088424437299,9.05764971864952
16,2021-08-02 17:15:00,15.091,"norwood.mouth",0.99508875739645,9.14841420118343
16,2021-08-02 17:30:00,15.404,"norwood.mouth",0.978667481662592,9.31715495110024
16,2021-08-02 17:40:00,14.716,"norwood.mouth",1.12731878409977,9.028529228371
16,2021-08-02 17:55:00,15.029,"norwood.mouth",1.03313298271976,9.36309936138242
16,2021-08-02 18:05:00,15.154,"norwood.mouth",0.998533671252715,9.3625905141202
16,2021-08-02 18:15:00,15.091,"norwood.mouth",1.07475181998676,9.27582792852415
16,2021-08-02 18:30:00,14.903,"norwood.mouth",1.14768786127168,9.24158092485549
16,2021-08-02 18:40:00,14.903,"norwood.mouth",1.1015514809591,9.34223836389281
16,2021-08-02 18:55:00,15.342,"norwood.mouth",0.990782122905028,9.32551396648045
16,2021-08-02 19:05:00,14.59,"norwood.mouth",1.21656050955414,9.01541666666667
16,2021-08-02 19:15:00,14.903,"norwood.mouth",1.1176282051282,9.23286698717949
16,2021-08-02 19:30:00,15.154,"norwood.mouth",1.02230603448276,9.29135614224138
16,2021-08-02 19:40:00,15.279,"norwood.mouth",0.987550944794368,9.32197017413857
16,2021-08-02 19:55:00,14.903,"norwood.mouth",1.0302489626556,9.05481244813278
16,2021-08-02 20:05:00,15.279,"norwood.mouth",0.987520798668885,8.98879326123128
16,2021-08-02 20:15:00,14.778,"norwood.mouth",1.08130400628437,8.81577710133543
16,2021-08-02 20:30:00,15.216,"norwood.mouth",0.97942238267148,8.65873646209386
16,2021-08-02 20:40:00,15.404,"norwood.mouth",0.96706827309237,8.6573219544846
16,2021-08-02 20:55:00,15.529,"norwood.mouth",0.955007907221929,8.10809857670005
16,2021-08-02 21:05:00,14.903,"norwood.mouth",0.997240566037736,8.05642900943396
16,2021-08-02 21:15:00,16.155,"norwood.mouth",0.911167624944715,8.04356169836356
16,2021-08-02 21:30:00,14.778,"norwood.mouth",0.999248120300752,7.49602005012531
16,2021-08-02 21:40:00,14.841,"norwood.mouth",0.994441624365482,7.15555558375635
16,2021-08-02 21:55:00,15.029,"norwood.mouth",0.970948012232416,6.97397629969419
16,2021-08-02 22:05:00,14.528,"norwood.mouth",1.09252336448598,6.77396495327103
16,2021-08-02 22:15:00,14.841,"norwood.mouth",0.98819026790596,6.45402583378896
16,2021-08-02 22:30:00,15.091,"norwood.mouth",0.960614934114202,6.12818448023426
16,2021-08-02 22:40:00,15.404,"norwood.mouth",0.933140243902439,5.94809222560976
16,2021-08-02 22:55:00,14.716,"norwood.mouth",0.985997313633311,5.31823707186031
16,2021-08-02 23:05:00,15.404,"norwood.mouth",0.922748675691583,4.9466286050618
16,2021-08-02 23:15:00,15.154,"norwood.mouth",0.943962940824866,4.811168559474
16,2021-08-02 23:30:00,15.029,"norwood.mouth",0.939619985925405,4.502906052076
16,2021-08-02 23:40:00,14.653,"norwood.mouth",0.979679802955665,4.37476662561576
16,2021-08-02 23:55:00,14.403,"norwood.mouth",1.00233968804159,4.0458006932409
16,2021-08-03 00:05:00,14.403,"norwood.mouth",0.998201199200533,3.94023001332445
16,2021-08-03 00:15:00,14.34,"norwood.mouth",0.9954240390482,3.93759334960342
16,2021-08-03 00:30:00,14.465,"norwood.mouth",0.988377723970944,3.71490072639225
16,2021-08-03 00:40:00,14.277,"norwood.mouth",0.99655737704918,3.64027540983607
16,2021-08-03 00:55:00,15.154,"norwood.mouth",0.902364394993046,3.12536752433936
16,2021-08-03 01:05:00,15.029,"norwood.mouth",0.908975290697674,2.76414153343023
16,2021-08-03 01:15:00,14.653,"norwood.mouth",0.943309608540925,2.63845409252669
16,2021-08-03 01:30:00,14.966,"norwood.mouth",0.912569060773481,2.68955110497238
16,2021-08-03 01:40:00,15.592,"norwood.mouth",0.850400534045394,2.58301802403204
16,2021-08-03 01:55:00,14.653,"norwood.mouth",0.939586357039187,2.65288062409289
16,2021-08-03 02:05:00,15.216,"norwood.mouth",0.891025641025641,2.47364957264957
16,2021-08-03 02:15:00,14.59,"norwood.mouth",0.952352941176471,2.55854705882353
16,2021-08-03 02:30:00,15.404,"norwood.mouth",0.854845505617977,2.42483426966292
16,2021-08-03 02:40:00,14.653,"norwood.mouth",0.944469309462916,2.52374744245524
16,2021-08-03 02:55:00,14.778,"norwood.mouth",0.934680134680135,2.4696854657688
16,2021-08-03 03:05:00,14.903,"norwood.mouth",0.900870473537604,2.44583130222841
16,2021-08-03 03:15:00,15.655,"norwood.mouth",0.830185185185185,2.53593580246914
16,2021-08-03 03:30:00,15.467,"norwood.mouth",0.827668161434977,2.47546816143498
16,2021-08-03 03:40:00,15.404,"norwood.mouth",0.857448275862069,2.59231448275862
16,2021-08-03 03:55:00,16.218,"norwood.mouth",0.763284132841328,3.15790959409594
16,2021-08-03 04:05:00,15.78,"norwood.mouth",0.795061839039254,2.62149698273287
16,2021-08-03 04:15:00,15.279,"norwood.mouth",0.854169424222369,2.18585704831238
16,2021-08-03 04:30:00,15.592,"norwood.mouth",0.810321813859938,2.66092411775462
16,2021-08-03 04:40:00,15.842,"norwood.mouth",0.772204213938412,2.98411183144246
16,2021-08-03 04:55:00,15.842,"norwood.mouth",0.790343590711724,2.82311176137436
16,2021-08-03 05:05:00,15.279,"norwood.mouth",0.828576682603898,2.4357785644232
16,2021-08-03 05:15:00,15.342,"norwood.mouth",0.819830827067669,2.38017528195489
16,2021-08-03 05:30:00,15.842,"norwood.mouth",0.78607171000788,2.73138399658524
16,2021-08-03 05:40:00,15.968,"norwood.mouth",0.755343945423536,2.97149260943718
16,2021-08-03 05:55:00,15.655,"norwood.mouth",0.783657884688813,2.71288017054856
16,2021-08-03 06:05:00,15.279,"norwood.mouth",0.804214845207012,2.38579584732065
16,2021-08-03 06:15:00,15.842,"norwood.mouth",0.755106149341142,2.71287426793558
16,2021-08-03 06:30:00,15.404,"norwood.mouth",0.779524680073126,2.41909734917733
16,2021-08-03 06:40:00,15.279,"norwood.mouth",0.786244062842528,2.36420636950432
16,2021-08-03 06:55:00,15.091,"norwood.mouth",0.808310577098125,2.51064615571333
16,2021-08-03 07:05:00,15.342,"norwood.mouth",0.775527973323453,2.65823749536866
16,2021-08-03 07:15:00,15.279,"norwood.mouth",0.783024976873265,2.56479956830096
16,2021-08-03 07:30:00,15.467,"norwood.mouth",0.758852280955829,2.57028786507362
16,2021-08-03 07:40:00,15.905,"norwood.mouth",0.760301044439894,2.96474114274012
16,2021-08-03 07:55:00,15.154,"norwood.mouth",0.794350122618374,2.43131396591838
16,2021-08-03 08:05:00,14.966,"norwood.mouth",0.804814267233414,2.36293189798558
16,2021-08-03 08:15:00,15.279,"norwood.mouth",0.773191094619666,2.74122820037106
16,2021-08-03 08:30:00,15.091,"norwood.mouth",0.791272430668842,2.6039722675367
16,2021-08-03 08:40:00,15.154,"norwood.mouth",0.778189593727726,2.75225296982656
16,2021-08-03 08:55:00,15.529,"norwood.mouth",0.754468275245755,3.17109204647006
16,2021-08-03 09:05:00,15.279,"norwood.mouth",0.768775082882569,3.2235898330716
16,2021-08-03 09:15:00,15.154,"norwood.mouth",0.791624820659971,3.22824515781922
16,2021-08-03 09:30:00,15.279,"norwood.mouth",0.766696492483894,3.74694863994273
16,2021-08-03 09:40:00,15.655,"norwood.mouth",0.743034825870647,4.14552487562189
16,2021-08-03 09:55:00,15.216,"norwood.mouth",0.793375481033535,3.96418105186
16,2021-08-03 10:05:00,15.091,"norwood.mouth",0.80155921513665,4.22113294206961
16,2021-08-03 10:15:00,14.903,"norwood.mouth",0.825741239892183,4.3547115902965
16,2021-08-03 10:30:00,15.029,"norwood.mouth",0.802216569767442,4.71854209060078
16,2021-08-03 10:40:00,14.34,"norwood.mouth",0.881937799043062,4.39548863636364
16,2021-08-03 10:55:00,14.277,"norwood.mouth",0.920302603800141,4.94567698803659
16,2021-08-03 11:05:00,14.277,"norwood.mouth",0.901918649270913,4.78916442824252
16,2021-08-03 11:15:00,14.465,"norwood.mouth",0.902484889187374,5.06034889187374
16,2021-08-03 11:30:00,14.152,"norwood.mouth",0.9562125748503,5.2292503742515
16,2021-08-03 11:40:00,14.528,"norwood.mouth",0.916918967052538,5.2429875333927
16,2021-08-03 11:55:00,14.089,"norwood.mouth",0.9813671875,5.4299576171875
16,2021-08-03 12:05:00,14.027,"norwood.mouth",0.990972794723825,5.30804616652927
16,2021-08-03 12:15:00,14.465,"norwood.mouth",0.915792235047219,5.6320241343127
16,2021-08-03 12:30:00,14.152,"norwood.mouth",0.964416586306654,5.50906292189007
16,2021-08-03 12:40:00,14.089,"norwood.mouth",0.983756097560975,5.68888585365854
16,2021-08-03 12:55:00,14.089,"norwood.mouth",0.991258094357077,5.78230296022202
16,2021-08-03 13:05:00,14.089,"norwood.mouth",0.996357409713574,6.16274143835616
16,2021-08-03 13:15:00,14.089,"norwood.mouth",1.00535077288942,6.09836206896552
16,2021-08-03 13:30:00,14.34,"norwood.mouth",0.982917316692668,6.67924180967239
16,2021-08-03 13:40:00,14.027,"norwood.mouth",1.06176853055917,6.59651289553532
16,2021-08-03 13:55:00,14.027,"norwood.mouth",1.09653179190752,6.6623338150289
16,2021-08-03 14:05:00,14.027,"norwood.mouth",1.14034151547492,6.62105736392743
16,2021-08-03 14:15:00,14.34,"norwood.mouth",0.984084302325582,7.15963917151163
16,2021-08-03 14:30:00,14.716,"norwood.mouth",0.967524682651622,7.95873660084626
16,2021-08-03 14:40:00,15.216,"norwood.mouth",0.929735062006764,8.47329509582864
16,2021-08-03 14:55:00,14.528,"norwood.mouth",1.01108156028369,8.15396542553191
16,2021-08-03 15:05:00,14.716,"norwood.mouth",0.986499171728327,8.46119381557151
16,2021-08-03 15:15:00,14.528,"norwood.mouth",1.00045289855072,8.39987122584541
16,2021-08-03 15:30:00,14.277,"norwood.mouth",1.15104166666667,7.89849826388889
16,2021-08-03 15:40:00,14.903,"norwood.mouth",0.976978851963746,8.50994879154079
16,2021-08-03 15:55:00,15.029,"norwood.mouth",0.979514603044015,9.09062443438914
16,2021-08-03 16:05:00,14.465,"norwood.mouth",1.12874015748032,8.66089763779527
16,2021-08-03 16:15:00,14.34,"norwood.mouth",1.17795275590551,8.49792847769029
16,2021-08-03 16:30:00,14.841,"norwood.mouth",0.998389866895663,9.14643151567196
16,2021-08-03 16:40:00,14.215,"norwood.mouth",1.2508025682183,8.38505163188871
16,2021-08-03 16:55:00,14.528,"norwood.mouth",1.13221117061974,8.86539058913542
16,2021-08-03 17:05:00,14.465,"norwood.mouth",1.15390206579954,8.70142540168324
16,2021-08-03 17:15:00,14.34,"norwood.mouth",1.20993227990971,8.70781151241535
16,2021-08-03 17:30:00,14.465,"norwood.mouth",1.19610655737705,9.13213422131148
16,2021-08-03 17:40:00,14.716,"norwood.mouth",1.1156050955414,9.5732898089172
16,2021-08-03 17:55:00,14.59,"norwood.mouth",1.10440304826418,9.58473348856901
16,2021-08-03 18:05:00,14.59,"norwood.mouth",1.13722910216718,9.51098490712074
16,2021-08-03 18:15:00,14.59,"norwood.mouth",1.16257042253521,9.45143943661972
16,2021-08-03 18:30:00,14.778,"norwood.mouth",1.09822335025381,9.64142893401015
16,2021-08-03 18:40:00,14.465,"norwood.mouth",1.22034689793195,9.2843599066044
16,2021-08-03 18:55:00,15.216,"norwood.mouth",0.990622182146078,9.91996070033063
16,2021-08-03 19:05:00,15.467,"norwood.mouth",0.985978374607604,9.77499755842344
16,2021-08-03 19:15:00,14.403,"norwood.mouth",1.22562326869806,9.14828531855956
16,2021-08-03 19:30:00,14.903,"norwood.mouth",0.999266623207301,9.51450097783572
16,2021-08-03 19:40:00,14.528,"norwood.mouth",1.18878787878788,9.04611818181818
16,2021-08-03 19:55:00,14.465,"norwood.mouth",1.18416485900217,8.98486062906724
16,2021-08-03 20:05:00,14.716,"norwood.mouth",1.12946428571429,9.03248214285714
16,2021-08-03 20:15:00,14.34,"norwood.mouth",1.23661838790932,8.7079886649874
16,2021-08-03 20:30:00,14.528,"norwood.mouth",1.15200562983814,8.60861717100633
16,2021-08-03 20:40:00,14.465,"norwood.mouth",1.1831013916501,8.48474850894632
16,2021-08-03 20:55:00,14.903,"norwood.mouth",1.03850267379679,8.23898395721925
16,2021-08-03 21:05:00,15.529,"norwood.mouth",0.970060120240481,8.20033406813627
16,2021-08-03 21:15:00,14.465,"norwood.mouth",1.13329621380846,7.80392427616926
16,2021-08-03 21:30:00,15.905,"norwood.mouth",0.930933852140078,7.6359831387808
16,2021-08-03 21:40:00,17.47,"norwood.mouth",0.807823741007194,7.49451678657074
16,2021-08-03 21:55:00,15.529,"norwood.mouth",0.950888494002666,6.80691936916926
16,2021-08-03 22:05:00,15.091,"norwood.mouth",0.965912596401028,6.49229537275064
16,2021-08-03 22:15:00,14.841,"norwood.mouth",0.988724832214765,6.37815704697987
16,2021-08-03 22:30:00,13.964,"norwood.mouth",1.23347723704867,5.84632594191523
16,2021-08-03 22:40:00,13.902,"norwood.mouth",1.25388972809668,5.68389142749245
16,2021-08-03 22:55:00,13.589,"norwood.mouth",1.33430656934307,5.2588296836983
16,2021-08-03 23:05:00,13.589,"norwood.mouth",1.327402700556,5.02312212073074
16,2021-08-03 23:15:00,13.589,"norwood.mouth",1.3320251177394,4.78212990580848
16,2021-08-03 23:30:00,13.589,"norwood.mouth",1.31310799670239,4.51284418796373
16,2021-08-03 23:40:00,13.714,"norwood.mouth",1.27371134020619,4.27025773195876
16,2021-08-03 23:55:00,13.651,"norwood.mouth",1.25201577563541,4.05063453111306
16,2021-08-04 00:05:00,13.964,"norwood.mouth",1.14962311557789,3.89265640703518
16,2021-08-04 00:15:00,13.589,"norwood.mouth",1.27392947103275,3.6994798488665
16,2021-08-04 00:30:00,13.651,"norwood.mouth",1.24515201314708,3.38233730484799
16,2021-08-04 00:40:00,13.526,"norwood.mouth",1.30530179445351,3.23250299075585
16,2021-08-04 00:55:00,13.651,"norwood.mouth",1.24547920433996,2.93645027124774
16,2021-08-04 01:05:00,13.589,"norwood.mouth",1.24655923344948,2.91334472996516
16,2021-08-04 01:15:00,13.401,"norwood.mouth",1.32279029462738,2.7270294627383
16,2021-08-04 01:30:00,13.401,"norwood.mouth",1.31902654867257,2.51156637168142
16,2021-08-04 01:40:00,13.401,"norwood.mouth",1.33006279434851,2.32533594976452
16,2021-08-04 01:55:00,13.526,"norwood.mouth",1.2369582992641,2.37215739983647
16,2021-08-04 02:05:00,13.463,"norwood.mouth",1.26473136915078,2.24342432120162
16,2021-08-04 02:15:00,13.338,"norwood.mouth",1.29787234042553,2.12420567375886
16,2021-08-04 02:30:00,13.463,"norwood.mouth",1.22223684210526,2.02750263157895
16,2021-08-04 02:40:00,13.276,"norwood.mouth",1.32467532467532,1.80779978354978
16,2021-08-04 02:55:00,13.276,"norwood.mouth",1.31301939058172,1.72926523545706
16,2021-08-04 03:05:00,14.027,"norwood.mouth",0.991732954545455,2.15131392045455
16,2021-08-04 03:15:00,14.653,"norwood.mouth",0.928673469387755,2.20882704081633
16,2021-08-04 03:30:00,14.215,"norwood.mouth",0.963566739606127,1.95865645514223
16,2021-08-04 03:40:00,14.59,"norwood.mouth",0.927951153324288,1.97708887381275
16,2021-08-04 03:55:00,14.403,"norwood.mouth",0.944163763066202,1.95626146922184
16,2021-08-04 04:05:00,14.528,"norwood.mouth",0.943539325842697,1.98740870786517
16,2021-08-04 04:15:00,14.528,"norwood.mouth",0.924208443271768,2.07555145118734
16,2021-08-04 04:30:00,14.277,"norwood.mouth",0.95254914004914,2.0704503992629
16,2021-08-04 04:40:00,14.653,"norwood.mouth",0.911349693251534,2.42664008179959
16,2021-08-04 04:55:00,14.528,"norwood.mouth",0.916688144329897,2.21650676546392
16,2021-08-04 05:05:00,14.653,"norwood.mouth",0.898221476510067,2.14636862416107
16,2021-08-04 05:15:00,14.841,"norwood.mouth",0.877379261363636,2.13168607954545
16,2021-08-04 05:30:00,14.841,"norwood.mouth",0.874882943143813,1.97197123745819
16,2021-08-04 05:40:00,15.091,"norwood.mouth",0.842685185185185,2.24168888888889
16,2021-08-04 05:55:00,15.029,"norwood.mouth",0.840987535953979,2.10881847235538
16,2021-08-04 06:05:00,15.091,"norwood.mouth",0.864438502673797,1.96559625668449
16,2021-08-04 06:15:00,15.091,"norwood.mouth",0.840688651794374,2.32833559650824
16,2021-08-04 06:30:00,15.029,"norwood.mouth",0.853571428571429,2.30085714285714
16,2021-08-04 06:40:00,15.029,"norwood.mouth",0.824663123932435,2.354873790093
16,2021-08-04 06:55:00,14.966,"norwood.mouth",0.831548069644209,2.18150416351249
16,2021-08-04 07:05:00,14.903,"norwood.mouth",0.83783858485351,2.3575142804496
16,2021-08-04 07:15:00,15.091,"norwood.mouth",0.818498659517426,2.16881881143878
16,2021-08-04 07:30:00,15.091,"norwood.mouth",0.793514259429623,2.34141551671266
16,2021-08-04 07:40:00,14.778,"norwood.mouth",0.841224759388564,2.09780892621249
16,2021-08-04 07:55:00,15.216,"norwood.mouth",0.779328944962516,2.72229054671786
16,2021-08-04 08:05:00,15.091,"norwood.mouth",0.818731678717999,2.53545632206371
16,2021-08-04 08:15:00,14.778,"norwood.mouth",0.821689240030098,2.4500538625533
16,2021-08-04 08:30:00,15.342,"norwood.mouth",0.765618547024592,3.06669122708216
16,2021-08-04 08:40:00,14.152,"norwood.mouth",0.876673326673327,2.25838461538461
16,2021-08-04 08:55:00,14.716,"norwood.mouth",0.853179824561404,2.4670663377193
16,2021-08-04 09:05:00,14.653,"norwood.mouth",0.830289093298292,2.64824967148489
16,2021-08-04 09:15:00,14.653,"norwood.mouth",0.82004821958457,2.88316496661721
16,2021-08-04 09:30:00,14.403,"norwood.mouth",0.846469057795949,2.95354723409527
16,2021-08-04 09:40:00,14.716,"norwood.mouth",0.819408316541491,3.63025193869451
16,2021-08-04 09:55:00,14.403,"norwood.mouth",0.870394207562349,3.55220494770716
16,2021-08-04 10:05:00,14.34,"norwood.mouth",0.875313971742543,3.70195957613815
16,2021-08-04 10:15:00,14.653,"norwood.mouth",0.826843100189036,4.2120215816005
16,2021-08-04 10:30:00,14.966,"norwood.mouth",0.80243812338382,4.61308493412141
16,2021-08-04 10:40:00,14.465,"norwood.mouth",0.872281776416539,4.4170049770291
16,2021-08-04 10:55:00,14.653,"norwood.mouth",0.874303797468354,4.79270632911392
16,2021-08-04 11:05:00,14.966,"norwood.mouth",0.836207561728395,4.93497325102881
16,2021-08-04 11:15:00,15.279,"norwood.mouth",0.802235772357724,4.98751558265583
16,2021-08-04 11:30:00,14.403,"norwood.mouth",0.901848667239897,4.86126268271711
16,2021-08-04 11:40:00,13.401,"norwood.mouth",1.16251298026999,3.10167583939079
16,2021-08-04 11:55:00,12.962,"norwood.mouth",1.45472440944882,3.841
16,2021-08-04 12:05:00,13.025,"norwood.mouth",1.36900129701686,3.39379550367488
16,2021-08-04 12:15:00,13.088,"norwood.mouth",1.43036750483559,3.21406785944552
16,2021-08-04 12:30:00,13.276,"norwood.mouth",1.37128712871287,3.74783663366337
16,2021-08-04 12:40:00,13.338,"norwood.mouth",1.36673773987207,4.01813663823738
16,2021-08-04 12:55:00,13.276,"norwood.mouth",1.43532058492688,3.97419769403824
16,2021-08-04 13:05:00,13.401,"norwood.mouth",1.37817258883249,4.40697588832487
16,2021-08-04 13:15:00,13.401,"norwood.mouth",1.39545014520813,4.45211374636979
16,2021-08-04 13:30:00,13.401,"norwood.mouth",1.4375650364204,4.42767733263961
16,2021-08-04 13:40:00,13.526,"norwood.mouth",1.3820704375667,4.82200284596229
16,2021-08-04 13:55:00,13.776,"norwood.mouth",1.27427961579509,5.46925471362504
16,2021-08-04 14:05:00,14.089,"norwood.mouth",1.1260162601626,6.2694512195122
16,2021-08-04 14:15:00,13.964,"norwood.mouth",1.25588768115942,5.88206838768116
16,2021-08-04 14:30:00,13.964,"norwood.mouth",1.23342803030303,6.30167945075758
16,2021-08-04 14:40:00,14.403,"norwood.mouth",1.06648936170213,7.37931471631206
16,2021-08-04 14:55:00,14.089,"norwood.mouth",1.22333333333333,6.92946666666667
16,2021-08-04 15:05:00,14.215,"norwood.mouth",1.17728758169935,7.23538752723312
16,2021-08-04 15:15:00,14.277,"norwood.mouth",1.15104166666667,7.53090451388889
16,2021-08-04 15:30:00,14.277,"norwood.mouth",1.15775158658205,7.9742898912058
16,2021-08-04 15:40:00,14.34,"norwood.mouth",1.18228279386712,8.14614295854628
16,2021-08-04 15:55:00,14.403,"norwood.mouth",1.15869565217391,8.30767391304348
16,2021-08-04 16:05:00,14.528,"norwood.mouth",1.1511811023622,8.38151181102362
16,2021-08-04 16:15:00,14.465,"norwood.mouth",1.16993185689949,8.5991465076661
16,2021-08-04 16:30:00,14.653,"norwood.mouth",1.14988814317673,8.73952087994034
16,2021-08-04 16:40:00,14.403,"norwood.mouth",1.23377125193199,8.46404842864503
16,2021-08-04 16:55:00,14.465,"norwood.mouth",1.20253682487725,8.78714238952537
16,2021-08-04 17:05:00,14.528,"norwood.mouth",1.19450889404486,8.65276424336169
16,2021-08-04 17:15:00,14.403,"norwood.mouth",1.23772504091653,8.61596563011457
16,2021-08-04 17:30:00,14.653,"norwood.mouth",1.1554524361949,9.08438843774169
16,2021-08-04 17:40:00,14.653,"norwood.mouth",1.17362637362637,9.19198992673993
16,2021-08-04 17:55:00,14.716,"norwood.mouth",1.12411347517731,9.61049645390071
16,2021-08-04 18:05:00,14.778,"norwood.mouth",1.12117822520507,9.52436260253542
16,2021-08-04 18:15:00,14.653,"norwood.mouth",1.17362637362637,9.44832142857143
16,2021-08-04 18:30:00,14.528,"norwood.mouth",1.21941391941392,9.24286141636142
16,2021-08-04 18:40:00,14.653,"norwood.mouth",1.1554524361949,9.45620533642692
16,2021-08-04 18:55:00,14.59,"norwood.mouth",1.18791208791209,9.49422527472527
16,2021-08-04 19:05:00,14.528,"norwood.mouth",1.20698344132469,9.36803581713463
16,2021-08-04 19:15:00,14.59,"norwood.mouth",1.19002123142251,9.39581033262562
16,2021-08-04 19:30:00,14.716,"norwood.mouth",1.16536203522505,9.40851956947162
16,2021-08-04 19:40:00,14.528,"norwood.mouth",1.19304029304029,9.25543986568987
16,2021-08-04 19:55:00,14.841,"norwood.mouth",1.11676451402479,9.11548418134377
16,2021-08-04 20:05:00,14.653,"norwood.mouth",1.1482254697286,8.96651374391093
16,2021-08-04 20:15:00,14.403,"norwood.mouth",1.19094488188976,8.82065223097113
16,2021-08-04 20:30:00,14.465,"norwood.mouth",1.17548435171386,8.6536870342772
16,2021-08-04 20:40:00,14.277,"norwood.mouth",1.24568345323741,8.38073860911271
16,2021-08-04 20:55:00,14.403,"norwood.mouth",1.19870041039672,8.12620497036024
16,2021-08-04 21:05:00,14.277,"norwood.mouth",1.20826893353941,8.02222617207625
16,2021-08-04 21:15:00,14.215,"norwood.mouth",1.21754523996853,7.72734900340939
16,2021-08-04 21:30:00,14.34,"norwood.mouth",1.15625,7.38947916666667
16,2021-08-04 21:40:00,14.277,"norwood.mouth",1.1712962962963,7.19395524691358
16,2021-08-04 21:55:00,14.59,"norwood.mouth",1.02363782051282,6.81506850961538
16,2021-08-04 22:05:00,15.216,"norwood.mouth",0.956480117820324,6.6026001472754
16,2021-08-04 22:15:00,14.778,"norwood.mouth",0.97964824120603,6.46075376884422
16,2021-08-04 22:30:00,14.716,"norwood.mouth",0.97782131661442,5.77570062695925
16,2021-08-04 22:40:00,14.903,"norwood.mouth",0.968251273344652,5.50855730050934
16,2021-08-04 22:55:00,14.59,"norwood.mouth",0.990819764177428,5.25615553060079
16,2021-08-04 23:05:00,14.465,"norwood.mouth",0.997260273972603,4.96795433789954
16,2021-08-04 23:15:00,14.778,"norwood.mouth",0.970462328767123,4.63105693493151
16,2021-08-04 23:30:00,15.029,"norwood.mouth",0.942979767014102,4.48775873697118
16,2021-08-04 23:40:00,14.716,"norwood.mouth",0.977913631633715,4.78063215400624
16,2021-08-04 23:55:00,14.841,"norwood.mouth",0.961081081081081,4.19059324324324
16,2021-08-05 00:05:00,14.716,"norwood.mouth",0.972342342342343,3.92457477477477
16,2021-08-05 00:15:00,14.215,"norwood.mouth",1.04979591836735,3.55891020408163
16,2021-08-05 00:30:00,14.027,"norwood.mouth",1.10940099833611,3.4970299500832
16,2021-08-05 00:40:00,13.964,"norwood.mouth",1.14,3.53471666666667
16,2021-08-05 00:55:00,13.964,"norwood.mouth",1.13866171003717,3.17578965303594
16,2021-08-05 01:05:00,13.902,"norwood.mouth",1.17336683417085,3.26691582914573
16,2021-08-05 01:15:00,13.839,"norwood.mouth",1.19777931991672,3.1176073907009
16,2021-08-05 01:30:00,13.839,"norwood.mouth",1.18419195483416,2.87642748764996
16,2021-08-05 01:40:00,15.529,"norwood.mouth",0.878370418848167,3.06079957460733
16,2021-08-05 01:55:00,13.839,"norwood.mouth",1.15456769983687,2.56539178901577
16,2021-08-05 02:05:00,13.776,"norwood.mouth",1.1672,2.48783133333333
16,2021-08-05 02:15:00,13.714,"norwood.mouth",1.15189873417722,2.46758544303797
16,2021-08-05 02:30:00,13.714,"norwood.mouth",1.17618270799347,2.28236215334421
16,2021-08-05 02:40:00,13.839,"norwood.mouth",1.08274336283186,2.26641887905605
16,2021-08-05 02:55:00,14.215,"norwood.mouth",0.982434350603265,2.3873662171753
16,2021-08-05 03:05:00,14.089,"norwood.mouth",0.993774703557312,2.46036758893281
16,2021-08-05 03:15:00,13.964,"norwood.mouth",0.994268774703557,2.29612516469038
16,2021-08-05 03:30:00,14.027,"norwood.mouth",0.988563327032136,2.09015059861374
16,2021-08-05 03:40:00,14.465,"norwood.mouth",0.937033195020747,2.2091270746888
16,2021-08-05 03:55:00,15.091,"norwood.mouth",0.886694860117111,2.22815094339623
16,2021-08-05 04:05:00,14.841,"norwood.mouth",0.918476541908276,2.35243858724301
16,2021-08-05 04:15:00,14.528,"norwood.mouth",0.929183673469388,2.10619047619048
16,2021-08-05 04:30:00,14.903,"norwood.mouth",0.904836795252225,2.1622350148368
16,2021-08-05 04:40:00,14.215,"norwood.mouth",0.960751508502468,2.15500987383434
16,2021-08-05 04:55:00,14.841,"norwood.mouth",0.895038910505837,2.20494114785992
16,2021-08-05 05:05:00,14.653,"norwood.mouth",0.91846394984326,2.25306206896552
16,2021-08-05 05:15:00,14.903,"norwood.mouth",0.880150214592274,2.20975500715308
16,2021-08-05 05:30:00,14.841,"norwood.mouth",0.878542009884679,2.02839373970346
16,2021-08-05 05:40:00,14.59,"norwood.mouth",0.918410041841004,1.94664539748954
16,2021-08-05 05:55:00,15.154,"norwood.mouth",0.871121718377088,2.30799880668258
16,2021-08-05 06:05:00,15.091,"norwood.mouth",0.865,2.17205
16,2021-08-05 06:15:00,14.903,"norwood.mouth",0.881925675675676,2.10080574324324
16,2021-08-05 06:30:00,14.716,"norwood.mouth",0.894604537093808,2.14087477007971
16,2021-08-05 06:40:00,15.029,"norwood.mouth",0.874214026602177,2.40436215235792
16,2021-08-05 06:55:00,15.216,"norwood.mouth",0.862082853855006,2.52217433831991
16,2021-08-05 07:05:00,15.216,"norwood.mouth",0.838124181784178,2.38669930178916
16,2021-08-05 07:15:00,15.029,"norwood.mouth",0.857612231620039,2.2666776187378
16,2021-08-05 07:30:00,15.029,"norwood.mouth",0.831087036356959,2.30817762272004
16,2021-08-05 07:40:00,14.903,"norwood.mouth",0.842591220596407,2.18050410569859
16,2021-08-05 07:55:00,14.841,"norwood.mouth",0.843464052287582,2.08514596949891
16,2021-08-05 08:05:00,15.029,"norwood.mouth",0.827328316086548,2.44327234242709
16,2021-08-05 08:15:00,14.778,"norwood.mouth",0.848474737845567,2.27471401334604
16,2021-08-05 08:30:00,15.091,"norwood.mouth",0.806140350877193,2.61268713450292
16,2021-08-05 08:40:00,14.841,"norwood.mouth",0.836842105263158,2.48645614035088
16,2021-08-05 08:55:00,14.841,"norwood.mouth",0.823679514632405,2.88020309897692
16,2021-08-05 09:05:00,14.59,"norwood.mouth",0.897244094488189,2.92346456692913
16,2021-08-05 09:15:00,14.465,"norwood.mouth",0.882185273159145,3.03796536025336
16,2021-08-05 09:30:00,14.528,"norwood.mouth",0.885508345978756,3.40056752655539
16,2021-08-05 09:40:00,14.528,"norwood.mouth",0.870249355116079,3.35076698194325
16,2021-08-05 09:55:00,14.277,"norwood.mouth",0.894488188976378,3.41427099737533
16,2021-08-05 10:05:00,14.465,"norwood.mouth",0.896197289156627,4.01197703313253
16,2021-08-05 10:15:00,14.152,"norwood.mouth",0.91832884097035,4.07172708894879
16,2021-08-05 10:30:00,14.089,"norwood.mouth",0.922091062394604,4.36586930860034
16,2021-08-05 10:40:00,14.277,"norwood.mouth",0.915487035739313,4.83745269796776
16,2021-08-05 10:55:00,14.403,"norwood.mouth",0.879741379310345,4.93395905172414
16,2021-08-05 11:05:00,14.277,"norwood.mouth",0.901091703056769,4.86963755458515
16,2021-08-05 11:15:00,14.027,"norwood.mouth",0.934989200863931,5.11323794096472
16,2021-08-05 11:30:00,14.152,"norwood.mouth",0.924191229331416,5.36897411933861
16,2021-08-05 11:40:00,13.776,"norwood.mouth",0.964305084745763,5.01158169491525
16,2021-08-05 11:55:00,14.089,"norwood.mouth",0.935492227979275,5.98440932642487
16,2021-08-05 12:05:00,14.152,"norwood.mouth",0.929903647625602,6.05486166551961
16,2021-08-05 12:15:00,14.027,"norwood.mouth",0.952208201892745,5.9953880126183
16,2021-08-05 12:30:00,13.714,"norwood.mouth",1.27351333976213,4.74805392156863
16,2021-08-05 12:40:00,13.714,"norwood.mouth",0.988405797101449,6.38709903381643
16,2021-08-05 12:55:00,13.526,"norwood.mouth",1.01152073732719,6.70103917050691
16,2021-08-05 13:05:00,13.526,"norwood.mouth",0.999601857996019,6.26855573988056
16,2021-08-05 13:15:00,13.526,"norwood.mouth",0.997691082802548,6.57226857749469
16,2021-08-05 13:30:00,13.589,"norwood.mouth",0.998297491039427,6.74964755077658
16,2021-08-05 13:40:00,13.526,"norwood.mouth",1.04276729559748,6.92541299790357
16,2021-08-05 13:55:00,13.651,"norwood.mouth",0.99928722280887,7.21806758183738
16,2021-08-05 14:05:00,14.089,"norwood.mouth",0.965384615384615,7.64334615384615
16,2021-08-05 14:15:00,13.714,"norwood.mouth",0.992456783656365,7.4067078313253
16,2021-08-05 14:30:00,14.152,"norwood.mouth",0.959018332347723,7.42894263749261
16,2021-08-05 14:40:00,14.215,"norwood.mouth",0.954275402554137,7.93616768461966
16,2021-08-05 14:55:00,14.841,"norwood.mouth",0.917067669172932,8.24055839598997
16,2021-08-05 15:05:00,14.465,"norwood.mouth",0.942875851231011,7.9673734939759
16,2021-08-05 15:15:00,15.029,"norwood.mouth",0.915524625267666,8.65168094218415
16,2021-08-05 15:30:00,15.154,"norwood.mouth",0.886644951140065,8.17222231270358
16,2021-08-05 15:40:00,14.841,"norwood.mouth",0.914137931034483,8.3323275862069
16,2021-08-05 15:55:00,14.841,"norwood.mouth",0.924027844455113,8.52023283725396
16,2021-08-05 16:05:00,14.903,"norwood.mouth",0.921698645598194,8.84202285553047
16,2021-08-05 16:15:00,14.778,"norwood.mouth",0.943510054844607,8.80481581352834
16,2021-08-05 16:30:00,14.34,"norwood.mouth",0.972197106690778,8.71089579566004
16,2021-08-05 16:40:00,14.403,"norwood.mouth",0.958993399339934,8.45721218371837
16,2021-08-05 16:55:00,14.841,"norwood.mouth",0.928553234844626,8.64956597045339
16,2021-08-05 17:05:00,14.59,"norwood.mouth",0.955313588850174,8.99280182926829
16,2021-08-05 17:15:00,14.403,"norwood.mouth",0.953630175836642,9.14428559273965
16,2021-08-05 17:30:00,14.152,"norwood.mouth",0.988809946714032,9.22441563055062
16,2021-08-05 17:40:00,14.277,"norwood.mouth",0.975579637096774,9.15330821572581
16,2021-08-05 17:55:00,14.34,"norwood.mouth",0.960876993166287,9.08067539863326
16,2021-08-05 18:05:00,14.152,"norwood.mouth",0.981003752345216,8.98783560037523
16,2021-08-05 18:15:00,13.964,"norwood.mouth",0.996109123434705,9.41536873881932
16,2021-08-05 18:30:00,14.152,"norwood.mouth",0.969823529411765,9.33513588235294
16,2021-08-05 18:40:00,13.776,"norwood.mouth",1.05012224938875,8.85270476772616
16,2021-08-05 18:55:00,14.215,"norwood.mouth",0.969859484777517,9.12714683840749
16,2021-08-05 19:05:00,14.089,"norwood.mouth",0.976078799249531,9.0376416510319
16,2021-08-05 19:15:00,13.964,"norwood.mouth",0.990984743411928,9.47811638927416
16,2021-08-05 19:30:00,14.465,"norwood.mouth",0.947406483790524,9.40633865336658
16,2021-08-05 19:40:00,13.776,"norwood.mouth",0.995079365079365,9.23318835978836
16,2021-08-05 19:55:00,14.277,"norwood.mouth",0.93894070619587,8.95640806129247
16,2021-08-05 20:05:00,13.651,"norwood.mouth",0.997347266881029,8.70735852090032
16,2021-08-05 20:15:00,13.839,"norwood.mouth",0.986369926199262,8.70821344557196
16,2021-08-05 20:30:00,13.839,"norwood.mouth",0.979903978052126,8.56030338363055
16,2021-08-05 20:40:00,15.154,"norwood.mouth",0.891063829787234,8.64358758865248
16,2021-08-05 20:55:00,13.902,"norwood.mouth",0.983995459704881,8.34178291713961
16,2021-08-05 21:05:00,14.653,"norwood.mouth",0.945608531994981,8.77890715181932
16,2021-08-05 21:15:00,13.902,"norwood.mouth",0.986317321688501,8.30434036875303
16,2021-08-05 21:30:00,13.651,"norwood.mouth",1.02249134948097,7.9606669550173
16,2021-08-05 21:40:00,13.964,"norwood.mouth",0.977816377171216,7.615582382134
16,2021-08-05 21:55:00,13.463,"norwood.mouth",1.12040332147094,6.94004982206406
16,2021-08-05 22:05:00,13.401,"norwood.mouth",1.13898500576701,6.78992416378316
16,2021-08-05 22:15:00,13.401,"norwood.mouth",1.16666666666667,6.58580555555556
16,2021-08-05 22:30:00,13.589,"norwood.mouth",1.07548125633232,6.36138947990544
16,2021-08-05 22:40:00,13.839,"norwood.mouth",0.993671232876712,5.87231835616438
16,2021-08-05 22:55:00,13.526,"norwood.mouth",1.13111726685134,5.70168721144968
16,2021-08-05 23:05:00,13.526,"norwood.mouth",1.13911472448058,5.4073613369467
16,2021-08-05 23:15:00,13.526,"norwood.mouth",1.09761163032191,5.05914641744548
16,2021-08-05 23:30:00,13.526,"norwood.mouth",1.13408876298395,4.7998273528486
16,2021-08-05 23:40:00,13.401,"norwood.mouth",1.16280193236715,4.72259138486312
16,2021-08-05 23:55:00,13.401,"norwood.mouth",1.15479723046489,4.37038979558193
16,2021-08-06 00:05:00,13.463,"norwood.mouth",1.13600395647873,4.37424554896142
16,2021-08-06 00:15:00,13.463,"norwood.mouth",1.121138996139,4.41858011583011
16,2021-08-06 00:30:00,13.338,"norwood.mouth",1.17030114226376,3.86237556247837
16,2021-08-06 00:40:00,13.338,"norwood.mouth",1.15300546448087,3.62604644808743
16,2021-08-06 00:55:00,13.776,"norwood.mouth",0.977362637362637,3.59570512820513
16,2021-08-06 01:05:00,13.651,"norwood.mouth",0.988586956521739,3.37731793478261
16,2021-08-06 01:15:00,13.651,"norwood.mouth",0.991370738636364,3.29413352272727
16,2021-08-06 01:30:00,13.839,"norwood.mouth",0.964882506527415,3.26752306353351
16,2021-08-06 01:40:00,13.776,"norwood.mouth",0.973151750972763,3.16110116731517
16,2021-08-06 01:55:00,13.714,"norwood.mouth",0.993867120954003,3.01700255536627
16,2021-08-06 02:05:00,13.651,"norwood.mouth",0.979009433962264,2.87801454402516
16,2021-08-06 02:15:00,13.964,"norwood.mouth",0.949696509863429,2.8968808801214
16,2021-08-06 02:30:00,13.839,"norwood.mouth",0.971504237288136,2.89336758474576
16,2021-08-06 02:40:00,13.589,"norwood.mouth",0.991547518923465,2.68008368376787
16,2021-08-06 02:55:00,13.714,"norwood.mouth",0.977520071364853,2.71090254237288
16,2021-08-06 03:05:00,13.651,"norwood.mouth",0.979009433962264,3.0427802672956
16,2021-08-06 03:15:00,13.776,"norwood.mouth",0.943998234774934,2.57316637246249
16,2021-08-06 03:30:00,14.027,"norwood.mouth",0.933968012185834,2.65238461538462
16,2021-08-06 03:40:00,13.714,"norwood.mouth",0.95068306010929,2.40366416211293
16,2021-08-06 03:55:00,13.902,"norwood.mouth",0.922217194570136,2.44458371040724
16,2021-08-06 04:05:00,13.902,"norwood.mouth",0.959676113360324,2.77119736842105
16,2021-08-06 04:15:00,13.902,"norwood.mouth",0.936475814412636,2.36327443237907
16,2021-08-06 04:30:00,13.902,"norwood.mouth",0.926286449399657,2.16880145797599
16,2021-08-06 04:40:00,13.902,"norwood.mouth",0.923067010309278,2.15629445876289
16,2021-08-06 04:55:00,13.776,"norwood.mouth",0.940177815410669,2.15693310753599
16,2021-08-06 05:05:00,13.714,"norwood.mouth",0.94867298578199,2.1237336492891
16,2021-08-06 05:15:00,13.839,"norwood.mouth",0.930649350649351,2.12705584415584
16,2021-08-06 05:30:00,13.839,"norwood.mouth",0.932056892778993,1.99751094091904
16,2021-08-06 05:40:00,13.964,"norwood.mouth",0.904697674418605,1.94088372093023
16,2021-08-06 05:55:00,13.839,"norwood.mouth",0.940196078431373,2.03271241830065
16,2021-08-06 06:05:00,13.964,"norwood.mouth",0.877895322939866,1.76836748329621
16,2021-08-06 06:15:00,13.902,"norwood.mouth",0.895633802816902,1.71172394366197
16,2021-08-06 06:30:00,14.089,"norwood.mouth",0.845982142857143,1.802765625
16,2021-08-06 06:40:00,13.964,"norwood.mouth",0.868996415770609,1.6580752688172
16,2021-08-06 06:55:00,13.902,"norwood.mouth",0.908968058968059,1.64042014742015
16,2021-08-06 07:05:00,13.902,"norwood.mouth",0.893940839694657,1.78073735687023
16,2021-08-06 07:15:00,13.776,"norwood.mouth",0.912679671457906,1.62983136550308
16,2021-08-06 07:30:00,13.902,"norwood.mouth",0.885705521472393,1.7130018404908
16,2021-08-06 07:40:00,14.089,"norwood.mouth",0.871766029246344,1.83568700787402
16,2021-08-06 07:55:00,13.902,"norwood.mouth",0.890296367112811,1.71309273422562
16,2021-08-06 08:05:00,13.839,"norwood.mouth",0.889274447949527,1.76416482649842
16,2021-08-06 08:15:00,13.902,"norwood.mouth",0.891614123581337,1.98402522068096
16,2021-08-06 08:30:00,13.902,"norwood.mouth",0.892234468937876,1.97730085170341
16,2021-08-06 08:40:00,13.964,"norwood.mouth",0.84841303427846,2.23356834532374
16,2021-08-06 08:55:00,13.839,"norwood.mouth",0.881852654387866,2.34133044420368
16,2021-08-06 09:05:00,13.964,"norwood.mouth",0.875814863102999,2.52652803129074
16,2021-08-06 09:15:00,13.902,"norwood.mouth",0.888403614457831,2.53871912650602
16,2021-08-06 09:30:00,13.902,"norwood.mouth",0.898284023668639,3.01045917159763
16,2021-08-06 09:40:00,13.902,"norwood.mouth",0.875131717597471,2.9524636459431
16,2021-08-06 09:55:00,13.902,"norwood.mouth",0.902329545454546,3.402840625
16,2021-08-06 10:05:00,13.776,"norwood.mouth",0.901630434782609,3.38488677536232
16,2021-08-06 10:15:00,13.714,"norwood.mouth",0.936740654205607,3.58393896028037
16,2021-08-06 10:30:00,13.651,"norwood.mouth",0.925089605734767,3.69693966547192
16,2021-08-06 10:40:00,13.526,"norwood.mouth",0.94640243902439,3.60240426829268
16,2021-08-06 10:55:00,13.902,"norwood.mouth",0.91265243902439,4.20515015243902
16,2021-08-06 11:05:00,13.526,"norwood.mouth",0.967658536585366,4.08674731707317
16,2021-08-06 11:15:00,13.714,"norwood.mouth",0.953033586132178,4.36999837486457
16,2021-08-06 11:30:00,13.651,"norwood.mouth",0.963093788063337,4.56229263093788
16,2021-08-06 11:40:00,13.902,"norwood.mouth",0.923392857142857,4.82056517857143
16,2021-08-06 11:55:00,13.651,"norwood.mouth",0.984888059701493,4.62310447761194
16,2021-08-06 12:05:00,13.964,"norwood.mouth",0.932708933717579,5.10887079731028
16,2021-08-06 12:15:00,13.401,"norwood.mouth",1.11542553191489,4.84119946808511
16,2021-08-06 12:30:00,13.589,"norwood.mouth",1.10676328502415,5.2147652979066
16,2021-08-06 12:40:00,13.463,"norwood.mouth",1.12393162393162,4.96219586894587
16,2021-08-06 12:55:00,13.526,"norwood.mouth",1.1686460807601,5.16332383214568
16,2021-08-06 13:05:00,13.589,"norwood.mouth",1.14548693586698,5.53364766429137
16,2021-08-06 13:15:00,13.526,"norwood.mouth",1.16343490304709,5.60626431209603
16,2021-08-06 13:30:00,13.463,"norwood.mouth",1.23137535816619,5.28718911174785
16,2021-08-06 13:40:00,13.526,"norwood.mouth",1.23892617449664,4.07949496644295
16,2021-08-06 13:55:00,13.463,"norwood.mouth",1.31342281879195,5.44562863534675
16,2021-08-06 14:05:00,13.526,"norwood.mouth",1.29680998613038,5.83671914008322
16,2021-08-06 14:15:00,13.776,"norwood.mouth",1.14490674318508,6.30790291726447
16,2021-08-06 14:30:00,13.839,"norwood.mouth",1.13414634146341,6.59328658536585
16,2021-08-06 14:40:00,13.714,"norwood.mouth",1.27546628407461,6.63995337159254
16,2021-08-06 14:55:00,14.215,"norwood.mouth",0.925355450236967,8.00922274881517
16,2021-08-06 15:05:00,14.027,"norwood.mouth",1.06814921090387,7.36652725968436
16,2021-08-06 15:15:00,14.027,"norwood.mouth",1.08536585365854,7.60718902439024
16,2021-08-06 15:30:00,13.902,"norwood.mouth",1.21914008321775,7.65285887656033
16,2021-08-06 15:40:00,14.027,"norwood.mouth",1.18806306306306,8.10237274774774
16,2021-08-06 15:55:00,14.027,"norwood.mouth",0.995063801208865,8.60024177300201
16,2021-08-06 16:05:00,14.089,"norwood.mouth",0.994543879907621,8.81477684757506
16,2021-08-06 16:15:00,14.34,"norwood.mouth",0.977016129032258,9.18008870967742
16,2021-08-06 16:30:00,14.528,"norwood.mouth",0.995271629778672,8.99063044936284
16,2021-08-06 16:40:00,14.403,"norwood.mouth",1.04722222222222,8.9944212962963
16,2021-08-06 16:55:00,14.403,"norwood.mouth",1.04829545454545,9.21817140151515
16,2021-08-06 17:05:00,15.029,"norwood.mouth",0.964723320158103,9.33600049407115
16,2021-08-06 17:15:00,14.403,"norwood.mouth",1.08055555555556,8.9449212962963
16,2021-08-06 17:30:00,14.277,"norwood.mouth",1.11597151576806,8.89342344862665
16,2021-08-06 17:40:00,14.34,"norwood.mouth",1.07540106951872,9.11480882352941
16,2021-08-06 17:55:00,14.528,"norwood.mouth",0.99409972299169,9.41624792243767
16,2021-08-06 18:05:00,14.403,"norwood.mouth",1.06569343065693,9.58603832116788
16,2021-08-06 18:15:00,14.653,"norwood.mouth",0.990856672158155,9.8145057660626
16,2021-08-06 18:30:00,14.716,"norwood.mouth",0.983450704225352,9.35145305164319
16,2021-08-06 18:40:00,14.403,"norwood.mouth",1.01787842669845,9.32795589988081
16,2021-08-06 18:55:00,14.277,"norwood.mouth",1.1251372118551,9.45566986827662
16,2021-08-06 19:05:00,14.34,"norwood.mouth",1.07948139797069,9.65434780157835
16,2021-08-06 19:15:00,14.277,"norwood.mouth",1.11499436302142,9.36918883878241
16,2021-08-06 19:30:00,14.465,"norwood.mouth",0.992620624408704,9.44878122043519
16,2021-08-06 19:40:00,14.465,"norwood.mouth",0.995024875621891,9.28131177446103
16,2021-08-06 19:55:00,14.465,"norwood.mouth",0.993341869398207,9.27026259069569
16,2021-08-06 20:05:00,14.34,"norwood.mouth",1.06256684491979,9.14901203208556
16,2021-08-06 20:15:00,14.34,"norwood.mouth",1.03889515219842,9.0822869222097
16,2021-08-06 20:30:00,14.34,"norwood.mouth",1.04967948717949,8.78511591880342
16,2021-08-06 20:40:00,14.34,"norwood.mouth",1.03685897435897,8.51886378205128
16,2021-08-06 20:55:00,14.215,"norwood.mouth",1.09857723577236,8.02939498644986
16,2021-08-06 21:05:00,15.154,"norwood.mouth",0.94066401816118,7.45578632236095
16,2021-08-06 21:15:00,14.152,"norwood.mouth",1.07557502738226,7.3134526286966
16,2021-08-06 21:30:00,14.215,"norwood.mouth",1.05282817502668,6.76098986125934
16,2021-08-06 21:40:00,14.403,"norwood.mouth",0.990762942779291,6.51342534059946
16,2021-08-06 21:55:00,14.716,"norwood.mouth",0.964511041009464,6.11935804416404
16,2021-08-06 22:05:00,15.342,"norwood.mouth",0.89976717112922,5.97382101280559
16,2021-08-06 22:15:00,14.653,"norwood.mouth",0.967453676031082,5.59348117154812
16,2021-08-06 22:30:00,14.403,"norwood.mouth",0.982446808510638,5.18835904255319
16,2021-08-06 22:40:00,14.465,"norwood.mouth",0.974536082474227,4.94530309278351
16,2021-08-06 22:55:00,14.34,"norwood.mouth",0.999734513274336,5.10278584070796
16,2021-08-06 23:05:00,14.34,"norwood.mouth",1.02764423076923,4.96799599358974
16,2021-08-06 23:15:00,14.903,"norwood.mouth",0.961454346637507,4.80222389283762
16,2021-08-06 23:30:00,14.403,"norwood.mouth",0.998456260720412,4.16545197255575
16,2021-08-06 23:40:00,14.403,"norwood.mouth",1.01972242512783,4.2920580715851
16,2021-08-06 23:55:00,14.653,"norwood.mouth",0.976062786134729,4.12805984303466
16,2021-08-07 00:05:00,14.277,"norwood.mouth",1.09914077990747,3.94532551222736
16,2021-08-07 00:15:00,14.403,"norwood.mouth",1.02706453851492,3.79691238723109
16,2021-08-07 00:30:00,14.089,"norwood.mouth",1.13969106783076,3.43890664875756
16,2021-08-07 00:40:00,14.465,"norwood.mouth",1.02862719583604,3.82750065061809
16,2021-08-07 00:55:00,14.59,"norwood.mouth",0.985727272727273,3.36366575757576
16,2021-08-07 01:05:00,14.59,"norwood.mouth",0.978558052434457,3.14552169163546
16,2021-08-07 01:15:00,14.716,"norwood.mouth",0.974740622505986,3.15657701516361
16,2021-08-07 01:30:00,14.59,"norwood.mouth",0.968619246861925,3.05467887029289
16,2021-08-07 01:40:00,14.653,"norwood.mouth",0.950891583452211,2.74814800285307
16,2021-08-07 01:55:00,15.216,"norwood.mouth",0.893715632364493,2.70425903377848
16,2021-08-07 02:05:00,14.966,"norwood.mouth",0.934027325959662,2.95287036434613
16,2021-08-07 02:15:00,14.903,"norwood.mouth",0.931380597014925,2.60345951492537
16,2021-08-07 02:30:00,15.091,"norwood.mouth",0.907302295918367,2.53867075892857
16,2021-08-07 02:40:00,14.966,"norwood.mouth",0.900404858299595,2.19321659919028
16,2021-08-07 02:55:00,15.467,"norwood.mouth",0.833508700930797,2.36339656684203
16,2021-08-07 03:05:00,15.216,"norwood.mouth",0.858773584905661,2.22612877358491
16,2021-08-07 03:15:00,15.216,"norwood.mouth",0.839091273018415,2.29919662396584
16,2021-08-07 03:30:00,15.467,"norwood.mouth",0.817301905717151,2.47540287529254
16,2021-08-07 03:40:00,15.529,"norwood.mouth",0.815095103197086,2.65652620396601
16,2021-08-07 03:55:00,15.467,"norwood.mouth",0.807163207163207,2.46152448785782
16,2021-08-07 04:05:00,15.404,"norwood.mouth",0.817665777047834,2.40307370149867
16,2021-08-07 04:15:00,15.404,"norwood.mouth",0.809355361848774,2.34336934928036
16,2021-08-07 04:30:00,15.216,"norwood.mouth",0.814490603363007,2.14807995384108
16,2021-08-07 04:40:00,15.279,"norwood.mouth",0.805407784079797,2.50346469782906
16,2021-08-07 04:55:00,15.279,"norwood.mouth",0.813763763763764,2.34464864864865
16,2021-08-07 05:05:00,15.154,"norwood.mouth",0.838100123102175,2.38663958418821
16,2021-08-07 05:15:00,15.78,"norwood.mouth",0.773505154639175,2.74218281786941
16,2021-08-07 05:30:00,15.717,"norwood.mouth",0.767052081238689,2.71784003619546
16,2021-08-07 05:40:00,15.592,"norwood.mouth",0.780758313057583,2.51540598810489
16,2021-08-07 05:55:00,15.655,"norwood.mouth",0.7702314527795,2.57999786457257
16,2021-08-07 06:05:00,15.529,"norwood.mouth",0.77979381443299,2.51469639175258
16,2021-08-07 06:15:00,14.716,"norwood.mouth",0.839444121634708,1.66945396733165
16,2021-08-07 06:30:00,15.592,"norwood.mouth",0.740007598784194,2.59616299392097
16,2021-08-07 06:40:00,15.467,"norwood.mouth",0.766499799759711,2.40323348017621
16,2021-08-07 06:55:00,15.655,"norwood.mouth",0.754190992493745,2.5348556088407
16,2021-08-07 07:05:00,15.78,"norwood.mouth",0.742102564102564,2.76028239316239
16,2021-08-07 07:15:00,15.717,"norwood.mouth",0.725418224758906,2.67038870301122
16,2021-08-07 07:30:00,15.842,"norwood.mouth",0.716268475399878,2.84679466153742
16,2021-08-07 07:40:00,15.655,"norwood.mouth",0.723205741626794,2.72725438596491
16,2021-08-07 07:55:00,15.655,"norwood.mouth",0.727255601824311,2.72294236235045
16,2021-08-07 08:05:00,15.717,"norwood.mouth",0.726374745417515,2.87303462321792
16,2021-08-07 08:15:00,15.717,"norwood.mouth",0.731270903010033,2.51713489409142
16,2021-08-07 08:30:00,15.592,"norwood.mouth",0.728564307078764,2.76074177467597
16,2021-08-07 08:40:00,15.529,"norwood.mouth",0.723813674220415,2.92856327070824
16,2021-08-07 08:55:00,15.404,"norwood.mouth",0.7330495204541,2.78490170940171
16,2021-08-07 09:05:00,15.029,"norwood.mouth",0.772248335291813,2.74208271314793
16,2021-08-07 09:15:00,15.279,"norwood.mouth",0.74871944121071,2.88407217694994
16,2021-08-07 09:30:00,15.091,"norwood.mouth",0.775896728419393,2.80568243332019
16,2021-08-07 09:40:00,15.342,"norwood.mouth",0.755174071936911,3.44027062896711
16,2021-08-07 09:55:00,14.841,"norwood.mouth",0.790943430993182,3.33951197715128
16,2021-08-07 10:05:00,14.716,"norwood.mouth",0.817881292261458,3.12388936889557
16,2021-08-07 10:15:00,14.465,"norwood.mouth",0.828766617429837,2.94268697685869
16,2021-08-07 10:30:00,14.277,"norwood.mouth",0.91,3.4302
16,2021-08-07 10:40:00,14.277,"norwood.mouth",0.878268710550045,3.1752973399459
16,2021-08-07 10:55:00,14.841,"norwood.mouth",0.844803921568627,3.96632516339869
16,2021-08-07 11:05:00,15.216,"norwood.mouth",0.813615250628992,4.52259473582349
16,2021-08-07 11:15:00,14.528,"norwood.mouth",0.877080237741456,3.97364821693908
16,2021-08-07 11:30:00,14.528,"norwood.mouth",0.910088365243004,4.22639469808542
16,2021-08-07 11:40:00,14.34,"norwood.mouth",0.939141414141414,4.66627777777778
16,2021-08-07 11:55:00,14.089,"norwood.mouth",0.99198402948403,4.89802733415233
16,2021-08-07 12:05:00,13.902,"norwood.mouth",1.090571640683,3.9192779633754
16,2021-08-07 12:15:00,13.964,"norwood.mouth",0.995819672131147,4.47227868852459
16,2021-08-07 12:30:00,13.902,"norwood.mouth",1.1168,4.226682
16,2021-08-07 12:40:00,13.776,"norwood.mouth",1.2034795763994,4.11220839636914
16,2021-08-07 12:55:00,14.027,"norwood.mouth",1.1311861743912,4.23541038229903
16,2021-08-07 13:05:00,13.776,"norwood.mouth",1.24402467232074,4.20095508866615
16,2021-08-07 13:15:00,13.839,"norwood.mouth",1.25669642857143,4.14907440476191
16,2021-08-07 13:30:00,14.089,"norwood.mouth",1.19393939393939,4.65440404040404
16,2021-08-07 13:40:00,14.027,"norwood.mouth",1.23611111111111,4.79054166666667
16,2021-08-07 13:55:00,14.403,"norwood.mouth",0.984983766233766,6.39496279761905
16,2021-08-07 14:05:00,14.528,"norwood.mouth",1.05594135802469,6.10594315843621
16,2021-08-07 14:15:00,14.34,"norwood.mouth",1.03954081632653,6.14935671768708
16,2021-08-07 14:30:00,14.089,"norwood.mouth",1.04111675126904,6.91049111675127
16,2021-08-07 14:40:00,14.152,"norwood.mouth",0.999495232753786,6.65914007291082
16,2021-08-07 14:55:00,14.716,"norwood.mouth",0.990490628445425,6.98835859977949
16,2021-08-07 15:05:00,14.215,"norwood.mouth",1.05776515151515,6.99228125
16,2021-08-07 15:15:00,14.027,"norwood.mouth",1.12729912875121,6.96067086156825
16,2021-08-07 15:30:00,14.215,"norwood.mouth",1.18709150326797,6.63166993464052
16,2021-08-07 15:40:00,14.465,"norwood.mouth",1.0448717948718,7.62494017094017
16,2021-08-07 15:55:00,14.465,"norwood.mouth",1.01666666666667,7.95794444444444
16,2021-08-07 16:05:00,14.465,"norwood.mouth",1.03525641025641,8.36232371794872
16,2021-08-07 16:15:00,14.403,"norwood.mouth",1.02445652173913,8.06397010869565
16,2021-08-07 16:30:00,14.528,"norwood.mouth",1.04210069444444,8.07758637152778
16,2021-08-07 16:40:00,14.59,"norwood.mouth",0.986513545347468,8.64859736945426
16,2021-08-07 16:55:00,14.778,"norwood.mouth",1.01440485216073,8.76946367197372
16,2021-08-07 17:05:00,14.465,"norwood.mouth",1.15531619179986,8.07576302988186
16,2021-08-07 17:15:00,14.528,"norwood.mouth",1.07732371794872,7.97162727029914
16,2021-08-07 17:30:00,14.465,"norwood.mouth",1.05072463768116,8.54586594202899
16,2021-08-07 17:40:00,14.716,"norwood.mouth",0.98692513368984,8.81083475935829
16,2021-08-07 17:55:00,14.716,"norwood.mouth",0.996888567293777,9.19515147129764
16,2021-08-07 18:05:00,15.029,"norwood.mouth",0.952485549132948,9.03840693641619
16,2021-08-07 18:15:00,14.966,"norwood.mouth",0.958731241473397,9.30817371532515
16,2021-08-07 18:30:00,14.903,"norwood.mouth",0.969065379552435,9.10929014918824
16,2021-08-07 18:40:00,14.966,"norwood.mouth",0.96749680715198,9.06903788846318
16,2021-08-07 18:55:00,14.465,"norwood.mouth",1.00793650793651,9.05640608465608
16,2021-08-07 19:05:00,14.59,"norwood.mouth",0.990105685131195,8.82089413265306
16,2021-08-07 19:15:00,14.841,"norwood.mouth",0.994319526627219,8.79801183431953
16,2021-08-07 19:30:00,14.716,"norwood.mouth",1.05229681978799,8.69895612485277
16,2021-08-07 19:40:00,14.653,"norwood.mouth",0.991425260718424,8.63731546929316
16,2021-08-07 19:55:00,14.903,"norwood.mouth",0.993871917556128,8.43500754508649
16,2021-08-07 20:05:00,15.279,"norwood.mouth",0.971505576208178,8.58677007434944
16,2021-08-07 20:15:00,14.903,"norwood.mouth",0.989298314386515,8.52808810270482
16,2021-08-07 20:30:00,15.216,"norwood.mouth",0.974093686354379,8.12545020366599
16,2021-08-07 20:40:00,15.091,"norwood.mouth",0.997457627118644,7.71704237288136
16,2021-08-07 20:55:00,15.154,"norwood.mouth",1.0412267471091,7.38327166080107
16,2021-08-07 21:05:00,15.029,"norwood.mouth",0.996800947867299,7.13594016587678
16,2021-08-07 21:15:00,15.404,"norwood.mouth",0.958096223486808,6.84691257113295
16,2021-08-07 21:30:00,14.653,"norwood.mouth",1.13007683863886,6.1778924259056
16,2021-08-07 21:40:00,14.152,"norwood.mouth",1.26485714285714,5.62888
16,2021-08-07 21:55:00,14.653,"norwood.mouth",1.15699745547074,5.82450784563189
16,2021-08-07 22:05:00,14.215,"norwood.mouth",1.24702058504875,5.36457340195016
16,2021-08-07 22:15:00,14.34,"norwood.mouth",1.21597145993414,5.27346322722283
16,2021-08-07 22:30:00,14.59,"norwood.mouth",1.15,5.0705
16,2021-08-07 22:40:00,14.34,"norwood.mouth",1.23981900452489,4.7321858974359
16,2021-08-07 22:55:00,14.465,"norwood.mouth",1.1951596292482,4.75873094747683
16,2021-08-07 23:05:00,14.716,"norwood.mouth",1.17606571936057,4.55086271462404
16,2021-08-07 23:15:00,14.716,"norwood.mouth",1.03916614024005,4.24883264897873
16,2021-08-07 23:30:00,15.029,"norwood.mouth",0.993279220779221,4.0626025974026
16,2021-08-07 23:40:00,14.653,"norwood.mouth",1.05818294959552,3.53172360506119
16,2021-08-07 23:55:00,14.653,"norwood.mouth",0.991568047337278,3.03492159763314
16,2021-08-08 00:05:00,14.59,"norwood.mouth",0.983361134278566,2.74689115929942
16,2021-08-08 00:15:00,14.841,"norwood.mouth",0.939130434782609,2.58458333333333
16,2021-08-08 00:30:00,14.966,"norwood.mouth",0.905586592178771,2.31103538175047
16,2021-08-08 00:40:00,15.467,"norwood.mouth",0.843669707689443,2.29945658784832
16,2021-08-08 00:55:00,15.467,"norwood.mouth",0.855286885245901,2.16908790983607
16,2021-08-08 01:05:00,15.279,"norwood.mouth",0.874575645756458,2.00913579335793
16,2021-08-08 01:15:00,15.842,"norwood.mouth",0.863620386643234,2.72491344463972
16,2021-08-08 01:30:00,15.717,"norwood.mouth",0.83398750244093,2.52923335286077
16,2021-08-08 01:40:00,15.404,"norwood.mouth",0.875143266475645,2.46173638968481
16,2021-08-08 01:55:00,15.529,"norwood.mouth",0.895438898450947,2.90422719449225
16,2021-08-08 02:05:00,15.842,"norwood.mouth",0.867414469994391,3.16986469433539
16,2021-08-08 02:15:00,15.467,"norwood.mouth",0.88882241813602,3.06815680100756
16,2021-08-08 02:30:00,15.216,"norwood.mouth",0.927693909422176,2.9299635606455
16,2021-08-08 02:40:00,15.529,"norwood.mouth",0.905405405405405,2.69727477477477
16,2021-08-08 02:55:00,15.655,"norwood.mouth",0.909199237368923,3.32666730219256
16,2021-08-08 03:05:00,16.03,"norwood.mouth",0.834567901234568,3.36598868312757
16,2021-08-08 03:15:00,16.343,"norwood.mouth",0.851631279129984,3.48008065769032
16,2021-08-08 03:30:00,15.717,"norwood.mouth",0.880016816143498,3.06093609865471
16,2021-08-08 03:40:00,15.717,"norwood.mouth",0.840324733096085,2.77203125
16,2021-08-08 03:55:00,15.78,"norwood.mouth",0.831100045269353,2.87630915195413
16,2021-08-08 04:05:00,15.78,"norwood.mouth",0.832958418541241,3.12299636446262
16,2021-08-08 04:15:00,15.529,"norwood.mouth",0.874170616113744,3.26769668246446
16,2021-08-08 04:30:00,15.655,"norwood.mouth",0.861928429423459,2.92197017892644
16,2021-08-08 04:40:00,15.842,"norwood.mouth",0.814662328920799,3.20402389499664
16,2021-08-08 04:55:00,15.905,"norwood.mouth",0.834288131496253,3.16594706308919
16,2021-08-08 05:05:00,15.655,"norwood.mouth",0.840049168812924,2.80254339342855
16,2021-08-08 05:15:00,15.905,"norwood.mouth",0.808448434622468,3.00692491559239
16,2021-08-08 05:30:00,15.529,"norwood.mouth",0.857978723404255,2.65347340425532
16,2021-08-08 05:40:00,15.78,"norwood.mouth",0.803787352328006,2.879606323836
16,2021-08-08 05:55:00,15.655,"norwood.mouth",0.821621942531465,3.02620042745191
16,2021-08-08 06:05:00,15.404,"norwood.mouth",0.829886363636364,2.59319886363636
16,2021-08-08 06:15:00,14.716,"norwood.mouth",0.902971137521222,2.17544312393888
16,2021-08-08 06:30:00,14.966,"norwood.mouth",0.861866666666667,2.30405266666667
16,2021-08-08 06:40:00,15.154,"norwood.mouth",0.826180117467914,2.2563455514466
16,2021-08-08 06:55:00,15.216,"norwood.mouth",0.805301898869213,2.42888549889766
16,2021-08-08 07:05:00,15.404,"norwood.mouth",0.783734939759036,2.63840963855422
16,2021-08-08 07:15:00,15.279,"norwood.mouth",0.798823148348089,2.64811185489095
16,2021-08-08 07:30:00,15.091,"norwood.mouth",0.812747631352282,2.49765568475452
16,2021-08-08 07:40:00,15.154,"norwood.mouth",0.810717429577465,2.56896280809859
16,2021-08-08 07:55:00,15.404,"norwood.mouth",0.767320330718677,3.08063345346619
16,2021-08-08 08:05:00,15.091,"norwood.mouth",0.801393389500972,2.67571095268957
16,2021-08-08 08:15:00,15.342,"norwood.mouth",0.764613423959218,2.94409728122345
16,2021-08-08 08:30:00,15.029,"norwood.mouth",0.793707191780822,2.79234246575342
16,2021-08-08 08:40:00,14.966,"norwood.mouth",0.793610589952053,2.83051014522966
16,2021-08-08 08:55:00,15.091,"norwood.mouth",0.790060698027314,2.99393424380374
16,2021-08-08 09:05:00,14.716,"norwood.mouth",0.819368421052632,2.84306157894737
16,2021-08-08 09:15:00,14.653,"norwood.mouth",0.817535153019024,2.850394127378
16,2021-08-08 09:30:00,15.091,"norwood.mouth",0.781530008453085,3.44640490278952
16,2021-08-08 09:40:00,14.716,"norwood.mouth",0.817927964386888,3.69090965196277
16,2021-08-08 09:55:00,14.59,"norwood.mouth",0.824180734856008,3.71943561734525
16,2021-08-08 10:05:00,14.215,"norwood.mouth",0.860735586481113,3.35416699801193
16,2021-08-08 10:15:00,14.027,"norwood.mouth",0.910767872903795,3.40489960282436
16,2021-08-08 10:30:00,14.215,"norwood.mouth",0.882082551594747,3.87960318949343
16,2021-08-08 10:40:00,14.152,"norwood.mouth",0.879474169741698,3.82922232472325
16,2021-08-08 10:55:00,14.027,"norwood.mouth",0.924274193548387,4.16355766129032
16,2021-08-08 11:05:00,13.839,"norwood.mouth",0.948170731707317,4.25098983739837
16,2021-08-08 11:15:00,14.089,"norwood.mouth",0.915467075038285,4.37082427258806
16,2021-08-08 11:30:00,14.089,"norwood.mouth",0.923725055432372,4.39246359940872
16,2021-08-08 11:40:00,14.027,"norwood.mouth",0.966545334215751,4.94210191925877
16,2021-08-08 11:55:00,14.089,"norwood.mouth",0.94881679389313,4.97592690839695
16,2021-08-08 12:05:00,13.589,"norwood.mouth",1.05,4.69833333333333
16,2021-08-08 12:15:00,13.902,"norwood.mouth",0.972831926323868,4.96066462010744
16,2021-08-08 12:30:00,13.714,"norwood.mouth",1.04275534441805,5.2211947743468
16,2021-08-08 12:40:00,13.714,"norwood.mouth",1.10234541577825,5.35143603411514
16,2021-08-08 12:55:00,13.651,"norwood.mouth",1.23393194706994,4.88880907372401
16,2021-08-08 13:05:00,14.027,"norwood.mouth",1.04822335025381,5.83767005076142
16,2021-08-08 13:15:00,13.964,"norwood.mouth",1.06024096385542,5.6246967871486
16,2021-08-08 13:30:00,13.776,"norwood.mouth",1.18110236220472,5.99891732283464
16,2021-08-08 13:40:00,13.776,"norwood.mouth",1.26040658276864,5.80475242013553
16,2021-08-08 13:55:00,14.027,"norwood.mouth",1.11774370208105,6.76059848484848
16,2021-08-08 14:05:00,13.776,"norwood.mouth",1.2921875,5.84761979166667
16,2021-08-08 14:15:00,13.839,"norwood.mouth",1.26602564102564,6.11355448717949
16,2021-08-08 14:30:00,14.027,"norwood.mouth",1.24913194444444,6.74721122685185
16,2021-08-08 14:40:00,14.152,"norwood.mouth",1.23114463176575,6.87776035196687
16,2021-08-08 14:55:00,14.089,"norwood.mouth",1.27914893617021,6.9373695035461
16,2021-08-08 15:05:00,14.528,"norwood.mouth",1.08748866727108,7.54453037171351
16,2021-08-08 15:15:00,14.966,"norwood.mouth",0.970296167247387,8.25742857142857
16,2021-08-08 15:30:00,15.467,"norwood.mouth",0.946103151862464,8.85483810888252
16,2021-08-08 15:40:00,15.342,"norwood.mouth",0.959741718135879,9.02177667040988
16,2021-08-08 15:55:00,15.467,"norwood.mouth",0.963,9.32576333333333
16,2021-08-08 16:05:00,15.655,"norwood.mouth",0.952085124677558,9.46661360705073
16,2021-08-08 16:15:00,14.903,"norwood.mouth",1.03449744463373,8.80954855195911
16,2021-08-08 16:30:00,14.903,"norwood.mouth",0.998917748917749,9.06040548340548
16,2021-08-08 16:40:00,14.716,"norwood.mouth",1.10965630114566,8.94448908892526
16,2021-08-08 16:55:00,14.716,"norwood.mouth",1.14429530201342,9.39923769574944
16,2021-08-08 17:05:00,14.59,"norwood.mouth",1.1967032967033,9.2360173992674
16,2021-08-08 17:15:00,14.528,"norwood.mouth",1.19031719532554,9.01821243739566
16,2021-08-08 17:30:00,14.528,"norwood.mouth",1.22128514056225,9.02295147255689
16,2021-08-08 17:40:00,14.966,"norwood.mouth",1.00782608695652,9.70102826086956
16,2021-08-08 17:55:00,14.653,"norwood.mouth",1.15789473684211,9.81996052631579
16,2021-08-08 18:05:00,14.59,"norwood.mouth",1.17130434782609,9.80445217391304
16,2021-08-08 18:15:00,14.841,"norwood.mouth",1.06349911190053,9.96328833629366
16,2021-08-08 18:30:00,14.716,"norwood.mouth",1.1190053285968,9.69252368265246
16,2021-08-08 18:40:00,14.778,"norwood.mouth",1.0427435387674,10.009592445328
16,2021-08-08 18:55:00,15.216,"norwood.mouth",0.988988095238095,10.1658234126984
16,2021-08-08 19:05:00,15.091,"norwood.mouth",0.999209833187006,9.98956343283582
16,2021-08-08 19:15:00,14.215,"norwood.mouth",1.36952054794521,9.12039611872146
16,2021-08-08 19:30:00,14.089,"norwood.mouth",1.41431203931204,8.8748964987715
16,2021-08-08 19:40:00,14.152,"norwood.mouth",1.36104783599089,8.91667976461655
16,2021-08-08 19:55:00,14.215,"norwood.mouth",1.36289346246973,8.71533081113801
16,2021-08-08 20:05:00,14.34,"norwood.mouth",1.30352480417755,8.6662545691906
16,2021-08-08 20:15:00,14.277,"norwood.mouth",1.31043771043771,8.50387991021324
16,2021-08-08 20:30:00,14.903,"norwood.mouth",1.10437051532942,8.68276951511198
16,2021-08-08 20:40:00,14.465,"norwood.mouth",1.22199025748086,8.33530770122941
16,2021-08-08 20:55:00,14.653,"norwood.mouth",1.19122911694511,7.96060322195704
16,2021-08-08 21:05:00,15.029,"norwood.mouth",1.07294188861985,7.64632758272801
16,2021-08-08 21:15:00,15.592,"norwood.mouth",0.956914893617021,7.5463670212766
16,2021-08-08 21:30:00,15.592,"norwood.mouth",0.943252595155709,6.97478229527105
16,2021-08-08 21:40:00,15.717,"norwood.mouth",0.926470588235294,7.22159803921569
16,2021-08-08 21:55:00,14.966,"norwood.mouth",0.986938493434693,6.47766741534209
16,2021-08-08 22:05:00,14.528,"norwood.mouth",1.1112828438949,6.1288357805255
16,2021-08-08 22:15:00,14.34,"norwood.mouth",1.14583333333333,5.77520833333333
16,2021-08-08 22:30:00,15.154,"norwood.mouth",0.955074719800747,5.83587842465753
16,2021-08-08 22:40:00,14.59,"norwood.mouth",1.01458333333333,5.52273611111111
16,2021-08-08 22:55:00,14.215,"norwood.mouth",1.12314814814815,4.7062299382716
16,2021-08-08 23:05:00,14.403,"norwood.mouth",1.02556818181818,4.5994375
16,2021-08-08 23:15:00,14.027,"norwood.mouth",1.22916666666667,4.261125
16,2021-08-08 23:30:00,13.964,"norwood.mouth",1.21240942028985,4.19275060386473
16,2021-08-08 23:40:00,13.964,"norwood.mouth",1.20789007092199,4.13741459810875
16,2021-08-08 23:55:00,13.902,"norwood.mouth",1.19226957383548,3.58498406012554
16,2021-08-09 00:05:00,13.902,"norwood.mouth",1.20138888888889,3.75750231481481
16,2021-08-09 00:15:00,15.154,"norwood.mouth",0.915827338129496,3.84
16,2021-08-09 00:30:00,14.403,"norwood.mouth",0.996744186046512,3.9747992248062
16,2021-08-09 00:40:00,16.468,"norwood.mouth",0.781920843192084,4.95904086900409
16,2021-08-09 00:55:00,14.465,"norwood.mouth",0.990613718411552,3.60684356197353
16,2021-08-09 01:05:00,15.216,"norwood.mouth",0.915549132947977,3.65737861271676
16,2021-08-09 01:15:00,14.528,"norwood.mouth",0.970187630298819,3.41267963863794
16,2021-08-09 01:30:00,15.216,"norwood.mouth",0.912098623853211,3.44039650229358
16,2021-08-09 01:40:00,15.091,"norwood.mouth",0.906821329639889,3.83416239612188
16,2021-08-09 01:55:00,15.279,"norwood.mouth",0.864941634241245,3.25206381322957
16,2021-08-09 02:05:00,14.778,"norwood.mouth",0.948953974895397,3.12261436541144
16,2021-08-09 02:15:00,15.467,"norwood.mouth",0.846321938554738,3.28915476705611
16,2021-08-09 02:30:00,15.655,"norwood.mouth",0.841326181237161,3.24764132998554
16,2021-08-09 02:40:00,15.529,"norwood.mouth",0.85566037735849,3.39816037735849
16,2021-08-09 02:55:00,15.091,"norwood.mouth",0.881544597534445,3.36523567802756
16,2021-08-09 03:05:00,15.404,"norwood.mouth",0.855662319835278,3.25346499656829
16,2021-08-09 03:15:00,15.404,"norwood.mouth",0.816570068308839,3.06601110881115
16,2021-08-09 03:30:00,15.905,"norwood.mouth",0.755391231382421,3.46438088245577
16,2021-08-09 03:40:00,15.529,"norwood.mouth",0.801599237449693,3.06608098566688
16,2021-08-09 03:55:00,15.467,"norwood.mouth",0.803969957081545,3.01682457081545
16,2021-08-09 04:05:00,15.592,"norwood.mouth",0.77680886658302,3.11485375714485
16,2021-08-09 04:15:00,15.529,"norwood.mouth",0.82684430998371,3.05164956170972
16,2021-08-09 04:30:00,15.529,"norwood.mouth",0.790196497223409,2.93036252313826
16,2021-08-09 04:40:00,15.529,"norwood.mouth",0.783852566915314,2.88083786748574
16,2021-08-09 04:55:00,15.091,"norwood.mouth",0.824713637346013,2.43628809163605
16,2021-08-09 05:05:00,15.216,"norwood.mouth",0.792728979762153,2.58779981222616
16,2021-08-09 05:15:00,15.279,"norwood.mouth",0.786659663865546,2.74390283613445
16,2021-08-09 05:30:00,14.966,"norwood.mouth",0.835033259423503,2.53363303769401
16,2021-08-09 05:40:00,15.154,"norwood.mouth",0.795157152020526,2.49211161000641
16,2021-08-09 05:55:00,15.655,"norwood.mouth",0.741401701746529,3.12924809673085
16,2021-08-09 06:05:00,15.342,"norwood.mouth",0.756468716861082,2.68525132555673
16,2021-08-09 06:15:00,14.841,"norwood.mouth",0.81698627151885,2.22671921987361
16,2021-08-09 06:30:00,14.528,"norwood.mouth",0.840834591330602,1.78288695995974
16,2021-08-09 06:40:00,14.841,"norwood.mouth",0.812651122625216,2.66352187679908
16,2021-08-09 06:55:00,14.528,"norwood.mouth",0.854949587534372,2.07891659028414
16,2021-08-09 07:05:00,14.716,"norwood.mouth",0.807516339869281,2.3545174291939
16,2021-08-09 07:15:00,14.778,"norwood.mouth",0.802261852979556,2.28277424967377
16,2021-08-09 07:30:00,14.841,"norwood.mouth",0.783835845896147,2.4771644332775
16,2021-08-09 07:40:00,14.778,"norwood.mouth",0.793574340270328,2.50080619323464
16,2021-08-09 07:55:00,14.778,"norwood.mouth",0.784221840068788,2.40923301805675
16,2021-08-09 08:05:00,14.465,"norwood.mouth",0.826918075422627,2.48934915474642
16,2021-08-09 08:15:00,14.465,"norwood.mouth",0.809682473365365,2.60158046097068
16,2021-08-09 08:30:00,14.653,"norwood.mouth",0.776267281105991,2.74042549923195
16,2021-08-09 08:40:00,14.403,"norwood.mouth",0.809939037666013,2.53988250235866
16,2021-08-09 08:55:00,14.403,"norwood.mouth",0.807433290978399,2.7262458703939
16,2021-08-09 09:05:00,14.277,"norwood.mouth",0.807534246575342,2.61662785388128
16,2021-08-09 09:15:00,14.277,"norwood.mouth",0.808546462063086,2.78361302926968
16,2021-08-09 09:30:00,14.277,"norwood.mouth",0.801911220715166,3.01364734895191
16,2021-08-09 09:40:00,14.34,"norwood.mouth",0.818369309681556,3.17242929400869
16,2021-08-09 09:55:00,13.902,"norwood.mouth",0.867791411042945,3.05258793456033
16,2021-08-09 10:05:00,14.215,"norwood.mouth",0.816996366572467,3.27658589018975
16,2021-08-09 10:15:00,13.839,"norwood.mouth",0.856764374295378,3.24000450958286
16,2021-08-09 10:30:00,13.776,"norwood.mouth",0.89675153643547,3.31004521510097
16,2021-08-09 10:40:00,14.215,"norwood.mouth",0.831458590852905,3.74672682323857
16,2021-08-09 10:55:00,14.089,"norwood.mouth",0.842852828669217,3.71221310650292
16,2021-08-09 11:05:00,13.964,"norwood.mouth",0.87509505703422,3.7088288973384
16,2021-08-09 11:15:00,13.589,"norwood.mouth",0.919968051118211,3.49137060702875
16,2021-08-09 11:30:00,13.651,"norwood.mouth",0.931133004926108,3.96565985221675
16,2021-08-09 11:40:00,13.714,"norwood.mouth",0.928635014836795,4.09281701285856
16,2021-08-09 11:55:00,13.964,"norwood.mouth",0.922339246119734,4.80130293791574
16,2021-08-09 12:05:00,14.152,"norwood.mouth",0.920521446593776,5.08047434819176
16,2021-08-09 12:15:00,13.776,"norwood.mouth",0.986069114470842,5.11405183585313
16,2021-08-09 12:30:00,14.465,"norwood.mouth",0.891708043694141,5.83629294935452
16,2021-08-09 12:40:00,14.34,"norwood.mouth",0.918449460255152,5.74229833169774
16,2021-08-09 12:55:00,14.027,"norwood.mouth",0.968221734357849,5.80972063666301
16,2021-08-09 13:05:00,13.902,"norwood.mouth",0.997150997150997,6.02889814814815
16,2021-08-09 13:15:00,13.714,"norwood.mouth",1.11735941320293,5.39807029339853
16,2021-08-09 13:30:00,13.463,"norwood.mouth",1.3036410923277,4.94560197225834
16,2021-08-09 13:40:00,13.589,"norwood.mouth",1.27407847800238,5.28619302417757
16,2021-08-09 13:55:00,13.714,"norwood.mouth",1.22829964328181,5.67357282996433
16,2021-08-09 14:05:00,13.839,"norwood.mouth",1.22216441207076,6.12650945195977
16,2021-08-09 14:15:00,14.027,"norwood.mouth",1.14932362122789,6.38060631286854
16,2021-08-09 14:30:00,13.651,"norwood.mouth",1.38789682539683,5.82173644179894
16,2021-08-09 14:40:00,13.589,"norwood.mouth",1.45261437908497,5.755
16,2021-08-09 14:55:00,13.589,"norwood.mouth",1.48798988621997,6.08
16,2021-08-09 15:05:00,13.776,"norwood.mouth",1.42678405931418,6.35588183503244
16,2021-08-09 15:15:00,13.839,"norwood.mouth",1.41434782608696,6.53015652173913
16,2021-08-09 15:30:00,13.902,"norwood.mouth",1.42095451155854,6.90765765597813
16,2021-08-09 15:40:00,13.964,"norwood.mouth",1.40678598061148,7.0881333581904
16,2021-08-09 15:55:00,14.277,"norwood.mouth",1.29507512520868,7.72745019476906
16,2021-08-09 16:05:00,14.152,"norwood.mouth",1.35434412265758,7.53473651334469
16,2021-08-09 16:15:00,14.34,"norwood.mouth",1.32671232876712,7.78841095890411
16,2021-08-09 16:30:00,14.653,"norwood.mouth",1.21483286908078,8.47651323119777
16,2021-08-09 16:40:00,14.528,"norwood.mouth",1.26617250673854,8.5518939802336
16,2021-08-09 16:55:00,14.403,"norwood.mouth",1.31637466307278,8.52915566037736
16,2021-08-09 17:05:00,14.528,"norwood.mouth",1.29241645244216,8.76106126820908
16,2021-08-09 17:15:00,14.59,"norwood.mouth",1.249430523918,8.93065432801822
16,2021-08-09 17:30:00,14.59,"norwood.mouth",1.26224783861671,9.05225720461095
16,2021-08-09 17:40:00,14.653,"norwood.mouth",1.26752411575563,9.12560744908896
16,2021-08-09 17:55:00,14.59,"norwood.mouth",1.26424920127796,9.26276038338658
16,2021-08-09 18:05:00,14.966,"norwood.mouth",1.11550151975684,9.71758105369807
16,2021-08-09 18:15:00,14.841,"norwood.mouth",1.15396525679758,9.71800755287009
16,2021-08-09 18:30:00,14.653,"norwood.mouth",1.24354103343465,9.56247036474164
16,2021-08-09 18:40:00,14.653,"norwood.mouth",1.23864111498258,9.55897804878049
16,2021-08-09 18:55:00,14.778,"norwood.mouth",1.21181556195965,9.6881174351585
16,2021-08-09 19:05:00,14.653,"norwood.mouth",1.24014726507714,9.59064130434783
16,2021-08-09 19:15:00,14.34,"norwood.mouth",1.34193284193284,9.37134275184275
16,2021-08-09 19:30:00,14.34,"norwood.mouth",1.35597014925373,9.3035223880597
16,2021-08-09 19:40:00,14.465,"norwood.mouth",1.31055240793201,9.30698796033994
16,2021-08-09 19:55:00,14.34,"norwood.mouth",1.33451591511936,9.12336919761273
16,2021-08-09 20:05:00,14.277,"norwood.mouth",1.34191753926702,8.9858532395288
16,2021-08-09 20:15:00,14.215,"norwood.mouth",1.39455351488284,8.71128535993245
16,2021-08-09 20:30:00,14.778,"norwood.mouth",1.16300366300366,8.76089835164835
16,2021-08-09 20:40:00,14.841,"norwood.mouth",1.20777713290772,8.31005262139679
16,2021-08-09 20:55:00,14.59,"norwood.mouth",1.22911051212938,7.9486567834681
16,2021-08-09 21:05:00,14.653,"norwood.mouth",1.20920365535248,7.71378796779809
16,2021-08-09 21:15:00,14.59,"norwood.mouth",1.21313131313131,7.39299410774411
16,2021-08-09 21:30:00,14.653,"norwood.mouth",1.14725274725275,7.0141163003663
16,2021-08-09 21:40:00,14.716,"norwood.mouth",1.10879284649776,6.70629297069051
16,2021-08-09 21:55:00,14.841,"norwood.mouth",1.03740157480315,6.45609186351706
16,2021-08-09 22:05:00,14.59,"norwood.mouth",1.12193126022913,6.05372708674304
16,2021-08-09 22:15:00,15.154,"norwood.mouth",0.976886291179596,6.10726461211477
16,2021-08-09 22:30:00,15.592,"norwood.mouth",0.932393330063757,5.73565228052967
16,2021-08-09 22:40:00,15.529,"norwood.mouth",0.928120936280884,5.55434216514954
16,2021-08-09 22:55:00,15.404,"norwood.mouth",0.92073482428115,4.85690159744409
16,2021-08-09 23:05:00,14.841,"norwood.mouth",0.983518639633748,4.65971631785481
16,2021-08-09 23:15:00,14.653,"norwood.mouth",0.994200743494424,4.51893828996282
16,2021-08-09 23:30:00,14.465,"norwood.mouth",1.02836879432624,4.11494976359338
16,2021-08-09 23:40:00,14.653,"norwood.mouth",0.986873676781934,3.91600370501059
16,2021-08-09 23:55:00,14.403,"norwood.mouth",1.04336734693878,3.7929268707483
18,2021-07-26 00:10:00,15.562,"norwood.mouth",0.867296511627907,3.38979433139535
18,2021-07-26 00:20:00,15.562,"norwood.mouth",0.846446700507614,3.22057275803722
18,2021-07-26 00:35:00,16.628,"norwood.mouth",0.731500253421186,4.21909511741848
18,2021-07-26 00:45:00,15.938,"norwood.mouth",0.797246083880748,3.85353107630116
18,2021-07-26 00:55:00,15.688,"norwood.mouth",0.814741538979626,3.31048122579559
18,2021-07-26 01:10:00,16.252,"norwood.mouth",0.766506520247083,3.81330799588195
18,2021-07-26 01:20:00,15.437,"norwood.mouth",0.836547538772758,3.14537693863789
18,2021-07-26 01:35:00,15.374,"norwood.mouth",0.84477560808496,3.11572482014389
18,2021-07-26 01:45:00,14.497,"norwood.mouth",0.972834645669291,2.87009448818898
18,2021-07-26 01:55:00,15.374,"norwood.mouth",0.83462453278967,2.95973439800657
18,2021-07-26 02:10:00,15.249,"norwood.mouth",0.839838457529963,2.79263548723293
18,2021-07-26 02:20:00,15.186,"norwood.mouth",0.857754010695187,2.47678386809269
18,2021-07-26 02:35:00,15.061,"norwood.mouth",0.868636363636364,2.52156212121212
18,2021-07-26 02:45:00,15.124,"norwood.mouth",0.848517614230903,2.61771700965004
18,2021-07-26 02:55:00,15.249,"norwood.mouth",0.831668114682884,2.88581769475818
18,2021-07-26 03:10:00,15.249,"norwood.mouth",0.843300742350172,2.81653406964814
18,2021-07-26 03:20:00,15.186,"norwood.mouth",0.857435897435897,2.66242948717949
18,2021-07-26 03:35:00,15.124,"norwood.mouth",0.831408298904257,2.1175114065026
18,2021-07-26 03:45:00,15.625,"norwood.mouth",0.779577464788732,2.93800938967136
18,2021-07-26 03:55:00,15.249,"norwood.mouth",0.809750667853963,2.42181003265064
18,2021-07-26 04:10:00,15.876,"norwood.mouth",0.748810564981634,3.07265646317999
18,2021-07-26 04:20:00,15.186,"norwood.mouth",0.808643287283032,2.58237126579289
18,2021-07-26 04:35:00,15.562,"norwood.mouth",0.775363971233117,3.0629536338654
18,2021-07-26 04:45:00,15.374,"norwood.mouth",0.783936261843239,2.97128107952914
18,2021-07-26 04:55:00,15.813,"norwood.mouth",0.742417661961636,3.37677180600796
18,2021-07-26 05:10:00,18.382,"norwood.mouth",0.508992805755395,5.37292805755396
18,2021-07-26 05:20:00,16.565,"norwood.mouth",0.676697247706422,3.92675122324159
18,2021-07-26 05:35:00,18.319,"norwood.mouth",0.51059204440333,5.36438529139685
18,2021-07-26 05:45:00,17.192,"norwood.mouth",0.603619204691222,4.53443161688351
18,2021-07-26 05:55:00,18.194,"norwood.mouth",0.50804967801288,5.32876908923643
18,2021-07-26 06:10:00,16.941,"norwood.mouth",0.615252976190476,4.14274516369048
18,2021-07-26 06:20:00,17.63,"norwood.mouth",0.540033469691335,4.89038304202306
18,2021-07-26 06:35:00,17.066,"norwood.mouth",0.589396184478607,4.52540340803852
18,2021-07-26 06:45:00,16.753,"norwood.mouth",0.615945330296128,4.2796993166287
18,2021-07-26 06:55:00,18.006,"norwood.mouth",0.496297695504344,5.30673696637703
18,2021-07-26 07:10:00,16.816,"norwood.mouth",0.598417132216015,4.29510211049038
18,2021-07-26 07:20:00,18.194,"norwood.mouth",0.465588848852646,5.59344383336494
18,2021-07-26 07:35:00,17.693,"norwood.mouth",0.505824508320726,5.30133106404438
18,2021-07-26 07:45:00,17.004,"norwood.mouth",0.57278360343184,4.51542929774388
18,2021-07-26 07:55:00,17.004,"norwood.mouth",0.570843672456576,4.62717493796526
18,2021-07-26 08:10:00,16.816,"norwood.mouth",0.576924587588374,4.61950559701492
18,2021-07-26 08:20:00,16.69,"norwood.mouth",0.59478285391991,4.51222241022749
18,2021-07-26 08:35:00,16.565,"norwood.mouth",0.594469653998865,4.47561807525052
18,2021-07-26 08:45:00,17.192,"norwood.mouth",0.545889894419306,5.05982642031172
18,2021-07-26 08:55:00,16.44,"norwood.mouth",0.6056684910086,4.62953466249674
18,2021-07-26 09:10:00,15.938,"norwood.mouth",0.659312856861587,4.37160789525497
18,2021-07-26 09:20:00,15.124,"norwood.mouth",0.731495685522531,4.03879961649089
18,2021-07-26 09:35:00,14.81,"norwood.mouth",0.786744712990937,3.90772167673716
18,2021-07-26 09:45:00,15.124,"norwood.mouth",0.748052180128663,4.31194847510126
18,2021-07-26 09:55:00,13.87,"norwood.mouth",0.870388349514563,3.67830097087379
18,2021-07-26 10:10:00,13.932,"norwood.mouth",0.865925925925926,3.86665061728395
18,2021-07-26 10:20:00,13.682,"norwood.mouth",0.923842592592592,3.57281404320988
18,2021-07-26 10:35:00,13.87,"norwood.mouth",0.892610364683302,3.60725911708253
18,2021-07-26 10:45:00,13.744,"norwood.mouth",0.966548672566372,3.84888362831858
18,2021-07-26 10:55:00,13.932,"norwood.mouth",0.920304568527919,3.98226015228426
18,2021-07-26 11:10:00,13.744,"norwood.mouth",0.998782138024357,3.931199932341
18,2021-07-26 11:20:00,13.619,"norwood.mouth",1.03719655442443,3.73424614983033
18,2021-07-26 11:35:00,13.995,"norwood.mouth",1.0604,4.38965866666666
18,2021-07-26 11:45:00,13.807,"norwood.mouth",1.13447319778189,3.54443715341959
18,2021-07-26 11:55:00,13.807,"norwood.mouth",1.21486988847584,3.6070092936803
18,2021-07-26 12:10:00,13.619,"norwood.mouth",1.2930612244898,3.58219319727891
18,2021-07-26 12:20:00,13.744,"norwood.mouth",1.20619554695063,3.93702710551791
18,2021-07-26 12:35:00,13.619,"norwood.mouth",1.31165452653486,3.94928962885883
18,2021-07-26 12:45:00,13.619,"norwood.mouth",1.33996212121212,4.09450757575758
18,2021-07-26 12:55:00,13.619,"norwood.mouth",1.34060913705584,4.26741624365482
18,2021-07-26 13:10:00,13.807,"norwood.mouth",1.24435196195006,4.58505856123662
18,2021-07-26 13:20:00,15.312,"norwood.mouth",0.816319165998396,5.98738813151564
18,2021-07-26 13:35:00,15.562,"norwood.mouth",0.800600575198782,6.59812925054982
18,2021-07-26 13:45:00,13.744,"norwood.mouth",1.35231481481482,4.93738966049383
18,2021-07-26 13:55:00,14.936,"norwood.mouth",0.896320346320346,6.24811111111111
18,2021-07-26 14:10:00,14.058,"norwood.mouth",1.25600961538462,5.56433533653846
18,2021-07-26 14:20:00,16.628,"norwood.mouth",0.748295723528484,7.1417572195045
18,2021-07-26 14:35:00,14.058,"norwood.mouth",1.27724945135333,5.91010521823945
18,2021-07-26 14:45:00,14.434,"norwood.mouth",1.11780303030303,6.49046022727273
18,2021-07-26 14:55:00,14.497,"norwood.mouth",1.13585823488534,6.9421964327079
18,2021-07-26 15:10:00,14.559,"norwood.mouth",1.16444981862152,6.70739953647723
18,2021-07-26 15:20:00,14.434,"norwood.mouth",1.21157495256167,6.78779174573055
18,2021-07-26 15:35:00,15.124,"norwood.mouth",1.00764150943396,7.68519103773585
18,2021-07-26 15:45:00,14.622,"norwood.mouth",1.16531173594132,7.07306265281174
18,2021-07-26 15:55:00,14.246,"norwood.mouth",1.26342173350582,6.99678234152652
18,2021-07-26 16:10:00,14.622,"norwood.mouth",1.15459183673469,7.591
18,2021-07-26 16:20:00,15.562,"norwood.mouth",0.966666666666667,7.72677777777778
18,2021-07-26 16:35:00,14.685,"norwood.mouth",1.16927710843373,7.56720281124498
18,2021-07-26 16:45:00,14.81,"norwood.mouth",1.14376237623762,7.6891297029703
18,2021-07-26 16:55:00,15.124,"norwood.mouth",1.04433198380567,7.92673279352227
18,2021-07-26 17:10:00,14.81,"norwood.mouth",1.15072664359862,8.00700692041522
18,2021-07-26 17:20:00,14.748,"norwood.mouth",1.19903846153846,7.85736538461538
18,2021-07-26 17:35:00,14.873,"norwood.mouth",1.15910513141427,8.09804270963705
18,2021-07-26 17:45:00,14.748,"norwood.mouth",1.19540591567023,8.11441032095658
18,2021-07-26 17:55:00,14.685,"norwood.mouth",1.21765417170496,8.1452161426844
18,2021-07-26 18:10:00,15.061,"norwood.mouth",1.13780918727915,8.42112455830389
18,2021-07-26 18:20:00,15.061,"norwood.mouth",1.13693251533742,8.28727423312883
18,2021-07-26 18:35:00,14.622,"norwood.mouth",1.25119485294118,8.16268336397059
18,2021-07-26 18:45:00,14.81,"norwood.mouth",1.19826325411335,8.25193418647166
18,2021-07-26 18:55:00,14.936,"norwood.mouth",1.17453397474444,8.41078893565845
18,2021-07-26 19:10:00,14.685,"norwood.mouth",1.23941427699817,8.4444399023795
18,2021-07-26 19:20:00,14.998,"norwood.mouth",1.14670932358318,8.31762888482633
18,2021-07-26 19:35:00,14.81,"norwood.mouth",1.19826325411335,8.26740676416819
18,2021-07-26 19:45:00,15.061,"norwood.mouth",1.11936339522546,8.30282294429708
18,2021-07-26 19:55:00,14.998,"norwood.mouth",1.13203422053232,8.21514686311787
18,2021-07-26 20:10:00,14.622,"norwood.mouth",1.22736842105263,7.87195
18,2021-07-26 20:20:00,14.497,"norwood.mouth",1.24885471204188,7.71096973167539
18,2021-07-26 20:35:00,14.559,"norwood.mouth",1.22709441489362,7.67290741356383
18,2021-07-26 20:45:00,14.246,"norwood.mouth",1.29843423799582,7.72060542797495
18,2021-07-26 20:55:00,14.246,"norwood.mouth",1.28419399860433,7.57999581297976
18,2021-07-26 21:10:00,14.309,"norwood.mouth",1.25491689750693,7.22858933518006
18,2021-07-26 21:20:00,14.497,"norwood.mouth",1.17354716981132,7.16671660377358
18,2021-07-26 21:35:00,13.682,"norwood.mouth",1.43508095605243,6.97896646106399
18,2021-07-26 21:45:00,13.807,"norwood.mouth",1.38045141545524,6.89757345065034
18,2021-07-26 21:55:00,13.87,"norwood.mouth",1.34707623982235,6.75055569948187
18,2021-07-26 22:10:00,13.556,"norwood.mouth",1.43673469387755,6.58038095238095
18,2021-07-26 22:20:00,13.494,"norwood.mouth",1.45391061452514,6.44
18,2021-07-26 22:35:00,13.494,"norwood.mouth",1.4513698630137,6.162
18,2021-07-26 22:45:00,13.431,"norwood.mouth",1.45421052631579,6.009
18,2021-07-26 22:55:00,13.368,"norwood.mouth",1.46573604060914,5.783
18,2021-07-26 23:10:00,13.431,"norwood.mouth",1.43483146067416,5.25800280898876
18,2021-07-26 23:20:00,13.556,"norwood.mouth",1.40236768802228,4.93883844011142
18,2021-07-26 23:35:00,13.682,"norwood.mouth",1.33758727695888,4.57223622963538
18,2021-07-26 23:45:00,13.619,"norwood.mouth",1.36698337292161,4.43058016627078
18,2021-07-26 23:55:00,13.619,"norwood.mouth",1.34631661442006,4.19632523510972
18,2021-07-27 00:10:00,13.556,"norwood.mouth",1.34527559055118,3.98916929133858
18,2021-07-27 00:20:00,13.431,"norwood.mouth",1.38276740237691,3.8401273344652
18,2021-07-27 00:35:00,13.431,"norwood.mouth",1.37700668896321,3.68228219063545
18,2021-07-27 00:45:00,13.682,"norwood.mouth",1.27453290008123,3.5113314378554
18,2021-07-27 00:55:00,13.744,"norwood.mouth",1.24609375,3.35248046875
18,2021-07-27 01:10:00,13.682,"norwood.mouth",1.23174603174603,3.19737169312169
18,2021-07-27 01:20:00,13.744,"norwood.mouth",1.20440931780366,3.04096339434276
18,2021-07-27 01:35:00,14.434,"norwood.mouth",0.963001027749229,2.97369630010277
18,2021-07-27 01:45:00,14.622,"norwood.mouth",0.951673640167364,2.84868619246862
18,2021-07-27 01:55:00,15.374,"norwood.mouth",0.835915492957746,3.10235680751174
18,2021-07-27 02:10:00,14.685,"norwood.mouth",0.931739631336405,2.86589804147465
18,2021-07-27 02:20:00,14.559,"norwood.mouth",0.939345114345114,2.63407588357588
18,2021-07-27 02:35:00,14.622,"norwood.mouth",0.915574650912997,2.51120703544576
18,2021-07-27 02:45:00,14.873,"norwood.mouth",0.863583441138422,2.48001617076326
18,2021-07-27 02:55:00,14.81,"norwood.mouth",0.858736059479554,2.65153128872367
18,2021-07-27 03:10:00,14.81,"norwood.mouth",0.852689655172414,2.56574551724138
18,2021-07-27 03:20:00,14.873,"norwood.mouth",0.842538623595506,2.59514208801498
18,2021-07-27 03:35:00,14.748,"norwood.mouth",0.843177223719677,2.46714546832884
18,2021-07-27 03:45:00,14.748,"norwood.mouth",0.836596538853071,2.35694129623346
18,2021-07-27 03:55:00,14.81,"norwood.mouth",0.832061262480961,2.32134800022564
18,2021-07-27 04:10:00,14.936,"norwood.mouth",0.814357767316745,2.49051221699171
18,2021-07-27 04:20:00,14.936,"norwood.mouth",0.819311894882434,2.64819294605809
18,2021-07-27 04:35:00,14.998,"norwood.mouth",0.811078896503251,2.63189047033327
18,2021-07-27 04:45:00,15.061,"norwood.mouth",0.79430029406677,2.61902023871303
18,2021-07-27 04:55:00,14.998,"norwood.mouth",0.80552608311229,2.56475036840554
18,2021-07-27 05:10:00,17.38,"norwood.mouth",0.58944286728176,4.56592645493258
18,2021-07-27 05:20:00,16.878,"norwood.mouth",0.63399084184572,4.09100199600798
18,2021-07-27 05:35:00,19.571,"norwood.mouth",0.39325290437891,6.34824992552875
18,2021-07-27 05:45:00,18.319,"norwood.mouth",0.510451074409519,5.17723909311549
18,2021-07-27 05:55:00,17.442,"norwood.mouth",0.581752438614194,4.42469307097208
18,2021-07-27 06:10:00,19.258,"norwood.mouth",0.413042723167767,5.9696591409054
18,2021-07-27 06:20:00,18.57,"norwood.mouth",0.473009758602979,5.31942526964561
18,2021-07-27 06:35:00,19.196,"norwood.mouth",0.408244819780602,5.97258784607348
18,2021-07-27 06:45:00,17.129,"norwood.mouth",0.580145568454026,4.54389570665193
18,2021-07-27 06:55:00,19.884,"norwood.mouth",0.325796178343949,6.8272855626327
18,2021-07-27 07:10:00,16.44,"norwood.mouth",0.647369883311724,3.86542063345064
18,2021-07-27 07:20:00,16.44,"norwood.mouth",0.645210424370488,3.8192135939426
18,2021-07-27 07:35:00,18.883,"norwood.mouth",0.427857631759069,5.8786096281086
18,2021-07-27 07:45:00,18.319,"norwood.mouth",0.486340294419719,5.3251636711172
18,2021-07-27 07:55:00,16.69,"norwood.mouth",0.622201105736006,3.99845888044229
18,2021-07-27 08:10:00,16.314,"norwood.mouth",0.654676985195155,3.75415511440108
18,2021-07-27 08:20:00,16.816,"norwood.mouth",0.610331284153006,4.14289739867942
18,2021-07-27 08:35:00,15.938,"norwood.mouth",0.672112849358411,3.83311460713658
18,2021-07-27 08:45:00,15.312,"norwood.mouth",0.727827248441674,3.41323805283467
18,2021-07-27 08:55:00,15.562,"norwood.mouth",0.702264359351988,3.84362647275405
18,2021-07-27 09:10:00,15.938,"norwood.mouth",0.674053063361843,4.2528043288532
18,2021-07-27 09:20:00,15.75,"norwood.mouth",0.689650916784203,4.22694020333804
18,2021-07-27 09:35:00,15.562,"norwood.mouth",0.698617041024689,4.44273176164841
18,2021-07-27 09:45:00,15.186,"norwood.mouth",0.733285849952517,4.32869610636277
18,2021-07-27 09:55:00,15.249,"norwood.mouth",0.723612939627609,4.61746586420914
18,2021-07-27 10:10:00,15.249,"norwood.mouth",0.731323631323631,4.62866764841765
18,2021-07-27 10:20:00,15.75,"norwood.mouth",0.682981158654693,5.01099087280625
18,2021-07-27 10:35:00,15.75,"norwood.mouth",0.697214759090095,5.29065580034629
18,2021-07-27 10:45:00,13.807,"norwood.mouth",0.895476772616137,4.10960880195599
18,2021-07-27 10:55:00,13.932,"norwood.mouth",0.855971896955503,4.28550175644028
18,2021-07-27 11:10:00,13.744,"norwood.mouth",0.95275,4.09215375
18,2021-07-27 11:20:00,13.619,"norwood.mouth",1.00993949870354,4.13339088159032
18,2021-07-27 11:35:00,13.556,"norwood.mouth",1.12296416938111,3.98103365906623
18,2021-07-27 11:45:00,13.368,"norwood.mouth",1.1952296819788,3.89284040047114
18,2021-07-27 11:55:00,14.81,"norwood.mouth",0.810247637666992,5.19404051265342
18,2021-07-27 12:10:00,13.87,"norwood.mouth",1.124773960217,4.5832486437613
18,2021-07-27 12:20:00,13.807,"norwood.mouth",1.15594059405941,4.61766831683168
18,2021-07-27 12:35:00,17.693,"norwood.mouth",0.595220883534136,7.04837322623829
18,2021-07-27 12:45:00,18.757,"norwood.mouth",0.520948303203298,7.61352442118617
18,2021-07-27 12:55:00,21.324,"norwood.mouth",0.220561864913329,9.203
18,2021-07-27 13:10:00,18.382,"norwood.mouth",0.556773894215898,7.58713393133313
18,2021-07-27 13:20:00,14.936,"norwood.mouth",0.835796661608498,5.96277541729894
18,2021-07-27 13:35:00,14.748,"norwood.mouth",0.848493522145224,6.10714753439791
18,2021-07-27 13:45:00,14.559,"norwood.mouth",0.921561604584527,6.34212428366762
18,2021-07-27 13:55:00,14.371,"norwood.mouth",0.982765957446808,6.35119574468085
18,2021-07-27 14:10:00,17.004,"norwood.mouth",0.696815834767642,7.30158290304073
18,2021-07-27 14:20:00,16.69,"norwood.mouth",0.729286159600997,7.28268009663342
18,2021-07-27 14:35:00,18.757,"norwood.mouth",0.57187595013682,8.58972071044897
18,2021-07-27 14:45:00,16.628,"norwood.mouth",0.745882818685669,7.33441264185801
18,2021-07-27 14:55:00,17.881,"norwood.mouth",0.613365716076465,8.07570714509558
18,2021-07-27 15:10:00,18.382,"norwood.mouth",0.622777777777778,8.45947592592593
18,2021-07-27 15:20:00,14.936,"norwood.mouth",0.96640625,7.42169010416667
18,2021-07-27 15:35:00,15.437,"norwood.mouth",0.88610816542948,8.13975662778367
18,2021-07-27 15:45:00,16.252,"norwood.mouth",0.811111993645751,8.06954360603654
18,2021-07-27 15:55:00,16.189,"norwood.mouth",0.808202456849635,7.93961048048515
18,2021-07-27 16:10:00,15.562,"norwood.mouth",0.890045766590389,7.56250190694127
18,2021-07-27 16:20:00,14.748,"norwood.mouth",1.06162790697674,7.68526744186046
18,2021-07-27 16:35:00,14.434,"norwood.mouth",1.15171255876427,8.01879701141706
18,2021-07-27 16:45:00,14.622,"norwood.mouth",1.09183673469388,8.16620918367347
18,2021-07-27 16:55:00,14.748,"norwood.mouth",1.07156334231806,7.96463611859838
18,2021-07-27 17:10:00,14.81,"norwood.mouth",1.04763585038814,8.01685109386027
18,2021-07-27 17:20:00,14.873,"norwood.mouth",1.03598703170029,8.12164553314121
18,2021-07-27 17:35:00,14.497,"norwood.mouth",1.15990959666203,8.24366376912378
18,2021-07-27 17:45:00,14.497,"norwood.mouth",1.17164285714286,8.14680357142857
18,2021-07-27 17:55:00,14.434,"norwood.mouth",1.18177339901478,8.29185714285714
18,2021-07-27 18:10:00,14.559,"norwood.mouth",1.14309490084986,8.41023530453258
18,2021-07-27 18:20:00,14.434,"norwood.mouth",1.19798772169168,8.63981105047749
18,2021-07-27 18:35:00,14.497,"norwood.mouth",1.19464285714286,8.58031845238095
18,2021-07-27 18:45:00,14.497,"norwood.mouth",1.17489082969432,8.5198864628821
18,2021-07-27 18:55:00,14.559,"norwood.mouth",1.15674157303371,8.50395505617977
18,2021-07-27 19:10:00,14.685,"norwood.mouth",1.11121428571429,8.27898714285714
18,2021-07-27 19:20:00,14.559,"norwood.mouth",1.17281947261663,8.38620385395538
18,2021-07-27 19:35:00,14.497,"norwood.mouth",1.17975291695264,8.31851304049417
18,2021-07-27 19:45:00,14.371,"norwood.mouth",1.20816993464052,8.28710675381264
18,2021-07-27 19:55:00,14.371,"norwood.mouth",1.23833992094862,8.15891403162055
18,2021-07-27 20:10:00,14.434,"norwood.mouth",1.19189285714286,7.98936339285714
18,2021-07-27 20:20:00,14.309,"norwood.mouth",1.21198347107438,7.9609173553719
18,2021-07-27 20:35:00,14.685,"norwood.mouth",1.046018735363,7.7378337236534
18,2021-07-27 20:45:00,14.622,"norwood.mouth",1.06633738601824,7.58661664133739
18,2021-07-27 20:55:00,14.998,"norwood.mouth",0.973612297181896,7.46058134073441
18,2021-07-27 21:10:00,18.006,"norwood.mouth",0.675830741528892,7.84732280242265
18,2021-07-27 21:20:00,17.192,"norwood.mouth",0.737647941323554,7.22089959437684
18,2021-07-27 21:35:00,14.309,"norwood.mouth",1.14163483575248,6.7177589763178
18,2021-07-27 21:45:00,14.685,"norwood.mouth",0.983536585365854,6.3228506097561
18,2021-07-27 21:55:00,13.87,"norwood.mouth",1.26336920529801,6.43819991721854
18,2021-07-27 22:10:00,13.494,"norwood.mouth",1.38263246425568,6.0965622371741
18,2021-07-27 22:20:00,13.431,"norwood.mouth",1.38837209302326,5.81768604651163
18,2021-07-27 22:35:00,13.431,"norwood.mouth",1.38793103448276,5.46620689655172
18,2021-07-27 22:45:00,13.431,"norwood.mouth",1.37324171382377,5.20865966046888
18,2021-07-27 22:55:00,13.556,"norwood.mouth",1.31360294117647,4.98050490196078
18,2021-07-27 23:10:00,13.368,"norwood.mouth",1.37573891625616,4.76487684729064
18,2021-07-27 23:20:00,13.305,"norwood.mouth",1.39682997118156,4.68598270893372
18,2021-07-27 23:35:00,13.305,"norwood.mouth",1.37181745396317,4.42504763811049
18,2021-07-27 23:45:00,13.305,"norwood.mouth",1.35668202764977,4.1879297235023
18,2021-07-27 23:55:00,13.305,"norwood.mouth",1.35500390930414,3.96851993745113
18,2021-07-28 00:10:00,13.305,"norwood.mouth",1.33913542463657,3.62251453710788
18,2021-07-28 00:20:00,13.18,"norwood.mouth",1.3768927444795,3.51715654574132
18,2021-07-28 00:35:00,13.556,"norwood.mouth",1.22929460580913,3.29805269709544
18,2021-07-28 00:45:00,13.368,"norwood.mouth",1.315273556231,3.17157940729483
18,2021-07-28 00:55:00,13.368,"norwood.mouth",1.31403940886699,3.08325615763547
18,2021-07-28 01:10:00,13.368,"norwood.mouth",1.29087452471483,2.96039923954373
18,2021-07-28 01:20:00,13.305,"norwood.mouth",1.30796766743649,2.82316512702079
18,2021-07-28 01:35:00,16.252,"norwood.mouth",0.719599872469313,3.87500924597481
18,2021-07-28 01:45:00,13.807,"norwood.mouth",1.09052152317881,2.63379139072848
18,2021-07-28 01:55:00,14.121,"norwood.mouth",0.976067415730337,2.49823820224719
18,2021-07-28 02:10:00,14.183,"norwood.mouth",0.938440860215054,2.46317831541219
18,2021-07-28 02:20:00,14.246,"norwood.mouth",0.907602339181286,2.47115838206628
18,2021-07-28 02:35:00,14.246,"norwood.mouth",0.893243243243243,2.30396396396396
18,2021-07-28 02:45:00,14.434,"norwood.mouth",0.846457406492009,2.4871586752348
18,2021-07-28 02:55:00,14.246,"norwood.mouth",0.896551724137931,2.3775775862069
18,2021-07-28 03:10:00,14.371,"norwood.mouth",0.843142857142857,2.31705714285714
18,2021-07-28 03:20:00,14.559,"norwood.mouth",0.836748384959417,2.50063143945668
18,2021-07-28 03:35:00,14.748,"norwood.mouth",0.813372380795248,2.5128751031183
18,2021-07-28 03:45:00,14.748,"norwood.mouth",0.81192599933928,2.41650594648166
18,2021-07-28 03:55:00,15.312,"norwood.mouth",0.767760425319821,3.01333577006147
18,2021-07-28 04:10:00,15.312,"norwood.mouth",0.757246138678935,3.14281862745098
18,2021-07-28 04:20:00,15.374,"norwood.mouth",0.761042944785276,3.14543660531697
18,2021-07-28 04:35:00,15.75,"norwood.mouth",0.718666666666667,3.37234
18,2021-07-28 04:45:00,15.562,"norwood.mouth",0.734333333333333,3.11027944444444
18,2021-07-28 04:55:00,16.064,"norwood.mouth",0.684082210018306,3.65515781882731
18,2021-07-28 05:10:00,18.319,"norwood.mouth",0.492028734637355,5.47165212624776
18,2021-07-28 05:20:00,16.377,"norwood.mouth",0.656071551427589,3.94095066506135
18,2021-07-28 05:35:00,17.693,"norwood.mouth",0.538347348549854,4.93859813511813
18,2021-07-28 05:45:00,17.881,"norwood.mouth",0.523057259713701,5.04656049761418
18,2021-07-28 05:55:00,16.941,"norwood.mouth",0.594089732528041,4.29812683347714
18,2021-07-28 06:10:00,16.502,"norwood.mouth",0.62922729553437,3.99328115069409
18,2021-07-28 06:20:00,16.314,"norwood.mouth",0.635666047611008,3.83895303618662
18,2021-07-28 06:35:00,16.941,"norwood.mouth",0.583339073531944,4.39094506629929
18,2021-07-28 06:45:00,15.437,"norwood.mouth",0.710647271475297,3.25041932059448
18,2021-07-28 06:55:00,15.813,"norwood.mouth",0.671003847499126,3.61821531421243
18,2021-07-28 07:10:00,15.876,"norwood.mouth",0.674312640498011,3.68195371491152
18,2021-07-28 07:20:00,16.502,"norwood.mouth",0.614879403088669,4.15620377118399
18,2021-07-28 07:35:00,17.38,"norwood.mouth",0.536894441611423,4.82146625871154
18,2021-07-28 07:45:00,16.628,"norwood.mouth",0.60567881669308,4.0627077830604
18,2021-07-28 07:55:00,16.001,"norwood.mouth",0.653531244590618,3.69582718827535
18,2021-07-28 08:10:00,17.192,"norwood.mouth",0.536579087519972,4.91880916030534
18,2021-07-28 08:20:00,17.442,"norwood.mouth",0.512786500631655,5.12603970402455
18,2021-07-28 08:35:00,17.004,"norwood.mouth",0.554525366802192,4.9296727358435
18,2021-07-28 08:45:00,17.254,"norwood.mouth",0.526972281449893,5.17169616204691
18,2021-07-28 08:55:00,16.941,"norwood.mouth",0.558801827125791,4.95011120871398
18,2021-07-28 09:10:00,16.753,"norwood.mouth",0.576421697287839,4.91980562846311
18,2021-07-28 09:20:00,16.064,"norwood.mouth",0.639382071366406,4.47518421816072
18,2021-07-28 09:35:00,16.44,"norwood.mouth",0.613157894736842,4.99431578947368
18,2021-07-28 09:45:00,16.126,"norwood.mouth",0.624790697674418,4.94176093023256
18,2021-07-28 09:55:00,15.124,"norwood.mouth",0.706644054269753,4.42982881085395
18,2021-07-28 10:10:00,14.434,"norwood.mouth",0.791794735912383,3.87421689336395
18,2021-07-28 10:20:00,14.434,"norwood.mouth",0.785755616065351,3.90384414000454
18,2021-07-28 10:35:00,13.682,"norwood.mouth",0.864388489208633,3.43359952038369
18,2021-07-28 10:45:00,13.682,"norwood.mouth",0.855722070844686,3.47603678474115
18,2021-07-28 10:55:00,13.619,"norwood.mouth",0.907619047619048,3.33548888888889
18,2021-07-28 11:10:00,13.682,"norwood.mouth",0.908568329718004,3.75646420824295
18,2021-07-28 11:20:00,13.682,"norwood.mouth",0.93103448275862,3.57473850574713
18,2021-07-28 11:35:00,13.494,"norwood.mouth",1.18743961352657,3.08878341384863
18,2021-07-28 11:45:00,13.682,"norwood.mouth",1.12576064908722,3.52582403651116
18,2021-07-28 11:55:00,13.556,"norwood.mouth",1.20891089108911,3.57871452145214
18,2021-07-28 12:10:00,17.567,"norwood.mouth",0.565383344348976,6.53591988874201
18,2021-07-28 12:20:00,15.813,"norwood.mouth",0.716117157490397,5.35155876547162
18,2021-07-28 12:35:00,18.194,"norwood.mouth",0.521686248552044,7.0582545645099
18,2021-07-28 12:45:00,18.319,"norwood.mouth",0.513724696356275,7.22424574898785
18,2021-07-28 12:55:00,18.319,"norwood.mouth",0.51859517601043,7.27596466210343
18,2021-07-28 13:10:00,18.069,"norwood.mouth",0.562746016869728,7.298053420806
18,2021-07-28 13:20:00,18.382,"norwood.mouth",0.530510403120936,7.22789342219332
18,2021-07-28 13:35:00,14.121,"norwood.mouth",1.08926919518964,5.40278122109158
18,2021-07-28 13:45:00,19.196,"norwood.mouth",0.424632965037082,7.81262161344029
18,2021-07-28 13:55:00,19.321,"norwood.mouth",0.493753827311696,6.56777429067157
18,2021-07-28 14:10:00,19.822,"norwood.mouth",0.381929932390904,8.66207083589428
18,2021-07-28 14:20:00,19.509,"norwood.mouth",0.418345323741007,8.73139568345324
18,2021-07-28 14:35:00,19.634,"norwood.mouth",0.418088710919452,8.9825987987063
18,2021-07-28 14:45:00,19.321,"norwood.mouth",0.453394625176803,8.80401461574729
18,2021-07-28 14:55:00,20.26,"norwood.mouth",0.372209979537226,9.18845065323469
18,2021-07-28 15:10:00,19.571,"norwood.mouth",0.450319335781574,8.81114449944116
18,2021-07-28 15:20:00,19.822,"norwood.mouth",0.429285490441868,9.05120228768411
18,2021-07-28 15:35:00,20.135,"norwood.mouth",0.416609401842886,9.50681774168359
18,2021-07-28 15:45:00,19.258,"norwood.mouth",0.508557692307692,8.86989871794872
18,2021-07-28 15:55:00,17.192,"norwood.mouth",0.712981466559226,8.07303513295729
18,2021-07-28 16:10:00,20.135,"norwood.mouth",0.52355577689243,9.42706822709163
18,2021-07-28 16:20:00,19.884,"norwood.mouth",0.483571073146459,9.67350107812241
18,2021-07-28 16:35:00,21.011,"norwood.mouth",0.378269073010665,9.98130352748154
18,2021-07-28 16:45:00,20.761,"norwood.mouth",0.46957805907173,9.74532489451477
18,2021-07-28 16:55:00,20.823,"norwood.mouth",0.47138482477033,9.88463420097539
18,2021-07-28 17:10:00,20.635,"norwood.mouth",0.478679635049062,10.0409679807196
18,2021-07-28 17:20:00,16.941,"norwood.mouth",0.807060569034736,9.05991289928434
18,2021-07-28 17:35:00,19.697,"norwood.mouth",0.567737605154824,9.35139943917427
18,2021-07-28 17:45:00,15.124,"norwood.mouth",0.979654510556622,8.12188339731286
18,2021-07-28 17:55:00,15.562,"norwood.mouth",0.930018761726079,8.47290447154472
18,2021-07-28 18:10:00,17.442,"norwood.mouth",0.780623749772686,8.91236979450809
18,2021-07-28 18:20:00,18.131,"norwood.mouth",0.724861878453039,9.1131229281768
18,2021-07-28 18:35:00,14.81,"norwood.mouth",1.04587378640777,8.46291626213592
18,2021-07-28 18:45:00,18.194,"norwood.mouth",0.71377245508982,9.0130868263473
18,2021-07-28 18:55:00,17.066,"norwood.mouth",0.816597471220985,8.64776429515003
18,2021-07-28 19:10:00,14.81,"norwood.mouth",1.05109765329296,8.24270912187736
18,2021-07-28 19:20:00,17.38,"norwood.mouth",0.761105130965196,8.4884673484033
18,2021-07-28 19:35:00,14.936,"norwood.mouth",1.16794128307358,8.141033345415
18,2021-07-28 19:45:00,18.194,"norwood.mouth",0.699652320992295,8.42722383010712
18,2021-07-28 19:55:00,18.945,"norwood.mouth",0.608592765880871,8.48694556415332
18,2021-07-28 20:10:00,18.82,"norwood.mouth",0.621375133594585,8.54575391877449
18,2021-07-28 20:20:00,17.254,"norwood.mouth",0.762599421547361,7.94268519522777
18,2021-07-28 20:35:00,19.258,"norwood.mouth",0.568782338737496,8.68968627112798
18,2021-07-28 20:45:00,19.133,"norwood.mouth",0.582633991537377,8.58577873765867
18,2021-07-28 20:55:00,21.637,"norwood.mouth",0.365294117647059,9.37804705882353
18,2021-07-28 21:10:00,16.816,"norwood.mouth",0.767578659370725,7.0997015503876
18,2021-07-28 21:20:00,15.249,"norwood.mouth",0.920321931589537,6.57529376257545
18,2021-07-28 21:35:00,14.685,"norwood.mouth",0.994193548387097,6.35788709677419
18,2021-07-28 21:45:00,14.81,"norwood.mouth",0.977987012987013,6.13163409090909
18,2021-07-28 21:55:00,14.434,"norwood.mouth",1.08965909090909,6.04221931818182
18,2021-07-28 22:10:00,14.309,"norwood.mouth",1.07153284671533,5.80220681265207
18,2021-07-28 22:20:00,13.368,"norwood.mouth",1.41563245823389,6.08752983293556
18,2021-07-28 22:35:00,13.556,"norwood.mouth",1.33441660140955,5.64301879404855
18,2021-07-28 22:45:00,13.368,"norwood.mouth",1.39509480626546,5.46721681780709
18,2021-07-28 22:55:00,13.494,"norwood.mouth",1.35750187546887,5.22573668417104
18,2021-07-28 23:10:00,14.121,"norwood.mouth",1.11574608408904,4.54296908491344
18,2021-07-28 23:20:00,13.431,"norwood.mouth",1.33616751269036,4.72644543147208
18,2021-07-28 23:35:00,13.744,"norwood.mouth",1.20751689189189,4.22574704391892
18,2021-07-28 23:45:00,13.619,"norwood.mouth",1.2475,4.1339625
18,2021-07-28 23:55:00,13.305,"norwood.mouth",1.35462573591253,4.09485786375105
18,2021-07-29 00:10:00,13.243,"norwood.mouth",1.36924072476273,3.8945142364107
18,2021-07-29 00:20:00,13.368,"norwood.mouth",1.32379807692308,3.657890625
18,2021-07-29 00:35:00,13.243,"norwood.mouth",1.34878762541806,3.44082295150502
18,2021-07-29 00:45:00,13.305,"norwood.mouth",1.34516824849008,3.26500819672131
18,2021-07-29 00:55:00,13.243,"norwood.mouth",1.34187554019015,3.14889930855661
18,2021-07-29 01:10:00,13.243,"norwood.mouth",1.32690082644628,2.98257954545455
18,2021-07-29 01:20:00,13.18,"norwood.mouth",1.35890529973936,2.83956059947871
18,2021-07-29 01:35:00,14.685,"norwood.mouth",0.836450040617384,2.6793090170593
18,2021-07-29 01:45:00,15.5,"norwood.mouth",0.765630114566285,3.38093521549373
18,2021-07-29 01:55:00,13.995,"norwood.mouth",0.989469178082192,2.50808433219178
18,2021-07-29 02:10:00,14.121,"norwood.mouth",0.931089743589744,2.28732371794872
18,2021-07-29 02:20:00,14.246,"norwood.mouth",0.906422018348624,2.22757110091743
18,2021-07-29 02:35:00,14.371,"norwood.mouth",0.861367380560132,2.08516227347611
18,2021-07-29 02:45:00,14.559,"norwood.mouth",0.830618253189401,2.34874869152764
18,2021-07-29 02:55:00,14.685,"norwood.mouth",0.823009446693657,2.40140710751237
18,2021-07-29 03:10:00,14.685,"norwood.mouth",0.8095967874119,2.47091438561984
18,2021-07-29 03:20:00,14.81,"norwood.mouth",0.794041536179331,2.62877635844184
18,2021-07-29 03:35:00,15.061,"norwood.mouth",0.779796802131912,2.56604138907395
18,2021-07-29 03:45:00,15.124,"norwood.mouth",0.779577464788732,2.64929577464789
18,2021-07-29 03:55:00,15.061,"norwood.mouth",0.767209690893901,2.69735268727374
18,2021-07-29 04:10:00,15.124,"norwood.mouth",0.769544198895028,2.66181480202578
18,2021-07-29 04:20:00,15.374,"norwood.mouth",0.746184255757992,2.85611928497766
18,2021-07-29 04:35:00,15.562,"norwood.mouth",0.726232485729113,3.08125350285418
18,2021-07-29 04:45:00,15.061,"norwood.mouth",0.774007060900265,2.56222418358341
18,2021-07-29 04:55:00,15.437,"norwood.mouth",0.740820829655781,2.89023448072963
18,2021-07-29 05:10:00,15.876,"norwood.mouth",0.695825932504441,3.2762593250444
18,2021-07-29 05:20:00,18.194,"norwood.mouth",0.479753712423035,5.31702544367983
18,2021-07-29 05:35:00,19.634,"norwood.mouth",0.314271047227926,6.9262453798768
18,2021-07-29 05:45:00,18.507,"norwood.mouth",0.444140337986774,5.71131263776635
18,2021-07-29 05:55:00,17.004,"norwood.mouth",0.574343453157012,4.45930638852673
18,2021-07-29 06:10:00,18.57,"norwood.mouth",0.424549426542873,5.77518059348261
18,2021-07-29 06:20:00,19.947,"norwood.mouth",0.0810810810810832,7.288
18,2021-07-29 06:35:00,16.377,"norwood.mouth",0.619753086419753,3.84442181069959
18,2021-07-29 06:45:00,16.189,"norwood.mouth",0.64081724697817,3.68282599675266
18,2021-07-29 06:55:00,17.066,"norwood.mouth",0.558886062147919,4.37970089042341
18,2021-07-29 07:10:00,16.252,"norwood.mouth",0.63507326007326,3.68934142246642
18,2021-07-29 07:20:00,15.75,"norwood.mouth",0.677386343053795,3.28429584012558
18,2021-07-29 07:35:00,15.5,"norwood.mouth",0.68961922030825,3.22334315503173
18,2021-07-29 07:45:00,15.186,"norwood.mouth",0.722886080654153,2.85309050362386
18,2021-07-29 07:55:00,14.497,"norwood.mouth",0.779537231003618,2.36446391163588
18,2021-07-29 08:10:00,14.998,"norwood.mouth",0.736626254972533,2.9251316537223
18,2021-07-29 08:20:00,18.632,"norwood.mouth",0.395723258821356,5.99626048401995
18,2021-07-29 08:35:00,19.697,"norwood.mouth",0.146853146853147,7.314
18,2021-07-29 08:45:00,15.437,"norwood.mouth",0.69375,3.34994791666667
18,2021-07-29 08:55:00,15.938,"norwood.mouth",0.646582971493298,4.02704370398339
18,2021-07-29 09:10:00,16.314,"norwood.mouth",0.609152573871028,4.50745734993496
18,2021-07-29 09:20:00,16.126,"norwood.mouth",0.631082118188795,4.51118035303147
18,2021-07-29 09:35:00,15.186,"norwood.mouth",0.703954436006668,3.8879109711675
18,2021-07-29 09:45:00,16.44,"norwood.mouth",0.599180029154519,4.97233864795918
18,2021-07-29 09:55:00,17.63,"norwood.mouth",0.495654162854529,6.05198673376029
18,2021-07-29 10:10:00,15.249,"norwood.mouth",0.724374105865522,4.32907588221268
18,2021-07-29 10:20:00,15.625,"norwood.mouth",0.695568724571024,4.58473713072705
18,2021-07-29 10:35:00,15.938,"norwood.mouth",0.675136612021858,5.02309289617486
18,2021-07-29 10:45:00,15.562,"norwood.mouth",0.709008528784648,4.74252469793888
18,2021-07-29 10:55:00,15.75,"norwood.mouth",0.681368345837799,4.88091008693581
18,2021-07-29 11:10:00,14.434,"norwood.mouth",0.81467803030303,4.22538809974747
18,2021-07-29 11:20:00,16.001,"norwood.mouth",0.657527082555099,5.36993565558461
18,2021-07-29 11:35:00,13.995,"norwood.mouth",0.876666666666667,4.14722222222222
18,2021-07-29 11:45:00,15.124,"norwood.mouth",0.760145461241024,4.94708285766894
18,2021-07-29 11:55:00,15.938,"norwood.mouth",0.695159035302342,5.3770821391122
18,2021-07-29 12:10:00,15.688,"norwood.mouth",0.829032761310452,4.34919500780031
18,2021-07-29 12:20:00,13.932,"norwood.mouth",0.995161290322579,4.03990322580645
18,2021-07-29 12:35:00,15.312,"norwood.mouth",0.764867740954698,5.03293726563292
18,2021-07-29 12:45:00,14.936,"norwood.mouth",0.798656357904219,5.57791472751839
18,2021-07-29 12:55:00,14.998,"norwood.mouth",0.796141479099678,5.23910262593783
18,2021-07-29 13:10:00,14.936,"norwood.mouth",0.800254545454545,5.54513890909091
18,2021-07-29 13:20:00,15.124,"norwood.mouth",0.784437086092715,5.99474834437086
18,2021-07-29 13:35:00,16.064,"norwood.mouth",0.709942112879884,6.31865586107091
18,2021-07-29 13:45:00,14.936,"norwood.mouth",0.819750837826024,5.91028325805042
18,2021-07-29 13:55:00,17.066,"norwood.mouth",0.68325872873769,7.31214062966279
18,2021-07-29 14:10:00,16.001,"norwood.mouth",0.754319684817785,6.90886267060644
18,2021-07-29 14:20:00,14.559,"norwood.mouth",0.971532846715329,5.95829197080292
18,2021-07-29 14:35:00,14.309,"norwood.mouth",1.12660256410256,6.08604273504273
18,2021-07-29 14:45:00,15.186,"norwood.mouth",0.893021472392638,7.06456403374233
18,2021-07-29 14:55:00,14.121,"norwood.mouth",1.22321428571429,6.46577976190476
18,2021-07-29 15:10:00,14.058,"norwood.mouth",1.25113636363636,6.43508901515152
18,2021-07-29 15:20:00,13.807,"norwood.mouth",1.37359364659166,6.29489554378998
18,2021-07-29 15:35:00,13.87,"norwood.mouth",1.37640099626401,6.51312515566625
18,2021-07-29 15:45:00,14.998,"norwood.mouth",1.025600505689,7.79124525916561
18,2021-07-29 15:55:00,15.186,"norwood.mouth",0.998407335907336,7.61007480694981
18,2021-07-29 16:10:00,14.873,"norwood.mouth",1.11790502793296,7.28295600558659
18,2021-07-29 16:20:00,14.246,"norwood.mouth",1.27597254004577,7.26638272311213
18,2021-07-29 16:35:00,14.873,"norwood.mouth",1.13494779582367,7.59251769141531
18,2021-07-29 16:45:00,15.5,"norwood.mouth",0.987442922374429,7.8345
18,2021-07-29 16:55:00,14.559,"norwood.mouth",1.2358234295416,7.766490237691
18,2021-07-29 17:10:00,14.936,"norwood.mouth",1.14705357142857,7.94963616071429
18,2021-07-29 17:20:00,15.938,"norwood.mouth",0.958617166212534,8.31125391689373
18,2021-07-29 17:35:00,14.936,"norwood.mouth",1.1465570719603,8.14914531637717
18,2021-07-29 17:45:00,16.064,"norwood.mouth",0.95115298087739,8.4022505624297
18,2021-07-29 17:55:00,14.748,"norwood.mouth",1.22823834196891,8.37878065630397
18,2021-07-29 18:10:00,15.688,"norwood.mouth",0.984368583162218,8.72373562628337
18,2021-07-29 18:20:00,14.685,"norwood.mouth",1.23189493433396,8.41086444652908
18,2021-07-29 18:35:00,14.81,"norwood.mouth",1.20372573575454,8.47982341891046
18,2021-07-29 18:45:00,14.685,"norwood.mouth",1.23941427699817,8.55840741305674
18,2021-07-29 18:55:00,14.998,"norwood.mouth",1.16191464137522,8.71524777711915
18,2021-07-29 19:10:00,14.622,"norwood.mouth",1.28186274509804,8.52880555555556
18,2021-07-29 19:20:00,14.559,"norwood.mouth",1.28959390862944,8.47373773265651
18,2021-07-29 19:35:00,15.124,"norwood.mouth",1.13303471444569,8.41331858902575
18,2021-07-29 19:45:00,14.497,"norwood.mouth",1.29042189281642,8.30650028506271
18,2021-07-29 19:55:00,14.559,"norwood.mouth",1.28089663049686,8.26379354654483
18,2021-07-29 20:10:00,14.685,"norwood.mouth",1.24377267230955,8.17552932285369
18,2021-07-29 20:20:00,14.559,"norwood.mouth",1.26027315914489,8.0176356888361
18,2021-07-29 20:35:00,14.371,"norwood.mouth",1.29241778319123,7.87750441534714
18,2021-07-29 20:45:00,14.371,"norwood.mouth",1.28463687150838,7.70688640595903
18,2021-07-29 20:55:00,14.309,"norwood.mouth",1.29740882917466,7.54065547024952
18,2021-07-29 21:10:00,14.434,"norwood.mouth",1.25455621301775,7.24889792899408
18,2021-07-29 21:20:00,14.309,"norwood.mouth",1.27005909389363,7.14456451083388
18,2021-07-29 21:35:00,14.748,"norwood.mouth",1.13351030605871,6.66349781386633
18,2021-07-29 21:45:00,13.932,"norwood.mouth",1.36875437368789,6.76592232330301
18,2021-07-29 21:55:00,13.744,"norwood.mouth",1.40412337662338,6.52887159090909
18,2021-07-29 22:10:00,13.682,"norwood.mouth",1.40020120724346,6.1281277665996
18,2021-07-29 22:20:00,13.619,"norwood.mouth",1.41078965282505,5.94419060585432
18,2021-07-29 22:35:00,13.619,"norwood.mouth",1.39537755822159,5.59281439661256
18,2021-07-29 22:45:00,13.619,"norwood.mouth",1.39589178356713,5.35891983967936
18,2021-07-29 22:55:00,13.556,"norwood.mouth",1.39813886900501,5.11588904795991
18,2021-07-29 23:10:00,13.494,"norwood.mouth",1.40979270907791,4.79836954967834
18,2021-07-29 23:20:00,13.494,"norwood.mouth",1.38647898493259,4.60891514670896
18,2021-07-29 23:35:00,13.494,"norwood.mouth",1.38729508196721,4.30314754098361
18,2021-07-29 23:45:00,13.619,"norwood.mouth",1.33263888888889,4.08712037037037
18,2021-07-29 23:55:00,13.494,"norwood.mouth",1.37972111553785,3.92843266932271
18,2021-07-30 00:10:00,13.494,"norwood.mouth",1.37835093419984,3.62139642567019
18,2021-07-30 00:20:00,13.494,"norwood.mouth",1.34629941126998,3.40338519764508
18,2021-07-30 00:35:00,13.619,"norwood.mouth",1.29140811455847,3.10298568019093
18,2021-07-30 00:45:00,13.494,"norwood.mouth",1.32423076923077,3.0065
18,2021-07-30 00:55:00,14.309,"norwood.mouth",0.997115384615385,2.85362980769231
18,2021-07-30 01:10:00,13.494,"norwood.mouth",1.29878542510121,2.68897672064777
18,2021-07-30 01:20:00,13.305,"norwood.mouth",1.37280172413793,2.53909935344828
18,2021-07-30 01:35:00,13.431,"norwood.mouth",1.30793721973094,2.3948331838565
18,2021-07-30 01:45:00,15.124,"norwood.mouth",0.828864257515943,2.58448830853325
18,2021-07-30 01:55:00,14.497,"norwood.mouth",0.918349249658936,2.26953274215552
18,2021-07-30 02:10:00,16.126,"norwood.mouth",0.75790907675541,3.07458892521667
18,2021-07-30 02:20:00,15.75,"norwood.mouth",0.760525514089871,2.93705178979436
18,2021-07-30 02:35:00,15.75,"norwood.mouth",0.781519699812383,2.77089993746091
18,2021-07-30 02:45:00,15.688,"norwood.mouth",0.790172329702487,2.739160570097
18,2021-07-30 02:55:00,15.813,"norwood.mouth",0.763309067890489,2.92085282481405
18,2021-07-30 03:10:00,15.938,"norwood.mouth",0.744822508138273,2.86580227871648
18,2021-07-30 03:20:00,16.001,"norwood.mouth",0.731769689363037,3.04590900533417
18,2021-07-30 03:35:00,16.189,"norwood.mouth",0.70919800280855,3.30558480262131
18,2021-07-30 03:45:00,16.126,"norwood.mouth",0.707669276830953,3.22195347766007
18,2021-07-30 03:55:00,17.129,"norwood.mouth",0.65578313253012,3.74770682730924
18,2021-07-30 04:10:00,16.502,"norwood.mouth",0.699921507064364,3.21102407116693
18,2021-07-30 04:20:00,15.75,"norwood.mouth",0.74853704577631,2.58065880132138
18,2021-07-30 04:35:00,16.314,"norwood.mouth",0.70790841182202,3.09205071993071
18,2021-07-30 04:45:00,16.252,"norwood.mouth",0.711487024359179,3.12541044419678
18,2021-07-30 04:55:00,16.064,"norwood.mouth",0.719858662855328,2.99017656556032
18,2021-07-30 05:10:00,16.126,"norwood.mouth",0.721207069023007,3.01547507502501
18,2021-07-30 05:20:00,17.254,"norwood.mouth",0.621309424520434,3.9324128440367
18,2021-07-30 05:35:00,19.384,"norwood.mouth",0.445967202141901,5.5900817994199
18,2021-07-30 05:45:00,18.131,"norwood.mouth",0.548733108108108,4.58172339527027
18,2021-07-30 05:55:00,17.818,"norwood.mouth",0.56827495042961,4.28325319453624
18,2021-07-30 06:10:00,16.189,"norwood.mouth",0.706890756302521,2.98252717086835
18,2021-07-30 06:20:00,16.565,"norwood.mouth",0.665117045829212,3.38588237718431
18,2021-07-30 06:35:00,16.126,"norwood.mouth",0.697600197921821,2.99521210621804
18,2021-07-30 06:45:00,15.186,"norwood.mouth",0.773930921052632,2.26848972039474
18,2021-07-30 06:55:00,16.314,"norwood.mouth",0.677878195733594,3.12393307278945
18,2021-07-30 07:10:00,17.129,"norwood.mouth",0.610798960701526,3.87051932445599
18,2021-07-30 07:20:00,16.064,"norwood.mouth",0.694707408007781,3.20000940184795
18,2021-07-30 07:35:00,15.374,"norwood.mouth",0.753126559121903,2.57898553134874
18,2021-07-30 07:45:00,16.001,"norwood.mouth",0.692666005946482,3.09399306243806
18,2021-07-30 07:55:00,16.816,"norwood.mouth",0.63025371390419,3.71246892561064
18,2021-07-30 08:10:00,16.816,"norwood.mouth",0.625946475195823,3.80788859878155
18,2021-07-30 08:20:00,16.816,"norwood.mouth",0.628157850825964,3.84272804382891
18,2021-07-30 08:35:00,17.38,"norwood.mouth",0.574792817679558,4.44647203038674
18,2021-07-30 08:45:00,15.312,"norwood.mouth",0.74582284851535,3.0428973326623
18,2021-07-30 08:55:00,15.688,"norwood.mouth",0.717993366500829,3.39525760088447
18,2021-07-30 09:10:00,15.625,"norwood.mouth",0.720056497175141,3.46119020715631
18,2021-07-30 09:20:00,15.186,"norwood.mouth",0.760332041125906,3.46523113658071
18,2021-07-30 09:35:00,15.813,"norwood.mouth",0.700810453192193,4.14058661373911
18,2021-07-30 09:45:00,16.189,"norwood.mouth",0.677275844333962,4.43765789473684
18,2021-07-30 09:55:00,14.873,"norwood.mouth",0.796531791907514,3.81948603082852
18,2021-07-30 10:10:00,14.183,"norwood.mouth",0.935766257389723,3.36498590268304
18,2021-07-30 10:20:00,14.497,"norwood.mouth",0.8219703215169,3.89998433635614
18,2021-07-30 10:35:00,14.434,"norwood.mouth",0.826015663240333,4.04205547397618
18,2021-07-30 10:45:00,14.559,"norwood.mouth",0.831302056773755,4.14924505637713
18,2021-07-30 10:55:00,15.374,"norwood.mouth",0.759256499420434,4.82159551802175
18,2021-07-30 11:10:00,14.497,"norwood.mouth",0.840539651201053,4.69464505868158
18,2021-07-30 11:20:00,14.058,"norwood.mouth",0.916912599318956,4.40804370034052
18,2021-07-30 11:35:00,13.682,"norwood.mouth",1.03956478733927,4.1594592812397
18,2021-07-30 11:45:00,14.121,"norwood.mouth",0.931632653061224,4.38051020408163
18,2021-07-30 11:55:00,14.121,"norwood.mouth",0.920797962648557,4.48342699490662
18,2021-07-30 12:10:00,13.494,"norwood.mouth",1.23240938166311,4.12719243070362
18,2021-07-30 12:20:00,13.431,"norwood.mouth",1.25319829424307,4.14075621890547
18,2021-07-30 12:35:00,13.494,"norwood.mouth",1.20682302771855,4.41203216062544
18,2021-07-30 12:45:00,13.556,"norwood.mouth",1.18656716417911,4.66216044776119
18,2021-07-30 12:55:00,13.368,"norwood.mouth",1.31386138613861,4.54100082508251
18,2021-07-30 13:10:00,13.431,"norwood.mouth",1.30172413793103,5.01446551724138
18,2021-07-30 13:20:00,13.494,"norwood.mouth",1.20892494929006,5.26842021636241
18,2021-07-30 13:35:00,13.494,"norwood.mouth",1.21584158415842,5.31997689768977
18,2021-07-30 13:45:00,13.556,"norwood.mouth",1.16137295081967,5.78207069672131
18,2021-07-30 13:55:00,13.556,"norwood.mouth",1.1521836506159,5.99829759238522
18,2021-07-30 14:10:00,13.682,"norwood.mouth",1.11261352169526,6.28311427850656
18,2021-07-30 14:20:00,13.556,"norwood.mouth",1.1683,6.094662
18,2021-07-30 14:35:00,14.622,"norwood.mouth",0.921288295365279,7.01796681068342
18,2021-07-30 14:45:00,13.556,"norwood.mouth",1.15066518847007,6.55870509977827
18,2021-07-30 14:55:00,13.744,"norwood.mouth",1.08593429158111,6.82221663244353
18,2021-07-30 15:10:00,13.807,"norwood.mouth",1.05485629335976,6.87163280475719
18,2021-07-30 15:20:00,13.619,"norwood.mouth",1.14916897506925,6.62283933518006
18,2021-07-30 15:35:00,13.744,"norwood.mouth",1.08446014127144,6.91373410696266
18,2021-07-30 15:45:00,13.431,"norwood.mouth",1.24778206364513,6.26247637415622
18,2021-07-30 15:55:00,13.619,"norwood.mouth",1.16477055449331,6.67688193116635
18,2021-07-30 16:10:00,13.87,"norwood.mouth",1.09421487603306,7.1550867768595
18,2021-07-30 16:20:00,13.807,"norwood.mouth",1.14380677126342,6.97073905862923
18,2021-07-30 16:35:00,13.744,"norwood.mouth",1.22534696859021,6.90805624543462
18,2021-07-30 16:45:00,13.682,"norwood.mouth",1.22045624532536,6.96021204188482
18,2021-07-30 16:55:00,13.807,"norwood.mouth",1.15992647058824,7.00588602941176
18,2021-07-30 17:10:00,13.619,"norwood.mouth",1.25847457627119,7.00758474576271
18,2021-07-30 17:20:00,13.87,"norwood.mouth",1.15824548192771,7.22911596385542
18,2021-07-30 17:35:00,13.682,"norwood.mouth",1.24173819742489,7.05706384120172
18,2021-07-30 17:45:00,13.619,"norwood.mouth",1.26371490280778,6.9983288336933
18,2021-07-30 17:55:00,14.058,"norwood.mouth",1.11775994417306,7.07880111653873
18,2021-07-30 18:10:00,13.682,"norwood.mouth",1.24388111888112,7.09682255244755
18,2021-07-30 18:20:00,13.807,"norwood.mouth",1.19908127208481,7.21150141342756
18,2021-07-30 18:35:00,14.183,"norwood.mouth",1.07450549450549,7.36907692307692
18,2021-07-30 18:45:00,14.058,"norwood.mouth",1.13683673469388,7.2611862244898
18,2021-07-30 18:55:00,14.559,"norwood.mouth",0.989817232375979,7.21096083550914
18,2021-07-30 19:10:00,13.995,"norwood.mouth",1.14190064794816,7.01720896328294
18,2021-07-30 19:20:00,13.682,"norwood.mouth",1.23810043668122,6.95280349344978
18,2021-07-30 19:35:00,13.932,"norwood.mouth",1.14009433962264,6.96922405660377
18,2021-07-30 19:45:00,13.619,"norwood.mouth",1.23862629246677,6.80738626292467
18,2021-07-30 19:55:00,13.744,"norwood.mouth",1.1891454965358,6.76754965357968
18,2021-07-30 20:10:00,14.936,"norwood.mouth",0.920573770491803,7.17172704918033
18,2021-07-30 20:20:00,13.682,"norwood.mouth",1.18227848101266,6.77493987341772
18,2021-07-30 20:35:00,14.497,"norwood.mouth",0.960305676855895,7.0573327510917
18,2021-07-30 20:45:00,14.434,"norwood.mouth",0.970863309352518,6.88220863309352
18,2021-07-30 20:55:00,14.998,"norwood.mouth",0.904664031620553,6.90907984189723
18,2021-07-30 21:10:00,13.556,"norwood.mouth",1.19246753246753,6.21622142857143
18,2021-07-30 21:20:00,14.873,"norwood.mouth",0.88192118226601,6.25954778325123
18,2021-07-30 21:35:00,13.243,"norwood.mouth",1.30119047619048,5.62843253968254
18,2021-07-30 21:45:00,13.18,"norwood.mouth",1.33935779816514,5.47134403669725
18,2021-07-30 21:55:00,13.117,"norwood.mouth",1.34600347523892,5.28678410078193
18,2021-07-30 22:10:00,13.055,"norwood.mouth",1.36190257352941,5.05154044117647
18,2021-07-30 22:20:00,13.117,"norwood.mouth",1.32330472103004,4.89642660944206
18,2021-07-30 22:35:00,13.117,"norwood.mouth",1.30611954459203,4.60057613851992
18,2021-07-30 22:45:00,13.243,"norwood.mouth",1.26770538243626,4.47207436260623
18,2021-07-30 22:55:00,13.18,"norwood.mouth",1.26866995073892,4.24336527093596
18,2021-07-30 23:10:00,13.117,"norwood.mouth",1.28661538461538,4.06356153846154
18,2021-07-30 23:20:00,13.117,"norwood.mouth",1.2804347826087,3.94997826086957
18,2021-07-30 23:35:00,13.117,"norwood.mouth",1.27218844984802,3.70169300911854
18,2021-07-30 23:45:00,13.18,"norwood.mouth",1.24684260131951,3.5351774269557
18,2021-07-30 23:55:00,13.055,"norwood.mouth",1.31634078212291,3.44209567039106
18,2021-07-31 00:10:00,12.929,"norwood.mouth",1.34262851600388,3.21156644034918
18,2021-07-31 00:20:00,13.368,"norwood.mouth",1.13641912512716,3.0188021363174
18,2021-07-31 00:35:00,13.117,"norwood.mouth",1.25378937007874,2.90147293307087
18,2021-07-31 00:45:00,13.243,"norwood.mouth",1.20079113924051,2.81711313291139
18,2021-07-31 00:55:00,13.117,"norwood.mouth",1.24757785467128,2.69189965397924
18,2021-07-31 01:10:00,13.995,"norwood.mouth",0.9375,2.54845833333333
18,2021-07-31 01:20:00,16.064,"norwood.mouth",0.703454846727423,3.8249207953604
18,2021-07-31 01:35:00,16.44,"norwood.mouth",0.694766559919096,3.74033119838193
18,2021-07-31 01:45:00,15.186,"norwood.mouth",0.808145970252508,2.66333379453476
18,2021-07-31 01:55:00,15.249,"norwood.mouth",0.803451607236958,2.59971731366005
18,2021-07-31 02:10:00,15.374,"norwood.mouth",0.792805383022774,2.76116183574879
18,2021-07-31 02:20:00,15.249,"norwood.mouth",0.792483209919063,2.72930055679927
18,2021-07-31 02:35:00,15.312,"norwood.mouth",0.77188393608074,2.85511084945332
18,2021-07-31 02:45:00,15.876,"norwood.mouth",0.735048643113159,3.1000838026967
18,2021-07-31 02:55:00,15.312,"norwood.mouth",0.783846153846154,2.69598461538461
18,2021-07-31 03:10:00,16.126,"norwood.mouth",0.712536975813468,3.35309732614118
18,2021-07-31 03:20:00,16.502,"norwood.mouth",0.672569383836621,3.75502257520219
18,2021-07-31 03:35:00,17.192,"norwood.mouth",0.618318397469689,4.22550948866632
18,2021-07-31 03:45:00,17.442,"norwood.mouth",0.590859469762606,4.47541769190781
18,2021-07-31 03:55:00,16.628,"norwood.mouth",0.66442663378545,3.66997965474722
18,2021-07-31 04:10:00,15.876,"norwood.mouth",0.72712599791739,2.94269212079139
18,2021-07-31 04:20:00,17.066,"norwood.mouth",0.624025745018515,3.90067759948275
18,2021-07-31 04:35:00,16.502,"norwood.mouth",0.676059398768562,3.41615214897984
18,2021-07-31 04:45:00,16.941,"norwood.mouth",0.639934947596675,3.79438371882906
18,2021-07-31 04:55:00,16.126,"norwood.mouth",0.70700508504296,3.03669153661816
18,2021-07-31 05:10:00,17.818,"norwood.mouth",0.555300988319856,4.50862264150943
18,2021-07-31 05:20:00,15.75,"norwood.mouth",0.729703141180531,2.74337947301807
18,2021-07-31 05:35:00,15.437,"norwood.mouth",0.771463591792264,2.40709663458628
18,2021-07-31 05:45:00,16.126,"norwood.mouth",0.703777858307664,3.01357401703207
18,2021-07-31 05:55:00,17.505,"norwood.mouth",0.577821083890126,4.29735111977233
18,2021-07-31 06:10:00,17.129,"norwood.mouth",0.606876499907698,3.87470666420528
18,2021-07-31 06:20:00,15.562,"norwood.mouth",0.735501595179014,2.59902989483635
18,2021-07-31 06:35:00,16.44,"norwood.mouth",0.665238954012624,3.34997565374211
18,2021-07-31 06:45:00,15.625,"norwood.mouth",0.729946524064171,2.61833957219251
18,2021-07-31 06:55:00,14.748,"norwood.mouth",0.811731943945383,1.75950736615164
18,2021-07-31 07:10:00,15.688,"norwood.mouth",0.731852198316183,2.78353928905519
18,2021-07-31 07:20:00,15.124,"norwood.mouth",0.781584640346133,2.27562898864251
18,2021-07-31 07:35:00,15.124,"norwood.mouth",0.767194649771207,2.23057385896985
18,2021-07-31 07:45:00,15.813,"norwood.mouth",0.710350688853104,2.8823726367269
18,2021-07-31 07:55:00,14.748,"norwood.mouth",0.800070696359138,1.96461882879698
18,2021-07-31 08:10:00,15.437,"norwood.mouth",0.734869596284387,2.69976143265452
18,2021-07-31 08:20:00,15.5,"norwood.mouth",0.729218472468917,2.8846323268206
18,2021-07-31 08:35:00,15.061,"norwood.mouth",0.770398912058024,2.6950132970686
18,2021-07-31 08:45:00,16.064,"norwood.mouth",0.674676508110078,3.66356715873884
18,2021-07-31 08:55:00,15.5,"norwood.mouth",0.717950355904362,3.4355815842307
18,2021-07-31 09:10:00,14.183,"norwood.mouth",0.839655803734896,2.57539109605761
18,2021-07-31 09:20:00,14.246,"norwood.mouth",0.838028296753129,2.82218320333756
18,2021-07-31 09:35:00,14.434,"norwood.mouth",0.819162210338681,3.36844533571004
18,2021-07-31 09:45:00,13.744,"norwood.mouth",0.910961538461538,3.19440865384615
18,2021-07-31 09:55:00,14.058,"norwood.mouth",0.867821782178218,3.56747524752475
18,2021-07-31 10:10:00,13.744,"norwood.mouth",0.92324290998767,3.59338101109741
18,2021-07-31 10:20:00,14.497,"norwood.mouth",0.831253347616497,4.12400910551687
18,2021-07-31 10:35:00,13.556,"norwood.mouth",0.955834092980857,3.89218003646308
18,2021-07-31 10:45:00,13.682,"norwood.mouth",0.941081330868761,3.94690573012939
18,2021-07-31 10:55:00,13.494,"norwood.mouth",0.971216216216216,3.99335337837838
18,2021-07-31 11:10:00,14.622,"norwood.mouth",0.830727665706052,4.589724123439
18,2021-07-31 11:20:00,13.431,"norwood.mouth",0.985593220338983,4.29182485875706
18,2021-07-31 11:35:00,13.87,"norwood.mouth",0.939665653495441,4.56315856129686
18,2021-07-31 11:45:00,13.368,"norwood.mouth",1.17145899893504,4.05314217252396
18,2021-07-31 11:55:00,13.368,"norwood.mouth",1.08123425692695,4.40393198992443
18,2021-07-31 12:10:00,13.305,"norwood.mouth",1.12567567567568,4.86418918918919
18,2021-07-31 12:20:00,13.431,"norwood.mouth",1.01136044880785,4.88494985974754
18,2021-07-31 12:35:00,13.368,"norwood.mouth",1.06571627260083,5.03873852573018
18,2021-07-31 12:45:00,13.305,"norwood.mouth",1.10647887323944,5.10429014084507
18,2021-07-31 12:55:00,13.305,"norwood.mouth",1.10909090909091,5.17838636363636
18,2021-07-31 13:10:00,13.243,"norwood.mouth",1.13167613636364,5.31040482954546
18,2021-07-31 13:20:00,13.305,"norwood.mouth",1.10257801899593,5.47986940298507
18,2021-07-31 13:35:00,13.368,"norwood.mouth",1.1387176325524,5.75792231812577
18,2021-07-31 13:45:00,13.368,"norwood.mouth",1.07280431432974,6.0922157164869
18,2021-07-31 13:55:00,13.619,"norwood.mouth",0.994809322033898,6.57726765536723
18,2021-07-31 14:10:00,13.305,"norwood.mouth",1.19293349168646,6.10488925178147
18,2021-07-31 14:20:00,13.431,"norwood.mouth",1.15574971815107,6.2734182638106
18,2021-07-31 14:35:00,13.368,"norwood.mouth",1.24831460674157,6.22468539325843
18,2021-07-31 14:45:00,13.494,"norwood.mouth",1.17151832460733,6.56514947643979
18,2021-07-31 14:55:00,13.431,"norwood.mouth",1.19762456546929,6.74949130938586
18,2021-07-31 15:10:00,13.494,"norwood.mouth",1.20143737166324,6.90147587268994
18,2021-07-31 15:20:00,13.431,"norwood.mouth",1.25144230769231,6.88252323717948
18,2021-07-31 15:35:00,13.494,"norwood.mouth",1.20262295081967,7.16605573770492
18,2021-07-31 15:45:00,13.494,"norwood.mouth",1.19902794653706,7.11126883353584
18,2021-07-31 15:55:00,13.494,"norwood.mouth",1.2196682464455,7.06668720379147
18,2021-07-31 16:10:00,13.556,"norwood.mouth",1.17505966587112,7.25682577565632
18,2021-07-31 16:20:00,13.682,"norwood.mouth",1.18069498069498,7.2900666023166
18,2021-07-31 16:35:00,13.682,"norwood.mouth",1.17376705141658,7.48384863588667
18,2021-07-31 16:45:00,13.744,"norwood.mouth",1.1830971659919,7.31544028340081
18,2021-07-31 16:55:00,13.682,"norwood.mouth",1.21894317048853,7.42226171485543
18,2021-07-31 17:10:00,13.494,"norwood.mouth",1.25182481751825,7.63159671532847
18,2021-07-31 17:20:00,13.682,"norwood.mouth",1.1907027027027,7.85544324324324
18,2021-07-31 17:35:00,13.744,"norwood.mouth",1.18478038815117,7.88732175689479
18,2021-07-31 17:45:00,13.682,"norwood.mouth",1.21508325171401,7.94899387855044
18,2021-07-31 17:55:00,13.807,"norwood.mouth",1.19441816461684,7.9503110217597
18,2021-07-31 18:10:00,13.807,"norwood.mouth",1.20577105014191,8.01026064333018
18,2021-07-31 18:20:00,13.807,"norwood.mouth",1.20208148804252,8.03789415411869
18,2021-07-31 18:35:00,13.87,"norwood.mouth",1.18114233907525,8.28618268359021
18,2021-07-31 18:45:00,13.744,"norwood.mouth",1.22265402843602,8.27120213270142
18,2021-07-31 18:55:00,13.682,"norwood.mouth",1.25124282982792,8.28177342256214
18,2021-07-31 19:10:00,13.744,"norwood.mouth",1.21548076923077,8.40353557692308
18,2021-07-31 19:20:00,13.619,"norwood.mouth",1.2789552238806,8.23486119402985
18,2021-07-31 19:35:00,13.744,"norwood.mouth",1.23446069469835,8.21712431444241
18,2021-07-31 19:45:00,13.995,"norwood.mouth",1.13121572212066,8.36918007312614
18,2021-07-31 19:55:00,13.682,"norwood.mouth",1.22563143124415,8.19003180542563
18,2021-07-31 20:10:00,13.744,"norwood.mouth",1.18153681963714,8.15292662753468
18,2021-07-31 20:20:00,13.682,"norwood.mouth",1.22434274586173,7.93489946445959
18,2021-07-31 20:35:00,13.682,"norwood.mouth",1.20539419087137,7.83021991701245
18,2021-07-31 20:45:00,14.309,"norwood.mouth",0.992233384853169,8.08514026275116
18,2021-07-31 20:55:00,13.682,"norwood.mouth",1.21176470588235,7.67725
18,2021-07-31 21:10:00,13.619,"norwood.mouth",1.22414933837429,7.4528393194707
18,2021-07-31 21:20:00,13.807,"norwood.mouth",1.12634069400631,7.46968454258675
18,2021-07-31 21:35:00,13.556,"norwood.mouth",1.22435033686237,7.13026154956689
18,2021-07-31 21:45:00,13.494,"norwood.mouth",1.25095285857573,6.85945862587763
18,2021-07-31 21:55:00,13.494,"norwood.mouth",1.26008316008316,6.7498238045738
18,2021-07-31 22:10:00,13.431,"norwood.mouth",1.26610810810811,6.50609405405405
18,2021-07-31 22:20:00,13.494,"norwood.mouth",1.22371721778791,6.33295496009122
18,2021-07-31 22:35:00,13.431,"norwood.mouth",1.23488493723849,5.97085355648536
18,2021-07-31 22:45:00,13.431,"norwood.mouth",1.22254707631318,5.79560009910803
18,2021-07-31 22:55:00,13.431,"norwood.mouth",1.22934549356223,5.60096003218884
18,2021-07-31 23:10:00,13.494,"norwood.mouth",1.16876574307305,5.28548215785055
18,2021-07-31 23:20:00,13.431,"norwood.mouth",1.18765281173594,5.12245802770986
18,2021-07-31 23:35:00,13.619,"norwood.mouth",1.02805039787798,4.7857125331565
18,2021-07-31 23:45:00,13.682,"norwood.mouth",1.01795511221945,4.60292581047382
18,2021-07-31 23:55:00,14.309,"norwood.mouth",0.925068493150685,4.16596073059361
18,2021-08-01 00:10:00,15.562,"norwood.mouth",0.760196445275959,4.47058840037418
18,2021-08-01 00:20:00,13.87,"norwood.mouth",0.9775,3.9678875
18,2021-08-01 00:35:00,13.87,"norwood.mouth",0.965416285452882,3.85516514181153
18,2021-08-01 00:45:00,13.995,"norwood.mouth",0.958248730964467,3.53084115905245
18,2021-08-01 00:55:00,15.124,"norwood.mouth",0.802528735632184,3.59133601532567
18,2021-08-01 01:10:00,16.314,"norwood.mouth",0.664719626168224,4.59314914330218
18,2021-08-01 01:20:00,15.938,"norwood.mouth",0.699827387802071,4.25236996547756
18,2021-08-01 01:35:00,13.494,"norwood.mouth",1.05528255528256,3.00155712530713
18,2021-08-01 01:45:00,15.312,"norwood.mouth",0.774975514201763,3.38960855370552
18,2021-08-01 01:55:00,15.124,"norwood.mouth",0.803252864157119,3.04892911211129
18,2021-08-01 02:10:00,16.314,"norwood.mouth",0.682959412604528,4.22560228431573
18,2021-08-01 02:20:00,16.502,"norwood.mouth",0.661631764461953,4.4259527610754
18,2021-08-01 02:35:00,16.252,"norwood.mouth",0.690607616602482,4.03433397518186
18,2021-08-01 02:45:00,16.565,"norwood.mouth",0.645565006075334,4.37004374240583
18,2021-08-01 02:55:00,15.876,"norwood.mouth",0.711508977203954,3.84073441597741
18,2021-08-01 03:10:00,16.44,"norwood.mouth",0.662408759124087,4.18085888077859
18,2021-08-01 03:20:00,17.129,"norwood.mouth",0.584260763606824,4.83272623883022
18,2021-08-01 03:35:00,17.004,"norwood.mouth",0.592801316330728,4.66082397504457
18,2021-08-01 03:45:00,16.252,"norwood.mouth",0.675695931477516,4.00283226266952
18,2021-08-01 03:55:00,16.252,"norwood.mouth",0.674803149606299,4.06982349081365
18,2021-08-01 04:10:00,15.374,"norwood.mouth",0.758956485002112,2.97856991972962
18,2021-08-01 04:20:00,15.75,"norwood.mouth",0.716545376712329,3.39936861444064
18,2021-08-01 04:35:00,16.377,"norwood.mouth",0.649443493150685,3.94440646404109
18,2021-08-01 04:45:00,14.81,"norwood.mouth",0.813206732844195,2.38833800891958
18,2021-08-01 04:55:00,17.004,"norwood.mouth",0.572612513721185,4.79454774972558
18,2021-08-01 05:10:00,15.562,"norwood.mouth",0.718369351669941,3.39942043222004
18,2021-08-01 05:20:00,17.066,"norwood.mouth",0.552708559046587,4.86174828457927
18,2021-08-01 05:35:00,17.442,"norwood.mouth",0.505758880516684,5.26597416576965
18,2021-08-01 05:45:00,15.186,"norwood.mouth",0.773827660080933,3.06654494961517
18,2021-08-01 05:55:00,16.565,"norwood.mouth",0.601826484018265,4.42883713850837
18,2021-08-01 06:10:00,15.312,"norwood.mouth",0.731458286736748,3.16377820025348
18,2021-08-01 06:20:00,15.312,"norwood.mouth",0.739750822755054,2.96980402758188
18,2021-08-01 06:35:00,15.249,"norwood.mouth",0.727728776185226,3.0084454244763
18,2021-08-01 06:45:00,15.312,"norwood.mouth",0.715845755022683,3.1488088139987
18,2021-08-01 06:55:00,16.565,"norwood.mouth",0.583968609865471,4.4704052690583
18,2021-08-01 07:10:00,15.813,"norwood.mouth",0.656386779812416,3.76515096025011
18,2021-08-01 07:20:00,16.753,"norwood.mouth",0.546857267568747,4.75367459624618
18,2021-08-01 07:35:00,15.938,"norwood.mouth",0.641987853305302,3.93323880713229
18,2021-08-01 07:45:00,15.5,"norwood.mouth",0.67855843565257,3.58682795209944
18,2021-08-01 07:55:00,16.502,"norwood.mouth",0.558706639099472,4.58342101232866
18,2021-08-01 08:10:00,16.126,"norwood.mouth",0.601303317535545,4.33966429699842
18,2021-08-01 08:20:00,15.625,"norwood.mouth",0.656219017575484,3.97458645035301
18,2021-08-01 08:35:00,15.876,"norwood.mouth",0.626321684587814,4.34599910394265
18,2021-08-01 08:45:00,15.312,"norwood.mouth",0.69141392567279,3.87001879538659
18,2021-08-01 08:55:00,14.497,"norwood.mouth",0.776131418624891,3.20180214679431
18,2021-08-01 09:10:00,14.873,"norwood.mouth",0.734470882905448,3.74592266750157
18,2021-08-01 09:20:00,15.186,"norwood.mouth",0.709446502505993,3.97545805186315
18,2021-08-01 09:35:00,15.437,"norwood.mouth",0.680134357005758,4.43013531669866
18,2021-08-01 09:45:00,15.938,"norwood.mouth",0.622380570052188,4.80856041750301
18,2021-08-01 09:55:00,14.622,"norwood.mouth",0.754437869822485,3.86190729783038
18,2021-08-01 10:10:00,14.309,"norwood.mouth",0.78649564375605,4.04347628267183
18,2021-08-01 10:20:00,15.5,"norwood.mouth",0.697233606557377,5.07470389344262
18,2021-08-01 10:35:00,14.058,"norwood.mouth",0.865743440233236,4.10862390670554
18,2021-08-01 10:45:00,13.87,"norwood.mouth",0.846537396121884,3.9812176823638
18,2021-08-01 10:55:00,15.061,"norwood.mouth",0.738368850826528,4.88376860519153
18,2021-08-01 11:10:00,16.628,"norwood.mouth",0.598197232508283,6.16287838627948
18,2021-08-01 11:20:00,16.314,"norwood.mouth",0.625157853196527,5.89786977111286
18,2021-08-01 11:35:00,15.938,"norwood.mouth",0.666848037310532,5.68682096126441
18,2021-08-01 11:45:00,14.998,"norwood.mouth",0.769893847061136,5.22977930672957
18,2021-08-01 11:55:00,14.936,"norwood.mouth",0.787560130844718,5.36313068436919
18,2021-08-01 12:10:00,13.494,"norwood.mouth",1.21016166281755,4.20350423402617
18,2021-08-01 12:20:00,14.559,"norwood.mouth",0.828152654867257,5.29165431415929
18,2021-08-01 12:35:00,15.249,"norwood.mouth",0.784360527253295,6.02178289395559
18,2021-08-01 12:45:00,14.058,"norwood.mouth",0.974757281553398,5.2850574433657
18,2021-08-01 12:55:00,16.502,"norwood.mouth",0.6377543980683,6.8349699896516
18,2021-08-01 13:10:00,13.995,"norwood.mouth",0.976619964973731,5.95013309982487
18,2021-08-01 13:20:00,13.87,"norwood.mouth",1.0445765230312,5.6826118127786
18,2021-08-01 13:35:00,13.368,"norwood.mouth",1.4255033557047,4.97532438478747
18,2021-08-01 13:45:00,13.932,"norwood.mouth",1.11296076099881,6.24561860879905
18,2021-08-01 13:55:00,14.497,"norwood.mouth",0.960485537190083,7.28984039256198
18,2021-08-01 14:10:00,14.622,"norwood.mouth",0.938906752411576,7.02784003215434
18,2021-08-01 14:20:00,15.437,"norwood.mouth",0.825971491600204,7.23184439165111
18,2021-08-01 14:35:00,13.995,"norwood.mouth",1.16155531215772,6.61246714129244
18,2021-08-01 14:45:00,14.998,"norwood.mouth",0.912987679671458,7.42702874743326
18,2021-08-01 14:55:00,13.87,"norwood.mouth",1.26168699186992,6.79991920731707
18,2021-08-01 15:10:00,13.87,"norwood.mouth",1.29846014492754,6.9085661231884
18,2021-08-01 15:20:00,13.87,"norwood.mouth",1.31079931972789,7.06188236961451
18,2021-08-01 15:35:00,13.932,"norwood.mouth",1.2875,7.28545833333333
18,2021-08-01 15:45:00,13.932,"norwood.mouth",1.27772140221402,7.31649792435424
18,2021-08-01 15:55:00,13.932,"norwood.mouth",1.30764075067024,7.42341152815013
18,2021-08-01 16:10:00,14.121,"norwood.mouth",1.26761786600496,7.90042307692308
18,2021-08-01 16:20:00,14.058,"norwood.mouth",1.29521812080537,7.92219505033557
18,2021-08-01 16:35:00,14.058,"norwood.mouth",1.31042003231018,7.92847172859451
18,2021-08-01 16:45:00,14.183,"norwood.mouth",1.27066831683168,8.04576051980198
18,2021-08-01 16:55:00,14.183,"norwood.mouth",1.28152173913043,8.05623731884058
18,2021-08-01 17:10:00,14.183,"norwood.mouth",1.2808647260274,8.31066181506849
18,2021-08-01 17:20:00,14.246,"norwood.mouth",1.27,8.5071
18,2021-08-01 17:35:00,14.371,"norwood.mouth",1.21296670030272,8.71138900100908
18,2021-08-01 17:45:00,14.246,"norwood.mouth",1.27414675767918,8.6551228668942
18,2021-08-01 17:55:00,14.434,"norwood.mouth",1.21465741543799,8.61857957502168
18,2021-08-01 18:10:00,14.246,"norwood.mouth",1.2902972027972,8.56048339160839
18,2021-08-01 18:20:00,15.124,"norwood.mouth",0.991888111888112,9.01085524475524
18,2021-08-01 18:35:00,14.497,"norwood.mouth",1.1904478976234,8.90616476234004
18,2021-08-01 18:45:00,14.497,"norwood.mouth",1.18753375337534,9.03357875787579
18,2021-08-01 18:55:00,14.998,"norwood.mouth",0.99902052238806,9.18856786380597
18,2021-08-01 19:10:00,14.497,"norwood.mouth",1.19156468531469,9.03069077797203
18,2021-08-01 19:20:00,14.497,"norwood.mouth",1.19601967799642,9.12964244186047
18,2021-08-01 19:35:00,14.622,"norwood.mouth",1.12593582887701,9.13164705882353
18,2021-08-01 19:45:00,15.312,"norwood.mouth",0.970609981515712,8.84297966728281
18,2021-08-01 19:55:00,14.622,"norwood.mouth",1.14352422907489,8.66646762114537
18,2021-08-01 20:10:00,14.309,"norwood.mouth",1.24386343993086,8.53923984442524
18,2021-08-01 20:20:00,14.246,"norwood.mouth",1.27520064205457,8.5180922953451
18,2021-08-01 20:35:00,14.371,"norwood.mouth",1.23005617977528,8.35168398876404
18,2021-08-01 20:45:00,14.183,"norwood.mouth",1.2808647260274,8.17620976027397
18,2021-08-01 20:55:00,14.058,"norwood.mouth",1.29868651488616,7.97577408056042
18,2021-08-01 21:10:00,14.121,"norwood.mouth",1.29175392670157,7.79814267015707
18,2021-08-01 21:20:00,14.058,"norwood.mouth",1.29693308550186,7.64970492565056
18,2021-08-01 21:35:00,14.121,"norwood.mouth",1.25375939849624,7.23886842105263
18,2021-08-01 21:45:00,14.058,"norwood.mouth",1.28299379982285,6.99596124889283
18,2021-08-01 21:55:00,14.246,"norwood.mouth",1.19449499545041,6.70377343039126
18,2021-08-01 22:10:00,14.183,"norwood.mouth",1.19115770282589,6.35950660893346
18,2021-08-01 22:20:00,14.183,"norwood.mouth",1.15663983903421,6.07132193158954
18,2021-08-01 22:35:00,14.058,"norwood.mouth",1.20071022727273,5.81825497159091
18,2021-08-01 22:45:00,14.121,"norwood.mouth",1.15365853658537,5.48746341463415
18,2021-08-01 22:55:00,13.995,"norwood.mouth",1.1902962206333,5.28125
18,2021-08-01 23:10:00,13.744,"norwood.mouth",1.28476923076923,5.14389384615385
18,2021-08-01 23:20:00,13.932,"norwood.mouth",1.17079545454545,4.73647045454545
18,2021-08-01 23:35:00,14.371,"norwood.mouth",0.975719424460432,4.02278956834532
18,2021-08-01 23:45:00,13.807,"norwood.mouth",1.15533807829182,4.17931316725979
18,2021-08-01 23:55:00,13.807,"norwood.mouth",1.12634615384615,4.07370769230769
18,2021-08-02 00:10:00,13.87,"norwood.mouth",1.10222717149221,3.71922160356347
18,2021-08-02 00:20:00,13.556,"norwood.mouth",1.24565483476132,3.58902356181151
18,2021-08-02 00:35:00,13.494,"norwood.mouth",1.30329012961117,3.37183923230309
18,2021-08-02 00:45:00,14.058,"norwood.mouth",1.01896733403583,2.98436933614331
18,2021-08-02 00:55:00,13.619,"norwood.mouth",1.22352620087336,3.06721179039301
18,2021-08-02 01:10:00,13.619,"norwood.mouth",1.21735668789809,2.83133917197452
18,2021-08-02 01:20:00,13.932,"norwood.mouth",1.07462537462537,2.54704795204795
18,2021-08-02 01:35:00,14.246,"norwood.mouth",0.974261603375527,2.44850984528833
18,2021-08-02 01:45:00,16.064,"norwood.mouth",0.789884393063584,2.8987514450867
18,2021-08-02 01:55:00,17.505,"norwood.mouth",0.611674839683139,4.60166654092795
18,2021-08-02 02:10:00,16.628,"norwood.mouth",0.700756302521008,3.62410084033614
18,2021-08-02 02:20:00,16.941,"norwood.mouth",0.662061606977176,4.03879810725552
18,2021-08-02 02:35:00,17.192,"norwood.mouth",0.636671758640443,4.06223734962765
18,2021-08-02 02:45:00,17.442,"norwood.mouth",0.596924231057764,4.39122524381095
18,2021-08-02 02:55:00,17.066,"norwood.mouth",0.65655802081288,3.82863832711565
18,2021-08-02 03:10:00,17.567,"norwood.mouth",0.590713019499704,4.48754835532795
18,2021-08-02 03:20:00,17.63,"norwood.mouth",0.567208952416776,4.60918186947527
18,2021-08-02 03:35:00,16.941,"norwood.mouth",0.633093922651934,3.8671182320442
18,2021-08-02 03:45:00,17.693,"norwood.mouth",0.552425267907501,4.7066098890769
18,2021-08-02 03:55:00,18.194,"norwood.mouth",0.49406015037594,5.25209323308271
18,2021-08-02 04:10:00,17.755,"norwood.mouth",0.538851540616247,4.72540690943044
18,2021-08-02 04:20:00,17.505,"norwood.mouth",0.560590858416946,4.67616313638053
18,2021-08-02 04:35:00,17.38,"norwood.mouth",0.58640805159273,4.29994860269689
18,2021-08-02 04:45:00,17.818,"norwood.mouth",0.526896418944936,4.92325471698113
18,2021-08-02 04:55:00,18.194,"norwood.mouth",0.541194837635304,4.81816579933389
18,2021-08-02 05:10:00,17.755,"norwood.mouth",0.582793522267206,4.30794736842105
18,2021-08-02 05:20:00,17.755,"norwood.mouth",0.56980122324159,4.40268539755352
18,2021-08-02 05:35:00,17.004,"norwood.mouth",0.633492579792641,3.79007562512706
18,2021-08-02 05:45:00,17.63,"norwood.mouth",0.572799511002445,4.35818052159739
18,2021-08-02 05:55:00,17.63,"norwood.mouth",0.566680637049455,4.46781950265437
18,2021-08-02 06:10:00,15.75,"norwood.mouth",0.743269418900411,2.70591175895128
18,2021-08-02 06:20:00,18.194,"norwood.mouth",0.500127726468855,4.83488121438396
18,2021-08-02 06:35:00,17.881,"norwood.mouth",0.534124050112959,4.63068830013008
18,2021-08-02 06:45:00,18.319,"norwood.mouth",0.47962962962963,5.11424691358025
18,2021-08-02 06:55:00,17.755,"norwood.mouth",0.529669030732861,4.61032584712372
18,2021-08-02 07:10:00,17.818,"norwood.mouth",0.530502893634005,4.58846969999335
18,2021-08-02 07:20:00,17.943,"norwood.mouth",0.503884561613741,4.81291325477665
18,2021-08-02 07:35:00,18.382,"norwood.mouth",0.45574358974359,5.22104752136752
18,2021-08-02 07:45:00,19.258,"norwood.mouth",0.374591776509935,6.05601229588826
18,2021-08-02 07:55:00,17.693,"norwood.mouth",0.524052478134111,4.69621185617104
18,2021-08-02 08:10:00,17.442,"norwood.mouth",0.545442682192331,4.45665127484441
18,2021-08-02 08:20:00,18.382,"norwood.mouth",0.449555813055234,5.39962511265611
18,2021-08-02 08:35:00,18.82,"norwood.mouth",0.404784881383192,5.95366974936336
18,2021-08-02 08:45:00,18.945,"norwood.mouth",0.399505948779996,6.11995025878873
18,2021-08-02 08:55:00,16.44,"norwood.mouth",0.637603930461073,4.24613655832704
18,2021-08-02 09:10:00,18.069,"norwood.mouth",0.468054162487462,5.77670845870946
18,2021-08-02 09:20:00,17.63,"norwood.mouth",0.505840225943111,5.48708452693161
18,2021-08-02 09:35:00,19.446,"norwood.mouth",0.341008174386921,6.93754586739328
18,2021-08-02 09:45:00,17.066,"norwood.mouth",0.58903304088109,5.24908848235953
18,2021-08-02 09:55:00,17.066,"norwood.mouth",0.594423617619494,5.29502014995314
18,2021-08-02 10:10:00,15.374,"norwood.mouth",0.748676360924683,4.41001718245091
18,2021-08-02 10:20:00,16.69,"norwood.mouth",0.62075713240673,5.34253471714216
18,2021-08-02 10:35:00,17.63,"norwood.mouth",0.548783732421133,5.9962706195363
18,2021-08-02 10:45:00,17.442,"norwood.mouth",0.576920166477488,6.22085010720141
18,2021-08-02 10:55:00,17.693,"norwood.mouth",0.539992682034394,6.40164507866813
18,2021-08-02 11:10:00,16.064,"norwood.mouth",0.692702903946389,5.45711218664681
18,2021-08-02 11:20:00,14.371,"norwood.mouth",0.869362745098039,4.64283946078431
18,2021-08-02 11:35:00,15.437,"norwood.mouth",0.788579654510557,5.59011836212412
18,2021-08-02 11:45:00,13.932,"norwood.mouth",0.951647373107747,4.71948107747106
18,2021-08-02 11:55:00,15.249,"norwood.mouth",0.81156675248253,5.32518333946304
18,2021-08-02 12:10:00,14.81,"norwood.mouth",0.90648275862069,5.38806724137931
18,2021-08-02 12:20:00,15.437,"norwood.mouth",0.840934527140459,6.05124790151091
18,2021-08-02 12:35:00,15.562,"norwood.mouth",0.847952218430034,6.32865870307167
18,2021-08-02 12:45:00,15.249,"norwood.mouth",0.863645761543763,6.20294073053067
18,2021-08-02 12:55:00,15.186,"norwood.mouth",0.880885311871227,6.33503940308518
18,2021-08-02 13:10:00,14.309,"norwood.mouth",0.986155152887882,6.4381013590034
18,2021-08-02 13:20:00,14.434,"norwood.mouth",0.979250720461095,6.59099783861671
18,2021-08-02 13:35:00,13.807,"norwood.mouth",1.27367424242424,5.66102809343434
18,2021-08-02 13:45:00,13.744,"norwood.mouth",1.30350378787879,5.44805666035353
18,2021-08-02 13:55:00,13.87,"norwood.mouth",1.24355158730159,5.88177149470899
18,2021-08-02 14:10:00,14.183,"norwood.mouth",1.14109848484848,6.7253639520202
18,2021-08-02 14:20:00,13.995,"norwood.mouth",1.25271739130435,6.28583967391304
18,2021-08-02 14:35:00,13.995,"norwood.mouth",1.2734375,6.57177083333333
18,2021-08-02 14:45:00,14.183,"norwood.mouth",1.16763565891473,7.08710109819121
18,2021-08-02 14:55:00,14.058,"norwood.mouth",1.28086672117743,6.76792068683565
18,2021-08-02 15:10:00,14.121,"norwood.mouth",1.25907335907336,7.17734105534106
18,2021-08-02 15:20:00,14.434,"norwood.mouth",1.16915052160954,7.51278191753602
18,2021-08-02 15:35:00,15.75,"norwood.mouth",0.939815848214286,8.66713657924107
18,2021-08-02 15:45:00,14.622,"norwood.mouth",1.12371888726208,8.26943850658858
18,2021-08-02 15:55:00,14.559,"norwood.mouth",1.1386874546773,8.28244923857868
18,2021-08-02 16:10:00,14.622,"norwood.mouth",1.11514004542014,8.31999716124148
18,2021-08-02 16:20:00,14.246,"norwood.mouth",1.24176072234763,8.00972291196388
18,2021-08-02 16:35:00,14.497,"norwood.mouth",1.18640569395018,8.55783202846975
18,2021-08-02 16:45:00,15.186,"norwood.mouth",0.993301335559265,9.01947474958264
18,2021-08-02 16:55:00,15.437,"norwood.mouth",0.969604927782498,8.77355788020391
18,2021-08-02 17:10:00,14.936,"norwood.mouth",1.0089478044739,9.03118144159072
18,2021-08-02 17:20:00,14.246,"norwood.mouth",1.27520064205457,8.6278330658106
18,2021-08-02 17:35:00,14.559,"norwood.mouth",1.18367346938776,8.87232142857143
18,2021-08-02 17:45:00,14.622,"norwood.mouth",1.18589879688606,8.902330502477
18,2021-08-02 17:55:00,14.748,"norwood.mouth",1.12813673929376,9.1447490608565
18,2021-08-02 18:10:00,14.998,"norwood.mouth",1.06530685920578,9.19550902527076
18,2021-08-02 18:20:00,14.748,"norwood.mouth",1.16702923181509,9.16667946974847
18,2021-08-02 18:35:00,14.371,"norwood.mouth",1.28505016722408,9.01509565217391
18,2021-08-02 18:45:00,14.434,"norwood.mouth",1.26867392696989,9.09029356181935
18,2021-08-02 18:55:00,14.685,"norwood.mouth",1.17133333333333,9.09019555555556
18,2021-08-02 19:10:00,14.371,"norwood.mouth",1.27125193199382,8.9699513137558
18,2021-08-02 19:20:00,14.309,"norwood.mouth",1.29739696312364,8.96176572668113
18,2021-08-02 19:35:00,14.371,"norwood.mouth",1.25366242038217,8.96325477707006
18,2021-08-02 19:45:00,14.497,"norwood.mouth",1.18972772277228,9.00470544554455
18,2021-08-02 19:55:00,15.061,"norwood.mouth",0.995165341146923,9.0953340309753
18,2021-08-02 20:10:00,14.81,"norwood.mouth",1.0626901521217,8.85345616493194
18,2021-08-02 20:20:00,14.371,"norwood.mouth",1.22377049180328,8.669
18,2021-08-02 20:35:00,14.246,"norwood.mouth",1.24727722772277,8.36202599009901
18,2021-08-02 20:45:00,14.183,"norwood.mouth",1.26328250401284,8.26430377207063
18,2021-08-02 20:55:00,14.121,"norwood.mouth",1.28776676829268,8.04820198170732
18,2021-08-02 21:10:00,14.058,"norwood.mouth",1.29521812080537,7.87591568791946
18,2021-08-02 21:20:00,13.995,"norwood.mouth",1.29274193548387,7.69439516129032
18,2021-08-02 21:35:00,14.748,"norwood.mouth",1.0163097199341,7.4539831136738
18,2021-08-02 21:45:00,14.058,"norwood.mouth",1.26669449081803,7.03322871452421
18,2021-08-02 21:55:00,13.932,"norwood.mouth",1.28502650176678,6.96612433745583
18,2021-08-02 22:10:00,14.058,"norwood.mouth",1.24368644067797,6.57083199152542
18,2021-08-02 22:20:00,14.246,"norwood.mouth",1.13491847826087,6.31324116847826
18,2021-08-02 22:35:00,14.183,"norwood.mouth",1.14708480565371,6.15595097173145
18,2021-08-02 22:45:00,14.936,"norwood.mouth",0.970353982300885,5.82669911504425
18,2021-08-02 22:55:00,13.87,"norwood.mouth",1.26336920529801,5.62057243377483
18,2021-08-02 23:10:00,14.81,"norwood.mouth",0.969861660079051,4.82363306982872
18,2021-08-02 23:20:00,14.685,"norwood.mouth",0.985420560747663,4.88037757009346
18,2021-08-02 23:35:00,14.434,"norwood.mouth",1.009,4.63598
18,2021-08-02 23:45:00,14.434,"norwood.mouth",0.993851768669287,4.29367153284671
18,2021-08-02 23:55:00,14.371,"norwood.mouth",1.01481802426343,4.05807105719237
18,2021-08-03 00:10:00,14.058,"norwood.mouth",1.1195004382121,4.05092024539877
18,2021-08-03 00:20:00,14.748,"norwood.mouth",0.958388157894737,3.83014884868421
18,2021-08-03 00:35:00,13.932,"norwood.mouth",1.12039289055192,3.62062441534144
18,2021-08-03 00:45:00,14.058,"norwood.mouth",1.0745945945946,3.61048783783784
18,2021-08-03 00:55:00,13.932,"norwood.mouth",1.11753424657534,3.19673219178082
18,2021-08-03 01:10:00,14.246,"norwood.mouth",0.990066225165563,2.78776490066225
18,2021-08-03 01:20:00,14.434,"norwood.mouth",0.972164948453608,2.65949484536082
18,2021-08-03 01:35:00,15.562,"norwood.mouth",0.871980380134887,2.73126732066217
18,2021-08-03 01:45:00,15.813,"norwood.mouth",0.837934186471664,2.56088482632541
18,2021-08-03 01:55:00,16.001,"norwood.mouth",0.802956989247312,3.09484498207885
18,2021-08-03 02:10:00,16.44,"norwood.mouth",0.77337025603777,3.18039894679499
18,2021-08-03 02:20:00,15.562,"norwood.mouth",0.85164198325821,2.46808596265293
18,2021-08-03 02:35:00,16.377,"norwood.mouth",0.774803796313196,3.06534799537628
18,2021-08-03 02:45:00,16.816,"norwood.mouth",0.737860843819393,3.59571650629164
18,2021-08-03 02:55:00,16.628,"norwood.mouth",0.767722752973289,3.29316253980633
18,2021-08-03 03:10:00,17.505,"norwood.mouth",0.678734726054395,3.95804598607279
18,2021-08-03 03:20:00,17.066,"norwood.mouth",0.683536904554179,3.7540673529925
18,2021-08-03 03:35:00,17.63,"norwood.mouth",0.637687308178372,4.1822724318469
18,2021-08-03 03:45:00,17.505,"norwood.mouth",0.656089438629876,4.10308531557247
18,2021-08-03 03:55:00,16.816,"norwood.mouth",0.708118081180812,3.61716697416974
18,2021-08-03 04:10:00,17.693,"norwood.mouth",0.621522589825685,4.14022699513815
18,2021-08-03 04:20:00,16.878,"norwood.mouth",0.698871624121347,3.45010636330004
18,2021-08-03 04:35:00,17.442,"norwood.mouth",0.634819320864354,4.07744180134374
18,2021-08-03 04:45:00,18.131,"norwood.mouth",0.562481563421829,4.70806723205506
18,2021-08-03 04:55:00,17.317,"norwood.mouth",0.651113838021522,3.95296120445535
18,2021-08-03 05:10:00,17.567,"norwood.mouth",0.611542740589653,4.2467346560356
18,2021-08-03 05:20:00,16.44,"norwood.mouth",0.726896485500288,3.19445054734012
18,2021-08-03 05:35:00,17.066,"norwood.mouth",0.652904180540141,3.77902953508447
18,2021-08-03 05:45:00,17.066,"norwood.mouth",0.657684918347743,3.77212423951329
18,2021-08-03 05:55:00,17.567,"norwood.mouth",0.60114547537228,4.21739079801451
18,2021-08-03 06:10:00,18.444,"norwood.mouth",0.508832170400294,4.77490904639491
18,2021-08-03 06:20:00,16.69,"norwood.mouth",0.668073175216032,3.42861101918245
18,2021-08-03 06:35:00,15.938,"norwood.mouth",0.739325107496728,2.747726366299
18,2021-08-03 06:45:00,17.442,"norwood.mouth",0.606556112610875,4.01285836868492
18,2021-08-03 06:55:00,16.064,"norwood.mouth",0.719743309666849,3.18759530311305
18,2021-08-03 07:10:00,16.628,"norwood.mouth",0.66764168190128,3.61831809872029
18,2021-08-03 07:20:00,16.314,"norwood.mouth",0.69302433587219,3.30230515821413
18,2021-08-03 07:35:00,16.001,"norwood.mouth",0.726565619894718,3.02507605736068
18,2021-08-03 07:45:00,17.63,"norwood.mouth",0.58060098896919,4.4077021047293
18,2021-08-03 07:55:00,16.878,"norwood.mouth",0.631739294472741,3.80266528327988
18,2021-08-03 08:10:00,17.505,"norwood.mouth",0.576344086021505,4.41551433691756
18,2021-08-03 08:20:00,17.129,"norwood.mouth",0.601163206871868,4.18728713314245
18,2021-08-03 08:35:00,18.069,"norwood.mouth",0.517293906810036,4.98120654121864
18,2021-08-03 08:45:00,16.941,"norwood.mouth",0.61506968641115,4.19190200348432
18,2021-08-03 08:55:00,17.442,"norwood.mouth",0.583512064343163,4.58319034852547
18,2021-08-03 09:10:00,16.628,"norwood.mouth",0.657273366127899,4.26123746779105
18,2021-08-03 09:20:00,16.314,"norwood.mouth",0.688833181403829,4.12516256457004
18,2021-08-03 09:35:00,16.001,"norwood.mouth",0.709411658545389,4.18623214822836
18,2021-08-03 09:45:00,17.442,"norwood.mouth",0.576398129832764,5.25880519091291
18,2021-08-03 09:55:00,16.314,"norwood.mouth",0.692770753161078,4.65919204691222
18,2021-08-03 10:10:00,16.502,"norwood.mouth",0.680469327420547,5.07828944937177
18,2021-08-03 10:20:00,17.505,"norwood.mouth",0.582536932336312,5.71034458021764
18,2021-08-03 10:35:00,15.249,"norwood.mouth",0.786083993368945,4.83878860440842
18,2021-08-03 10:45:00,14.371,"norwood.mouth",0.87015306122449,4.51084566326531
18,2021-08-03 10:55:00,15.124,"norwood.mouth",0.832296557120501,5.39454747000522
18,2021-08-03 11:10:00,13.87,"norwood.mouth",0.955489260143198,4.63077167859984
18,2021-08-03 11:20:00,13.807,"norwood.mouth",0.975454545454545,4.90459090909091
18,2021-08-03 11:35:00,14.309,"norwood.mouth",0.942228864218617,5.02581981212639
18,2021-08-03 11:45:00,14.058,"norwood.mouth",0.987658227848101,5.10492405063291
18,2021-08-03 11:55:00,14.309,"norwood.mouth",0.9555859375,5.5561568359375
18,2021-08-03 12:10:00,13.995,"norwood.mouth",0.997855340622372,5.33793608074012
18,2021-08-03 12:20:00,14.685,"norwood.mouth",0.87497149372862,5.82569441277081
18,2021-08-03 12:35:00,13.995,"norwood.mouth",0.991529105125977,5.62588705473501
18,2021-08-03 12:45:00,14.309,"norwood.mouth",0.95448717948718,5.79637393162393
18,2021-08-03 12:55:00,13.995,"norwood.mouth",1.02015604681404,5.68130461638491
18,2021-08-03 13:10:00,13.556,"norwood.mouth",1.2993288590604,5.00668064876957
18,2021-08-03 13:20:00,14.998,"norwood.mouth",0.912883435582822,6.40905214723926
18,2021-08-03 13:35:00,14.748,"norwood.mouth",0.947676523838262,6.94254948702474
18,2021-08-03 13:45:00,14.058,"norwood.mouth",1.06658739595719,6.6752010503369
18,2021-08-03 13:55:00,13.995,"norwood.mouth",1.1150289017341,6.58455346820809
18,2021-08-03 14:10:00,13.995,"norwood.mouth",1.16155531215772,6.59053349762687
18,2021-08-03 14:20:00,13.932,"norwood.mouth",1.21634615384615,6.53955769230769
18,2021-08-03 14:35:00,13.807,"norwood.mouth",1.30589430894309,6.57044037940379
18,2021-08-03 14:45:00,13.556,"norwood.mouth",1.43797348484849,6.17511268939394
18,2021-08-03 14:55:00,13.932,"norwood.mouth",1.27526595744681,6.97306117021277
18,2021-08-03 15:10:00,13.87,"norwood.mouth",1.31458333333333,7.06020833333333
18,2021-08-03 15:20:00,13.744,"norwood.mouth",1.36342592592593,6.94476080246914
18,2021-08-03 15:35:00,14.246,"norwood.mouth",1.16449652777778,7.88728096064815
18,2021-08-03 15:45:00,14.309,"norwood.mouth",1.16166666666667,7.96234444444444
18,2021-08-03 15:55:00,13.87,"norwood.mouth",1.34458333333333,7.61818055555555
18,2021-08-03 16:10:00,14.058,"norwood.mouth",1.28491171749599,8.0745512306046
18,2021-08-03 16:20:00,14.81,"norwood.mouth",1.00236220472441,9.04777952755905
18,2021-08-03 16:35:00,14.183,"norwood.mouth",1.25866141732283,8.26167322834646
18,2021-08-03 16:45:00,13.995,"norwood.mouth",1.34505409582689,8.14193791859866
18,2021-08-03 16:55:00,14.246,"norwood.mouth",1.22930374904361,8.55760711553175
18,2021-08-03 17:10:00,14.246,"norwood.mouth",1.25232142857143,8.48160892857143
18,2021-08-03 17:20:00,14.183,"norwood.mouth",1.2708303761533,8.61934279630944
18,2021-08-03 17:35:00,14.058,"norwood.mouth",1.32310126582278,8.72561761603376
18,2021-08-03 17:45:00,13.995,"norwood.mouth",1.34891532540238,8.70028516445067
18,2021-08-03 17:55:00,14.121,"norwood.mouth",1.28310753598645,8.96850084674005
18,2021-08-03 18:10:00,14.497,"norwood.mouth",1.17580275229358,9.3615120412844
18,2021-08-03 18:20:00,15.625,"norwood.mouth",0.975223880597015,9.94958955223881
18,2021-08-03 18:35:00,14.371,"norwood.mouth",1.21057251908397,9.32059408396947
18,2021-08-03 18:45:00,14.246,"norwood.mouth",1.27135523613963,9.12088706365503
18,2021-08-03 18:55:00,14.183,"norwood.mouth",1.28018867924528,9.14150943396226
18,2021-08-03 19:10:00,14.685,"norwood.mouth",1.15430286857905,9.34140977318212
18,2021-08-03 19:20:00,15.249,"norwood.mouth",0.995138888888889,9.57643518518518
18,2021-08-03 19:35:00,17.004,"norwood.mouth",0.900224602626123,9.71744013476158
18,2021-08-03 19:45:00,16.064,"norwood.mouth",0.95020725388601,9.48826804835924
18,2021-08-03 19:55:00,16.064,"norwood.mouth",0.947634335924299,9.46698867860764
18,2021-08-03 20:10:00,15.688,"norwood.mouth",0.959314456035767,9.27111214605067
18,2021-08-03 20:20:00,14.998,"norwood.mouth",1.05703026481715,9.14061302017654
18,2021-08-03 20:35:00,15.124,"norwood.mouth",0.990183559457303,8.82112709497207
18,2021-08-03 20:45:00,14.371,"norwood.mouth",1.16071428571429,8.37978571428571
18,2021-08-03 20:55:00,14.246,"norwood.mouth",1.23612967914438,8.03872192513369
18,2021-08-03 21:10:00,14.183,"norwood.mouth",1.2164691943128,7.83008767772512
18,2021-08-03 21:20:00,13.932,"norwood.mouth",1.31299052774019,7.52692253044655
18,2021-08-03 21:35:00,13.995,"norwood.mouth",1.27239624119029,7.24457870007831
18,2021-08-03 21:45:00,13.682,"norwood.mouth",1.36994700984103,6.89135011355034
18,2021-08-03 21:55:00,13.87,"norwood.mouth",1.30847583643123,6.70739089219331
18,2021-08-03 22:10:00,13.619,"norwood.mouth",1.37112676056338,6.36989201877934
18,2021-08-03 22:20:00,13.494,"norwood.mouth",1.44005102040816,6.08653698979592
18,2021-08-03 22:35:00,13.494,"norwood.mouth",1.38647898493259,5.7474107850912
18,2021-08-03 22:45:00,13.682,"norwood.mouth",1.31303146258503,5.50414140447846
18,2021-08-03 22:55:00,13.431,"norwood.mouth",1.39197080291971,5.26190510948905
18,2021-08-03 23:10:00,13.619,"norwood.mouth",1.32609682299546,4.89950378214826
18,2021-08-03 23:20:00,13.995,"norwood.mouth",1.18099369085174,4.62285173501577
18,2021-08-03 23:35:00,14.183,"norwood.mouth",1.09206219312602,4.46615793780687
18,2021-08-03 23:45:00,13.619,"norwood.mouth",1.29930555555556,4.18131597222222
18,2021-08-03 23:55:00,16.126,"norwood.mouth",0.872970479704797,4.182036900369
18,2021-08-04 00:10:00,16.064,"norwood.mouth",0.887264995523724,4.07829341987466
18,2021-08-04 00:20:00,17.192,"norwood.mouth",0.750562715556362,4.55518115810492
18,2021-08-04 00:35:00,16.252,"norwood.mouth",0.842748917748918,3.54115061327561
18,2021-08-04 00:45:00,16.377,"norwood.mouth",0.803454545454546,3.58586181818182
18,2021-08-04 00:55:00,17.317,"norwood.mouth",0.704735740450026,4.24797784754928
18,2021-08-04 01:10:00,16.941,"norwood.mouth",0.773563956689301,3.79772398605249
18,2021-08-04 01:20:00,17.818,"norwood.mouth",0.686944842406877,4.46168991762178
18,2021-08-04 01:35:00,18.632,"norwood.mouth",0.567763883780802,5.31822103714601
18,2021-08-04 01:45:00,18.006,"norwood.mouth",0.65672268907563,4.56484033613445
18,2021-08-04 01:55:00,18.444,"norwood.mouth",0.578674873280232,5.10153186097031
18,2021-08-04 02:10:00,17.881,"norwood.mouth",0.67327666728937,4.40841602839529
18,2021-08-04 02:20:00,17.254,"norwood.mouth",0.673143881208397,4.15107612220516
18,2021-08-04 02:35:00,16.941,"norwood.mouth",0.705792207792208,3.6906464069264
18,2021-08-04 02:45:00,17.066,"norwood.mouth",0.687555938037866,3.66737659208261
18,2021-08-04 02:55:00,18.382,"norwood.mouth",0.56575504270398,4.86697819371252
18,2021-08-04 03:10:00,17.943,"norwood.mouth",0.633638879280526,4.01108595641647
18,2021-08-04 03:20:00,17.943,"norwood.mouth",0.63273706147968,4.0980507120528
18,2021-08-04 03:35:00,17.567,"norwood.mouth",0.648409168662333,3.91164551260121
18,2021-08-04 03:45:00,18.319,"norwood.mouth",0.591469816272966,3.86451706036745
18,2021-08-04 03:55:00,17.317,"norwood.mouth",0.684087617668356,3.50661875452571
18,2021-08-04 04:10:00,18.131,"norwood.mouth",0.574305949008499,4.62285779036827
18,2021-08-04 04:20:00,17.63,"norwood.mouth",0.6518075588826,4.00961271377275
18,2021-08-04 04:35:00,18.319,"norwood.mouth",0.566745626822158,4.6372203595724
18,2021-08-04 04:45:00,17.755,"norwood.mouth",0.616387602422515,4.4680899833749
18,2021-08-04 04:55:00,18.507,"norwood.mouth",0.553800432276657,4.77708981748319
18,2021-08-04 05:10:00,16.44,"norwood.mouth",0.730562706877528,3.2596223795513
18,2021-08-04 05:20:00,17.693,"norwood.mouth",0.609937717530683,4.08872504121634
18,2021-08-04 05:35:00,18.069,"norwood.mouth",0.575803310613437,4.4244076598507
18,2021-08-04 05:45:00,18.131,"norwood.mouth",0.5585387497535,4.52832952080458
18,2021-08-04 05:55:00,18.006,"norwood.mouth",0.555560882070949,4.47833541067434
18,2021-08-04 06:10:00,18.57,"norwood.mouth",0.509336419753087,4.89462049897119
18,2021-08-04 06:20:00,16.628,"norwood.mouth",0.676062639821029,3.60224105145414
18,2021-08-04 06:35:00,16.941,"norwood.mouth",0.646854764107308,3.88206660499538
18,2021-08-04 06:45:00,17.442,"norwood.mouth",0.600912233531784,4.18338921964023
18,2021-08-04 06:55:00,16.565,"norwood.mouth",0.680242240726722,3.44843830431491
18,2021-08-04 07:10:00,16.314,"norwood.mouth",0.701985226223453,3.30517005232379
18,2021-08-04 07:20:00,17.442,"norwood.mouth",0.586754661251615,4.11728902836749
18,2021-08-04 07:35:00,16.816,"norwood.mouth",0.654105183503594,3.91617521124984
18,2021-08-04 07:45:00,17.192,"norwood.mouth",0.610059612518629,4.06389865871833
18,2021-08-04 07:55:00,17.505,"norwood.mouth",0.570058511610898,4.49690382153959
18,2021-08-04 08:10:00,18.256,"norwood.mouth",0.489752144899905,5.11563695583095
18,2021-08-04 08:20:00,17.818,"norwood.mouth",0.546404008646099,4.69880133621537
18,2021-08-04 08:35:00,16.816,"norwood.mouth",0.641436464088398,4.00493416206261
18,2021-08-04 08:45:00,16.816,"norwood.mouth",0.62834653274097,4.05278153370678
18,2021-08-04 08:55:00,18.757,"norwood.mouth",0.441112922951488,5.76585949177878
18,2021-08-04 09:10:00,17.129,"norwood.mouth",0.587782302850796,4.61196334690855
18,2021-08-04 09:20:00,18.507,"norwood.mouth",0.470570035627227,5.79312703918995
18,2021-08-04 09:35:00,17.442,"norwood.mouth",0.566397099832683,5.24427886224205
18,2021-08-04 09:45:00,17.693,"norwood.mouth",0.545906432748538,5.70283235867447
18,2021-08-04 09:55:00,16.941,"norwood.mouth",0.618923136948888,5.2135657432696
18,2021-08-04 10:10:00,16.816,"norwood.mouth",0.631698332687088,5.40024634871397
18,2021-08-04 10:20:00,18.382,"norwood.mouth",0.484920634920635,6.571
18,2021-08-04 10:35:00,17.254,"norwood.mouth",0.605092506073631,6.12674584189871
18,2021-08-04 10:45:00,17.943,"norwood.mouth",0.532314814814815,6.5052674382716
18,2021-08-04 10:55:00,18.194,"norwood.mouth",0.527814829344841,6.69809238917222
18,2021-08-04 11:10:00,19.321,"norwood.mouth",0.430471698113207,7.24001839622642
18,2021-08-04 11:20:00,16.941,"norwood.mouth",0.65910961466517,6.1564036351166
18,2021-08-04 11:35:00,18.507,"norwood.mouth",0.517811839323467,6.91349867864694
18,2021-08-04 11:45:00,13.055,"norwood.mouth",1.17882689556509,3.04421828803052
18,2021-08-04 11:55:00,12.804,"norwood.mouth",1.55,3.841
18,2021-08-04 12:10:00,12.929,"norwood.mouth",1.48366336633663,3.059
18,2021-08-04 12:20:00,13.18,"norwood.mouth",1.39330922242315,3.60171925858951
18,2021-08-04 12:35:00,13.055,"norwood.mouth",1.49239350912779,3.503
18,2021-08-04 12:45:00,12.992,"norwood.mouth",1.48107049608355,3.697
18,2021-08-04 12:55:00,13.117,"norwood.mouth",1.49393939393939,3.918
18,2021-08-04 13:10:00,13.117,"norwood.mouth",1.49310344827586,4.154
18,2021-08-04 13:20:00,13.117,"norwood.mouth",1.48651026392962,4.266
18,2021-08-04 13:35:00,13.243,"norwood.mouth",1.49485094850948,4.425
18,2021-08-04 13:45:00,13.682,"norwood.mouth",1.30668127053669,5.176177528295
18,2021-08-04 13:55:00,15.562,"norwood.mouth",0.862039045553145,7.23639262472885
18,2021-08-04 14:10:00,14.246,"norwood.mouth",1.07063008130081,6.60930877371274
18,2021-08-04 14:20:00,14.434,"norwood.mouth",0.998106060606061,7.64248106060606
18,2021-08-04 14:35:00,13.995,"norwood.mouth",1.22383720930233,6.33128100775194
18,2021-08-04 14:45:00,14.622,"norwood.mouth",0.992982897384306,7.78622748993964
18,2021-08-04 14:55:00,13.932,"norwood.mouth",1.28875,6.616775
18,2021-08-04 15:10:00,13.995,"norwood.mouth",1.26785714285714,6.92907142857143
18,2021-08-04 15:20:00,15.876,"norwood.mouth",0.908863636363636,8.62084507575758
18,2021-08-04 15:35:00,14.497,"norwood.mouth",1.07978241160471,8.63411196736174
18,2021-08-04 15:45:00,14.936,"norwood.mouth",0.985802816901408,8.75400253521127
18,2021-08-04 15:55:00,14.998,"norwood.mouth",0.987371888726208,9.15144344802343
18,2021-08-04 16:10:00,15.249,"norwood.mouth",0.980818278427205,9.62819766206164
18,2021-08-04 16:20:00,14.748,"norwood.mouth",1.0740157480315,8.91243569553806
18,2021-08-04 16:35:00,13.807,"norwood.mouth",1.46532438478747,7.391
18,2021-08-04 16:45:00,13.744,"norwood.mouth",1.49763779527559,7.547
18,2021-08-04 16:55:00,13.807,"norwood.mouth",1.47176759410802,7.728
18,2021-08-04 17:10:00,13.807,"norwood.mouth",1.48259860788863,7.933
18,2021-08-04 17:20:00,13.807,"norwood.mouth",1.4822695035461,8.052
18,2021-08-04 17:35:00,13.807,"norwood.mouth",1.49140752864157,8.221
18,2021-08-04 17:45:00,13.807,"norwood.mouth",1.48291571753986,8.36
18,2021-08-04 17:55:00,13.807,"norwood.mouth",1.4822695035461,8.509
18,2021-08-04 18:10:00,13.807,"norwood.mouth",1.48351648351648,8.59
18,2021-08-04 18:20:00,13.87,"norwood.mouth",1.45823665893272,8.62
18,2021-08-04 18:35:00,13.995,"norwood.mouth",1.40989945862336,8.74891969579788
18,2021-08-04 18:45:00,15.562,"norwood.mouth",0.977217074784911,9.96484315023163
18,2021-08-04 18:55:00,14.434,"norwood.mouth",1.24505494505495,9.3347967032967
18,2021-08-04 19:10:00,14.81,"norwood.mouth",1.13097643097643,9.69077805836139
18,2021-08-04 19:20:00,15.625,"norwood.mouth",0.979409209383145,9.90904582971329
18,2021-08-04 19:35:00,14.622,"norwood.mouth",1.17020523708422,9.43271013210663
18,2021-08-04 19:45:00,15.249,"norwood.mouth",0.994077669902913,9.59407184466019
18,2021-08-04 19:55:00,13.932,"norwood.mouth",1.41324200913242,8.56255365296804
18,2021-08-04 20:10:00,13.807,"norwood.mouth",1.43852459016393,8.48006830601093
18,2021-08-04 20:20:00,14.434,"norwood.mouth",1.20647482014389,8.71265347721823
18,2021-08-04 20:35:00,13.87,"norwood.mouth",1.39568845618915,8.31034202596198
18,2021-08-04 20:45:00,13.744,"norwood.mouth",1.42752562225476,8.13523828696925
18,2021-08-04 20:55:00,13.932,"norwood.mouth",1.35978112175103,8.04915469676243
18,2021-08-04 21:10:00,13.682,"norwood.mouth",1.42987111448067,7.79772251705838
18,2021-08-04 21:20:00,15.625,"norwood.mouth",0.936643666830951,7.53906505667817
18,2021-08-04 21:35:00,14.873,"norwood.mouth",0.992073477604429,7.20391570206341
18,2021-08-04 21:45:00,13.619,"norwood.mouth",1.42777364110201,7.0953339538347
18,2021-08-04 21:55:00,13.932,"norwood.mouth",1.28725961538461,6.87438341346154
18,2021-08-04 22:10:00,14.058,"norwood.mouth",1.21625,6.57428541666667
18,2021-08-04 22:20:00,15.249,"norwood.mouth",0.950771945302161,6.44986104984561
18,2021-08-04 22:35:00,14.183,"norwood.mouth",1.13416666666667,5.83144722222222
18,2021-08-04 22:45:00,14.121,"norwood.mouth",1.15,5.52
18,2021-08-04 22:55:00,14.183,"norwood.mouth",1.12173202614379,5.35019417211329
18,2021-08-04 23:10:00,13.995,"norwood.mouth",1.19471153846154,4.96245673076923
18,2021-08-04 23:20:00,15.562,"norwood.mouth",0.896512309495897,4.45289991207503
18,2021-08-04 23:35:00,15.437,"norwood.mouth",0.916191562143672,4.7360641391106
18,2021-08-04 23:45:00,17.38,"norwood.mouth",0.707921122994652,5.49474665775401
18,2021-08-04 23:55:00,17.004,"norwood.mouth",0.753743315508021,4.94668983957219
18,2021-08-05 00:10:00,15.876,"norwood.mouth",0.868031358885017,3.77464459930314
18,2021-08-05 00:20:00,15.938,"norwood.mouth",0.842965165675446,3.55758164825828
18,2021-08-05 00:35:00,16.189,"norwood.mouth",0.827217847769029,3.77158617672791
18,2021-08-05 00:45:00,16.44,"norwood.mouth",0.803960396039604,3.91408415841584
18,2021-08-05 00:55:00,17.63,"norwood.mouth",0.68,4.70875
18,2021-08-05 01:10:00,17.066,"norwood.mouth",0.749006622516556,4.35524337748344
18,2021-08-05 01:20:00,16.941,"norwood.mouth",0.748074500629836,4.20433039409753
18,2021-08-05 01:35:00,16.502,"norwood.mouth",0.785917128058582,3.72084908019289
18,2021-08-05 01:45:00,17.567,"norwood.mouth",0.660059795990151,4.64554801266268
18,2021-08-05 01:55:00,16.878,"norwood.mouth",0.736164475901584,3.85576772272778
18,2021-08-05 02:10:00,17.317,"norwood.mouth",0.719434306569343,4.3817344890511
18,2021-08-05 02:20:00,17.693,"norwood.mouth",0.678738738738738,4.33216741741742
18,2021-08-05 02:35:00,17.818,"norwood.mouth",0.651369863013698,4.43804794520548
18,2021-08-05 02:45:00,17.254,"norwood.mouth",0.705326768128917,3.98746642793196
18,2021-08-05 02:55:00,17.63,"norwood.mouth",0.661675919500347,4.24122238607448
18,2021-08-05 03:10:00,17.693,"norwood.mouth",0.651837725381415,4.26655339805825
18,2021-08-05 03:20:00,18.069,"norwood.mouth",0.624443455031167,4.49227515583259
18,2021-08-05 03:35:00,18.57,"norwood.mouth",0.58537208861958,4.80031143091586
18,2021-08-05 03:45:00,19.884,"norwood.mouth",0.454325227399294,5.84680332281418
18,2021-08-05 03:55:00,19.196,"norwood.mouth",0.513508391987006,5.22676764122
18,2021-08-05 04:10:00,18.632,"norwood.mouth",0.562104981253347,4.80516211390823
18,2021-08-05 04:20:00,19.196,"norwood.mouth",0.508833063209076,5.21315153970827
18,2021-08-05 04:35:00,18.444,"norwood.mouth",0.582592869143177,4.71372979279447
18,2021-08-05 04:45:00,18.319,"norwood.mouth",0.579189385677935,4.66226051132921
18,2021-08-05 04:55:00,17.881,"norwood.mouth",0.614270032930845,4.29195380534212
18,2021-08-05 05:10:00,18.131,"norwood.mouth",0.583213321332133,4.5416795679568
18,2021-08-05 05:20:00,18.507,"norwood.mouth",0.553136463683052,4.73650027512839
18,2021-08-05 05:35:00,18.256,"norwood.mouth",0.576759755164499,4.53033062356542
18,2021-08-05 05:45:00,18.757,"norwood.mouth",0.531113662456946,5.10548899732109
18,2021-08-05 05:55:00,18.444,"norwood.mouth",0.557078457701899,4.77079148283138
18,2021-08-05 06:10:00,20.323,"norwood.mouth",0.367173791301101,6.27547420820111
18,2021-08-05 06:20:00,20.823,"norwood.mouth",1.55,0.831
18,2021-08-05 06:35:00,19.947,"norwood.mouth",0.393678376855157,6.02939470223558
18,2021-08-05 06:45:00,20.135,"norwood.mouth",0.37560547236088,6.135138965921
18,2021-08-05 06:55:00,19.884,"norwood.mouth",0.393640395081637,6.02557239803803
18,2021-08-05 07:10:00,19.884,"norwood.mouth",0.399043284413895,5.84265372468884
18,2021-08-05 07:20:00,19.509,"norwood.mouth",0.425499092558984,5.64884754990926
18,2021-08-05 07:35:00,19.759,"norwood.mouth",0.396823356591994,5.80910723466765
18,2021-08-05 07:45:00,19.384,"norwood.mouth",0.422410632447296,5.26680568285976
18,2021-08-05 07:55:00,19.196,"norwood.mouth",0.436834733893557,5.32937021475257
18,2021-08-05 08:10:00,19.196,"norwood.mouth",0.434106083086053,5.48838316023739
18,2021-08-05 08:20:00,19.884,"norwood.mouth",0.363928368391131,5.96024559408755
18,2021-08-05 08:35:00,20.26,"norwood.mouth",0.260097719869706,6.83857437567861
18,2021-08-05 08:45:00,19.571,"norwood.mouth",0.391358376019731,5.97541497502055
18,2021-08-05 08:55:00,18.382,"norwood.mouth",0.507744468236973,5.33133250059482
18,2021-08-05 09:10:00,19.07,"norwood.mouth",0.443364928909953,6.07291469194313
18,2021-08-05 09:20:00,18.945,"norwood.mouth",0.450110619469026,6.01487942477876
18,2021-08-05 09:35:00,19.07,"norwood.mouth",0.4422976011994,6.19984954397801
18,2021-08-05 09:45:00,19.759,"norwood.mouth",0.375316455696202,6.62295569620253
18,2021-08-05 09:55:00,19.822,"norwood.mouth",0.369298245614035,6.69518713450292
18,2021-08-05 10:10:00,18.82,"norwood.mouth",0.470108593896274,6.38277232727954
18,2021-08-05 10:20:00,19.571,"norwood.mouth",0.406680527933466,6.94428367383837
18,2021-08-05 10:35:00,18.757,"norwood.mouth",0.489497845231403,6.73702873024796
18,2021-08-05 10:45:00,19.446,"norwood.mouth",0.429967834167262,7.01624222659042
18,2021-08-05 10:55:00,20.135,"norwood.mouth",0.368044849334268,7.26830571128241
18,2021-08-05 11:10:00,20.197,"norwood.mouth",0.375698424068768,7.51308900429799
18,2021-08-05 11:20:00,19.321,"norwood.mouth",0.459435970202199,7.11292586023413
18,2021-08-05 11:35:00,20.072,"norwood.mouth",0.397932839862791,7.52741120539207
18,2021-08-05 11:45:00,19.634,"norwood.mouth",0.43371722182849,7.63544643278998
18,2021-08-05 11:55:00,19.384,"norwood.mouth",0.461424045062489,7.6487375168691
18,2021-08-05 12:10:00,19.321,"norwood.mouth",0.47572198690797,8.02918944936465
18,2021-08-05 12:20:00,20.761,"norwood.mouth",0.352801120448179,8.23730345471522
18,2021-08-05 12:35:00,20.886,"norwood.mouth",0.200641025641027,8.498
18,2021-08-05 12:45:00,19.759,"norwood.mouth",0.370393657736468,8.25398578458174
18,2021-08-05 12:55:00,19.571,"norwood.mouth",0.466027345233574,8.34199848082036
18,2021-08-05 13:10:00,18.945,"norwood.mouth",0.512991709296172,8.18271473510907
18,2021-08-05 13:20:00,18.945,"norwood.mouth",0.451211203633611,8.1862323996972
18,2021-08-05 13:35:00,18.006,"norwood.mouth",0.572405431619787,8.4308768186227
18,2021-08-05 13:45:00,19.133,"norwood.mouth",0.429883741412718,8.58338911396864
18,2021-08-05 13:55:00,18.069,"norwood.mouth",0.608024455483378,8.40069991083938
18,2021-08-05 14:10:00,17.63,"norwood.mouth",0.640877322052603,8.25652492183189
18,2021-08-05 14:20:00,18.695,"norwood.mouth",0.479956408020924,8.40595919790758
18,2021-08-05 14:35:00,18.382,"norwood.mouth",0.520277544154752,8.74872497897393
18,2021-08-05 14:45:00,19.697,"norwood.mouth",0.476973559064105,9.03586196182867
18,2021-08-05 14:55:00,19.446,"norwood.mouth",0.502731013842125,9.01728896994638
18,2021-08-05 15:10:00,19.196,"norwood.mouth",0.45834396064857,8.92605720531973
18,2021-08-05 15:20:00,19.759,"norwood.mouth",0.402169076751946,9.13990878754171
18,2021-08-05 15:35:00,19.446,"norwood.mouth",0.442588433464346,8.9526470147857
18,2021-08-05 15:45:00,20.948,"norwood.mouth",0.28186487898311,9.08827633640954
18,2021-08-05 15:55:00,19.759,"norwood.mouth",0.421821684094662,9.22362392221611
18,2021-08-05 16:10:00,20.51,"norwood.mouth",0.3535393150947,9.45824794337096
18,2021-08-05 16:20:00,20.323,"norwood.mouth",0.366636915387362,9.39926472688326
18,2021-08-05 16:35:00,20.698,"norwood.mouth",0.331008583690987,9.45130293276109
18,2021-08-05 16:45:00,20.51,"norwood.mouth",0.353295893942184,9.43687239918984
18,2021-08-05 16:55:00,21.136,"norwood.mouth",0.285779325120514,9.4359362613819
18,2021-08-05 17:10:00,21.074,"norwood.mouth",0.292687747035573,9.47352964426877
18,2021-08-05 17:20:00,21.136,"norwood.mouth",0.280277185501066,9.46935820895522
18,2021-08-05 17:35:00,21.136,"norwood.mouth",0.278746646224607,9.63515101571483
18,2021-08-05 17:45:00,21.386,"norwood.mouth",0.256166868198307,9.66449455864571
18,2021-08-05 17:55:00,20.635,"norwood.mouth",0.332979824107605,9.71475461286429
18,2021-08-05 18:10:00,20.761,"norwood.mouth",0.325054229934924,9.70847143890094
18,2021-08-05 18:20:00,15.437,"norwood.mouth",0.870736228813559,9.58220378707627
18,2021-08-05 18:35:00,19.884,"norwood.mouth",0.483693828081298,9.54361980234943
18,2021-08-05 18:45:00,18.883,"norwood.mouth",0.573626773372135,9.46446325936704
18,2021-08-05 18:55:00,20.01,"norwood.mouth",0.467779024116657,9.56633286595625
18,2021-08-05 19:10:00,20.072,"norwood.mouth",0.455908912446015,9.8101886205994
18,2021-08-05 19:20:00,19.384,"norwood.mouth",0.518931496649293,9.80010356167783
18,2021-08-05 19:35:00,20.135,"norwood.mouth",0.433957319356046,9.695629196306
18,2021-08-05 19:45:00,20.197,"norwood.mouth",0.418425925925926,9.7435399691358
18,2021-08-05 19:55:00,20.323,"norwood.mouth",0.40134006265228,9.8062778744634
18,2021-08-05 20:10:00,20.573,"norwood.mouth",0.361929757587326,9.80111007189667
18,2021-08-05 20:20:00,20.197,"norwood.mouth",0.402521008403362,9.75244327731092
18,2021-08-05 20:35:00,19.947,"norwood.mouth",0.428610783156238,9.45382142857143
18,2021-08-05 20:45:00,19.947,"norwood.mouth",0.432517998892376,9.46762156175005
18,2021-08-05 20:55:00,18.444,"norwood.mouth",0.565817694369973,9.3022582663092
18,2021-08-05 21:10:00,20.072,"norwood.mouth",0.325689419127714,9.59160121259535
18,2021-08-05 21:20:00,19.133,"norwood.mouth",0.442272727272727,9.38354772727273
18,2021-08-05 21:35:00,20.51,"norwood.mouth",0.261054247697032,9.81204810644831
18,2021-08-05 21:45:00,13.18,"norwood.mouth",1.27402135231317,6.7428490510083
18,2021-08-05 21:55:00,12.992,"norwood.mouth",1.39976275207592,6.42044128113879
18,2021-08-05 22:10:00,12.992,"norwood.mouth",1.37129300118624,6.24973349149862
18,2021-08-05 22:20:00,12.992,"norwood.mouth",1.38081107814045,6.11463905374217
18,2021-08-05 22:35:00,12.992,"norwood.mouth",1.3748701973001,5.78052795084804
18,2021-08-05 22:45:00,12.929,"norwood.mouth",1.41196834817013,5.54976310583581
18,2021-08-05 22:55:00,12.929,"norwood.mouth",1.4067405355494,5.37782987072945
18,2021-08-05 23:10:00,12.929,"norwood.mouth",1.4024154589372,5.04292995169082
18,2021-08-05 23:20:00,12.929,"norwood.mouth",1.4067405355494,4.85486103416436
18,2021-08-05 23:35:00,12.929,"norwood.mouth",1.4024154589372,4.5484460547504
18,2021-08-05 23:45:00,12.929,"norwood.mouth",1.39792231255646,4.44953109003312
18,2021-08-05 23:55:00,12.929,"norwood.mouth",1.38822947576657,4.21904788987801
18,2021-08-06 00:10:00,12.929,"norwood.mouth",1.3855116514691,4.03589074636947
18,2021-08-06 00:20:00,18.131,"norwood.mouth",0.48879128601546,6.73857203092059
18,2021-08-06 00:35:00,12.929,"norwood.mouth",1.37965921192758,3.51274156904508
18,2021-08-06 00:45:00,12.866,"norwood.mouth",1.42598509052183,3.43681727014554
18,2021-08-06 00:55:00,12.929,"norwood.mouth",1.35930493273543,3.37290545590433
18,2021-08-06 01:10:00,12.929,"norwood.mouth",1.3698132780083,3.08540733056708
18,2021-08-06 01:20:00,12.866,"norwood.mouth",1.41533546325879,2.89429845580405
18,2021-08-06 01:35:00,12.866,"norwood.mouth",1.4,2.78483333333333
18,2021-08-06 01:45:00,12.866,"norwood.mouth",1.38427947598253,2.63991120815138
18,2021-08-06 01:55:00,12.804,"norwood.mouth",1.41602316602317,2.50056499356499
18,2021-08-06 02:10:00,12.804,"norwood.mouth",1.39468085106383,2.41366666666667
18,2021-08-06 02:20:00,12.804,"norwood.mouth",1.39730290456432,2.28504426002766
18,2021-08-06 02:35:00,12.804,"norwood.mouth",1.38888888888889,2.12498148148148
18,2021-08-06 02:45:00,12.804,"norwood.mouth",1.38485477178423,2.05513623789765
18,2021-08-06 02:55:00,12.741,"norwood.mouth",1.41753112033195,1.94454996542185
18,2021-08-06 03:10:00,12.741,"norwood.mouth",1.41077441077441,1.83155527497194
18,2021-08-06 03:20:00,12.741,"norwood.mouth",1.42245762711864,1.77412217514124
18,2021-08-06 03:35:00,12.741,"norwood.mouth",1.4,1.66158333333333
18,2021-08-06 03:45:00,12.741,"norwood.mouth",1.38827838827839,1.63229975579976
18,2021-08-06 03:55:00,12.741,"norwood.mouth",1.39357429718876,1.54114926372155
18,2021-08-06 04:10:00,12.741,"norwood.mouth",1.3973063973064,1.48816947250281
18,2021-08-06 04:20:00,12.741,"norwood.mouth",1.38132295719844,1.38728210116731
18,2021-08-06 04:35:00,12.678,"norwood.mouth",1.39384422110553,1.2618040201005
18,2021-08-06 04:45:00,12.678,"norwood.mouth",1.40943396226415,1.20012893081761
18,2021-08-06 04:55:00,12.678,"norwood.mouth",1.39384422110553,1.22086809045226
18,2021-08-06 05:10:00,12.678,"norwood.mouth",1.3787688442211,1.22625251256282
18,2021-08-06 05:20:00,12.678,"norwood.mouth",1.36768292682927,1.21453353658537
18,2021-08-06 05:35:00,12.678,"norwood.mouth",1.3718085106383,1.13435904255319
18,2021-08-06 05:45:00,12.615,"norwood.mouth",1.39746543778802,1.03758064516129
18,2021-08-06 05:55:00,12.615,"norwood.mouth",1.40471698113208,0.996056603773585
18,2021-08-06 06:10:00,12.615,"norwood.mouth",1.36611374407583,0.996218009478673
18,2021-08-06 06:20:00,12.553,"norwood.mouth",1.40284360189573,0.944672590837284
18,2021-08-06 06:35:00,12.553,"norwood.mouth",1.39125431530495,0.907818181818182
18,2021-08-06 06:45:00,12.553,"norwood.mouth",1.38816568047337,0.875121794871795
18,2021-08-06 06:55:00,12.553,"norwood.mouth",1.38143036386449,0.898654328732748
18,2021-08-06 07:10:00,12.553,"norwood.mouth",1.37744533947066,0.935603759110089
18,2021-08-06 07:20:00,12.49,"norwood.mouth",1.41601343784994,0.827339305711086
18,2021-08-06 07:35:00,12.49,"norwood.mouth",1.42029755579171,0.903593340417995
18,2021-08-06 07:45:00,12.49,"norwood.mouth",1.40864799025579,0.908786134794966
18,2021-08-06 07:55:00,12.49,"norwood.mouth",1.40589711417817,0.946566290255124
18,2021-08-06 08:10:00,12.49,"norwood.mouth",1.41577540106952,1.03319607843137
18,2021-08-06 08:20:00,12.49,"norwood.mouth",1.41821155943293,1.03108678662305
18,2021-08-06 08:35:00,12.49,"norwood.mouth",1.40284974093264,1.12678411053541
18,2021-08-06 08:45:00,12.49,"norwood.mouth",1.42416582406471,1.20539492753623
18,2021-08-06 08:55:00,12.49,"norwood.mouth",1.40284974093264,1.26720811744387
18,2021-08-06 09:10:00,12.49,"norwood.mouth",1.39704142011834,1.25759812623274
18,2021-08-06 09:20:00,12.49,"norwood.mouth",1.39640883977901,1.33402854511971
18,2021-08-06 09:35:00,12.49,"norwood.mouth",1.40864799025579,1.47364778725132
18,2021-08-06 09:45:00,12.49,"norwood.mouth",1.43304994686504,1.36591790648246
18,2021-08-06 09:55:00,12.49,"norwood.mouth",1.44627659574468,1.47817464539007
18,2021-08-06 10:10:00,12.553,"norwood.mouth",1.41463414634146,1.7145406504065
18,2021-08-06 10:20:00,12.553,"norwood.mouth",1.41706161137441,1.93667298578199
18,2021-08-06 10:35:00,12.553,"norwood.mouth",1.4331797235023,1.98530107526882
18,2021-08-06 10:45:00,12.553,"norwood.mouth",1.44041450777202,2.10127461139896
18,2021-08-06 10:55:00,12.553,"norwood.mouth",1.44700460829493,2.32155875576037
18,2021-08-06 11:10:00,12.615,"norwood.mouth",1.43536585365854,2.58182926829268
18,2021-08-06 11:20:00,12.615,"norwood.mouth",1.44213973799127,2.78162008733624
18,2021-08-06 11:35:00,12.615,"norwood.mouth",1.45054945054945,2.994
18,2021-08-06 11:45:00,12.678,"norwood.mouth",1.45959595959596,3.152
18,2021-08-06 11:55:00,12.678,"norwood.mouth",1.4904296875,3.358
18,2021-08-06 12:10:00,12.741,"norwood.mouth",1.44688644688645,3.78474755799756
18,2021-08-06 12:20:00,12.741,"norwood.mouth",1.47746144721234,3.857
18,2021-08-06 12:35:00,12.804,"norwood.mouth",1.49613821138211,4.083
18,2021-08-06 12:45:00,12.866,"norwood.mouth",1.49486301369863,4.394
18,2021-08-06 12:55:00,12.929,"norwood.mouth",1.49390625,4.625
18,2021-08-06 13:10:00,13.055,"norwood.mouth",1.47467532467532,4.946
18,2021-08-06 13:20:00,13.117,"norwood.mouth",1.46447721179625,4.968
18,2021-08-06 13:35:00,13.18,"norwood.mouth",1.44206549118388,4.21786335012595
18,2021-08-06 13:45:00,13.243,"norwood.mouth",1.43107932379714,1.25228543563069
18,2021-08-06 13:55:00,13.243,"norwood.mouth",1.46107382550336,4.811
18,2021-08-06 14:10:00,13.243,"norwood.mouth",1.49415384615385,5.444
18,2021-08-06 14:20:00,13.368,"norwood.mouth",1.44343302990897,5.8208103597746
18,2021-08-06 14:35:00,13.368,"norwood.mouth",1.48959778085992,6.292
18,2021-08-06 14:45:00,13.368,"norwood.mouth",1.49233870967742,6.232
18,2021-08-06 14:55:00,13.368,"norwood.mouth",1.30434782608696,6.9139347826087
18,2021-08-06 15:10:00,13.431,"norwood.mouth",1.49737609329446,6.519
18,2021-08-06 15:20:00,13.431,"norwood.mouth",1.49716088328076,6.672
18,2021-08-06 15:35:00,13.431,"norwood.mouth",1.49,7.199
18,2021-08-06 15:45:00,13.494,"norwood.mouth",1.495625,7.261
18,2021-08-06 15:55:00,13.494,"norwood.mouth",1.3728813559322,7.66325423728813
18,2021-08-06 16:10:00,13.494,"norwood.mouth",1.3728813559322,7.87047033898305
18,2021-08-06 16:20:00,13.494,"norwood.mouth",1.47162673392182,7.687
18,2021-08-06 16:35:00,13.556,"norwood.mouth",1.42311507936508,7.92112483465608
18,2021-08-06 16:45:00,13.556,"norwood.mouth",1.4469246031746,7.93515955687831
18,2021-08-06 16:55:00,13.619,"norwood.mouth",1.41950757575758,8.16454766414141
18,2021-08-06 17:10:00,13.619,"norwood.mouth",1.43240740740741,8.22961574074074
18,2021-08-06 17:20:00,13.619,"norwood.mouth",1.4529582929195,8.317
18,2021-08-06 17:35:00,13.682,"norwood.mouth",1.4144385026738,8.50979991087344
18,2021-08-06 17:45:00,13.682,"norwood.mouth",1.42909280500521,8.64273357664234
18,2021-08-06 17:55:00,13.682,"norwood.mouth",1.43686583990981,8.74102959413754
18,2021-08-06 18:10:00,13.682,"norwood.mouth",1.44010695187166,8.88845142602496
18,2021-08-06 18:20:00,13.744,"norwood.mouth",1.41060786650775,8.85172894318633
18,2021-08-06 18:35:00,13.744,"norwood.mouth",1.41060786650775,8.9787513905443
18,2021-08-06 18:45:00,13.744,"norwood.mouth",1.42699884125145,8.95342941290073
18,2021-08-06 18:55:00,13.744,"norwood.mouth",1.41767288693743,9.01832903402854
18,2021-08-06 19:10:00,13.744,"norwood.mouth",1.41978609625668,9.05545766488414
18,2021-08-06 19:20:00,13.744,"norwood.mouth",1.40518331226296,9.05234270965023
18,2021-08-06 19:35:00,13.87,"norwood.mouth",1.32553729456384,9.03583628318584
18,2021-08-06 19:45:00,13.87,"norwood.mouth",1.30443285528031,8.97824065623642
18,2021-08-06 19:55:00,13.807,"norwood.mouth",1.3398773006135,8.87925511247444
18,2021-08-06 20:10:00,13.744,"norwood.mouth",1.3638036809816,8.67010020449898
18,2021-08-06 20:20:00,13.807,"norwood.mouth",1.32515337423313,8.57371421267894
18,2021-08-06 20:35:00,13.744,"norwood.mouth",1.37987588652482,8.23562884160756
18,2021-08-06 20:45:00,13.744,"norwood.mouth",1.32947976878613,8.12120953757225
18,2021-08-06 20:55:00,13.744,"norwood.mouth",1.33790650406504,7.82277405149051
18,2021-08-06 21:10:00,13.682,"norwood.mouth",1.34195725534308,7.44565551181102
18,2021-08-06 21:20:00,13.682,"norwood.mouth",1.34114583333333,7.24367621527778
18,2021-08-06 21:35:00,13.682,"norwood.mouth",1.30439952437574,6.72906916369401
18,2021-08-06 21:45:00,13.619,"norwood.mouth",1.32803943044907,6.43519605695509
18,2021-08-06 21:55:00,13.619,"norwood.mouth",1.3366285119667,6.08152610128339
18,2021-08-06 22:10:00,13.556,"norwood.mouth",1.33625410733845,5.74548859072654
18,2021-08-06 22:20:00,13.494,"norwood.mouth",1.37653736991485,5.51581772311574
18,2021-08-06 22:35:00,13.494,"norwood.mouth",1.35043562439497,5.14469861245563
18,2021-08-06 22:45:00,13.431,"norwood.mouth",1.38363292336802,4.91327168085777
18,2021-08-06 22:55:00,13.368,"norwood.mouth",1.41198979591837,4.65892431972789
18,2021-08-06 23:10:00,13.368,"norwood.mouth",1.39982653946227,4.32113493784331
18,2021-08-06 23:20:00,13.431,"norwood.mouth",1.37229783827062,4.13858626901521
18,2021-08-06 23:35:00,13.556,"norwood.mouth",1.3290723155588,3.93971785975164
18,2021-08-06 23:45:00,13.431,"norwood.mouth",1.3724907063197,3.78230762081784
18,2021-08-06 23:55:00,13.368,"norwood.mouth",1.38698884758364,3.60344423791822
18,2021-08-07 00:10:00,13.305,"norwood.mouth",1.41040892193309,3.36250278810409
18,2021-08-07 00:20:00,13.243,"norwood.mouth",1.42453531598513,3.16193959107807
18,2021-08-07 00:35:00,13.243,"norwood.mouth",1.41255778120185,2.92809167950693
18,2021-08-07 00:45:00,13.243,"norwood.mouth",1.43150271575136,2.6475417421042
18,2021-08-07 00:55:00,13.18,"norwood.mouth",1.44213126323218,2.49497682898142
18,2021-08-07 01:10:00,13.18,"norwood.mouth",1.43787177792465,2.34488422560035
18,2021-08-07 01:20:00,13.18,"norwood.mouth",1.43884189980481,2.21336185209282
18,2021-08-07 01:35:00,13.18,"norwood.mouth",1.42124814264487,2.02493499257058
18,2021-08-07 01:45:00,13.18,"norwood.mouth",1.41945392491468,1.9218196814562
18,2021-08-07 01:55:00,13.117,"norwood.mouth",1.43686131386861,1.73836496350365
18,2021-08-07 02:10:00,13.117,"norwood.mouth",1.43923327895595,1.61943230016313
18,2021-08-07 02:20:00,13.117,"norwood.mouth",1.42549167927383,1.55627836611195
18,2021-08-07 02:35:00,13.055,"norwood.mouth",1.43986384266263,1.39199823499748
18,2021-08-07 02:45:00,13.055,"norwood.mouth",1.43046107331822,1.37798822121441
18,2021-08-07 02:55:00,13.055,"norwood.mouth",1.41686650679456,1.32568824940048
18,2021-08-07 03:10:00,12.992,"norwood.mouth",1.44204636290967,1.17764628297362
18,2021-08-07 03:20:00,12.992,"norwood.mouth",1.42571208622017,1.1846777649474
18,2021-08-07 03:35:00,12.992,"norwood.mouth",1.42528735632184,1.09115804597701
18,2021-08-07 03:45:00,12.929,"norwood.mouth",1.44996150885296,1.00307127277393
18,2021-08-07 03:55:00,12.929,"norwood.mouth",1.43724531377343,0.975596169519152
18,2021-08-07 04:10:00,12.929,"norwood.mouth",1.40982776089159,0.93297095575819
18,2021-08-07 04:20:00,12.929,"norwood.mouth",1.41782086795937,0.856839642967067
18,2021-08-07 04:35:00,12.929,"norwood.mouth",1.3951194184839,0.877559795777085
18,2021-08-07 04:45:00,12.866,"norwood.mouth",1.42492012779553,0.838317092651756
18,2021-08-07 04:55:00,12.866,"norwood.mouth",1.42345276872964,0.802014657980455
18,2021-08-07 05:10:00,12.866,"norwood.mouth",1.41696113074205,0.802181095406359
18,2021-08-07 05:20:00,12.804,"norwood.mouth",1.43231046931408,0.65924368231047
18,2021-08-07 05:35:00,12.804,"norwood.mouth",1.43181818181818,0.62621212121212
18,2021-08-07 05:45:00,12.804,"norwood.mouth",1.42241379310345,0.648264367816092
18,2021-08-07 05:55:00,12.804,"norwood.mouth",1.41765578635015,0.60680415430267
18,2021-08-07 06:10:00,12.741,"norwood.mouth",1.42829153605016,0.514683254963427
18,2021-08-07 06:20:00,12.741,"norwood.mouth",1.41228813559322,0.543007062146892
18,2021-08-07 06:35:00,12.678,"norwood.mouth",1.42541924095322,0.463204398352457
18,2021-08-07 06:45:00,12.678,"norwood.mouth",1.42443226311668,0.448899699817281
18,2021-08-07 06:55:00,12.678,"norwood.mouth",1.42148087876322,0.466551939246
18,2021-08-07 07:10:00,12.615,"norwood.mouth",1.44263018534863,0.473476610767873
18,2021-08-07 07:20:00,12.615,"norwood.mouth",1.43609958506224,0.506426348547718
18,2021-08-07 07:35:00,12.615,"norwood.mouth",1.43056807935077,0.539086564472498
18,2021-08-07 07:45:00,12.615,"norwood.mouth",1.44292068198666,0.553913577958982
18,2021-08-07 07:55:00,12.615,"norwood.mouth",1.43344857389801,0.541027009507347
18,2021-08-07 08:10:00,12.615,"norwood.mouth",1.41797235023041,0.610503840245776
18,2021-08-07 08:20:00,12.615,"norwood.mouth",1.40767634854772,0.622630705394192
18,2021-08-07 08:35:00,12.553,"norwood.mouth",1.43542435424354,0.578005535055351
18,2021-08-07 08:45:00,12.553,"norwood.mouth",1.44190871369295,0.549969917012448
18,2021-08-07 08:55:00,12.553,"norwood.mouth",1.42599277978339,0.544734957882071
18,2021-08-07 09:10:00,12.553,"norwood.mouth",1.42084942084942,0.544649935649937
18,2021-08-07 09:20:00,12.553,"norwood.mouth",1.40887174541948,0.555155175184828
18,2021-08-07 09:35:00,12.553,"norwood.mouth",1.39417693169093,0.652585013064577
18,2021-08-07 09:45:00,12.49,"norwood.mouth",1.43924783027965,0.570575297332047
18,2021-08-07 09:55:00,12.49,"norwood.mouth",1.45442238267148,0.472
18,2021-08-07 10:10:00,12.49,"norwood.mouth",1.46103238866397,0.591
18,2021-08-07 10:20:00,12.49,"norwood.mouth",1.4418202764977,0.857011520737329
18,2021-08-07 10:35:00,12.49,"norwood.mouth",1.44062205466541,0.833137606032044
18,2021-08-07 10:45:00,12.49,"norwood.mouth",1.44062205466541,0.86693535972353
18,2021-08-07 10:55:00,12.49,"norwood.mouth",1.44319206492335,0.921516230838591
18,2021-08-07 11:10:00,12.49,"norwood.mouth",1.44439541041483,0.965917107972932
18,2021-08-07 11:20:00,12.49,"norwood.mouth",1.45442238267148,0.991
18,2021-08-07 11:35:00,12.553,"norwood.mouth",1.46590066716086,1.351
18,2021-08-07 11:45:00,12.553,"norwood.mouth",1.47775330396476,1.561
18,2021-08-07 11:55:00,12.615,"norwood.mouth",1.47490774907749,2.011
18,2021-08-07 12:10:00,12.678,"norwood.mouth",1.4705574912892,2.274
18,2021-08-07 12:20:00,12.741,"norwood.mouth",1.47719298245614,2.513
18,2021-08-07 12:35:00,12.804,"norwood.mouth",1.474375,2.697
18,2021-08-07 12:45:00,12.929,"norwood.mouth",1.48540268456376,2.885
18,2021-08-07 12:55:00,12.992,"norwood.mouth",1.48562874251497,2.966
18,2021-08-07 13:10:00,13.055,"norwood.mouth",1.48690095846645,3.121
18,2021-08-07 13:20:00,13.117,"norwood.mouth",1.48651026392962,3.345
18,2021-08-07 13:35:00,13.18,"norwood.mouth",1.48409669211196,3.617
18,2021-08-07 13:45:00,13.243,"norwood.mouth",1.49431137724551,3.75
18,2021-08-07 13:55:00,13.243,"norwood.mouth",1.45097132284921,3.88
18,2021-08-07 14:10:00,13.305,"norwood.mouth",1.49602649006623,4.097
18,2021-08-07 14:20:00,13.305,"norwood.mouth",1.46078431372549,4.215
18,2021-08-07 14:35:00,13.305,"norwood.mouth",1.43908629441624,4.52315143824027
18,2021-08-07 14:45:00,13.305,"norwood.mouth",1.451269035533,4.589
18,2021-08-07 14:55:00,13.368,"norwood.mouth",1.48466981132075,5.014
18,2021-08-07 15:10:00,13.368,"norwood.mouth",1.44499504459861,5.11321225635943
18,2021-08-07 15:20:00,13.431,"norwood.mouth",1.42897727272727,5.34147916666666
18,2021-08-07 15:35:00,13.431,"norwood.mouth",1.47443181818182,5.494
18,2021-08-07 15:45:00,13.494,"norwood.mouth",1.42005813953488,5.80726453488372
18,2021-08-07 15:55:00,13.431,"norwood.mouth",1.4475,5.76572083333333
18,2021-08-07 16:10:00,13.431,"norwood.mouth",1.45478723404255,5.989
18,2021-08-07 16:20:00,13.494,"norwood.mouth",1.45788043478261,6.029
18,2021-08-07 16:35:00,13.494,"norwood.mouth",1.46577380952381,6.29
18,2021-08-07 16:45:00,13.494,"norwood.mouth",1.44701086956522,6.62312228260869
18,2021-08-07 16:55:00,13.556,"norwood.mouth",1.47763457164519,6.765
18,2021-08-07 17:10:00,13.556,"norwood.mouth",1.46853677028052,7.02
18,2021-08-07 17:20:00,13.556,"norwood.mouth",1.45713141025641,7.184
18,2021-08-07 17:35:00,13.619,"norwood.mouth",1.43240740740741,7.46714197530864
18,2021-08-07 17:45:00,13.619,"norwood.mouth",1.44474637681159,7.50572584541063
18,2021-08-07 17:55:00,13.619,"norwood.mouth",1.44812925170068,7.65040419501134
18,2021-08-07 18:10:00,13.682,"norwood.mouth",1.40599593495935,7.86456029810298
18,2021-08-07 18:20:00,13.682,"norwood.mouth",1.41036821705426,7.84111030361757
18,2021-08-07 18:35:00,13.682,"norwood.mouth",1.40823412698413,7.84108878968254
18,2021-08-07 18:45:00,13.682,"norwood.mouth",1.38231981981982,7.9403765015015
18,2021-08-07 18:55:00,13.619,"norwood.mouth",1.42757936507937,7.84853406084656
18,2021-08-07 19:10:00,13.619,"norwood.mouth",1.4338768115942,7.76798550724638
18,2021-08-07 19:20:00,13.619,"norwood.mouth",1.42464539007092,7.68938741134752
18,2021-08-07 19:35:00,13.619,"norwood.mouth",1.42075163398693,7.58536328976035
18,2021-08-07 19:45:00,13.619,"norwood.mouth",1.42777364110201,7.42886262099777
18,2021-08-07 19:55:00,13.619,"norwood.mouth",1.42904169714704,7.4580513899049
18,2021-08-07 20:10:00,13.556,"norwood.mouth",1.44330651060717,7.25999835405998
18,2021-08-07 20:20:00,13.556,"norwood.mouth",1.44076770350761,7.16046575115817
18,2021-08-07 20:35:00,13.556,"norwood.mouth",1.4481460023175,6.94913441483198
18,2021-08-07 20:45:00,13.556,"norwood.mouth",1.43867069486405,6.77703549848943
18,2021-08-07 20:55:00,13.619,"norwood.mouth",1.4270990447461,6.60895458354282
18,2021-08-07 21:10:00,13.619,"norwood.mouth",1.41826381059752,6.16926080420894
18,2021-08-07 21:20:00,13.682,"norwood.mouth",1.40047518479409,6.01744931362196
18,2021-08-07 21:35:00,13.744,"norwood.mouth",1.39095876800795,5.71428514654744
18,2021-08-07 21:45:00,13.619,"norwood.mouth",1.41814389989572,5.27890702120264
18,2021-08-07 21:55:00,13.556,"norwood.mouth",1.43613231552163,5.14667536047498
18,2021-08-07 22:10:00,13.744,"norwood.mouth",1.36771428571429,5.11250857142857
18,2021-08-07 22:20:00,13.682,"norwood.mouth",1.38058368076236,4.86198153662895
18,2021-08-07 22:35:00,13.556,"norwood.mouth",1.42551462621885,4.38648104008667
18,2021-08-07 22:45:00,13.556,"norwood.mouth",1.44007391763464,4.15193277015135
18,2021-08-07 22:55:00,13.619,"norwood.mouth",1.4129763130793,4.08458831101957
18,2021-08-07 23:10:00,13.494,"norwood.mouth",1.43409343715239,3.79971449758991
18,2021-08-07 23:20:00,13.431,"norwood.mouth",1.47200878155873,3.628
18,2021-08-07 23:35:00,13.431,"norwood.mouth",1.43839452395769,3.40923988799004
18,2021-08-07 23:45:00,13.431,"norwood.mouth",1.43839452395769,3.23370410703174
18,2021-08-07 23:55:00,13.431,"norwood.mouth",1.42633928571429,3.01318303571429
18,2021-08-08 00:10:00,13.431,"norwood.mouth",1.4093137254902,2.69462745098039
18,2021-08-08 00:20:00,13.431,"norwood.mouth",1.41032608695652,2.46997644927536
18,2021-08-08 00:35:00,13.368,"norwood.mouth",1.41928934010152,2.21217343485618
18,2021-08-08 00:45:00,13.368,"norwood.mouth",1.41142303969022,2.07254307841239
18,2021-08-08 00:55:00,13.305,"norwood.mouth",1.4362267493357,1.95898132565692
18,2021-08-08 01:10:00,13.305,"norwood.mouth",1.40879017013233,1.79786326402016
18,2021-08-08 01:20:00,13.305,"norwood.mouth",1.41150081566068,1.69337466014138
18,2021-08-08 01:35:00,13.243,"norwood.mouth",1.43678629690049,1.47265171288744
18,2021-08-08 01:45:00,13.243,"norwood.mouth",1.42699836867863,1.44148531810767
18,2021-08-08 01:55:00,13.18,"norwood.mouth",1.44505494505494,1.31034065934066
18,2021-08-08 02:10:00,13.18,"norwood.mouth",1.44176372712146,1.17644800332779
18,2021-08-08 02:20:00,13.18,"norwood.mouth",1.43311582381729,1.13307055464927
18,2021-08-08 02:35:00,13.18,"norwood.mouth",1.43366266760762,1.1132175370501
18,2021-08-08 02:45:00,13.18,"norwood.mouth",1.43011152416357,1.07621251548947
18,2021-08-08 02:55:00,13.18,"norwood.mouth",1.42519407198306,1.09240966831334
18,2021-08-08 03:10:00,13.117,"norwood.mouth",1.45733788395904,0.921
18,2021-08-08 03:20:00,13.117,"norwood.mouth",1.43790380473798,0.970445501316104
18,2021-08-08 03:35:00,13.117,"norwood.mouth",1.42549167927383,0.961989409984872
18,2021-08-08 03:45:00,13.117,"norwood.mouth",1.42682020802377,0.958873699851412
18,2021-08-08 03:55:00,13.117,"norwood.mouth",1.43895553987297,0.841434309574218
18,2021-08-08 04:10:00,13.117,"norwood.mouth",1.43210361067504,0.815667189952904
18,2021-08-08 04:20:00,13.117,"norwood.mouth",1.4308,0.821807999999999
18,2021-08-08 04:35:00,13.117,"norwood.mouth",1.4404,0.723944000000001
18,2021-08-08 04:45:00,13.117,"norwood.mouth",1.42803660565724,0.788171381031613
18,2021-08-08 04:55:00,13.055,"norwood.mouth",1.44482997918112,0.679636999768678
18,2021-08-08 05:10:00,13.117,"norwood.mouth",1.41486902927581,0.787212634822804
18,2021-08-08 05:20:00,13.055,"norwood.mouth",1.43515497553018,0.712355628058726
18,2021-08-08 05:35:00,13.055,"norwood.mouth",1.4278431372549,0.553520915032678
18,2021-08-08 05:45:00,13.055,"norwood.mouth",1.42352452202826,0.637912926018287
18,2021-08-08 05:55:00,13.055,"norwood.mouth",1.42502037489813,0.669631961423525
18,2021-08-08 06:10:00,12.992,"norwood.mouth",1.42832909245123,0.646039722929036
18,2021-08-08 06:20:00,12.992,"norwood.mouth",1.42571208622017,0.692006222735439
18,2021-08-08 06:35:00,12.992,"norwood.mouth",1.41645021645022,0.630564935064936
18,2021-08-08 06:45:00,12.992,"norwood.mouth",1.40887629839471,0.653322710103873
18,2021-08-08 06:55:00,12.929,"norwood.mouth",1.42383778437191,0.632274727992087
18,2021-08-08 07:10:00,12.929,"norwood.mouth",1.41400966183575,0.69659541062802
18,2021-08-08 07:20:00,12.929,"norwood.mouth",1.41196834817013,0.688248433893835
18,2021-08-08 07:35:00,12.929,"norwood.mouth",1.4024154589372,0.772605877616747
18,2021-08-08 07:45:00,12.866,"norwood.mouth",1.41938674579624,0.730002967359051
18,2021-08-08 07:55:00,12.866,"norwood.mouth",1.41742654508612,0.76347171563661
18,2021-08-08 08:10:00,12.866,"norwood.mouth",1.40485829959514,0.816362348178136
18,2021-08-08 08:20:00,12.866,"norwood.mouth",1.40485829959514,0.826465587044533
18,2021-08-08 08:35:00,12.866,"norwood.mouth",1.38427947598253,0.914346069868995
18,2021-08-08 08:45:00,12.866,"norwood.mouth",1.39004149377593,0.929876901798063
18,2021-08-08 08:55:00,12.866,"norwood.mouth",1.38116591928251,0.964404708520179
18,2021-08-08 09:10:00,12.804,"norwood.mouth",1.40744680851064,0.856936170212766
18,2021-08-08 09:20:00,12.804,"norwood.mouth",1.402466367713,0.897334828101644
18,2021-08-08 09:35:00,12.804,"norwood.mouth",1.37912087912088,1.1183543956044
18,2021-08-08 09:45:00,12.741,"norwood.mouth",1.41758241758242,1.03205036630037
18,2021-08-08 09:55:00,12.741,"norwood.mouth",1.41509433962264,1.13429088050314
18,2021-08-08 10:10:00,12.741,"norwood.mouth",1.41777777777778,1.26416481481481
18,2021-08-08 10:20:00,12.741,"norwood.mouth",1.38222222222222,1.27637222222222
18,2021-08-08 10:35:00,12.741,"norwood.mouth",1.38827838827839,1.45086904761905
18,2021-08-08 10:45:00,12.678,"norwood.mouth",1.43079584775086,1.35653114186851
18,2021-08-08 10:55:00,12.678,"norwood.mouth",1.41695501730104,1.49404873125721
18,2021-08-08 11:10:00,12.678,"norwood.mouth",1.40041493775934,1.70411514522822
18,2021-08-08 11:20:00,12.678,"norwood.mouth",1.4288256227758,1.72332947805457
18,2021-08-08 11:35:00,12.741,"norwood.mouth",1.42424242424242,2.04082575757576
18,2021-08-08 11:45:00,12.741,"norwood.mouth",1.49234972677596,2.185
18,2021-08-08 11:55:00,12.804,"norwood.mouth",1.49613821138211,2.536
18,2021-08-08 12:10:00,12.866,"norwood.mouth",1.48860759493671,3.012
18,2021-08-08 12:20:00,12.992,"norwood.mouth",1.48441558441558,3.108
18,2021-08-08 12:35:00,12.992,"norwood.mouth",1.42389937106918,3.50850628930818
18,2021-08-08 12:45:00,13.055,"norwood.mouth",1.49220374220374,3.498
18,2021-08-08 12:55:00,13.055,"norwood.mouth",1.49431034482759,3.717
18,2021-08-08 13:10:00,13.18,"norwood.mouth",1.4786917740337,3.947
18,2021-08-08 13:20:00,13.18,"norwood.mouth",1.49913793103448,4.186
18,2021-08-08 13:35:00,13.243,"norwood.mouth",1.49452354874042,4.486
18,2021-08-08 13:45:00,13.243,"norwood.mouth",1.49012738853503,4.746
18,2021-08-08 13:55:00,13.368,"norwood.mouth",1.47864184008762,5.06
18,2021-08-08 14:10:00,13.368,"norwood.mouth",1.49440677966102,5.359
18,2021-08-08 14:20:00,13.431,"norwood.mouth",1.48774509803922,5.362
18,2021-08-08 14:35:00,13.431,"norwood.mouth",1.4925,5.851
18,2021-08-08 14:45:00,13.494,"norwood.mouth",1.49549839228296,6.242
18,2021-08-08 14:55:00,13.494,"norwood.mouth",1.48762214983713,6.455
18,2021-08-08 15:10:00,13.494,"norwood.mouth",1.47942386831276,6.61
18,2021-08-08 15:20:00,13.556,"norwood.mouth",1.48096885813149,6.929
18,2021-08-08 15:35:00,13.619,"norwood.mouth",1.48327464788732,7.039
18,2021-08-08 15:45:00,13.619,"norwood.mouth",1.47754716981132,7.091
18,2021-08-08 15:55:00,13.682,"norwood.mouth",1.48425196850394,7.269
18,2021-08-08 16:10:00,13.682,"norwood.mouth",1.4792828685259,7.287
18,2021-08-08 16:20:00,13.744,"norwood.mouth",1.488,7.452
18,2021-08-08 16:35:00,13.807,"norwood.mouth",1.48434237995825,7.66
18,2021-08-08 16:45:00,13.87,"norwood.mouth",1.46043956043956,7.81
18,2021-08-08 16:55:00,13.932,"norwood.mouth",1.43661446681581,8.08039106388267
18,2021-08-08 17:10:00,13.932,"norwood.mouth",1.43661446681581,8.20917735520756
18,2021-08-08 17:20:00,14.058,"norwood.mouth",1.4004016064257,8.36866767068273
18,2021-08-08 17:35:00,14.058,"norwood.mouth",1.39373814041746,8.59578178368121
18,2021-08-08 17:45:00,14.121,"norwood.mouth",1.38247338247338,8.73935476385476
18,2021-08-08 17:55:00,14.058,"norwood.mouth",1.40643274853801,8.95297709551657
18,2021-08-08 18:10:00,14.058,"norwood.mouth",1.3983666061706,9.00146113127647
18,2021-08-08 18:20:00,14.183,"norwood.mouth",1.3556838365897,9.14667406749556
18,2021-08-08 18:35:00,14.183,"norwood.mouth",1.34223300970874,9.17934951456311
18,2021-08-08 18:45:00,14.183,"norwood.mouth",1.35708435708436,9.16073054873055
18,2021-08-08 18:55:00,14.183,"norwood.mouth",1.3614663256607,9.22469508383063
18,2021-08-08 19:10:00,14.246,"norwood.mouth",1.33766745468873,9.22903644602049
18,2021-08-08 19:20:00,14.246,"norwood.mouth",1.34638329604773,9.11539075316928
18,2021-08-08 19:35:00,14.058,"norwood.mouth",1.4053583855254,8.87330915100905
18,2021-08-08 19:45:00,14.121,"norwood.mouth",1.39398734177215,8.77316455696203
18,2021-08-08 19:55:00,14.058,"norwood.mouth",1.41041162227603,8.59677300242131
18,2021-08-08 20:10:00,14.058,"norwood.mouth",1.39048596851472,8.38540252110427
18,2021-08-08 20:20:00,13.932,"norwood.mouth",1.41871737509321,8.10753815560527
18,2021-08-08 20:35:00,14.058,"norwood.mouth",1.36801346801347,7.96562457912458
18,2021-08-08 20:45:00,14.058,"norwood.mouth",1.35025197984161,7.82347084233261
18,2021-08-08 20:55:00,14.058,"norwood.mouth",1.36873508353222,7.61446658711217
18,2021-08-08 21:10:00,14.058,"norwood.mouth",1.35545171339564,7.21023312564901
18,2021-08-08 21:20:00,14.058,"norwood.mouth",1.34625579854208,6.92797432074221
18,2021-08-08 21:35:00,13.87,"norwood.mouth",1.38010425716768,6.40727772951057
18,2021-08-08 21:45:00,13.807,"norwood.mouth",1.41889117043121,6.14201796714579
18,2021-08-08 21:55:00,13.744,"norwood.mouth",1.42349304482226,5.8453909067491
18,2021-08-08 22:10:00,13.744,"norwood.mouth",1.39910130718954,5.49445302287582
18,2021-08-08 22:20:00,13.744,"norwood.mouth",1.40738209159262,5.21548490544543
18,2021-08-08 22:35:00,13.807,"norwood.mouth",1.35262345679012,4.98493981481481
18,2021-08-08 22:45:00,13.682,"norwood.mouth",1.39073129251701,4.64225070861678
18,2021-08-08 22:55:00,13.744,"norwood.mouth",1.3412037037037,4.44856095679012
18,2021-08-08 23:10:00,13.744,"norwood.mouth",1.33378623188406,4.25192798913043
18,2021-08-08 23:20:00,13.619,"norwood.mouth",1.38454861111111,3.94971961805556
18,2021-08-08 23:35:00,13.682,"norwood.mouth",1.33289007092199,3.97737041962175
18,2021-08-08 23:45:00,13.682,"norwood.mouth",1.32595486111111,3.7073599537037
18,2021-08-08 23:55:00,13.682,"norwood.mouth",1.30128840436075,3.42890543442352
18,2021-08-09 00:10:00,13.619,"norwood.mouth",1.33605072463768,3.21316062801932
18,2021-08-09 00:20:00,13.556,"norwood.mouth",1.34720908230842,2.91677633238726
18,2021-08-09 00:35:00,13.494,"norwood.mouth",1.36018099547511,2.76359502262443
18,2021-08-09 00:45:00,13.494,"norwood.mouth",1.35707678075856,2.65585568917669
18,2021-08-09 00:55:00,13.431,"norwood.mouth",1.39540816326531,2.49230952380952
18,2021-08-09 01:10:00,13.368,"norwood.mouth",1.40425531914894,2.20656028368794
18,2021-08-09 01:20:00,13.305,"norwood.mouth",1.42559787422498,2.10405801594331
18,2021-08-09 01:35:00,13.305,"norwood.mouth",1.39744801512287,2.04036168872086
18,2021-08-09 01:45:00,13.243,"norwood.mouth",1.42244367417678,1.83985268630849
18,2021-08-09 01:55:00,13.243,"norwood.mouth",1.43514851485149,1.65168316831683
18,2021-08-09 02:10:00,13.243,"norwood.mouth",1.42837338262477,1.57150924214418
18,2021-08-09 02:20:00,13.243,"norwood.mouth",1.40696465696466,1.55333575883576
18,2021-08-09 02:35:00,13.18,"norwood.mouth",1.43805309734513,1.38403982300885
18,2021-08-09 02:45:00,13.18,"norwood.mouth",1.4290060851927,1.33460801217039
18,2021-08-09 02:55:00,13.18,"norwood.mouth",1.42723492723493,1.29343139293139
18,2021-08-09 03:10:00,13.117,"norwood.mouth",1.431146025878,1.2242033271719
18,2021-08-09 03:20:00,13.117,"norwood.mouth",1.43661257606491,1.12459837728195
18,2021-08-09 03:35:00,13.117,"norwood.mouth",1.41435643564356,1.10887128712871
18,2021-08-09 03:45:00,13.117,"norwood.mouth",1.40689981096408,1.0958393194707
18,2021-08-09 03:55:00,13.055,"norwood.mouth",1.44230769230769,1.02394871794872
18,2021-08-09 04:10:00,13.055,"norwood.mouth",1.41937119675456,0.99556558485463
18,2021-08-09 04:20:00,13.055,"norwood.mouth",1.40446521287643,1.04933679473866
18,2021-08-09 04:35:00,12.992,"norwood.mouth",1.44154589371981,0.843910225442835
18,2021-08-09 04:45:00,13.055,"norwood.mouth",1.39289012003693,0.987432902431516
18,2021-08-09 04:55:00,12.992,"norwood.mouth",1.41282746160795,0.880134673291179
18,2021-08-09 05:10:00,12.992,"norwood.mouth",1.40454995054402,0.842487388724037
18,2021-08-09 05:20:00,12.929,"norwood.mouth",1.43719806763285,0.702080112721418
18,2021-08-09 05:35:00,12.929,"norwood.mouth",1.41595845136922,0.703366068618194
18,2021-08-09 05:45:00,12.866,"norwood.mouth",1.44444444444444,0.59187037037037
18,2021-08-09 05:55:00,12.866,"norwood.mouth",1.42943722943723,0.636958874458875
18,2021-08-09 06:10:00,12.866,"norwood.mouth",1.4,0.686
18,2021-08-09 06:20:00,12.804,"norwood.mouth",1.42588932806324,0.643055994729908
18,2021-08-09 06:35:00,12.804,"norwood.mouth",1.4097510373444,0.663809820193637
18,2021-08-09 06:45:00,12.804,"norwood.mouth",1.39730290456432,0.711479253112033
18,2021-08-09 06:55:00,12.804,"norwood.mouth",1.38581314878893,0.675667243367936
18,2021-08-09 07:10:00,12.804,"norwood.mouth",1.39468085106383,0.656
18,2021-08-09 07:20:00,12.741,"norwood.mouth",1.41753112033195,0.638845262793913
18,2021-08-09 07:35:00,12.741,"norwood.mouth",1.41542553191489,0.670422872340424
18,2021-08-09 07:45:00,12.741,"norwood.mouth",1.3914590747331,0.75769246737841
18,2021-08-09 07:55:00,12.741,"norwood.mouth",1.38132295719844,0.774866083009079
18,2021-08-09 08:10:00,12.741,"norwood.mouth",1.3519313304721,0.94568419170243
18,2021-08-09 08:20:00,12.678,"norwood.mouth",1.41208791208791,0.889939560439561
18,2021-08-09 08:35:00,12.678,"norwood.mouth",1.375,1.007375
18,2021-08-09 08:45:00,12.678,"norwood.mouth",1.37928571428571,1.10668928571429
18,2021-08-09 08:55:00,12.678,"norwood.mouth",1.375,1.11325
18,2021-08-09 09:10:00,12.678,"norwood.mouth",1.33333333333333,1.26216666666667
18,2021-08-09 09:20:00,12.615,"norwood.mouth",1.37179487179487,1.33859615384615
18,2021-08-09 09:35:00,12.615,"norwood.mouth",1.39364640883978,1.38917127071823
18,2021-08-09 09:45:00,12.615,"norwood.mouth",1.37230514096186,1.39250967385296
18,2021-08-09 09:55:00,12.615,"norwood.mouth",1.36701208981002,1.5258046919977
18,2021-08-09 10:10:00,12.615,"norwood.mouth",1.38609467455621,1.52120710059172
18,2021-08-09 10:20:00,12.615,"norwood.mouth",1.35805422647528,1.65601049973419
18,2021-08-09 10:35:00,12.553,"norwood.mouth",1.37910189982729,1.67370782959125
18,2021-08-09 10:45:00,12.553,"norwood.mouth",1.39549549549549,1.64987312312313
18,2021-08-09 10:55:00,12.553,"norwood.mouth",1.3962962962963,1.81671296296296
18,2021-08-09 11:10:00,12.553,"norwood.mouth",1.40932642487047,1.87360924006909
18,2021-08-09 11:20:00,12.553,"norwood.mouth",1.41090629800307,1.86277419354839
18,2021-08-09 11:35:00,12.553,"norwood.mouth",1.45454545454545,2.104
18,2021-08-09 11:45:00,12.615,"norwood.mouth",1.49450549450549,2.305
18,2021-08-09 11:55:00,12.678,"norwood.mouth",1.49390243902439,2.535
18,2021-08-09 12:10:00,12.741,"norwood.mouth",1.49270386266094,2.861
18,2021-08-09 12:20:00,12.804,"norwood.mouth",1.4969474969475,3.082
18,2021-08-09 12:35:00,12.866,"norwood.mouth",1.49887892376682,3.368
18,2021-08-09 12:45:00,12.929,"norwood.mouth",1.49465558194774,3.55
18,2021-08-09 12:55:00,12.992,"norwood.mouth",1.36258373205742,4.09753229665072
18,2021-08-09 13:10:00,13.055,"norwood.mouth",1.49133949191686,3.995
18,2021-08-09 13:20:00,13.18,"norwood.mouth",1.45961995249406,4.197
18,2021-08-09 13:35:00,13.243,"norwood.mouth",1.45388076490439,4.521
18,2021-08-09 13:45:00,13.368,"norwood.mouth",1.42606790799562,4.74756909456006
18,2021-08-09 13:55:00,13.305,"norwood.mouth",1.47146254458977,4.847
18,2021-08-09 14:10:00,13.368,"norwood.mouth",1.48020304568528,5.101
18,2021-08-09 14:20:00,13.431,"norwood.mouth",1.47042716319825,5.293
18,2021-08-09 14:35:00,13.556,"norwood.mouth",1.44933712121212,5.63889788510101
18,2021-08-09 14:45:00,13.556,"norwood.mouth",1.48311817279047,5.821
18,2021-08-09 14:55:00,13.619,"norwood.mouth",1.46902654867257,6.08
18,2021-08-09 15:10:00,13.744,"norwood.mouth",1.44161260426321,6.30103135619401
18,2021-08-09 15:20:00,13.807,"norwood.mouth",1.44835164835165,6.58728846153846
18,2021-08-09 15:35:00,13.87,"norwood.mouth",1.43972179289026,6.87392426584235
18,2021-08-09 15:45:00,13.807,"norwood.mouth",1.47176759410802,6.928
18,2021-08-09 15:55:00,13.995,"norwood.mouth",1.41277128547579,7.24469977740679
18,2021-08-09 16:10:00,14.058,"norwood.mouth",1.3898756660746,7.47356305506217
18,2021-08-09 16:20:00,14.058,"norwood.mouth",1.4045996592845,7.65061201022147
18,2021-08-09 16:35:00,14.183,"norwood.mouth",1.36750189825361,8.05906846368008
18,2021-08-09 16:45:00,14.058,"norwood.mouth",1.41644204851752,8.07385781671159
18,2021-08-09 16:55:00,14.121,"norwood.mouth",1.41138814016173,8.22542924528302
18,2021-08-09 17:10:00,14.183,"norwood.mouth",1.39671886651752,8.4579168530947
18,2021-08-09 17:20:00,14.121,"norwood.mouth",1.4299853372434,8.42567338709678
18,2021-08-09 17:35:00,14.246,"norwood.mouth",1.38810198300283,8.80581515580737
18,2021-08-09 17:45:00,14.183,"norwood.mouth",1.4039483675019,8.79975196152873
18,2021-08-09 17:55:00,14.183,"norwood.mouth",1.38127795527157,8.96238658146965
18,2021-08-09 18:10:00,14.434,"norwood.mouth",1.33286908077994,9.27022562674095
18,2021-08-09 18:20:00,14.371,"norwood.mouth",1.36541095890411,9.20525627853881
18,2021-08-09 18:35:00,14.309,"norwood.mouth",1.32583612040134,9.34347031772575
18,2021-08-09 18:45:00,14.309,"norwood.mouth",1.39017916390179,9.26691688785667
18,2021-08-09 18:55:00,14.309,"norwood.mouth",1.38076368876081,9.3454343179635
18,2021-08-09 19:10:00,14.371,"norwood.mouth",1.35842939481268,9.38857865033622
18,2021-08-09 19:20:00,14.309,"norwood.mouth",1.37429178470255,9.29245845136922
18,2021-08-09 19:35:00,14.309,"norwood.mouth",1.38758708043065,9.24668049398353
18,2021-08-09 19:45:00,14.246,"norwood.mouth",1.39522546419098,9.1229792219275
18,2021-08-09 19:55:00,14.183,"norwood.mouth",1.38136604774536,9.04005404509284
18,2021-08-09 20:10:00,14.183,"norwood.mouth",1.34980872226473,8.88867253251722
18,2021-08-09 20:20:00,14.183,"norwood.mouth",1.41721672167217,8.53587898789879
18,2021-08-09 20:35:00,14.183,"norwood.mouth",1.38785347043702,8.23001263924593
18,2021-08-09 20:45:00,14.058,"norwood.mouth",1.3984438984439,7.96215622440622
18,2021-08-09 20:55:00,14.058,"norwood.mouth",1.40835579514825,7.80287061994609
18,2021-08-09 21:10:00,14.246,"norwood.mouth",1.34912718204489,7.48552140482128
18,2021-08-09 21:20:00,14.183,"norwood.mouth",1.33117350611951,7.18836927045836
18,2021-08-09 21:35:00,13.995,"norwood.mouth",1.37518968133536,6.75487101669196
18,2021-08-09 21:45:00,14.121,"norwood.mouth",1.34212454212454,6.42465842490842
18,2021-08-09 21:55:00,13.995,"norwood.mouth",1.37047244094488,6.14522572178478
18,2021-08-09 22:10:00,13.995,"norwood.mouth",1.33943781942078,5.82660704145372
18,2021-08-09 22:20:00,13.807,"norwood.mouth",1.39704604691573,5.58829973935708
18,2021-08-09 22:35:00,13.807,"norwood.mouth",1.3866203301477,5.24924609035621
18,2021-08-09 22:45:00,13.744,"norwood.mouth",1.40742285237698,4.9846769530164
18,2021-08-09 22:55:00,13.682,"norwood.mouth",1.41435185185185,4.723625
18,2021-08-09 23:10:00,13.619,"norwood.mouth",1.42772108843537,4.40404846938775
18,2021-08-09 23:20:00,13.682,"norwood.mouth",1.39447463768116,4.17217421497585
18,2021-08-09 23:35:00,13.619,"norwood.mouth",1.39710884353742,3.86601048752834
18,2021-08-09 23:45:00,13.619,"norwood.mouth",1.39544025157233,3.71629585953878
18,2021-08-09 23:55:00,13.556,"norwood.mouth",1.40348639455782,3.4892264739229
