"ibutton","date.time","ibutton.temp","site","fish.depth","dissolved.oxygen"
15,2021-07-25 12:05:00,15.152,"blue.ruin.2",1.0543588658485,6.80654168429962
15,2021-07-25 12:20:00,14.776,"blue.ruin.2",1.06643489254109,7.41
15,2021-07-25 12:30:00,15.026,"blue.ruin.2",1.06214896214896,7.39
15,2021-07-25 12:45:00,15.465,"blue.ruin.2",1.0512313860252,7.18
15,2021-07-25 12:55:00,15.214,"blue.ruin.2",1.05999252895032,7.63
15,2021-07-25 13:05:00,14.275,"blue.ruin.2",1.08934347323835,6.7694516509434
15,2021-07-25 13:20:00,16.404,"blue.ruin.2",1.03595564941922,7.40187909186906
15,2021-07-25 13:30:00,15.84,"blue.ruin.2",1.05135859849839,6.98116910976046
15,2021-07-25 13:45:00,15.778,"blue.ruin.2",1.05467846206193,7.22857528070772
15,2021-07-25 13:55:00,15.965,"blue.ruin.2",1.05386371322286,7.17817213391951
15,2021-07-25 14:05:00,16.466,"blue.ruin.2",1.04121151936445,7.3454527060576
15,2021-07-25 14:20:00,15.152,"blue.ruin.2",1.07458045409674,6.6879461994077
15,2021-07-25 14:30:00,15.089,"blue.ruin.2",1.07647988027935,6.98986182241437
15,2021-07-25 14:45:00,15.527,"blue.ruin.2",1.06695672624647,7.19844367356538
15,2021-07-25 14:55:00,15.152,"blue.ruin.2",1.07203548085901,6.9725637254902
15,2021-07-25 15:05:00,15.652,"blue.ruin.2",1.06214438666259,7.32911272560416
15,2021-07-25 15:20:00,15.026,"blue.ruin.2",1.08068481123793,6.96096685689201
15,2021-07-25 15:30:00,14.713,"blue.ruin.2",1.08901952085182,6.86223602484472
15,2021-07-25 15:45:00,14.901,"blue.ruin.2",1.08120029455081,6.79482163107511
15,2021-07-25 15:55:00,14.901,"blue.ruin.2",1.08375555555556,6.80197961111111
15,2021-07-25 16:05:00,14.713,"blue.ruin.2",1.08587533156499,6.47431448938992
15,2021-07-25 16:20:00,14.776,"blue.ruin.2",1.08292144748455,6.60260988526037
15,2021-07-25 16:30:00,14.526,"blue.ruin.2",1.0883000893123,6.50162972610896
15,2021-07-25 16:45:00,14.526,"blue.ruin.2",1.08522559716898,6.59891285756414
15,2021-07-25 16:55:00,14.588,"blue.ruin.2",1.08118001722653,6.50627670111972
15,2021-07-25 17:05:00,14.776,"blue.ruin.2",1.07788601337598,6.31900785111951
15,2021-07-25 17:20:00,14.4,"blue.ruin.2",1.08501310806874,6.40087205068453
15,2021-07-25 17:30:00,14.776,"blue.ruin.2",1.07730982220927,6.35375983678228
15,2021-07-25 17:45:00,14.588,"blue.ruin.2",1.08128746788467,6.54642620610905
15,2021-07-25 17:55:00,14.4,"blue.ruin.2",1.08461000838692,6.29707086944367
15,2021-07-25 18:05:00,14.463,"blue.ruin.2",1.08564461407973,6.43049427480916
15,2021-07-25 18:20:00,14.463,"blue.ruin.2",1.08473041280539,6.38002374684077
15,2021-07-25 18:30:00,14.463,"blue.ruin.2",1.08382522315001,6.08575998776274
15,2021-07-25 18:45:00,14.4,"blue.ruin.2",1.08305403062699,6.16968759029182
15,2021-07-25 18:55:00,14.776,"blue.ruin.2",1.07497793468667,6.19271315092674
15,2021-07-25 19:05:00,15.152,"blue.ruin.2",1.06496130696475,6.29826504729149
15,2021-07-25 19:20:00,14.463,"blue.ruin.2",1.08091689250226,5.93607311427281
15,2021-07-25 19:30:00,14.526,"blue.ruin.2",1.0772937905468,5.46179599165894
15,2021-07-25 19:45:00,16.091,"blue.ruin.2",1.03617919841007,5.72033489980126
15,2021-07-25 19:55:00,16.341,"blue.ruin.2",1.02984763432237,5.34993514434643
15,2021-07-25 20:05:00,15.465,"blue.ruin.2",1.04658024901927,5.09383869179601
15,2021-07-25 20:20:00,14.713,"blue.ruin.2",1.06011331444759,4.57229369688385
15,2021-07-25 20:30:00,15.214,"blue.ruin.2",1.04315094700593,4.64549201262674
15,2021-07-25 20:45:00,15.59,"blue.ruin.2",1.03008740262208,4.61403334600038
15,2021-07-25 20:55:00,15.339,"blue.ruin.2",1.03771450122572,4.50686196492551
15,2021-07-25 21:05:00,15.402,"blue.ruin.2",1.03623202301055,4.37986361457335
15,2021-07-25 21:20:00,15.778,"blue.ruin.2",1.02512993262753,4.65646838306064
15,2021-07-25 21:30:00,16.091,"blue.ruin.2",1.01511197663096,4.0841053067186
15,2021-07-25 21:45:00,17.405,"blue.ruin.2",0.954524128686327,3.83187918900804
15,2021-07-25 21:55:00,17.217,"blue.ruin.2",0.875645209136755,3.53968878940697
15,2021-07-25 22:05:00,16.904,"blue.ruin.2",0.801118644067796,4.14254976887519
15,2021-07-25 22:20:00,15.402,"blue.ruin.2",0.853363518758085,3.65038104198518
15,2021-07-25 22:30:00,15.965,"blue.ruin.2",0.791210087082729,3.93969042749703
15,2021-07-25 22:45:00,15.402,"blue.ruin.2",0.84373128742515,3.68818760206859
15,2021-07-25 22:55:00,15.152,"blue.ruin.2",0.892707493956487,3.26438063145557
15,2021-07-25 23:05:00,15.026,"blue.ruin.2",0.945404085257549,2.8216700306798
15,2021-07-25 23:20:00,16.278,"blue.ruin.2",0.8246399639964,3.48347516569839
15,2021-07-25 23:30:00,14.839,"blue.ruin.2",0.962764606265876,2.41981705122777
15,2021-07-25 23:45:00,14.338,"blue.ruin.2",0.975320829220138,2.60696668311945
15,2021-07-25 23:55:00,14.463,"blue.ruin.2",0.960560123329907,2.78715448355601
15,2021-07-26 00:05:00,15.214,"blue.ruin.2",0.87134670487106,3.22765042979943
15,2021-07-26 00:20:00,14.901,"blue.ruin.2",0.874611553784861,3.07877906555596
15,2021-07-26 00:30:00,14.338,"blue.ruin.2",0.901534452808338,3.01286255724588
15,2021-07-26 00:45:00,15.339,"blue.ruin.2",0.794795221843003,3.42251628917158
15,2021-07-26 00:55:00,14.588,"blue.ruin.2",0.849980970504282,3.0591915924228
15,2021-07-26 01:05:00,14.651,"blue.ruin.2",0.836395147313691,2.96346620450607
15,2021-07-26 01:20:00,14.901,"blue.ruin.2",0.803684719535783,3.16891612449446
15,2021-07-26 01:30:00,16.153,"blue.ruin.2",0.691619677231188,3.50478638219645
15,2021-07-26 01:45:00,14.526,"blue.ruin.2",0.845311887014515,2.86915082563572
15,2021-07-26 01:55:00,14.4,"blue.ruin.2",0.873620933521924,2.71883888388839
15,2021-07-26 02:05:00,15.903,"blue.ruin.2",0.756308510638298,3.33071740812379
15,2021-07-26 02:20:00,14.4,"blue.ruin.2",0.953107198342827,2.36528223718281
15,2021-07-26 02:30:00,15.089,"blue.ruin.2",0.917050924752977,2.48552870995232
15,2021-07-26 02:45:00,15.026,"blue.ruin.2",0.894266541087827,2.49170730141062
15,2021-07-26 02:55:00,14.901,"blue.ruin.2",0.854364628324619,2.69731095910227
15,2021-07-26 03:05:00,14.651,"blue.ruin.2",0.850456062291435,2.82333178278896
15,2021-07-26 03:20:00,15.089,"blue.ruin.2",0.734870158450704,3.18265985115237
15,2021-07-26 03:30:00,15.026,"blue.ruin.2",0.796244541484716,3.09211512504962
15,2021-07-26 03:45:00,15.652,"blue.ruin.2",0.763503546099291,3.26075693101225
15,2021-07-26 03:55:00,14.526,"blue.ruin.2",1.00994441012971,2.45696008338481
15,2021-07-26 04:05:00,14.901,"blue.ruin.2",1.00526967528894,2.53577091359384
15,2021-07-26 04:20:00,14.964,"blue.ruin.2",1.00895953757225,2.6454450867052
15,2021-07-26 04:30:00,15.152,"blue.ruin.2",0.995484400656815,2.43731691297209
15,2021-07-26 04:45:00,14.964,"blue.ruin.2",1.00476575121163,2.78217487883683
15,2021-07-26 04:55:00,14.4,"blue.ruin.2",1.02298225529479,2.63411204922725
15,2021-07-26 05:05:00,14.901,"blue.ruin.2",1.00060295447694,2.65034993970455
15,2021-07-26 05:20:00,14.713,"blue.ruin.2",1.01084288052373,2.7139589811784
15,2021-07-26 05:30:00,14.463,"blue.ruin.2",1.02254929577465,2.75205411971831
15,2021-07-26 05:45:00,14.275,"blue.ruin.2",1.03005160239001,2.758030961434
15,2021-07-26 05:55:00,14.463,"blue.ruin.2",1.02370200108167,2.95465660492158
15,2021-07-26 06:05:00,14.651,"blue.ruin.2",1.0142681594757,2.73390145412343
15,2021-07-26 06:20:00,14.338,"blue.ruin.2",1.01336794289422,2.67895173588579
15,2021-07-26 06:30:00,14.526,"blue.ruin.2",0.986727817296893,2.39187804193186
15,2021-07-26 06:45:00,14.338,"blue.ruin.2",0.978120835184363,2.4415485339849
15,2021-07-26 06:55:00,14.463,"blue.ruin.2",0.977607732581555,2.49203277285542
15,2021-07-26 07:05:00,14.526,"blue.ruin.2",0.977483571704677,2.67030063780441
15,2021-07-26 07:20:00,15.214,"blue.ruin.2",0.755521472392638,3.43437813720022
15,2021-07-26 07:30:00,14.713,"blue.ruin.2",0.914837864395676,2.8340264419498
15,2021-07-26 07:45:00,15.089,"blue.ruin.2",0.907446043165467,2.86580640941792
15,2021-07-26 07:55:00,14.713,"blue.ruin.2",0.970605700712589,2.96601469714964
15,2021-07-26 08:05:00,14.776,"blue.ruin.2",0.936845637583893,3.23831238560098
15,2021-07-26 08:20:00,15.152,"blue.ruin.2",0.946692913385827,3.43388976377953
15,2021-07-26 08:30:00,14.651,"blue.ruin.2",0.988345433702713,3.71987394917845
15,2021-07-26 08:45:00,15.089,"blue.ruin.2",0.974256005736823,4.07975183757619
15,2021-07-26 08:55:00,14.651,"blue.ruin.2",0.990188225871045,3.90657764317181
15,2021-07-26 09:05:00,14.526,"blue.ruin.2",0.999942857142857,4.159126
15,2021-07-26 09:20:00,14.275,"blue.ruin.2",1.03229717127759,4.33716253497047
15,2021-07-26 09:30:00,14.713,"blue.ruin.2",1.01546215880893,4.46352186724566
15,2021-07-26 09:45:00,14.651,"blue.ruin.2",1.02439889025894,4.4952623689889
15,2021-07-26 09:55:00,14.588,"blue.ruin.2",1.0320652173913,5.11361956521739
15,2021-07-26 10:05:00,14.776,"blue.ruin.2",1.01434210526316,5.10517532894737
15,2021-07-26 10:20:00,14.588,"blue.ruin.2",1.02326057298772,4.65029263301501
15,2021-07-26 10:30:00,15.715,"blue.ruin.2",0.974795340050378,5.55937539357683
15,2021-07-26 10:45:00,15.026,"blue.ruin.2",1.01862244897959,5.43520663265306
15,2021-07-26 10:55:00,14.901,"blue.ruin.2",1.02788063000829,5.81673155567836
15,2021-07-26 11:05:00,16.153,"blue.ruin.2",0.979776773850651,5.69302703959607
15,2021-07-26 11:20:00,16.091,"blue.ruin.2",0.983531362254766,5.96720195495993
15,2021-07-26 11:30:00,14.651,"blue.ruin.2",1.04839319470699,5.75293785444234
15,2021-07-26 11:45:00,17.342,"blue.ruin.2",0.950681990401617,5.99861385450871
15,2021-07-26 11:55:00,17.029,"blue.ruin.2",0.977856652163957,6.65812714678269
15,2021-07-26 12:05:00,14.588,"blue.ruin.2",1.06204901293397,6.33754458815521
15,2021-07-26 12:20:00,15.152,"blue.ruin.2",1.04852494577007,6.76
15,2021-07-26 12:30:00,14.901,"blue.ruin.2",1.06112597776863,6.46214892960066
15,2021-07-26 12:45:00,14.588,"blue.ruin.2",1.0703182374541,6.74
15,2021-07-26 12:55:00,14.839,"blue.ruin.2",1.06308948004837,6.65
15,2021-07-26 13:05:00,14.964,"blue.ruin.2",1.06395531164249,7.53
15,2021-07-26 13:20:00,14.776,"blue.ruin.2",1.07041049030787,7.04
15,2021-07-26 13:30:00,14.776,"blue.ruin.2",1.07210817212791,6.31258576786419
15,2021-07-26 13:45:00,14.839,"blue.ruin.2",1.0771644234267,6.80713259367043
15,2021-07-26 13:55:00,14.839,"blue.ruin.2",1.07697710718002,6.85274635796046
15,2021-07-26 14:05:00,14.901,"blue.ruin.2",1.07740707964602,6.7456689159292
15,2021-07-26 14:20:00,14.776,"blue.ruin.2",1.08091279267051,6.87117628096369
15,2021-07-26 14:30:00,14.839,"blue.ruin.2",1.08206902300767,7.18086239163054
15,2021-07-26 14:45:00,15.026,"blue.ruin.2",1.07128810226155,6.62350307276303
15,2021-07-26 14:55:00,14.839,"blue.ruin.2",1.0778971028971,6.74081905594406
15,2021-07-26 15:05:00,14.839,"blue.ruin.2",1.07978952601922,6.74560851010938
15,2021-07-26 15:20:00,14.901,"blue.ruin.2",1.07983412322275,6.50970408767772
15,2021-07-26 15:30:00,14.901,"blue.ruin.2",1.08217658168083,6.56855187677054
15,2021-07-26 15:45:00,14.776,"blue.ruin.2",1.08159027991387,6.50708382036296
15,2021-07-26 15:55:00,14.776,"blue.ruin.2",1.08213296398892,6.58999307479224
15,2021-07-26 16:05:00,14.651,"blue.ruin.2",1.08484689282498,6.35898198739117
15,2021-07-26 16:20:00,14.651,"blue.ruin.2",1.08551899907322,6.60348737256719
15,2021-07-26 16:30:00,14.776,"blue.ruin.2",1.08068493150685,6.6219198630137
15,2021-07-26 16:45:00,14.651,"blue.ruin.2",1.08062211981567,6.24685915898617
15,2021-07-26 16:55:00,14.713,"blue.ruin.2",1.07906491499227,6.14908892967542
15,2021-07-26 17:05:00,14.526,"blue.ruin.2",1.0808671065033,5.84024587653157
15,2021-07-26 17:20:00,14.588,"blue.ruin.2",1.07751252086811,5.72136961602671
15,2021-07-26 17:30:00,14.588,"blue.ruin.2",1.07723081988805,5.88433388212051
15,2021-07-26 17:45:00,14.526,"blue.ruin.2",1.08127881955118,6.04834260682447
15,2021-07-26 17:55:00,14.526,"blue.ruin.2",1.08156221616712,6.18093051771117
15,2021-07-26 18:05:00,14.526,"blue.ruin.2",1.08097116843703,6.203443892261
15,2021-07-26 18:20:00,14.463,"blue.ruin.2",1.08136108512629,5.50858202759588
15,2021-07-26 18:30:00,14.964,"blue.ruin.2",1.0692270531401,5.95837487922705
15,2021-07-26 18:45:00,14.526,"blue.ruin.2",1.07589915966387,5.40733882352941
15,2021-07-26 18:55:00,14.713,"blue.ruin.2",1.06917921410209,5.26026808666911
15,2021-07-26 19:05:00,14.4,"blue.ruin.2",1.07409167132476,5.03700670765791
15,2021-07-26 19:20:00,14.212,"blue.ruin.2",1.07172504555578,4.61534885604373
15,2021-07-26 19:30:00,14.275,"blue.ruin.2",1.06324982762583,4.14907219604689
15,2021-07-26 19:45:00,14.025,"blue.ruin.2",1.06441357200107,3.64167145337964
15,2021-07-26 19:55:00,14.212,"blue.ruin.2",1.05042067307692,3.83029041466346
15,2021-07-26 20:05:00,13.962,"blue.ruin.2",1.05558943089431,3.65040396341463
15,2021-07-26 20:20:00,13.774,"blue.ruin.2",1.05700568990043,3.46929943100996
15,2021-07-26 20:30:00,13.712,"blue.ruin.2",1.05660964230171,3.43761197511664
15,2021-07-26 20:45:00,13.649,"blue.ruin.2",1.05560141509434,3.34072774174528
15,2021-07-26 20:55:00,13.586,"blue.ruin.2",1.05405534351145,3.17604448950382
15,2021-07-26 21:05:00,14.087,"blue.ruin.2",0.999170812603648,3.32299315920398
15,2021-07-26 21:20:00,13.524,"blue.ruin.2",1.03105906313646,3.33676578411405
15,2021-07-26 21:30:00,13.586,"blue.ruin.2",1.00383399209486,3.16676996047431
15,2021-07-26 21:45:00,13.524,"blue.ruin.2",0.987739288969918,3.14
15,2021-07-26 21:55:00,13.586,"blue.ruin.2",0.976406533575317,2.95699773139746
15,2021-07-26 22:05:00,13.461,"blue.ruin.2",1.00228785357737,2.91908506655574
15,2021-07-26 22:20:00,13.586,"blue.ruin.2",0.980102915951973,3.05052680102916
15,2021-07-26 22:30:00,13.461,"blue.ruin.2",0.975967117988395,2.89843931334623
15,2021-07-26 22:45:00,13.461,"blue.ruin.2",0.948265736832446,2.77980646991108
15,2021-07-26 22:55:00,13.398,"blue.ruin.2",0.948510481794778,2.6686121234411
15,2021-07-26 23:05:00,13.586,"blue.ruin.2",0.92970297029703,2.78997299729973
15,2021-07-26 23:20:00,15.465,"blue.ruin.2",0.771349250416435,3.60891171571349
15,2021-07-26 23:30:00,13.336,"blue.ruin.2",0.957181719260065,2.59696626768226
15,2021-07-26 23:45:00,13.211,"blue.ruin.2",0.971428571428571,2.669125
15,2021-07-26 23:55:00,13.336,"blue.ruin.2",0.943628912071535,2.68266630537867
15,2021-07-27 00:05:00,13.211,"blue.ruin.2",0.962277580071174,2.59261521352313
15,2021-07-27 00:20:00,13.273,"blue.ruin.2",0.957572502685285,2.59708029001074
15,2021-07-27 00:30:00,13.211,"blue.ruin.2",0.974214517876489,2.66124823943662
15,2021-07-27 00:45:00,13.461,"blue.ruin.2",0.957824933687002,2.61766843501326
15,2021-07-27 00:55:00,13.211,"blue.ruin.2",1.00244498777506,2.54611613691932
15,2021-07-27 01:05:00,13.211,"blue.ruin.2",1.00017196904557,2.73374064918315
15,2021-07-27 01:20:00,13.273,"blue.ruin.2",0.991152815013405,2.70032975871314
15,2021-07-27 01:30:00,13.211,"blue.ruin.2",1.00122914837577,2.73585008779631
15,2021-07-27 01:45:00,13.148,"blue.ruin.2",1.00152354570637,2.71109002770083
15,2021-07-27 01:55:00,13.461,"blue.ruin.2",0.955503292568203,2.58641133584196
15,2021-07-27 02:05:00,13.085,"blue.ruin.2",1.00132299270073,2.73016024178832
15,2021-07-27 02:20:00,13.211,"blue.ruin.2",0.958677685950413,2.55028305785124
15,2021-07-27 02:30:00,13.148,"blue.ruin.2",0.949323435444465,2.50237412653124
15,2021-07-27 02:45:00,13.148,"blue.ruin.2",0.944105182045849,2.36883101872121
15,2021-07-27 02:55:00,13.211,"blue.ruin.2",0.929994226327944,2.39493071593533
15,2021-07-27 03:05:00,13.148,"blue.ruin.2",0.928160469667319,2.38179896815513
15,2021-07-27 03:20:00,13.148,"blue.ruin.2",0.921815925147985,2.44529848803097
15,2021-07-27 03:30:00,13.148,"blue.ruin.2",0.930479452054795,2.43743462017435
15,2021-07-27 03:45:00,13.148,"blue.ruin.2",0.952073732718894,2.41257142857143
15,2021-07-27 03:55:00,13.211,"blue.ruin.2",0.954707792207792,2.29757954545455
15,2021-07-27 04:05:00,13.273,"blue.ruin.2",0.969972826086957,2.32826154891304
15,2021-07-27 04:20:00,13.211,"blue.ruin.2",0.983348214285714,2.3248578125
15,2021-07-27 04:30:00,13.211,"blue.ruin.2",0.957989130434783,2.40992649456522
15,2021-07-27 04:45:00,13.148,"blue.ruin.2",0.938401127668143,2.50973529088712
15,2021-07-27 04:55:00,12.96,"blue.ruin.2",0.935790408525755,2.43004521233651
15,2021-07-27 05:05:00,13.085,"blue.ruin.2",0.912994923857868,2.4648675588371
15,2021-07-27 05:20:00,13.085,"blue.ruin.2",0.902998965873836,2.48451161041647
15,2021-07-27 05:30:00,13.023,"blue.ruin.2",0.909759790068631,2.48023470473814
15,2021-07-27 05:45:00,13.398,"blue.ruin.2",0.882907159716758,2.51444138473643
15,2021-07-27 05:55:00,13.148,"blue.ruin.2",0.916826923076923,2.4045979020979
15,2021-07-27 06:05:00,13.085,"blue.ruin.2",0.938423543939082,2.33799397556549
15,2021-07-27 06:20:00,13.148,"blue.ruin.2",0.941762013729977,2.4279737882255
15,2021-07-27 06:30:00,13.211,"blue.ruin.2",0.9303943836465,2.47241942447394
15,2021-07-27 06:45:00,13.211,"blue.ruin.2",0.930002106149958,2.47217737612009
15,2021-07-27 06:55:00,12.835,"blue.ruin.2",0.963829787234042,2.42725265957447
15,2021-07-27 07:05:00,12.647,"blue.ruin.2",0.989500860585198,2.52322740963855
15,2021-07-27 07:20:00,12.522,"blue.ruin.2",1.00140997830803,2.63068872017354
15,2021-07-27 07:30:00,12.459,"blue.ruin.2",1.00682352941176,2.71784823529412
15,2021-07-27 07:45:00,13.148,"blue.ruin.2",0.912991332392663,2.77113924978468
15,2021-07-27 07:55:00,12.835,"blue.ruin.2",0.98169014084507,2.79786971830986
15,2021-07-27 08:05:00,12.96,"blue.ruin.2",1.0043893129771,2.88948234732824
15,2021-07-27 08:20:00,13.023,"blue.ruin.2",1.03388403990025,2.97708432044888
15,2021-07-27 08:30:00,13.023,"blue.ruin.2",1.05201887781856,2.95904313057158
15,2021-07-27 08:45:00,12.835,"blue.ruin.2",1.07445255474453,3.16045620437956
15,2021-07-27 08:55:00,12.96,"blue.ruin.2",1.07664907651715,3.14126649076517
15,2021-07-27 09:05:00,13.085,"blue.ruin.2",1.07168049792531,3.33883169087137
15,2021-07-27 09:20:00,13.211,"blue.ruin.2",1.0591642228739,3.41575439882698
15,2021-07-27 09:30:00,13.398,"blue.ruin.2",1.06114345114345,3.46172245322245
15,2021-07-27 09:45:00,13.461,"blue.ruin.2",1.06888766519824,3.51686453744493
15,2021-07-27 09:55:00,13.649,"blue.ruin.2",1.0555487804878,4.1105006097561
15,2021-07-27 10:05:00,12.897,"blue.ruin.2",1.14036259541985,3.84936307251908
15,2021-07-27 10:20:00,13.085,"blue.ruin.2",1.09232583454282,3.97916069484761
15,2021-07-27 10:30:00,12.96,"blue.ruin.2",1.10769230769231,4.34484615384615
15,2021-07-27 10:45:00,12.96,"blue.ruin.2",1.25049916805324,4.42729450915141
15,2021-07-27 10:55:00,13.211,"blue.ruin.2",1.14625550660793,4.39684306167401
15,2021-07-27 11:05:00,13.085,"blue.ruin.2",1.25348837209302,4.5949476744186
15,2021-07-27 11:20:00,13.962,"blue.ruin.2",1.05408163265306,4.51691326530612
15,2021-07-27 11:30:00,13.524,"blue.ruin.2",1.08461390703035,4.7750971955436
15,2021-07-27 11:45:00,13.962,"blue.ruin.2",1.06804106361494,4.22620977785258
15,2021-07-27 11:55:00,13.899,"blue.ruin.2",1.0792371577976,5.10451291910181
15,2021-07-27 12:05:00,14.15,"blue.ruin.2",1.0690325640215,4.60474865633892
15,2021-07-27 12:20:00,14.087,"blue.ruin.2",1.06706467661692,4.83293097014925
15,2021-07-27 12:30:00,14.15,"blue.ruin.2",1.05772876412687,5.63983503463361
15,2021-07-27 12:45:00,14.212,"blue.ruin.2",1.06387720773759,5.0999322960471
15,2021-07-27 12:55:00,14.212,"blue.ruin.2",1.06139609443311,4.15800655785485
15,2021-07-27 13:05:00,14.275,"blue.ruin.2",1.04631578947368,4.06780131578947
15,2021-07-27 13:20:00,14.087,"blue.ruin.2",1.03721781574131,4.3470899176327
15,2021-07-27 13:30:00,13.962,"blue.ruin.2",1.04525888958203,4.07551013724267
15,2021-07-27 13:45:00,14.15,"blue.ruin.2",0.999378200438917,4.23159656181419
15,2021-07-27 13:55:00,14.275,"blue.ruin.2",0.972616136919315,4.28335116136919
15,2021-07-27 14:05:00,14.338,"blue.ruin.2",0.952991840435177,4.4704936536718
15,2021-07-27 14:20:00,14.087,"blue.ruin.2",0.983483237939493,4.59414666802944
15,2021-07-27 14:30:00,13.712,"blue.ruin.2",1.0270921386306,4.90020963651733
15,2021-07-27 14:45:00,13.461,"blue.ruin.2",1.05748031496063,4.67608562992126
15,2021-07-27 14:55:00,13.586,"blue.ruin.2",1.03465073529412,4.79709581801471
15,2021-07-27 15:05:00,13.712,"blue.ruin.2",1.0037037037037,4.87240277777778
15,2021-07-27 15:20:00,13.461,"blue.ruin.2",1.04368482039397,4.76820973348783
15,2021-07-27 15:30:00,13.273,"blue.ruin.2",1.45720930232558,4.366
15,2021-07-27 15:45:00,13.837,"blue.ruin.2",1.04,4.694625
15,2021-07-27 15:55:00,13.712,"blue.ruin.2",1.01181818181818,4.55215454545455
15,2021-07-27 16:05:00,13.899,"blue.ruin.2",0.946505199420824,4.56107195424031
15,2021-07-27 16:20:00,13.837,"blue.ruin.2",0.949001956947162,4.47889165628892
15,2021-07-27 16:30:00,14.087,"blue.ruin.2",0.931185270425777,4.41156815566482
15,2021-07-27 16:45:00,14.025,"blue.ruin.2",0.932903587443946,4.26790868324501
15,2021-07-27 16:55:00,14.087,"blue.ruin.2",0.928296360917248,4.20231056829511
15,2021-07-27 17:05:00,14.025,"blue.ruin.2",0.928376185721418,4.14389665501747
15,2021-07-27 17:20:00,13.774,"blue.ruin.2",0.940217391304348,3.91843873517787
15,2021-07-27 17:30:00,13.962,"blue.ruin.2",0.92638353438627,3.99003855241885
15,2021-07-27 17:45:00,14.025,"blue.ruin.2",0.921208665906499,3.9158349746035
15,2021-07-27 17:55:00,13.962,"blue.ruin.2",0.91924990181961,3.86101869592641
15,2021-07-27 18:05:00,14.025,"blue.ruin.2",0.912068740198641,3.90448403269496
15,2021-07-27 18:20:00,13.962,"blue.ruin.2",0.918353444920202,3.73858982978874
15,2021-07-27 18:30:00,14.025,"blue.ruin.2",0.910872123430962,3.75769327691137
15,2021-07-27 18:45:00,13.899,"blue.ruin.2",0.917368491860622,3.61917664469259
15,2021-07-27 18:55:00,13.962,"blue.ruin.2",0.911462205700124,3.6421178326011
15,2021-07-27 19:05:00,13.962,"blue.ruin.2",0.908142567371776,3.58918073812597
15,2021-07-27 19:20:00,13.899,"blue.ruin.2",0.9045865237366,3.53220478908534
15,2021-07-27 19:30:00,13.962,"blue.ruin.2",0.895007032348804,3.55696841836082
15,2021-07-27 19:45:00,13.837,"blue.ruin.2",0.902891603525591,3.45155952598507
15,2021-07-27 19:55:00,13.712,"blue.ruin.2",0.911302383548839,3.35308388449065
15,2021-07-27 20:05:00,13.774,"blue.ruin.2",0.905471394037067,3.34240275437697
15,2021-07-27 20:20:00,13.649,"blue.ruin.2",0.909172037679722,3.2474160544463
15,2021-07-27 20:30:00,13.774,"blue.ruin.2",0.896238595283181,3.21331585783815
15,2021-07-27 20:45:00,13.649,"blue.ruin.2",0.907824081699885,3.08940821491143
15,2021-07-27 20:55:00,13.649,"blue.ruin.2",0.911727343144849,3.06927568481093
15,2021-07-27 21:05:00,13.649,"blue.ruin.2",0.917753516998828,3.00484892891399
15,2021-07-27 21:20:00,13.649,"blue.ruin.2",0.930001438228103,2.84999137063138
15,2021-07-27 21:30:00,13.649,"blue.ruin.2",0.935110533159948,2.88204397682941
15,2021-07-27 21:45:00,13.586,"blue.ruin.2",0.936011770031689,2.76927034034322
15,2021-07-27 21:55:00,13.524,"blue.ruin.2",0.927562326869806,2.80340216570133
15,2021-07-27 22:05:00,13.398,"blue.ruin.2",0.922681024249618,2.81000601230209
15,2021-07-27 22:20:00,13.461,"blue.ruin.2",0.90597539543058,2.80051765457741
15,2021-07-27 22:30:00,13.085,"blue.ruin.2",0.93423232108728,2.66278403057974
15,2021-07-27 22:45:00,13.023,"blue.ruin.2",0.934052044609666,2.61654275092937
15,2021-07-27 22:55:00,13.023,"blue.ruin.2",0.927822286962855,2.6241945308879
15,2021-07-27 23:05:00,13.023,"blue.ruin.2",0.923093011811024,2.67561314423765
15,2021-07-27 23:20:00,13.461,"blue.ruin.2",0.875585806739567,2.77265301982106
15,2021-07-27 23:30:00,12.835,"blue.ruin.2",0.939250103863731,2.57029516183858
15,2021-07-27 23:45:00,12.71,"blue.ruin.2",0.954531722054381,2.57237915407855
15,2021-07-27 23:55:00,12.772,"blue.ruin.2",0.947191339964892,2.54633225171552
15,2021-07-28 00:05:00,13.962,"blue.ruin.2",0.845177277926039,2.8158801511108
15,2021-07-28 00:20:00,12.96,"blue.ruin.2",0.930507974010632,2.59698168930892
15,2021-07-28 00:30:00,12.897,"blue.ruin.2",0.935824638844302,2.52840234203998
15,2021-07-28 00:45:00,12.897,"blue.ruin.2",0.93026874115983,2.58098752732416
15,2021-07-28 00:55:00,13.085,"blue.ruin.2",0.911324570273003,2.62501240922879
15,2021-07-28 01:05:00,12.96,"blue.ruin.2",0.917325534489713,2.58327074700209
15,2021-07-28 01:20:00,13.211,"blue.ruin.2",0.894812201701598,2.62352242072101
15,2021-07-28 01:30:00,12.897,"blue.ruin.2",0.918300585284281,2.56723130130739
15,2021-07-28 01:45:00,12.897,"blue.ruin.2",0.91319956616052,2.53765194241767
15,2021-07-28 01:55:00,13.148,"blue.ruin.2",0.88399209486166,2.59241466043838
15,2021-07-28 02:05:00,12.96,"blue.ruin.2",0.901042611060743,2.55503585263331
15,2021-07-28 02:20:00,12.835,"blue.ruin.2",0.908977613662589,2.54384029540734
15,2021-07-28 02:30:00,12.522,"blue.ruin.2",0.941483960304639,2.43820636552462
15,2021-07-28 02:45:00,12.71,"blue.ruin.2",0.919002375296912,2.50015979270136
15,2021-07-28 02:55:00,12.584,"blue.ruin.2",0.930313837375178,2.47080404616781
15,2021-07-28 03:05:00,12.772,"blue.ruin.2",0.907048940832725,2.46043561989508
15,2021-07-28 03:20:00,12.835,"blue.ruin.2",0.898658475426279,2.50747902799307
15,2021-07-28 03:30:00,12.772,"blue.ruin.2",0.904406823468597,2.47973801076153
15,2021-07-28 03:45:00,12.334,"blue.ruin.2",0.948314606741573,2.40257405515832
15,2021-07-28 03:55:00,12.647,"blue.ruin.2",0.9081815747188,2.49386814042947
15,2021-07-28 04:05:00,12.647,"blue.ruin.2",0.907637004883342,2.50853795688847
15,2021-07-28 04:20:00,12.897,"blue.ruin.2",0.874613087157209,2.51812825512798
15,2021-07-28 04:30:00,12.71,"blue.ruin.2",0.899299258037922,2.47162257363412
15,2021-07-28 04:45:00,12.772,"blue.ruin.2",0.891767490794319,2.49834919420401
15,2021-07-28 04:55:00,12.835,"blue.ruin.2",0.886744613767735,2.49095519036927
15,2021-07-28 05:05:00,12.96,"blue.ruin.2",0.870991479473276,2.54492148440251
15,2021-07-28 05:20:00,12.96,"blue.ruin.2",0.870071047957371,2.51463426449217
15,2021-07-28 05:30:00,12.897,"blue.ruin.2",0.873009855951478,2.53198566407058
15,2021-07-28 05:45:00,12.96,"blue.ruin.2",0.870071047957371,2.54992895204263
15,2021-07-28 05:55:00,12.897,"blue.ruin.2",0.878311386522076,2.58164636293219
15,2021-07-28 06:05:00,12.96,"blue.ruin.2",0.870071047957371,2.5620733085742
15,2021-07-28 06:20:00,12.96,"blue.ruin.2",0.870991479473276,2.56785015139779
15,2021-07-28 06:30:00,12.897,"blue.ruin.2",0.873525607863425,2.57759794008371
15,2021-07-28 06:45:00,12.835,"blue.ruin.2",0.880124223602484,2.59512140033879
15,2021-07-28 06:55:00,12.835,"blue.ruin.2",0.877142857142857,2.59345454545455
15,2021-07-28 07:05:00,12.835,"blue.ruin.2",0.874193091732729,2.60237568207557
15,2021-07-28 07:20:00,12.772,"blue.ruin.2",0.890050804403048,2.65795935647756
15,2021-07-28 07:30:00,12.835,"blue.ruin.2",0.878479381443299,2.76761949390815
15,2021-07-28 07:45:00,12.71,"blue.ruin.2",0.900854102492299,2.78986863878211
15,2021-07-28 07:55:00,12.584,"blue.ruin.2",0.920457209847597,2.87739422359587
15,2021-07-28 08:05:00,12.647,"blue.ruin.2",0.919525656324582,2.98823144933825
15,2021-07-28 08:20:00,12.71,"blue.ruin.2",0.915277777777778,3.13967171717172
15,2021-07-28 08:30:00,12.71,"blue.ruin.2",0.915018656716418,3.23653663500678
15,2021-07-28 08:45:00,12.772,"blue.ruin.2",0.945563770794824,3.42185515039489
15,2021-07-28 08:55:00,12.835,"blue.ruin.2",0.963747454175153,3.49450229124236
15,2021-07-28 09:05:00,12.835,"blue.ruin.2",0.97988614800759,3.70395991461101
15,2021-07-28 09:20:00,12.897,"blue.ruin.2",1.00267716535433,3.84474960629921
15,2021-07-28 09:30:00,13.023,"blue.ruin.2",1.00983240223464,3.89570600558659
15,2021-07-28 09:45:00,13.148,"blue.ruin.2",1.03436578171091,4.02834955752212
15,2021-07-28 09:55:00,13.085,"blue.ruin.2",1.08163860103627,4.40152525906736
15,2021-07-28 10:05:00,13.085,"blue.ruin.2",1.09312130177515,4.27958672337278
15,2021-07-28 10:20:00,13.398,"blue.ruin.2",1.08138373751783,4.17200463623395
15,2021-07-28 10:30:00,13.586,"blue.ruin.2",1.07370990237099,4.75773326359833
15,2021-07-28 10:45:00,13.336,"blue.ruin.2",1.09419970631424,4.59144199706314
15,2021-07-28 10:55:00,13.649,"blue.ruin.2",1.07560283687943,4.88910726950355
15,2021-07-28 11:05:00,13.586,"blue.ruin.2",1.08673296656792,5.05318578078713
15,2021-07-28 11:20:00,13.774,"blue.ruin.2",1.08254735214534,4.88140674526479
15,2021-07-28 11:30:00,13.837,"blue.ruin.2",1.08045905707196,4.69739081885856
15,2021-07-28 11:45:00,13.586,"blue.ruin.2",1.08858156028369,4.88774893617021
15,2021-07-28 11:55:00,13.837,"blue.ruin.2",1.07973537604457,5.4130694637883
15,2021-07-28 12:05:00,13.649,"blue.ruin.2",1.08776009791922,5.23136780905753
15,2021-07-28 12:20:00,13.524,"blue.ruin.2",1.09723527285869,5.50320256595591
15,2021-07-28 12:30:00,14.212,"blue.ruin.2",1.06173324944951,5.64831959735766
15,2021-07-28 12:45:00,13.712,"blue.ruin.2",1.08635565954958,5.59423296285464
15,2021-07-28 12:55:00,14.15,"blue.ruin.2",1.06594422552289,5.31796605031828
15,2021-07-28 13:05:00,13.712,"blue.ruin.2",1.07998955067921,4.71763322884013
15,2021-07-28 13:20:00,13.586,"blue.ruin.2",1.08736899168775,4.90123988073726
15,2021-07-28 13:30:00,13.461,"blue.ruin.2",1.0903536977492,4.80894292604502
15,2021-07-28 13:45:00,13.962,"blue.ruin.2",1.0639110604333,4.82959435575827
15,2021-07-28 13:55:00,14.463,"blue.ruin.2",1.02017832003754,4.55017544580009
15,2021-07-28 14:05:00,14.212,"blue.ruin.2",1.02270545890822,4.74202039592082
15,2021-07-28 14:20:00,14.087,"blue.ruin.2",1.0367201426025,4.73512232620321
15,2021-07-28 14:30:00,14.338,"blue.ruin.2",1.02344662772172,4.44874309612321
15,2021-07-28 14:45:00,13.774,"blue.ruin.2",1.07501049097776,4.53374779689467
15,2021-07-28 14:55:00,14.4,"blue.ruin.2",1.02531380753138,4.46962343096234
15,2021-07-28 15:05:00,14.15,"blue.ruin.2",1.04663157894737,4.59902684210526
15,2021-07-28 15:20:00,13.398,"blue.ruin.2",1.09859563085154,4.67871333036112
15,2021-07-28 15:30:00,14.212,"blue.ruin.2",1.02645331767469,4.64986200822079
15,2021-07-28 15:45:00,14.275,"blue.ruin.2",1.02191780821918,4.62390410958904
15,2021-07-28 15:55:00,14.15,"blue.ruin.2",1.05609613130129,4.41281506447831
15,2021-07-28 16:05:00,14.15,"blue.ruin.2",1.06511526116137,4.67070798074117
15,2021-07-28 16:20:00,14.212,"blue.ruin.2",1.05937398637691,4.34168050600065
15,2021-07-28 16:30:00,14.212,"blue.ruin.2",1.06184891867195,4.40389034419738
15,2021-07-28 16:45:00,14.15,"blue.ruin.2",1.05583671961581,4.20031123014407
15,2021-07-28 16:55:00,14.212,"blue.ruin.2",1.05567595459236,4.06630134158927
15,2021-07-28 17:05:00,14.15,"blue.ruin.2",1.05490662760893,4.11394269498352
15,2021-07-28 17:20:00,14.275,"blue.ruin.2",1.00683760683761,4.25008974358974
15,2021-07-28 17:30:00,14.212,"blue.ruin.2",0.9828125,3.91056640625
15,2021-07-28 17:45:00,14.15,"blue.ruin.2",0.974764150943396,3.72532429245283
15,2021-07-28 17:55:00,14.212,"blue.ruin.2",0.973853211009174,3.84944495412844
15,2021-07-28 18:05:00,14.15,"blue.ruin.2",0.981071428571428,3.80254285714286
15,2021-07-28 18:20:00,14.025,"blue.ruin.2",0.989504716981132,3.57125884433962
15,2021-07-28 18:30:00,13.712,"blue.ruin.2",1.03969072164948,3.68138917525773
15,2021-07-28 18:45:00,13.962,"blue.ruin.2",1.04049034175334,3.31822808320951
15,2021-07-28 18:55:00,14.087,"blue.ruin.2",1.02351046698873,3.24468921095008
15,2021-07-28 19:05:00,14.15,"blue.ruin.2",1.01933115823817,3.39929241435563
15,2021-07-28 19:20:00,14.025,"blue.ruin.2",1.00825718015666,3.21150824086162
15,2021-07-28 19:30:00,13.899,"blue.ruin.2",0.994371118012422,3.42765401785714
15,2021-07-28 19:45:00,13.649,"blue.ruin.2",0.975738636363637,3.18525014204545
15,2021-07-28 19:55:00,13.712,"blue.ruin.2",0.954703247480403,3.06326875699888
15,2021-07-28 20:05:00,13.774,"blue.ruin.2",0.959969788519638,3.01742749244713
15,2021-07-28 20:20:00,13.712,"blue.ruin.2",1.03126491646778,2.80225865155131
15,2021-07-28 20:30:00,13.524,"blue.ruin.2",1.02401086113266,2.93862800620636
15,2021-07-28 20:45:00,13.273,"blue.ruin.2",1.00777385159011,3.03275265017668
15,2021-07-28 20:55:00,13.273,"blue.ruin.2",0.961888701517707,2.91004595278246
15,2021-07-28 21:05:00,13.461,"blue.ruin.2",0.936510433918516,2.92535216357012
15,2021-07-28 21:20:00,13.586,"blue.ruin.2",0.922410338609497,2.88794830695251
15,2021-07-28 21:30:00,13.524,"blue.ruin.2",0.924479054779807,2.83925241675618
15,2021-07-28 21:45:00,13.398,"blue.ruin.2",0.928853201120931,2.77035450430148
15,2021-07-28 21:55:00,13.273,"blue.ruin.2",0.940933708838821,2.70038620608161
15,2021-07-28 22:05:00,13.398,"blue.ruin.2",0.921582962492053,2.74385135525631
15,2021-07-28 22:20:00,13.461,"blue.ruin.2",0.910946196660482,2.77680721875527
15,2021-07-28 22:30:00,13.211,"blue.ruin.2",0.927204843592331,2.70154206036143
15,2021-07-28 22:45:00,12.772,"blue.ruin.2",0.998366013071895,2.62833006535948
15,2021-07-28 22:55:00,13.211,"blue.ruin.2",0.926389157792836,2.6564634339523
15,2021-07-28 23:05:00,13.148,"blue.ruin.2",0.935248780487805,2.60892842572062
15,2021-07-28 23:20:00,13.273,"blue.ruin.2",0.920715262849326,2.61158135981665
15,2021-07-28 23:30:00,13.085,"blue.ruin.2",0.932017543859649,2.59114035087719
15,2021-07-28 23:45:00,13.085,"blue.ruin.2",0.929970326409495,2.5642918802266
15,2021-07-28 23:55:00,13.023,"blue.ruin.2",0.930101130279596,2.53584716889297
15,2021-07-29 00:05:00,13.148,"blue.ruin.2",0.918798565451285,2.5847389012661
15,2021-07-29 00:20:00,13.211,"blue.ruin.2",0.907069070285598,2.59689303404718
15,2021-07-29 00:30:00,13.085,"blue.ruin.2",0.916865039338309,2.57000733581528
15,2021-07-29 00:45:00,12.897,"blue.ruin.2",0.935758919572667,2.48608931483755
15,2021-07-29 00:55:00,12.835,"blue.ruin.2",0.939560217873714,2.51771287618978
15,2021-07-29 01:05:00,12.835,"blue.ruin.2",0.937734706238643,2.53794614833985
15,2021-07-29 01:20:00,12.835,"blue.ruin.2",0.937494853849321,2.49864815299974
15,2021-07-29 01:30:00,12.96,"blue.ruin.2",0.92945205479452,2.52491905354919
15,2021-07-29 01:45:00,12.96,"blue.ruin.2",0.927565434150395,2.50139555085546
15,2021-07-29 01:55:00,12.772,"blue.ruin.2",0.946951090408639,2.47654129694147
15,2021-07-29 02:05:00,13.085,"blue.ruin.2",0.909779179810725,2.54579868081445
15,2021-07-29 02:20:00,12.71,"blue.ruin.2",0.939512711864407,2.46154661016949
15,2021-07-29 02:30:00,12.584,"blue.ruin.2",0.963466334164588,2.51158104738155
15,2021-07-29 02:45:00,12.647,"blue.ruin.2",0.943338488731772,2.44259631221629
15,2021-07-29 02:55:00,12.647,"blue.ruin.2",0.941296131614051,2.51772424107684
15,2021-07-29 03:05:00,12.71,"blue.ruin.2",0.933157199471598,2.50613546295184
15,2021-07-29 03:20:00,12.835,"blue.ruin.2",0.918436873747495,2.53623975223174
15,2021-07-29 03:30:00,12.772,"blue.ruin.2",0.926137142857143,2.48167251948052
15,2021-07-29 03:45:00,12.835,"blue.ruin.2",0.913593892433911,2.51354520593354
15,2021-07-29 03:55:00,12.772,"blue.ruin.2",0.921508379888268,2.49594718131031
15,2021-07-29 04:05:00,12.835,"blue.ruin.2",0.910433763188746,2.56978045401258
15,2021-07-29 04:20:00,12.96,"blue.ruin.2",0.891080196399345,2.59391310816843
15,2021-07-29 04:30:00,12.71,"blue.ruin.2",0.918824653607262,2.51818008078878
15,2021-07-29 04:45:00,12.71,"blue.ruin.2",0.916642754662841,2.45215860179992
15,2021-07-29 04:55:00,12.772,"blue.ruin.2",0.906335374470089,2.52383291225967
15,2021-07-29 05:05:00,12.71,"blue.ruin.2",0.913842220598977,2.48259313367422
15,2021-07-29 05:20:00,12.647,"blue.ruin.2",0.918523031927858,2.47605543615536
15,2021-07-29 05:30:00,12.71,"blue.ruin.2",0.911387594998774,2.50720831754664
15,2021-07-29 05:45:00,12.71,"blue.ruin.2",0.913197026022305,2.48617100371747
15,2021-07-29 05:55:00,12.96,"blue.ruin.2",0.881533742331288,2.52220078081428
15,2021-07-29 06:05:00,12.835,"blue.ruin.2",0.897287299630086,2.50996412958189
15,2021-07-29 06:20:00,12.71,"blue.ruin.2",0.9109375,2.48551136363636
15,2021-07-29 06:30:00,12.772,"blue.ruin.2",0.901155778894472,2.52795614435815
15,2021-07-29 06:45:00,12.647,"blue.ruin.2",0.9150783619818,2.55365176027208
15,2021-07-29 06:55:00,12.522,"blue.ruin.2",0.926998987854251,2.57007361059993
15,2021-07-29 07:05:00,12.647,"blue.ruin.2",0.916986196319018,2.613614054657
15,2021-07-29 07:20:00,12.459,"blue.ruin.2",0.938681402439024,2.68049542682927
15,2021-07-29 07:30:00,12.71,"blue.ruin.2",0.918293319415449,2.73343613588916
15,2021-07-29 07:45:00,12.71,"blue.ruin.2",0.934257265877287,2.8874420197671
15,2021-07-29 07:55:00,12.835,"blue.ruin.2",0.925998358862144,2.95920131291028
15,2021-07-29 08:05:00,12.647,"blue.ruin.2",0.972955974842767,3.08985691823899
15,2021-07-29 08:20:00,12.772,"blue.ruin.2",0.957894736842105,3.43189473684211
15,2021-07-29 08:30:00,12.835,"blue.ruin.2",0.943407032498668,4.6762147043154
15,2021-07-29 08:45:00,12.897,"blue.ruin.2",0.961197916666666,5.24739192708333
15,2021-07-29 08:55:00,12.96,"blue.ruin.2",0.990160642570281,3.88190763052209
15,2021-07-29 09:05:00,13.023,"blue.ruin.2",1.00252844500632,3.97634260429836
15,2021-07-29 09:20:00,13.085,"blue.ruin.2",1.02771629778672,4.01185173541247
15,2021-07-29 09:30:00,12.897,"blue.ruin.2",1.08057882711348,4.24209900990099
15,2021-07-29 09:45:00,13.336,"blue.ruin.2",1.05935960591133,4.58134482758621
15,2021-07-29 09:55:00,13.524,"blue.ruin.2",1.06282327586207,4.58648464439655
15,2021-07-29 10:05:00,13.586,"blue.ruin.2",1.06933621933622,4.559613997114
15,2021-07-29 10:20:00,13.586,"blue.ruin.2",1.08062068965517,4.91578206896552
15,2021-07-29 10:30:00,13.461,"blue.ruin.2",1.09479983491539,4.89601227816756
15,2021-07-29 10:45:00,13.774,"blue.ruin.2",1.08721017202693,5.16027748691099
15,2021-07-29 10:55:00,13.962,"blue.ruin.2",1.08073970690858,5.25047374389393
15,2021-07-29 11:05:00,14.15,"blue.ruin.2",1.07315010570825,5.48717494714588
15,2021-07-29 11:20:00,14.025,"blue.ruin.2",1.08535781544256,5.61907191619586
15,2021-07-29 11:30:00,13.899,"blue.ruin.2",1.09365348980852,5.50572050648548
15,2021-07-29 11:45:00,14.025,"blue.ruin.2",1.09284694460308,5.86361257852656
15,2021-07-29 11:55:00,14.025,"blue.ruin.2",1.09390278567368,5.79182223564525
15,2021-07-29 12:05:00,13.899,"blue.ruin.2",1.10537542662116,5.705545221843
15,2021-07-29 12:20:00,14.15,"blue.ruin.2",1.08902219556089,5.68724542591482
15,2021-07-29 12:30:00,14.275,"blue.ruin.2",1.08067867036011,5.83690252770083
15,2021-07-29 12:45:00,14.15,"blue.ruin.2",1.09291598023064,5.40624588138385
15,2021-07-29 12:55:00,14.087,"blue.ruin.2",1.09461683756071,5.64807238262277
15,2021-07-29 13:05:00,14.15,"blue.ruin.2",1.09189189189189,5.54636824324324
15,2021-07-29 13:20:00,14.463,"blue.ruin.2",1.07893910101498,6.42026966529725
15,2021-07-29 13:30:00,14.463,"blue.ruin.2",1.08568476977568,6.16654279811098
15,2021-07-29 13:45:00,14.4,"blue.ruin.2",1.08445378151261,6.44563025210084
15,2021-07-29 13:55:00,14.651,"blue.ruin.2",1.07963276836158,6.97043488700565
15,2021-07-29 14:05:00,14.713,"blue.ruin.2",1.08190200210748,6.93302015279241
15,2021-07-29 14:20:00,14.651,"blue.ruin.2",1.08254064337599,6.35523175371844
15,2021-07-29 14:30:00,14.588,"blue.ruin.2",1.08309633842872,6.43890223960185
15,2021-07-29 14:45:00,14.526,"blue.ruin.2",1.08360944659852,6.75225343672894
15,2021-07-29 14:55:00,14.526,"blue.ruin.2",1.08284833960972,5.98830139507018
15,2021-07-29 15:05:00,14.526,"blue.ruin.2",1.08128380815002,5.86031964478904
15,2021-07-29 15:20:00,14.4,"blue.ruin.2",1.08734290843806,6.13319569120287
15,2021-07-29 15:30:00,14.463,"blue.ruin.2",1.08522181146026,5.90754540203327
15,2021-07-29 15:45:00,14.526,"blue.ruin.2",1.08477001703578,6.19255310902896
15,2021-07-29 15:55:00,14.526,"blue.ruin.2",1.08427460263781,6.20622675008454
15,2021-07-29 16:05:00,14.212,"blue.ruin.2",1.09231670572481,6.11052778707734
15,2021-07-29 16:20:00,14.4,"blue.ruin.2",1.08896713615023,6.1784131455399
15,2021-07-29 16:30:00,14.15,"blue.ruin.2",1.09429373246024,6.0945088868101
15,2021-07-29 16:45:00,14.463,"blue.ruin.2",1.0830829015544,5.80788037564767
15,2021-07-29 16:55:00,14.4,"blue.ruin.2",1.08405405405405,5.21496216216216
15,2021-07-29 17:05:00,14.526,"blue.ruin.2",1.08090815273478,5.415423374613
15,2021-07-29 17:20:00,14.526,"blue.ruin.2",1.08069258412284,6.03032032015681
15,2021-07-29 17:30:00,14.4,"blue.ruin.2",1.08309234308248,5.64822707854091
15,2021-07-29 17:45:00,14.338,"blue.ruin.2",1.08289786223278,5.65729127078385
15,2021-07-29 17:55:00,14.338,"blue.ruin.2",1.08360876897133,5.58183570826307
15,2021-07-29 18:05:00,14.275,"blue.ruin.2",1.08406871294036,5.29284694366934
15,2021-07-29 18:20:00,14.275,"blue.ruin.2",1.08280955965374,5.10470267218668
15,2021-07-29 18:30:00,14.4,"blue.ruin.2",1.07640099626401,4.2567699252802
15,2021-07-29 18:45:00,14.275,"blue.ruin.2",1.06569717707442,3.47917130025663
15,2021-07-29 18:55:00,14.087,"blue.ruin.2",1.0638124362895,3.36889793577982
15,2021-07-29 19:05:00,14.087,"blue.ruin.2",1.0577480490524,3.29569300445931
15,2021-07-29 19:20:00,14.087,"blue.ruin.2",1.03906020558003,3.08774357562408
15,2021-07-29 19:30:00,14.025,"blue.ruin.2",1.02566371681416,3.1882610619469
15,2021-07-29 19:45:00,13.649,"blue.ruin.2",1.04283288043478,3.08633457880435
15,2021-07-29 19:55:00,13.649,"blue.ruin.2",1.03283088235294,3.27242463235294
15,2021-07-29 20:05:00,13.899,"blue.ruin.2",1.00289589442815,3.23362069281525
15,2021-07-29 20:20:00,13.774,"blue.ruin.2",0.999271844660194,3.24480400485437
15,2021-07-29 20:30:00,13.899,"blue.ruin.2",0.983452380952381,3.23844672619048
15,2021-07-29 20:45:00,13.837,"blue.ruin.2",0.972146739130435,3.15664402173913
15,2021-07-29 20:55:00,13.524,"blue.ruin.2",1.00169409486931,3.24560600193611
15,2021-07-29 21:05:00,13.398,"blue.ruin.2",0.998013620885357,3.01580732122588
15,2021-07-29 21:20:00,13.336,"blue.ruin.2",0.972641509433962,2.81105660377358
15,2021-07-29 21:30:00,13.524,"blue.ruin.2",0.935389145312749,2.87307293852097
15,2021-07-29 21:45:00,13.273,"blue.ruin.2",0.946177884615385,2.76411407342657
15,2021-07-29 21:55:00,13.336,"blue.ruin.2",0.938605745820484,2.78732968378805
15,2021-07-29 22:05:00,13.336,"blue.ruin.2",0.937088359960874,2.77371372676883
15,2021-07-29 22:20:00,13.398,"blue.ruin.2",0.928095393662202,2.75593864156099
15,2021-07-29 22:30:00,13.524,"blue.ruin.2",0.91571991462814,2.84072192952344
15,2021-07-29 22:45:00,13.085,"blue.ruin.2",0.949621975806451,2.62156020894428
15,2021-07-29 22:55:00,13.336,"blue.ruin.2",0.931805722117526,2.69766333888828
15,2021-07-29 23:05:00,12.96,"blue.ruin.2",0.972598870056497,2.60751412429378
15,2021-07-29 23:20:00,13.586,"blue.ruin.2",0.902516106564513,2.79928925332025
15,2021-07-29 23:30:00,13.524,"blue.ruin.2",0.903991596638655,2.76156226126814
15,2021-07-29 23:45:00,13.211,"blue.ruin.2",0.929819546185456,2.61769324475774
15,2021-07-29 23:55:00,13.085,"blue.ruin.2",0.933611653934979,2.60393255705034
15,2021-07-30 00:05:00,13.085,"blue.ruin.2",0.930305466237942,2.61090032154341
15,2021-07-30 00:20:00,13.962,"blue.ruin.2",0.857338622430581,2.82325541749992
15,2021-07-30 00:30:00,13.211,"blue.ruin.2",0.917721518987342,2.61214039125432
15,2021-07-30 00:45:00,13.023,"blue.ruin.2",0.932944361463779,2.54690219974201
15,2021-07-30 00:55:00,12.96,"blue.ruin.2",0.938025090287018,2.52354512622903
15,2021-07-30 01:05:00,12.897,"blue.ruin.2",0.936593927893738,2.55412454717958
15,2021-07-30 01:20:00,12.897,"blue.ruin.2",0.938093858632677,2.5298735910671
15,2021-07-30 01:30:00,12.897,"blue.ruin.2",0.93628421665696,2.51491290305501
15,2021-07-30 01:45:00,12.897,"blue.ruin.2",0.932682164485251,2.53565611181161
15,2021-07-30 01:55:00,12.835,"blue.ruin.2",0.9381324477437,2.53416665186738
15,2021-07-30 02:05:00,12.71,"blue.ruin.2",0.943833202819107,2.50132448209582
15,2021-07-30 02:20:00,12.96,"blue.ruin.2",0.921411554496724,2.55925605067952
15,2021-07-30 02:30:00,13.085,"blue.ruin.2",0.906393606393606,2.56721278721279
15,2021-07-30 02:45:00,12.96,"blue.ruin.2",0.919015795868773,2.52577156743621
15,2021-07-30 02:55:00,12.897,"blue.ruin.2",0.920786401802171,2.52461713179305
15,2021-07-30 03:05:00,12.772,"blue.ruin.2",0.933844708829054,2.4611487448056
15,2021-07-30 03:20:00,12.71,"blue.ruin.2",0.934230055658627,2.47609208972845
15,2021-07-30 03:30:00,12.772,"blue.ruin.2",0.932643631980715,2.45997918112422
15,2021-07-30 03:45:00,13.023,"blue.ruin.2",0.916874879876994,2.47022749113274
15,2021-07-30 03:55:00,12.897,"blue.ruin.2",0.931512684589171,2.41697463082166
15,2021-07-30 04:05:00,12.835,"blue.ruin.2",0.940217391304348,2.4447628458498
15,2021-07-30 04:20:00,12.897,"blue.ruin.2",0.938203214695752,2.44866036948127
15,2021-07-30 04:30:00,13.023,"blue.ruin.2",0.925391304347826,2.46489960474308
15,2021-07-30 04:45:00,12.897,"blue.ruin.2",0.92903891509434,2.44743996569468
15,2021-07-30 04:55:00,12.835,"blue.ruin.2",0.928871128871129,2.42111706475343
15,2021-07-30 05:05:00,12.647,"blue.ruin.2",0.938211633663366,2.43093103060306
15,2021-07-30 05:20:00,12.772,"blue.ruin.2",0.914947997344545,2.49931622040274
15,2021-07-30 05:30:00,12.647,"blue.ruin.2",0.924157172750523,2.48550569634969
15,2021-07-30 05:45:00,12.96,"blue.ruin.2",0.884553660982949,2.52855840248017
15,2021-07-30 05:55:00,12.772,"blue.ruin.2",0.902896341463414,2.50740576496674
15,2021-07-30 06:05:00,12.71,"blue.ruin.2",0.910227272727273,2.50952479338843
15,2021-07-30 06:20:00,12.835,"blue.ruin.2",0.901823529411765,2.51715401069519
15,2021-07-30 06:30:00,12.96,"blue.ruin.2",0.885326842837274,2.52879377923884
15,2021-07-30 06:45:00,12.772,"blue.ruin.2",0.911719643265493,2.50549633079018
15,2021-07-30 06:55:00,12.647,"blue.ruin.2",0.924157172750523,2.50537295766312
15,2021-07-30 07:05:00,12.647,"blue.ruin.2",0.924157172750523,2.55490308807677
15,2021-07-30 07:20:00,12.584,"blue.ruin.2",0.932761037140855,2.62880614130089
15,2021-07-30 07:30:00,12.647,"blue.ruin.2",0.930269636576788,2.64690504103165
15,2021-07-30 07:45:00,12.459,"blue.ruin.2",0.950519031141869,2.72046193771626
15,2021-07-30 07:55:00,12.522,"blue.ruin.2",0.943458382180539,2.79844463391239
15,2021-07-30 08:05:00,12.71,"blue.ruin.2",0.927633136094674,2.84497364174287
15,2021-07-30 08:20:00,12.584,"blue.ruin.2",0.947421819049893,3.40375008138197
15,2021-07-30 08:30:00,12.522,"blue.ruin.2",1.00462962962963,3.42535648148148
15,2021-07-30 08:45:00,12.71,"blue.ruin.2",0.953947368421052,3.72823355263158
15,2021-07-30 08:55:00,12.334,"blue.ruin.2",1.19939759036145,3.74815662650602
15,2021-07-30 09:05:00,12.584,"blue.ruin.2",1.03697788697789,4.07932063882064
15,2021-07-30 09:20:00,12.271,"blue.ruin.2",1.42758620689655,3.719
15,2021-07-30 09:30:00,12.396,"blue.ruin.2",1.26456310679612,3.92768932038835
15,2021-07-30 09:45:00,12.897,"blue.ruin.2",1.00385462555066,4.28408893171806
15,2021-07-30 09:55:00,13.148,"blue.ruin.2",0.959561752988048,4.35211155378486
15,2021-07-30 10:05:00,13.148,"blue.ruin.2",0.98016157989228,4.44737881508079
15,2021-07-30 10:20:00,13.586,"blue.ruin.2",0.923855421686747,4.61855640744797
15,2021-07-30 10:30:00,13.461,"blue.ruin.2",0.965991902834008,4.57232894736842
15,2021-07-30 10:45:00,13.023,"blue.ruin.2",1.08015665796345,4.53235933420365
15,2021-07-30 10:55:00,13.649,"blue.ruin.2",1.01964285714286,4.68329464285714
15,2021-07-30 11:05:00,13.336,"blue.ruin.2",1.0693094629156,4.39693861892583
15,2021-07-30 11:20:00,13.649,"blue.ruin.2",1.0463630806846,4.50290953545232
15,2021-07-30 11:30:00,13.085,"blue.ruin.2",1.15120350109409,4.53189633479212
15,2021-07-30 11:45:00,13.023,"blue.ruin.2",1.29978858350951,4.34764429175476
15,2021-07-30 11:55:00,13.586,"blue.ruin.2",1.08470054446461,5.01462477313975
15,2021-07-30 12:05:00,14.025,"blue.ruin.2",1.06946277097078,5.51007834590009
15,2021-07-30 12:20:00,13.398,"blue.ruin.2",1.10269461077844,5.34458083832335
15,2021-07-30 12:30:00,13.899,"blue.ruin.2",1.07712532865907,5.71096636722173
15,2021-07-30 12:45:00,13.899,"blue.ruin.2",1.0756089193825,5.29699022298456
15,2021-07-30 12:55:00,14.025,"blue.ruin.2",1.0716814159292,4.97516039823009
15,2021-07-30 13:05:00,13.899,"blue.ruin.2",1.073119827276,4.58199023929471
15,2021-07-30 13:20:00,13.273,"blue.ruin.2",1.23109243697479,4.56866071428572
15,2021-07-30 13:30:00,13.899,"blue.ruin.2",1.04008778346745,4.59454892099488
15,2021-07-30 13:45:00,14.025,"blue.ruin.2",0.966065388951522,4.84722801578354
15,2021-07-30 13:55:00,13.148,"blue.ruin.2",1.16795918367347,4.64011428571428
15,2021-07-30 14:05:00,13.461,"blue.ruin.2",1.00548986486486,4.89270671452703
15,2021-07-30 14:20:00,14.025,"blue.ruin.2",0.921961635396248,5.12999210814389
15,2021-07-30 14:30:00,13.899,"blue.ruin.2",0.932381420151558,5.02222999004924
15,2021-07-30 14:45:00,13.774,"blue.ruin.2",0.945336787564767,4.82129062647197
15,2021-07-30 14:55:00,13.837,"blue.ruin.2",0.948921471873678,4.62133435012753
15,2021-07-30 15:05:00,13.712,"blue.ruin.2",0.973300970873786,4.43693203883495
15,2021-07-30 15:20:00,13.649,"blue.ruin.2",0.949435697366588,4.37566354642988
15,2021-07-30 15:30:00,13.774,"blue.ruin.2",0.932641137547515,4.51750873510552
15,2021-07-30 15:45:00,13.712,"blue.ruin.2",0.92480433473811,4.52667122762848
15,2021-07-30 15:55:00,13.586,"blue.ruin.2",0.924001578531965,4.56133687307168
15,2021-07-30 16:05:00,13.273,"blue.ruin.2",0.941677577741407,4.50146079452462
15,2021-07-30 16:20:00,13.398,"blue.ruin.2",0.930454545454545,4.54564462809917
15,2021-07-30 16:30:00,13.211,"blue.ruin.2",0.94478792822186,4.53302788076524
15,2021-07-30 16:45:00,13.148,"blue.ruin.2",0.956228373702422,4.53247923875433
15,2021-07-30 16:55:00,13.524,"blue.ruin.2",0.921646912039925,4.71496342085862
15,2021-07-30 17:05:00,13.336,"blue.ruin.2",0.93407796101949,4.58729426195993
15,2021-07-30 17:20:00,13.524,"blue.ruin.2",0.925097276264591,4.60809692253272
15,2021-07-30 17:30:00,13.398,"blue.ruin.2",0.934625322997416,4.52156213295748
15,2021-07-30 17:45:00,13.211,"blue.ruin.2",0.946625,4.42245909090909
15,2021-07-30 17:55:00,13.586,"blue.ruin.2",0.918351946875943,4.56240786982411
15,2021-07-30 18:05:00,13.398,"blue.ruin.2",0.927231503579952,4.48419179865481
15,2021-07-30 18:20:00,13.336,"blue.ruin.2",0.924736842105263,4.56115789473684
15,2021-07-30 18:30:00,13.336,"blue.ruin.2",0.920997600274254,4.49126375167513
15,2021-07-30 18:45:00,13.211,"blue.ruin.2",0.928377659574468,4.38014941972921
15,2021-07-30 18:55:00,13.273,"blue.ruin.2",0.920446511627907,4.34048186046512
15,2021-07-30 19:05:00,13.524,"blue.ruin.2",0.897174626321546,4.36384350246909
15,2021-07-30 19:20:00,13.461,"blue.ruin.2",0.897989542012261,4.27629200406517
15,2021-07-30 19:30:00,13.148,"blue.ruin.2",0.921985688729875,4.0620572450805
15,2021-07-30 19:45:00,13.524,"blue.ruin.2",0.887886178861789,4.01344567627494
15,2021-07-30 19:55:00,13.211,"blue.ruin.2",0.910837028824834,3.83522777665793
15,2021-07-30 20:05:00,13.398,"blue.ruin.2",0.890578887627696,3.81012176246001
15,2021-07-30 20:20:00,12.897,"blue.ruin.2",0.928843483435826,3.52693404988188
15,2021-07-30 20:30:00,13.273,"blue.ruin.2",0.895278714540766,3.5369459522822
15,2021-07-30 20:45:00,13.148,"blue.ruin.2",0.903743423715095,3.35745704720209
15,2021-07-30 20:55:00,13.273,"blue.ruin.2",0.892080113867426,3.32009556730378
15,2021-07-30 21:05:00,13.023,"blue.ruin.2",0.913095238095238,3.17688311688312
15,2021-07-30 21:20:00,13.085,"blue.ruin.2",0.905766112687475,3.15165475181487
15,2021-07-30 21:30:00,13.336,"blue.ruin.2",0.880993914807302,3.1872789968652
15,2021-07-30 21:45:00,14.588,"blue.ruin.2",0.764205607476635,3.5666898895497
15,2021-07-30 21:55:00,13.273,"blue.ruin.2",0.884868421052632,3.04631578947368
15,2021-07-30 22:05:00,12.835,"blue.ruin.2",0.92387035472973,2.84171452702703
15,2021-07-30 22:20:00,12.647,"blue.ruin.2",0.943542514457057,2.7450080803754
15,2021-07-30 22:30:00,12.835,"blue.ruin.2",0.923472668810289,2.8104501607717
15,2021-07-30 22:45:00,12.647,"blue.ruin.2",0.941520467836257,2.70283891547049
15,2021-07-30 22:55:00,12.897,"blue.ruin.2",0.91664100307963,2.75373155221373
15,2021-07-30 23:05:00,12.772,"blue.ruin.2",0.925401301518438,2.71599802800237
15,2021-07-30 23:20:00,12.897,"blue.ruin.2",0.913006977758395,2.6523242675336
15,2021-07-30 23:30:00,12.835,"blue.ruin.2",0.919090710859136,2.64733953138009
15,2021-07-30 23:45:00,12.647,"blue.ruin.2",0.93563829787234,2.61144100580271
15,2021-07-30 23:55:00,13.085,"blue.ruin.2",0.892244405440983,2.76002034385097
15,2021-07-31 00:05:00,12.96,"blue.ruin.2",0.900298210735586,2.69983011024761
15,2021-07-31 00:20:00,12.835,"blue.ruin.2",0.910279329608938,2.65638395124429
15,2021-07-31 00:30:00,12.71,"blue.ruin.2",0.924478221415608,2.60610130341528
15,2021-07-31 00:45:00,12.835,"blue.ruin.2",0.910279329608938,2.621718638903
15,2021-07-31 00:55:00,12.772,"blue.ruin.2",0.91714317132175,2.66363556390827
15,2021-07-31 01:05:00,13.085,"blue.ruin.2",0.885478654592497,2.6942931906386
15,2021-07-31 01:20:00,13.023,"blue.ruin.2",0.893774110587227,2.71049935705101
15,2021-07-31 01:30:00,12.459,"blue.ruin.2",0.948158121499354,2.5051237711018
15,2021-07-31 01:45:00,15.152,"blue.ruin.2",0.682215203659333,3.18597809944358
15,2021-07-31 01:55:00,12.71,"blue.ruin.2",0.920967741935484,2.5833724340176
15,2021-07-31 02:05:00,12.647,"blue.ruin.2",0.924988748874887,2.57911750265936
15,2021-07-31 02:20:00,12.584,"blue.ruin.2",0.928636257854317,2.59282670785114
15,2021-07-31 02:30:00,12.522,"blue.ruin.2",0.934617236398652,2.56887643891977
15,2021-07-31 02:45:00,12.522,"blue.ruin.2",0.931590909090909,2.60409917355372
15,2021-07-31 02:55:00,12.459,"blue.ruin.2",0.936625874125874,2.54553242212333
15,2021-07-31 03:05:00,12.522,"blue.ruin.2",0.934072781655035,2.50432520619958
15,2021-07-31 03:20:00,12.522,"blue.ruin.2",0.930909090909091,2.57360330578512
15,2021-07-31 03:30:00,12.584,"blue.ruin.2",0.927158395649218,2.50654656696125
15,2021-07-31 03:45:00,12.522,"blue.ruin.2",0.933742194469224,2.54364771713567
15,2021-07-31 03:55:00,12.459,"blue.ruin.2",0.938046875,2.53238778409091
15,2021-07-31 04:05:00,12.459,"blue.ruin.2",0.93595328991691,2.53762223628606
15,2021-07-31 04:20:00,12.647,"blue.ruin.2",0.915278433223218,2.50239800077223
15,2021-07-31 04:30:00,12.647,"blue.ruin.2",0.915905725567621,2.35649219240779
15,2021-07-31 04:45:00,12.522,"blue.ruin.2",0.925990491283677,2.55400950871632
15,2021-07-31 04:55:00,12.459,"blue.ruin.2",0.930588714053174,2.41611700291027
15,2021-07-31 05:05:00,12.522,"blue.ruin.2",0.923483080513419,2.54410629044235
15,2021-07-31 05:20:00,12.584,"blue.ruin.2",0.909717314487632,2.44881786058465
15,2021-07-31 05:30:00,12.584,"blue.ruin.2",0.909717314487632,2.5431834243495
15,2021-07-31 05:45:00,12.522,"blue.ruin.2",0.918598615916955,2.50884083044983
15,2021-07-31 05:55:00,13.085,"blue.ruin.2",0.849089426474585,2.55036422941017
15,2021-07-31 06:05:00,12.522,"blue.ruin.2",0.920237769882481,2.52272752118065
15,2021-07-31 06:20:00,12.647,"blue.ruin.2",0.905437128980032,2.53808099887161
15,2021-07-31 06:30:00,12.522,"blue.ruin.2",0.922897449810092,2.45350860750752
15,2021-07-31 06:45:00,12.459,"blue.ruin.2",0.930466830466831,2.46527138708957
15,2021-07-31 06:55:00,12.271,"blue.ruin.2",0.960150375939848,2.45817105263158
15,2021-07-31 07:05:00,12.334,"blue.ruin.2",0.948211751348283,2.47136557169768
15,2021-07-31 07:20:00,12.459,"blue.ruin.2",0.931227490996399,2.59082041907672
15,2021-07-31 07:30:00,12.334,"blue.ruin.2",0.955325443786982,2.65346153846154
15,2021-07-31 07:45:00,12.271,"blue.ruin.2",1.04439024390244,2.81607317073171
15,2021-07-31 07:55:00,12.208,"blue.ruin.2",1.09204081632653,2.96582040816327
15,2021-07-31 08:05:00,12.459,"blue.ruin.2",0.950622406639005,3.00030031120332
15,2021-07-31 08:20:00,12.396,"blue.ruin.2",1.03846153846154,3.28031730769231
15,2021-07-31 08:30:00,12.459,"blue.ruin.2",0.986309523809524,3.35146726190476
15,2021-07-31 08:45:00,12.71,"blue.ruin.2",0.920679886685552,3.60091939222251
15,2021-07-31 08:55:00,13.148,"blue.ruin.2",0.870175198467013,4.10421023816042
15,2021-07-31 09:05:00,12.772,"blue.ruin.2",0.929588607594937,4.13699079401611
15,2021-07-31 09:20:00,12.96,"blue.ruin.2",0.933568075117371,4.39715322236449
15,2021-07-31 09:30:00,12.96,"blue.ruin.2",0.938139167105957,4.59180524272775
15,2021-07-31 09:45:00,12.772,"blue.ruin.2",0.953269754768392,4.4246621253406
15,2021-07-31 09:55:00,12.772,"blue.ruin.2",0.953498542274052,4.46477842565598
15,2021-07-31 10:05:00,12.647,"blue.ruin.2",1.0066889632107,4.34098118729097
15,2021-07-31 10:20:00,12.96,"blue.ruin.2",0.937341772151899,4.59688147295742
15,2021-07-31 10:30:00,12.772,"blue.ruin.2",0.977480916030534,4.69129007633588
15,2021-07-31 10:45:00,13.023,"blue.ruin.2",0.984892086330935,4.82972392086331
15,2021-07-31 10:55:00,13.211,"blue.ruin.2",0.98,5.164875
15,2021-07-31 11:05:00,13.273,"blue.ruin.2",0.947891131939438,5.51536049026676
15,2021-07-31 11:20:00,13.211,"blue.ruin.2",0.984566596194503,5.73346194503171
15,2021-07-31 11:30:00,13.023,"blue.ruin.2",1.04425427872861,5.87532640586797
15,2021-07-31 11:45:00,13.273,"blue.ruin.2",0.946560907827698,6.41630616025938
15,2021-07-31 11:55:00,12.96,"blue.ruin.2",1.02476635514019,5.37355140186916
15,2021-07-31 12:05:00,13.461,"blue.ruin.2",0.92098589033756,5.53151341960415
15,2021-07-31 12:20:00,13.398,"blue.ruin.2",0.938569131832797,5.17750599239988
15,2021-07-31 12:30:00,13.211,"blue.ruin.2",0.959354838709677,4.93306774193548
15,2021-07-31 12:45:00,13.336,"blue.ruin.2",0.940186016677357,4.87783602542422
15,2021-07-31 12:55:00,13.211,"blue.ruin.2",0.941613498992612,4.8847907381403
15,2021-07-31 13:05:00,13.085,"blue.ruin.2",0.948030117317457,4.90985673580491
15,2021-07-31 13:20:00,12.96,"blue.ruin.2",1.00263157894737,4.82486842105263
15,2021-07-31 13:30:00,13.273,"blue.ruin.2",0.932156772862709,4.97410330673223
15,2021-07-31 13:45:00,13.085,"blue.ruin.2",0.949386753883892,5.24895190663792
15,2021-07-31 13:55:00,13.211,"blue.ruin.2",0.937379989893886,5.38302035003905
15,2021-07-31 14:05:00,13.398,"blue.ruin.2",0.922255489021956,5.37712211939757
15,2021-07-31 14:20:00,13.148,"blue.ruin.2",0.9575,5.72080625
15,2021-07-31 14:30:00,13.023,"blue.ruin.2",1.02784090909091,5.70255965909091
15,2021-07-31 14:45:00,13.461,"blue.ruin.2",0.930599877262964,5.57188722140088
15,2021-07-31 14:55:00,13.649,"blue.ruin.2",0.919868893397846,5.60040892773529
15,2021-07-31 15:05:00,13.461,"blue.ruin.2",0.934011254019293,5.4349419760304
15,2021-07-31 15:20:00,13.398,"blue.ruin.2",0.939584032203958,5.46321948095514
15,2021-07-31 15:30:00,13.524,"blue.ruin.2",0.924479257833012,5.57628789204844
15,2021-07-31 15:45:00,13.211,"blue.ruin.2",0.949254630326758,5.62135521758771
15,2021-07-31 15:55:00,13.211,"blue.ruin.2",0.964695945945946,5.42469974662162
15,2021-07-31 16:05:00,13.586,"blue.ruin.2",0.930648990898298,5.39664568118862
15,2021-07-31 16:20:00,13.273,"blue.ruin.2",0.96875,5.004421875
15,2021-07-31 16:30:00,13.774,"blue.ruin.2",0.930422760231043,5.06293630665758
15,2021-07-31 16:45:00,13.461,"blue.ruin.2",0.95556640625,4.85041186523438
15,2021-07-31 16:55:00,13.774,"blue.ruin.2",0.938763127187865,4.8449805876737
15,2021-07-31 17:05:00,13.837,"blue.ruin.2",0.945918727915194,4.78175971731449
15,2021-07-31 17:20:00,13.962,"blue.ruin.2",0.985734072022161,4.54176454293629
15,2021-07-31 17:30:00,13.899,"blue.ruin.2",1.01161400512383,4.34548388129804
15,2021-07-31 17:45:00,13.774,"blue.ruin.2",1.0241935483871,4.22570161290323
15,2021-07-31 17:55:00,13.586,"blue.ruin.2",1.048753894081,4.21630140186916
15,2021-07-31 18:05:00,13.712,"blue.ruin.2",1.01517119244392,4.2117520661157
15,2021-07-31 18:20:00,13.774,"blue.ruin.2",0.994191616766467,4.24099760479042
15,2021-07-31 18:30:00,13.837,"blue.ruin.2",0.982874251497006,4.25559086826347
15,2021-07-31 18:45:00,13.774,"blue.ruin.2",0.98196405648267,4.11737419768934
15,2021-07-31 18:55:00,13.774,"blue.ruin.2",0.960102489019034,4.08795424597365
15,2021-07-31 19:05:00,13.649,"blue.ruin.2",0.958563535911602,4.05659599447514
15,2021-07-31 19:20:00,13.586,"blue.ruin.2",0.948523659305994,4.00143492973903
15,2021-07-31 19:30:00,13.524,"blue.ruin.2",0.946334945278697,3.97605520720054
15,2021-07-31 19:45:00,13.398,"blue.ruin.2",0.946668793873644,3.86652851424262
15,2021-07-31 19:55:00,13.524,"blue.ruin.2",0.939366893540516,3.82119826750878
15,2021-07-31 20:05:00,13.649,"blue.ruin.2",0.928708808821644,3.80452284092366
15,2021-07-31 20:20:00,13.586,"blue.ruin.2",0.932126168224299,3.61511682242991
15,2021-07-31 20:30:00,13.586,"blue.ruin.2",0.930948051948052,3.56202361275089
15,2021-07-31 20:45:00,13.461,"blue.ruin.2",0.941822399793788,3.32813530328416
15,2021-07-31 20:55:00,13.398,"blue.ruin.2",0.94664825992038,3.18492475804663
15,2021-07-31 21:05:00,13.712,"blue.ruin.2",0.929417879417879,3.22370062370062
15,2021-07-31 21:20:00,13.398,"blue.ruin.2",0.96311706629055,3.02518124118477
15,2021-07-31 21:30:00,13.085,"blue.ruin.2",1.02933709449929,3.00470997884344
15,2021-07-31 21:45:00,13.336,"blue.ruin.2",0.955911330049261,2.82487684729064
15,2021-07-31 21:55:00,13.899,"blue.ruin.2",0.907671995432486,3.12785443645706
15,2021-07-31 22:05:00,13.148,"blue.ruin.2",0.949466508595139,2.78398663577087
15,2021-07-31 22:20:00,13.085,"blue.ruin.2",0.94965250965251,2.73233766233766
15,2021-07-31 22:30:00,12.96,"blue.ruin.2",0.96863354037267,2.72108695652174
15,2021-07-31 22:45:00,13.211,"blue.ruin.2",0.932031498568247,2.77441630752321
15,2021-07-31 22:55:00,13.085,"blue.ruin.2",0.939246868820039,2.72139060346378
15,2021-07-31 23:05:00,13.023,"blue.ruin.2",0.939119039567129,2.70341562394319
15,2021-07-31 23:20:00,13.085,"blue.ruin.2",0.928860131182414,2.71416189908301
15,2021-07-31 23:30:00,13.524,"blue.ruin.2",0.890709736123749,2.870097113078
15,2021-07-31 23:45:00,12.96,"blue.ruin.2",0.931214421252372,2.66445920303605
15,2021-07-31 23:55:00,12.835,"blue.ruin.2",0.939804964539007,2.64484848484849
15,2021-08-01 00:05:00,12.835,"blue.ruin.2",0.939945599378279,2.63614144161648
15,2021-08-01 00:20:00,12.772,"blue.ruin.2",0.942162059825823,2.61251626450036
15,2021-08-01 00:30:00,13.023,"blue.ruin.2",0.921294402082946,2.67438399242565
15,2021-08-01 00:45:00,13.085,"blue.ruin.2",0.91547833935018,2.64616097801116
15,2021-08-01 00:55:00,13.023,"blue.ruin.2",0.922038043478261,2.59354545454545
15,2021-08-01 01:05:00,12.835,"blue.ruin.2",0.935660961398398,2.53797060186718
15,2021-08-01 01:20:00,12.897,"blue.ruin.2",0.926972104193608,2.57703877869775
15,2021-08-01 01:30:00,13.273,"blue.ruin.2",0.896,2.64414545454545
15,2021-08-01 01:45:00,12.897,"blue.ruin.2",0.92602423542989,2.53623406599171
15,2021-08-01 01:55:00,12.96,"blue.ruin.2",0.918677494199536,2.54118751318287
15,2021-08-01 02:05:00,13.023,"blue.ruin.2",0.912507386251723,2.51884416351818
15,2021-08-01 02:20:00,12.835,"blue.ruin.2",0.924636195941791,2.48317893010863
15,2021-08-01 02:30:00,12.772,"blue.ruin.2",0.926136363636364,2.53907024793388
15,2021-08-01 02:45:00,12.71,"blue.ruin.2",0.925618374558304,2.54585608737552
15,2021-08-01 02:55:00,12.897,"blue.ruin.2",0.899767953102101,2.53292556734911
15,2021-08-01 03:05:00,12.647,"blue.ruin.2",0.920941176470588,2.57758930481283
15,2021-08-01 03:20:00,12.647,"blue.ruin.2",0.917951453720992,2.55011227236354
15,2021-08-01 03:30:00,12.584,"blue.ruin.2",0.921203776553895,2.54612617123239
15,2021-08-01 03:45:00,12.647,"blue.ruin.2",0.915288944723618,2.49733325719507
15,2021-08-01 03:55:00,12.835,"blue.ruin.2",0.893406593406593,2.5437962037962
15,2021-08-01 04:05:00,12.522,"blue.ruin.2",0.930250783699059,2.57190367626104
15,2021-08-01 04:20:00,12.522,"blue.ruin.2",0.931015299026426,2.51003034517638
15,2021-08-01 04:30:00,12.647,"blue.ruin.2",0.917976356050069,2.461339613099
15,2021-08-01 04:45:00,12.71,"blue.ruin.2",0.909506229810798,2.46417502202458
15,2021-08-01 04:55:00,12.71,"blue.ruin.2",0.909506229810798,2.41607626798674
15,2021-08-01 05:05:00,12.71,"blue.ruin.2",0.908588957055215,2.41517568321249
15,2021-08-01 05:20:00,12.71,"blue.ruin.2",0.905424015462672,2.41700740187573
15,2021-08-01 05:30:00,12.647,"blue.ruin.2",0.911840175953079,2.44203612370035
15,2021-08-01 05:45:00,12.71,"blue.ruin.2",0.903549848942598,2.41222741005218
15,2021-08-01 05:55:00,12.71,"blue.ruin.2",0.899727201870616,2.43204634025367
15,2021-08-01 06:05:00,12.459,"blue.ruin.2",0.92867919534145,2.37132080465855
15,2021-08-01 06:20:00,13.148,"blue.ruin.2",0.843249521727248,2.4255688340083
15,2021-08-01 06:30:00,12.271,"blue.ruin.2",0.978431372549019,2.38162990196078
15,2021-08-01 06:45:00,12.271,"blue.ruin.2",0.958544303797467,2.43856566455696
15,2021-08-01 06:55:00,12.71,"blue.ruin.2",0.888130155820348,2.52387134405466
15,2021-08-01 07:05:00,12.71,"blue.ruin.2",0.890952090326518,2.61079673759259
15,2021-08-01 07:20:00,12.522,"blue.ruin.2",0.918396077190762,2.71781312012884
15,2021-08-01 07:30:00,12.772,"blue.ruin.2",0.883745928338762,2.81818477938999
15,2021-08-01 07:45:00,12.647,"blue.ruin.2",0.92374213836478,2.97145797598628
15,2021-08-01 07:55:00,12.522,"blue.ruin.2",0.967981072555205,3.27523501577287
15,2021-08-01 08:05:00,12.647,"blue.ruin.2",0.948911164880747,3.65938629293278
15,2021-08-01 08:20:00,12.772,"blue.ruin.2",0.948314080549485,4.36727187579826
15,2021-08-01 08:30:00,12.584,"blue.ruin.2",1.04042769857434,4.48487372708758
15,2021-08-01 08:45:00,12.835,"blue.ruin.2",0.995918367346939,4.65924744897959
15,2021-08-01 08:55:00,12.897,"blue.ruin.2",1.0070819112628,5.24668835324232
15,2021-08-01 09:05:00,12.772,"blue.ruin.2",1.05388349514563,5.6808567961165
15,2021-08-01 09:20:00,13.023,"blue.ruin.2",1.01158146964856,5.8348428514377
15,2021-08-01 09:30:00,13.148,"blue.ruin.2",0.996627565982405,5.63274046920821
15,2021-08-01 09:45:00,13.148,"blue.ruin.2",1.0228275862069,5.57993655172414
15,2021-08-01 09:55:00,12.897,"blue.ruin.2",1.08641370869033,5.5783935128519
15,2021-08-01 10:05:00,13.273,"blue.ruin.2",1.01728395061728,6.29397530864198
15,2021-08-01 10:20:00,13.336,"blue.ruin.2",0.957017543859649,6.56457894736842
15,2021-08-01 10:30:00,13.273,"blue.ruin.2",0.997623089983022,6.11200445670628
15,2021-08-01 10:45:00,13.336,"blue.ruin.2",1.00823529411765,6.30174411764706
15,2021-08-01 10:55:00,13.524,"blue.ruin.2",0.987886597938145,6.59569652061855
15,2021-08-01 11:05:00,13.649,"blue.ruin.2",0.968248663101605,6.48273462566845
15,2021-08-01 11:20:00,13.649,"blue.ruin.2",1.03142857142857,6.50353928571428
15,2021-08-01 11:30:00,13.524,"blue.ruin.2",1.06614539306847,6.75012848689772
15,2021-08-01 11:45:00,13.774,"blue.ruin.2",1.05694143167028,7.66598915401301
15,2021-08-01 11:55:00,13.899,"blue.ruin.2",1.05472837022133,7.11949622736418
15,2021-08-01 12:05:00,13.461,"blue.ruin.2",1.09893554109994,5.81000266114725
15,2021-08-01 12:20:00,13.712,"blue.ruin.2",1.07701354240912,5.38883998574483
15,2021-08-01 12:30:00,13.524,"blue.ruin.2",1.14058823529412,5.10983529411765
15,2021-08-01 12:45:00,13.774,"blue.ruin.2",1.08854314002829,5.40334883309759
15,2021-08-01 12:55:00,13.774,"blue.ruin.2",1.09671132764921,5.29325517661388
15,2021-08-01 13:05:00,13.837,"blue.ruin.2",1.09651321786691,5.19308528942571
15,2021-08-01 13:20:00,13.837,"blue.ruin.2",1.09982598607889,5.46694214037123
15,2021-08-01 13:30:00,13.899,"blue.ruin.2",1.10622529644269,5.28793206521739
15,2021-08-01 13:45:00,13.774,"blue.ruin.2",1.30438247011952,4.94064143426295
15,2021-08-01 13:55:00,14.15,"blue.ruin.2",1.09164785553047,5.35547262979684
15,2021-08-01 14:05:00,13.962,"blue.ruin.2",1.20153846153846,5.19041538461538
15,2021-08-01 14:20:00,14.212,"blue.ruin.2",1.09341048653755,5.60691025035428
15,2021-08-01 14:30:00,14.275,"blue.ruin.2",1.08830798479087,5.55076283269962
15,2021-08-01 14:45:00,14.025,"blue.ruin.2",1.09008024349751,5.12233103901494
15,2021-08-01 14:55:00,14.338,"blue.ruin.2",1.07643710870803,5.74680883608423
15,2021-08-01 15:05:00,14.15,"blue.ruin.2",1.08536953242836,4.49351621417798
15,2021-08-01 15:20:00,14.275,"blue.ruin.2",1.07629282482224,4.14187803005818
15,2021-08-01 15:30:00,14.275,"blue.ruin.2",1.07757234726688,4.55445438102894
15,2021-08-01 15:45:00,14.275,"blue.ruin.2",1.08572569602921,5.12717537654039
15,2021-08-01 15:55:00,14.15,"blue.ruin.2",1.09287105570705,4.98495568757304
15,2021-08-01 16:05:00,14.087,"blue.ruin.2",1.09507616974973,5.535551890642
15,2021-08-01 16:20:00,14.025,"blue.ruin.2",1.0976368159204,5.17371983830846
15,2021-08-01 16:30:00,14.025,"blue.ruin.2",1.09766775777414,5.09305308919804
15,2021-08-01 16:45:00,14.087,"blue.ruin.2",1.0953302373581,4.91350703044376
15,2021-08-01 16:55:00,13.962,"blue.ruin.2",1.09742659188387,5.33763077367205
15,2021-08-01 17:05:00,14.15,"blue.ruin.2",1.09245943366211,4.98764138561884
15,2021-08-01 17:20:00,13.962,"blue.ruin.2",1.09498159919706,5.11161617597859
15,2021-08-01 17:30:00,14.087,"blue.ruin.2",1.09155917445985,5.39737854724282
15,2021-08-01 17:45:00,14.025,"blue.ruin.2",1.09300180018002,5.0728054680468
15,2021-08-01 17:55:00,14.087,"blue.ruin.2",1.09099092284418,5.00296995083207
15,2021-08-01 18:05:00,14.025,"blue.ruin.2",1.09190712353472,5.03886778629396
15,2021-08-01 18:20:00,13.962,"blue.ruin.2",1.09294566253575,4.47113203050524
15,2021-08-01 18:30:00,14.087,"blue.ruin.2",1.08940139726897,4.50759326373452
15,2021-08-01 18:45:00,14.15,"blue.ruin.2",1.08750409970482,4.51882850934733
15,2021-08-01 18:55:00,13.899,"blue.ruin.2",1.09285835310064,4.42606732887157
15,2021-08-01 19:05:00,13.962,"blue.ruin.2",1.09029194512839,4.26595080021104
15,2021-08-01 19:20:00,14.15,"blue.ruin.2",1.08425443169969,3.80225104275287
15,2021-08-01 19:30:00,13.837,"blue.ruin.2",1.08994252873563,3.44265301724138
15,2021-08-01 19:45:00,13.586,"blue.ruin.2",1.09552416160549,3.13024412463692
15,2021-08-01 19:55:00,13.273,"blue.ruin.2",1.31046153846154,3.23871846153846
15,2021-08-01 20:05:00,13.461,"blue.ruin.2",1.09624843684869,3.06297691746561
15,2021-08-01 20:20:00,13.273,"blue.ruin.2",1.14173913043478,3.09087717391304
15,2021-08-01 20:30:00,13.712,"blue.ruin.2",1.02605633802817,3.11630985915493
15,2021-08-01 20:45:00,13.649,"blue.ruin.2",0.969051878354204,3.00995237030411
15,2021-08-01 20:55:00,13.461,"blue.ruin.2",0.965077319587629,2.94075386597938
15,2021-08-01 21:05:00,13.336,"blue.ruin.2",0.985393258426966,2.88672612359551
15,2021-08-01 21:20:00,13.148,"blue.ruin.2",1.03275862068966,2.77262068965517
15,2021-08-01 21:30:00,13.398,"blue.ruin.2",0.943539408145327,2.76688410622486
15,2021-08-01 21:45:00,13.336,"blue.ruin.2",0.947584613090801,2.6751071472139
15,2021-08-01 21:55:00,13.336,"blue.ruin.2",0.957361963190184,2.65248466257669
15,2021-08-01 22:05:00,13.085,"blue.ruin.2",1.0294434470377,2.63462746858169
15,2021-08-01 22:20:00,13.085,"blue.ruin.2",1.02790697674419,2.6560988372093
15,2021-08-01 22:30:00,13.148,"blue.ruin.2",1.00824345146379,2.62848767334361
15,2021-08-01 22:45:00,14.713,"blue.ruin.2",0.961634928007432,2.62514845564329
15,2021-08-01 22:55:00,13.148,"blue.ruin.2",1.0870796268171,3.25571729225428
15,2021-08-01 23:05:00,13.461,"blue.ruin.2",1.08096207215541,3.81011699814986
15,2021-08-01 23:20:00,13.148,"blue.ruin.2",1.09095734027639,3.43641648307631
15,2021-08-01 23:30:00,13.211,"blue.ruin.2",1.08955570291777,3.43669297082228
15,2021-08-01 23:45:00,13.398,"blue.ruin.2",1.07474035608309,2.63417896884273
15,2021-08-01 23:55:00,13.211,"blue.ruin.2",1.07131088825215,2.54920424426934
15,2021-08-02 00:05:00,13.211,"blue.ruin.2",1.04654977375566,2.56806759049774
15,2021-08-02 00:20:00,13.398,"blue.ruin.2",0.987244201909959,2.52532605729877
15,2021-08-02 00:30:00,13.336,"blue.ruin.2",0.995590230664858,2.47635820895522
15,2021-08-02 00:45:00,13.023,"blue.ruin.2",1.06693333333333,2.46879766666667
15,2021-08-02 00:55:00,13.273,"blue.ruin.2",1.05573770491803,2.44089549180328
15,2021-08-02 01:05:00,13.023,"blue.ruin.2",1.08471337579618,2.55717436305732
15,2021-08-02 01:20:00,12.772,"blue.ruin.2",1.0989932885906,2.46251677852349
15,2021-08-02 01:30:00,13.085,"blue.ruin.2",1.08558139534884,2.59287151162791
15,2021-08-02 01:45:00,12.897,"blue.ruin.2",1.09386934673367,2.53502462311558
15,2021-08-02 01:55:00,13.148,"blue.ruin.2",1.08117583603021,2.578548004315
15,2021-08-02 02:05:00,13.398,"blue.ruin.2",1.06985910768199,2.57959468299228
15,2021-08-02 02:20:00,13.148,"blue.ruin.2",1.08300876338851,2.51937536514119
15,2021-08-02 02:30:00,12.96,"blue.ruin.2",1.09082644628099,2.54717024793388
15,2021-08-02 02:45:00,12.96,"blue.ruin.2",1.09003590664273,2.41738779174147
15,2021-08-02 02:55:00,12.897,"blue.ruin.2",1.09212903225806,2.47035241935484
15,2021-08-02 03:05:00,13.148,"blue.ruin.2",1.06880565741226,2.44058617077004
15,2021-08-02 03:20:00,13.148,"blue.ruin.2",1.07006033182504,2.3948778280543
15,2021-08-02 03:30:00,12.96,"blue.ruin.2",1.08228585909782,2.41113659401926
15,2021-08-02 03:45:00,12.96,"blue.ruin.2",1.0806960440661,2.37545943915874
15,2021-08-02 03:55:00,12.71,"blue.ruin.2",1.099468892261,2.44030538694992
15,2021-08-02 04:05:00,12.71,"blue.ruin.2",1.0976023976024,2.41767607392607
15,2021-08-02 04:20:00,13.023,"blue.ruin.2",1.06275235531629,2.34304777927322
15,2021-08-02 04:30:00,13.148,"blue.ruin.2",1.04494799405646,2.31586701337296
15,2021-08-02 04:45:00,12.835,"blue.ruin.2",1.07908163265306,2.41232015306122
15,2021-08-02 04:55:00,13.023,"blue.ruin.2",1.06474069898534,2.38088401916573
15,2021-08-02 05:05:00,13.023,"blue.ruin.2",1.07012893982808,2.37977148997135
15,2021-08-02 05:20:00,13.023,"blue.ruin.2",1.06924778761062,2.1667328539823
15,2021-08-02 05:30:00,13.148,"blue.ruin.2",1.06154210028382,2.29464829706717
15,2021-08-02 05:45:00,13.085,"blue.ruin.2",1.06082333696838,2.19407033805889
15,2021-08-02 05:55:00,12.835,"blue.ruin.2",1.07789575289575,2.24954995173745
15,2021-08-02 06:05:00,12.897,"blue.ruin.2",1.06520618556701,2.24392719072165
15,2021-08-02 06:20:00,12.772,"blue.ruin.2",1.07139037433155,2.30167914438503
15,2021-08-02 06:30:00,13.273,"blue.ruin.2",1.01887291981846,2.28405181543117
15,2021-08-02 06:45:00,12.96,"blue.ruin.2",1.05580912863071,2.21135892116183
15,2021-08-02 06:55:00,12.71,"blue.ruin.2",1.08418862690707,2.24054785020804
15,2021-08-02 07:05:00,13.023,"blue.ruin.2",1.05853151010702,2.33775668846611
15,2021-08-02 07:20:00,12.835,"blue.ruin.2",1.07438347718866,2.38045468557337
15,2021-08-02 07:30:00,12.96,"blue.ruin.2",1.06406844106464,2.49458174904943
15,2021-08-02 07:45:00,12.897,"blue.ruin.2",1.07154498044329,2.95107635267275
15,2021-08-02 07:55:00,12.772,"blue.ruin.2",1.08467625899281,3.12487769784173
15,2021-08-02 08:05:00,12.897,"blue.ruin.2",1.07407539118065,3.31475542318634
15,2021-08-02 08:20:00,13.085,"blue.ruin.2",1.06120514556534,3.62128131347326
15,2021-08-02 08:30:00,12.897,"blue.ruin.2",1.08195329087049,3.76999336518047
15,2021-08-02 08:45:00,12.71,"blue.ruin.2",1.18731343283582,4.36751492537313
15,2021-08-02 08:55:00,12.772,"blue.ruin.2",1.19196185286103,4.2965340599455
15,2021-08-02 09:05:00,13.398,"blue.ruin.2",1.03848039215686,4.16
15,2021-08-02 09:20:00,12.96,"blue.ruin.2",1.09835164835165,3.91
15,2021-08-02 09:30:00,13.649,"blue.ruin.2",1.02661637931034,4.01
15,2021-08-02 09:45:00,13.586,"blue.ruin.2",1.04389763779528,4.08
15,2021-08-02 09:55:00,13.148,"blue.ruin.2",1.09380165289256,4.13
15,2021-08-02 10:05:00,13.273,"blue.ruin.2",1.08949343339587,4.14
15,2021-08-02 10:20:00,13.211,"blue.ruin.2",1.17486725663717,4.33
15,2021-08-02 10:30:00,13.148,"blue.ruin.2",1.27261306532663,4.51
15,2021-08-02 10:45:00,13.649,"blue.ruin.2",1.07812758906379,4.86
15,2021-08-02 10:55:00,13.524,"blue.ruin.2",1.09972677595628,4.95
15,2021-08-02 11:05:00,13.837,"blue.ruin.2",1.06150793650794,5
15,2021-08-02 11:20:00,13.398,"blue.ruin.2",1.24183381088825,5.26
15,2021-08-02 11:30:00,13.586,"blue.ruin.2",1.15099150141643,5.22
15,2021-08-02 11:45:00,13.774,"blue.ruin.2",1.09871244635193,5.18
15,2021-08-02 11:55:00,13.398,"blue.ruin.2",1.35305623471883,5.34
15,2021-08-02 12:05:00,13.774,"blue.ruin.2",1.17191283292978,5.35
15,2021-08-02 12:20:00,13.899,"blue.ruin.2",1.12967625899281,5.72
15,2021-08-02 12:30:00,13.899,"blue.ruin.2",1.15504750593824,5.61
15,2021-08-02 12:45:00,13.712,"blue.ruin.2",1.2748275862069,6.03
15,2021-08-02 12:55:00,13.837,"blue.ruin.2",1.21276470588235,6.42
15,2021-08-02 13:05:00,13.774,"blue.ruin.2",1.24963855421687,6.79
15,2021-08-02 13:20:00,13.899,"blue.ruin.2",1.20174418604651,6.2
15,2021-08-02 13:30:00,14.025,"blue.ruin.2",1.6,6.7
15,2021-08-02 13:45:00,13.774,"blue.ruin.2",1.09678953626635,5.20311741973841
15,2021-08-02 13:55:00,13.774,"blue.ruin.2",1.08290155440415,5.33904274611399
15,2021-08-02 14:05:00,13.837,"blue.ruin.2",1.06185714285714,5.38332107142857
15,2021-08-02 14:20:00,14.212,"blue.ruin.2",0.989310344827586,5.53106206896552
15,2021-08-02 14:30:00,14.212,"blue.ruin.2",0.970983606557377,5.38493770491803
15,2021-08-02 14:45:00,13.461,"blue.ruin.2",1.09409836065574,5.00581680327869
15,2021-08-02 14:55:00,13.774,"blue.ruin.2",1.04405204460967,4.77694423791822
15,2021-08-02 15:05:00,14.212,"blue.ruin.2",0.981229235880399,4.84028073089701
15,2021-08-02 15:20:00,14.212,"blue.ruin.2",0.989718309859155,4.72032323943662
15,2021-08-02 15:30:00,14.15,"blue.ruin.2",1.0126582278481,4.64053006329114
15,2021-08-02 15:45:00,14.212,"blue.ruin.2",0.957317073170732,4.8630243902439
15,2021-08-02 15:55:00,14.15,"blue.ruin.2",0.992284866468843,4.80917099406528
15,2021-08-02 16:05:00,13.712,"blue.ruin.2",1.07991452991453,4.36252991452991
15,2021-08-02 16:20:00,14.15,"blue.ruin.2",1,4.658625
15,2021-08-02 16:30:00,13.899,"blue.ruin.2",1.03738317757009,4.23288434579439
15,2021-08-02 16:45:00,13.837,"blue.ruin.2",1.03766490765172,4.30576022427441
15,2021-08-02 16:55:00,13.899,"blue.ruin.2",0.998655913978495,4.22302150537634
15,2021-08-02 17:05:00,13.649,"blue.ruin.2",1.04678770949721,4.24047136871508
15,2021-08-02 17:20:00,13.649,"blue.ruin.2",0.993117408906883,4.28461892712551
15,2021-08-02 17:30:00,14.025,"blue.ruin.2",0.9292260344238,4.46444566490161
15,2021-08-02 17:45:00,13.586,"blue.ruin.2",0.948664536011871,4.32723578669932
15,2021-08-02 17:55:00,13.899,"blue.ruin.2",0.93194770365404,4.37584128241855
15,2021-08-02 18:05:00,13.649,"blue.ruin.2",0.94552663911538,4.26163479991471
15,2021-08-02 18:20:00,13.586,"blue.ruin.2",0.944575847168524,4.23850145760539
15,2021-08-02 18:30:00,13.774,"blue.ruin.2",0.933287995269072,4.22994097091554
15,2021-08-02 18:45:00,13.461,"blue.ruin.2",0.945606316297011,4.09508393968616
15,2021-08-02 18:55:00,13.774,"blue.ruin.2",0.929427942794279,4.13071507150715
15,2021-08-02 19:05:00,13.899,"blue.ruin.2",0.922169923736892,4.09686042984661
15,2021-08-02 19:20:00,13.837,"blue.ruin.2",0.932181882270004,3.98079629570289
15,2021-08-02 19:30:00,13.899,"blue.ruin.2",0.931997875855558,4.00902868667797
15,2021-08-02 19:45:00,13.837,"blue.ruin.2",0.933856745983814,3.77480492813142
15,2021-08-02 19:55:00,13.774,"blue.ruin.2",0.93275146484375,3.78537286931818
15,2021-08-02 20:05:00,13.712,"blue.ruin.2",0.931457118034008,3.69766301465693
15,2021-08-02 20:20:00,13.524,"blue.ruin.2",0.934571428571429,3.54022857142857
15,2021-08-02 20:30:00,13.774,"blue.ruin.2",0.915680066079295,3.57910367440929
15,2021-08-02 20:45:00,13.398,"blue.ruin.2",0.933151937309534,3.36923022123719
15,2021-08-02 20:55:00,13.273,"blue.ruin.2",0.939059272207214,3.25983834852578
15,2021-08-02 21:05:00,13.336,"blue.ruin.2",0.930076997112608,3.21296351386823
15,2021-08-02 21:20:00,13.398,"blue.ruin.2",0.922471273668878,3.11603760537892
15,2021-08-02 21:30:00,13.524,"blue.ruin.2",0.910484261501211,3.13483777239709
15,2021-08-02 21:45:00,13.461,"blue.ruin.2",0.915588235294118,3.05198395721925
15,2021-08-02 21:55:00,13.273,"blue.ruin.2",0.926589595375722,2.97469259064635
15,2021-08-02 22:05:00,13.148,"blue.ruin.2",0.933963738668334,2.92431839495297
15,2021-08-02 22:20:00,13.085,"blue.ruin.2",0.93835111390022,2.83981801066834
15,2021-08-02 22:30:00,14.964,"blue.ruin.2",0.801590441525558,3.3450678329425
15,2021-08-02 22:45:00,13.148,"blue.ruin.2",0.926421725239617,2.80930002904444
15,2021-08-02 22:55:00,12.96,"blue.ruin.2",0.93961937716263,2.75566530355458
15,2021-08-02 23:05:00,12.772,"blue.ruin.2",0.959523809523809,2.74766666666667
15,2021-08-02 23:20:00,12.897,"blue.ruin.2",0.937117067833698,2.79365774815994
15,2021-08-02 23:30:00,12.647,"blue.ruin.2",1.10943113772455,2.66093937125749
15,2021-08-02 23:45:00,12.647,"blue.ruin.2",1.04605263157895,2.6589375
15,2021-08-02 23:55:00,12.772,"blue.ruin.2",0.943924620288768,2.72292398956753
15,2021-08-03 00:05:00,12.647,"blue.ruin.2",1.01689189189189,2.64116891891892
15,2021-08-03 00:20:00,12.522,"blue.ruin.2",1.15827338129496,2.50255395683453
15,2021-08-03 00:30:00,12.522,"blue.ruin.2",1.15436241610738,2.52767533557047
15,2021-08-03 00:45:00,12.772,"blue.ruin.2",0.938530604363777,2.70480594709403
15,2021-08-03 00:55:00,13.336,"blue.ruin.2",0.887168486739469,2.68427173450574
15,2021-08-03 01:05:00,12.522,"blue.ruin.2",1.07857142857143,2.60946428571429
15,2021-08-03 01:20:00,14.588,"blue.ruin.2",0.760327455919396,2.77518662697504
15,2021-08-03 01:30:00,12.96,"blue.ruin.2",0.911215255332902,2.65634659458189
15,2021-08-03 01:45:00,12.459,"blue.ruin.2",1.07317073170732,2.59228658536585
15,2021-08-03 01:55:00,12.772,"blue.ruin.2",0.926892430278884,2.62420137631293
15,2021-08-03 02:05:00,12.772,"blue.ruin.2",0.926011029411764,2.60392546791444
15,2021-08-03 02:20:00,12.772,"blue.ruin.2",0.920864079980957,2.63264872000173
15,2021-08-03 02:30:00,12.334,"blue.ruin.2",1.19200743494424,2.63847026022305
15,2021-08-03 02:45:00,12.71,"blue.ruin.2",0.91454625036475,2.61322306814866
15,2021-08-03 02:55:00,12.71,"blue.ruin.2",0.913102656608724,2.65067086078893
15,2021-08-03 03:05:00,12.522,"blue.ruin.2",0.93507281553398,2.6229854368932
15,2021-08-03 03:20:00,12.396,"blue.ruin.2",0.966666666666665,2.62875
15,2021-08-03 03:30:00,12.647,"blue.ruin.2",0.894005037783375,2.60527135333181
15,2021-08-03 03:45:00,12.334,"blue.ruin.2",1.0578125,2.6134765625
15,2021-08-03 03:55:00,12.334,"blue.ruin.2",1.0578125,2.60646875
15,2021-08-03 04:05:00,12.271,"blue.ruin.2",1.13474264705882,2.63787224264706
15,2021-08-03 04:20:00,12.208,"blue.ruin.2",1.23897058823529,2.64657720588235
15,2021-08-03 04:30:00,12.208,"blue.ruin.2",1.16481481481481,2.62544444444444
15,2021-08-03 04:45:00,12.208,"blue.ruin.2",1.18766233766234,2.62980844155844
15,2021-08-03 04:55:00,12.334,"blue.ruin.2",0.946549835706462,2.59131733545753
15,2021-08-03 05:05:00,12.396,"blue.ruin.2",0.926598049837486,2.58978627006796
15,2021-08-03 05:20:00,12.208,"blue.ruin.2",1.11911196911197,2.61578957528958
15,2021-08-03 05:30:00,12.271,"blue.ruin.2",1.0037037037037,2.59933333333333
15,2021-08-03 05:45:00,12.334,"blue.ruin.2",0.938713423130515,2.62410420977072
15,2021-08-03 05:55:00,12.334,"blue.ruin.2",0.937614678899082,2.63270225187656
15,2021-08-03 06:05:00,12.271,"blue.ruin.2",0.942587672688629,2.59309970051203
15,2021-08-03 06:20:00,12.522,"blue.ruin.2",0.871626297577855,2.58419943378421
15,2021-08-03 06:30:00,12.396,"blue.ruin.2",0.905959849435382,2.63681533021558
15,2021-08-03 06:45:00,12.334,"blue.ruin.2",0.922639068564036,2.58542161590027
15,2021-08-03 06:55:00,12.208,"blue.ruin.2",1.0195652173913,2.604
15,2021-08-03 07:05:00,12.208,"blue.ruin.2",1.0376404494382,2.63738764044944
15,2021-08-03 07:20:00,12.334,"blue.ruin.2",0.924105754276827,2.73412413403082
15,2021-08-03 07:30:00,12.271,"blue.ruin.2",0.946150855365474,2.78223950233282
15,2021-08-03 07:45:00,12.396,"blue.ruin.2",0.91390977443609,2.91706083390294
15,2021-08-03 07:55:00,12.459,"blue.ruin.2",0.893393665158371,3.03367174002468
15,2021-08-03 08:05:00,12.271,"blue.ruin.2",1.06934306569343,3.12970164233577
15,2021-08-03 08:20:00,12.146,"blue.ruin.2",1.24405940594059,3.32926485148515
15,2021-08-03 08:30:00,12.334,"blue.ruin.2",1.05078125,3.396142578125
15,2021-08-03 08:45:00,12.334,"blue.ruin.2",1.07822580645161,3.57531653225806
15,2021-08-03 08:55:00,12.208,"blue.ruin.2",1.31666666666667,3.5905
15,2021-08-03 09:05:00,12.334,"blue.ruin.2",1.18009708737864,3.75371359223301
15,2021-08-03 09:20:00,12.271,"blue.ruin.2",1.31808873720136,3.87307252559727
15,2021-08-03 09:30:00,12.647,"blue.ruin.2",0.918942731277533,4.15265919102923
15,2021-08-03 09:45:00,12.459,"blue.ruin.2",1.1383606557377,4.24969795081967
15,2021-08-03 09:55:00,12.522,"blue.ruin.2",1.1171974522293,4.41035429936306
15,2021-08-03 10:05:00,12.522,"blue.ruin.2",1.17894736842105,4.44926315789474
15,2021-08-03 10:20:00,12.584,"blue.ruin.2",1.09883720930233,4.65460465116279
15,2021-08-03 10:30:00,12.647,"blue.ruin.2",1.11003184713376,4.77119625796178
15,2021-08-03 10:45:00,12.647,"blue.ruin.2",1.20374639769452,4.91399099423631
15,2021-08-03 10:55:00,12.647,"blue.ruin.2",1.2536,5.10349
15,2021-08-03 11:05:00,12.71,"blue.ruin.2",1.18731343283582,5.04211567164179
15,2021-08-03 11:20:00,12.835,"blue.ruin.2",1.16598557692308,5.13008533653846
15,2021-08-03 11:30:00,12.835,"blue.ruin.2",1.21568396226415,5.20099587264151
15,2021-08-03 11:45:00,12.897,"blue.ruin.2",1.19895833333333,5.28133072916667
15,2021-08-03 11:55:00,12.835,"blue.ruin.2",1.2868119266055,5.5
15,2021-08-03 12:05:00,12.897,"blue.ruin.2",1.195625,5.31648125
15,2021-08-03 12:20:00,12.897,"blue.ruin.2",1.260875,4.5559771875
15,2021-08-03 12:30:00,12.897,"blue.ruin.2",1.105625,5.308634375
15,2021-08-03 12:45:00,12.897,"blue.ruin.2",1.259375,5.6
15,2021-08-03 12:55:00,13.023,"blue.ruin.2",1.07526595744681,5.44815159574468
15,2021-08-03 13:05:00,13.273,"blue.ruin.2",0.936876699909338,5.7040562927553
15,2021-08-03 13:20:00,13.273,"blue.ruin.2",1.10748440748441,5.21786382536382
15,2021-08-03 13:30:00,13.524,"blue.ruin.2",0.949737914967967,5.38053846561127
15,2021-08-03 13:45:00,13.461,"blue.ruin.2",1.11141649048626,4.96188187103594
15,2021-08-03 13:55:00,13.524,"blue.ruin.2",1.12037037037037,4.99142592592593
15,2021-08-03 14:05:00,13.837,"blue.ruin.2",0.938811475409836,5.48437928464978
15,2021-08-03 14:20:00,13.774,"blue.ruin.2",0.953846153846154,5.28306730769231
15,2021-08-03 14:30:00,13.712,"blue.ruin.2",1.01979865771812,4.99625503355705
15,2021-08-03 14:45:00,13.899,"blue.ruin.2",0.964712918660287,4.9970158492823
15,2021-08-03 14:55:00,14.15,"blue.ruin.2",0.948339483394834,5.11860449513586
15,2021-08-03 15:05:00,14.15,"blue.ruin.2",0.957377049180328,4.98011475409836
15,2021-08-03 15:20:00,14.15,"blue.ruin.2",0.975665399239544,4.87876188212928
15,2021-08-03 15:30:00,14.212,"blue.ruin.2",0.949027777777778,4.75498484848485
15,2021-08-03 15:45:00,14.087,"blue.ruin.2",0.938489932885906,4.94566687004271
15,2021-08-03 15:55:00,14.087,"blue.ruin.2",0.939695796460177,4.83058427192277
15,2021-08-03 16:05:00,14.025,"blue.ruin.2",0.940831497797357,4.74467561073288
15,2021-08-03 16:20:00,14.025,"blue.ruin.2",0.936173997412678,4.707425614489
15,2021-08-03 16:30:00,13.962,"blue.ruin.2",0.936301813471503,4.65948716439001
15,2021-08-03 16:45:00,13.712,"blue.ruin.2",0.946508620689655,4.51126567398119
15,2021-08-03 16:55:00,13.712,"blue.ruin.2",0.944578313253012,4.4686856516977
15,2021-08-03 17:05:00,13.649,"blue.ruin.2",0.94762187230371,4.39284188955997
15,2021-08-03 17:20:00,13.649,"blue.ruin.2",0.948603979460847,4.17822383008519
15,2021-08-03 17:30:00,13.899,"blue.ruin.2",0.93556330472103,4.32186987904799
15,2021-08-03 17:45:00,13.774,"blue.ruin.2",0.943502155172414,4.15993221003135
15,2021-08-03 17:55:00,13.899,"blue.ruin.2",0.940236589620584,4.09940897197003
15,2021-08-03 18:05:00,13.837,"blue.ruin.2",0.942253289473684,4.05591716507177
15,2021-08-03 18:20:00,13.837,"blue.ruin.2",0.940168570477986,3.97917751318217
15,2021-08-03 18:30:00,13.899,"blue.ruin.2",0.935805539853024,3.93755465337376
15,2021-08-03 18:45:00,13.837,"blue.ruin.2",0.93457053798199,3.87109212652967
15,2021-08-03 18:55:00,13.837,"blue.ruin.2",0.932131495227996,3.89190205340789
15,2021-08-03 19:05:00,13.837,"blue.ruin.2",0.930048218275903,3.88131899971133
15,2021-08-03 19:20:00,13.586,"blue.ruin.2",0.942334616730836,3.69379705348904
15,2021-08-03 19:30:00,13.649,"blue.ruin.2",0.936690818386982,3.670986405209
15,2021-08-03 19:45:00,13.273,"blue.ruin.2",0.988524590163935,3.50036885245902
15,2021-08-03 19:55:00,13.023,"blue.ruin.2",1.2015625,3.40534765625
15,2021-08-03 20:05:00,13.398,"blue.ruin.2",0.939900390871265,3.42922822984606
15,2021-08-03 20:20:00,13.148,"blue.ruin.2",1.01923076923077,3.29134615384615
15,2021-08-03 20:30:00,13.586,"blue.ruin.2",0.926300428071086,3.43296996426845
15,2021-08-03 20:45:00,13.023,"blue.ruin.2",1.05203488372093,3.13791061046512
15,2021-08-03 20:55:00,13.461,"blue.ruin.2",0.927927989130435,3.24560980731225
15,2021-08-03 21:05:00,12.897,"blue.ruin.2",1.17447183098592,2.84113996478873
15,2021-08-03 21:20:00,13.649,"blue.ruin.2",0.914736262222834,3.16645315571359
15,2021-08-03 21:30:00,13.524,"blue.ruin.2",0.91977518734388,3.07695253955037
15,2021-08-03 21:45:00,13.148,"blue.ruin.2",0.940623680135154,2.86421217667311
15,2021-08-03 21:55:00,13.336,"blue.ruin.2",0.926969522714204,2.91505306079774
15,2021-08-03 22:05:00,13.336,"blue.ruin.2",0.923537273537273,2.91007722007722
15,2021-08-03 22:20:00,13.085,"blue.ruin.2",0.938262725260828,2.80222415428391
15,2021-08-03 22:30:00,13.023,"blue.ruin.2",0.938207395498392,2.75964849459222
15,2021-08-03 22:45:00,12.772,"blue.ruin.2",1.02445255474452,2.74
15,2021-08-03 22:55:00,12.897,"blue.ruin.2",0.944400452488688,2.71048642533937
15,2021-08-03 23:05:00,12.584,"blue.ruin.2",1.2521582733813,2.72643884892086
15,2021-08-03 23:20:00,12.772,"blue.ruin.2",0.961764705882352,2.70591176470588
15,2021-08-03 23:30:00,13.085,"blue.ruin.2",0.92877358490566,2.73740137221269
15,2021-08-03 23:45:00,13.023,"blue.ruin.2",0.932836289436509,2.68868252450736
15,2021-08-03 23:55:00,12.522,"blue.ruin.2",1.23216783216783,2.62331818181818
15,2021-08-04 00:05:00,12.71,"blue.ruin.2",0.983582089552238,2.64412313432836
15,2021-08-04 00:20:00,12.522,"blue.ruin.2",1.19574468085106,2.58163563829787
15,2021-08-04 00:30:00,12.459,"blue.ruin.2",1.26025179856115,2.65163444244604
15,2021-08-04 00:45:00,12.772,"blue.ruin.2",0.944704151683557,2.64048144075604
15,2021-08-04 00:55:00,12.522,"blue.ruin.2",1.15827338129496,2.63061330935252
15,2021-08-04 01:05:00,13.085,"blue.ruin.2",0.925783809078147,2.63459650316927
15,2021-08-04 01:20:00,12.71,"blue.ruin.2",0.992134831460673,2.56885533707865
15,2021-08-04 01:30:00,12.96,"blue.ruin.2",0.937699316628701,2.59124663491406
15,2021-08-04 01:45:00,12.584,"blue.ruin.2",1.09873949579832,2.61366596638655
15,2021-08-04 01:55:00,12.584,"blue.ruin.2",1.15307692307692,2.63427692307692
15,2021-08-04 02:05:00,15.715,"blue.ruin.2",0.750992155053069,3.01229055669757
15,2021-08-04 02:20:00,13.712,"blue.ruin.2",0.890410320174075,2.68893039816882
15,2021-08-04 02:30:00,12.897,"blue.ruin.2",0.947353361945637,2.5758707244115
15,2021-08-04 02:45:00,12.647,"blue.ruin.2",1.06220930232558,2.59394331395349
15,2021-08-04 02:55:00,12.772,"blue.ruin.2",0.967355371900827,2.57698553719008
15,2021-08-04 03:05:00,12.71,"blue.ruin.2",0.971844660194174,2.58633495145631
15,2021-08-04 03:20:00,12.522,"blue.ruin.2",1.08859649122807,2.63157894736842
15,2021-08-04 03:30:00,12.522,"blue.ruin.2",1.08511450381679,2.65357442748092
15,2021-08-04 03:45:00,12.522,"blue.ruin.2",1.04245283018868,2.60241981132075
15,2021-08-04 03:55:00,12.522,"blue.ruin.2",1.04888268156425,2.60373184357542
15,2021-08-04 04:05:00,12.647,"blue.ruin.2",0.959798994974874,2.56259673366834
15,2021-08-04 04:20:00,12.522,"blue.ruin.2",1.07153846153846,2.56491538461538
15,2021-08-04 04:30:00,12.772,"blue.ruin.2",0.941898983273204,2.53869018157965
15,2021-08-04 04:45:00,12.522,"blue.ruin.2",1.0834328358209,2.53401044776119
15,2021-08-04 04:55:00,12.522,"blue.ruin.2",1.09372990353698,2.59964790996785
15,2021-08-04 05:05:00,12.584,"blue.ruin.2",1.05848708487085,2.57281734317343
15,2021-08-04 05:20:00,12.584,"blue.ruin.2",1.03093023255814,2.61095581395349
15,2021-08-04 05:30:00,12.772,"blue.ruin.2",0.944353433252004,2.54256662124909
15,2021-08-04 05:45:00,12.71,"blue.ruin.2",0.967647058823529,2.55869117647059
15,2021-08-04 05:55:00,12.835,"blue.ruin.2",0.94402623068631,2.52782020710156
15,2021-08-04 06:05:00,12.71,"blue.ruin.2",1.02582417582418,2.5854010989011
15,2021-08-04 06:20:00,13.023,"blue.ruin.2",0.949454754161087,2.57037671530689
15,2021-08-04 06:30:00,12.897,"blue.ruin.2",0.988648648648648,2.59632905405405
15,2021-08-04 06:45:00,13.085,"blue.ruin.2",0.962595419847328,2.60025190839695
15,2021-08-04 06:55:00,12.897,"blue.ruin.2",1.00776545166403,2.64548771790808
15,2021-08-04 07:05:00,12.835,"blue.ruin.2",1.00790960451977,2.69665960451977
15,2021-08-04 07:20:00,12.772,"blue.ruin.2",0.980815709969788,2.77261933534743
15,2021-08-04 07:30:00,12.522,"blue.ruin.2",1.09329896907217,2.8600618556701
15,2021-08-04 07:45:00,12.522,"blue.ruin.2",1.11525423728814,2.93834745762712
15,2021-08-04 07:55:00,12.772,"blue.ruin.2",1.01132596685083,3.02747790055249
15,2021-08-04 08:05:00,12.835,"blue.ruin.2",1.02060669456067,3.10177955020921
15,2021-08-04 08:20:00,12.897,"blue.ruin.2",1.02443396226415,3.36560636792453
15,2021-08-04 08:30:00,12.71,"blue.ruin.2",1.09080459770115,3.29798850574713
15,2021-08-04 08:45:00,13.211,"blue.ruin.2",0.988820826952527,3.80593836140888
15,2021-08-04 08:55:00,13.085,"blue.ruin.2",1.03509833585477,3.84575926626324
15,2021-08-04 09:05:00,13.148,"blue.ruin.2",1.03789237668161,3.83324215246637
15,2021-08-04 09:20:00,13.148,"blue.ruin.2",1.0525,4.12625625
15,2021-08-04 09:30:00,13.211,"blue.ruin.2",1.05152925531915,4.2173513962766
15,2021-08-04 09:45:00,13.085,"blue.ruin.2",1.08645287958115,4.4406519960733
15,2021-08-04 09:55:00,13.148,"blue.ruin.2",1.08417085427136,4.53201507537688
15,2021-08-04 10:05:00,13.148,"blue.ruin.2",1.09735152487962,4.21538282504013
15,2021-08-04 10:20:00,13.211,"blue.ruin.2",1.18267716535433,4.5463562992126
15,2021-08-04 10:30:00,13.524,"blue.ruin.2",1.05212765957447,4.53489361702128
15,2021-08-04 10:45:00,13.524,"blue.ruin.2",1.07032301480485,4.70399798115747
15,2021-08-04 10:55:00,13.524,"blue.ruin.2",1.07863309352518,5.13302446043165
15,2021-08-04 11:05:00,13.837,"blue.ruin.2",0.981466395112016,5.09054404276986
15,2021-08-04 11:20:00,13.837,"blue.ruin.2",1.04527027027027,5.05828209459459
15,2021-08-04 11:30:00,13.837,"blue.ruin.2",1.04527027027027,5.19806081081081
15,2021-08-04 11:45:00,13.774,"blue.ruin.2",1.07242339832869,5.30545299442897
15,2021-08-04 11:55:00,13.712,"blue.ruin.2",1.09547945205479,5.27396643835616
15,2021-08-04 12:05:00,13.586,"blue.ruin.2",1.16268656716418,5.13669776119403
15,2021-08-04 12:20:00,13.837,"blue.ruin.2",1.07998652291105,5.37140077493261
15,2021-08-04 12:30:00,13.712,"blue.ruin.2",1.14151291512915,5.33742066420664
15,2021-08-04 12:45:00,13.774,"blue.ruin.2",1.08936170212766,5.27326329787234
15,2021-08-04 12:55:00,13.774,"blue.ruin.2",1.09527145359019,5.31015827495622
15,2021-08-04 13:05:00,13.837,"blue.ruin.2",1.09214579055441,5.24784740759754
15,2021-08-04 13:20:00,13.712,"blue.ruin.2",1.18647058823529,5.20086470588235
15,2021-08-04 13:30:00,13.712,"blue.ruin.2",1.17816901408451,5.09049295774648
15,2021-08-04 13:45:00,13.712,"blue.ruin.2",1.22649769585253,5.09299539170507
15,2021-08-04 13:55:00,14.087,"blue.ruin.2",1.07093908629442,5.14098762690355
15,2021-08-04 14:05:00,13.899,"blue.ruin.2",1.09504830917874,5.19054438405797
15,2021-08-04 14:20:00,14.025,"blue.ruin.2",1.08377689694224,4.89040451585504
15,2021-08-04 14:30:00,13.837,"blue.ruin.2",1.09095615103532,4.89816656516443
15,2021-08-04 14:45:00,14.275,"blue.ruin.2",1.05841232227488,4.85407286729858
15,2021-08-04 14:55:00,14.338,"blue.ruin.2",1.06465454545455,4.66451781818182
15,2021-08-04 15:05:00,14.212,"blue.ruin.2",1.06181525241676,4.87932894736842
15,2021-08-04 15:20:00,14.275,"blue.ruin.2",1.0622972972973,4.56828006756757
15,2021-08-04 15:30:00,14.212,"blue.ruin.2",1.06805054151625,4.71168862815884
15,2021-08-04 15:45:00,14.087,"blue.ruin.2",1.07094180704441,4.66203713629403
15,2021-08-04 15:55:00,14.025,"blue.ruin.2",1.07611111111111,4.49848888888889
15,2021-08-04 16:05:00,13.962,"blue.ruin.2",1.08232558139535,4.69049069767442
15,2021-08-04 16:20:00,13.899,"blue.ruin.2",1.08581081081081,4.51829560810811
15,2021-08-04 16:30:00,14.15,"blue.ruin.2",1.06750788643533,4.54910883280757
15,2021-08-04 16:45:00,14.025,"blue.ruin.2",1.07428366762178,4.46548710601719
15,2021-08-04 16:55:00,13.649,"blue.ruin.2",1.09804785894207,4.28044458438287
15,2021-08-04 17:05:00,13.712,"blue.ruin.2",1.09085836909871,4.17476652360515
15,2021-08-04 17:20:00,14.087,"blue.ruin.2",1.053,4.23262
15,2021-08-04 17:30:00,14.025,"blue.ruin.2",1.05758559622196,4.37635219893743
15,2021-08-04 17:45:00,13.837,"blue.ruin.2",1.07681550539745,4.24602373650638
15,2021-08-04 17:55:00,13.837,"blue.ruin.2",1.07005284791544,4.23807714327657
15,2021-08-04 18:05:00,13.461,"blue.ruin.2",1.11529745042493,4.18354992917847
15,2021-08-04 18:20:00,13.398,"blue.ruin.2",1.13328767123288,4.06652328767123
15,2021-08-04 18:30:00,13.398,"blue.ruin.2",1.10373961218837,4.1169944598338
15,2021-08-04 18:45:00,14.025,"blue.ruin.2",0.981895504252734,4.12631758809235
15,2021-08-04 18:55:00,13.273,"blue.ruin.2",1.16829268292683,3.93448170731707
15,2021-08-04 19:05:00,13.273,"blue.ruin.2",1.10997229916898,3.88520948753463
15,2021-08-04 19:20:00,13.273,"blue.ruin.2",1.0812133072407,3.81948287671233
15,2021-08-04 19:30:00,13.336,"blue.ruin.2",1.0396,3.791248
15,2021-08-04 19:45:00,13.398,"blue.ruin.2",0.951041666666667,3.70963802083333
15,2021-08-04 19:55:00,13.148,"blue.ruin.2",1.046,3.61256
15,2021-08-04 20:05:00,13.398,"blue.ruin.2",0.939746178252091,3.62920261163699
15,2021-08-04 20:20:00,13.586,"blue.ruin.2",0.921907971864009,3.47414099968027
15,2021-08-04 20:30:00,13.211,"blue.ruin.2",0.943949468085106,3.34881165377176
15,2021-08-04 20:45:00,13.085,"blue.ruin.2",0.949667208992752,3.17076844468946
15,2021-08-04 20:55:00,13.336,"blue.ruin.2",0.928933333333333,3.16051878787879
15,2021-08-04 21:05:00,12.897,"blue.ruin.2",1.03728813559322,3.02774152542373
15,2021-08-04 21:20:00,12.897,"blue.ruin.2",1.01073170731707,2.91494817073171
15,2021-08-04 21:30:00,12.96,"blue.ruin.2",0.964634146341463,2.89813414634146
15,2021-08-04 21:45:00,12.835,"blue.ruin.2",1.03333333333333,2.80729166666667
15,2021-08-04 21:55:00,13.398,"blue.ruin.2",0.915997470755612,2.89356910872877
15,2021-08-04 22:05:00,12.71,"blue.ruin.2",1.09406779661017,2.76063559322034
15,2021-08-04 22:20:00,13.023,"blue.ruin.2",0.937977380757253,2.73464573616844
15,2021-08-04 22:30:00,12.71,"blue.ruin.2",1.04939759036145,2.71745481927711
15,2021-08-04 22:45:00,12.897,"blue.ruin.2",0.942570212765957,2.67243156673114
15,2021-08-04 22:55:00,12.584,"blue.ruin.2",1.13461538461539,2.68907692307692
15,2021-08-04 23:05:00,12.647,"blue.ruin.2",1.06006493506493,2.6811875
15,2021-08-04 23:20:00,13.398,"blue.ruin.2",0.896642182581322,2.70238767528379
15,2021-08-04 23:30:00,12.96,"blue.ruin.2",0.931032665964173,2.64379538269949
15,2021-08-04 23:45:00,12.459,"blue.ruin.2",1.2494966442953,2.66540687919463
15,2021-08-04 23:55:00,12.459,"blue.ruin.2",1.19036144578313,2.63965963855422
15,2021-08-05 00:05:00,12.396,"blue.ruin.2",1.31122448979592,2.64709183673469
15,2021-08-05 00:20:00,12.772,"blue.ruin.2",0.9425,2.60245454545455
15,2021-08-05 00:30:00,12.71,"blue.ruin.2",0.947543668122271,2.57031262405717
15,2021-08-05 00:45:00,13.023,"blue.ruin.2",0.92,2.59327272727273
15,2021-08-05 00:55:00,12.584,"blue.ruin.2",0.99,2.5797
15,2021-08-05 01:05:00,12.459,"blue.ruin.2",1.14105263157895,2.61146315789474
15,2021-08-05 01:20:00,12.459,"blue.ruin.2",1.10344827586207,2.60370689655172
15,2021-08-05 01:30:00,12.396,"blue.ruin.2",1.21206896551724,2.63303448275862
15,2021-08-05 01:45:00,12.835,"blue.ruin.2",0.928871128871129,2.54653074198529
15,2021-08-05 01:55:00,12.522,"blue.ruin.2",0.996341463414634,2.5407743902439
15,2021-08-05 02:05:00,12.396,"blue.ruin.2",1.1302371541502,2.58550988142292
15,2021-08-05 02:20:00,12.522,"blue.ruin.2",0.976213592233008,2.56498058252427
15,2021-08-05 02:30:00,12.334,"blue.ruin.2",1.23021978021978,2.63324175824176
15,2021-08-05 02:45:00,12.396,"blue.ruin.2",1.12610921501706,2.61509556313993
15,2021-08-05 02:55:00,12.835,"blue.ruin.2",0.920899199343051,2.59164032026278
15,2021-08-05 03:05:00,12.647,"blue.ruin.2",0.936207256046706,2.55551709758132
15,2021-08-05 03:20:00,12.647,"blue.ruin.2",0.936137887678122,2.58428465289949
15,2021-08-05 03:30:00,12.459,"blue.ruin.2",0.995220588235295,2.59
15,2021-08-05 03:45:00,12.459,"blue.ruin.2",0.984615384615386,2.57
15,2021-08-05 03:55:00,12.584,"blue.ruin.2",0.941662990736656,2.52363796767855
15,2021-08-05 04:05:00,12.647,"blue.ruin.2",0.933236671871515,2.55457181676231
15,2021-08-05 04:20:00,12.522,"blue.ruin.2",0.943704873646209,2.55194576632754
15,2021-08-05 04:30:00,12.584,"blue.ruin.2",0.937062369580339,2.58282275572793
15,2021-08-05 04:45:00,12.396,"blue.ruin.2",1.00322580645161,2.54596774193548
15,2021-08-05 04:55:00,12.334,"blue.ruin.2",1.07403846153846,2.51976682692308
15,2021-08-05 05:05:00,12.396,"blue.ruin.2",0.984615384615384,2.55332692307692
15,2021-08-05 05:20:00,12.522,"blue.ruin.2",0.938579248569296,2.5433224004162
15,2021-08-05 05:30:00,12.772,"blue.ruin.2",0.911052372756331,2.53274649618884
15,2021-08-05 05:45:00,12.334,"blue.ruin.2",1.07403846153846,2.57155288461539
15,2021-08-05 05:55:00,12.71,"blue.ruin.2",0.915255292652553,2.56073927318012
15,2021-08-05 06:05:00,12.584,"blue.ruin.2",0.929006085192698,2.52145122625853
15,2021-08-05 06:20:00,12.396,"blue.ruin.2",0.957142857142856,2.54180357142857
15,2021-08-05 06:30:00,12.396,"blue.ruin.2",0.978124999999999,2.5104765625
15,2021-08-05 06:45:00,12.522,"blue.ruin.2",0.937860354403597,2.52441441658051
15,2021-08-05 06:55:00,12.334,"blue.ruin.2",1.07403846153846,2.55046875
15,2021-08-05 07:05:00,12.334,"blue.ruin.2",1.03486842105263,2.58994407894737
15,2021-08-05 07:20:00,12.271,"blue.ruin.2",1.16841216216216,2.66173310810811
15,2021-08-05 07:30:00,12.334,"blue.ruin.2",1.07403846153846,2.70395673076923
15,2021-08-05 07:45:00,12.522,"blue.ruin.2",0.934164984136141,2.79575818758686
15,2021-08-05 07:55:00,12.522,"blue.ruin.2",0.936404028436019,2.90420239121068
15,2021-08-05 08:05:00,12.71,"blue.ruin.2",0.908399744979279,3.01756368273104
15,2021-08-05 08:20:00,12.647,"blue.ruin.2",0.922400787143326,3.16752705805182
15,2021-08-05 08:30:00,12.71,"blue.ruin.2",0.912594868088182,3.22680093307488
15,2021-08-05 08:45:00,12.522,"blue.ruin.2",0.946425992779783,3.46025992779783
15,2021-08-05 08:55:00,12.584,"blue.ruin.2",0.933783783783784,3.5485257985258
15,2021-08-05 09:05:00,12.334,"blue.ruin.2",1.19200743494424,3.56291171003717
15,2021-08-05 09:20:00,12.584,"blue.ruin.2",0.936353790613718,3.78404529044962
15,2021-08-05 09:30:00,12.584,"blue.ruin.2",0.935065191623864,3.86131065694479
15,2021-08-05 09:45:00,12.459,"blue.ruin.2",1.06024096385542,3.85263403614458
15,2021-08-05 09:55:00,12.522,"blue.ruin.2",0.984177215189872,3.94744620253165
15,2021-08-05 10:05:00,12.71,"blue.ruin.2",0.918698854337152,4.04894286564499
15,2021-08-05 10:20:00,12.71,"blue.ruin.2",0.916388400702987,4.09555520051126
15,2021-08-05 10:30:00,12.647,"blue.ruin.2",0.9240345297592,4.15111602164305
15,2021-08-05 10:45:00,12.835,"blue.ruin.2",0.878972712680577,4.14059535969648
15,2021-08-05 10:55:00,12.835,"blue.ruin.2",0.878972712680577,4.1880125492485
15,2021-08-05 11:05:00,12.96,"blue.ruin.2",0.840498261877172,4.15036237227431
15,2021-08-05 11:20:00,12.71,"blue.ruin.2",0.902366127023661,4.25496433827692
15,2021-08-05 11:30:00,12.897,"blue.ruin.2",0.840116279069767,4.23811839323467
15,2021-08-05 11:45:00,12.71,"blue.ruin.2",0.882464454976303,4.2661482119776
15,2021-08-05 11:55:00,12.71,"blue.ruin.2",0.87651632970451,4.28518026297187
15,2021-08-05 12:05:00,12.772,"blue.ruin.2",0.843517017828201,4.2115809636069
15,2021-08-05 12:20:00,13.023,"blue.ruin.2",0.72077861163227,4.03994030359884
15,2021-08-05 12:30:00,13.023,"blue.ruin.2",0.699901283316881,4.00807053755721
15,2021-08-05 12:45:00,12.772,"blue.ruin.2",0.798324873096447,4.08384033225658
15,2021-08-05 12:55:00,12.71,"blue.ruin.2",0.813329583802024,4.07320891706719
15,2021-08-05 13:05:00,12.835,"blue.ruin.2",0.733101045296167,3.95281913208742
15,2021-08-05 13:20:00,12.897,"blue.ruin.2",0.681512605042017,3.85032849503438
15,2021-08-05 13:30:00,13.148,"blue.ruin.2",0.571165279429251,3.75382012755378
15,2021-08-05 13:45:00,12.897,"blue.ruin.2",0.71047503045067,3.89015502159229
15,2021-08-05 13:55:00,13.085,"blue.ruin.2",0.69625748502994,3.95775449101796
15,2021-08-05 14:05:00,12.584,"blue.ruin.2",1.08295081967213,4.06209221311475
15,2021-08-05 14:20:00,12.96,"blue.ruin.2",0.762127236580516,4.21118742092897
15,2021-08-05 14:30:00,13.148,"blue.ruin.2",0.656752411575563,4.27604209295528
15,2021-08-05 14:45:00,13.023,"blue.ruin.2",0.679063719115735,4.36684714505261
15,2021-08-05 14:55:00,12.897,"blue.ruin.2",0.746442953020134,4.4815668090299
15,2021-08-05 15:05:00,12.647,"blue.ruin.2",0.908413793103448,4.57673103448276
15,2021-08-05 15:20:00,13.085,"blue.ruin.2",0.625820256776034,4.45423291401893
15,2021-08-05 15:30:00,12.96,"blue.ruin.2",0.703424657534246,4.56377334993773
15,2021-08-05 15:45:00,12.772,"blue.ruin.2",0.856684856753069,4.61686469056183
15,2021-08-05 15:55:00,12.835,"blue.ruin.2",0.896444444444444,4.75936565656566
15,2021-08-05 16:05:00,13.211,"blue.ruin.2",0.547655068078669,4.36960115527438
15,2021-08-05 16:20:00,12.71,"blue.ruin.2",0.888729198184568,4.74538715444918
15,2021-08-05 16:30:00,13.211,"blue.ruin.2",0.498392282958199,4.38018123355744
15,2021-08-05 16:45:00,12.835,"blue.ruin.2",0.73623188405797,4.63623188405797
15,2021-08-05 16:55:00,13.023,"blue.ruin.2",0.603327787021631,4.47963091816669
15,2021-08-05 17:05:00,12.71,"blue.ruin.2",0.826811594202897,4.83769433465086
15,2021-08-05 17:20:00,12.647,"blue.ruin.2",0.853462837837837,4.8299523955774
15,2021-08-05 17:30:00,12.71,"blue.ruin.2",0.774999999999999,4.72909090909091
15,2021-08-05 17:45:00,12.647,"blue.ruin.2",0.815548780487805,4.73821507760532
15,2021-08-05 17:55:00,13.085,"blue.ruin.2",0.380912162162162,4.45925675675676
15,2021-08-05 18:05:00,13.085,"blue.ruin.2",0.372282608695652,4.33641304347826
15,2021-08-05 18:20:00,12.584,"blue.ruin.2",0.828695652173914,4.58914624505929
15,2021-08-05 18:30:00,12.71,"blue.ruin.2",0.683552631578947,4.33275119617225
15,2021-08-05 18:45:00,12.647,"blue.ruin.2",0.725907258064516,4.4614607771261
15,2021-08-05 18:55:00,12.772,"blue.ruin.2",0.637234042553192,4.29448742746615
15,2021-08-05 19:05:00,12.897,"blue.ruin.2",0.660993788819876,4.20013664596273
15,2021-08-05 19:20:00,12.522,"blue.ruin.2",0.89022450888681,4.37500892933073
15,2021-08-05 19:30:00,12.647,"blue.ruin.2",0.883602150537634,4.35221407624633
15,2021-08-05 19:45:00,12.96,"blue.ruin.2",0.881237143696738,4.15748457243609
15,2021-08-05 19:55:00,12.647,"blue.ruin.2",0.926612006670372,4.09491106170095
15,2021-08-05 20:05:00,12.897,"blue.ruin.2",0.900514240506329,4.00691527617952
15,2021-08-05 20:20:00,13.085,"blue.ruin.2",0.88236125385406,3.814820844623
15,2021-08-05 20:30:00,13.023,"blue.ruin.2",0.88800052687039,3.67476410575726
15,2021-08-05 20:45:00,13.023,"blue.ruin.2",0.881840193704601,3.47671142416905
15,2021-08-05 20:55:00,12.96,"blue.ruin.2",0.887045327364298,3.40535941394923
15,2021-08-05 21:05:00,13.085,"blue.ruin.2",0.863785652549697,3.28924412665986
15,2021-08-05 21:20:00,12.897,"blue.ruin.2",0.876382488479263,3.12118349392543
15,2021-08-05 21:30:00,12.897,"blue.ruin.2",0.853494408945687,3.05192564623875
15,2021-08-05 21:45:00,12.522,"blue.ruin.2",0.911313179026925,2.97140679348993
15,2021-08-05 21:55:00,12.71,"blue.ruin.2",0.853806047966632,2.95475305716182
15,2021-08-05 22:05:00,12.396,"blue.ruin.2",0.924618096357227,2.92184595662857
15,2021-08-05 22:20:00,12.897,"blue.ruin.2",0.76921265141319,2.87671295729842
15,2021-08-05 22:30:00,13.085,"blue.ruin.2",0.689599092284417,2.84314193370926
15,2021-08-05 22:45:00,12.647,"blue.ruin.2",0.844440459110473,2.8391926437981
15,2021-08-05 22:55:00,12.772,"blue.ruin.2",0.772556390977444,2.83935748462064
15,2021-08-05 23:05:00,12.271,"blue.ruin.2",0.97213114754098,2.75507581967213
15,2021-08-05 23:20:00,12.584,"blue.ruin.2",0.856172839506173,2.74876543209877
15,2021-08-05 23:30:00,12.459,"blue.ruin.2",0.895647773279352,2.70581155686419
15,2021-08-05 23:45:00,12.459,"blue.ruin.2",0.893961201501877,2.69139663215383
15,2021-08-05 23:55:00,12.647,"blue.ruin.2",0.848632130384168,2.72580273044767
15,2021-08-06 00:05:00,12.647,"blue.ruin.2",0.844198055893074,2.7084734342207
15,2021-08-06 00:20:00,12.647,"blue.ruin.2",0.841020025031289,2.70557344407782
15,2021-08-06 00:30:00,12.146,"blue.ruin.2",1.14482071713147,2.66220717131474
15,2021-08-06 00:45:00,12.083,"blue.ruin.2",1.25776892430279,2.65692729083665
15,2021-08-06 00:55:00,12.835,"blue.ruin.2",0.77126168224299,2.76449447748513
15,2021-08-06 01:05:00,12.208,"blue.ruin.2",1.0376404494382,2.6292808988764
15,2021-08-06 01:20:00,12.584,"blue.ruin.2",0.85140127388535,2.64019571511291
15,2021-08-06 01:30:00,12.835,"blue.ruin.2",0.765344827586207,2.70721943573668
15,2021-08-06 01:45:00,12.334,"blue.ruin.2",0.919828815977176,2.6882285047335
15,2021-08-06 01:55:00,12.271,"blue.ruin.2",0.939697193500738,2.68337182758158
15,2021-08-06 02:05:00,13.148,"blue.ruin.2",0.624940334128878,2.78456281188978
15,2021-08-06 02:20:00,14.275,"blue.ruin.2",0.357498223169865,2.94250177683013
15,2021-08-06 02:30:00,13.273,"blue.ruin.2",0.571827613727055,2.77626206196039
15,2021-08-06 02:45:00,13.148,"blue.ruin.2",0.616719872306465,2.74695421896539
15,2021-08-06 02:55:00,12.522,"blue.ruin.2",0.836174391201885,2.69690423480683
15,2021-08-06 03:05:00,12.835,"blue.ruin.2",0.737442396313364,2.74410557184751
15,2021-08-06 03:20:00,12.459,"blue.ruin.2",0.865779169929523,2.63756318075034
15,2021-08-06 03:30:00,12.647,"blue.ruin.2",0.787298899237934,2.62324763297668
15,2021-08-06 03:45:00,12.647,"blue.ruin.2",0.767963800904977,2.68950473056355
15,2021-08-06 03:55:00,12.522,"blue.ruin.2",0.824746543778802,2.68693338919145
15,2021-08-06 04:05:00,12.396,"blue.ruin.2",0.87858431018936,2.61856627592426
15,2021-08-06 04:20:00,12.271,"blue.ruin.2",0.919772942289498,2.64879332587942
15,2021-08-06 04:30:00,12.271,"blue.ruin.2",0.919070667957405,2.62180938132535
15,2021-08-06 04:45:00,12.584,"blue.ruin.2",0.778741328047572,2.66916208667448
15,2021-08-06 04:55:00,12.271,"blue.ruin.2",0.917563451776649,2.62943608675588
15,2021-08-06 05:05:00,12.271,"blue.ruin.2",0.91590181430096,2.61991947220336
15,2021-08-06 05:20:00,12.71,"blue.ruin.2",0.705069370330843,2.68461239934025
15,2021-08-06 05:30:00,12.647,"blue.ruin.2",0.7171875,2.68619318181818
15,2021-08-06 05:45:00,12.96,"blue.ruin.2",0.530882352941176,2.72002673796791
15,2021-08-06 05:55:00,12.271,"blue.ruin.2",0.902383720930232,2.64298625792812
15,2021-08-06 06:05:00,12.71,"blue.ruin.2",0.660227272727272,2.68902892561983
15,2021-08-06 06:20:00,12.835,"blue.ruin.2",0.577929687499999,2.70500355113636
15,2021-08-06 06:30:00,12.772,"blue.ruin.2",0.62192118226601,2.69333631885356
15,2021-08-06 06:45:00,12.647,"blue.ruin.2",0.683312182741116,2.69697738809414
15,2021-08-06 06:55:00,12.835,"blue.ruin.2",0.575951776649746,2.7620131518228
15,2021-08-06 07:05:00,12.71,"blue.ruin.2",0.63782722513089,2.77351737267968
15,2021-08-06 07:20:00,12.522,"blue.ruin.2",0.76831550802139,2.73570734078755
15,2021-08-06 07:30:00,12.334,"blue.ruin.2",0.883549222797928,2.76141309467734
15,2021-08-06 07:45:00,12.459,"blue.ruin.2",0.818949468085107,2.87480294970986
15,2021-08-06 07:55:00,12.647,"blue.ruin.2",0.726730769230769,3.00306993006993
15,2021-08-06 08:05:00,12.71,"blue.ruin.2",0.708507853403141,3.0809876249405
15,2021-08-06 08:20:00,12.584,"blue.ruin.2",0.790322580645162,3.17709677419355
15,2021-08-06 08:30:00,12.584,"blue.ruin.2",0.806818181818182,3.29768595041322
15,2021-08-06 08:45:00,12.71,"blue.ruin.2",0.724999999999999,3.47727272727273
15,2021-08-06 08:55:00,12.897,"blue.ruin.2",0.660323886639676,3.6306036069194
15,2021-08-06 09:05:00,12.897,"blue.ruin.2",0.674449339207048,3.72018021625951
15,2021-08-06 09:20:00,12.897,"blue.ruin.2",0.700930232558139,3.81622832980973
15,2021-08-06 09:30:00,13.023,"blue.ruin.2",0.583144246353323,3.96331958155297
15,2021-08-06 09:45:00,13.085,"blue.ruin.2",0.642028985507246,4.06679841897233
15,2021-08-06 09:55:00,12.96,"blue.ruin.2",0.723869346733668,4.16243947007766
15,2021-08-06 10:05:00,13.085,"blue.ruin.2",0.7,4.25
15,2021-08-06 10:20:00,12.96,"blue.ruin.2",0.785294117647059,4.46010695187166
15,2021-08-06 10:30:00,13.211,"blue.ruin.2",0.636891891891892,4.53490663390663
15,2021-08-06 10:45:00,13.085,"blue.ruin.2",0.99012987012987,4.82
15,2021-08-06 10:55:00,13.148,"blue.ruin.2",0.772162162162163,4.82623095823096
15,2021-08-06 11:05:00,13.211,"blue.ruin.2",0.892357142857142,4.94751038961039
15,2021-08-06 11:20:00,13.211,"blue.ruin.2",0.90952743902439,5.15467849223947
15,2021-08-06 11:30:00,13.336,"blue.ruin.2",0.796815286624204,5.1068152866242
15,2021-08-06 11:45:00,13.398,"blue.ruin.2",0.823587786259543,5.23749895905621
15,2021-08-06 11:55:00,13.461,"blue.ruin.2",0.817903930131004,5.28467248908297
15,2021-08-06 12:05:00,13.586,"blue.ruin.2",0.773723228995058,5.29962258499326
15,2021-08-06 12:20:00,13.336,"blue.ruin.2",1.07607003891051,5.69
15,2021-08-06 12:30:00,13.461,"blue.ruin.2",1.05024390243902,5.66
15,2021-08-06 12:45:00,13.524,"blue.ruin.2",1.07070524412297,5.65
15,2021-08-06 12:55:00,13.524,"blue.ruin.2",1.06792079207921,5.63
15,2021-08-06 13:05:00,13.837,"blue.ruin.2",0.601222493887532,5.1153700822405
15,2021-08-06 13:20:00,13.524,"blue.ruin.2",1.01089108910891,5.71
15,2021-08-06 13:30:00,13.211,"blue.ruin.2",1.055,5.50095
15,2021-08-06 13:45:00,13.336,"blue.ruin.2",1.04066666666667,5.35696
15,2021-08-06 13:55:00,13.586,"blue.ruin.2",0.869230769230769,5.43832167832168
15,2021-08-06 14:05:00,13.023,"blue.ruin.2",1.304,4.528095
15,2021-08-06 14:20:00,12.96,"blue.ruin.2",1.50384615384615,4.179
15,2021-08-06 14:30:00,12.96,"blue.ruin.2",1.48207547169811,4.124
15,2021-08-06 14:45:00,13.023,"blue.ruin.2",1.27410714285714,4.13305357142857
15,2021-08-06 14:55:00,13.649,"blue.ruin.2",0.931985039479152,4.93080897631251
15,2021-08-06 15:05:00,13.712,"blue.ruin.2",0.930508121615993,4.74453030934081
15,2021-08-06 15:20:00,14.025,"blue.ruin.2",0.909619526202441,4.60121647197024
15,2021-08-06 15:30:00,14.087,"blue.ruin.2",0.902732283464567,4.52219069434503
15,2021-08-06 15:45:00,13.899,"blue.ruin.2",1.0331186524647,4.23274947361902
15,2021-08-06 15:55:00,14.087,"blue.ruin.2",0.868989983305509,4.21635453027774
15,2021-08-06 16:05:00,14.025,"blue.ruin.2",1.01649016641452,4.19981902420575
15,2021-08-06 16:20:00,14.025,"blue.ruin.2",0.879322429906542,4.19586448598131
15,2021-08-06 16:30:00,13.962,"blue.ruin.2",0.8748126561199,4.23316478691999
15,2021-08-06 16:45:00,13.899,"blue.ruin.2",0.895467475820216,4.15892350395669
15,2021-08-06 16:55:00,13.899,"blue.ruin.2",0.904080210591514,4.08003772628734
15,2021-08-06 17:05:00,14.212,"blue.ruin.2",0.886855241264559,4.02133111480865
15,2021-08-06 17:20:00,13.962,"blue.ruin.2",0.905123674911661,3.94058785737231
15,2021-08-06 17:30:00,13.962,"blue.ruin.2",0.909301014656144,3.85957876396433
15,2021-08-06 17:45:00,13.899,"blue.ruin.2",0.915832937262357,3.78392509937781
15,2021-08-06 17:55:00,14.025,"blue.ruin.2",0.91000348553503,3.7576304699135
15,2021-08-06 18:05:00,14.025,"blue.ruin.2",0.914739190116678,3.66911368315967
15,2021-08-06 18:20:00,14.087,"blue.ruin.2",0.916952326901249,3.65858549169332
15,2021-08-06 18:30:00,14.087,"blue.ruin.2",0.924939965694683,3.56213472633713
15,2021-08-06 18:45:00,14.087,"blue.ruin.2",0.941155702012475,3.49406068451967
15,2021-08-06 18:55:00,14.15,"blue.ruin.2",0.951805054151625,3.33942689530686
15,2021-08-06 19:05:00,14.15,"blue.ruin.2",1.00853098699311,3.0885921958684
15,2021-08-06 19:20:00,14.087,"blue.ruin.2",1.03272267845862,3.05959128237524
15,2021-08-06 19:30:00,14.15,"blue.ruin.2",1.02403651115619,2.98633367139959
15,2021-08-06 19:45:00,14.15,"blue.ruin.2",1.02192494788047,3.09098071577484
15,2021-08-06 19:55:00,14.212,"blue.ruin.2",1.01996610169492,3.07542644067797
15,2021-08-06 20:05:00,14.15,"blue.ruin.2",1.02314487632509,3.15167756183746
15,2021-08-06 20:20:00,13.524,"blue.ruin.2",1.07885906040268,2.98179865771812
15,2021-08-06 20:30:00,13.962,"blue.ruin.2",1.00928500496524,3.09381007944389
15,2021-08-06 20:45:00,13.774,"blue.ruin.2",1.04190432382705,3.14283279668813
15,2021-08-06 20:55:00,14.087,"blue.ruin.2",1.00121633362294,2.92516007819288
15,2021-08-06 21:05:00,13.962,"blue.ruin.2",1.01296975252062,2.80356691109074
15,2021-08-06 21:20:00,13.962,"blue.ruin.2",0.992421159715158,2.77009308240081
15,2021-08-06 21:30:00,14.025,"blue.ruin.2",0.956348246674728,2.81323911729141
15,2021-08-06 21:45:00,13.899,"blue.ruin.2",0.943777932960894,2.78461731843575
15,2021-08-06 21:55:00,13.899,"blue.ruin.2",0.932613211466556,2.77535332552782
15,2021-08-06 22:05:00,13.712,"blue.ruin.2",0.934016913319239,2.74630866807611
15,2021-08-06 22:20:00,13.712,"blue.ruin.2",0.920375764637343,2.8146556152848
15,2021-08-06 22:30:00,13.712,"blue.ruin.2",0.914438502673797,2.74827904715605
15,2021-08-06 22:45:00,13.211,"blue.ruin.2",0.943885321785874,2.64534228351908
15,2021-08-06 22:55:00,13.273,"blue.ruin.2",0.935764146739938,2.66986038912817
15,2021-08-06 23:05:00,13.586,"blue.ruin.2",0.911859838274933,2.70708404802744
15,2021-08-06 23:20:00,13.524,"blue.ruin.2",0.914027459954233,2.75285749947992
15,2021-08-06 23:30:00,13.586,"blue.ruin.2",0.908675556902561,2.6961732493904
15,2021-08-06 23:45:00,13.461,"blue.ruin.2",0.919248443522087,2.65212637792092
15,2021-08-06 23:55:00,13.524,"blue.ruin.2",0.917861885790173,2.64830013280212
15,2021-08-07 00:05:00,13.461,"blue.ruin.2",0.924816392479436,2.62333484670441
15,2021-08-07 00:20:00,13.148,"blue.ruin.2",0.949462766751231,2.53174845002781
15,2021-08-07 00:30:00,13.336,"blue.ruin.2",0.938018154311649,2.53204538577912
15,2021-08-07 00:45:00,13.023,"blue.ruin.2",0.987022900763359,2.53184351145038
15,2021-08-07 00:55:00,12.835,"blue.ruin.2",1.05135135135135,2.56611486486486
15,2021-08-07 01:05:00,12.835,"blue.ruin.2",1.04470989761092,2.58309300341297
15,2021-08-07 01:20:00,12.71,"blue.ruin.2",1.07837837837838,2.59653716216216
15,2021-08-07 01:30:00,12.647,"blue.ruin.2",1.11240157480315,2.64694635826772
15,2021-08-07 01:45:00,12.71,"blue.ruin.2",1.01958762886598,2.59435567010309
15,2021-08-07 01:55:00,12.772,"blue.ruin.2",0.947242435848334,2.57250687650151
15,2021-08-07 02:05:00,12.772,"blue.ruin.2",0.943521295740852,2.61212030321208
15,2021-08-07 02:20:00,13.148,"blue.ruin.2",0.905591506572295,2.62068223182278
15,2021-08-07 02:30:00,12.71,"blue.ruin.2",0.94343613252761,2.58071605826972
15,2021-08-07 02:45:00,12.71,"blue.ruin.2",0.939512711864407,2.58209745762712
15,2021-08-07 02:55:00,13.273,"blue.ruin.2",0.883874045801527,2.60038167938931
15,2021-08-07 03:05:00,13.336,"blue.ruin.2",0.878589420654912,2.57610487749027
15,2021-08-07 03:20:00,13.273,"blue.ruin.2",0.882252956081081,2.56876823556511
15,2021-08-07 03:30:00,13.336,"blue.ruin.2",0.876266891891892,2.5626812039312
15,2021-08-07 03:45:00,13.273,"blue.ruin.2",0.880866192630899,2.55502791326321
15,2021-08-07 03:55:00,13.211,"blue.ruin.2",0.88421568627451,2.55674509803922
15,2021-08-07 04:05:00,13.273,"blue.ruin.2",0.874549098196393,2.58194935325196
15,2021-08-07 04:20:00,13.273,"blue.ruin.2",0.870364010989011,2.57054195804196
15,2021-08-07 04:30:00,13.273,"blue.ruin.2",0.867668639053254,2.56796320602474
15,2021-08-07 04:45:00,13.023,"blue.ruin.2",0.887087161658803,2.56571934894011
15,2021-08-07 04:55:00,12.772,"blue.ruin.2",0.914714752450364,2.56705704950993
15,2021-08-07 05:05:00,12.96,"blue.ruin.2",0.889690721649484,2.58644798500469
15,2021-08-07 05:20:00,12.522,"blue.ruin.2",0.940188779579899,2.57124870078074
15,2021-08-07 05:30:00,12.647,"blue.ruin.2",0.923007823819183,2.55030610363268
15,2021-08-07 05:45:00,12.96,"blue.ruin.2",0.872537456168313,2.56267568899064
15,2021-08-07 05:55:00,13.148,"blue.ruin.2",0.847912122156435,2.55041757556871
15,2021-08-07 06:05:00,13.211,"blue.ruin.2",0.829871626069783,2.58276228379915
15,2021-08-07 06:20:00,13.023,"blue.ruin.2",0.857718894009217,2.56852325094261
15,2021-08-07 06:30:00,13.148,"blue.ruin.2",0.829742765273312,2.56717041800643
15,2021-08-07 06:45:00,13.148,"blue.ruin.2",0.834647018505826,2.57404386566141
15,2021-08-07 06:55:00,13.148,"blue.ruin.2",0.836984957488555,2.61287710327606
15,2021-08-07 07:05:00,13.211,"blue.ruin.2",0.830488974113135,2.62997733809814
15,2021-08-07 07:20:00,13.148,"blue.ruin.2",0.83742474916388,2.6591237458194
15,2021-08-07 07:30:00,13.148,"blue.ruin.2",0.833125222975384,2.70649985405248
15,2021-08-07 07:45:00,13.085,"blue.ruin.2",0.861717062634989,2.7742057726291
15,2021-08-07 07:55:00,12.396,"blue.ruin.2",1.1911214953271,2.91307943925234
15,2021-08-07 08:05:00,12.396,"blue.ruin.2",1.23131147540983,3.03485573770492
15,2021-08-07 08:20:00,12.459,"blue.ruin.2",1.24489528795812,3.2219280104712
15,2021-08-07 08:30:00,12.96,"blue.ruin.2",0.913306152705708,3.43469977761305
15,2021-08-07 08:45:00,12.772,"blue.ruin.2",1.01153846153846,3.55492307692308
15,2021-08-07 08:55:00,12.772,"blue.ruin.2",1.07558139534884,3.68913953488372
15,2021-08-07 09:05:00,13.023,"blue.ruin.2",0.93374824684432,3.9162982914701
15,2021-08-07 09:20:00,13.148,"blue.ruin.2",0.934023668639053,4.06551909628833
15,2021-08-07 09:30:00,13.148,"blue.ruin.2",0.937762669962917,4.18202719406675
15,2021-08-07 09:45:00,13.336,"blue.ruin.2",0.933093922651934,4.33985635359116
15,2021-08-07 09:55:00,13.398,"blue.ruin.2",0.923225982532751,4.45782999206034
15,2021-08-07 10:05:00,13.398,"blue.ruin.2",0.932049987376925,4.55563998990154
15,2021-08-07 10:20:00,13.398,"blue.ruin.2",0.946038915913829,4.69733527070567
15,2021-08-07 10:30:00,13.336,"blue.ruin.2",1.01713286713287,4.70481118881119
15,2021-08-07 10:45:00,13.461,"blue.ruin.2",0.942583926754832,4.88217941366873
15,2021-08-07 10:55:00,13.649,"blue.ruin.2",0.934283942963422,4.93256946401398
15,2021-08-07 11:05:00,13.586,"blue.ruin.2",0.939632688545968,5.0111406611211
15,2021-08-07 11:20:00,13.586,"blue.ruin.2",0.943780048076923,5.10355386800699
15,2021-08-07 11:30:00,13.586,"blue.ruin.2",1.09079401611047,5.10383616225547
15,2021-08-07 11:45:00,13.461,"blue.ruin.2",0.9785,5.2825475
15,2021-08-07 11:55:00,13.649,"blue.ruin.2",1.08463855421687,5.14414382530121
15,2021-08-07 12:05:00,13.586,"blue.ruin.2",0.995412844036698,5.44927866972477
15,2021-08-07 12:20:00,13.649,"blue.ruin.2",1.00907079646018,5.3595796460177
15,2021-08-07 12:30:00,13.712,"blue.ruin.2",1.06287128712871,5.25559900990099
15,2021-08-07 12:45:00,13.774,"blue.ruin.2",1.09126213592233,5.24719781553398
15,2021-08-07 12:55:00,13.962,"blue.ruin.2",1.08229470005824,5.26206493884683
15,2021-08-07 13:05:00,13.962,"blue.ruin.2",1.08481771266855,5.26396379224238
15,2021-08-07 13:20:00,14.15,"blue.ruin.2",1.06910027264465,5.35386159497122
15,2021-08-07 13:30:00,14.15,"blue.ruin.2",1.06856242745813,5.27685439810977
15,2021-08-07 13:45:00,14.15,"blue.ruin.2",1.06478508544795,5.20639344899016
15,2021-08-07 13:55:00,14.4,"blue.ruin.2",1.03863754550182,5.24818454238169
15,2021-08-07 14:05:00,13.962,"blue.ruin.2",1.08314855875831,5.2162965631929
15,2021-08-07 14:20:00,14.212,"blue.ruin.2",1.01181395348837,5.18500151162791
15,2021-08-07 14:30:00,14.275,"blue.ruin.2",0.861689419795222,5.18307012100527
15,2021-08-07 14:45:00,14.338,"blue.ruin.2",0.84786552828175,5.13557097118463
15,2021-08-07 14:55:00,14.212,"blue.ruin.2",0.86397772188286,4.97743834318753
15,2021-08-07 15:05:00,14.338,"blue.ruin.2",0.867718446601942,4.96771844660194
15,2021-08-07 15:20:00,14.275,"blue.ruin.2",0.909516193522591,5.02982116244411
15,2021-08-07 15:30:00,14.15,"blue.ruin.2",0.92245409015025,4.89155258764608
15,2021-08-07 15:45:00,14.087,"blue.ruin.2",0.926479381443299,4.8072053420806
15,2021-08-07 15:55:00,14.087,"blue.ruin.2",0.927590609959729,4.77619192613692
15,2021-08-07 16:05:00,14.025,"blue.ruin.2",0.931222385861561,4.73291873075378
15,2021-08-07 16:20:00,14.025,"blue.ruin.2",0.935668789808917,4.65924724956572
15,2021-08-07 16:30:00,14.025,"blue.ruin.2",0.933930143821544,4.89369506630734
15,2021-08-07 16:45:00,14.087,"blue.ruin.2",0.934783667900994,4.63837538314346
15,2021-08-07 16:55:00,14.15,"blue.ruin.2",0.932062998250049,4.73370477082707
15,2021-08-07 17:05:00,14.212,"blue.ruin.2",0.933565678382093,4.56605608410831
15,2021-08-07 17:20:00,14.275,"blue.ruin.2",1.0193535188216,4.10452639116203
15,2021-08-07 17:30:00,14.275,"blue.ruin.2",1.07104267033723,3.99492558499656
15,2021-08-07 17:45:00,14.212,"blue.ruin.2",1.08210682492582,3.64859139465875
15,2021-08-07 17:55:00,14.212,"blue.ruin.2",1.07758364312268,3.66714200743494
15,2021-08-07 18:05:00,14.212,"blue.ruin.2",1.06948424068768,3.25383524355301
15,2021-08-07 18:20:00,14.15,"blue.ruin.2",1.03625730994152,3.56
15,2021-08-07 18:30:00,14.212,"blue.ruin.2",0.981988472622478,3.74
15,2021-08-07 18:45:00,14.275,"blue.ruin.2",0.945997865528282,3.68037450276511
15,2021-08-07 18:55:00,14.15,"blue.ruin.2",0.944073985394469,3.59264695319047
15,2021-08-07 19:05:00,14.087,"blue.ruin.2",0.939745308310992,3.58630757981964
15,2021-08-07 19:20:00,14.087,"blue.ruin.2",0.932609516616314,3.51979813238121
15,2021-08-07 19:30:00,14.087,"blue.ruin.2",0.930264155712841,3.50370289089071
15,2021-08-07 19:45:00,14.025,"blue.ruin.2",0.938257382892057,3.43444304295501
15,2021-08-07 19:55:00,14.025,"blue.ruin.2",0.940698985343856,3.48039458850056
15,2021-08-07 20:05:00,13.962,"blue.ruin.2",0.964942528735632,3.25
15,2021-08-07 20:20:00,13.962,"blue.ruin.2",0.991410129096326,3.22
15,2021-08-07 20:30:00,13.774,"blue.ruin.2",1.02394564198688,3.09
15,2021-08-07 20:45:00,13.899,"blue.ruin.2",0.979201934703749,2.91
15,2021-08-07 20:55:00,13.962,"blue.ruin.2",0.944127430910952,2.93534218851773
15,2021-08-07 21:05:00,13.962,"blue.ruin.2",0.930949250591638,2.9570305739488
15,2021-08-07 21:20:00,13.774,"blue.ruin.2",0.924694376528117,2.91502556123583
15,2021-08-07 21:30:00,13.712,"blue.ruin.2",0.921655518394649,2.87307084220128
15,2021-08-07 21:45:00,13.586,"blue.ruin.2",0.923517901145093,2.79077942784857
15,2021-08-07 21:55:00,13.524,"blue.ruin.2",0.922950453801518,2.79803397762779
15,2021-08-07 22:05:00,13.461,"blue.ruin.2",0.92348273328435,2.71941005944827
15,2021-08-07 22:20:00,13.148,"blue.ruin.2",0.942879120879121,2.65747852147852
15,2021-08-07 22:30:00,13.211,"blue.ruin.2",0.937485439720443,2.63980740721131
15,2021-08-07 22:45:00,13.273,"blue.ruin.2",0.933249963219067,2.62923642783581
15,2021-08-07 22:55:00,13.336,"blue.ruin.2",0.927586718055144,2.58711559712153
15,2021-08-07 23:05:00,12.96,"blue.ruin.2",0.976666666666666,2.56
15,2021-08-07 23:20:00,13.211,"blue.ruin.2",0.938525201312258,2.59171217091885
15,2021-08-07 23:30:00,12.96,"blue.ruin.2",0.998543689320388,2.52
15,2021-08-07 23:45:00,13.148,"blue.ruin.2",0.95440097799511,2.5
15,2021-08-07 23:55:00,12.835,"blue.ruin.2",1.07313432835821,2.43690298507463
15,2021-08-08 00:05:00,12.835,"blue.ruin.2",1.08144329896907,2.46699742268041
15,2021-08-08 00:20:00,13.273,"blue.ruin.2",0.972307692307692,2.48659807692308
15,2021-08-08 00:30:00,13.085,"blue.ruin.2",1.02352941176471,2.489375
15,2021-08-08 00:45:00,12.96,"blue.ruin.2",1.05364683301344,2.43
15,2021-08-08 00:55:00,13.085,"blue.ruin.2",1.00412371134021,2.46728092783505
15,2021-08-08 01:05:00,12.897,"blue.ruin.2",1.06226804123711,2.45
15,2021-08-08 01:20:00,13.273,"blue.ruin.2",0.957714285714286,2.40926714285714
15,2021-08-08 01:30:00,13.211,"blue.ruin.2",0.964440078585461,2.46476547151277
15,2021-08-08 01:45:00,12.897,"blue.ruin.2",1.04065040650406,2.45543902439024
15,2021-08-08 01:55:00,12.96,"blue.ruin.2",0.978391167192428,2.49
15,2021-08-08 02:05:00,12.897,"blue.ruin.2",0.986770428015564,2.49
15,2021-08-08 02:20:00,13.023,"blue.ruin.2",0.942386662286465,2.49647249432565
15,2021-08-08 02:30:00,13.148,"blue.ruin.2",0.933279009126467,2.48678617992177
15,2021-08-08 02:45:00,13.085,"blue.ruin.2",0.942430310797821,2.458304884798
15,2021-08-08 02:55:00,13.211,"blue.ruin.2",0.935026021132313,2.45940344941291
15,2021-08-08 03:05:00,13.211,"blue.ruin.2",0.940584571154768,2.46037156422878
15,2021-08-08 03:20:00,13.148,"blue.ruin.2",0.946499189627228,2.45617415647562
15,2021-08-08 03:30:00,13.211,"blue.ruin.2",0.940439506973727,2.44199407306932
15,2021-08-08 03:45:00,13.211,"blue.ruin.2",0.946184538653366,2.47180367263659
15,2021-08-08 03:55:00,13.273,"blue.ruin.2",0.939097303634232,2.45070446552275
15,2021-08-08 04:05:00,13.085,"blue.ruin.2",0.984708249496981,2.4332759054326
15,2021-08-08 04:20:00,13.148,"blue.ruin.2",0.975698324022346,2.44526815642458
15,2021-08-08 04:30:00,13.148,"blue.ruin.2",0.974555160142349,2.44356049822064
15,2021-08-08 04:45:00,13.148,"blue.ruin.2",0.969081272084806,2.47680388692579
15,2021-08-08 04:55:00,13.148,"blue.ruin.2",0.953396226415094,2.44082358490566
15,2021-08-08 05:05:00,13.023,"blue.ruin.2",0.973380566801619,2.45029225708502
15,2021-08-08 05:20:00,13.023,"blue.ruin.2",0.946544642857143,2.47069107142857
15,2021-08-08 05:30:00,13.085,"blue.ruin.2",0.939774586438829,2.47409016542447
15,2021-08-08 05:45:00,13.085,"blue.ruin.2",0.931204752181177,2.45410078134229
15,2021-08-08 05:55:00,13.085,"blue.ruin.2",0.925492069558571,2.45401038861769
15,2021-08-08 06:05:00,13.023,"blue.ruin.2",0.92527664531159,2.47134854661937
15,2021-08-08 06:20:00,13.023,"blue.ruin.2",0.917595715135886,2.48707002578853
15,2021-08-08 06:30:00,13.085,"blue.ruin.2",0.90888090349076,2.49196191898451
15,2021-08-08 06:45:00,13.085,"blue.ruin.2",0.905250213857998,2.48813632475309
15,2021-08-08 06:55:00,12.835,"blue.ruin.2",0.927015866116062,2.50543261346348
15,2021-08-08 07:05:00,12.71,"blue.ruin.2",0.939128047441247,2.58296507797057
15,2021-08-08 07:20:00,13.023,"blue.ruin.2",0.912212234159176,2.58442805604831
15,2021-08-08 07:30:00,13.085,"blue.ruin.2",0.906552397483185,2.65421921536914
15,2021-08-08 07:45:00,13.085,"blue.ruin.2",0.913067576209763,2.79618844596035
15,2021-08-08 07:55:00,13.085,"blue.ruin.2",0.91761576971214,2.92120662191376
15,2021-08-08 08:05:00,13.023,"blue.ruin.2",0.929423826122616,3.08207262288665
15,2021-08-08 08:20:00,13.023,"blue.ruin.2",0.942155009451796,3.14955662484963
15,2021-08-08 08:30:00,13.148,"blue.ruin.2",0.939729501267963,3.28802966264505
15,2021-08-08 08:45:00,13.148,"blue.ruin.2",0.949230604830092,3.44127299928112
15,2021-08-08 08:55:00,13.148,"blue.ruin.2",0.979677419354839,3.56563870967742
15,2021-08-08 09:05:00,13.148,"blue.ruin.2",1.00454545454545,3.69963636363636
15,2021-08-08 09:20:00,13.398,"blue.ruin.2",0.950625,3.8799
15,2021-08-08 09:30:00,13.273,"blue.ruin.2",1.00151869158879,4.01505957943925
15,2021-08-08 09:45:00,13.273,"blue.ruin.2",1.03576388888889,4.18144878472222
15,2021-08-08 09:55:00,13.336,"blue.ruin.2",1.02688022284123,4.3773704735376
15,2021-08-08 10:05:00,13.398,"blue.ruin.2",1.00620052770449,4.45136807387863
15,2021-08-08 10:20:00,13.398,"blue.ruin.2",1.02867435158501,4.65834438040346
15,2021-08-08 10:30:00,13.461,"blue.ruin.2",1.03633440514469,4.77344734726688
15,2021-08-08 10:45:00,13.524,"blue.ruin.2",1.07508143322476,4.75182410423453
15,2021-08-08 10:55:00,13.586,"blue.ruin.2",1.08089171974522,4.70295700636943
15,2021-08-08 11:05:00,13.649,"blue.ruin.2",1.07469325153374,4.95448696319018
15,2021-08-08 11:20:00,13.649,"blue.ruin.2",1.09622302158273,4.8879523381295
15,2021-08-08 11:30:00,13.649,"blue.ruin.2",1.13617647058824,4.9372375
15,2021-08-08 11:45:00,13.712,"blue.ruin.2",1.0216814159292,5.17810398230088
15,2021-08-08 11:55:00,13.649,"blue.ruin.2",1.08460264900662,4.97622971854304
15,2021-08-08 12:05:00,13.837,"blue.ruin.2",1.00638686131387,5.20659945255474
15,2021-08-08 12:20:00,13.774,"blue.ruin.2",1.05161290322581,5.16504032258064
15,2021-08-08 12:30:00,13.837,"blue.ruin.2",1.02879746835443,5.16888528481013
15,2021-08-08 12:45:00,13.962,"blue.ruin.2",0.983720930232558,5.28497093023256
15,2021-08-08 12:55:00,14.025,"blue.ruin.2",0.946516428694306,5.47114007788186
15,2021-08-08 13:05:00,14.025,"blue.ruin.2",0.946613712374582,5.33796822742475
15,2021-08-08 13:20:00,14.025,"blue.ruin.2",0.988793103448276,5.47386853448276
15,2021-08-08 13:30:00,14.025,"blue.ruin.2",1.01719653179191,5.18850794797688
15,2021-08-08 13:45:00,14.025,"blue.ruin.2",1.03418367346939,5.11794005102041
15,2021-08-08 13:55:00,14.025,"blue.ruin.2",1.0493816254417,5.13931205830389
15,2021-08-08 14:05:00,14.087,"blue.ruin.2",1.04147887323944,5.0667948943662
15,2021-08-08 14:20:00,14.087,"blue.ruin.2",1.05560109289617,5.21438114754098
15,2021-08-08 14:30:00,14.15,"blue.ruin.2",1.0370883882149,4.82508882149047
15,2021-08-08 14:45:00,14.15,"blue.ruin.2",1.01212121212121,4.69436742424242
15,2021-08-08 14:55:00,14.15,"blue.ruin.2",1.01404174573055,4.63076138519924
15,2021-08-08 15:05:00,14.087,"blue.ruin.2",1.02715439856373,4.7246842459605
15,2021-08-08 15:20:00,14.025,"blue.ruin.2",1.04639303482587,4.54022854477612
15,2021-08-08 15:30:00,14.087,"blue.ruin.2",1.04333616298812,4.4759974533107
15,2021-08-08 15:45:00,14.087,"blue.ruin.2",1.05011210762332,4.31536042600897
15,2021-08-08 15:55:00,14.025,"blue.ruin.2",1.05433227344992,4.24253775834658
15,2021-08-08 16:05:00,14.025,"blue.ruin.2",1.0489336492891,4.24905361374408
15,2021-08-08 16:20:00,13.962,"blue.ruin.2",1.0687429218573,4.1646504813137
15,2021-08-08 16:30:00,13.962,"blue.ruin.2",1.06601156069364,4.04593468208092
15,2021-08-08 16:45:00,13.899,"blue.ruin.2",1.06618059450365,4.04523408581043
15,2021-08-08 16:55:00,13.899,"blue.ruin.2",1.06575342465753,3.82315239726027
15,2021-08-08 17:05:00,13.837,"blue.ruin.2",1.06772845953003,3.8978567232376
15,2021-08-08 17:20:00,13.962,"blue.ruin.2",1.05259470679813,3.89844615983394
15,2021-08-08 17:30:00,13.899,"blue.ruin.2",1.05836298932384,3.80632473309609
15,2021-08-08 17:45:00,13.899,"blue.ruin.2",1.06061722708429,3.8286420428374
15,2021-08-08 17:55:00,13.899,"blue.ruin.2",1.0536268134067,3.63632134817409
15,2021-08-08 18:05:00,13.899,"blue.ruin.2",1.05453653751839,3.70002954879843
15,2021-08-08 18:20:00,13.461,"blue.ruin.2",1.08244406196213,3.63848020654045
15,2021-08-08 18:30:00,13.712,"blue.ruin.2",1.05034554250173,3.39834761575674
15,2021-08-08 18:45:00,13.774,"blue.ruin.2",1.03610145934677,3.50845604586518
15,2021-08-08 18:55:00,13.837,"blue.ruin.2",1.02516037063436,3.55118700997862
15,2021-08-08 19:05:00,13.774,"blue.ruin.2",1.03189593727726,3.60090591589451
15,2021-08-08 19:20:00,13.899,"blue.ruin.2",1.01954365079365,3.42488665674603
15,2021-08-08 19:30:00,13.837,"blue.ruin.2",1.01811440677966,3.52770497881356
15,2021-08-08 19:45:00,13.837,"blue.ruin.2",1.01101878612717,3.30916645592486
15,2021-08-08 19:55:00,13.837,"blue.ruin.2",0.9984375,3.2816640625
15,2021-08-08 20:05:00,13.712,"blue.ruin.2",0.999640287769784,3.29393884892086
15,2021-08-08 20:20:00,13.774,"blue.ruin.2",1.00393518518519,3.24062731481481
15,2021-08-08 20:30:00,13.712,"blue.ruin.2",1.00828025477707,3.08974761146497
15,2021-08-08 20:45:00,13.649,"blue.ruin.2",1.008875,3.0539390625
15,2021-08-08 20:55:00,13.649,"blue.ruin.2",1.00296391752577,2.98358118556701
15,2021-08-08 21:05:00,13.524,"blue.ruin.2",1.00837231057063,3.06578297474275
15,2021-08-08 21:20:00,13.461,"blue.ruin.2",0.980853816300129,2.89390637128072
15,2021-08-08 21:30:00,13.336,"blue.ruin.2",0.981718061674009,2.88375330396476
15,2021-08-08 21:45:00,13.336,"blue.ruin.2",0.960492845786963,2.92352066772655
15,2021-08-08 21:55:00,13.211,"blue.ruin.2",0.993682588597843,2.82882916024653
15,2021-08-08 22:05:00,12.897,"blue.ruin.2",1.06423562412342,2.74087429873773
15,2021-08-08 22:20:00,13.148,"blue.ruin.2",1.00690376569038,2.77477824267782
15,2021-08-08 22:30:00,13.336,"blue.ruin.2",0.9718793828892,2.76354558204769
15,2021-08-08 22:45:00,13.085,"blue.ruin.2",1.02810539523212,2.75246784818068
15,2021-08-08 22:55:00,13.398,"blue.ruin.2",0.979171668667467,2.69102971188475
15,2021-08-08 23:05:00,13.211,"blue.ruin.2",1.01488862837046,2.71285126025791
15,2021-08-08 23:20:00,13.085,"blue.ruin.2",1.02810539523212,2.70066891468005
15,2021-08-08 23:30:00,13.461,"blue.ruin.2",0.942588011417697,2.6656600640083
15,2021-08-08 23:45:00,13.023,"blue.ruin.2",1.02774151436031,2.65706625326371
15,2021-08-08 23:55:00,12.96,"blue.ruin.2",1.03219178082192,2.65958904109589
15,2021-08-09 00:05:00,12.835,"blue.ruin.2",1.05050432276657,2.60562770172911
15,2021-08-09 00:20:00,13.148,"blue.ruin.2",0.971766561514196,2.63884463722397
15,2021-08-09 00:30:00,13.023,"blue.ruin.2",0.996316614420063,2.66255740595611
15,2021-08-09 00:45:00,13.085,"blue.ruin.2",0.985334346504559,2.66275645896657
15,2021-08-09 00:55:00,13.148,"blue.ruin.2",0.967589576547231,2.62938436482085
15,2021-08-09 01:05:00,12.897,"blue.ruin.2",1.02890879478827,2.63605456026059
15,2021-08-09 01:20:00,12.772,"blue.ruin.2",1.06072555205047,2.62605520504732
15,2021-08-09 01:30:00,13.023,"blue.ruin.2",1.00336065573771,2.63226782786885
15,2021-08-09 01:45:00,12.96,"blue.ruin.2",1.03309037900875,2.61729956268222
15,2021-08-09 01:55:00,13.336,"blue.ruin.2",0.9588,2.589164
15,2021-08-09 02:05:00,13.148,"blue.ruin.2",0.980461538461538,2.57763923076923
15,2021-08-09 02:20:00,13.023,"blue.ruin.2",0.981451612903226,2.60394556451613
15,2021-08-09 02:30:00,12.772,"blue.ruin.2",1.04077490774908,2.57685239852399
15,2021-08-09 02:45:00,12.835,"blue.ruin.2",1.01416349809886,2.58235503802281
15,2021-08-09 02:55:00,12.835,"blue.ruin.2",1.00430528375734,2.53669520547945
15,2021-08-09 03:05:00,12.96,"blue.ruin.2",0.962219959266802,2.55728105906314
15,2021-08-09 03:20:00,12.71,"blue.ruin.2",1.02202505219207,2.55667536534447
15,2021-08-09 03:30:00,12.647,"blue.ruin.2",1.03644646924829,2.54308428246014
15,2021-08-09 03:45:00,13.085,"blue.ruin.2",0.916934709553528,2.55300593549513
15,2021-08-09 03:55:00,13.211,"blue.ruin.2",0.887844036697248,2.55226021684737
15,2021-08-09 04:05:00,12.772,"blue.ruin.2",1.00260960334029,2.53500208768267
15,2021-08-09 04:20:00,13.837,"blue.ruin.2",0.734528815236211,2.55958828952398
15,2021-08-09 04:30:00,13.023,"blue.ruin.2",0.916531165311653,2.51791081547179
15,2021-08-09 04:45:00,12.772,"blue.ruin.2",0.973887587822014,2.53418032786885
15,2021-08-09 04:55:00,12.96,"blue.ruin.2",0.916948310139165,2.52781221760347
15,2021-08-09 05:05:00,12.835,"blue.ruin.2",0.937143208661417,2.51187007874016
15,2021-08-09 05:20:00,12.96,"blue.ruin.2",0.906653992395437,2.54945731075009
15,2021-08-09 05:30:00,12.96,"blue.ruin.2",0.897553324968632,2.57572145545797
15,2021-08-09 05:45:00,13.023,"blue.ruin.2",0.875926402470407,2.55481471950592
15,2021-08-09 05:55:00,13.023,"blue.ruin.2",0.884215376513955,2.61478433625353
15,2021-08-09 06:05:00,12.96,"blue.ruin.2",0.899346840842442,2.56368386612055
15,2021-08-09 06:20:00,12.772,"blue.ruin.2",0.946901331883664,2.55039437594208
15,2021-08-09 06:30:00,12.835,"blue.ruin.2",0.930506155950752,2.53283546822535
15,2021-08-09 06:45:00,12.96,"blue.ruin.2",0.892771084337349,2.57144578313253
15,2021-08-09 06:55:00,12.96,"blue.ruin.2",0.8875,2.58477272727273
15,2021-08-09 07:05:00,12.96,"blue.ruin.2",0.887908496732026,2.67564468211527
15,2021-08-09 07:20:00,12.71,"blue.ruin.2",0.961968085106383,2.73119680851064
15,2021-08-09 07:30:00,12.96,"blue.ruin.2",0.90364238410596,2.80180012040939
15,2021-08-09 07:45:00,13.023,"blue.ruin.2",0.913943941109853,2.9
15,2021-08-09 07:55:00,12.96,"blue.ruin.2",0.90625,2.99681818181818
15,2021-08-09 08:05:00,12.96,"blue.ruin.2",0.914,3.02803636363636
15,2021-08-09 08:20:00,13.023,"blue.ruin.2",0.916637426900585,3.25332748538012
15,2021-08-09 08:30:00,13.023,"blue.ruin.2",0.912543859649123,3.26591387559809
15,2021-08-09 08:45:00,12.772,"blue.ruin.2",0.987606837606837,3.48223076923077
15,2021-08-09 08:55:00,13.085,"blue.ruin.2",0.93013698630137,3.55530510585305
15,2021-08-09 09:05:00,13.085,"blue.ruin.2",0.910993975903614,3.61929079956188
15,2021-08-09 09:20:00,13.085,"blue.ruin.2",0.936042944785276,3.66847741215839
15,2021-08-09 09:30:00,13.085,"blue.ruin.2",0.944631901840491,3.86775515895148
15,2021-08-09 09:45:00,12.96,"blue.ruin.2",0.992016806722689,3.9572268907563
15,2021-08-09 09:55:00,13.211,"blue.ruin.2",0.943302469135802,4.06537261503928
15,2021-08-09 10:05:00,13.148,"blue.ruin.2",0.995727482678984,4.15256351039261
15,2021-08-09 10:20:00,13.148,"blue.ruin.2",1.03289473684211,4.35999671052632
15,2021-08-09 10:30:00,13.336,"blue.ruin.2",0.978571428571429,4.44964285714286
15,2021-08-09 10:45:00,13.336,"blue.ruin.2",1.02943262411348,4.77
15,2021-08-09 10:55:00,13.398,"blue.ruin.2",1.02978021978022,4.88940164835165
15,2021-08-09 11:05:00,13.336,"blue.ruin.2",1.05955414012739,5.02891719745223
15,2021-08-09 11:20:00,13.461,"blue.ruin.2",1.05331412103746,4.89018984149856
15,2021-08-09 11:30:00,13.461,"blue.ruin.2",1.08632911392405,5
15,2021-08-09 11:45:00,13.586,"blue.ruin.2",1.05115273775216,5.31
15,2021-08-09 11:55:00,13.649,"blue.ruin.2",1.05374251497006,5.32248203592814
15,2021-08-09 12:05:00,13.712,"blue.ruin.2",1.02070063694267,5.36
15,2021-08-09 12:20:00,13.837,"blue.ruin.2",1.02320359281437,5.46
15,2021-08-09 12:30:00,13.899,"blue.ruin.2",1.0377802690583,5.39
15,2021-08-09 12:45:00,14.025,"blue.ruin.2",1.00260180995475,5.53
15,2021-08-09 12:55:00,13.899,"blue.ruin.2",1.06185714285714,5.53
15,2021-08-09 13:05:00,13.962,"blue.ruin.2",1.03286713286713,5.59
15,2021-08-09 13:20:00,14.087,"blue.ruin.2",1.03523890784983,5.43
15,2021-08-09 13:30:00,13.962,"blue.ruin.2",1.07491961414791,5.77
15,2021-08-09 13:45:00,14.15,"blue.ruin.2",1.04097035040431,5.23
15,2021-08-09 13:55:00,13.962,"blue.ruin.2",1.07355371900826,5.41
15,2021-08-09 14:05:00,14.087,"blue.ruin.2",1.05267295597484,5.31
15,2021-08-09 14:20:00,14.15,"blue.ruin.2",1.02937365010799,5.22
15,2021-08-09 14:30:00,14.15,"blue.ruin.2",1.02485875706215,5.02
15,2021-08-09 14:45:00,14.087,"blue.ruin.2",1.0258226691042,4.87
15,2021-08-09 14:55:00,14.212,"blue.ruin.2",1.01508313539192,4.86
15,2021-08-09 15:05:00,14.15,"blue.ruin.2",1.01420765027322,4.91
15,2021-08-09 15:20:00,14.087,"blue.ruin.2",1.04505943536404,4.39
15,2021-08-09 15:30:00,14.087,"blue.ruin.2",1.05084683357879,4.8
15,2021-08-09 15:45:00,14.087,"blue.ruin.2",1.04777992277992,4.54
15,2021-08-09 15:55:00,14.025,"blue.ruin.2",1.05159574468085,4.23
15,2021-08-09 16:05:00,14.025,"blue.ruin.2",1.04511434511435,4.32
15,2021-08-09 16:20:00,13.962,"blue.ruin.2",1.05223463687151,3.99
15,2021-08-09 16:30:00,13.962,"blue.ruin.2",1.04973873285434,4.11
15,2021-08-09 16:45:00,14.025,"blue.ruin.2",1.04854315557999,4.16
15,2021-08-09 16:55:00,13.899,"blue.ruin.2",1.05365025466893,4
15,2021-08-09 17:05:00,13.899,"blue.ruin.2",1.0552590266876,3.89
15,2021-08-09 17:20:00,13.899,"blue.ruin.2",1.05706024096386,3.8
15,2021-08-09 17:30:00,13.774,"blue.ruin.2",1.05647439670394,3.81
15,2021-08-09 17:45:00,13.586,"blue.ruin.2",1.07361733931241,3.76
15,2021-08-09 17:55:00,13.712,"blue.ruin.2",1.06248135256092,3.99
15,2021-08-09 18:05:00,13.774,"blue.ruin.2",1.05700729927007,3.67
15,2021-08-09 18:20:00,13.649,"blue.ruin.2",1.06472474612507,3.7
15,2021-08-09 18:30:00,13.712,"blue.ruin.2",1.0501808318264,3.56
15,2021-08-09 18:45:00,13.649,"blue.ruin.2",1.04434523809524,3.43
15,2021-08-09 18:55:00,13.712,"blue.ruin.2",1.0283185840708,3.37
15,2021-08-09 19:05:00,13.649,"blue.ruin.2",1.03475,3.55
15,2021-08-09 19:20:00,13.649,"blue.ruin.2",1.03601752021563,3.48
15,2021-08-09 19:30:00,13.649,"blue.ruin.2",1.03139450867052,3.4
15,2021-08-09 19:45:00,13.586,"blue.ruin.2",1.0314349112426,3.37
15,2021-08-09 19:55:00,13.649,"blue.ruin.2",1.02765580736544,3.24
15,2021-08-09 20:05:00,13.649,"blue.ruin.2",1.02444526627219,3.17
15,2021-08-09 20:20:00,13.586,"blue.ruin.2",1.01811224489796,3.07
15,2021-08-09 20:30:00,13.586,"blue.ruin.2",1.00086206896552,3.15
15,2021-08-09 20:45:00,13.461,"blue.ruin.2",1.00866873065015,3.06
15,2021-08-09 20:55:00,13.398,"blue.ruin.2",1.00795090715048,3.06
15,2021-08-09 21:05:00,13.461,"blue.ruin.2",0.993311036789298,2.98
15,2021-08-09 21:20:00,13.586,"blue.ruin.2",0.948040857334226,2.92484442550082
15,2021-08-09 21:30:00,13.148,"blue.ruin.2",1.01832116788321,2.84
15,2021-08-09 21:45:00,13.023,"blue.ruin.2",1.01959798994975,2.81
15,2021-08-09 21:55:00,13.336,"blue.ruin.2",0.945707715891671,2.80210712128954
15,2021-08-09 22:05:00,13.211,"blue.ruin.2",0.970665634674923,2.77
15,2021-08-09 22:20:00,13.085,"blue.ruin.2",1.01333780160858,2.72
15,2021-08-09 22:30:00,13.085,"blue.ruin.2",1.01095041322314,2.69
15,2021-08-09 22:45:00,13.023,"blue.ruin.2",1.01689189189189,2.66
15,2021-08-09 22:55:00,13.524,"blue.ruin.2",0.930507722350435,2.74450171876765
15,2021-08-09 23:05:00,13.336,"blue.ruin.2",0.942155438532776,2.66182214371791
15,2021-08-09 23:20:00,13.336,"blue.ruin.2",0.936767200754006,2.61718738754177
15,2021-08-09 23:30:00,13.273,"blue.ruin.2",0.940097370983447,2.57384898645658
15,2021-08-09 23:45:00,13.336,"blue.ruin.2",0.935676392572944,2.60609597299252
15,2021-08-09 23:55:00,13.273,"blue.ruin.2",0.939515463917526,2.55944404873477
15,2021-08-10 00:05:00,13.148,"blue.ruin.2",0.947372262773723,2.53836098208361
15,2021-08-10 00:20:00,13.273,"blue.ruin.2",0.928060263653484,2.54906522855675
15,2021-08-10 00:30:00,13.273,"blue.ruin.2",0.925920050761421,2.55392131979695
15,2021-08-10 00:45:00,13.273,"blue.ruin.2",0.916607105318478,2.54860721998204
15,2021-08-10 00:55:00,13.211,"blue.ruin.2",0.918635502210992,2.49953138459771
15,2021-08-10 01:05:00,13.148,"blue.ruin.2",0.922687038988409,2.45859871635214
15,2021-08-10 01:20:00,13.148,"blue.ruin.2",0.915514369012911,2.46702586043694
15,2021-08-10 01:30:00,13.211,"blue.ruin.2",0.911323713927227,2.4393794912741
15,2021-08-10 01:45:00,13.211,"blue.ruin.2",0.90940770196735,2.45528026180601
15,2021-08-10 01:55:00,12.835,"blue.ruin.2",0.944740756481088,2.34061410964726
15,2021-08-10 02:05:00,13.211,"blue.ruin.2",0.904894658437965,2.40624310781791
15,2021-08-10 02:20:00,13.148,"blue.ruin.2",0.905076791808874,2.50779320508843
15,2021-08-10 02:30:00,13.148,"blue.ruin.2",0.903116994022203,2.45449111093859
15,2021-08-10 02:45:00,13.148,"blue.ruin.2",0.90090206185567,2.48339034676664
15,2021-08-10 02:55:00,13.148,"blue.ruin.2",0.898133595284872,2.4914931237721
15,2021-08-10 03:05:00,13.148,"blue.ruin.2",0.894106713317297,2.54353597200962
15,2021-08-10 03:20:00,13.148,"blue.ruin.2",0.896681081081081,2.51811361179361
15,2021-08-10 03:30:00,13.148,"blue.ruin.2",0.895801526717557,2.50266481609993
15,2021-08-10 03:45:00,13.148,"blue.ruin.2",0.896871752234463,2.44448952211787
15,2021-08-10 03:55:00,13.148,"blue.ruin.2",0.843818797629128,2.44861134631668
15,2021-08-10 04:05:00,13.148,"blue.ruin.2",0.849479618386817,2.44569108255145
15,2021-08-10 04:20:00,13.148,"blue.ruin.2",0.860223007286377,2.41938156125173
15,2021-08-10 04:30:00,13.211,"blue.ruin.2",0.857885264341957,2.41349626751202
15,2021-08-10 04:45:00,13.148,"blue.ruin.2",0.875691166554282,2.38918102127138
15,2021-08-10 04:55:00,13.211,"blue.ruin.2",0.857385206966749,2.34883325450844
15,2021-08-10 05:05:00,13.148,"blue.ruin.2",0.867888171084874,2.36836590453432
15,2021-08-10 05:20:00,12.897,"blue.ruin.2",0.912068576584706,2.4093105428296
15,2021-08-10 05:30:00,13.023,"blue.ruin.2",0.894519650655022,2.44227947598253
15,2021-08-10 05:45:00,12.897,"blue.ruin.2",0.888354817566091,2.42138300196635
15,2021-08-10 05:55:00,13.085,"blue.ruin.2",0.847747447847314,2.43160533430174
15,2021-08-10 06:05:00,12.897,"blue.ruin.2",0.886366711772666,2.43892422192152
15,2021-08-10 06:20:00,12.96,"blue.ruin.2",0.877610936799641,2.38290411963653
15,2021-08-10 06:30:00,12.897,"blue.ruin.2",0.891024204392649,2.41895175420725
15,2021-08-10 06:45:00,12.835,"blue.ruin.2",0.907618393960192,2.50541149310539
15,2021-08-10 06:55:00,12.897,"blue.ruin.2",0.897966258377629,2.46892136058995
15,2021-08-10 07:05:00,12.96,"blue.ruin.2",0.879678464029609,2.53301432086304
15,2021-08-10 07:20:00,12.897,"blue.ruin.2",0.893207722726215,2.51374949776904
15,2021-08-10 07:30:00,12.897,"blue.ruin.2",0.90159661892463,2.55080215159342
15,2021-08-10 07:45:00,12.897,"blue.ruin.2",0.931437893264973,2.6797872926421
15,2021-08-10 07:55:00,12.897,"blue.ruin.2",0.939634291142247,2.78753869735109
15,2021-08-10 08:05:00,12.897,"blue.ruin.2",0.943814805883771,2.89551044566719
15,2021-08-10 08:20:00,12.897,"blue.ruin.2",0.943778801843318,3.1121491411814
15,2021-08-10 08:30:00,12.897,"blue.ruin.2",0.945870535714286,3.30022524350649
15,2021-08-10 08:45:00,12.96,"blue.ruin.2",0.958021390374331,3.49
15,2021-08-10 08:55:00,12.96,"blue.ruin.2",0.99225352112676,3.7
15,2021-08-10 09:05:00,12.96,"blue.ruin.2",1.01106870229008,3.82
15,2021-08-10 09:20:00,13.085,"blue.ruin.2",0.995755968169761,3.91
15,2021-08-10 09:30:00,13.148,"blue.ruin.2",0.98739837398374,4.25
15,2021-08-10 09:45:00,13.085,"blue.ruin.2",1.073046875,4.28
15,2021-08-10 09:55:00,13.273,"blue.ruin.2",1.03413865546218,4.47
15,2021-08-10 10:05:00,13.211,"blue.ruin.2",1.05367647058824,4.47
15,2021-08-10 10:20:00,13.273,"blue.ruin.2",1.0796178343949,4.77
15,2021-08-10 10:30:00,13.398,"blue.ruin.2",1.04917864476386,4.92
15,2021-08-10 10:45:00,13.524,"blue.ruin.2",1.05783938814532,4.85
15,2021-08-10 10:55:00,13.586,"blue.ruin.2",1.04653179190751,5
15,2021-08-10 11:05:00,13.649,"blue.ruin.2",1.03945945945946,5.07
15,2021-08-10 11:20:00,13.712,"blue.ruin.2",1.07191235059761,4.88
15,2021-08-10 11:30:00,13.774,"blue.ruin.2",1.07075812274368,4.9
15,2021-08-10 11:45:00,13.774,"blue.ruin.2",1.07361563517915,5.13
15,2021-08-10 11:55:00,13.962,"blue.ruin.2",1.03861386138614,5.21
15,2021-08-10 12:05:00,13.837,"blue.ruin.2",1.0866724738676,5.14
15,2021-08-10 12:20:00,13.837,"blue.ruin.2",1.0866724738676,5.26
15,2021-08-10 12:30:00,13.899,"blue.ruin.2",1.08774900398406,5.25
15,2021-08-10 12:45:00,14.15,"blue.ruin.2",1.02474226804124,5.34
15,2021-08-10 12:55:00,14.15,"blue.ruin.2",1.03277591973244,5.34
15,2021-08-10 13:05:00,13.962,"blue.ruin.2",1.08789625360231,5.32
15,2021-08-10 13:20:00,14.212,"blue.ruin.2",1.04219143576826,5.23
15,2021-08-10 13:30:00,14.275,"blue.ruin.2",1.03518735362998,5.28
15,2021-08-10 13:45:00,14.275,"blue.ruin.2",1.04435483870968,5.19
15,2021-08-10 13:55:00,14.275,"blue.ruin.2",1.05252293577982,5.17
15,2021-08-10 14:05:00,14.275,"blue.ruin.2",1.05458397534669,5.25
15,2021-08-10 14:20:00,14.275,"blue.ruin.2",1.05157393850659,4.77
15,2021-08-10 14:30:00,14.212,"blue.ruin.2",1.05667522464698,4.79
15,2021-08-10 14:45:00,14.212,"blue.ruin.2",1.05069348127601,4.6
15,2021-08-10 14:55:00,14.212,"blue.ruin.2",1.05012738853503,4.4
15,2021-08-10 15:05:00,14.212,"blue.ruin.2",1.04039301310044,4.52
15,2021-08-10 15:20:00,14.087,"blue.ruin.2",1.03984848484848,4.41
15,2021-08-10 15:30:00,13.962,"blue.ruin.2",1.06274944567627,4.32
15,2021-08-10 15:45:00,14.087,"blue.ruin.2",1.04325557809331,4.19
15,2021-08-10 15:55:00,14.025,"blue.ruin.2",1.0536282306163,4.31
15,2021-08-10 16:05:00,14.025,"blue.ruin.2",1.05705128205128,4.17
15,2021-08-10 16:20:00,13.962,"blue.ruin.2",1.06358118361153,4.04
15,2021-08-10 16:30:00,13.899,"blue.ruin.2",1.06201578192253,4.11
15,2021-08-10 16:45:00,13.837,"blue.ruin.2",1.06727886056972,3.94
15,2021-08-10 16:55:00,13.899,"blue.ruin.2",1.07233542319749,3.84
15,2021-08-10 17:05:00,13.899,"blue.ruin.2",1.0714105156724,3.81
15,2021-08-10 17:20:00,13.712,"blue.ruin.2",1.07769135034225,3.88
15,2021-08-10 17:30:00,13.899,"blue.ruin.2",1.0545842217484,4
15,2021-08-10 17:45:00,13.899,"blue.ruin.2",1.06107347576863,3.85
15,2021-08-10 17:55:00,13.774,"blue.ruin.2",1.0968814968815,4.7
15,2021-08-10 18:05:00,13.774,"blue.ruin.2",1.09119373776908,4.08
15,2021-08-10 18:20:00,13.774,"blue.ruin.2",1.08488449949782,3.93
15,2021-08-10 18:30:00,13.774,"blue.ruin.2",1.08510638297872,3.36
15,2021-08-10 18:45:00,13.774,"blue.ruin.2",1.07814881219184,3.79
15,2021-08-10 18:55:00,13.712,"blue.ruin.2",1.08076548025353,3.52
15,2021-08-10 19:05:00,13.712,"blue.ruin.2",1.07820253164557,3.64
15,2021-08-10 19:20:00,13.774,"blue.ruin.2",1.07141142582813,3.63
15,2021-08-10 19:30:00,13.712,"blue.ruin.2",1.07601671309192,3.61
15,2021-08-10 19:45:00,13.649,"blue.ruin.2",1.07742755465175,3.3
15,2021-08-10 19:55:00,13.586,"blue.ruin.2",1.0786582278481,3.4
15,2021-08-10 20:05:00,13.586,"blue.ruin.2",1.08003625064733,3.37
15,2021-08-10 20:20:00,13.649,"blue.ruin.2",1.06991253644315,3.2
15,2021-08-10 20:30:00,13.649,"blue.ruin.2",1.055010814708,3.04
15,2021-08-10 20:45:00,13.649,"blue.ruin.2",1.02632821723731,3.04
15,2021-08-10 20:55:00,13.461,"blue.ruin.2",1.04367346938776,3.08
15,2021-08-10 21:05:00,13.461,"blue.ruin.2",1.01940298507463,2.97
15,2021-08-10 21:20:00,13.461,"blue.ruin.2",0.976216814159292,2.86
15,2021-08-10 21:30:00,13.461,"blue.ruin.2",0.94847850587667,2.78481345413562
15,2021-08-10 21:45:00,13.336,"blue.ruin.2",0.966019417475728,2.71
15,2021-08-10 21:55:00,13.336,"blue.ruin.2",0.951515151515151,2.69
15,2021-08-10 22:05:00,13.273,"blue.ruin.2",0.967625,2.69
15,2021-08-10 22:20:00,13.211,"blue.ruin.2",0.988561320754717,2.62
15,2021-08-10 22:30:00,13.336,"blue.ruin.2",0.945891081037013,2.64
15,2021-08-10 22:45:00,13.273,"blue.ruin.2",0.946073427724728,2.58292708115066
15,2021-08-10 22:55:00,13.148,"blue.ruin.2",0.970689655172414,2.6
15,2021-08-10 23:05:00,13.336,"blue.ruin.2",0.932379293180687,2.62025204760396
15,2021-08-10 23:20:00,13.336,"blue.ruin.2",0.927503800033778,2.5926796763446
15,2021-08-10 23:30:00,13.273,"blue.ruin.2",0.927507676560901,2.64408951335256
15,2021-08-10 23:45:00,13.273,"blue.ruin.2",0.922287159804606,2.56511609465203
15,2021-08-10 23:55:00,13.273,"blue.ruin.2",0.920202378838985,2.61733679776641
15,2021-08-11 00:05:00,13.148,"blue.ruin.2",0.930188176815196,2.58440859867986
15,2021-08-11 00:20:00,12.96,"blue.ruin.2",0.94365862251189,2.55611078194309
15,2021-08-11 00:30:00,12.96,"blue.ruin.2",0.943684210526316,2.52918660287081
15,2021-08-11 00:45:00,13.023,"blue.ruin.2",0.938804801670146,2.54078810020877
15,2021-08-11 00:55:00,12.897,"blue.ruin.2",0.952284263959391,2.55022842639594
15,2021-08-11 01:05:00,12.897,"blue.ruin.2",0.952027027027027,2.53033952702703
15,2021-08-11 01:20:00,13.085,"blue.ruin.2",0.933330321647994,2.56939925091172
15,2021-08-11 01:30:00,12.96,"blue.ruin.2",0.944973003165146,2.5622849985613
15,2021-08-11 01:45:00,12.96,"blue.ruin.2",0.941459479977225,2.54024862402733
15,2021-08-11 01:55:00,12.96,"blue.ruin.2",0.93974358974359,2.52808857808858
15,2021-08-11 02:05:00,13.211,"blue.ruin.2",0.917850953206239,2.54734677800536
15,2021-08-11 02:20:00,12.96,"blue.ruin.2",0.935986765278318,2.53146537386319
15,2021-08-11 02:30:00,12.897,"blue.ruin.2",0.943199214916585,2.51149950932287
15,2021-08-11 02:45:00,12.897,"blue.ruin.2",0.944799270072993,2.4931204379562
15,2021-08-11 02:55:00,12.835,"blue.ruin.2",0.953571428571428,2.4315
15,2021-08-11 03:05:00,12.897,"blue.ruin.2",0.943167028199566,2.44472096233484
15,2021-08-11 03:20:00,12.772,"blue.ruin.2",1.00912408759124,2.46163138686131
15,2021-08-11 03:30:00,12.772,"blue.ruin.2",1.00483870967742,2.46125
15,2021-08-11 03:45:00,12.647,"blue.ruin.2",1.11003184713376,2.5040127388535
15,2021-08-11 03:55:00,12.71,"blue.ruin.2",1.04285714285714,2.47083928571429
15,2021-08-11 04:05:00,12.772,"blue.ruin.2",0.993589743589743,2.47125
15,2021-08-11 04:20:00,12.71,"blue.ruin.2",1.01958762886598,2.44253221649485
15,2021-08-11 04:30:00,12.71,"blue.ruin.2",0.998701298701298,2.45558441558442
15,2021-08-11 04:45:00,12.647,"blue.ruin.2",1.03829113924051,2.47906882911392
15,2021-08-11 04:55:00,12.772,"blue.ruin.2",0.942839779005525,2.41963375188348
15,2021-08-11 05:05:00,12.772,"blue.ruin.2",0.940333878122811,2.43896313119521
15,2021-08-11 05:20:00,12.897,"blue.ruin.2",0.923450336071695,2.45461877927897
15,2021-08-11 05:30:00,12.71,"blue.ruin.2",0.941384026258206,2.44971255221802
15,2021-08-11 05:45:00,12.71,"blue.ruin.2",0.934958979033728,2.45859617137648
15,2021-08-11 05:55:00,12.772,"blue.ruin.2",0.925032258064516,2.45042815249267
15,2021-08-11 06:05:00,12.835,"blue.ruin.2",0.917391304347826,2.46083003952569
15,2021-08-11 06:20:00,12.772,"blue.ruin.2",0.928215592457078,2.44782360617148
15,2021-08-11 06:30:00,12.772,"blue.ruin.2",0.930899190170343,2.44389149805793
15,2021-08-11 06:45:00,12.897,"blue.ruin.2",0.921188340807175,2.43566856909906
15,2021-08-11 06:55:00,12.647,"blue.ruin.2",0.949196018376723,2.42081859947097
15,2021-08-11 07:05:00,12.96,"blue.ruin.2",0.916984592809978,2.46281064496765
15,2021-08-11 07:20:00,12.835,"blue.ruin.2",0.927874432677761,2.54448218952001
15,2021-08-11 07:30:00,12.897,"blue.ruin.2",0.921521792661906,2.56501578205099
15,2021-08-11 07:45:00,12.835,"blue.ruin.2",0.939583333333333,2.65454545454545
15,2021-08-11 07:55:00,12.897,"blue.ruin.2",0.93933284457478,2.76426686217009
15,2021-08-11 08:05:00,12.897,"blue.ruin.2",0.945893958076449,2.89089586369241
15,2021-08-11 08:20:00,12.897,"blue.ruin.2",0.960207100591716,3.17066346153846
15,2021-08-11 08:30:00,12.897,"blue.ruin.2",0.976694915254237,3.39312605932203
15,2021-08-11 08:45:00,12.835,"blue.ruin.2",1.03312807881773,3.49420566502463
15,2021-08-11 08:55:00,12.96,"blue.ruin.2",1.01564551422319,3.65276805251641
15,2021-08-11 09:05:00,13.085,"blue.ruin.2",1.00412371134021,3.64391108247423
15,2021-08-11 09:20:00,13.148,"blue.ruin.2",1.03667601683029,3.78501612903226
15,2021-08-11 09:30:00,13.211,"blue.ruin.2",1.05255434782609,3.87026019021739
15,2021-08-11 09:45:00,13.148,"blue.ruin.2",1.08173431734317,4.00410239852398
15,2021-08-11 09:55:00,13.273,"blue.ruin.2",1.07288062283737,4.10156790657439
15,2021-08-11 10:05:00,13.398,"blue.ruin.2",1.06574803149606,4.15816929133858
15,2021-08-11 10:20:00,13.336,"blue.ruin.2",1.07695346795435,4.34493151887621
15,2021-08-11 10:30:00,13.398,"blue.ruin.2",1.07018927444795,4.42244085173502
15,2021-08-11 10:45:00,13.524,"blue.ruin.2",1.05564784053156,4.62725747508306
15,2021-08-11 10:55:00,13.524,"blue.ruin.2",1.07623883021933,4.58922542648253
15,2021-08-11 11:05:00,13.524,"blue.ruin.2",1.0887072243346,4.5924927756654
15,2021-08-11 11:20:00,13.649,"blue.ruin.2",1.08204667863555,4.66033011669659
15,2021-08-11 11:30:00,13.712,"blue.ruin.2",1.08170731707317,4.81967073170732
15,2021-08-11 11:45:00,13.712,"blue.ruin.2",1.08897882938979,4.86397384806974
15,2021-08-11 11:55:00,13.837,"blue.ruin.2",1.07611402359109,4.90661426933159
15,2021-08-11 12:05:00,13.899,"blue.ruin.2",1.07242489270386,4.95193642703863
15,2021-08-11 12:20:00,13.712,"blue.ruin.2",1.0944976076555,5.02904784688995
15,2021-08-11 12:30:00,13.962,"blue.ruin.2",1.07014446227929,5.09773715890851
15,2021-08-11 12:45:00,13.962,"blue.ruin.2",1.07869158878505,5.05080186915888
15,2021-08-11 12:55:00,13.962,"blue.ruin.2",1.09100642398287,5.14892130620985
15,2021-08-11 13:05:00,13.899,"blue.ruin.2",1.131,4.978685
15,2021-08-11 13:20:00,13.837,"blue.ruin.2",1.25404564315353,4.82776063278008
15,2021-08-11 13:30:00,14.025,"blue.ruin.2",1.14129213483146,4.96979283707865
15,2021-08-11 13:45:00,13.774,"blue.ruin.2",1.40203389830509,4.561
15,2021-08-11 13:55:00,13.837,"blue.ruin.2",1.34568965517241,4.83278232758621
15,2021-08-11 14:05:00,14.025,"blue.ruin.2",1.12295918367347,4.83861224489796
15,2021-08-11 14:20:00,14.025,"blue.ruin.2",1.0766393442623,4.7034375
15,2021-08-11 14:30:00,13.962,"blue.ruin.2",1.05145631067961,4.72252669902913
15,2021-08-11 14:45:00,13.586,"blue.ruin.2",1.27333333333333,4.31735833333333
15,2021-08-11 14:55:00,13.524,"blue.ruin.2",1.34022556390978,4.19245864661654
15,2021-08-11 15:05:00,13.524,"blue.ruin.2",1.38491124260355,4.066
15,2021-08-11 15:20:00,13.461,"blue.ruin.2",1.49575098814229,4.035
15,2021-08-11 15:30:00,13.461,"blue.ruin.2",1.53161478599222,4.007
15,2021-08-11 15:45:00,13.461,"blue.ruin.2",1.51382352941176,3.854
15,2021-08-11 15:55:00,13.899,"blue.ruin.2",1.07598522167488,4.17818811576355
15,2021-08-11 16:05:00,13.837,"blue.ruin.2",1.09205882352941,4.07670808823529
15,2021-08-11 16:20:00,13.899,"blue.ruin.2",1.05833333333333,4.0444375
15,2021-08-11 16:30:00,13.837,"blue.ruin.2",1.06851535836178,3.92889078498294
15,2021-08-11 16:45:00,13.712,"blue.ruin.2",1.0789156626506,3.8503765060241
15,2021-08-11 16:55:00,13.712,"blue.ruin.2",1.06658767772512,3.83170616113744
15,2021-08-11 17:05:00,13.837,"blue.ruin.2",1.01443661971831,3.81874823943662
15,2021-08-11 17:20:00,13.899,"blue.ruin.2",0.977995391705069,3.78852188940092
15,2021-08-11 17:30:00,13.837,"blue.ruin.2",0.986961722488038,3.75865460526316
15,2021-08-11 17:45:00,13.774,"blue.ruin.2",0.99441340782123,3.6846843575419
15,2021-08-11 17:55:00,13.712,"blue.ruin.2",1.02039106145251,3.61741340782123
15,2021-08-11 18:05:00,13.586,"blue.ruin.2",1.0562015503876,3.55274031007752
15,2021-08-11 18:20:00,13.649,"blue.ruin.2",1.0104,3.541763
15,2021-08-11 18:30:00,13.461,"blue.ruin.2",1.07625329815303,3.4357110817942
15,2021-08-11 18:45:00,13.774,"blue.ruin.2",0.945862326043738,3.65302051328393
15,2021-08-11 18:55:00,13.774,"blue.ruin.2",0.9423370186809,3.45179807992236
15,2021-08-11 19:05:00,13.899,"blue.ruin.2",0.930457340507302,3.51126650828034
15,2021-08-11 19:20:00,13.837,"blue.ruin.2",0.928721762312333,3.4163323851678
15,2021-08-11 19:30:00,13.899,"blue.ruin.2",0.921832984762474,3.47929869353831
15,2021-08-11 19:45:00,13.899,"blue.ruin.2",0.916055118110236,3.43688876163207
15,2021-08-11 19:55:00,13.899,"blue.ruin.2",0.913174077578051,3.38993850520341
15,2021-08-11 20:05:00,13.837,"blue.ruin.2",0.914426594560204,3.29094957849531
15,2021-08-11 20:20:00,13.774,"blue.ruin.2",0.916535927204267,3.22100065607439
15,2021-08-11 20:30:00,13.649,"blue.ruin.2",0.924030340944636,3.14829684078824
15,2021-08-11 20:45:00,13.649,"blue.ruin.2",0.921710728558254,3.04029832602074
15,2021-08-11 20:55:00,13.712,"blue.ruin.2",0.914931506849315,3.03091158156912
15,2021-08-11 21:05:00,13.586,"blue.ruin.2",0.922276176024279,2.93240750448338
15,2021-08-11 21:20:00,13.649,"blue.ruin.2",0.915466101694915,2.86253081664099
15,2021-08-11 21:30:00,13.774,"blue.ruin.2",0.902874299439552,2.86021646408036
15,2021-08-11 21:45:00,14.526,"blue.ruin.2",0.842818316587053,3.02754660756802
15,2021-08-11 21:55:00,13.336,"blue.ruin.2",0.930873318944048,2.67094259882571
15,2021-08-11 22:05:00,13.273,"blue.ruin.2",0.933690658499234,2.58434776555757
15,2021-08-11 22:20:00,14.15,"blue.ruin.2",0.862475906781146,2.83826942988674
15,2021-08-11 22:30:00,13.336,"blue.ruin.2",0.922903225806452,2.60375366568915
15,2021-08-11 22:45:00,13.148,"blue.ruin.2",0.937478849407783,2.54621442854945
15,2021-08-11 22:55:00,13.211,"blue.ruin.2",0.930177345537757,2.54523455377574
15,2021-08-11 23:05:00,15.089,"blue.ruin.2",0.761147250147842,3.11896672221924
15,2021-08-11 23:20:00,13.336,"blue.ruin.2",0.911607875307629,2.58053322395406
15,2021-08-11 23:30:00,13.211,"blue.ruin.2",0.922741465445462,2.5331746272046
15,2021-08-11 23:45:00,13.023,"blue.ruin.2",0.938055675442382,2.46127241338722
15,2021-08-11 23:55:00,13.023,"blue.ruin.2",0.935734870317003,2.45838616714697
15,2021-08-12 00:05:00,12.96,"blue.ruin.2",0.937881508078995,2.46062673412763
15,2021-08-12 00:20:00,13.085,"blue.ruin.2",0.925124097472924,2.47784337052839
15,2021-08-12 00:30:00,12.96,"blue.ruin.2",0.937815884476534,2.42724811289793
15,2021-08-12 00:45:00,14.15,"blue.ruin.2",0.822388059701493,2.67538670284939
15,2021-08-12 00:55:00,12.96,"blue.ruin.2",0.936703250316589,2.4187693311332
15,2021-08-12 01:05:00,12.96,"blue.ruin.2",0.936703250316589,2.39949460838866
15,2021-08-12 01:20:00,12.897,"blue.ruin.2",0.940915712799168,2.38982026298363
15,2021-08-12 01:30:00,13.023,"blue.ruin.2",0.926998317206563,2.43353118904654
15,2021-08-12 01:45:00,12.835,"blue.ruin.2",0.942858654253068,2.39506174739353
15,2021-08-12 01:55:00,12.772,"blue.ruin.2",0.956060606060605,2.36280303030303
15,2021-08-12 02:05:00,13.023,"blue.ruin.2",0.91903453689168,2.41136791779649
15,2021-08-12 02:20:00,12.897,"blue.ruin.2",0.927275320970043,2.39916794190118
15,2021-08-12 02:30:00,12.897,"blue.ruin.2",0.924326672458731,2.40321380617645
15,2021-08-12 02:45:00,12.71,"blue.ruin.2",0.946217427850938,2.35625843755572
15,2021-08-12 02:55:00,12.897,"blue.ruin.2",0.924022346368715,2.40203656678517
15,2021-08-12 03:05:00,12.772,"blue.ruin.2",0.939390056381343,2.35446810493453
15,2021-08-12 03:20:00,12.71,"blue.ruin.2",0.948932384341637,2.34139760595277
15,2021-08-12 03:30:00,12.897,"blue.ruin.2",0.927816901408451,2.36016645326504
15,2021-08-12 03:45:00,12.96,"blue.ruin.2",0.923725578261846,2.35197497090827
15,2021-08-12 03:55:00,12.897,"blue.ruin.2",0.928169014084507,2.36937259923175
15,2021-08-12 04:05:00,12.584,"blue.ruin.2",1.0072864321608,2.36262814070352
15,2021-08-12 04:20:00,12.897,"blue.ruin.2",0.92651398370403,2.36135092390543
15,2021-08-12 04:30:00,12.647,"blue.ruin.2",0.959798994974874,2.35289070351759
15,2021-08-12 04:45:00,12.772,"blue.ruin.2",0.940744466800805,2.32740442655936
15,2021-08-12 04:55:00,12.772,"blue.ruin.2",0.93878255063432,2.34978977399187
15,2021-08-12 05:05:00,12.772,"blue.ruin.2",0.9369076482257,2.33833149658365
15,2021-08-12 05:20:00,12.897,"blue.ruin.2",0.92278978388998,2.35781032327201
15,2021-08-12 05:30:00,12.96,"blue.ruin.2",0.917582170193606,2.35359665998117
15,2021-08-12 05:45:00,12.71,"blue.ruin.2",0.943020163970751,2.33609149326189
15,2021-08-12 05:55:00,12.835,"blue.ruin.2",0.929473684210526,2.32791387559809
15,2021-08-12 06:05:00,13.023,"blue.ruin.2",0.90529948237614,2.34600757389025
15,2021-08-12 06:20:00,12.71,"blue.ruin.2",0.936693548387097,2.35209677419355
15,2021-08-12 06:30:00,13.023,"blue.ruin.2",0.897139683421272,2.38132715659791
15,2021-08-12 06:45:00,13.023,"blue.ruin.2",0.90066648531012,2.39471535265605
15,2021-08-12 06:55:00,12.71,"blue.ruin.2",0.939395129615082,2.3698336070842
15,2021-08-12 07:05:00,12.835,"blue.ruin.2",0.929161153744377,2.40629218889076
15,2021-08-12 07:20:00,12.835,"blue.ruin.2",0.929027962716378,2.45220191260138
15,2021-08-12 07:30:00,13.023,"blue.ruin.2",0.905557155197236,2.50181739653954
15,2021-08-12 07:45:00,13.085,"blue.ruin.2",0.904251386321626,2.61663585951941
15,2021-08-12 07:55:00,12.897,"blue.ruin.2",0.929116413214473,2.7002519426038
15,2021-08-12 08:05:00,13.023,"blue.ruin.2",0.910874831763122,2.8635159672091
15,2021-08-12 08:20:00,13.085,"blue.ruin.2",0.907489047097481,2.96463755849846
15,2021-08-12 08:30:00,13.085,"blue.ruin.2",0.909080126515551,3.09223199309915
15,2021-08-12 08:45:00,12.897,"blue.ruin.2",0.93406976744186,3.2373932346723
15,2021-08-12 08:55:00,13.148,"blue.ruin.2",0.911996161228407,3.31309021113244
15,2021-08-12 09:05:00,13.023,"blue.ruin.2",0.935255727224294,3.4765149900712
15,2021-08-12 09:20:00,12.96,"blue.ruin.2",0.976315789473684,3.56585526315789
15,2021-08-12 09:30:00,13.148,"blue.ruin.2",0.937761269201712,3.66710720908404
15,2021-08-12 09:45:00,13.273,"blue.ruin.2",0.918028685790527,3.87372369458427
15,2021-08-12 09:55:00,13.211,"blue.ruin.2",0.917255319148936,3.93106963249516
15,2021-08-12 10:05:00,13.336,"blue.ruin.2",0.851307847082495,4.13360709712822
15,2021-08-12 10:20:00,13.336,"blue.ruin.2",0.892903225806451,4.26678005865103
15,2021-08-12 10:30:00,13.398,"blue.ruin.2",0.904331112250128,4.35931317273193
15,2021-08-12 10:45:00,13.398,"blue.ruin.2",0.918838028169014,4.5020390524968
15,2021-08-12 10:55:00,13.461,"blue.ruin.2",0.910736386138614,4.61431143114311
15,2021-08-12 11:05:00,13.398,"blue.ruin.2",0.92890625,4.78085227272727
15,2021-08-12 11:20:00,13.524,"blue.ruin.2",0.905218446601942,4.80951897616946
15,2021-08-12 11:30:00,13.586,"blue.ruin.2",0.893058968058968,4.87924726379272
15,2021-08-12 11:45:00,13.586,"blue.ruin.2",0.912983151635282,4.94019551310929
15,2021-08-12 11:55:00,13.586,"blue.ruin.2",0.928606317160534,5.05705041295403
15,2021-08-12 12:05:00,13.586,"blue.ruin.2",0.934646628757108,5.15822612805554
15,2021-08-12 12:20:00,13.649,"blue.ruin.2",0.934920948616601,5.15806683435142
15,2021-08-12 12:30:00,13.774,"blue.ruin.2",0.922564102564103,5.21406060606061
15,2021-08-12 12:45:00,13.712,"blue.ruin.2",0.931893860561915,5.21958944281525
15,2021-08-12 12:55:00,13.837,"blue.ruin.2",0.935209027567404,5.17166327008345
15,2021-08-12 13:05:00,13.774,"blue.ruin.2",0.943804013475904,5.23225308600876
15,2021-08-12 13:20:00,13.837,"blue.ruin.2",0.943914680050188,5.20690201893464
15,2021-08-12 13:30:00,13.899,"blue.ruin.2",0.941564396493594,5.23417176485012
15,2021-08-12 13:45:00,13.962,"blue.ruin.2",0.936941176470588,5.23757005347594
15,2021-08-12 13:55:00,14.025,"blue.ruin.2",0.935867196513267,5.24850112456445
15,2021-08-12 14:05:00,14.025,"blue.ruin.2",0.935994664634146,5.17368174889135
15,2021-08-12 14:20:00,14.087,"blue.ruin.2",0.932082408435072,5.16974447583493
15,2021-08-12 14:30:00,14.15,"blue.ruin.2",0.922735333234816,5.23502505474428
15,2021-08-12 14:45:00,14.212,"blue.ruin.2",0.906774697383834,5.03078591459302
15,2021-08-12 14:55:00,14.275,"blue.ruin.2",0.899361313868613,4.93936131386861
15,2021-08-12 15:05:00,14.275,"blue.ruin.2",0.902509755232352,4.94791157405914
15,2021-08-12 15:20:00,14.338,"blue.ruin.2",0.902989214175655,4.9540168090769
15,2021-08-12 15:30:00,14.275,"blue.ruin.2",1.06311681070532,4.74847156398104
15,2021-08-12 15:45:00,14.275,"blue.ruin.2",0.921789313334896,4.89872754969427
15,2021-08-12 15:55:00,14.15,"blue.ruin.2",1.07250583917251,4.55140594761428
15,2021-08-12 16:05:00,14.212,"blue.ruin.2",1.06658843609985,4.40469284723704
15,2021-08-12 16:20:00,14.15,"blue.ruin.2",0.924936948297604,4.62610053880546
15,2021-08-12 16:30:00,14.212,"blue.ruin.2",0.922353673723537,4.58119438469376
15,2021-08-12 16:45:00,14.212,"blue.ruin.2",0.920012652889076,4.57612016410414
15,2021-08-12 16:55:00,14.212,"blue.ruin.2",0.919471876341778,4.37875522073461
15,2021-08-12 17:05:00,14.15,"blue.ruin.2",0.923253336323876,4.19719901719902
15,2021-08-12 17:20:00,14.15,"blue.ruin.2",0.919675778766688,4.12523204068659
15,2021-08-12 17:30:00,14.212,"blue.ruin.2",0.916100443131462,4.1289566268296
15,2021-08-12 17:45:00,14.212,"blue.ruin.2",0.909306518723994,4.04508636994074
15,2021-08-12 17:55:00,14.15,"blue.ruin.2",0.913176144244105,4.04971630311436
15,2021-08-12 18:05:00,14.212,"blue.ruin.2",0.908199173671463,3.97856234376821
15,2021-08-12 18:20:00,14.15,"blue.ruin.2",0.912402410628681,3.88296858462726
15,2021-08-12 18:30:00,14.15,"blue.ruin.2",0.911289041821069,3.8780980797921
15,2021-08-12 18:45:00,14.15,"blue.ruin.2",0.911176925057945,3.777057336174
15,2021-08-12 18:55:00,14.15,"blue.ruin.2",0.909878537278718,3.72829740746397
15,2021-08-12 19:05:00,14.087,"blue.ruin.2",0.912124365812411,3.67527549463675
15,2021-08-12 19:20:00,14.087,"blue.ruin.2",0.916279069767442,3.59186046511628
15,2021-08-12 19:30:00,14.15,"blue.ruin.2",0.916125954198473,3.55154233171409
15,2021-08-12 19:45:00,14.15,"blue.ruin.2",0.922497745716862,3.40351422247725
15,2021-08-12 19:55:00,14.087,"blue.ruin.2",0.928122192273136,3.25728906313812
15,2021-08-12 20:05:00,14.212,"blue.ruin.2",0.921038696537678,3.3200914645436
15,2021-08-12 20:20:00,14.087,"blue.ruin.2",0.921552012487457,3.22913621666548
15,2021-08-12 20:30:00,14.087,"blue.ruin.2",0.913983916262446,3.21907071738575
15,2021-08-12 20:45:00,14.087,"blue.ruin.2",0.884626770987524,3.19722966608355
15,2021-08-12 20:55:00,13.962,"blue.ruin.2",0.86991766941102,3.17994472911509
15,2021-08-12 21:05:00,13.962,"blue.ruin.2",0.835932055749129,3.09717136522015
15,2021-08-12 21:20:00,13.899,"blue.ruin.2",0.800646551724138,2.94280172413793
15,2021-08-12 21:30:00,13.837,"blue.ruin.2",0.786519421172886,2.72
15,2021-08-12 21:45:00,13.837,"blue.ruin.2",0.760257380772142,2.67724932902071
15,2021-08-12 21:55:00,13.712,"blue.ruin.2",0.777704280155642,2.66506119561372
15,2021-08-12 22:05:00,13.649,"blue.ruin.2",0.820996332518338,2.63049177595021
15,2021-08-12 22:20:00,13.649,"blue.ruin.2",0.854980769230769,2.57936958041958
15,2021-08-12 22:30:00,13.649,"blue.ruin.2",0.866627393225331,2.56972981657518
15,2021-08-12 22:45:00,14.087,"blue.ruin.2",0.8312952079566,2.62755363307578
15,2021-08-12 22:55:00,13.524,"blue.ruin.2",0.894257588187039,2.53743083003953
15,2021-08-12 23:05:00,13.524,"blue.ruin.2",0.889465153970827,2.57959186680418
15,2021-08-12 23:20:00,13.461,"blue.ruin.2",0.893640093786635,2.54575828626239
15,2021-08-12 23:30:00,13.461,"blue.ruin.2",0.894674321916452,2.46349147783517
15,2021-08-12 23:45:00,13.461,"blue.ruin.2",0.886523687580026,2.47078803398906
15,2021-08-12 23:55:00,13.461,"blue.ruin.2",0.879160887656033,2.49076661202875
15,2021-08-12 23:55:00,13.461,"blue.ruin.2",0.879160887656033,2.49076661202875
15,2021-08-12 23:55:00,13.336,"blue.ruin.2",0.892163661581137,2.47043500189131
15,2021-08-12 23:55:00,13.398,"blue.ruin.2",0.885714285714286,2.48051948051948
15,2021-08-12 23:55:00,13.398,"blue.ruin.2",0.885714285714286,2.48051948051948
15,2021-08-12 23:55:00,13.398,"blue.ruin.2",0.885714285714286,2.48051948051948
15,2021-08-12 23:55:00,13.398,"blue.ruin.2",0.885714285714286,2.48051948051948
15,2021-08-12 23:55:00,13.398,"blue.ruin.2",0.885714285714286,2.48051948051948
15,2021-08-12 23:55:00,15.026,"blue.ruin.2",0.716366158113731,2.74531837094944
15,2021-08-12 23:55:00,13.336,"blue.ruin.2",0.892163661581137,2.47043500189131
15,2021-08-12 23:55:00,13.336,"blue.ruin.2",0.892163661581137,2.47043500189131
15,2021-08-12 23:55:00,13.273,"blue.ruin.2",0.89871705963939,2.46018787038205
15,2021-08-12 23:55:00,13.273,"blue.ruin.2",0.89871705963939,2.46018787038205
15,2021-08-12 23:55:00,13.211,"blue.ruin.2",0.905166435506241,2.45010339175388
15,2021-08-12 23:55:00,13.211,"blue.ruin.2",0.905166435506241,2.45010339175388
15,2021-08-12 23:55:00,13.273,"blue.ruin.2",0.89871705963939,2.46018787038205
15,2021-08-12 23:55:00,13.211,"blue.ruin.2",0.905166435506241,2.45010339175388
15,2021-08-12 23:55:00,13.211,"blue.ruin.2",0.905166435506241,2.45010339175388
15,2021-08-12 23:55:00,13.273,"blue.ruin.2",0.89871705963939,2.46018787038205
15,2021-08-12 23:55:00,13.273,"blue.ruin.2",0.89871705963939,2.46018787038205
15,2021-08-12 23:55:00,13.148,"blue.ruin.2",0.911719833564494,2.43985626024461
15,2021-08-12 23:55:00,13.461,"blue.ruin.2",0.879160887656033,2.49076661202875
15,2021-08-12 23:55:00,13.211,"blue.ruin.2",0.905166435506241,2.45010339175388
15,2021-08-12 23:55:00,13.336,"blue.ruin.2",0.892163661581137,2.47043500189131
15,2021-08-12 23:55:00,13.211,"blue.ruin.2",0.905166435506241,2.45010339175388
15,2021-08-12 23:55:00,13.211,"blue.ruin.2",0.905166435506241,2.45010339175388
15,2021-08-12 23:55:00,13.211,"blue.ruin.2",0.905166435506241,2.45010339175388
15,2021-08-12 23:55:00,13.211,"blue.ruin.2",0.905166435506241,2.45010339175388
15,2021-08-12 23:55:00,13.211,"blue.ruin.2",0.905166435506241,2.45010339175388
15,2021-08-12 23:55:00,13.211,"blue.ruin.2",0.905166435506241,2.45010339175388
15,2021-08-12 23:55:00,13.211,"blue.ruin.2",0.905166435506241,2.45010339175388
15,2021-08-12 23:55:00,13.211,"blue.ruin.2",0.905166435506241,2.45010339175388
15,2021-08-12 23:55:00,13.148,"blue.ruin.2",0.911719833564494,2.43985626024461
15,2021-08-12 23:55:00,13.273,"blue.ruin.2",0.89871705963939,2.46018787038205
15,2021-08-12 23:55:00,13.211,"blue.ruin.2",0.905166435506241,2.45010339175388
15,2021-08-12 23:55:00,13.211,"blue.ruin.2",0.905166435506241,2.45010339175388
15,2021-08-12 23:55:00,13.148,"blue.ruin.2",0.911719833564494,2.43985626024461
15,2021-08-12 23:55:00,13.211,"blue.ruin.2",0.905166435506241,2.45010339175388
15,2021-08-12 23:55:00,13.211,"blue.ruin.2",0.905166435506241,2.45010339175388
15,2021-08-12 23:55:00,13.211,"blue.ruin.2",0.905166435506241,2.45010339175388
15,2021-08-12 23:55:00,13.211,"blue.ruin.2",0.905166435506241,2.45010339175388
15,2021-08-12 23:55:00,13.273,"blue.ruin.2",0.89871705963939,2.46018787038205
15,2021-08-12 23:55:00,13.211,"blue.ruin.2",0.905166435506241,2.45010339175388
15,2021-08-12 23:55:00,13.273,"blue.ruin.2",0.89871705963939,2.46018787038205
15,2021-08-12 23:55:00,13.273,"blue.ruin.2",0.89871705963939,2.46018787038205
15,2021-08-12 23:55:00,13.273,"blue.ruin.2",0.89871705963939,2.46018787038205
15,2021-08-12 23:55:00,13.273,"blue.ruin.2",0.89871705963939,2.46018787038205
15,2021-08-12 23:55:00,13.336,"blue.ruin.2",0.892163661581137,2.47043500189131
15,2021-08-12 23:55:00,13.398,"blue.ruin.2",0.885714285714286,2.48051948051948
15,2021-08-12 23:55:00,13.273,"blue.ruin.2",0.89871705963939,2.46018787038205
15,2021-08-12 23:55:00,13.398,"blue.ruin.2",0.885714285714286,2.48051948051948
15,2021-08-12 23:55:00,13.398,"blue.ruin.2",0.885714285714286,2.48051948051948
15,2021-08-12 23:55:00,13.398,"blue.ruin.2",0.885714285714286,2.48051948051948
15,2021-08-12 23:55:00,13.398,"blue.ruin.2",0.885714285714286,2.48051948051948
15,2021-08-12 23:55:00,13.398,"blue.ruin.2",0.885714285714286,2.48051948051948
15,2021-08-12 23:55:00,13.461,"blue.ruin.2",0.879160887656033,2.49076661202875
15,2021-08-12 23:55:00,13.524,"blue.ruin.2",0.872607489597781,2.50101374353802
15,2021-08-12 23:55:00,13.524,"blue.ruin.2",0.872607489597781,2.50101374353802
15,2021-08-12 23:55:00,13.524,"blue.ruin.2",0.872607489597781,2.50101374353802
15,2021-08-12 23:55:00,13.586,"blue.ruin.2",0.866158113730929,2.51109822216618
15,2021-08-12 23:55:00,13.586,"blue.ruin.2",0.866158113730929,2.51109822216618
