ibutton,date.time,time,hour,ibutton.temp,site,fish.depth,dissolved.oxygen
5,7/25/2021 12:05,12:05,12,13.188,blue.ruin.2,1.543258427,5.012
5,7/25/2021 12:20,12:20,12,12.75,blue.ruin.2,1.6,NA
5,7/25/2021 12:30,12:30,12,13.062,blue.ruin.2,1.6,NA
5,7/25/2021 12:40,12:40,12,13.062,blue.ruin.2,1.6,5.072
5,7/25/2021 12:55,12:55,12,12.812,blue.ruin.2,1.6,NA
5,7/25/2021 13:05,13:05,13,13,blue.ruin.2,1.6,5.141
5,7/25/2021 13:20,13:20,13,13.062,blue.ruin.2,1.6,5.107
5,7/25/2021 13:30,13:30,13,12.812,blue.ruin.2,1.6,5.04
5,7/25/2021 13:40,13:40,13,13.188,blue.ruin.2,1.6,4.867
5,7/25/2021 13:55,13:55,13,13.125,blue.ruin.2,1.6,4.892
5,7/25/2021 14:05,14:05,14,13.062,blue.ruin.2,1.6,4.791
5,7/25/2021 14:20,14:20,14,13,blue.ruin.2,1.6,4.959
5,7/25/2021 14:30,14:30,14,13,blue.ruin.2,1.6,4.654
5,7/25/2021 14:40,14:40,14,13,blue.ruin.2,1.6,4.636
5,7/25/2021 14:55,14:55,14,13,blue.ruin.2,1.6,4.769
5,7/25/2021 15:05,15:05,15,13.062,blue.ruin.2,1.6,4.683
5,7/25/2021 15:20,15:20,15,12.938,blue.ruin.2,1.6,4.49
5,7/25/2021 15:30,15:30,15,12.875,blue.ruin.2,1.6,4.67
5,7/25/2021 15:40,15:40,15,12.812,blue.ruin.2,1.6,4.36
5,7/25/2021 15:55,15:55,15,13,blue.ruin.2,1.6,4.477
5,7/25/2021 16:05,16:05,16,12.938,blue.ruin.2,1.6,4.325
5,7/25/2021 16:20,16:20,16,12.812,blue.ruin.2,1.6,4.478
5,7/25/2021 16:30,16:30,16,12.812,blue.ruin.2,1.6,4.234
5,7/25/2021 16:40,16:40,16,12.812,blue.ruin.2,1.6,4.14
5,7/25/2021 16:55,16:55,16,12.75,blue.ruin.2,1.6,4.183
5,7/25/2021 17:05,17:05,17,12.75,blue.ruin.2,1.6,4.104
5,7/25/2021 17:20,17:20,17,12.688,blue.ruin.2,1.6,4.067
5,7/25/2021 17:30,17:30,17,12.75,blue.ruin.2,1.6,3.92
5,7/25/2021 17:40,17:40,17,12.812,blue.ruin.2,1.6,3.947
5,7/25/2021 17:55,17:55,17,12.75,blue.ruin.2,1.6,3.748
5,7/25/2021 18:05,18:05,18,12.688,blue.ruin.2,1.6,3.742
5,7/25/2021 18:20,18:20,18,12.75,blue.ruin.2,1.6,3.663
5,7/25/2021 18:30,18:30,18,13,blue.ruin.2,1.53773842,3.611
5,7/25/2021 18:40,18:40,18,12.688,blue.ruin.2,1.6,3.611
5,7/25/2021 18:55,18:55,18,12.75,blue.ruin.2,1.6,3.536
5,7/25/2021 19:05,19:05,19,12.75,blue.ruin.2,1.6,3.517
5,7/25/2021 19:20,19:20,19,12.75,blue.ruin.2,1.6,3.441
5,7/25/2021 19:30,19:30,19,12.688,blue.ruin.2,1.6,3.409
5,7/25/2021 19:40,19:40,19,12.812,blue.ruin.2,1.527674419,3.44
5,7/25/2021 19:55,19:55,19,12.688,blue.ruin.2,1.6,3.385
5,7/25/2021 20:05,20:05,20,12.688,blue.ruin.2,1.544835007,3.378
5,7/25/2021 20:20,20:20,20,12.938,blue.ruin.2,1.348345865,3.34802594
5,7/25/2021 20:30,20:30,20,12.938,blue.ruin.2,1.30971564,3.487934834
5,7/25/2021 20:40,20:40,20,13.438,blue.ruin.2,1.094117084,4.437958389
5,7/25/2021 20:55,20:55,20,13.125,blue.ruin.2,1.109045226,4.211552764
5,7/25/2021 21:05,21:05,21,13.25,blue.ruin.2,1.098130393,4.150065916
5,7/25/2021 21:20,21:20,21,13.625,blue.ruin.2,1.087295476,4.372216434
5,7/25/2021 21:30,21:30,21,14.312,blue.ruin.2,1.06707887,3.935739825
5,7/25/2021 21:40,21:40,21,12.688,blue.ruin.2,1.422297297,3.201
5,7/25/2021 21:55,21:55,21,16.062,blue.ruin.2,0.974454744,2.988987118
5,7/25/2021 22:05,22:05,22,12.375,blue.ruin.2,1.6,3.16
5,7/25/2021 22:20,22:20,22,16.375,blue.ruin.2,0.772445019,4.253591674
5,7/25/2021 22:30,22:30,22,12.812,blue.ruin.2,1.092789598,2.858153664
5,7/25/2021 22:40,22:40,22,13.375,blue.ruin.2,1.02209389,2.788302906
5,7/25/2021 22:55,22:55,22,13.875,blue.ruin.2,1.003247111,2.902896258
5,7/25/2021 23:05,23:05,23,12.25,blue.ruin.2,1.6,3.037
5,7/25/2021 23:20,23:20,23,13.75,blue.ruin.2,1.03279846,2.684183248
5,7/25/2021 23:30,23:30,23,14.375,blue.ruin.2,0.99223116,2.465563876
5,7/25/2021 23:40,23:40,23,14.625,blue.ruin.2,0.956897386,2.598173403
5,7/25/2021 23:55,23:55,23,14.375,blue.ruin.2,0.967343268,2.791750064
5,7/26/2021 0:05,0:05,0,14.125,blue.ruin.2,0.971273386,2.757550543
5,7/26/2021 0:20,0:20,0,13.812,blue.ruin.2,0.975584594,2.639678129
5,7/26/2021 0:30,0:30,0,14.438,blue.ruin.2,0.892848871,3.063554772
5,7/26/2021 0:40,0:40,0,14.5,blue.ruin.2,0.874513915,2.995661456
5,7/26/2021 0:55,0:55,0,14.75,blue.ruin.2,0.836108468,3.132589741
5,7/26/2021 1:05,1:05,1,13.938,blue.ruin.2,0.898180243,2.62982669
5,7/26/2021 1:20,1:20,1,14.312,blue.ruin.2,0.854951644,2.913513628
5,7/26/2021 1:30,1:30,1,14.062,blue.ruin.2,0.874577095,2.566713803
5,7/26/2021 1:40,1:40,1,14.312,blue.ruin.2,0.85814901,2.857625146
5,7/26/2021 1:55,1:55,1,14.75,blue.ruin.2,0.841796322,2.880855086
5,7/26/2021 2:05,2:05,2,13.938,blue.ruin.2,0.944446809,2.348977563
5,7/26/2021 2:20,2:20,2,14.875,blue.ruin.2,0.904550731,2.593030796
5,7/26/2021 2:30,2:30,2,13.688,blue.ruin.2,1.022806635,2.450880838
5,7/26/2021 2:40,2:40,2,14.938,blue.ruin.2,0.919209943,2.338428837
5,7/26/2021 2:55,2:55,2,15.062,blue.ruin.2,0.828745169,2.819818554
5,7/26/2021 3:05,3:05,3,14.5,blue.ruin.2,0.882369299,2.674790171
5,7/26/2021 3:20,3:20,3,15.312,blue.ruin.2,0.688248239,3.386948624
5,7/26/2021 3:30,3:30,3,14.875,blue.ruin.2,0.819323144,2.989730052
5,7/26/2021 3:40,3:40,3,16.625,blue.ruin.2,0.451682033,4.461056113
5,7/26/2021 3:55,3:55,3,15.75,blue.ruin.2,0.953242742,2.365245136
5,7/26/2021 4:05,4:05,4,15.25,blue.ruin.2,0.990864062,2.518628233
5,7/26/2021 4:20,4:20,4,14.938,blue.ruin.2,1.009984235,2.646582501
5,7/26/2021 4:30,4:30,4,15.375,blue.ruin.2,0.986330049,2.423768473
5,7/26/2021 4:40,4:40,4,14.312,blue.ruin.2,1.032193959,2.524249603
5,7/26/2021 4:55,4:55,4,13.25,blue.ruin.2,1.072352604,2.691011377
5,7/26/2021 5:05,5:05,5,13.562,blue.ruin.2,1.061154658,2.710598885
5,7/26/2021 5:20,5:20,5,13.375,blue.ruin.2,1.065589198,2.753513196
5,7/26/2021 5:30,5:30,5,15,blue.ruin.2,0.999859155,2.735773944
5,7/26/2021 5:40,5:40,5,13.688,blue.ruin.2,1.054074703,2.883156621
5,7/26/2021 5:55,5:55,5,13,blue.ruin.2,1.083044889,2.950354246
5,7/26/2021 6:05,6:05,6,13.062,blue.ruin.2,1.079355543,2.768235049
5,7/26/2021 6:20,6:20,6,12.688,blue.ruin.2,1.09367294,2.740987346
5,7/26/2021 6:30,6:30,6,12.938,blue.ruin.2,1.0759079,2.517844908
5,7/26/2021 6:40,6:40,6,12.812,blue.ruin.2,1.079064947,2.547794565
5,7/26/2021 6:55,6:55,6,12.875,blue.ruin.2,1.073540072,2.63808976
5,7/26/2021 7:05,7:05,7,13.25,blue.ruin.2,1.051468883,2.751869443
5,7/26/2021 7:20,7:20,7,12.875,blue.ruin.2,1.072076372,2.792147673
5,7/26/2021 7:30,7:30,7,12.688,blue.ruin.2,1.085602837,2.901878014
5,7/26/2021 7:40,7:40,7,13.25,blue.ruin.2,1.054278075,2.904779412
5,7/26/2021 7:55,7:55,7,12.625,blue.ruin.2,1.0945962,3.122552702
5,7/26/2021 8:05,8:05,8,12.688,blue.ruin.2,1.099265426,3.353072478
5,7/26/2021 8:20,8:20,8,13.125,blue.ruin.2,1.074025441,3.518910289
5,7/26/2021 8:30,8:30,8,12.875,blue.ruin.2,1.090141383,3.746086406
5,7/26/2021 8:40,8:40,8,13.125,blue.ruin.2,1.076702245,3.680094774
5,7/26/2021 8:55,8:55,8,13,blue.ruin.2,1.089367241,3.947488987
5,7/26/2021 9:05,9:05,9,12.812,blue.ruin.2,1.097885714,4.157412
5,7/26/2021 9:20,9:20,9,12.688,blue.ruin.2,1.250744417,4.276543424
5,7/26/2021 9:30,9:30,9,12.188,blue.ruin.2,1.6,4.226
5,7/26/2021 9:40,9:40,9,12.375,blue.ruin.2,1.6,4.344
5,7/26/2021 9:55,9:55,9,12.438,blue.ruin.2,1.6,4.624
5,7/26/2021 10:05,10:05,10,12.5,blue.ruin.2,1.6,4.767
5,7/26/2021 10:20,10:20,10,12.688,blue.ruin.2,1.484615385,4.384
5,7/26/2021 10:30,10:30,10,12.688,blue.ruin.2,1.499056604,4.642
5,7/26/2021 10:40,10:40,10,13,blue.ruin.2,1.192523364,5.081880841
5,7/26/2021 10:55,10:55,10,12.938,blue.ruin.2,1.338361045,5.006377672
5,7/26/2021 11:05,11:05,11,12.875,blue.ruin.2,1.430252101,4.736
5,7/26/2021 11:20,11:20,11,12.812,blue.ruin.2,1.6,4.953
5,7/26/2021 11:30,11:30,11,13.188,blue.ruin.2,1.26450677,5.122426499
5,7/26/2021 11:40,11:40,11,13.25,blue.ruin.2,1.182867133,5.449452797
5,7/26/2021 11:55,11:55,11,13.375,blue.ruin.2,1.185964912,5.747653509
5,7/26/2021 12:05,12:05,12,14.25,blue.ruin.2,1.073553438,6.286982641
5,7/26/2021 12:20,12:20,12,13.375,blue.ruin.2,1.265566038,NA
5,7/26/2021 12:30,12:30,12,13.062,blue.ruin.2,1.548453608,5.038
5,7/26/2021 12:40,12:40,12,13.125,blue.ruin.2,1.545481928,5.13
5,7/26/2021 12:55,12:55,12,13.062,blue.ruin.2,1.6,NA
5,7/26/2021 13:05,13:05,13,13.188,blue.ruin.2,1.528200692,NA
5,7/26/2021 13:20,13:20,13,13.25,blue.ruin.2,1.508178439,NA
5,7/26/2021 13:30,13:30,13,13,blue.ruin.2,1.6,4.953
5,7/26/2021 13:40,13:40,13,13.375,blue.ruin.2,1.472761194,4.936
5,7/26/2021 13:55,13:55,13,13.188,blue.ruin.2,1.6,4.988
5,7/26/2021 14:05,14:05,14,13.375,blue.ruin.2,1.527816901,4.875
5,7/26/2021 14:20,14:20,14,13.5,blue.ruin.2,1.455405405,5.147
5,7/26/2021 14:30,14:30,14,13.5,blue.ruin.2,1.467322835,4.667
5,7/26/2021 14:40,14:40,14,13.688,blue.ruin.2,1.292477876,5.065015487
5,7/26/2021 14:55,14:55,14,14.188,blue.ruin.2,1.094155844,6.636681818
5,7/26/2021 15:05,15:05,15,13.688,blue.ruin.2,1.309504132,4.826342975
5,7/26/2021 15:20,15:20,15,13.688,blue.ruin.2,1.350615385,4.345
5,7/26/2021 15:30,15:30,15,14.062,blue.ruin.2,1.152066116,5.99143905
5,7/26/2021 15:40,15:40,15,13.688,blue.ruin.2,1.36559633,4.455
5,7/26/2021 15:55,15:55,15,13.438,blue.ruin.2,1.508038585,4.36
5,7/26/2021 16:05,16:05,16,13.25,blue.ruin.2,1.6,4.312
5,7/26/2021 16:20,16:20,16,14.125,blue.ruin.2,1.097706209,6.5039788
5,7/26/2021 16:30,16:30,16,12.938,blue.ruin.2,1.6,4.359
5,7/26/2021 16:40,16:40,16,12.938,blue.ruin.2,1.6,4.088
5,7/26/2021 16:55,16:55,16,12.438,blue.ruin.2,1.6,3.943
5,7/26/2021 17:05,17:05,17,12.375,blue.ruin.2,1.6,4.031
5,7/26/2021 17:20,17:20,17,12.25,blue.ruin.2,1.6,3.972
5,7/26/2021 17:30,17:30,17,12.375,blue.ruin.2,1.6,4.007
5,7/26/2021 17:40,17:40,17,12.75,blue.ruin.2,1.6,3.96
5,7/26/2021 17:55,17:55,17,12.5,blue.ruin.2,1.6,3.918
5,7/26/2021 18:05,18:05,18,13.25,blue.ruin.2,1.371232877,3.951
5,7/26/2021 18:20,18:20,18,12.188,blue.ruin.2,1.6,3.931
5,7/26/2021 18:30,18:30,18,12.375,blue.ruin.2,1.6,3.788
5,7/26/2021 18:40,18:40,18,11.625,blue.ruin.2,1.6,3.833
5,7/26/2021 18:55,18:55,18,12.188,blue.ruin.2,1.6,3.8
5,7/26/2021 19:05,19:05,19,12,blue.ruin.2,1.6,3.763
5,7/26/2021 19:20,19:20,19,12.188,blue.ruin.2,1.6,3.736
5,7/26/2021 19:30,19:30,19,12.312,blue.ruin.2,1.6,3.615
5,7/26/2021 19:40,19:40,19,12.125,blue.ruin.2,1.6,3.539
5,7/26/2021 19:55,19:55,19,12.25,blue.ruin.2,1.6,3.503
5,7/26/2021 20:05,20:05,20,12.562,blue.ruin.2,1.6,3.54
5,7/26/2021 20:20,20:20,20,15.25,blue.ruin.2,0.978271693,3.477172831
5,7/26/2021 20:30,20:30,20,12.188,blue.ruin.2,1.6,3.376
5,7/26/2021 20:40,20:40,20,13.875,blue.ruin.2,1.046205701,3.409657887
5,7/26/2021 20:55,20:55,20,11.812,blue.ruin.2,1.6,3.307
5,7/26/2021 21:05,21:05,21,12.5,blue.ruin.2,1.6,3.273
5,7/26/2021 21:20,21:20,21,12.625,blue.ruin.2,1.358139535,3.206
5,7/26/2021 21:30,21:30,21,12.562,blue.ruin.2,1.386119403,3.146
5,7/26/2021 21:40,21:40,21,13.562,blue.ruin.2,0.986675462,3.242573219
5,7/26/2021 21:55,21:55,21,13.312,blue.ruin.2,1.013702359,2.966881125
5,7/26/2021 22:05,22:05,22,13.625,blue.ruin.2,0.981821963,2.911615017
5,7/26/2021 22:20,22:20,22,13.062,blue.ruin.2,1.047512864,3.051706475
5,7/26/2021 22:30,22:30,22,13.938,blue.ruin.2,0.925349265,3.03342246
5,7/26/2021 22:40,22:40,22,13.938,blue.ruin.2,0.912065157,3.016229607
5,7/26/2021 22:55,22:55,22,15.25,blue.ruin.2,0.795255609,3.554703935
5,7/26/2021 23:05,23:05,23,14.438,blue.ruin.2,0.859405941,3.170855086
5,7/26/2021 23:20,23:20,23,15.875,blue.ruin.2,0.737201555,3.811314421
5,7/26/2021 23:30,23:30,23,12.938,blue.ruin.2,1.022143634,2.659979325
5,7/26/2021 23:40,23:40,23,13.688,blue.ruin.2,0.925323686,2.793252094
5,7/26/2021 23:55,23:55,23,13.875,blue.ruin.2,0.898444486,2.914339182
5,7/27/2021 0:05,0:05,0,13.625,blue.ruin.2,0.920970456,2.724092099
5,7/27/2021 0:20,0:20,0,14.375,blue.ruin.2,0.861344538,3.013934301
5,7/27/2021 0:30,0:30,0,14.625,blue.ruin.2,0.843856051,3.182299086
5,7/27/2021 0:40,0:40,0,14.562,blue.ruin.2,0.853961876,2.942098163
5,7/27/2021 0:55,0:55,0,14.125,blue.ruin.2,0.908609899,2.718021826
5,7/27/2021 1:05,1:05,1,14.375,blue.ruin.2,0.884359119,3.017463169
5,7/27/2021 1:20,1:20,1,14.438,blue.ruin.2,0.877601725,3.043052691
5,7/27/2021 1:30,1:30,1,14.562,blue.ruin.2,0.868150879,3.090316609
5,7/27/2021 1:40,1:40,1,14.125,blue.ruin.2,0.901864824,2.904678841
5,7/27/2021 1:55,1:55,1,13.5,blue.ruin.2,1.000047015,2.638304772
5,7/27/2021 2:05,2:05,2,14.562,blue.ruin.2,0.856627754,2.970116739
5,7/27/2021 2:20,2:20,2,14.5,blue.ruin.2,0.845112782,3.047272727
5,7/27/2021 2:30,2:30,2,13.812,blue.ruin.2,0.893168577,2.699426629
5,7/27/2021 2:40,2:40,2,13.438,blue.ruin.2,0.919390082,2.543570553
5,7/27/2021 2:55,2:55,2,13.688,blue.ruin.2,0.888683603,2.549657779
5,7/27/2021 3:05,3:05,3,13.688,blue.ruin.2,0.880606654,2.559909625
5,7/27/2021 3:20,3:20,3,14.188,blue.ruin.2,0.832451785,2.81087906
5,7/27/2021 3:30,3:30,3,14.312,blue.ruin.2,0.830821918,2.781706102
5,7/27/2021 3:40,3:40,3,14.188,blue.ruin.2,0.848532819,2.561005265
5,7/27/2021 3:55,3:55,3,14.625,blue.ruin.2,0.827288836,2.84108468
5,7/27/2021 4:05,4:05,4,14.188,blue.ruin.2,0.879798903,2.551447565
5,7/27/2021 4:20,4:20,4,15.625,blue.ruin.2,0.749495781,3.017333907
5,7/27/2021 4:30,4:30,4,14.812,blue.ruin.2,0.810626621,2.89667604
5,7/27/2021 4:40,4:40,4,14.5,blue.ruin.2,0.823519374,2.823553503
5,7/27/2021 4:55,4:55,4,13.875,blue.ruin.2,0.854529307,2.65905377
5,7/27/2021 5:05,5:05,5,13.688,blue.ruin.2,0.857898477,2.606114813
5,7/27/2021 5:20,5:20,5,14.25,blue.ruin.2,0.794570838,2.748681959
5,7/27/2021 5:30,5:30,5,14.25,blue.ruin.2,0.7983044,2.757859948
5,7/27/2021 5:40,5:40,5,14.062,blue.ruin.2,0.819800119,2.692192397
5,7/27/2021 5:55,5:55,5,14.312,blue.ruin.2,0.811899038,2.767076049
5,7/27/2021 6:05,6:05,6,13.75,blue.ruin.2,0.876836798,2.486921926
5,7/27/2021 6:20,6:20,6,14.125,blue.ruin.2,0.850301643,2.627523687
5,7/27/2021 6:30,6:30,6,13.812,blue.ruin.2,0.874550898,2.59324442
5,7/27/2021 6:40,6:40,6,13.562,blue.ruin.2,0.898932161,2.578208086
5,7/27/2021 6:55,6:55,6,13,blue.ruin.2,0.940484246,2.432664796
5,7/27/2021 7:05,7:05,7,13.562,blue.ruin.2,0.877931904,2.659997707
5,7/27/2021 7:20,7:20,7,13.375,blue.ruin.2,0.883949314,2.688498608
5,7/27/2021 7:30,7:30,7,13.688,blue.ruin.2,0.848778433,2.794592939
5,7/27/2021 7:40,7:40,7,14.375,blue.ruin.2,0.795126904,2.94498108
5,7/27/2021 7:55,7:55,7,14.438,blue.ruin.2,0.815719029,2.999264276
5,7/27/2021 8:05,8:05,8,11.562,blue.ruin.2,1.6,3.331
5,7/27/2021 8:20,8:20,8,11.625,blue.ruin.2,1.6,3.456
5,7/27/2021 8:30,8:30,8,11.625,blue.ruin.2,1.6,3.482
5,7/27/2021 8:40,8:40,8,11.312,blue.ruin.2,1.6,3.452
5,7/27/2021 8:55,8:55,8,11.438,blue.ruin.2,1.6,3.662
5,7/27/2021 9:05,9:05,9,11.438,blue.ruin.2,1.6,3.725
5,7/27/2021 9:20,9:20,9,11.375,blue.ruin.2,1.6,3.884
5,7/27/2021 9:30,9:30,9,11.312,blue.ruin.2,1.6,3.96
5,7/27/2021 9:40,9:40,9,11.562,blue.ruin.2,1.6,4.011
5,7/27/2021 9:55,9:55,9,11.562,blue.ruin.2,1.6,4.084
5,7/27/2021 10:05,10:05,10,11.938,blue.ruin.2,1.6,4.146
5,7/27/2021 10:20,10:20,10,11.875,blue.ruin.2,1.6,4.213
5,7/27/2021 10:30,10:30,10,12.562,blue.ruin.2,1.490384615,4.214
5,7/27/2021 10:40,10:40,10,11.875,blue.ruin.2,1.6,4.33
5,7/27/2021 10:55,10:55,10,12,blue.ruin.2,1.6,4.487
5,7/27/2021 11:05,11:05,11,12.188,blue.ruin.2,1.6,4.552
5,7/27/2021 11:20,11:20,11,12.188,blue.ruin.2,1.6,4.565
5,7/27/2021 11:30,11:30,11,12.312,blue.ruin.2,1.6,4.588
5,7/27/2021 11:40,11:40,11,12.375,blue.ruin.2,1.6,4.553
5,7/27/2021 11:55,11:55,11,12.125,blue.ruin.2,1.6,4.674
5,7/27/2021 12:05,12:05,12,12.438,blue.ruin.2,1.6,4.852
5,7/27/2021 12:20,12:20,12,12.438,blue.ruin.2,1.6,4.695
5,7/27/2021 12:30,12:30,12,12.5,blue.ruin.2,1.6,4.934
5,7/27/2021 12:40,12:40,12,12.688,blue.ruin.2,1.6,4.543
5,7/27/2021 12:55,12:55,12,12.938,blue.ruin.2,1.491870824,4.671
5,7/27/2021 13:05,13:05,13,12.375,blue.ruin.2,1.6,4.723
5,7/27/2021 13:20,13:20,13,12.438,blue.ruin.2,1.6,4.767
5,7/27/2021 13:30,13:30,13,12.312,blue.ruin.2,1.6,4.573
5,7/27/2021 13:40,13:40,13,12.25,blue.ruin.2,1.6,4.635
5,7/27/2021 13:55,13:55,13,12.25,blue.ruin.2,1.6,4.673
5,7/27/2021 14:05,14:05,14,12.562,blue.ruin.2,1.6,4.536
5,7/27/2021 14:20,14:20,14,12.812,blue.ruin.2,1.6,4.749
5,7/27/2021 14:30,14:30,14,12.5,blue.ruin.2,1.6,4.566
5,7/27/2021 14:40,14:40,14,12.25,blue.ruin.2,1.6,4.56
5,7/27/2021 14:55,14:55,14,12.688,blue.ruin.2,1.6,4.451
5,7/27/2021 15:05,15:05,15,12.625,blue.ruin.2,1.6,4.501
5,7/27/2021 15:20,15:20,15,12.562,blue.ruin.2,1.6,4.37
5,7/27/2021 15:30,15:30,15,12.5,blue.ruin.2,1.6,4.366
5,7/27/2021 15:40,15:40,15,12.625,blue.ruin.2,1.6,4.356
5,7/27/2021 15:55,15:55,15,12.438,blue.ruin.2,1.6,4.181
5,7/27/2021 16:05,16:05,16,13.062,blue.ruin.2,1.6,4.182
5,7/27/2021 16:20,16:20,16,12.375,blue.ruin.2,1.6,4.13
5,7/27/2021 16:30,16:30,16,12.625,blue.ruin.2,1.6,4.084
5,7/27/2021 16:40,16:40,16,12.75,blue.ruin.2,1.6,4.025
5,7/27/2021 16:55,16:55,16,13.062,blue.ruin.2,1.076587302,4.001644841
5,7/27/2021 17:05,17:05,17,12.812,blue.ruin.2,1.6,3.959
5,7/27/2021 17:20,17:20,17,12.625,blue.ruin.2,1.6,3.846
5,7/27/2021 17:30,17:30,17,12.625,blue.ruin.2,1.6,3.839
5,7/27/2021 17:40,17:40,17,12.562,blue.ruin.2,1.6,3.868
5,7/27/2021 17:55,17:55,17,12.562,blue.ruin.2,1.6,3.735
5,7/27/2021 18:05,18:05,18,12.562,blue.ruin.2,1.6,3.707
5,7/27/2021 18:20,18:20,18,12.562,blue.ruin.2,1.6,3.643
5,7/27/2021 18:30,18:30,18,12.5,blue.ruin.2,1.6,3.597
5,7/27/2021 18:40,18:40,18,12.5,blue.ruin.2,1.6,3.58
5,7/27/2021 18:55,18:55,18,12.5,blue.ruin.2,1.6,3.516
5,7/27/2021 19:05,19:05,19,12.5,blue.ruin.2,1.6,3.519
5,7/27/2021 19:20,19:20,19,12.5,blue.ruin.2,1.6,3.437
5,7/27/2021 19:30,19:30,19,12.438,blue.ruin.2,1.6,3.424
5,7/27/2021 19:40,19:40,19,12.438,blue.ruin.2,1.6,3.365
5,7/27/2021 19:55,19:55,19,12.438,blue.ruin.2,1.6,3.329
5,7/27/2021 20:05,20:05,20,12.438,blue.ruin.2,1.6,3.38
5,7/27/2021 20:20,20:20,20,12.188,blue.ruin.2,1.6,3.267
5,7/27/2021 20:30,20:30,20,12.438,blue.ruin.2,1.6,3.236
5,7/27/2021 20:40,20:40,20,12.438,blue.ruin.2,1.6,3.156
5,7/27/2021 20:55,20:55,20,12.938,blue.ruin.2,0.996911197,2.909671332
5,7/27/2021 21:05,21:05,21,13.75,blue.ruin.2,0.9110932,3.032701162
5,7/27/2021 21:20,21:20,21,13.25,blue.ruin.2,0.967263427,2.74868766
5,7/27/2021 21:30,21:30,21,14,blue.ruin.2,0.912288687,3.023124483
5,7/27/2021 21:40,21:40,21,13.375,blue.ruin.2,0.964135255,2.714453298
5,7/27/2021 21:55,21:55,21,13.688,blue.ruin.2,0.916204986,2.870926719
5,7/27/2021 22:05,22:05,22,13.188,blue.ruin.2,0.938706122,2.722013659
5,7/27/2021 22:20,22:20,22,13.438,blue.ruin.2,0.907996485,2.790853171
5,7/27/2021 22:30,22:30,22,12.875,blue.ruin.2,0.966423358,2.618188869
5,7/27/2021 22:40,22:40,22,12.375,blue.ruin.2,1.504697987,2.995
5,7/27/2021 22:55,22:55,22,13.062,blue.ruin.2,0.923561544,2.638448653
5,7/27/2021 23:05,23:05,23,13.5,blue.ruin.2,0.870275591,2.843668576
5,7/27/2021 23:20,23:20,23,13.125,blue.ruin.2,0.909328275,2.689830598
5,7/27/2021 23:30,23:30,23,13.438,blue.ruin.2,0.882883257,2.729147184
5,7/27/2021 23:40,23:40,23,13.188,blue.ruin.2,0.908114558,2.604632241
5,7/27/2021 23:55,23:55,23,13.438,blue.ruin.2,0.888736103,2.678122241
5,7/28/2021 0:05,0:05,0,13.875,blue.ruin.2,0.852640107,2.795526982
5,7/28/2021 0:20,0:20,0,12.938,blue.ruin.2,0.932457177,2.59028352
5,7/28/2021 0:30,0:30,0,13.625,blue.ruin.2,0.870094302,2.706471801
5,7/28/2021 0:40,0:40,0,13.5,blue.ruin.2,0.875799316,2.723158328
5,7/28/2021 0:55,0:55,0,13.812,blue.ruin.2,0.845166835,2.855963048
5,7/28/2021 1:05,1:05,1,13.562,blue.ruin.2,0.862686567,2.739240163
5,7/28/2021 1:20,1:20,1,13.438,blue.ruin.2,0.873614858,2.682489577
5,7/28/2021 1:30,1:30,1,13.562,blue.ruin.2,0.855748328,2.719631347
5,7/28/2021 1:40,1:40,1,13.875,blue.ruin.2,0.822425143,2.792416456
5,7/28/2021 1:55,1:55,1,13.625,blue.ruin.2,0.836857708,2.679827524
5,7/28/2021 2:05,2:05,2,13.188,blue.ruin.2,0.877787851,2.604927883
5,7/28/2021 2:20,2:20,2,13.25,blue.ruin.2,0.865878144,2.62141934
5,7/28/2021 2:30,2:30,2,13.25,blue.ruin.2,0.865878144,2.511062879
5,7/28/2021 2:40,2:40,2,13.375,blue.ruin.2,0.851808635,2.53176196
5,7/28/2021 2:55,2:55,2,13,blue.ruin.2,0.885805991,2.563056672
5,7/28/2021 3:05,3:05,3,13.062,blue.ruin.2,0.875273923,2.519941563
5,7/28/2021 3:20,3:20,3,12.938,blue.ruin.2,0.887036108,2.525018237
5,7/28/2021 3:30,3:30,3,13,blue.ruin.2,0.877888343,2.508667262
5,7/28/2021 3:40,3:40,3,13.062,blue.ruin.2,0.863728093,2.517251967
5,7/28/2021 3:55,3:55,3,13,blue.ruin.2,0.865640064,2.558840629
5,7/28/2021 4:05,4:05,4,13.062,blue.ruin.2,0.856972328,2.578547329
5,7/28/2021 4:20,4:20,4,13,blue.ruin.2,0.862028238,2.531170735
5,7/28/2021 4:30,4:30,4,13.125,blue.ruin.2,0.847980214,2.523874691
5,7/28/2021 4:40,4:40,4,13.125,blue.ruin.2,0.847396114,2.574838591
5,7/28/2021 4:55,4:55,4,13.25,blue.ruin.2,0.837677352,2.538238189
5,7/28/2021 5:05,5:05,5,13.75,blue.ruin.2,0.779202169,2.678433209
5,7/28/2021 5:20,5:20,5,13.25,blue.ruin.2,0.836957625,2.557982745
5,7/28/2021 5:30,5:30,5,14.188,blue.ruin.2,0.726194086,2.745535874
5,7/28/2021 5:40,5:40,5,13.25,blue.ruin.2,0.836264999,2.547191728
5,7/28/2021 5:55,5:55,5,13.875,blue.ruin.2,0.764678544,2.790317583
5,7/28/2021 6:05,6:05,6,13.25,blue.ruin.2,0.836957625,2.612646536
5,7/28/2021 6:20,6:20,6,13.312,blue.ruin.2,0.830092951,2.634031406
5,7/28/2021 6:30,6:30,6,13.375,blue.ruin.2,0.817886705,2.641329775
5,7/28/2021 6:40,6:40,6,13.438,blue.ruin.2,0.80864,2.677623273
5,7/28/2021 6:55,6:55,6,13.75,blue.ruin.2,0.765102041,2.721792208
5,7/28/2021 7:05,7:05,7,13.25,blue.ruin.2,0.821319366,2.63890662
5,7/28/2021 7:20,7:20,7,13.375,blue.ruin.2,0.813463167,2.719229467
5,7/28/2021 7:30,7:30,7,13.312,blue.ruin.2,0.817010309,2.825735708
5,7/28/2021 7:40,7:40,7,13.438,blue.ruin.2,0.810055633,2.862844355
5,7/28/2021 7:55,7:55,7,13.188,blue.ruin.2,0.840797186,2.951260791
5,7/28/2021 8:05,8:05,8,13.125,blue.ruin.2,0.855355012,3.06873644
5,7/28/2021 8:20,8:20,8,12.938,blue.ruin.2,0.883611111,3.166732323
5,7/28/2021 8:30,8:30,8,13.062,blue.ruin.2,0.865764925,3.259820217
5,7/28/2021 8:40,8:40,8,13.062,blue.ruin.2,0.904014599,3.361771732
5,7/28/2021 8:55,8:55,8,12.625,blue.ruin.2,1.02790224,3.515512984
5,7/28/2021 9:05,9:05,9,13.125,blue.ruin.2,0.925883546,3.692545823
5,7/28/2021 9:20,9:20,9,13.938,blue.ruin.2,0.852412513,3.828225682
5,7/28/2021 9:30,9:30,9,13.938,blue.ruin.2,0.884694408,3.925120227
5,7/28/2021 9:40,9:40,9,13.25,blue.ruin.2,0.998742138,4.027920597
5,7/28/2021 9:55,9:55,9,12,blue.ruin.2,1.6,4.16
5,7/28/2021 10:05,10:05,10,12.062,blue.ruin.2,1.6,4.225
5,7/28/2021 10:20,10:20,10,11.812,blue.ruin.2,1.6,4.401
5,7/28/2021 10:30,10:30,10,12.188,blue.ruin.2,1.6,4.507
5,7/28/2021 10:40,10:40,10,12.812,blue.ruin.2,1.419477234,4.542
5,7/28/2021 10:55,10:55,10,12.688,blue.ruin.2,1.6,4.625
5,7/28/2021 11:05,11:05,11,12.938,blue.ruin.2,1.454667864,4.732
5,7/28/2021 11:20,11:20,11,13.062,blue.ruin.2,1.422774869,4.743
5,7/28/2021 11:30,11:30,11,13,blue.ruin.2,1.533394834,4.692
5,7/28/2021 11:40,11:40,11,12.812,blue.ruin.2,1.6,4.926
5,7/28/2021 11:55,11:55,11,12.938,blue.ruin.2,1.6,4.857
5,7/28/2021 12:05,12:05,12,12.812,blue.ruin.2,1.6,4.72
5,7/28/2021 12:20,12:20,12,12.938,blue.ruin.2,1.6,4.719
5,7/28/2021 12:30,12:30,12,12.875,blue.ruin.2,1.6,4.741
5,7/28/2021 12:40,12:40,12,12.875,blue.ruin.2,1.6,4.56
5,7/28/2021 12:55,12:55,12,13,blue.ruin.2,1.6,4.676
5,7/28/2021 13:05,13:05,13,13.188,blue.ruin.2,1.354819277,4.505
5,7/28/2021 13:20,13:20,13,12.375,blue.ruin.2,1.6,4.483
5,7/28/2021 13:30,13:30,13,12.875,blue.ruin.2,1.6,4.4
5,7/28/2021 13:40,13:40,13,12.812,blue.ruin.2,1.6,4.369
5,7/28/2021 13:55,13:55,13,12.812,blue.ruin.2,1.6,4.551
5,7/28/2021 14:05,14:05,14,12.875,blue.ruin.2,1.6,4.436
5,7/28/2021 14:20,14:20,14,13.062,blue.ruin.2,1.6,4.573
5,7/28/2021 14:30,14:30,14,13,blue.ruin.2,1.6,4.621
5,7/28/2021 14:40,14:40,14,13,blue.ruin.2,1.6,4.506
5,7/28/2021 14:55,14:55,14,13,blue.ruin.2,1.6,4.468
5,7/28/2021 15:05,15:05,15,12.938,blue.ruin.2,1.6,4.439
5,7/28/2021 15:20,15:20,15,12.875,blue.ruin.2,1.6,4.372
5,7/28/2021 15:30,15:30,15,12.938,blue.ruin.2,1.6,4.48
5,7/28/2021 15:40,15:40,15,12.875,blue.ruin.2,1.6,4.318
5,7/28/2021 15:55,15:55,15,12.875,blue.ruin.2,1.6,4.199
5,7/28/2021 16:05,16:05,16,12.875,blue.ruin.2,1.6,4.227
5,7/28/2021 16:20,16:20,16,12.875,blue.ruin.2,1.6,4.107
5,7/28/2021 16:30,16:30,16,13.25,blue.ruin.2,1.422881356,4.079
5,7/28/2021 16:40,16:40,16,12.875,blue.ruin.2,1.6,4.118
5,7/28/2021 16:55,16:55,16,12.812,blue.ruin.2,1.6,4.056
5,7/28/2021 17:05,17:05,17,12.812,blue.ruin.2,1.6,3.9
5,7/28/2021 17:20,17:20,17,12.75,blue.ruin.2,1.6,3.828
5,7/28/2021 17:30,17:30,17,12.75,blue.ruin.2,1.6,3.805
5,7/28/2021 17:40,17:40,17,12.688,blue.ruin.2,1.6,3.837
5,7/28/2021 17:55,17:55,17,12.688,blue.ruin.2,1.6,3.683
5,7/28/2021 18:05,18:05,18,12.75,blue.ruin.2,1.6,3.714
5,7/28/2021 18:20,18:20,18,12.688,blue.ruin.2,1.6,3.674
5,7/28/2021 18:30,18:30,18,12.75,blue.ruin.2,1.6,3.617
5,7/28/2021 18:40,18:40,18,12.812,blue.ruin.2,1.6,3.592
5,7/28/2021 18:55,18:55,18,12.812,blue.ruin.2,1.6,3.532
5,7/28/2021 19:05,19:05,19,12.812,blue.ruin.2,1.6,3.539
5,7/28/2021 19:20,19:20,19,12.812,blue.ruin.2,1.6,3.455
5,7/28/2021 19:30,19:30,19,12.75,blue.ruin.2,1.6,3.489
5,7/28/2021 19:40,19:40,19,12.688,blue.ruin.2,1.6,3.41
5,7/28/2021 19:55,19:55,19,12.688,blue.ruin.2,1.6,3.338
5,7/28/2021 20:05,20:05,20,12.75,blue.ruin.2,1.361377246,3.308
5,7/28/2021 20:20,20:20,20,12.938,blue.ruin.2,1.110227273,2.930769886
5,7/28/2021 20:30,20:30,20,13.062,blue.ruin.2,1.077773468,3.003008728
5,7/28/2021 20:40,20:40,20,12.812,blue.ruin.2,1.094365482,3.069251269
5,7/28/2021 20:55,20:55,20,12.312,blue.ruin.2,1.6,3.238
5,7/28/2021 21:05,21:05,21,12.938,blue.ruin.2,1.035215947,2.907107558
5,7/28/2021 21:20,21:20,21,13.562,blue.ruin.2,0.924574234,2.877128832
5,7/28/2021 21:30,21:30,21,13.562,blue.ruin.2,0.920805585,2.856417537
5,7/28/2021 21:40,21:40,21,13.125,blue.ruin.2,0.970604396,2.697307692
5,7/28/2021 21:55,21:55,21,14.75,blue.ruin.2,0.796945407,3.34178864
5,7/28/2021 22:05,22:05,22,14.125,blue.ruin.2,0.852256834,2.997206843
5,7/28/2021 22:20,22:20,22,12.5,blue.ruin.2,1.265189873,2.871851266
5,7/28/2021 22:30,22:30,22,11.812,blue.ruin.2,1.6,2.913
5,7/28/2021 22:40,22:40,22,14.125,blue.ruin.2,0.84296289,3.123508775
5,7/28/2021 22:55,22:55,22,11.875,blue.ruin.2,1.6,2.809
5,7/28/2021 23:05,23:05,23,12.562,blue.ruin.2,1.056091371,2.610020305
5,7/28/2021 23:20,23:20,23,12.75,blue.ruin.2,0.999479167,2.565520833
5,7/28/2021 23:30,23:30,23,13.438,blue.ruin.2,0.901052632,2.696421053
5,7/28/2021 23:40,23:40,23,13.125,blue.ruin.2,0.926626813,2.580942946
5,7/28/2021 23:55,23:55,23,13.25,blue.ruin.2,0.90984533,2.602875453
5,7/29/2021 0:05,0:05,0,13.5,blue.ruin.2,0.887238494,2.680566755
5,7/29/2021 0:20,0:20,0,14.25,blue.ruin.2,0.812365809,2.942990406
5,7/29/2021 0:30,0:30,0,13.188,blue.ruin.2,0.907514626,2.598228584
5,7/29/2021 0:40,0:40,0,15.25,blue.ruin.2,0.720324793,3.171553359
5,7/29/2021 0:55,0:55,0,14.562,blue.ruin.2,0.782781925,2.933887982
5,7/29/2021 1:05,1:05,1,13.688,blue.ruin.2,0.86023622,2.840894775
5,7/29/2021 1:20,1:20,1,14.25,blue.ruin.2,0.806422396,2.798923238
5,7/29/2021 1:30,1:30,1,14.75,blue.ruin.2,0.762266501,2.971760444
5,7/29/2021 1:40,1:40,1,13.812,blue.ruin.2,0.849875467,2.711196649
5,7/29/2021 1:55,1:55,1,14.312,blue.ruin.2,0.800222316,2.791341212
5,7/29/2021 2:05,2:05,2,14.125,blue.ruin.2,0.811356467,2.780223688
5,7/29/2021 2:20,2:20,2,14.062,blue.ruin.2,0.810614407,2.726374037
5,7/29/2021 2:30,2:30,2,14.125,blue.ruin.2,0.8021611,2.8494374
5,7/29/2021 2:40,2:40,2,14.062,blue.ruin.2,0.804165756,2.790002187
5,7/29/2021 2:55,2:55,2,14.062,blue.ruin.2,0.799733215,2.805997817
5,7/29/2021 3:05,3:05,3,14.125,blue.ruin.2,0.792965654,2.806910052
5,7/29/2021 3:20,3:20,3,14.188,blue.ruin.2,0.782865731,2.777802878
5,7/29/2021 3:30,3:30,3,13.75,blue.ruin.2,0.825542857,2.615188571
5,7/29/2021 3:40,3:40,3,14,blue.ruin.2,0.793263061,2.715027914
5,7/29/2021 3:55,3:55,3,13.812,blue.ruin.2,0.812569832,2.709862875
5,7/29/2021 4:05,4:05,4,13.5,blue.ruin.2,0.840269637,2.693524459
5,7/29/2021 4:20,4:20,4,14.312,blue.ruin.2,0.748830956,2.844789041
5,7/29/2021 4:30,4:30,4,13.875,blue.ruin.2,0.793585762,2.711731095
5,7/29/2021 4:40,4:40,4,13.875,blue.ruin.2,0.792683806,2.681705911
5,7/29/2021 4:55,4:55,4,14,blue.ruin.2,0.776189355,2.743898
5,7/29/2021 5:05,5:05,5,13.938,blue.ruin.2,0.779291454,2.67830334
5,7/29/2021 5:20,5:20,5,13.75,blue.ruin.2,0.797550573,2.614623889
5,7/29/2021 5:30,5:30,5,14.125,blue.ruin.2,0.755283158,2.65763623
5,7/29/2021 5:40,5:40,5,14.188,blue.ruin.2,0.749556541,2.719687563
5,7/29/2021 5:55,5:55,5,11.688,blue.ruin.2,1.6,2.801
5,7/29/2021 6:05,6:05,6,11.438,blue.ruin.2,1.6,2.795
5,7/29/2021 6:20,6:20,6,11,blue.ruin.2,1.6,2.76
5,7/29/2021 6:30,6:30,6,10.938,blue.ruin.2,1.6,2.806
5,7/29/2021 6:40,6:40,6,11.5,blue.ruin.2,1.6,2.822
5,7/29/2021 6:55,6:55,6,10.938,blue.ruin.2,1.6,2.853
5,7/29/2021 7:05,7:05,7,10.812,blue.ruin.2,1.6,2.921
5,7/29/2021 7:20,7:20,7,10.812,blue.ruin.2,1.6,3.003
5,7/29/2021 7:30,7:30,7,10.812,blue.ruin.2,1.6,3.015
5,7/29/2021 7:40,7:40,7,10.812,blue.ruin.2,1.6,3.097
5,7/29/2021 7:55,7:55,7,10.938,blue.ruin.2,1.6,3.276
5,7/29/2021 8:05,8:05,8,10.75,blue.ruin.2,1.6,3.416
5,7/29/2021 8:20,8:20,8,10.875,blue.ruin.2,1.6,3.526
5,7/29/2021 8:30,8:30,8,10.938,blue.ruin.2,1.6,3.59
5,7/29/2021 8:40,8:40,8,11,blue.ruin.2,1.6,3.708
5,7/29/2021 8:55,8:55,8,11,blue.ruin.2,1.6,3.899
5,7/29/2021 9:05,9:05,9,11.25,blue.ruin.2,1.6,3.886
5,7/29/2021 9:20,9:20,9,11.25,blue.ruin.2,1.6,4.061
5,7/29/2021 9:30,9:30,9,11.375,blue.ruin.2,1.6,4.102
5,7/29/2021 9:40,9:40,9,11.25,blue.ruin.2,1.6,4.222
5,7/29/2021 9:55,9:55,9,11.375,blue.ruin.2,1.6,4.323
5,7/29/2021 10:05,10:05,10,11.688,blue.ruin.2,1.6,4.3
5,7/29/2021 10:20,10:20,10,12.062,blue.ruin.2,1.6,4.474
5,7/29/2021 10:30,10:30,10,12.812,blue.ruin.2,1.6,4.466
5,7/29/2021 10:40,10:40,10,12.125,blue.ruin.2,1.6,4.498
5,7/29/2021 10:55,10:55,10,12.75,blue.ruin.2,1.6,4.613
5,7/29/2021 11:05,11:05,11,12.75,blue.ruin.2,1.6,4.694
5,7/29/2021 11:20,11:20,11,12.812,blue.ruin.2,1.6,4.757
5,7/29/2021 11:30,11:30,11,12.938,blue.ruin.2,1.6,4.588
5,7/29/2021 11:40,11:40,11,13,blue.ruin.2,1.6,4.627
5,7/29/2021 11:55,11:55,11,13.062,blue.ruin.2,1.6,5.101
5,7/29/2021 12:05,12:05,12,13,blue.ruin.2,1.6,5.116
5,7/29/2021 12:20,12:20,12,13.062,blue.ruin.2,1.6,4.781
5,7/29/2021 12:30,12:30,12,13,blue.ruin.2,1.6,4.697
5,7/29/2021 12:40,12:40,12,12.938,blue.ruin.2,1.6,4.739
5,7/29/2021 12:55,12:55,12,13,blue.ruin.2,1.6,4.85
5,7/29/2021 13:05,13:05,13,13.125,blue.ruin.2,1.6,5.085
5,7/29/2021 13:20,13:20,13,13.125,blue.ruin.2,1.6,4.697
5,7/29/2021 13:30,13:30,13,13.188,blue.ruin.2,1.6,4.504
5,7/29/2021 13:40,13:40,13,13,blue.ruin.2,1.6,4.808
5,7/29/2021 13:55,13:55,13,13.375,blue.ruin.2,1.6,4.552
5,7/29/2021 14:05,14:05,14,13.25,blue.ruin.2,1.6,4.744
5,7/29/2021 14:20,14:20,14,13.312,blue.ruin.2,1.6,4.59
5,7/29/2021 14:30,14:30,14,13.25,blue.ruin.2,1.6,4.672
5,7/29/2021 14:40,14:40,14,13.062,blue.ruin.2,1.6,4.483
5,7/29/2021 14:55,14:55,14,12.562,blue.ruin.2,1.6,4.537
5,7/29/2021 15:05,15:05,15,12.562,blue.ruin.2,1.6,4.551
5,7/29/2021 15:20,15:20,15,12.812,blue.ruin.2,1.6,4.552
5,7/29/2021 15:30,15:30,15,13.188,blue.ruin.2,1.6,4.395
5,7/29/2021 15:40,15:40,15,13.125,blue.ruin.2,1.6,4.452
5,7/29/2021 15:55,15:55,15,13.375,blue.ruin.2,1.6,4.2
5,7/29/2021 16:05,16:05,16,12.625,blue.ruin.2,1.6,4.156
5,7/29/2021 16:20,16:20,16,12.562,blue.ruin.2,1.6,4.128
5,7/29/2021 16:30,16:30,16,13.062,blue.ruin.2,1.6,4.1
5,7/29/2021 16:40,16:40,16,13.125,blue.ruin.2,1.6,4.279
5,7/29/2021 16:55,16:55,16,13.125,blue.ruin.2,1.6,4.094
5,7/29/2021 17:05,17:05,17,13.125,blue.ruin.2,1.6,3.926
5,7/29/2021 17:20,17:20,17,13.062,blue.ruin.2,1.6,4.094
5,7/29/2021 17:30,17:30,17,13.062,blue.ruin.2,1.6,3.92
5,7/29/2021 17:40,17:40,17,13,blue.ruin.2,1.6,3.926
5,7/29/2021 17:55,17:55,17,13.688,blue.ruin.2,1.101836735,5.460665306
5,7/29/2021 18:05,18:05,18,13.062,blue.ruin.2,1.6,3.791
5,7/29/2021 18:20,18:20,18,13.062,blue.ruin.2,1.6,3.726
5,7/29/2021 18:30,18:30,18,13.062,blue.ruin.2,1.6,3.687
5,7/29/2021 18:40,18:40,18,13,blue.ruin.2,1.6,3.66
5,7/29/2021 18:55,18:55,18,13,blue.ruin.2,1.6,3.517
5,7/29/2021 19:05,19:05,19,12.938,blue.ruin.2,1.6,3.501
5,7/29/2021 19:20,19:20,19,12.938,blue.ruin.2,1.6,3.429
5,7/29/2021 19:30,19:30,19,12.625,blue.ruin.2,1.6,3.438
5,7/29/2021 19:40,19:40,19,12.312,blue.ruin.2,1.6,3.426
5,7/29/2021 19:55,19:55,19,12.688,blue.ruin.2,1.6,3.32
5,7/29/2021 20:05,20:05,20,12.688,blue.ruin.2,1.6,3.323
5,7/29/2021 20:20,20:20,20,12.688,blue.ruin.2,1.6,3.279
5,7/29/2021 20:30,20:30,20,12.688,blue.ruin.2,1.6,3.331
5,7/29/2021 20:40,20:40,20,13.312,blue.ruin.2,1.048421053,3.174517105
5,7/29/2021 20:55,20:55,20,14.438,blue.ruin.2,0.910406812,3.49115851
5,7/29/2021 21:05,21:05,21,13.375,blue.ruin.2,1.001929625,3.017912174
5,7/29/2021 21:20,21:20,21,13.25,blue.ruin.2,0.991364296,2.828468795
5,7/29/2021 21:30,21:30,21,14.375,blue.ruin.2,0.874438962,3.303048775
5,7/29/2021 21:40,21:40,21,13.188,blue.ruin.2,0.96452514,2.762310056
5,7/29/2021 21:55,21:55,21,13.625,blue.ruin.2,0.91749716,2.912062239
5,7/29/2021 22:05,22:05,22,13.938,blue.ruin.2,0.892924682,3.025848179
5,7/29/2021 22:20,22:20,22,13.875,blue.ruin.2,0.893033322,2.925511568
5,7/29/2021 22:30,22:30,22,14,blue.ruin.2,0.880553275,3.036376323
5,7/29/2021 22:40,22:40,22,13.062,blue.ruin.2,0.955172414,2.643685345
5,7/29/2021 22:55,22:55,22,13.688,blue.ruin.2,0.904668494,2.828415438
5,7/29/2021 23:05,23:05,23,12.812,blue.ruin.2,1.01440678,2.639915254
5,7/29/2021 23:20,23:20,23,13.625,blue.ruin.2,0.899460212,2.813401928
5,7/29/2021 23:30,23:30,23,13.5,blue.ruin.2,0.905882353,2.75368984
5,7/29/2021 23:40,23:40,23,14,blue.ruin.2,0.867080085,2.789160492
5,7/29/2021 23:55,23:55,23,13.5,blue.ruin.2,0.900435246,2.713113099
5,7/30/2021 0:05,0:05,0,13.625,blue.ruin.2,0.886897106,2.767170418
5,7/30/2021 0:20,0:20,0,13.875,blue.ruin.2,0.864397764,2.800152772
5,7/30/2021 0:30,0:30,0,13.5,blue.ruin.2,0.893863511,2.680244159
5,7/30/2021 0:40,0:40,0,13.312,blue.ruin.2,0.907522124,2.636621078
5,7/30/2021 0:55,0:55,0,13.375,blue.ruin.2,0.902528036,2.652625322
5,7/30/2021 1:05,1:05,1,13.875,blue.ruin.2,0.853083491,2.766696567
5,7/30/2021 1:20,1:20,1,13.25,blue.ruin.2,0.907415991,2.606847151
5,7/30/2021 1:30,1:30,1,14.812,blue.ruin.2,0.768986605,2.94076137
5,7/30/2021 1:40,1:40,1,13.812,blue.ruin.2,0.853154635,2.758841248
5,7/30/2021 1:55,1:55,1,13.812,blue.ruin.2,0.852246533,2.709061606
5,7/30/2021 2:05,2:05,2,14.062,blue.ruin.2,0.82472592,2.720048765
5,7/30/2021 2:20,2:20,2,14.062,blue.ruin.2,0.822960095,2.763319075
5,7/30/2021 2:30,2:30,2,13.75,blue.ruin.2,0.846603397,2.686793207
5,7/30/2021 2:40,2:40,2,14,blue.ruin.2,0.826163497,2.716943453
5,7/30/2021 2:55,2:55,2,13.75,blue.ruin.2,0.84217694,2.644675218
5,7/30/2021 3:05,3:05,3,13.875,blue.ruin.2,0.830244208,2.596771219
5,7/30/2021 3:20,3:20,3,13.75,blue.ruin.2,0.837755102,2.635714286
5,7/30/2021 3:30,3:30,3,14.25,blue.ruin.2,0.799035757,2.690756419
5,7/30/2021 3:40,3:40,3,14.5,blue.ruin.2,0.783590139,2.723486483
5,7/30/2021 3:55,3:55,3,14.25,blue.ruin.2,0.816243847,2.647512306
5,7/30/2021 4:05,4:05,4,14,blue.ruin.2,0.841115312,2.594316893
5,7/30/2021 4:20,4:20,4,14.562,blue.ruin.2,0.794833525,2.675445152
5,7/30/2021 4:30,4:30,4,15,blue.ruin.2,0.753478261,2.708703557
5,7/30/2021 4:40,4:40,4,14.312,blue.ruin.2,0.80709282,2.537317306
5,7/30/2021 4:55,4:55,4,13.688,blue.ruin.2,0.852177822,2.534065389
5,7/30/2021 5:05,5:05,5,14.25,blue.ruin.2,0.789418317,2.568903015
5,7/30/2021 5:20,5:20,5,13.562,blue.ruin.2,0.83628015,2.565111147
5,7/30/2021 5:30,5:30,5,14.062,blue.ruin.2,0.776110207,2.574333876
5,7/30/2021 5:40,5:40,5,13.75,blue.ruin.2,0.802225736,2.642400655
5,7/30/2021 5:55,5:55,5,13.75,blue.ruin.2,0.791082317,2.572461197
5,7/30/2021 6:05,6:05,6,13.312,blue.ruin.2,0.841818182,2.543107438
5,7/30/2021 6:20,6:20,6,11.938,blue.ruin.2,1.6,2.775
5,7/30/2021 6:30,6:30,6,13.688,blue.ruin.2,0.809388039,2.597829056
5,7/30/2021 6:40,6:40,6,13.438,blue.ruin.2,0.840425777,2.531682603
5,7/30/2021 6:55,6:55,6,13.938,blue.ruin.2,0.789083934,2.637990319
5,7/30/2021 7:05,7:05,7,13.688,blue.ruin.2,0.815240642,2.659859018
5,7/30/2021 7:20,7:20,7,13.688,blue.ruin.2,0.816713385,2.75540358
5,7/30/2021 7:30,7:30,7,13.938,blue.ruin.2,0.794056272,2.832650538
5,7/30/2021 7:40,7:40,7,14.688,blue.ruin.2,0.715235553,2.978791114
5,7/30/2021 7:55,7:55,7,14,blue.ruin.2,0.787514654,2.99975381
5,7/30/2021 8:05,8:05,8,13.812,blue.ruin.2,0.810260355,3.02850199
5,7/30/2021 8:20,8:20,8,12.938,blue.ruin.2,0.90939365,3.459063782
5,7/30/2021 8:30,8:30,8,13.562,blue.ruin.2,0.849612872,3.667278666
5,7/30/2021 8:40,8:40,8,12.375,blue.ruin.2,1.08359375,3.585246094
5,7/30/2021 8:55,8:55,8,12,blue.ruin.2,1.6,3.584
5,7/30/2021 9:05,9:05,9,11.875,blue.ruin.2,1.6,3.681
5,7/30/2021 9:20,9:20,9,12.25,blue.ruin.2,1.463793103,3.719
5,7/30/2021 9:30,9:30,9,11.312,blue.ruin.2,1.6,3.832
5,7/30/2021 9:40,9:40,9,11.438,blue.ruin.2,1.6,3.922
5,7/30/2021 9:55,9:55,9,11.562,blue.ruin.2,1.6,4.03
5,7/30/2021 10:05,10:05,10,12.5,blue.ruin.2,1.351652893,4.17
5,7/30/2021 10:20,10:20,10,12.25,blue.ruin.2,1.6,4.113
5,7/30/2021 10:30,10:30,10,12.125,blue.ruin.2,1.6,4.148
5,7/30/2021 10:40,10:40,10,12.25,blue.ruin.2,1.6,4.207
5,7/30/2021 10:55,10:55,10,12.25,blue.ruin.2,1.6,4.272
5,7/30/2021 11:05,11:05,11,12.312,blue.ruin.2,1.6,4.178
5,7/30/2021 11:20,11:20,11,12.375,blue.ruin.2,1.6,4.26
5,7/30/2021 11:30,11:30,11,12.562,blue.ruin.2,1.6,4.267
5,7/30/2021 11:40,11:40,11,12.562,blue.ruin.2,1.6,4.217
5,7/30/2021 11:55,11:55,11,12.688,blue.ruin.2,1.6,4.295
5,7/30/2021 12:05,12:05,12,12.5,blue.ruin.2,1.6,4.477
5,7/30/2021 12:20,12:20,12,13.5,blue.ruin.2,1.095579041,5.368133373
5,7/30/2021 12:30,12:30,12,13.812,blue.ruin.2,1.080937774,5.694201139
5,7/30/2021 12:40,12:40,12,12.938,blue.ruin.2,1.6,4.658
5,7/30/2021 12:55,12:55,12,13.188,blue.ruin.2,1.373776224,4.621
5,7/30/2021 13:05,13:05,13,14.625,blue.ruin.2,1.033933069,4.590905227
5,7/30/2021 13:20,13:20,13,13.625,blue.ruin.2,1.081049414,4.409240003
5,7/30/2021 13:30,13:30,13,12.938,blue.ruin.2,1.6,4.679
5,7/30/2021 13:40,13:40,13,12.812,blue.ruin.2,1.6,4.611
5,7/30/2021 13:55,13:55,13,12.75,blue.ruin.2,1.6,4.398
5,7/30/2021 14:05,14:05,14,12.75,blue.ruin.2,1.6,4.537
5,7/30/2021 14:20,14:20,14,12.688,blue.ruin.2,1.6,4.298
5,7/30/2021 14:30,14:30,14,13.125,blue.ruin.2,1.072930464,4.716502483
5,7/30/2021 14:40,14:40,14,12.625,blue.ruin.2,1.6,4.165
5,7/30/2021 14:55,14:55,14,12.562,blue.ruin.2,1.6,4.071
5,7/30/2021 15:05,15:05,15,12.625,blue.ruin.2,1.6,4.064
5,7/30/2021 15:20,15:20,15,12.562,blue.ruin.2,1.6,4.002
5,7/30/2021 15:30,15:30,15,12.562,blue.ruin.2,1.6,4.045
5,7/30/2021 15:40,15:40,15,12.5,blue.ruin.2,1.6,3.99
5,7/30/2021 15:55,15:55,15,12.438,blue.ruin.2,1.6,4.023
5,7/30/2021 16:05,16:05,16,12.562,blue.ruin.2,1.6,4.08
5,7/30/2021 16:20,16:20,16,12.562,blue.ruin.2,1.6,4.073
5,7/30/2021 16:30,16:30,16,12.312,blue.ruin.2,1.6,4.115
5,7/30/2021 16:40,16:40,16,12.25,blue.ruin.2,1.6,4.105
5,7/30/2021 16:55,16:55,16,12.25,blue.ruin.2,1.6,4.042
5,7/30/2021 17:05,17:05,17,12.312,blue.ruin.2,1.6,3.991
5,7/30/2021 17:20,17:20,17,12.438,blue.ruin.2,1.6,3.99
5,7/30/2021 17:30,17:30,17,12.438,blue.ruin.2,1.6,4.058
5,7/30/2021 17:40,17:40,17,12.375,blue.ruin.2,1.6,3.986
5,7/30/2021 17:55,17:55,17,12.438,blue.ruin.2,1.6,3.966
5,7/30/2021 18:05,18:05,18,12.375,blue.ruin.2,1.6,4.015
5,7/30/2021 18:20,18:20,18,12.625,blue.ruin.2,1.412244898,3.942
5,7/30/2021 18:30,18:30,18,12.375,blue.ruin.2,1.6,3.912
5,7/30/2021 18:40,18:40,18,12.312,blue.ruin.2,1.6,3.886
5,7/30/2021 18:55,18:55,18,12.438,blue.ruin.2,1.6,3.752
5,7/30/2021 19:05,19:05,19,12.375,blue.ruin.2,1.6,3.738
5,7/30/2021 19:20,19:20,19,12.5,blue.ruin.2,1.6,3.661
5,7/30/2021 19:30,19:30,19,12.438,blue.ruin.2,1.6,3.655
5,7/30/2021 19:40,19:40,19,12.375,blue.ruin.2,1.6,3.498
5,7/30/2021 19:55,19:55,19,12.438,blue.ruin.2,1.491304348,3.366
5,7/30/2021 20:05,20:05,20,12.312,blue.ruin.2,1.6,3.372
5,7/30/2021 20:20,20:20,20,12.062,blue.ruin.2,1.6,3.292
5,7/30/2021 20:30,20:30,20,12.438,blue.ruin.2,1.245862069,3.22275
5,7/30/2021 20:40,20:40,20,12.5,blue.ruin.2,1.067318436,3.229120112
5,7/30/2021 20:55,20:55,20,12.375,blue.ruin.2,1.374468085,3.218
5,7/30/2021 21:05,21:05,21,12.75,blue.ruin.2,0.938095238,3.084155844
5,7/30/2021 21:20,21:20,21,12.75,blue.ruin.2,0.936319416,3.039996315
5,7/30/2021 21:30,21:30,21,12.812,blue.ruin.2,0.928823529,2.995090909
5,7/30/2021 21:40,21:40,21,12.75,blue.ruin.2,0.937860552,2.87032353
5,7/30/2021 21:55,21:55,21,14.688,blue.ruin.2,0.751879699,3.549254956
5,7/30/2021 22:05,22:05,22,13,blue.ruin.2,0.908192568,2.890743243
5,7/30/2021 22:20,22:20,22,13.188,blue.ruin.2,0.891400728,2.946938998
5,7/30/2021 22:30,22:30,22,12.938,blue.ruin.2,0.913536977,2.851818766
5,7/30/2021 22:40,22:40,22,13.375,blue.ruin.2,0.870976083,3.014774049
5,7/30/2021 22:55,22:55,22,14.438,blue.ruin.2,0.764100308,3.319518858
5,7/30/2021 23:05,23:05,23,13.812,blue.ruin.2,0.823882863,3.153450207
5,7/30/2021 23:20,23:20,23,13.312,blue.ruin.2,0.872285216,2.775970345
5,7/30/2021 23:30,23:30,23,13.812,blue.ruin.2,0.823222852,2.980262459
5,7/30/2021 23:40,23:40,23,14,blue.ruin.2,0.804211663,3.061584528
5,7/30/2021 23:55,23:55,23,14.25,blue.ruin.2,0.777226854,3.178265986
5,7/31/2021 0:05,0:05,0,13.188,blue.ruin.2,0.877634195,2.781832641
5,7/31/2021 0:20,0:20,0,13,blue.ruin.2,0.893687151,2.709177247
5,7/31/2021 0:30,0:30,0,13.312,blue.ruin.2,0.863021779,2.789353242
5,7/31/2021 0:40,0:40,0,13.5,blue.ruin.2,0.842857143,2.795194805
5,7/31/2021 0:55,0:55,0,13.438,blue.ruin.2,0.851231581,2.83141052
5,7/31/2021 1:05,1:05,1,13.375,blue.ruin.2,0.857341527,2.757218041
5,7/31/2021 1:20,1:20,1,13.562,blue.ruin.2,0.841791685,2.858885555
5,7/31/2021 1:30,1:30,1,13.188,blue.ruin.2,0.877488152,2.701714778
5,7/31/2021 1:40,1:40,1,13,blue.ruin.2,0.895145842,2.645586338
5,7/31/2021 1:55,1:55,1,13.75,blue.ruin.2,0.816852058,2.846501163
5,7/31/2021 2:05,2:05,2,13.25,blue.ruin.2,0.863928893,2.723440799
5,7/31/2021 2:20,2:20,2,12.875,blue.ruin.2,0.898161508,2.668182453
5,7/31/2021 2:30,2:30,2,12.938,blue.ruin.2,0.889552239,2.682767978
5,7/31/2021 2:40,2:40,2,13.188,blue.ruin.2,0.856475904,2.735145126
5,7/31/2021 2:55,2:55,2,13.062,blue.ruin.2,0.868856144,2.674910998
5,7/31/2021 3:05,3:05,3,13.188,blue.ruin.2,0.859371884,2.618413849
5,7/31/2021 3:20,3:20,3,13.312,blue.ruin.2,0.848041958,2.676057216
5,7/31/2021 3:30,3:30,3,13.438,blue.ruin.2,0.840074779,2.645880354
5,7/31/2021 3:40,3:40,3,13.5,blue.ruin.2,0.833482143,2.71913961
5,7/31/2021 3:55,3:55,3,13.312,blue.ruin.2,0.852366071,2.621184253
5,7/31/2021 4:05,4:05,4,13,blue.ruin.2,0.881282282,2.606209501
5,7/31/2021 4:20,4:20,4,13.375,blue.ruin.2,0.83797782,2.619051654
5,7/31/2021 4:30,4:30,4,13.625,blue.ruin.2,0.807292695,2.504600871
5,7/31/2021 4:40,4:40,4,13.375,blue.ruin.2,0.82767328,2.649016186
5,7/31/2021 4:55,4:55,4,13.25,blue.ruin.2,0.834020619,2.546044986
5,7/31/2021 5:05,5:05,5,13.312,blue.ruin.2,0.819778296,2.638383367
5,7/31/2021 5:20,5:20,5,13.188,blue.ruin.2,0.829681979,2.52594282
5,7/31/2021 5:30,5:30,5,13.188,blue.ruin.2,0.829681979,2.569376807
5,7/31/2021 5:40,5:40,5,13.875,blue.ruin.2,0.741594077,2.578205575
5,7/31/2021 5:55,5:55,5,13.875,blue.ruin.2,0.752459908,2.589016037
5,7/31/2021 6:05,6:05,6,13,blue.ruin.2,0.861451216,2.567619071
5,7/31/2021 6:20,6:20,6,13.25,blue.ruin.2,0.832218025,2.600650052
5,7/31/2021 6:30,6:30,6,12.875,blue.ruin.2,0.879801953,2.506790312
5,7/31/2021 6:40,6:40,6,13.5,blue.ruin.2,0.800622407,2.585797812
5,7/31/2021 6:55,6:55,6,13.875,blue.ruin.2,0.749902425,2.602801784
5,7/31/2021 7:05,7:05,7,13.125,blue.ruin.2,0.847175703,2.548520373
5,7/31/2021 7:20,7:20,7,13.438,blue.ruin.2,0.799009604,2.737462076
5,7/31/2021 7:30,7:30,7,12.875,blue.ruin.2,0.875717371,2.763449833
5,7/31/2021 7:40,7:40,7,13.688,blue.ruin.2,0.761888782,3.106222435
5,7/31/2021 7:55,7:55,7,14.125,blue.ruin.2,0.697081388,3.319852023
5,7/31/2021 8:05,8:05,8,13.5,blue.ruin.2,0.796507051,3.226053251
5,7/31/2021 8:20,8:20,8,13.125,blue.ruin.2,0.871394231,3.484366259
5,7/31/2021 8:30,8:30,8,13.5,blue.ruin.2,0.814391144,3.660805099
5,7/31/2021 8:40,8:40,8,13.812,blue.ruin.2,0.778322187,3.70537762
5,7/31/2021 8:55,8:55,8,13.5,blue.ruin.2,0.826813578,4.052176293
5,7/31/2021 9:05,9:05,9,13.375,blue.ruin.2,0.858030063,4.056324799
5,7/31/2021 9:20,9:20,9,13.938,blue.ruin.2,0.818779343,4.307409304
5,7/31/2021 9:30,9:30,9,13.625,blue.ruin.2,0.859264628,4.537310107
5,7/31/2021 9:40,9:40,9,11.812,blue.ruin.2,1.6,3.722
5,7/31/2021 9:55,9:55,9,11.125,blue.ruin.2,1.6,3.873
5,7/31/2021 10:05,10:05,10,11,blue.ruin.2,1.6,3.923
5,7/31/2021 10:20,10:20,10,11.812,blue.ruin.2,1.6,3.944
5,7/31/2021 10:30,10:30,10,11.812,blue.ruin.2,1.6,4.031
5,7/31/2021 10:40,10:40,10,11.812,blue.ruin.2,1.6,4.035
5,7/31/2021 10:55,10:55,10,12.062,blue.ruin.2,1.6,4.115
5,7/31/2021 11:05,11:05,11,12,blue.ruin.2,1.6,4.23
5,7/31/2021 11:20,11:20,11,11.875,blue.ruin.2,1.6,4.29
5,7/31/2021 11:30,11:30,11,12,blue.ruin.2,1.6,4.368
5,7/31/2021 11:40,11:40,11,12,blue.ruin.2,1.6,4.519
5,7/31/2021 11:55,11:55,11,12,blue.ruin.2,1.6,4.345
5,7/31/2021 12:05,12:05,12,12.062,blue.ruin.2,1.6,4.639
5,7/31/2021 12:20,12:20,12,12.125,blue.ruin.2,1.6,4.299
5,7/31/2021 12:30,12:30,12,12.188,blue.ruin.2,1.6,4.226
5,7/31/2021 12:40,12:40,12,12.25,blue.ruin.2,1.6,4.323
5,7/31/2021 12:55,12:55,12,12.312,blue.ruin.2,1.6,4.016
5,7/31/2021 13:05,13:05,13,12.188,blue.ruin.2,1.6,4.008
5,7/31/2021 13:20,13:20,13,12.25,blue.ruin.2,1.6,4.065
5,7/31/2021 13:30,13:30,13,12.25,blue.ruin.2,1.6,4.036
5,7/31/2021 13:40,13:40,13,12.188,blue.ruin.2,1.6,4.116
5,7/31/2021 13:55,13:55,13,12.562,blue.ruin.2,1.6,4.075
5,7/31/2021 14:05,14:05,14,12.125,blue.ruin.2,1.6,4.149
5,7/31/2021 14:20,14:20,14,12.188,blue.ruin.2,1.6,4.193
5,7/31/2021 14:30,14:30,14,12.25,blue.ruin.2,1.6,4.306
5,7/31/2021 14:40,14:40,14,12.188,blue.ruin.2,1.6,4.25
5,7/31/2021 14:55,14:55,14,12.25,blue.ruin.2,1.6,4.303
5,7/31/2021 15:05,15:05,15,12.312,blue.ruin.2,1.6,4.262
5,7/31/2021 15:20,15:20,15,12.375,blue.ruin.2,1.6,4.326
5,7/31/2021 15:30,15:30,15,12.312,blue.ruin.2,1.6,4.321
5,7/31/2021 15:40,15:40,15,12.375,blue.ruin.2,1.6,4.297
5,7/31/2021 15:55,15:55,15,12.25,blue.ruin.2,1.6,4.237
5,7/31/2021 16:05,16:05,16,12.312,blue.ruin.2,1.6,4.341
5,7/31/2021 16:20,16:20,16,12.25,blue.ruin.2,1.6,4.281
5,7/31/2021 16:30,16:30,16,11.625,blue.ruin.2,1.6,4.248
5,7/31/2021 16:40,16:40,16,12.25,blue.ruin.2,1.6,4.215
5,7/31/2021 16:55,16:55,16,12.438,blue.ruin.2,1.6,4.23
5,7/31/2021 17:05,17:05,17,12.438,blue.ruin.2,1.6,4.208
5,7/31/2021 17:20,17:20,17,12.5,blue.ruin.2,1.6,4.152
5,7/31/2021 17:30,17:30,17,12.562,blue.ruin.2,1.6,4.101
5,7/31/2021 17:40,17:40,17,12.625,blue.ruin.2,1.6,4.101
5,7/31/2021 17:55,17:55,17,12.688,blue.ruin.2,1.6,4.083
5,7/31/2021 18:05,18:05,18,12.688,blue.ruin.2,1.6,4.118
5,7/31/2021 18:20,18:20,18,12.625,blue.ruin.2,1.6,4.088
5,7/31/2021 18:30,18:30,18,12.625,blue.ruin.2,1.6,3.983
5,7/31/2021 18:40,18:40,18,12.625,blue.ruin.2,1.6,4.056
5,7/31/2021 18:55,18:55,18,12.625,blue.ruin.2,1.6,4.009
5,7/31/2021 19:05,19:05,19,12.625,blue.ruin.2,1.6,3.901
5,7/31/2021 19:20,19:20,19,12.625,blue.ruin.2,1.6,3.826
5,7/31/2021 19:30,19:30,19,12.625,blue.ruin.2,1.6,3.745
5,7/31/2021 19:40,19:40,19,12.562,blue.ruin.2,1.6,3.589
5,7/31/2021 19:55,19:55,19,12.5,blue.ruin.2,1.6,3.473
5,7/31/2021 20:05,20:05,20,12.5,blue.ruin.2,1.6,3.481
5,7/31/2021 20:20,20:20,20,12.438,blue.ruin.2,1.6,3.388
5,7/31/2021 20:30,20:30,20,11.875,blue.ruin.2,1.6,3.39
5,7/31/2021 20:40,20:40,20,12.438,blue.ruin.2,1.6,3.294
5,7/31/2021 20:55,20:55,20,13.062,blue.ruin.2,1.02380531,3.17070177
5,7/31/2021 21:05,21:05,21,13.688,blue.ruin.2,0.930821206,3.213902854
5,7/31/2021 21:20,21:20,21,14.625,blue.ruin.2,0.880764659,3.599059213
5,7/31/2021 21:30,21:30,21,13.375,blue.ruin.2,0.967983075,2.977867595
5,7/31/2021 21:40,21:40,21,13.375,blue.ruin.2,0.960089686,2.874439462
5,7/31/2021 21:55,21:55,21,12.938,blue.ruin.2,1.042638037,2.85322546
5,7/31/2021 22:05,22:05,22,12.938,blue.ruin.2,1.023365617,2.813197942
5,7/31/2021 22:20,22:20,22,13.188,blue.ruin.2,0.942494208,2.780493506
5,7/31/2021 22:30,22:30,22,13.125,blue.ruin.2,0.94129257,2.76746904
5,7/31/2021 22:40,22:40,22,12.875,blue.ruin.2,1.002152318,2.718292632
5,7/31/2021 22:55,22:55,22,12.562,blue.ruin.2,1.368831169,2.852
5,7/31/2021 23:05,23:05,23,12.75,blue.ruin.2,1.028,2.691145
5,7/31/2021 23:20,23:20,23,13,blue.ruin.2,0.935640844,2.680751479
5,7/31/2021 23:30,23:30,23,12.75,blue.ruin.2,0.980991736,2.633868802
5,7/31/2021 23:40,23:40,23,14.75,blue.ruin.2,0.784977662,3.333097881
5,7/31/2021 23:55,23:55,23,12.875,blue.ruin.2,0.936258865,2.656969697
5,8/1/2021 0:05,0:05,0,13.188,blue.ruin.2,0.909082961,2.716384302
5,8/1/2021 0:20,0:20,0,13.25,blue.ruin.2,0.901438849,2.729502943
5,8/1/2021 0:30,0:30,0,13.688,blue.ruin.2,0.865640692,2.876761121
5,8/1/2021 0:40,0:40,0,14.062,blue.ruin.2,0.836844978,2.920325526
5,8/1/2021 0:55,0:55,0,13.312,blue.ruin.2,0.898478261,2.672363636
5,8/1/2021 1:05,1:05,1,13.75,blue.ruin.2,0.860688274,2.78878832
5,8/1/2021 1:20,1:20,1,13.25,blue.ruin.2,0.897626085,2.675214551
5,8/1/2021 1:30,1:30,1,14.062,blue.ruin.2,0.828691943,2.836279362
5,8/1/2021 1:40,1:40,1,13.625,blue.ruin.2,0.86380789,2.760516139
5,8/1/2021 1:55,1:55,1,13.625,blue.ruin.2,0.860817865,2.672686669
5,8/1/2021 2:05,2:05,2,13.625,blue.ruin.2,0.859149104,2.659515999
5,8/1/2021 2:20,2:20,2,14.438,blue.ruin.2,0.776788276,2.851454657
5,8/1/2021 2:30,2:30,2,13.5,blue.ruin.2,0.85719697,2.623050964
5,8/1/2021 2:40,2:40,2,13.812,blue.ruin.2,0.819119929,2.806491808
5,8/1/2021 2:55,2:55,2,15.125,blue.ruin.2,0.654872985,2.742199449
5,8/1/2021 3:05,3:05,3,13.5,blue.ruin.2,0.820588235,2.776470588
5,8/1/2021 3:20,3:20,3,13.5,blue.ruin.2,0.81556415,2.710208783
5,8/1/2021 3:30,3:30,3,13.5,blue.ruin.2,0.813099921,2.681747371
5,8/1/2021 3:40,3:40,3,13.438,blue.ruin.2,0.823599386,2.664662667
5,8/1/2021 3:55,3:55,3,13.312,blue.ruin.2,0.840989011,2.602885115
5,8/1/2021 4:05,4:05,4,13.125,blue.ruin.2,0.864817941,2.644474648
5,8/1/2021 4:20,4:20,4,13.25,blue.ruin.2,0.855076495,2.630151726
5,8/1/2021 4:30,4:30,4,13.312,blue.ruin.2,0.848609179,2.550886332
5,8/1/2021 4:40,4:40,4,13.438,blue.ruin.2,0.83453064,2.559668245
5,8/1/2021 4:55,4:55,4,13.5,blue.ruin.2,0.827480388,2.489153836
5,8/1/2021 5:05,5:05,5,13.875,blue.ruin.2,0.784886739,2.550123557
5,8/1/2021 5:20,5:20,5,13.625,blue.ruin.2,0.805943465,2.521914165
5,8/1/2021 5:30,5:30,5,13.938,blue.ruin.2,0.769868035,2.635634497
5,8/1/2021 5:40,5:40,5,13.938,blue.ruin.2,0.764425982,2.575696237
5,8/1/2021 5:55,5:55,5,14.062,blue.ruin.2,0.741660171,2.564247857
5,8/1/2021 6:05,6:05,6,13.688,blue.ruin.2,0.782292218,2.517707782
5,8/1/2021 6:20,6:20,6,13.688,blue.ruin.2,0.776837934,2.51613009
5,8/1/2021 6:30,6:30,6,13.688,blue.ruin.2,0.764988152,2.504737182
5,8/1/2021 6:40,6:40,6,13.125,blue.ruin.2,0.837233096,2.478163216
5,8/1/2021 6:55,6:55,6,13.75,blue.ruin.2,0.745142071,2.625262895
5,8/1/2021 7:05,7:05,7,13.375,blue.ruin.2,0.799633811,2.673889367
5,8/1/2021 7:20,7:20,7,13.125,blue.ruin.2,0.83255299,2.766197406
5,8/1/2021 7:30,7:30,7,13.562,blue.ruin.2,0.767947883,2.90240154
5,8/1/2021 7:40,7:40,7,13.375,blue.ruin.2,0.800469729,2.929812109
5,8/1/2021 7:55,7:55,7,13.812,blue.ruin.2,0.750918728,3.265521362
5,8/1/2021 8:05,8:05,8,12.938,blue.ruin.2,0.903646733,3.633873613
5,8/1/2021 8:20,8:20,8,11.688,blue.ruin.2,1.6,3.444
5,8/1/2021 8:30,8:30,8,11.188,blue.ruin.2,1.6,3.543
5,8/1/2021 8:40,8:40,8,11.375,blue.ruin.2,1.6,3.585
5,8/1/2021 8:55,8:55,8,11.25,blue.ruin.2,1.6,3.785
5,8/1/2021 9:05,9:05,9,11.188,blue.ruin.2,1.6,3.859
5,8/1/2021 9:20,9:20,9,11.688,blue.ruin.2,1.6,3.993
5,8/1/2021 9:30,9:30,9,11.812,blue.ruin.2,1.6,4.062
5,8/1/2021 9:40,9:40,9,11.875,blue.ruin.2,1.6,4.154
5,8/1/2021 9:55,9:55,9,11.812,blue.ruin.2,1.6,4.3
5,8/1/2021 10:05,10:05,10,11.938,blue.ruin.2,1.6,4.484
5,8/1/2021 10:20,10:20,10,12,blue.ruin.2,1.6,4.581
5,8/1/2021 10:30,10:30,10,12.125,blue.ruin.2,1.6,4.425
5,8/1/2021 10:40,10:40,10,12.125,blue.ruin.2,1.6,4.431
5,8/1/2021 10:55,10:55,10,12.125,blue.ruin.2,1.6,4.643
5,8/1/2021 11:05,11:05,11,12.188,blue.ruin.2,1.6,4.448
5,8/1/2021 11:20,11:20,11,12.25,blue.ruin.2,1.6,4.483
5,8/1/2021 11:30,11:30,11,12.312,blue.ruin.2,1.6,4.502
5,8/1/2021 11:40,11:40,11,12.562,blue.ruin.2,1.6,4.649
5,8/1/2021 11:55,11:55,11,12.438,blue.ruin.2,1.6,4.637
5,8/1/2021 12:05,12:05,12,12.438,blue.ruin.2,1.6,4.748
5,8/1/2021 12:20,12:20,12,12.438,blue.ruin.2,1.6,4.935
5,8/1/2021 12:30,12:30,12,12.625,blue.ruin.2,1.6,4.802
5,8/1/2021 12:40,12:40,12,12.562,blue.ruin.2,1.6,4.943
5,8/1/2021 12:55,12:55,12,12.562,blue.ruin.2,1.6,4.85
5,8/1/2021 13:05,13:05,13,12.625,blue.ruin.2,1.6,4.887
5,8/1/2021 13:20,13:20,13,12.75,blue.ruin.2,1.6,5.011
5,8/1/2021 13:30,13:30,13,12.688,blue.ruin.2,1.6,4.879
5,8/1/2021 13:40,13:40,13,12.875,blue.ruin.2,1.6,4.993
5,8/1/2021 13:55,13:55,13,12.812,blue.ruin.2,1.6,4.873
5,8/1/2021 14:05,14:05,14,12.875,blue.ruin.2,1.6,4.748
5,8/1/2021 14:20,14:20,14,12.812,blue.ruin.2,1.6,4.671
5,8/1/2021 14:30,14:30,14,12.75,blue.ruin.2,1.6,4.644
5,8/1/2021 14:40,14:40,14,12.938,blue.ruin.2,1.6,4.698
5,8/1/2021 14:55,14:55,14,13.062,blue.ruin.2,1.6,4.485
5,8/1/2021 15:05,15:05,15,13,blue.ruin.2,1.6,4.344
5,8/1/2021 15:20,15:20,15,13.062,blue.ruin.2,1.6,4.341
5,8/1/2021 15:30,15:30,15,13.062,blue.ruin.2,1.6,4.265
5,8/1/2021 15:40,15:40,15,12.375,blue.ruin.2,1.6,4.259
5,8/1/2021 15:55,15:55,15,13,blue.ruin.2,1.6,4.166
5,8/1/2021 16:05,16:05,16,12.938,blue.ruin.2,1.6,4.245
5,8/1/2021 16:20,16:20,16,12.938,blue.ruin.2,1.6,4.069
5,8/1/2021 16:30,16:30,16,13,blue.ruin.2,1.6,4.073
5,8/1/2021 16:40,16:40,16,12.938,blue.ruin.2,1.6,4.059
5,8/1/2021 16:55,16:55,16,12.938,blue.ruin.2,1.6,3.963
5,8/1/2021 17:05,17:05,17,12.938,blue.ruin.2,1.6,3.971
5,8/1/2021 17:20,17:20,17,12.875,blue.ruin.2,1.6,3.848
5,8/1/2021 17:30,17:30,17,12.875,blue.ruin.2,1.6,3.786
5,8/1/2021 17:40,17:40,17,12.938,blue.ruin.2,1.6,3.683
5,8/1/2021 17:55,17:55,17,13,blue.ruin.2,1.6,3.649
5,8/1/2021 18:05,18:05,18,13,blue.ruin.2,1.6,3.6
5,8/1/2021 18:20,18:20,18,12.938,blue.ruin.2,1.6,3.61
5,8/1/2021 18:30,18:30,18,12.938,blue.ruin.2,1.6,3.531
5,8/1/2021 18:40,18:40,18,12.938,blue.ruin.2,1.6,3.515
5,8/1/2021 18:55,18:55,18,12.875,blue.ruin.2,1.6,3.555
5,8/1/2021 19:05,19:05,19,12.875,blue.ruin.2,1.6,3.555
5,8/1/2021 19:20,19:20,19,12.812,blue.ruin.2,1.6,3.49
5,8/1/2021 19:30,19:30,19,12.75,blue.ruin.2,1.6,3.429
5,8/1/2021 19:40,19:40,19,12.75,blue.ruin.2,1.6,3.363
5,8/1/2021 19:55,19:55,19,12.75,blue.ruin.2,1.6,3.266
5,8/1/2021 20:05,20:05,20,12.75,blue.ruin.2,1.6,3.259
5,8/1/2021 20:20,20:20,20,12.625,blue.ruin.2,1.6,3.157
5,8/1/2021 20:30,20:30,20,12.625,blue.ruin.2,1.6,3.058
5,8/1/2021 20:40,20:40,20,12.375,blue.ruin.2,1.6,3.01
5,8/1/2021 20:55,20:55,20,13.312,blue.ruin.2,1.022680412,2.943634021
5,8/1/2021 21:05,21:05,21,13,blue.ruin.2,1.194736842,2.867361842
5,8/1/2021 21:20,21:20,21,13.812,blue.ruin.2,0.919244136,2.951804755
5,8/1/2021 21:30,21:30,21,14.5,blue.ruin.2,0.870890712,3.181642117
5,8/1/2021 21:40,21:40,21,15.312,blue.ruin.2,0.815965951,3.364540071
5,8/1/2021 21:55,21:55,21,13.188,blue.ruin.2,1.002760736,2.667806748
5,8/1/2021 22:05,22:05,22,14.25,blue.ruin.2,0.89028371,2.92052471
5,8/1/2021 22:20,22:20,22,15.188,blue.ruin.2,0.827449168,3.182592842
5,8/1/2021 22:30,22:30,22,15.25,blue.ruin.2,0.827968338,3.312189974
5,8/1/2021 22:40,22:40,22,16.562,blue.ruin.2,0.771892655,3.796078582
5,8/1/2021 22:55,22:55,22,12.875,blue.ruin.2,1.095964417,3.239236006
5,8/1/2021 23:05,23:05,23,14.938,blue.ruin.2,1.039972248,3.944666096
5,8/1/2021 23:20,23:20,23,13.938,blue.ruin.2,1.067224114,3.494266223
5,8/1/2021 23:30,23:30,23,14.438,blue.ruin.2,1.048872679,3.53677321
5,8/1/2021 23:40,23:40,23,12.625,blue.ruin.2,1.517296512,2.814
5,8/1/2021 23:55,23:55,23,13.812,blue.ruin.2,1.006733524,2.475101719
5,8/2/2021 0:05,0:05,0,13.688,blue.ruin.2,0.96561086,2.511005656
5,8/2/2021 0:20,0:20,0,13.938,blue.ruin.2,0.924843848,2.634471069
5,8/2/2021 0:30,0:30,0,14.375,blue.ruin.2,0.892479611,2.763160003
5,8/2/2021 0:40,0:40,0,13.688,blue.ruin.2,0.955079365,2.41455873
5,8/2/2021 0:55,0:55,0,14.062,blue.ruin.2,0.9888355,2.351748304
5,8/2/2021 1:05,1:05,1,13.875,blue.ruin.2,1.036830274,2.504862074
5,8/2/2021 1:20,1:20,1,13.938,blue.ruin.2,1.043096836,2.394043624
5,8/2/2021 1:30,1:30,1,14.375,blue.ruin.2,1.025581395,2.542921512
5,8/2/2021 1:40,1:40,1,13.438,blue.ruin.2,1.069726027,2.537277397
5,8/2/2021 1:55,1:55,1,14.25,blue.ruin.2,1.021736785,2.52936219
5,8/2/2021 2:05,2:05,2,14.5,blue.ruin.2,1.014407917,2.538144918
5,8/2/2021 2:20,2:20,2,14.25,blue.ruin.2,1.029357352,2.471223223
5,8/2/2021 2:30,2:30,2,14.75,blue.ruin.2,1.002066116,2.48592562
5,8/2/2021 2:40,2:40,2,14.875,blue.ruin.2,0.991566265,2.378448795
5,8/2/2021 2:55,2:55,2,14.125,blue.ruin.2,1.012903226,2.392116935
5,8/2/2021 3:05,3:05,3,14,blue.ruin.2,1.001859612,2.355732059
5,8/2/2021 3:20,3:20,3,14.125,blue.ruin.2,0.99638009,2.299830317
5,8/2/2021 3:30,3:30,3,14,blue.ruin.2,1.003218449,2.320802078
5,8/2/2021 3:40,3:40,3,14.188,blue.ruin.2,0.997680294,2.262103583
5,8/2/2021 3:55,3:55,3,14.375,blue.ruin.2,0.973141123,2.304818854
5,8/2/2021 4:05,4:05,4,13.938,blue.ruin.2,1.005594406,2.338089161
5,8/2/2021 4:20,4:20,4,14.062,blue.ruin.2,0.957873486,2.219290713
5,8/2/2021 4:30,4:30,4,14.438,blue.ruin.2,0.910830684,2.388042347
5,8/2/2021 4:40,4:40,4,14.125,blue.ruin.2,0.94222719,2.263069775
5,8/2/2021 4:55,4:55,4,14.438,blue.ruin.2,0.94109063,2.275356794
5,8/2/2021 5:05,5:05,5,14.375,blue.ruin.2,0.973280802,2.250963467
5,8/2/2021 5:20,5:20,5,14.5,blue.ruin.2,0.960324484,1.968764749
5,8/2/2021 5:30,5:30,5,14.562,blue.ruin.2,0.961210974,2.182528264
5,8/2/2021 5:40,5:40,5,14.438,blue.ruin.2,0.960790274,2.132975304
5,8/2/2021 5:55,5:55,5,14.25,blue.ruin.2,0.940983972,2.120818425
5,8/2/2021 6:05,6:05,6,13.375,blue.ruin.2,1.012407953,2.182549245
5,8/2/2021 6:20,6:20,6,13.938,blue.ruin.2,0.926194382,2.275267396
5,8/2/2021 6:30,6:30,6,13.562,blue.ruin.2,0.986081694,2.253555976
5,8/2/2021 6:40,6:40,6,13.75,blue.ruin.2,0.972467903,2.121398894
5,8/2/2021 6:55,6:55,6,14.125,blue.ruin.2,0.93020362,2.13602427
5,8/2/2021 7:05,7:05,7,15.25,blue.ruin.2,0.779227053,2.887566974
5,8/2/2021 7:20,7:20,7,14,blue.ruin.2,0.966646116,2.24147349
5,8/2/2021 7:30,7:30,7,14.25,blue.ruin.2,0.935,2.398818182
5,8/2/2021 7:40,7:40,7,13.625,blue.ruin.2,1.001640927,2.642286438
5,8/2/2021 7:55,7:55,7,13.875,blue.ruin.2,0.965647482,2.987994604
5,8/2/2021 8:05,8:05,8,14.062,blue.ruin.2,0.949669811,3.240798456
5,8/2/2021 8:20,8:20,8,14.188,blue.ruin.2,0.948634146,3.423327716
5,8/2/2021 8:30,8:30,8,14.562,blue.ruin.2,0.878990385,3.795916084
5,8/2/2021 8:40,8:40,8,14.938,blue.ruin.2,0.814312796,4.03265489
5,8/2/2021 8:55,8:55,8,14.438,blue.ruin.2,0.907,4.010072727
5,8/2/2021 9:05,9:05,9,13.188,blue.ruin.2,1.064215686,NA
5,8/2/2021 9:20,9:20,9,13.812,blue.ruin.2,1.010576923,NA
5,8/2/2021 9:30,9:30,9,14.438,blue.ruin.2,0.94139284,4.036290963
5,8/2/2021 9:40,9:40,9,14,blue.ruin.2,1.001861702,NA
5,8/2/2021 9:55,9:55,9,13,blue.ruin.2,1.188392857,NA
5,8/2/2021 10:05,10:05,10,13.188,blue.ruin.2,1.097467167,NA
5,8/2/2021 10:20,10:20,10,13.75,blue.ruin.2,1.056514658,NA
5,8/2/2021 10:30,10:30,10,13.312,blue.ruin.2,1.148994975,NA
5,8/2/2021 10:40,10:40,10,12.5,blue.ruin.2,1.6,NA
5,8/2/2021 10:55,10:55,10,12.562,blue.ruin.2,1.6,NA
5,8/2/2021 11:05,11:05,11,13.125,blue.ruin.2,1.384459459,NA
5,8/2/2021 11:20,11:20,11,12.375,blue.ruin.2,1.6,NA
5,8/2/2021 11:30,11:30,11,12.375,blue.ruin.2,1.6,NA
5,8/2/2021 11:40,11:40,11,12.375,blue.ruin.2,1.6,NA
5,8/2/2021 11:55,11:55,11,12.375,blue.ruin.2,1.6,NA
5,8/2/2021 12:05,12:05,12,12.375,blue.ruin.2,1.6,NA
5,8/2/2021 12:20,12:20,12,12.375,blue.ruin.2,1.6,NA
5,8/2/2021 12:30,12:30,12,12.375,blue.ruin.2,1.6,NA
5,8/2/2021 12:40,12:40,12,12.438,blue.ruin.2,1.6,NA
5,8/2/2021 12:55,12:55,12,12.438,blue.ruin.2,1.6,NA
5,8/2/2021 13:05,13:05,13,12.438,blue.ruin.2,1.6,NA
5,8/2/2021 13:20,13:20,13,12.5,blue.ruin.2,1.6,NA
5,8/2/2021 13:30,13:30,13,12.625,blue.ruin.2,1.6,NA
5,8/2/2021 13:40,13:40,13,12.75,blue.ruin.2,1.6,4.584
5,8/2/2021 13:55,13:55,13,12.875,blue.ruin.2,1.6,4.694
5,8/2/2021 14:05,14:05,14,12.875,blue.ruin.2,1.6,4.413
5,8/2/2021 14:20,14:20,14,12.875,blue.ruin.2,1.6,4.348
5,8/2/2021 14:30,14:30,14,12.875,blue.ruin.2,1.6,4.571
5,8/2/2021 14:40,14:40,14,12.625,blue.ruin.2,1.6,4.564
5,8/2/2021 14:55,14:55,14,12.812,blue.ruin.2,1.6,4.214
5,8/2/2021 15:05,15:05,15,12.812,blue.ruin.2,1.6,4.017
5,8/2/2021 15:20,15:20,15,12.688,blue.ruin.2,1.6,4.179
5,8/2/2021 15:30,15:30,15,12.75,blue.ruin.2,1.6,4.105
5,8/2/2021 15:40,15:40,15,12.75,blue.ruin.2,1.6,4.119
5,8/2/2021 15:55,15:55,15,12.688,blue.ruin.2,1.6,3.787
5,8/2/2021 16:05,16:05,16,12.688,blue.ruin.2,1.6,3.952
5,8/2/2021 16:20,16:20,16,12.75,blue.ruin.2,1.6,3.949
5,8/2/2021 16:30,16:30,16,12.812,blue.ruin.2,1.6,3.957
5,8/2/2021 16:40,16:40,16,12.75,blue.ruin.2,1.6,3.966
5,8/2/2021 16:55,16:55,16,12.688,blue.ruin.2,1.6,3.956
5,8/2/2021 17:05,17:05,17,12.625,blue.ruin.2,1.6,3.96
5,8/2/2021 17:20,17:20,17,12.625,blue.ruin.2,1.6,3.909
5,8/2/2021 17:30,17:30,17,12.562,blue.ruin.2,1.6,3.937
5,8/2/2021 17:40,17:40,17,12.562,blue.ruin.2,1.6,3.91
5,8/2/2021 17:55,17:55,17,12.438,blue.ruin.2,1.6,3.834
5,8/2/2021 18:05,18:05,18,12.5,blue.ruin.2,1.6,3.747
5,8/2/2021 18:20,18:20,18,12.438,blue.ruin.2,1.6,3.728
5,8/2/2021 18:30,18:30,18,12.438,blue.ruin.2,1.6,3.76
5,8/2/2021 18:40,18:40,18,12.375,blue.ruin.2,1.6,3.703
5,8/2/2021 18:55,18:55,18,12.375,blue.ruin.2,1.6,3.635
5,8/2/2021 19:05,19:05,19,12.312,blue.ruin.2,1.6,3.566
5,8/2/2021 19:20,19:20,19,12.312,blue.ruin.2,1.6,3.55
5,8/2/2021 19:30,19:30,19,12.375,blue.ruin.2,1.6,3.529
5,8/2/2021 19:40,19:40,19,12.375,blue.ruin.2,1.6,3.371
5,8/2/2021 19:55,19:55,19,12.25,blue.ruin.2,1.6,3.399
5,8/2/2021 20:05,20:05,20,12.25,blue.ruin.2,1.6,3.383
5,8/2/2021 20:20,20:20,20,12.25,blue.ruin.2,1.6,3.11
5,8/2/2021 20:30,20:30,20,12.25,blue.ruin.2,1.6,3.231
5,8/2/2021 20:40,20:40,20,12.125,blue.ruin.2,1.6,3.058
5,8/2/2021 20:55,20:55,20,12.375,blue.ruin.2,1.6,3.058
5,8/2/2021 21:05,21:05,21,12.938,blue.ruin.2,1.109507042,3.134939261
5,8/2/2021 21:20,21:20,21,13.625,blue.ruin.2,0.905939472,3.137679236
5,8/2/2021 21:30,21:30,21,14.75,blue.ruin.2,0.821428571,3.348571429
5,8/2/2021 21:40,21:40,21,13.062,blue.ruin.2,0.944043584,2.992779221
5,8/2/2021 21:55,21:55,21,12.812,blue.ruin.2,1.116336634,2.91960396
5,8/2/2021 22:05,22:05,22,13.688,blue.ruin.2,0.89598312,3.029283015
5,8/2/2021 22:20,22:20,22,14.125,blue.ruin.2,0.864927832,3.090792139
5,8/2/2021 22:30,22:30,22,14.375,blue.ruin.2,0.84353537,3.191015552
5,8/2/2021 22:40,22:40,22,12.5,blue.ruin.2,1.388129496,2.72
5,8/2/2021 22:55,22:55,22,15.438,blue.ruin.2,0.755882353,3.032941176
5,8/2/2021 23:05,23:05,23,15.625,blue.ruin.2,0.731973774,3.086949622
5,8/2/2021 23:20,23:20,23,13.25,blue.ruin.2,0.908150985,2.84685001
5,8/2/2021 23:30,23:30,23,15.562,blue.ruin.2,0.717189808,2.81428864
5,8/2/2021 23:40,23:40,23,12.812,blue.ruin.2,0.943960857,2.72636855
5,8/2/2021 23:55,23:55,23,14.188,blue.ruin.2,0.824442153,2.977095784
5,8/3/2021 0:05,0:05,0,14.062,blue.ruin.2,0.83434071,2.790939016
5,8/3/2021 0:20,0:20,0,13.875,blue.ruin.2,0.847343222,2.919577886
5,8/3/2021 0:30,0:30,0,14.188,blue.ruin.2,0.817943128,2.852082723
5,8/3/2021 0:40,0:40,0,14.312,blue.ruin.2,0.805391121,2.703102057
5,8/3/2021 0:55,0:55,0,14.125,blue.ruin.2,0.817930967,2.722037654
5,8/3/2021 1:05,1:05,1,14.188,blue.ruin.2,0.805869302,2.634758884
5,8/3/2021 1:20,1:20,1,13.625,blue.ruin.2,0.851290932,2.700761965
5,8/3/2021 1:30,1:30,1,14.5,blue.ruin.2,0.761893988,2.680780984
5,8/3/2021 1:40,1:40,1,14.375,blue.ruin.2,0.771280088,2.633249453
5,8/3/2021 1:55,1:55,1,14,blue.ruin.2,0.804581673,2.646439696
5,8/3/2021 2:05,2:05,2,14.312,blue.ruin.2,0.766773897,2.629982453
5,8/3/2021 2:20,2:20,2,13.188,blue.ruin.2,0.876303261,2.636699704
5,8/3/2021 2:30,2:30,2,13.875,blue.ruin.2,0.796064247,2.632798832
5,8/3/2021 2:40,2:40,2,13.75,blue.ruin.2,0.79867049,2.649260119
5,8/3/2021 2:55,2:55,2,13.812,blue.ruin.2,0.750459167,2.653628015
5,8/3/2021 3:05,3:05,3,13.75,blue.ruin.2,0.711529126,2.667694175
5,8/3/2021 3:20,3:20,3,13.875,blue.ruin.2,0.683219453,2.654252777
5,8/3/2021 3:30,3:30,3,13.438,blue.ruin.2,0.714685139,2.65417678
5,8/3/2021 3:40,3:40,3,13.062,blue.ruin.2,0.783025027,2.649466812
5,8/3/2021 3:55,3:55,3,13.438,blue.ruin.2,0.694307197,2.702277121
5,8/3/2021 4:05,4:05,4,12.875,blue.ruin.2,0.812669544,2.637453761
5,8/3/2021 4:20,4:20,4,13.125,blue.ruin.2,0.724425287,2.67253396
5,8/3/2021 4:30,4:30,4,13,blue.ruin.2,0.785548173,2.646810631
5,8/3/2021 4:40,4:40,4,13.125,blue.ruin.2,0.743421053,2.701363636
5,8/3/2021 4:55,4:55,4,12.875,blue.ruin.2,0.81322563,2.642222941
5,8/3/2021 5:05,5:05,5,13.062,blue.ruin.2,0.764247021,2.657678519
5,8/3/2021 5:20,5:20,5,13.25,blue.ruin.2,0.742513634,2.669222067
5,8/3/2021 5:30,5:30,5,11.812,blue.ruin.2,1.6,2.724
5,8/3/2021 5:40,5:40,5,12.562,blue.ruin.2,0.894725738,2.604119678
5,8/3/2021 5:55,5:55,5,12.812,blue.ruin.2,0.827981651,2.656622185
5,8/3/2021 6:05,6:05,6,12.5,blue.ruin.2,0.887832094,2.615997488
5,8/3/2021 6:20,6:20,6,12.5,blue.ruin.2,0.87733564,2.581708084
5,8/3/2021 6:30,6:30,6,12.312,blue.ruin.2,0.929673777,2.627760922
5,8/3/2021 6:40,6:40,6,12.812,blue.ruin.2,0.789711191,2.654515917
5,8/3/2021 6:55,6:55,6,12.312,blue.ruin.2,0.927655172,2.593000627
5,8/3/2021 7:05,7:05,7,12.938,blue.ruin.2,0.743572395,2.733856563
5,8/3/2021 7:20,7:20,7,12.812,blue.ruin.2,0.756842924,2.825358405
5,8/3/2021 7:30,7:30,7,11.688,blue.ruin.2,1.6,2.847
5,8/3/2021 7:40,7:40,7,11.562,blue.ruin.2,1.6,2.668
5,8/3/2021 7:55,7:55,7,11,blue.ruin.2,1.6,3.046
5,8/3/2021 8:05,8:05,8,11.062,blue.ruin.2,1.6,3.129
5,8/3/2021 8:20,8:20,8,11,blue.ruin.2,1.6,3.329
5,8/3/2021 8:30,8:30,8,11.125,blue.ruin.2,1.6,3.355
5,8/3/2021 8:40,8:40,8,11,blue.ruin.2,1.6,3.39
5,8/3/2021 8:55,8:55,8,11.062,blue.ruin.2,1.6,3.576
5,8/3/2021 9:05,9:05,9,11,blue.ruin.2,1.6,3.69
5,8/3/2021 9:20,9:20,9,11.25,blue.ruin.2,1.6,3.856
5,8/3/2021 9:30,9:30,9,11.062,blue.ruin.2,1.6,3.988
5,8/3/2021 9:40,9:40,9,11.25,blue.ruin.2,1.6,4.075
5,8/3/2021 9:55,9:55,9,11.25,blue.ruin.2,1.6,4.383
5,8/3/2021 10:05,10:05,10,11.312,blue.ruin.2,1.6,4.374
5,8/3/2021 10:20,10:20,10,11.312,blue.ruin.2,1.6,4.578
5,8/3/2021 10:30,10:30,10,11.438,blue.ruin.2,1.6,4.743
5,8/3/2021 10:40,10:40,10,11.5,blue.ruin.2,1.6,4.82
5,8/3/2021 10:55,10:55,10,11.625,blue.ruin.2,1.6,5.13
5,8/3/2021 11:05,11:05,11,11.625,blue.ruin.2,1.6,5.023
5,8/3/2021 11:20,11:20,11,11.688,blue.ruin.2,1.6,5.062
5,8/3/2021 11:30,11:30,11,12,blue.ruin.2,1.6,5.156
5,8/3/2021 11:40,11:40,11,12.188,blue.ruin.2,1.6,5.172
5,8/3/2021 11:55,11:55,11,12.375,blue.ruin.2,1.6,NA
5,8/3/2021 12:05,12:05,12,12.25,blue.ruin.2,1.6,5.176
5,8/3/2021 12:20,12:20,12,12.5,blue.ruin.2,1.6,4.271
5,8/3/2021 12:30,12:30,12,12.375,blue.ruin.2,1.6,4.804
5,8/3/2021 12:40,12:40,12,12.25,blue.ruin.2,1.6,5.084
5,8/3/2021 12:55,12:55,12,12.688,blue.ruin.2,1.538461538,4.83
5,8/3/2021 13:05,13:05,13,12.5,blue.ruin.2,1.6,4.602
5,8/3/2021 13:20,13:20,13,14.5,blue.ruin.2,0.876666667,5.65
5,8/3/2021 13:30,13:30,13,13.312,blue.ruin.2,1.156576402,4.899709865
5,8/3/2021 13:40,13:40,13,14,blue.ruin.2,0.925342466,5.393935243
5,8/3/2021 13:55,13:55,13,12.438,blue.ruin.2,1.6,4.589
5,8/3/2021 14:05,14:05,14,12.312,blue.ruin.2,1.6,4.594
5,8/3/2021 14:20,14:20,14,12.5,blue.ruin.2,1.6,4.569
5,8/3/2021 14:30,14:30,14,12.562,blue.ruin.2,1.6,4.742
5,8/3/2021 14:40,14:40,14,12.562,blue.ruin.2,1.6,4.536
5,8/3/2021 14:55,14:55,14,12.625,blue.ruin.2,1.6,4.298
5,8/3/2021 15:05,15:05,15,12.625,blue.ruin.2,1.6,4.454
5,8/3/2021 15:20,15:20,15,12.625,blue.ruin.2,1.6,4.569
5,8/3/2021 15:30,15:30,15,12.625,blue.ruin.2,1.6,4.38
5,8/3/2021 15:40,15:40,15,12.625,blue.ruin.2,1.6,4.738
5,8/3/2021 15:55,15:55,15,12.5,blue.ruin.2,1.6,4.449
5,8/3/2021 16:05,16:05,16,12.5,blue.ruin.2,1.6,4.226
5,8/3/2021 16:20,16:20,16,12.5,blue.ruin.2,1.6,4.251
5,8/3/2021 16:30,16:30,16,12.5,blue.ruin.2,1.6,4.155
5,8/3/2021 16:40,16:40,16,12.438,blue.ruin.2,1.6,4.167
5,8/3/2021 16:55,16:55,16,12.375,blue.ruin.2,1.6,4.26
5,8/3/2021 17:05,17:05,17,12.375,blue.ruin.2,1.6,4.252
5,8/3/2021 17:20,17:20,17,12.438,blue.ruin.2,1.6,4.064
5,8/3/2021 17:30,17:30,17,12.438,blue.ruin.2,1.6,3.995
5,8/3/2021 17:40,17:40,17,12.438,blue.ruin.2,1.6,3.899
5,8/3/2021 17:55,17:55,17,12.438,blue.ruin.2,1.6,3.92
5,8/3/2021 18:05,18:05,18,12.375,blue.ruin.2,1.6,3.748
5,8/3/2021 18:20,18:20,18,12.375,blue.ruin.2,1.6,3.504
5,8/3/2021 18:30,18:30,18,12.438,blue.ruin.2,1.6,3.588
5,8/3/2021 18:40,18:40,18,12.375,blue.ruin.2,1.6,3.621
5,8/3/2021 18:55,18:55,18,12.375,blue.ruin.2,1.6,3.608
5,8/3/2021 19:05,19:05,19,12.25,blue.ruin.2,1.6,3.587
5,8/3/2021 19:20,19:20,19,12.188,blue.ruin.2,1.6,3.503
5,8/3/2021 19:30,19:30,19,12.25,blue.ruin.2,1.6,3.472
5,8/3/2021 19:40,19:40,19,12.188,blue.ruin.2,1.6,3.396
5,8/3/2021 19:55,19:55,19,12.125,blue.ruin.2,1.6,3.379
5,8/3/2021 20:05,20:05,20,11.938,blue.ruin.2,1.6,3.322
5,8/3/2021 20:20,20:20,20,11.938,blue.ruin.2,1.6,3.25
5,8/3/2021 20:30,20:30,20,12,blue.ruin.2,1.6,3.228
5,8/3/2021 20:40,20:40,20,11.938,blue.ruin.2,1.6,3.175
5,8/3/2021 20:55,20:55,20,12.5,blue.ruin.2,1.6,2.73
5,8/3/2021 21:05,21:05,21,13.062,blue.ruin.2,0.969852941,3.040643382
5,8/3/2021 21:20,21:20,21,13.938,blue.ruin.2,0.896825506,3.271312491
5,8/3/2021 21:30,21:30,21,13.562,blue.ruin.2,0.917402165,3.090845508
5,8/3/2021 21:40,21:40,21,13.188,blue.ruin.2,0.939361103,2.841125297
5,8/3/2021 21:55,21:55,21,13.438,blue.ruin.2,0.920370903,2.942287365
5,8/3/2021 22:05,22:05,22,13.75,blue.ruin.2,0.895871696,3.014703405
5,8/3/2021 22:20,22:20,22,14.188,blue.ruin.2,0.859800822,3.017637743
5,8/3/2021 22:30,22:30,22,12.5,blue.ruin.2,1.48814433,2.857
5,8/3/2021 22:40,22:40,22,13,blue.ruin.2,0.938190914,2.734906437
5,8/3/2021 22:55,22:55,22,12.312,blue.ruin.2,1.6,2.717
5,8/3/2021 23:05,23:05,23,12.375,blue.ruin.2,1.6,2.735
5,8/3/2021 23:20,23:20,23,13.25,blue.ruin.2,0.916927287,2.759909731
5,8/3/2021 23:30,23:30,23,12.562,blue.ruin.2,1.251094891,2.607627737
5,8/3/2021 23:40,23:40,23,12.938,blue.ruin.2,0.938963055,2.68625441
5,8/3/2021 23:55,23:55,23,13.438,blue.ruin.2,0.90135523,2.748445037
5,8/4/2021 0:05,0:05,0,12.25,blue.ruin.2,1.6,2.58
5,8/4/2021 0:20,0:20,0,13.188,blue.ruin.2,0.915057242,2.638729354
5,8/4/2021 0:30,0:30,0,13.938,blue.ruin.2,0.858582212,2.703161381
5,8/4/2021 0:40,0:40,0,15.188,blue.ruin.2,0.766278307,2.720211833
5,8/4/2021 0:55,0:55,0,13.375,blue.ruin.2,0.901298701,2.731676505
5,8/4/2021 1:05,1:05,1,13.688,blue.ruin.2,0.883458119,2.730021696
5,8/4/2021 1:20,1:20,1,13.438,blue.ruin.2,0.902960222,2.660329661
5,8/4/2021 1:30,1:30,1,12.938,blue.ruin.2,0.939202733,2.588649824
5,8/4/2021 1:40,1:40,1,13.625,blue.ruin.2,0.892464821,2.687499278
5,8/4/2021 1:55,1:55,1,13.25,blue.ruin.2,0.924137931,2.601253918
5,8/4/2021 2:05,2:05,2,13.5,blue.ruin.2,0.904314721,2.66383018
5,8/4/2021 2:20,2:20,2,12.562,blue.ruin.2,1.205076142,2.655653553
5,8/4/2021 2:30,2:30,2,13.438,blue.ruin.2,0.908655222,2.661710235
5,8/4/2021 2:40,2:40,2,14.812,blue.ruin.2,0.806587755,2.897226865
5,8/4/2021 2:55,2:55,2,14.562,blue.ruin.2,0.816132028,2.791490645
5,8/4/2021 3:05,3:05,3,13.875,blue.ruin.2,0.861466459,2.597706708
5,8/4/2021 3:20,3:20,3,13.625,blue.ruin.2,0.872286184,2.739775718
5,8/4/2021 3:30,3:30,3,13.812,blue.ruin.2,0.853494968,2.752125593
5,8/4/2021 3:40,3:40,3,13.375,blue.ruin.2,0.889743123,2.678065718
5,8/4/2021 3:55,3:55,3,13.438,blue.ruin.2,0.886767036,2.704166547
5,8/4/2021 4:05,4:05,4,13.438,blue.ruin.2,0.890861486,2.620213759
5,8/4/2021 4:20,4:20,4,14.438,blue.ruin.2,0.817531815,2.780851245
5,8/4/2021 4:30,4:30,4,14.5,blue.ruin.2,0.672695966,2.8274716
5,8/4/2021 4:40,4:40,4,13.438,blue.ruin.2,0.900176678,2.616023129
5,8/4/2021 4:55,4:55,4,13.875,blue.ruin.2,0.868915457,2.681529384
5,8/4/2021 5:05,5:05,5,13.062,blue.ruin.2,0.928210852,2.567731643
5,8/4/2021 5:20,5:20,5,14.438,blue.ruin.2,0.814242319,2.691074466
5,8/4/2021 5:30,5:30,5,14.688,blue.ruin.2,0.794092018,2.610867264
5,8/4/2021 5:40,5:40,5,14.438,blue.ruin.2,0.813125656,2.609772489
5,8/4/2021 5:55,5:55,5,12.25,blue.ruin.2,1.389726027,2.721
5,8/4/2021 6:05,6:05,6,11.688,blue.ruin.2,1.6,2.694
5,8/4/2021 6:20,6:20,6,11.688,blue.ruin.2,1.6,2.488
5,8/4/2021 6:30,6:30,6,11.688,blue.ruin.2,1.6,2.749
5,8/4/2021 6:40,6:40,6,11.75,blue.ruin.2,1.6,2.642
5,8/4/2021 6:55,6:55,6,11.688,blue.ruin.2,1.6,2.678
5,8/4/2021 7:05,7:05,7,11.812,blue.ruin.2,1.6,2.736
5,8/4/2021 7:20,7:20,7,11.75,blue.ruin.2,1.6,2.804
5,8/4/2021 7:30,7:30,7,11.625,blue.ruin.2,1.6,2.896
5,8/4/2021 7:40,7:40,7,11.562,blue.ruin.2,1.6,3.01
5,8/4/2021 7:55,7:55,7,11.625,blue.ruin.2,1.6,3.124
5,8/4/2021 8:05,8:05,8,11.688,blue.ruin.2,1.6,2.317
5,8/4/2021 8:20,8:20,8,11.75,blue.ruin.2,1.6,2.909
5,8/4/2021 8:30,8:30,8,11.812,blue.ruin.2,1.6,2.65
5,8/4/2021 8:40,8:40,8,11.812,blue.ruin.2,1.6,2.751
5,8/4/2021 8:55,8:55,8,11.875,blue.ruin.2,1.6,3.275
5,8/4/2021 9:05,9:05,9,11.938,blue.ruin.2,1.6,2.957
5,8/4/2021 9:20,9:20,9,12,blue.ruin.2,1.6,3.651
5,8/4/2021 9:30,9:30,9,12.062,blue.ruin.2,1.6,3.798
5,8/4/2021 9:40,9:40,9,12.125,blue.ruin.2,1.6,3.988
5,8/4/2021 9:55,9:55,9,12.062,blue.ruin.2,1.6,3.902
5,8/4/2021 10:05,10:05,10,12.188,blue.ruin.2,1.6,3.213
5,8/4/2021 10:20,10:20,10,12.188,blue.ruin.2,1.6,4.328
5,8/4/2021 10:30,10:30,10,12.312,blue.ruin.2,1.6,3.295
5,8/4/2021 10:40,10:40,10,12.188,blue.ruin.2,1.6,NA
5,8/4/2021 10:55,10:55,10,12.375,blue.ruin.2,1.6,4.612
5,8/4/2021 11:05,11:05,11,12.375,blue.ruin.2,1.6,3.223
5,8/4/2021 11:20,11:20,11,12.438,blue.ruin.2,1.6,4.573
5,8/4/2021 11:30,11:30,11,12.5,blue.ruin.2,1.6,4.872
5,8/4/2021 11:40,11:40,11,12.562,blue.ruin.2,1.6,4.778
5,8/4/2021 11:55,11:55,11,12.5,blue.ruin.2,1.6,4.931
5,8/4/2021 12:05,12:05,12,12.562,blue.ruin.2,1.6,4.896
5,8/4/2021 12:20,12:20,12,12.625,blue.ruin.2,1.6,4.855
5,8/4/2021 12:30,12:30,12,12.625,blue.ruin.2,1.6,5.106
5,8/4/2021 12:40,12:40,12,12.688,blue.ruin.2,1.6,4.864
5,8/4/2021 12:55,12:55,12,12.562,blue.ruin.2,1.6,4.837
5,8/4/2021 13:05,13:05,13,12.562,blue.ruin.2,1.6,4.863
5,8/4/2021 13:20,13:20,13,12.688,blue.ruin.2,1.6,4.994
5,8/4/2021 13:30,13:30,13,12.688,blue.ruin.2,1.6,4.88
5,8/4/2021 13:40,13:40,13,12.75,blue.ruin.2,1.6,4.629
5,8/4/2021 13:55,13:55,13,13.062,blue.ruin.2,1.6,4.751
5,8/4/2021 14:05,14:05,14,13.062,blue.ruin.2,1.6,4.963
5,8/4/2021 14:20,14:20,14,12.812,blue.ruin.2,1.6,4.533
5,8/4/2021 14:30,14:30,14,13,blue.ruin.2,1.6,4.564
5,8/4/2021 14:40,14:40,14,13,blue.ruin.2,1.6,4.539
5,8/4/2021 14:55,14:55,14,12.875,blue.ruin.2,1.6,4.402
5,8/4/2021 15:05,15:05,15,12.875,blue.ruin.2,1.6,4.491
5,8/4/2021 15:20,15:20,15,13,blue.ruin.2,1.6,3.949
5,8/4/2021 15:30,15:30,15,12.938,blue.ruin.2,1.6,4.453
5,8/4/2021 15:40,15:40,15,12.938,blue.ruin.2,1.6,4.461
5,8/4/2021 15:55,15:55,15,12.812,blue.ruin.2,1.6,4.126
5,8/4/2021 16:05,16:05,16,12.812,blue.ruin.2,1.6,4.206
5,8/4/2021 16:20,16:20,16,12.75,blue.ruin.2,1.6,4.301
5,8/4/2021 16:30,16:30,16,12.75,blue.ruin.2,1.6,3.97
5,8/4/2021 16:40,16:40,16,12.75,blue.ruin.2,1.6,4.263
5,8/4/2021 16:55,16:55,16,12.75,blue.ruin.2,1.6,4.094
5,8/4/2021 17:05,17:05,17,12.75,blue.ruin.2,1.6,3.742
5,8/4/2021 17:20,17:20,17,12.625,blue.ruin.2,1.6,4.096
5,8/4/2021 17:30,17:30,17,12.75,blue.ruin.2,1.6,4.149
5,8/4/2021 17:40,17:40,17,12.625,blue.ruin.2,1.6,4.148
5,8/4/2021 17:55,17:55,17,12.75,blue.ruin.2,1.6,4.117
5,8/4/2021 18:05,18:05,18,12.75,blue.ruin.2,1.6,4.075
5,8/4/2021 18:20,18:20,18,12.688,blue.ruin.2,1.6,3.956
5,8/4/2021 18:30,18:30,18,12.688,blue.ruin.2,1.6,3.952
5,8/4/2021 18:40,18:40,18,12.688,blue.ruin.2,1.6,3.89
5,8/4/2021 18:55,18:55,18,12.688,blue.ruin.2,1.6,3.83
5,8/4/2021 19:05,19:05,19,12.625,blue.ruin.2,1.6,3.803
5,8/4/2021 19:20,19:20,19,12.562,blue.ruin.2,1.6,3.716
5,8/4/2021 19:30,19:30,19,12.625,blue.ruin.2,1.6,3.657
5,8/4/2021 19:40,19:40,19,12.562,blue.ruin.2,1.6,3.6
5,8/4/2021 19:55,19:55,19,12.438,blue.ruin.2,1.6,3.494
5,8/4/2021 20:05,20:05,20,12.5,blue.ruin.2,1.6,3.419
5,8/4/2021 20:20,20:20,20,12.438,blue.ruin.2,1.6,3.335
5,8/4/2021 20:30,20:30,20,12.438,blue.ruin.2,1.6,3.241
5,8/4/2021 20:40,20:40,20,12.438,blue.ruin.2,1.6,3.195
5,8/4/2021 20:55,20:55,20,12.938,blue.ruin.2,1.021098266,3.097511561
5,8/4/2021 21:05,21:05,21,13.188,blue.ruin.2,0.937323944,3.076965429
5,8/4/2021 21:20,21:20,21,13.5,blue.ruin.2,0.914540082,3.066366254
5,8/4/2021 21:30,21:30,21,13.312,blue.ruin.2,0.92702952,2.95011741
5,8/4/2021 21:40,21:40,21,13.688,blue.ruin.2,0.899043397,2.898912315
5,8/4/2021 21:55,21:55,21,12.188,blue.ruin.2,1.6,2.71
5,8/4/2021 22:05,22:05,22,12.75,blue.ruin.2,1.060169492,2.762838983
5,8/4/2021 22:20,22:20,22,13,blue.ruin.2,0.939673824,2.73257916
5,8/4/2021 22:30,22:30,22,13.438,blue.ruin.2,0.903634545,2.723488132
5,8/4/2021 22:40,22:40,22,12.875,blue.ruin.2,0.944278691,2.674264976
5,8/4/2021 22:55,22:55,22,12.438,blue.ruin.2,1.364335664,2.723
5,8/4/2021 23:05,23:05,23,12.562,blue.ruin.2,1.169230769,2.702201923
5,8/4/2021 23:20,23:20,23,13.625,blue.ruin.2,0.878777545,2.719927502
5,8/4/2021 23:30,23:30,23,12.938,blue.ruin.2,0.932771338,2.641614139
5,8/4/2021 23:40,23:40,23,12.875,blue.ruin.2,0.937646121,2.634824655
5,8/4/2021 23:55,23:55,23,12.938,blue.ruin.2,0.931177504,2.604791181
5,8/5/2021 0:05,0:05,0,12.688,blue.ruin.2,0.949353332,2.620152849
5,8/5/2021 0:20,0:20,0,12.75,blue.ruin.2,0.944293478,2.601867589
5,8/5/2021 0:30,0:30,0,12.688,blue.ruin.2,0.949344978,2.570083366
5,8/5/2021 0:40,0:40,0,12.75,blue.ruin.2,0.942625637,2.600726346
5,8/5/2021 0:55,0:55,0,12.875,blue.ruin.2,0.928710575,2.599354023
5,8/5/2021 1:05,1:05,1,13.375,blue.ruin.2,0.885536044,2.645710805
5,8/5/2021 1:20,1:20,1,12.75,blue.ruin.2,0.937184355,2.553495176
5,8/5/2021 1:30,1:30,1,12.875,blue.ruin.2,0.926073086,2.548700696
5,8/5/2021 1:40,1:40,1,13.188,blue.ruin.2,0.896321366,2.57195195
5,8/5/2021 1:55,1:55,1,12.938,blue.ruin.2,0.915802171,2.536217787
5,8/5/2021 2:05,2:05,2,12.5,blue.ruin.2,1.01122449,2.555459184
5,8/5/2021 2:20,2:20,2,12.312,blue.ruin.2,1.277444795,2.622214511
5,8/5/2021 2:30,2:30,2,12.75,blue.ruin.2,0.930710349,2.584559372
5,8/5/2021 2:40,2:40,2,12.375,blue.ruin.2,1.158361775,2.62521587
5,8/5/2021 2:55,2:55,2,12.625,blue.ruin.2,0.940299733,2.583880107
5,8/5/2021 3:05,3:05,3,13.125,blue.ruin.2,0.891357381,2.573457048
5,8/5/2021 3:20,3:20,3,12.562,blue.ruin.2,0.944153395,2.581807133
5,8/5/2021 3:30,3:30,3,12.438,blue.ruin.2,1.018382353,NA
5,8/5/2021 3:40,3:40,3,12.938,blue.ruin.2,0.907640232,2.555403552
5,8/5/2021 3:55,3:55,3,12.25,blue.ruin.2,1.294318182,2.512252841
5,8/5/2021 4:05,4:05,4,12.438,blue.ruin.2,1.004310345,2.561133621
5,8/5/2021 4:20,4:20,4,12.438,blue.ruin.2,0.9775,2.55818125
5,8/5/2021 4:30,4:30,4,12.562,blue.ruin.2,0.939357756,2.582321944
5,8/5/2021 4:40,4:40,4,12.125,blue.ruin.2,1.445535714,2.62
5,8/5/2021 4:55,4:55,4,12.375,blue.ruin.2,1.014903846,2.524645433
5,8/5/2021 5:05,5:05,5,12.5,blue.ruin.2,0.941300145,2.54189815
5,8/5/2021 5:20,5:20,5,12.5,blue.ruin.2,0.941042548,2.542605804
5,8/5/2021 5:30,5:30,5,12.375,blue.ruin.2,1.014903846,2.541580529
5,8/5/2021 5:40,5:40,5,12.188,blue.ruin.2,1.308695652,2.6225
5,8/5/2021 5:55,5:55,5,12.5,blue.ruin.2,0.93879203,2.553464282
5,8/5/2021 6:05,6:05,6,12.625,blue.ruin.2,0.924328093,2.524002858
5,8/5/2021 6:20,6:20,6,12.5,blue.ruin.2,0.938308652,2.543826259
5,8/5/2021 6:30,6:30,6,12.5,blue.ruin.2,0.940478709,2.504154745
5,8/5/2021 6:40,6:40,6,12.312,blue.ruin.2,1.0765625,2.545054688
5,8/5/2021 6:55,6:55,6,12.5,blue.ruin.2,0.940356282,2.494558849
5,8/5/2021 7:05,7:05,7,12.25,blue.ruin.2,1.130223881,2.612352612
5,8/5/2021 7:20,7:20,7,12.312,blue.ruin.2,1.106081081,2.635554054
5,8/5/2021 7:30,7:30,7,12.25,blue.ruin.2,1.200337838,2.758896959
5,8/5/2021 7:40,7:40,7,12.25,blue.ruin.2,1.200337838,2.813863176
5,8/5/2021 7:55,7:55,7,12.188,blue.ruin.2,1.325,2.9815625
5,8/5/2021 8:05,8:05,8,12.25,blue.ruin.2,1.235,3.03565
5,8/5/2021 8:20,8:20,8,12.188,blue.ruin.2,1.378873239,3.17
5,8/5/2021 8:30,8:30,8,12.25,blue.ruin.2,1.302427184,3.285199029
5,8/5/2021 8:40,8:40,8,11.438,blue.ruin.2,1.6,3.362
5,8/5/2021 8:55,8:55,8,11.938,blue.ruin.2,1.6,3.408
5,8/5/2021 9:05,9:05,9,12.188,blue.ruin.2,1.436245353,3.493
5,8/5/2021 9:20,9:20,9,12.188,blue.ruin.2,1.470879121,3.537
5,8/5/2021 9:30,9:30,9,12.188,blue.ruin.2,1.470879121,3.532
5,8/5/2021 9:40,9:40,9,12.25,blue.ruin.2,1.403790614,3.551
5,8/5/2021 9:55,9:55,9,12.25,blue.ruin.2,1.415448505,3.599
5,8/5/2021 10:05,10:05,10,11.812,blue.ruin.2,1.6,3.694
5,8/5/2021 10:20,10:20,10,12.25,blue.ruin.2,1.446721311,3.701
5,8/5/2021 10:30,10:30,10,12.312,blue.ruin.2,1.322757475,3.784196013
5,8/5/2021 10:40,10:40,10,12.312,blue.ruin.2,1.3386121,3.720918149
5,8/5/2021 10:55,10:55,10,12.375,blue.ruin.2,1.262295082,3.872903689
5,8/5/2021 11:05,11:05,11,12.375,blue.ruin.2,1.273684211,3.930592105
5,8/5/2021 11:20,11:20,11,12.312,blue.ruin.2,1.356896552,3.895
5,8/5/2021 11:30,11:30,11,12.25,blue.ruin.2,1.463793103,3.838
5,8/5/2021 11:40,11:40,11,12.312,blue.ruin.2,1.356896552,3.915
5,8/5/2021 11:55,11:55,11,12.25,blue.ruin.2,1.437900356,3.791
5,8/5/2021 12:05,12:05,12,12.312,blue.ruin.2,1.303068592,3.92632852
5,8/5/2021 12:20,12:20,12,12.25,blue.ruin.2,1.389920949,3.752
5,8/5/2021 12:30,12:30,12,12.125,blue.ruin.2,1.6,3.836
5,8/5/2021 12:40,12:40,12,12.188,blue.ruin.2,1.470879121,3.801
5,8/5/2021 12:55,12:55,12,12.188,blue.ruin.2,1.436245353,3.75
5,8/5/2021 13:05,13:05,13,12.25,blue.ruin.2,1.294318182,3.873684659
5,8/5/2021 13:20,13:20,13,12.25,blue.ruin.2,1.294318182,3.718795455
5,8/5/2021 13:30,13:30,13,12.25,blue.ruin.2,1.302427184,3.665854369
5,8/5/2021 13:40,13:40,13,11.875,blue.ruin.2,1.6,3.339
5,8/5/2021 13:55,13:55,13,12.312,blue.ruin.2,1.313287671,3.079171233
5,8/5/2021 14:05,14:05,14,12.375,blue.ruin.2,1.178947368,3.955296053
5,8/5/2021 14:20,14:20,14,12.188,blue.ruin.2,1.539830508,4.037
5,8/5/2021 14:30,14:30,14,12.375,blue.ruin.2,1.314221557,4.122248877
5,8/5/2021 14:40,14:40,14,12.25,blue.ruin.2,1.503287197,4.121
5,8/5/2021 14:55,14:55,14,12.25,blue.ruin.2,1.534693878,4.141
5,8/5/2021 15:05,15:05,15,12.188,blue.ruin.2,1.6,4.267
5,8/5/2021 15:20,15:20,15,11.75,blue.ruin.2,1.6,4.172
5,8/5/2021 15:30,15:30,15,12.188,blue.ruin.2,1.6,4.335
5,8/5/2021 15:40,15:40,15,11.938,blue.ruin.2,1.6,4.197
5,8/5/2021 15:55,15:55,15,11.875,blue.ruin.2,1.6,4.257
5,8/5/2021 16:05,16:05,16,11.812,blue.ruin.2,1.6,4.334
5,8/5/2021 16:20,16:20,16,11.875,blue.ruin.2,1.6,4.271
5,8/5/2021 16:30,16:30,16,11.875,blue.ruin.2,1.6,4.327
5,8/5/2021 16:40,16:40,16,11.875,blue.ruin.2,1.6,4.234
5,8/5/2021 16:55,16:55,16,11.875,blue.ruin.2,1.6,4.299
5,8/5/2021 17:05,17:05,17,11.812,blue.ruin.2,1.6,4.38
5,8/5/2021 17:20,17:20,17,11.875,blue.ruin.2,1.6,4.353
5,8/5/2021 17:30,17:30,17,11.812,blue.ruin.2,1.6,4.429
5,8/5/2021 17:40,17:40,17,11.812,blue.ruin.2,1.6,4.402
5,8/5/2021 17:55,17:55,17,11.812,blue.ruin.2,1.6,4.411
5,8/5/2021 18:05,18:05,18,11.812,blue.ruin.2,1.6,4.272
5,8/5/2021 18:20,18:20,18,11.812,blue.ruin.2,1.6,4.109
5,8/5/2021 18:30,18:30,18,11.812,blue.ruin.2,1.6,4.027
5,8/5/2021 18:40,18:40,18,11.75,blue.ruin.2,1.6,3.618
5,8/5/2021 18:55,18:55,18,11.5,blue.ruin.2,1.6,3.183
5,8/5/2021 19:05,19:05,19,11.75,blue.ruin.2,1.6,2.449
5,8/5/2021 19:20,19:20,19,11.75,blue.ruin.2,1.6,2.711
5,8/5/2021 19:30,19:30,19,11.812,blue.ruin.2,1.6,3.322
5,8/5/2021 19:40,19:40,19,11.812,blue.ruin.2,1.6,3.359
5,8/5/2021 19:55,19:55,19,11.812,blue.ruin.2,1.6,3.519
5,8/5/2021 20:05,20:05,20,11.812,blue.ruin.2,1.6,3.463
5,8/5/2021 20:20,20:20,20,11.875,blue.ruin.2,1.6,3.351
5,8/5/2021 20:30,20:30,20,11.812,blue.ruin.2,1.6,3.309
5,8/5/2021 20:40,20:40,20,11.875,blue.ruin.2,1.6,3.183
5,8/5/2021 20:55,20:55,20,11.938,blue.ruin.2,1.6,3.039
5,8/5/2021 21:05,21:05,21,12.062,blue.ruin.2,1.514130435,2.959
5,8/5/2021 21:20,21:20,21,12.062,blue.ruin.2,1.480514706,2.939
5,8/5/2021 21:30,21:30,21,12.438,blue.ruin.2,0.935982428,3.075922161
5,8/5/2021 21:40,21:40,21,12.688,blue.ruin.2,0.88355961,3.027919929
5,8/5/2021 21:55,21:55,21,11.938,blue.ruin.2,1.6,2.734
5,8/5/2021 22:05,22:05,22,11.812,blue.ruin.2,1.6,2.527
5,8/5/2021 22:20,22:20,22,12,blue.ruin.2,1.6,2.597
5,8/5/2021 22:30,22:30,22,12,blue.ruin.2,1.512343096,2.663
5,8/5/2021 22:40,22:40,22,11.938,blue.ruin.2,1.6,2.783
5,8/5/2021 22:55,22:55,22,12.188,blue.ruin.2,1.158368201,2.781972803
5,8/5/2021 23:05,23:05,23,12.5,blue.ruin.2,0.874657534,2.77369863
5,8/5/2021 23:20,23:20,23,12.25,blue.ruin.2,1.002941176,2.728941176
5,8/5/2021 23:30,23:30,23,12.5,blue.ruin.2,0.883198381,2.709433198
5,8/5/2021 23:40,23:40,23,13,blue.ruin.2,0.738437103,2.750005776
5,8/5/2021 23:55,23:55,23,13.25,blue.ruin.2,0.690686845,2.766006985
5,8/6/2021 0:05,0:05,0,13.25,blue.ruin.2,0.679343864,2.768420413
5,8/6/2021 0:20,0:20,0,12.938,blue.ruin.2,0.759073842,2.739841848
5,8/6/2021 0:30,0:30,0,12.5,blue.ruin.2,0.874320828,2.698895684
5,8/6/2021 0:40,0:40,0,12.062,blue.ruin.2,1.312337662,2.696305195
5,8/6/2021 0:55,0:55,0,12.062,blue.ruin.2,1.268502203,2.692740088
5,8/6/2021 1:05,1:05,1,12.25,blue.ruin.2,0.966853933,2.613707865
5,8/6/2021 1:20,1:20,1,12.438,blue.ruin.2,0.893248408,2.61889172
5,8/6/2021 1:30,1:30,1,12.625,blue.ruin.2,0.830517241,2.679965517
5,8/6/2021 1:40,1:40,1,12.125,blue.ruin.2,1.140080972,2.67136336
5,8/6/2021 1:55,1:55,1,12.438,blue.ruin.2,0.884194978,2.701536189
5,8/6/2021 2:05,2:05,2,12.312,blue.ruin.2,0.924224344,2.697498373
5,8/6/2021 2:20,2:20,2,12.5,blue.ruin.2,0.849441341,2.728395124
5,8/6/2021 2:30,2:30,2,12.188,blue.ruin.2,0.998979592,2.673877551
5,8/6/2021 2:40,2:40,2,12.188,blue.ruin.2,1.015753425,2.67460274
5,8/6/2021 2:55,2:55,2,12.5,blue.ruin.2,0.843951296,2.695066057
5,8/6/2021 3:05,3:05,3,12.5,blue.ruin.2,0.853225806,2.714633431
5,8/6/2021 3:20,3:20,3,12.562,blue.ruin.2,0.829483164,2.649441874
5,8/6/2021 3:30,3:30,3,12.875,blue.ruin.2,0.70042337,2.651679624
5,8/6/2021 3:40,3:40,3,12.125,blue.ruin.2,1.140080972,2.637603239
5,8/6/2021 3:55,3:55,3,12.125,blue.ruin.2,1.140080972,2.61431832
5,8/6/2021 4:05,4:05,4,12.25,blue.ruin.2,0.937826871,2.594869252
5,8/6/2021 4:20,4:20,4,12.062,blue.ruin.2,1.2548583,2.652956478
5,8/6/2021 4:30,4:30,4,12.125,blue.ruin.2,1.094230769,2.646418269
5,8/6/2021 4:40,4:40,4,12.062,blue.ruin.2,1.2548583,2.671918016
5,8/6/2021 4:55,4:55,4,12.062,blue.ruin.2,1.221621622,2.603702703
5,8/6/2021 5:05,5:05,5,12.062,blue.ruin.2,1.211570248,2.580573347
5,8/6/2021 5:20,5:20,5,12.062,blue.ruin.2,1.243258427,2.535483146
5,8/6/2021 5:30,5:30,5,12,blue.ruin.2,1.302293578,2.633779817
5,8/6/2021 5:40,5:40,5,11.812,blue.ruin.2,1.6,2.514
5,8/6/2021 5:55,5:55,5,11.562,blue.ruin.2,1.6,2.521
5,8/6/2021 6:05,6:05,6,11.625,blue.ruin.2,1.6,2.492
5,8/6/2021 6:20,6:20,6,11.562,blue.ruin.2,1.6,2.593
5,8/6/2021 6:30,6:30,6,11.688,blue.ruin.2,1.6,2.644
5,8/6/2021 6:40,6:40,6,11.625,blue.ruin.2,1.6,2.655
5,8/6/2021 6:55,6:55,6,11.625,blue.ruin.2,1.6,2.72
5,8/6/2021 7:05,7:05,7,11.688,blue.ruin.2,1.6,2.615
5,8/6/2021 7:20,7:20,7,11.688,blue.ruin.2,1.6,2.776
5,8/6/2021 7:30,7:30,7,11.688,blue.ruin.2,1.6,2.78
5,8/6/2021 7:40,7:40,7,11.625,blue.ruin.2,1.6,2.874
5,8/6/2021 7:55,7:55,7,11.562,blue.ruin.2,1.6,2.982
5,8/6/2021 8:05,8:05,8,11.625,blue.ruin.2,1.6,3.006
5,8/6/2021 8:20,8:20,8,11.625,blue.ruin.2,1.6,3.234
5,8/6/2021 8:30,8:30,8,11.688,blue.ruin.2,1.6,3.227
5,8/6/2021 8:40,8:40,8,11.5,blue.ruin.2,1.6,3.299
5,8/6/2021 8:55,8:55,8,11.625,blue.ruin.2,1.6,3.452
5,8/6/2021 9:05,9:05,9,11.75,blue.ruin.2,1.6,3.576
5,8/6/2021 9:20,9:20,9,11.688,blue.ruin.2,1.6,3.787
5,8/6/2021 9:30,9:30,9,11.812,blue.ruin.2,1.6,3.804
5,8/6/2021 9:40,9:40,9,11.688,blue.ruin.2,1.6,3.793
5,8/6/2021 9:55,9:55,9,11.688,blue.ruin.2,1.6,4.105
5,8/6/2021 10:05,10:05,10,11.625,blue.ruin.2,1.6,4.581
5,8/6/2021 10:20,10:20,10,11.812,blue.ruin.2,1.6,4.734
5,8/6/2021 10:30,10:30,10,11.875,blue.ruin.2,1.6,NA
5,8/6/2021 10:40,10:40,10,11.812,blue.ruin.2,1.6,5.182
5,8/6/2021 10:55,10:55,10,11.875,blue.ruin.2,1.6,5.186
5,8/6/2021 11:05,11:05,11,12,blue.ruin.2,1.6,5.126
5,8/6/2021 11:20,11:20,11,12,blue.ruin.2,1.6,NA
5,8/6/2021 11:30,11:30,11,12.062,blue.ruin.2,1.6,NA
5,8/6/2021 11:40,11:40,11,12.125,blue.ruin.2,1.6,NA
5,8/6/2021 11:55,11:55,11,12.25,blue.ruin.2,1.6,NA
5,8/6/2021 12:05,12:05,12,11.938,blue.ruin.2,1.6,NA
5,8/6/2021 12:20,12:20,12,12.25,blue.ruin.2,1.6,NA
5,8/6/2021 12:30,12:30,12,12.25,blue.ruin.2,1.6,NA
5,8/6/2021 12:40,12:40,12,12.312,blue.ruin.2,1.6,NA
5,8/6/2021 12:55,12:55,12,12.312,blue.ruin.2,1.6,NA
5,8/6/2021 13:05,13:05,13,12.312,blue.ruin.2,1.6,NA
5,8/6/2021 13:20,13:20,13,12.312,blue.ruin.2,1.6,NA
5,8/6/2021 13:30,13:30,13,12.375,blue.ruin.2,1.6,5.026
5,8/6/2021 13:40,13:40,13,12.5,blue.ruin.2,1.6,4.537
5,8/6/2021 13:55,13:55,13,11.625,blue.ruin.2,1.6,4.573
5,8/6/2021 14:05,14:05,14,12.312,blue.ruin.2,1.6,4.407
5,8/6/2021 14:20,14:20,14,12.25,blue.ruin.2,1.6,4.179
5,8/6/2021 14:30,14:30,14,12.25,blue.ruin.2,1.6,4.124
5,8/6/2021 14:40,14:40,14,12.188,blue.ruin.2,1.6,4.03
5,8/6/2021 14:55,14:55,14,12.062,blue.ruin.2,1.6,3.874
5,8/6/2021 15:05,15:05,15,12,blue.ruin.2,1.6,2.659
5,8/6/2021 15:20,15:20,15,12.5,blue.ruin.2,1.6,NA
5,8/6/2021 15:30,15:30,15,12.5,blue.ruin.2,1.6,NA
5,8/6/2021 15:40,15:40,15,12.5,blue.ruin.2,1.6,3.242
5,8/6/2021 15:55,15:55,15,12.625,blue.ruin.2,1.6,3.083
5,8/6/2021 16:05,16:05,16,12.5,blue.ruin.2,1.6,3.597
5,8/6/2021 16:20,16:20,16,12.625,blue.ruin.2,1.6,3.607
5,8/6/2021 16:30,16:30,16,12.5,blue.ruin.2,1.6,3.376
5,8/6/2021 16:40,16:40,16,12.625,blue.ruin.2,1.6,3.351
5,8/6/2021 16:55,16:55,16,12.688,blue.ruin.2,1.6,3.17
5,8/6/2021 17:05,17:05,17,12.625,blue.ruin.2,1.6,3.37
5,8/6/2021 17:20,17:20,17,12.688,blue.ruin.2,1.6,3.592
5,8/6/2021 17:30,17:30,17,12.625,blue.ruin.2,1.6,3.511
5,8/6/2021 17:40,17:40,17,12.562,blue.ruin.2,1.6,2.863
5,8/6/2021 17:55,17:55,17,12.562,blue.ruin.2,1.6,2.988
5,8/6/2021 18:05,18:05,18,12.625,blue.ruin.2,1.6,3.309
5,8/6/2021 18:20,18:20,18,12.688,blue.ruin.2,1.6,3.099
5,8/6/2021 18:30,18:30,18,12.688,blue.ruin.2,1.6,3.257
5,8/6/2021 18:40,18:40,18,12.688,blue.ruin.2,1.6,3.128
5,8/6/2021 18:55,18:55,18,12.688,blue.ruin.2,1.6,3.213
5,8/6/2021 19:05,19:05,19,12.75,blue.ruin.2,1.6,2.672
5,8/6/2021 19:20,19:20,19,12.75,blue.ruin.2,1.6,2.406
5,8/6/2021 19:30,19:30,19,12.75,blue.ruin.2,1.6,2.662
5,8/6/2021 19:40,19:40,19,12.75,blue.ruin.2,1.6,2.969
5,8/6/2021 19:55,19:55,19,12.75,blue.ruin.2,1.6,2.818
5,8/6/2021 20:05,20:05,20,12.812,blue.ruin.2,1.6,2.757
5,8/6/2021 20:20,20:20,20,12.75,blue.ruin.2,1.6,2.691
5,8/6/2021 20:30,20:30,20,12.75,blue.ruin.2,1.6,2.541
5,8/6/2021 20:40,20:40,20,13.875,blue.ruin.2,1.015533981,3.068743932
5,8/6/2021 20:55,20:55,20,14,blue.ruin.2,1.012554301,2.919661164
5,8/6/2021 21:05,21:05,21,13.625,blue.ruin.2,1.059303391,2.754684922
5,8/6/2021 21:20,21:20,21,13.375,blue.ruin.2,1.081993896,2.706944303
5,8/6/2021 21:30,21:30,21,14.125,blue.ruin.2,0.945819039,2.844629659
5,8/6/2021 21:40,21:40,21,12.875,blue.ruin.2,1.6,NA
5,8/6/2021 21:55,21:55,21,15.25,blue.ruin.2,0.848421271,3.188659214
5,8/6/2021 22:05,22:05,22,12.75,blue.ruin.2,1.6,NA
5,8/6/2021 22:20,22:20,22,12.938,blue.ruin.2,1.196428571,NA
5,8/6/2021 22:30,22:30,22,12.562,blue.ruin.2,1.6,2.45
5,8/6/2021 22:40,22:40,22,12.5,blue.ruin.2,1.6,2.409
5,8/6/2021 22:55,22:55,22,12.625,blue.ruin.2,1.541035857,NA
5,8/6/2021 23:05,23:05,23,13.438,blue.ruin.2,0.921832884,2.681698113
5,8/6/2021 23:20,23:20,23,12.75,blue.ruin.2,1.179032258,2.480064516
5,8/6/2021 23:30,23:30,23,12.125,blue.ruin.2,1.6,2.614
5,8/6/2021 23:40,23:40,23,12.312,blue.ruin.2,1.6,2.602
5,8/6/2021 23:55,23:55,23,12.25,blue.ruin.2,1.6,2.707
5,8/7/2021 0:05,0:05,0,12.188,blue.ruin.2,1.6,2.751
5,8/7/2021 0:20,0:20,0,12.188,blue.ruin.2,1.6,2.773
5,8/7/2021 0:30,0:30,0,12.188,blue.ruin.2,1.6,2.729
5,8/7/2021 0:40,0:40,0,12.125,blue.ruin.2,1.6,2.765
5,8/7/2021 0:55,0:55,0,12.188,blue.ruin.2,1.6,2.702
5,8/7/2021 1:05,1:05,1,12.062,blue.ruin.2,1.6,2.722
5,8/7/2021 1:20,1:20,1,12.688,blue.ruin.2,1.093243243,2.601925676
5,8/7/2021 1:30,1:30,1,12,blue.ruin.2,1.6,2.701
5,8/7/2021 1:40,1:40,1,11.875,blue.ruin.2,1.6,2.706
5,8/7/2021 1:55,1:55,1,11.875,blue.ruin.2,1.6,2.632
5,8/7/2021 2:05,2:05,2,11.938,blue.ruin.2,1.6,2.644
5,8/7/2021 2:20,2:20,2,11.812,blue.ruin.2,1.6,2.609
5,8/7/2021 2:30,2:30,2,11.25,blue.ruin.2,1.6,2.571
5,8/7/2021 2:40,2:40,2,11.25,blue.ruin.2,1.6,2.566
5,8/7/2021 2:55,2:55,2,11.312,blue.ruin.2,1.6,NA
5,8/7/2021 3:05,3:05,3,11.125,blue.ruin.2,1.6,2.428
5,8/7/2021 3:20,3:20,3,11.188,blue.ruin.2,1.6,2.315
5,8/7/2021 3:30,3:30,3,11.25,blue.ruin.2,1.6,2.395
5,8/7/2021 3:40,3:40,3,11.062,blue.ruin.2,1.6,NA
5,8/7/2021 3:55,3:55,3,11.312,blue.ruin.2,1.6,NA
5,8/7/2021 4:05,4:05,4,11.375,blue.ruin.2,1.6,NA
5,8/7/2021 4:20,4:20,4,11,blue.ruin.2,1.6,NA
5,8/7/2021 4:30,4:30,4,11.125,blue.ruin.2,1.6,NA
5,8/7/2021 4:40,4:40,4,11.312,blue.ruin.2,1.6,NA
5,8/7/2021 4:55,4:55,4,11.062,blue.ruin.2,1.6,NA
5,8/7/2021 5:05,5:05,5,10.938,blue.ruin.2,1.6,NA
5,8/7/2021 5:20,5:20,5,10.938,blue.ruin.2,1.6,NA
5,8/7/2021 5:30,5:30,5,10.938,blue.ruin.2,1.6,2.537
5,8/7/2021 5:40,5:40,5,11.125,blue.ruin.2,1.6,2.54
5,8/7/2021 5:55,5:55,5,11.25,blue.ruin.2,1.6,2.557
5,8/7/2021 6:05,6:05,6,10.812,blue.ruin.2,1.6,2.656
5,8/7/2021 6:20,6:20,6,10.875,blue.ruin.2,1.6,2.638
5,8/7/2021 6:30,6:30,6,10.875,blue.ruin.2,1.6,2.658
5,8/7/2021 6:40,6:40,6,10.875,blue.ruin.2,1.6,2.638
5,8/7/2021 6:55,6:55,6,11,blue.ruin.2,1.6,2.641
5,8/7/2021 7:05,7:05,7,10.812,blue.ruin.2,1.6,2.707
5,8/7/2021 7:20,7:20,7,11,blue.ruin.2,1.6,2.709
5,8/7/2021 7:30,7:30,7,10.875,blue.ruin.2,1.6,2.799
5,8/7/2021 7:40,7:40,7,10.875,blue.ruin.2,1.6,2.79
5,8/7/2021 7:55,7:55,7,10.875,blue.ruin.2,1.6,2.981
5,8/7/2021 8:05,8:05,8,11.5,blue.ruin.2,1.6,3.058
5,8/7/2021 8:20,8:20,8,11.625,blue.ruin.2,1.6,3.244
5,8/7/2021 8:30,8:30,8,11.438,blue.ruin.2,1.6,3.271
5,8/7/2021 8:40,8:40,8,11.5,blue.ruin.2,1.6,3.348
5,8/7/2021 8:55,8:55,8,11.438,blue.ruin.2,1.6,3.578
5,8/7/2021 9:05,9:05,9,11.5,blue.ruin.2,1.6,3.633
5,8/7/2021 9:20,9:20,9,11.562,blue.ruin.2,1.6,3.769
5,8/7/2021 9:30,9:30,9,11.625,blue.ruin.2,1.6,3.858
5,8/7/2021 9:40,9:40,9,11.688,blue.ruin.2,1.6,4.044
5,8/7/2021 9:55,9:55,9,11.625,blue.ruin.2,1.6,4.153
5,8/7/2021 10:05,10:05,10,11.688,blue.ruin.2,1.6,4.218
5,8/7/2021 10:20,10:20,10,11.75,blue.ruin.2,1.6,4.298
5,8/7/2021 10:30,10:30,10,11.812,blue.ruin.2,1.6,4.332
5,8/7/2021 10:40,10:40,10,12,blue.ruin.2,1.6,4.412
5,8/7/2021 10:55,10:55,10,12.062,blue.ruin.2,1.6,4.127
5,8/7/2021 11:05,11:05,11,12.062,blue.ruin.2,1.6,4.507
5,8/7/2021 11:20,11:20,11,12.188,blue.ruin.2,1.6,4.526
5,8/7/2021 11:30,11:30,11,12.125,blue.ruin.2,1.6,4.577
5,8/7/2021 11:40,11:40,11,12.125,blue.ruin.2,1.6,4.574
5,8/7/2021 11:55,11:55,11,12.188,blue.ruin.2,1.6,4.699
5,8/7/2021 12:05,12:05,12,12.312,blue.ruin.2,1.6,4.819
5,8/7/2021 12:20,12:20,12,12.312,blue.ruin.2,1.6,4.78
5,8/7/2021 12:30,12:30,12,12.312,blue.ruin.2,1.6,4.583
5,8/7/2021 12:40,12:40,12,12.562,blue.ruin.2,1.6,4.827
5,8/7/2021 12:55,12:55,12,12.375,blue.ruin.2,1.6,4.558
5,8/7/2021 13:05,13:05,13,12.375,blue.ruin.2,1.6,4.662
5,8/7/2021 13:20,13:20,13,12.375,blue.ruin.2,1.6,4.679
5,8/7/2021 13:30,13:30,13,12.438,blue.ruin.2,1.6,4.581
5,8/7/2021 13:40,13:40,13,12.625,blue.ruin.2,1.6,4.5
5,8/7/2021 13:55,13:55,13,12.625,blue.ruin.2,1.6,4.469
5,8/7/2021 14:05,14:05,14,12.312,blue.ruin.2,1.6,4.788
5,8/7/2021 14:20,14:20,14,12.312,blue.ruin.2,1.6,4.337
5,8/7/2021 14:30,14:30,14,12.625,blue.ruin.2,1.6,4.307
5,8/7/2021 14:40,14:40,14,12.688,blue.ruin.2,1.6,4.295
5,8/7/2021 14:55,14:55,14,12.75,blue.ruin.2,1.6,4.42
5,8/7/2021 15:05,15:05,15,12.688,blue.ruin.2,1.6,4.086
5,8/7/2021 15:20,15:20,15,12.562,blue.ruin.2,1.6,4.11
5,8/7/2021 15:30,15:30,15,12.625,blue.ruin.2,1.6,3.963
5,8/7/2021 15:40,15:40,15,12.438,blue.ruin.2,1.6,3.845
5,8/7/2021 15:55,15:55,15,12.5,blue.ruin.2,1.6,3.76
5,8/7/2021 16:05,16:05,16,12.312,blue.ruin.2,1.6,4.08
5,8/7/2021 16:20,16:20,16,12.312,blue.ruin.2,1.6,4.053
5,8/7/2021 16:30,16:30,16,12.188,blue.ruin.2,1.6,3.861
5,8/7/2021 16:40,16:40,16,12.062,blue.ruin.2,1.6,3.588
5,8/7/2021 16:55,16:55,16,12.5,blue.ruin.2,1.6,3.785
5,8/7/2021 17:05,17:05,17,12.438,blue.ruin.2,1.6,2.709
5,8/7/2021 17:20,17:20,17,12.562,blue.ruin.2,1.6,3.554
5,8/7/2021 17:30,17:30,17,12.562,blue.ruin.2,1.6,3.868
5,8/7/2021 17:40,17:40,17,12.562,blue.ruin.2,1.6,3.258
5,8/7/2021 17:55,17:55,17,12.562,blue.ruin.2,1.6,3.234
5,8/7/2021 18:05,18:05,18,12.5,blue.ruin.2,1.6,2.582
5,8/7/2021 18:20,18:20,18,12.5,blue.ruin.2,1.6,NA
5,8/7/2021 18:30,18:30,18,12.5,blue.ruin.2,1.6,NA
5,8/7/2021 18:40,18:40,18,12.625,blue.ruin.2,1.6,NA
5,8/7/2021 18:55,18:55,18,12.5,blue.ruin.2,1.6,NA
5,8/7/2021 19:05,19:05,19,12.5,blue.ruin.2,1.6,NA
5,8/7/2021 19:20,19:20,19,12.5,blue.ruin.2,1.6,NA
5,8/7/2021 19:30,19:30,19,12.375,blue.ruin.2,1.6,NA
5,8/7/2021 19:40,19:40,19,12.375,blue.ruin.2,1.6,NA
5,8/7/2021 19:55,19:55,19,12.312,blue.ruin.2,1.6,2.539
5,8/7/2021 20:05,20:05,20,12.312,blue.ruin.2,1.6,NA
5,8/7/2021 20:20,20:20,20,12.25,blue.ruin.2,1.6,NA
5,8/7/2021 20:30,20:30,20,12.312,blue.ruin.2,1.6,NA
5,8/7/2021 20:40,20:40,20,12.438,blue.ruin.2,1.6,NA
5,8/7/2021 20:55,20:55,20,12.375,blue.ruin.2,1.6,2.402
5,8/7/2021 21:05,21:05,21,12.25,blue.ruin.2,1.6,2.314
5,8/7/2021 21:20,21:20,21,11.938,blue.ruin.2,1.6,NA
5,8/7/2021 21:30,21:30,21,11.875,blue.ruin.2,1.6,NA
5,8/7/2021 21:40,21:40,21,13.375,blue.ruin.2,0.938746785,2.775422069
5,8/7/2021 21:55,21:55,21,14.562,blue.ruin.2,0.853451867,3.024220286
5,8/7/2021 22:05,22:05,22,11.875,blue.ruin.2,1.6,NA
5,8/7/2021 22:20,22:20,22,11.938,blue.ruin.2,1.6,NA
5,8/7/2021 22:30,22:30,22,11.812,blue.ruin.2,1.6,NA
5,8/7/2021 22:40,22:40,22,11.875,blue.ruin.2,1.6,NA
5,8/7/2021 22:55,22:55,22,11.438,blue.ruin.2,1.6,NA
5,8/7/2021 23:05,23:05,23,11.5,blue.ruin.2,1.6,NA
5,8/7/2021 23:20,23:20,23,11.562,blue.ruin.2,1.6,NA
5,8/7/2021 23:30,23:30,23,11.5,blue.ruin.2,1.6,NA
5,8/7/2021 23:40,23:40,23,11.688,blue.ruin.2,1.6,NA
5,8/7/2021 23:55,23:55,23,11.562,blue.ruin.2,1.6,2.34
5,8/8/2021 0:05,0:05,0,11.312,blue.ruin.2,1.6,2.42
5,8/8/2021 0:20,0:20,0,11.375,blue.ruin.2,1.6,2.429
5,8/8/2021 0:30,0:30,0,11.25,blue.ruin.2,1.6,2.531
5,8/8/2021 0:40,0:40,0,11.25,blue.ruin.2,1.6,NA
5,8/8/2021 0:55,0:55,0,11.25,blue.ruin.2,1.6,2.386
5,8/8/2021 1:05,1:05,1,11.375,blue.ruin.2,1.6,NA
5,8/8/2021 1:20,1:20,1,11.375,blue.ruin.2,1.6,2.372
5,8/8/2021 1:30,1:30,1,11.438,blue.ruin.2,1.6,2.325
5,8/8/2021 1:40,1:40,1,11.25,blue.ruin.2,1.6,2.379
5,8/8/2021 1:55,1:55,1,11.25,blue.ruin.2,1.6,NA
5,8/8/2021 2:05,2:05,2,11.188,blue.ruin.2,1.6,NA
5,8/8/2021 2:20,2:20,2,11.375,blue.ruin.2,1.6,NA
5,8/8/2021 2:30,2:30,2,11.188,blue.ruin.2,1.6,NA
5,8/8/2021 2:40,2:40,2,11.25,blue.ruin.2,1.6,2.379
5,8/8/2021 2:55,2:55,2,11.188,blue.ruin.2,1.6,2.402
5,8/8/2021 3:05,3:05,3,11.25,blue.ruin.2,1.6,NA
5,8/8/2021 3:20,3:20,3,11.062,blue.ruin.2,1.6,2.413
5,8/8/2021 3:30,3:30,3,11.25,blue.ruin.2,1.6,2.37
5,8/8/2021 3:40,3:40,3,11.188,blue.ruin.2,1.6,2.556
5,8/8/2021 3:55,3:55,3,11.25,blue.ruin.2,1.6,2.519
5,8/8/2021 4:05,4:05,4,11.188,blue.ruin.2,1.6,2.573
5,8/8/2021 4:20,4:20,4,11.125,blue.ruin.2,1.6,2.522
5,8/8/2021 4:30,4:30,4,11.312,blue.ruin.2,1.6,2.498
5,8/8/2021 4:40,4:40,4,11.25,blue.ruin.2,1.6,2.387
5,8/8/2021 4:55,4:55,4,11.312,blue.ruin.2,1.6,2.537
5,8/8/2021 5:05,5:05,5,11.062,blue.ruin.2,1.6,2.455
5,8/8/2021 5:20,5:20,5,11.188,blue.ruin.2,1.6,NA
5,8/8/2021 5:30,5:30,5,11.125,blue.ruin.2,1.6,NA
5,8/8/2021 5:40,5:40,5,11.188,blue.ruin.2,1.6,NA
5,8/8/2021 5:55,5:55,5,11.125,blue.ruin.2,1.6,NA
5,8/8/2021 6:05,6:05,6,11.25,blue.ruin.2,1.6,NA
5,8/8/2021 6:20,6:20,6,11.125,blue.ruin.2,1.6,NA
5,8/8/2021 6:30,6:30,6,11.125,blue.ruin.2,1.6,NA
5,8/8/2021 6:40,6:40,6,11.062,blue.ruin.2,1.6,NA
5,8/8/2021 6:55,6:55,6,11,blue.ruin.2,1.6,NA
5,8/8/2021 7:05,7:05,7,11.125,blue.ruin.2,1.6,NA
5,8/8/2021 7:20,7:20,7,11.125,blue.ruin.2,1.6,NA
5,8/8/2021 7:30,7:30,7,11.062,blue.ruin.2,1.6,NA
5,8/8/2021 7:40,7:40,7,11.062,blue.ruin.2,1.6,2.362
5,8/8/2021 7:55,7:55,7,11.438,blue.ruin.2,1.6,3.375
5,8/8/2021 8:05,8:05,8,11.5,blue.ruin.2,1.6,3.108
5,8/8/2021 8:20,8:20,8,11.625,blue.ruin.2,1.6,3.086
5,8/8/2021 8:30,8:30,8,11.5,blue.ruin.2,1.6,3.271
5,8/8/2021 8:40,8:40,8,11.562,blue.ruin.2,1.6,3.345
5,8/8/2021 8:55,8:55,8,11.562,blue.ruin.2,1.6,3.636
5,8/8/2021 9:05,9:05,9,11.625,blue.ruin.2,1.6,3.634
5,8/8/2021 9:20,9:20,9,11.688,blue.ruin.2,1.6,3.816
5,8/8/2021 9:30,9:30,9,11.75,blue.ruin.2,1.6,3.914
5,8/8/2021 9:40,9:40,9,11.688,blue.ruin.2,1.6,3.871
5,8/8/2021 9:55,9:55,9,11.75,blue.ruin.2,1.6,3.904
5,8/8/2021 10:05,10:05,10,11.812,blue.ruin.2,1.6,3.848
5,8/8/2021 10:20,10:20,10,11.938,blue.ruin.2,1.6,4.284
5,8/8/2021 10:30,10:30,10,12.062,blue.ruin.2,1.6,4.241
5,8/8/2021 10:40,10:40,10,12.062,blue.ruin.2,1.6,4.439
5,8/8/2021 10:55,10:55,10,12,blue.ruin.2,1.6,4.524
5,8/8/2021 11:05,11:05,11,11.75,blue.ruin.2,1.6,4.854
5,8/8/2021 11:20,11:20,11,11.688,blue.ruin.2,1.6,4.572
5,8/8/2021 11:30,11:30,11,12.125,blue.ruin.2,1.6,4.601
5,8/8/2021 11:40,11:40,11,12.25,blue.ruin.2,1.6,4.429
5,8/8/2021 11:55,11:55,11,12.188,blue.ruin.2,1.6,4.397
5,8/8/2021 12:05,12:05,12,12.188,blue.ruin.2,1.6,5.064
5,8/8/2021 12:20,12:20,12,12.25,blue.ruin.2,1.6,4.71
5,8/8/2021 12:30,12:30,12,12.062,blue.ruin.2,1.6,4.879
5,8/8/2021 12:40,12:40,12,12.312,blue.ruin.2,1.6,4.722
5,8/8/2021 12:55,12:55,12,12.375,blue.ruin.2,1.6,4.772
5,8/8/2021 13:05,13:05,13,12.312,blue.ruin.2,1.6,4.733
5,8/8/2021 13:20,13:20,13,12.5,blue.ruin.2,1.6,4.765
5,8/8/2021 13:30,13:30,13,12.5,blue.ruin.2,1.6,4.042
5,8/8/2021 13:40,13:40,13,12.438,blue.ruin.2,1.6,4.538
5,8/8/2021 13:55,13:55,13,12.438,blue.ruin.2,1.6,4.623
5,8/8/2021 14:05,14:05,14,12.5,blue.ruin.2,1.6,4.685
5,8/8/2021 14:20,14:20,14,12.438,blue.ruin.2,1.6,4.446
5,8/8/2021 14:30,14:30,14,12.562,blue.ruin.2,1.6,4.52
5,8/8/2021 14:40,14:40,14,12.562,blue.ruin.2,1.6,4.157
5,8/8/2021 14:55,14:55,14,12.5,blue.ruin.2,1.6,4.32
5,8/8/2021 15:05,15:05,15,12.438,blue.ruin.2,1.6,4.284
5,8/8/2021 15:20,15:20,15,12.562,blue.ruin.2,1.6,4.037
5,8/8/2021 15:30,15:30,15,12.5,blue.ruin.2,1.6,4.2
5,8/8/2021 15:40,15:40,15,12.438,blue.ruin.2,1.6,4.006
5,8/8/2021 15:55,15:55,15,12.438,blue.ruin.2,1.6,3.938
5,8/8/2021 16:05,16:05,16,12.375,blue.ruin.2,1.6,3.881
5,8/8/2021 16:20,16:20,16,11.875,blue.ruin.2,1.6,3.773
5,8/8/2021 16:30,16:30,16,12.375,blue.ruin.2,1.6,3.424
5,8/8/2021 16:40,16:40,16,12.375,blue.ruin.2,1.6,3.671
5,8/8/2021 16:55,16:55,16,12.375,blue.ruin.2,1.6,3.659
5,8/8/2021 17:05,17:05,17,12.375,blue.ruin.2,1.6,3.605
5,8/8/2021 17:20,17:20,17,12.312,blue.ruin.2,1.6,3.749
5,8/8/2021 17:30,17:30,17,12.312,blue.ruin.2,1.6,3.312
5,8/8/2021 17:40,17:40,17,12.312,blue.ruin.2,1.6,3.186
5,8/8/2021 17:55,17:55,17,12.375,blue.ruin.2,1.6,3.397
5,8/8/2021 18:05,18:05,18,12.312,blue.ruin.2,1.6,3.474
5,8/8/2021 18:20,18:20,18,12.25,blue.ruin.2,1.6,3.494
5,8/8/2021 18:30,18:30,18,12.312,blue.ruin.2,1.6,3.483
5,8/8/2021 18:40,18:40,18,12.25,blue.ruin.2,1.6,3.4
5,8/8/2021 18:55,18:55,18,12.25,blue.ruin.2,1.6,3.297
5,8/8/2021 19:05,19:05,19,12.25,blue.ruin.2,1.6,3.216
5,8/8/2021 19:20,19:20,19,12.25,blue.ruin.2,1.6,3.163
5,8/8/2021 19:30,19:30,19,12.25,blue.ruin.2,1.6,3.078
5,8/8/2021 19:40,19:40,19,12.25,blue.ruin.2,1.6,2.935
5,8/8/2021 19:55,19:55,19,12.188,blue.ruin.2,1.6,3.076
5,8/8/2021 20:05,20:05,20,12.188,blue.ruin.2,1.6,3.11
5,8/8/2021 20:20,20:20,20,12.125,blue.ruin.2,1.6,2.988
5,8/8/2021 20:30,20:30,20,12.062,blue.ruin.2,1.6,2.971
5,8/8/2021 20:40,20:40,20,11.938,blue.ruin.2,1.6,2.864
5,8/8/2021 20:55,20:55,20,11.625,blue.ruin.2,1.6,2.876
5,8/8/2021 21:05,21:05,21,11.375,blue.ruin.2,1.6,2.807
5,8/8/2021 21:20,21:20,21,11.375,blue.ruin.2,1.6,2.821
5,8/8/2021 21:30,21:30,21,12.188,blue.ruin.2,1.6,2.579
5,8/8/2021 21:40,21:40,21,11.562,blue.ruin.2,1.6,2.714
5,8/8/2021 21:55,21:55,21,11.625,blue.ruin.2,1.6,2.493
5,8/8/2021 22:05,22:05,22,11.438,blue.ruin.2,1.6,2.643
5,8/8/2021 22:20,22:20,22,11.438,blue.ruin.2,1.6,2.683
5,8/8/2021 22:30,22:30,22,11.375,blue.ruin.2,1.6,2.652
5,8/8/2021 22:40,22:40,22,11.375,blue.ruin.2,1.6,2.666
5,8/8/2021 22:55,22:55,22,11.438,blue.ruin.2,1.6,2.577
5,8/8/2021 23:05,23:05,23,11.5,blue.ruin.2,1.6,2.521
5,8/8/2021 23:20,23:20,23,11.75,blue.ruin.2,1.6,2.621
5,8/8/2021 23:30,23:30,23,11.75,blue.ruin.2,1.6,2.605
5,8/8/2021 23:40,23:40,23,12.688,blue.ruin.2,1.098081841,2.652618286
5,8/8/2021 23:55,23:55,23,11.312,blue.ruin.2,1.6,2.542
5,8/9/2021 0:05,0:05,0,11.375,blue.ruin.2,1.6,2.533
5,8/9/2021 0:20,0:20,0,11.5,blue.ruin.2,1.6,2.445
5,8/9/2021 0:30,0:30,0,11.688,blue.ruin.2,1.6,2.453
5,8/9/2021 0:40,0:40,0,11.438,blue.ruin.2,1.6,2.6
5,8/9/2021 0:55,0:55,0,11.625,blue.ruin.2,1.6,2.616
5,8/9/2021 1:05,1:05,1,11.188,blue.ruin.2,1.6,2.62
5,8/9/2021 1:20,1:20,1,11.125,blue.ruin.2,1.6,2.668
5,8/9/2021 1:30,1:30,1,11.188,blue.ruin.2,1.6,2.647
5,8/9/2021 1:40,1:40,1,11.188,blue.ruin.2,1.6,2.628
5,8/9/2021 1:55,1:55,1,11.25,blue.ruin.2,1.6,2.552
5,8/9/2021 2:05,2:05,2,11.438,blue.ruin.2,1.6,2.549
5,8/9/2021 2:20,2:20,2,11.25,blue.ruin.2,1.6,2.533
5,8/9/2021 2:30,2:30,2,11.062,blue.ruin.2,1.6,2.498
5,8/9/2021 2:40,2:40,2,11.062,blue.ruin.2,1.6,2.502
5,8/9/2021 2:55,2:55,2,11.125,blue.ruin.2,1.6,2.452
5,8/9/2021 3:05,3:05,3,11.188,blue.ruin.2,1.6,2.471
5,8/9/2021 3:20,3:20,3,11.188,blue.ruin.2,1.6,2.496
5,8/9/2021 3:30,3:30,3,11.25,blue.ruin.2,1.6,2.518
5,8/9/2021 3:40,3:40,3,11.188,blue.ruin.2,1.6,2.549
5,8/9/2021 3:55,3:55,3,11.375,blue.ruin.2,1.6,2.555
5,8/9/2021 4:05,4:05,4,11.375,blue.ruin.2,1.6,2.502
5,8/9/2021 4:20,4:20,4,11.312,blue.ruin.2,1.6,2.56
5,8/9/2021 4:30,4:30,4,11.062,blue.ruin.2,1.6,2.503
5,8/9/2021 4:40,4:40,4,11.125,blue.ruin.2,1.6,2.571
5,8/9/2021 4:55,4:55,4,11.062,blue.ruin.2,1.6,2.597
5,8/9/2021 5:05,5:05,5,11,blue.ruin.2,1.6,2.576
5,8/9/2021 5:20,5:20,5,11,blue.ruin.2,1.6,2.659
5,8/9/2021 5:30,5:30,5,11.062,blue.ruin.2,1.6,2.624
5,8/9/2021 5:40,5:40,5,11.062,blue.ruin.2,1.6,2.703
5,8/9/2021 5:55,5:55,5,11.125,blue.ruin.2,1.6,2.632
5,8/9/2021 6:05,6:05,6,11.062,blue.ruin.2,1.6,2.594
5,8/9/2021 6:20,6:20,6,11.188,blue.ruin.2,1.6,2.627
5,8/9/2021 6:30,6:30,6,11.5,blue.ruin.2,1.6,2.659
5,8/9/2021 6:40,6:40,6,11,blue.ruin.2,1.6,2.631
5,8/9/2021 6:55,6:55,6,10.875,blue.ruin.2,1.6,2.689
5,8/9/2021 7:05,7:05,7,10.938,blue.ruin.2,1.6,2.691
5,8/9/2021 7:20,7:20,7,11.312,blue.ruin.2,1.6,2.77
5,8/9/2021 7:30,7:30,7,11.562,blue.ruin.2,1.6,2.822
5,8/9/2021 7:40,7:40,7,11.562,blue.ruin.2,1.6,2.875
5,8/9/2021 7:55,7:55,7,11.375,blue.ruin.2,1.6,2.932
5,8/9/2021 8:05,8:05,8,11.5,blue.ruin.2,1.6,2.969
5,8/9/2021 8:20,8:20,8,11.5,blue.ruin.2,1.6,3.079
5,8/9/2021 8:30,8:30,8,11.562,blue.ruin.2,1.6,3.145
5,8/9/2021 8:40,8:40,8,11.562,blue.ruin.2,1.6,3.254
5,8/9/2021 8:55,8:55,8,11.625,blue.ruin.2,1.6,3.387
5,8/9/2021 9:05,9:05,9,11.562,blue.ruin.2,1.6,3.439
5,8/9/2021 9:20,9:20,9,11.562,blue.ruin.2,1.6,3.532
5,8/9/2021 9:30,9:30,9,11.625,blue.ruin.2,1.6,3.595
5,8/9/2021 9:40,9:40,9,11.688,blue.ruin.2,1.6,3.62
5,8/9/2021 9:55,9:55,9,11.75,blue.ruin.2,1.6,3.84
5,8/9/2021 10:05,10:05,10,11.75,blue.ruin.2,1.6,3.94
5,8/9/2021 10:20,10:20,10,11.875,blue.ruin.2,1.6,4.513
5,8/9/2021 10:30,10:30,10,11.812,blue.ruin.2,1.6,4.315
5,8/9/2021 10:40,10:40,10,11.938,blue.ruin.2,1.6,NA
5,8/9/2021 10:55,10:55,10,12,blue.ruin.2,1.6,4.887
5,8/9/2021 11:05,11:05,11,12,blue.ruin.2,1.6,4.92
5,8/9/2021 11:20,11:20,11,12.188,blue.ruin.2,1.6,4.661
5,8/9/2021 11:30,11:30,11,12.062,blue.ruin.2,1.6,NA
5,8/9/2021 11:40,11:40,11,12.125,blue.ruin.2,1.6,NA
5,8/9/2021 11:55,11:55,11,12.125,blue.ruin.2,1.6,5.044
5,8/9/2021 12:05,12:05,12,12.188,blue.ruin.2,1.6,NA
5,8/9/2021 12:20,12:20,12,12.375,blue.ruin.2,1.6,NA
5,8/9/2021 12:30,12:30,12,12.375,blue.ruin.2,1.6,NA
5,8/9/2021 12:40,12:40,12,12.438,blue.ruin.2,1.6,NA
5,8/9/2021 12:55,12:55,12,12.562,blue.ruin.2,1.6,NA
5,8/9/2021 13:05,13:05,13,12.562,blue.ruin.2,1.6,NA
5,8/9/2021 13:20,13:20,13,12.562,blue.ruin.2,1.6,NA
5,8/9/2021 13:30,13:30,13,12.562,blue.ruin.2,1.6,NA
5,8/9/2021 13:40,13:40,13,12.688,blue.ruin.2,1.6,NA
5,8/9/2021 13:55,13:55,13,12.625,blue.ruin.2,1.6,NA
5,8/9/2021 14:05,14:05,14,12.5,blue.ruin.2,1.6,NA
5,8/9/2021 14:20,14:20,14,12.625,blue.ruin.2,1.6,NA
5,8/9/2021 14:30,14:30,14,12.625,blue.ruin.2,1.6,NA
5,8/9/2021 14:40,14:40,14,12.688,blue.ruin.2,1.6,NA
5,8/9/2021 14:55,14:55,14,12.688,blue.ruin.2,1.6,NA
5,8/9/2021 15:05,15:05,15,12.625,blue.ruin.2,1.6,NA
5,8/9/2021 15:20,15:20,15,12.625,blue.ruin.2,1.6,NA
5,8/9/2021 15:30,15:30,15,12.625,blue.ruin.2,1.6,NA
5,8/9/2021 15:40,15:40,15,12.562,blue.ruin.2,1.6,NA
5,8/9/2021 15:55,15:55,15,12.562,blue.ruin.2,1.6,NA
5,8/9/2021 16:05,16:05,16,12.562,blue.ruin.2,1.6,NA
5,8/9/2021 16:20,16:20,16,12.562,blue.ruin.2,1.6,NA
5,8/9/2021 16:30,16:30,16,12.5,blue.ruin.2,1.6,NA
5,8/9/2021 16:40,16:40,16,12.5,blue.ruin.2,1.6,NA
5,8/9/2021 16:55,16:55,16,12.5,blue.ruin.2,1.6,NA
5,8/9/2021 17:05,17:05,17,12.438,blue.ruin.2,1.6,NA
5,8/9/2021 17:20,17:20,17,12.5,blue.ruin.2,1.6,NA
5,8/9/2021 17:30,17:30,17,11.688,blue.ruin.2,1.6,NA
5,8/9/2021 17:40,17:40,17,11.938,blue.ruin.2,1.6,NA
5,8/9/2021 17:55,17:55,17,12.375,blue.ruin.2,1.6,NA
5,8/9/2021 18:05,18:05,18,12.375,blue.ruin.2,1.6,NA
5,8/9/2021 18:20,18:20,18,12.375,blue.ruin.2,1.6,NA
5,8/9/2021 18:30,18:30,18,12.25,blue.ruin.2,1.6,NA
5,8/9/2021 18:40,18:40,18,12.312,blue.ruin.2,1.6,NA
5,8/9/2021 18:55,18:55,18,12.312,blue.ruin.2,1.6,NA
5,8/9/2021 19:05,19:05,19,12.25,blue.ruin.2,1.6,NA
5,8/9/2021 19:20,19:20,19,12.25,blue.ruin.2,1.6,NA
5,8/9/2021 19:30,19:30,19,12.25,blue.ruin.2,1.6,NA
5,8/9/2021 19:40,19:40,19,12.188,blue.ruin.2,1.6,NA
5,8/9/2021 19:55,19:55,19,12.188,blue.ruin.2,1.6,NA
5,8/9/2021 20:05,20:05,20,12.188,blue.ruin.2,1.6,NA
5,8/9/2021 20:20,20:20,20,12.188,blue.ruin.2,1.6,NA
5,8/9/2021 20:30,20:30,20,12.188,blue.ruin.2,1.6,NA
5,8/9/2021 20:40,20:40,20,11.938,blue.ruin.2,1.6,NA
5,8/9/2021 20:55,20:55,20,12.062,blue.ruin.2,1.6,NA
5,8/9/2021 21:05,21:05,21,12.062,blue.ruin.2,1.6,NA
5,8/9/2021 21:20,21:20,21,11.688,blue.ruin.2,1.6,NA
5,8/9/2021 21:30,21:30,21,12.062,blue.ruin.2,1.6,NA
5,8/9/2021 21:40,21:40,21,12.625,blue.ruin.2,1.345454545,NA
5,8/9/2021 21:55,21:55,21,11.688,blue.ruin.2,1.6,NA
5,8/9/2021 22:05,22:05,22,12.438,blue.ruin.2,1.6,NA
5,8/9/2021 22:20,22:20,22,11.875,blue.ruin.2,1.6,NA
5,8/9/2021 22:30,22:30,22,11.312,blue.ruin.2,1.6,NA
5,8/9/2021 22:40,22:40,22,11.438,blue.ruin.2,1.6,NA
5,8/9/2021 22:55,22:55,22,11.312,blue.ruin.2,1.6,NA
5,8/9/2021 23:05,23:05,23,11.125,blue.ruin.2,1.6,NA
5,8/9/2021 23:20,23:20,23,11.062,blue.ruin.2,1.6,NA
5,8/9/2021 23:30,23:30,23,11.125,blue.ruin.2,1.6,NA
5,8/9/2021 23:40,23:40,23,11.625,blue.ruin.2,1.6,NA
5,8/9/2021 23:55,23:55,23,11.25,blue.ruin.2,1.6,NA
5,8/10/2021 0:05,0:05,0,11.062,blue.ruin.2,1.6,NA
5,8/10/2021 0:20,0:20,0,11,blue.ruin.2,1.6,NA
5,8/10/2021 0:30,0:30,0,11,blue.ruin.2,1.6,NA
5,8/10/2021 0:40,0:40,0,11,blue.ruin.2,1.6,NA
5,8/10/2021 0:55,0:55,0,11,blue.ruin.2,1.6,NA
5,8/10/2021 1:05,1:05,1,11,blue.ruin.2,1.6,NA
5,8/10/2021 1:20,1:20,1,10.938,blue.ruin.2,1.6,NA
5,8/10/2021 1:30,1:30,1,11.062,blue.ruin.2,1.6,NA
5,8/10/2021 1:40,1:40,1,10.938,blue.ruin.2,1.6,NA
5,8/10/2021 1:55,1:55,1,11.062,blue.ruin.2,1.6,NA
5,8/10/2021 2:05,2:05,2,11,blue.ruin.2,1.6,NA
5,8/10/2021 2:20,2:20,2,10.938,blue.ruin.2,1.6,NA
5,8/10/2021 2:30,2:30,2,10.875,blue.ruin.2,1.6,NA
5,8/10/2021 2:40,2:40,2,10.875,blue.ruin.2,1.6,NA
5,8/10/2021 2:55,2:55,2,10.938,blue.ruin.2,1.6,NA
5,8/10/2021 3:05,3:05,3,11,blue.ruin.2,1.6,NA
5,8/10/2021 3:20,3:20,3,11.062,blue.ruin.2,1.6,NA
5,8/10/2021 3:30,3:30,3,11.062,blue.ruin.2,1.6,NA
5,8/10/2021 3:40,3:40,3,10.938,blue.ruin.2,1.6,NA
5,8/10/2021 3:55,3:55,3,10.875,blue.ruin.2,1.6,NA
5,8/10/2021 4:05,4:05,4,11,blue.ruin.2,1.6,NA
5,8/10/2021 4:20,4:20,4,11,blue.ruin.2,1.6,NA
5,8/10/2021 4:30,4:30,4,11.062,blue.ruin.2,1.6,NA
5,8/10/2021 4:40,4:40,4,11.062,blue.ruin.2,1.6,NA
5,8/10/2021 4:55,4:55,4,10.938,blue.ruin.2,1.6,NA
5,8/10/2021 5:05,5:05,5,11,blue.ruin.2,1.6,NA
5,8/10/2021 5:20,5:20,5,10.875,blue.ruin.2,1.6,NA
5,8/10/2021 5:30,5:30,5,11.062,blue.ruin.2,1.6,NA
5,8/10/2021 5:40,5:40,5,10.938,blue.ruin.2,1.6,NA
5,8/10/2021 5:55,5:55,5,11,blue.ruin.2,1.6,NA
5,8/10/2021 6:05,6:05,6,11.062,blue.ruin.2,1.6,NA
5,8/10/2021 6:20,6:20,6,11.188,blue.ruin.2,1.6,NA
5,8/10/2021 6:30,6:30,6,11,blue.ruin.2,1.6,NA
5,8/10/2021 6:40,6:40,6,11.062,blue.ruin.2,1.6,NA
5,8/10/2021 6:55,6:55,6,11.125,blue.ruin.2,1.6,NA
5,8/10/2021 7:05,7:05,7,11.062,blue.ruin.2,1.6,NA
5,8/10/2021 7:20,7:20,7,10.938,blue.ruin.2,1.6,NA
5,8/10/2021 7:30,7:30,7,11.062,blue.ruin.2,1.6,NA
5,8/10/2021 7:40,7:40,7,10.938,blue.ruin.2,1.6,NA
5,8/10/2021 7:55,7:55,7,11.188,blue.ruin.2,1.6,NA
5,8/10/2021 8:05,8:05,8,11.125,blue.ruin.2,1.6,NA
5,8/10/2021 8:20,8:20,8,11.375,blue.ruin.2,1.6,NA
5,8/10/2021 8:30,8:30,8,11.062,blue.ruin.2,1.6,NA
5,8/10/2021 8:40,8:40,8,11.188,blue.ruin.2,1.6,NA
5,8/10/2021 8:55,8:55,8,11.375,blue.ruin.2,1.6,NA
5,8/10/2021 9:05,9:05,9,11.375,blue.ruin.2,1.6,NA
5,8/10/2021 9:20,9:20,9,11.5,blue.ruin.2,1.6,NA
5,8/10/2021 9:30,9:30,9,11.5,blue.ruin.2,1.6,NA
5,8/10/2021 9:40,9:40,9,11.5,blue.ruin.2,1.6,NA
5,8/10/2021 9:55,9:55,9,11.438,blue.ruin.2,1.6,NA
5,8/10/2021 10:05,10:05,10,11.438,blue.ruin.2,1.6,NA
5,8/10/2021 10:20,10:20,10,11.562,blue.ruin.2,1.6,NA
5,8/10/2021 10:30,10:30,10,11.5,blue.ruin.2,1.6,NA
5,8/10/2021 10:40,10:40,10,11.688,blue.ruin.2,1.6,NA
5,8/10/2021 10:55,10:55,10,11.688,blue.ruin.2,1.6,NA
5,8/10/2021 11:05,11:05,11,11.75,blue.ruin.2,1.6,NA
5,8/10/2021 11:20,11:20,11,12,blue.ruin.2,1.6,NA
5,8/10/2021 11:30,11:30,11,11.875,blue.ruin.2,1.6,NA
5,8/10/2021 11:40,11:40,11,12,blue.ruin.2,1.6,NA
5,8/10/2021 11:55,11:55,11,12.062,blue.ruin.2,1.6,NA
5,8/10/2021 12:05,12:05,12,12.125,blue.ruin.2,1.6,NA
5,8/10/2021 12:20,12:20,12,12.312,blue.ruin.2,1.6,NA
5,8/10/2021 12:30,12:30,12,12.438,blue.ruin.2,1.6,NA
5,8/10/2021 12:40,12:40,12,12.125,blue.ruin.2,1.6,NA
5,8/10/2021 12:55,12:55,12,12.25,blue.ruin.2,1.6,NA
5,8/10/2021 13:05,13:05,13,12.125,blue.ruin.2,1.6,NA
5,8/10/2021 13:20,13:20,13,12.312,blue.ruin.2,1.6,NA
5,8/10/2021 13:30,13:30,13,12.25,blue.ruin.2,1.6,NA
5,8/10/2021 13:40,13:40,13,12.688,blue.ruin.2,1.6,NA
5,8/10/2021 13:55,13:55,13,12.5,blue.ruin.2,1.6,NA
5,8/10/2021 14:05,14:05,14,12.5,blue.ruin.2,1.6,NA
5,8/10/2021 14:20,14:20,14,12.562,blue.ruin.2,1.6,NA
5,8/10/2021 14:30,14:30,14,12.375,blue.ruin.2,1.6,NA
5,8/10/2021 14:40,14:40,14,12.562,blue.ruin.2,1.6,NA
5,8/10/2021 14:55,14:55,14,12.625,blue.ruin.2,1.6,NA
5,8/10/2021 15:05,15:05,15,12.625,blue.ruin.2,1.6,NA
5,8/10/2021 15:20,15:20,15,12.562,blue.ruin.2,1.6,NA
5,8/10/2021 15:30,15:30,15,12.562,blue.ruin.2,1.6,NA
5,8/10/2021 15:40,15:40,15,12.5,blue.ruin.2,1.6,NA
5,8/10/2021 15:55,15:55,15,12.5,blue.ruin.2,1.6,NA
5,8/10/2021 16:05,16:05,16,12.562,blue.ruin.2,1.6,NA
5,8/10/2021 16:20,16:20,16,12.375,blue.ruin.2,1.6,NA
5,8/10/2021 16:30,16:30,16,12.188,blue.ruin.2,1.6,NA
5,8/10/2021 16:40,16:40,16,12.188,blue.ruin.2,1.6,NA
5,8/10/2021 16:55,16:55,16,12.062,blue.ruin.2,1.6,NA
5,8/10/2021 17:05,17:05,17,12.062,blue.ruin.2,1.6,NA
5,8/10/2021 17:20,17:20,17,12.125,blue.ruin.2,1.6,NA
5,8/10/2021 17:30,17:30,17,12.25,blue.ruin.2,1.6,NA
5,8/10/2021 17:40,17:40,17,12,blue.ruin.2,1.6,NA
5,8/10/2021 17:55,17:55,17,12.562,blue.ruin.2,1.6,NA
5,8/10/2021 18:05,18:05,18,12.438,blue.ruin.2,1.6,NA
5,8/10/2021 18:20,18:20,18,12.375,blue.ruin.2,1.6,NA
5,8/10/2021 18:30,18:30,18,12.312,blue.ruin.2,1.6,NA
5,8/10/2021 18:40,18:40,18,12.312,blue.ruin.2,1.6,NA
5,8/10/2021 18:55,18:55,18,12.312,blue.ruin.2,1.6,NA
5,8/10/2021 19:05,19:05,19,12.25,blue.ruin.2,1.6,NA
5,8/10/2021 19:20,19:20,19,12.188,blue.ruin.2,1.6,NA
5,8/10/2021 19:30,19:30,19,12.188,blue.ruin.2,1.6,NA
5,8/10/2021 19:40,19:40,19,12.125,blue.ruin.2,1.6,NA
5,8/10/2021 19:55,19:55,19,12.125,blue.ruin.2,1.6,NA
5,8/10/2021 20:05,20:05,20,12.125,blue.ruin.2,1.6,NA
5,8/10/2021 20:20,20:20,20,12.125,blue.ruin.2,1.6,NA
5,8/10/2021 20:30,20:30,20,12.125,blue.ruin.2,1.6,NA
5,8/10/2021 20:40,20:40,20,12.062,blue.ruin.2,1.6,NA
5,8/10/2021 20:55,20:55,20,12.062,blue.ruin.2,1.6,NA
5,8/10/2021 21:05,21:05,21,13.688,blue.ruin.2,0.962935323,NA
5,8/10/2021 21:20,21:20,21,12.312,blue.ruin.2,1.6,NA
5,8/10/2021 21:30,21:30,21,11.75,blue.ruin.2,1.6,NA
5,8/10/2021 21:40,21:40,21,11.875,blue.ruin.2,1.6,NA
5,8/10/2021 21:55,21:55,21,11.812,blue.ruin.2,1.6,NA
5,8/10/2021 22:05,22:05,22,11.75,blue.ruin.2,1.6,NA
5,8/10/2021 22:20,22:20,22,11.812,blue.ruin.2,1.6,NA
5,8/10/2021 22:30,22:30,22,11.75,blue.ruin.2,1.6,NA
5,8/10/2021 22:40,22:40,22,11.75,blue.ruin.2,1.6,NA
5,8/10/2021 22:55,22:55,22,12,blue.ruin.2,1.6,NA
5,8/10/2021 23:05,23:05,23,12.125,blue.ruin.2,1.6,NA
5,8/10/2021 23:20,23:20,23,12.125,blue.ruin.2,1.6,NA
5,8/10/2021 23:30,23:30,23,11.688,blue.ruin.2,1.6,NA
5,8/10/2021 23:40,23:40,23,11.625,blue.ruin.2,1.6,NA
5,8/10/2021 23:55,23:55,23,11.5,blue.ruin.2,1.6,NA
5,8/11/2021 0:05,0:05,0,11.562,blue.ruin.2,1.6,2.502
5,8/11/2021 0:20,0:20,0,11.625,blue.ruin.2,1.6,2.631
5,8/11/2021 0:30,0:30,0,11.5,blue.ruin.2,1.6,2.632
5,8/11/2021 0:40,0:40,0,11.5,blue.ruin.2,1.6,2.509
5,8/11/2021 0:55,0:55,0,11.625,blue.ruin.2,1.6,2.59
5,8/11/2021 1:05,1:05,1,11.562,blue.ruin.2,1.6,2.597
5,8/11/2021 1:20,1:20,1,11.625,blue.ruin.2,1.6,2.569
5,8/11/2021 1:30,1:30,1,11.625,blue.ruin.2,1.6,2.639
5,8/11/2021 1:40,1:40,1,11.562,blue.ruin.2,1.6,2.61
5,8/11/2021 1:55,1:55,1,12.375,blue.ruin.2,1.527040816,2.593
5,8/11/2021 2:05,2:05,2,12.562,blue.ruin.2,1.205517241,2.573461207
5,8/11/2021 2:20,2:20,2,11.375,blue.ruin.2,1.6,2.606
5,8/11/2021 2:30,2:30,2,11.312,blue.ruin.2,1.6,2.631
5,8/11/2021 2:40,2:40,2,12.375,blue.ruin.2,1.490789474,2.561
5,8/11/2021 2:55,2:55,2,12.25,blue.ruin.2,1.6,2.598
5,8/11/2021 3:05,3:05,3,11.688,blue.ruin.2,1.6,2.546
5,8/11/2021 3:20,3:20,3,11.5,blue.ruin.2,1.6,2.644
5,8/11/2021 3:30,3:30,3,11.562,blue.ruin.2,1.6,2.595
5,8/11/2021 3:40,3:40,3,11.562,blue.ruin.2,1.6,2.627
5,8/11/2021 3:55,3:55,3,11.562,blue.ruin.2,1.6,2.639
5,8/11/2021 4:05,4:05,4,11.438,blue.ruin.2,1.6,2.645
5,8/11/2021 4:20,4:20,4,11.5,blue.ruin.2,1.6,2.597
5,8/11/2021 4:30,4:30,4,11.562,blue.ruin.2,1.6,2.568
5,8/11/2021 4:40,4:40,4,11.5,blue.ruin.2,1.6,2.601
5,8/11/2021 4:55,4:55,4,11.5,blue.ruin.2,1.6,2.608
5,8/11/2021 5:05,5:05,5,11.5,blue.ruin.2,1.6,2.59
5,8/11/2021 5:20,5:20,5,11.5,blue.ruin.2,1.6,2.624
5,8/11/2021 5:30,5:30,5,11.5,blue.ruin.2,1.6,2.607
5,8/11/2021 5:40,5:40,5,11.438,blue.ruin.2,1.6,2.552
5,8/11/2021 5:55,5:55,5,11.438,blue.ruin.2,1.6,2.617
5,8/11/2021 6:05,6:05,6,11.438,blue.ruin.2,1.6,2.547
5,8/11/2021 6:20,6:20,6,11.438,blue.ruin.2,1.6,2.397
5,8/11/2021 6:30,6:30,6,11.375,blue.ruin.2,1.6,2.626
5,8/11/2021 6:40,6:40,6,11.5,blue.ruin.2,1.6,2.645
5,8/11/2021 6:55,6:55,6,11.25,blue.ruin.2,1.6,2.661
5,8/11/2021 7:05,7:05,7,11.312,blue.ruin.2,1.6,2.694
5,8/11/2021 7:20,7:20,7,11.438,blue.ruin.2,1.6,2.669
5,8/11/2021 7:30,7:30,7,11.438,blue.ruin.2,1.6,2.777
5,8/11/2021 7:40,7:40,7,11.5,blue.ruin.2,1.6,2.801
5,8/11/2021 7:55,7:55,7,11.5,blue.ruin.2,1.6,2.959
5,8/11/2021 8:05,8:05,8,11.5,blue.ruin.2,1.6,3.082
5,8/11/2021 8:20,8:20,8,11.5,blue.ruin.2,1.6,3.196
5,8/11/2021 8:30,8:30,8,11.438,blue.ruin.2,1.6,3.297
5,8/11/2021 8:40,8:40,8,11.5,blue.ruin.2,1.6,3.433
5,8/11/2021 8:55,8:55,8,11.562,blue.ruin.2,1.6,3.565
5,8/11/2021 9:05,9:05,9,11.562,blue.ruin.2,1.6,3.605
5,8/11/2021 9:20,9:20,9,11.75,blue.ruin.2,1.6,3.767
5,8/11/2021 9:30,9:30,9,11.688,blue.ruin.2,1.6,3.755
5,8/11/2021 9:40,9:40,9,11.75,blue.ruin.2,1.6,3.923
5,8/11/2021 9:55,9:55,9,11.875,blue.ruin.2,1.6,4.06
5,8/11/2021 10:05,10:05,10,11.875,blue.ruin.2,1.6,4.08
5,8/11/2021 10:20,10:20,10,11.938,blue.ruin.2,1.6,4.248
5,8/11/2021 10:30,10:30,10,11.938,blue.ruin.2,1.6,4.335
5,8/11/2021 10:40,10:40,10,12,blue.ruin.2,1.6,4.49
5,8/11/2021 10:55,10:55,10,12.062,blue.ruin.2,1.6,4.349
5,8/11/2021 11:05,11:05,11,12.062,blue.ruin.2,1.6,4.503
5,8/11/2021 11:20,11:20,11,12.188,blue.ruin.2,1.6,4.661
5,8/11/2021 11:30,11:30,11,12.25,blue.ruin.2,1.6,4.819
5,8/11/2021 11:40,11:40,11,12.375,blue.ruin.2,1.6,4.755
5,8/11/2021 11:55,11:55,11,12.5,blue.ruin.2,1.6,5.073
5,8/11/2021 12:05,12:05,12,12.438,blue.ruin.2,1.6,4.979
5,8/11/2021 12:20,12:20,12,12.375,blue.ruin.2,1.6,4.992
5,8/11/2021 12:30,12:30,12,12.375,blue.ruin.2,1.6,4.976
5,8/11/2021 12:40,12:40,12,12.5,blue.ruin.2,1.6,4.996
5,8/11/2021 12:55,12:55,12,12.438,blue.ruin.2,1.6,5
5,8/11/2021 13:05,13:05,13,12.5,blue.ruin.2,1.6,4.844
5,8/11/2021 13:20,13:20,13,12.625,blue.ruin.2,1.6,4.745
5,8/11/2021 13:30,13:30,13,12.625,blue.ruin.2,1.6,4.795
5,8/11/2021 13:40,13:40,13,12.625,blue.ruin.2,1.6,4.762
5,8/11/2021 13:55,13:55,13,12.688,blue.ruin.2,1.6,4.829
5,8/11/2021 14:05,14:05,14,12.625,blue.ruin.2,1.6,4.548
5,8/11/2021 14:20,14:20,14,12.562,blue.ruin.2,1.6,4.495
5,8/11/2021 14:30,14:30,14,12.5,blue.ruin.2,1.6,4.318
5,8/11/2021 14:40,14:40,14,12.312,blue.ruin.2,1.6,4.282
5,8/11/2021 14:55,14:55,14,12.312,blue.ruin.2,1.6,4.182
5,8/11/2021 15:05,15:05,15,12.125,blue.ruin.2,1.6,4.066
5,8/11/2021 15:20,15:20,15,12.438,blue.ruin.2,1.6,4.035
5,8/11/2021 15:30,15:30,15,12.438,blue.ruin.2,1.6,4.007
5,8/11/2021 15:40,15:40,15,12.438,blue.ruin.2,1.6,3.984
5,8/11/2021 15:55,15:55,15,12.438,blue.ruin.2,1.6,3.935
5,8/11/2021 16:05,16:05,16,12.438,blue.ruin.2,1.6,3.871
5,8/11/2021 16:20,16:20,16,12.438,blue.ruin.2,1.6,3.841
5,8/11/2021 16:30,16:30,16,12.375,blue.ruin.2,1.6,3.76
5,8/11/2021 16:40,16:40,16,12.375,blue.ruin.2,1.6,3.694
5,8/11/2021 16:55,16:55,16,12.375,blue.ruin.2,1.6,3.69
5,8/11/2021 17:05,17:05,17,12.375,blue.ruin.2,1.6,3.656
5,8/11/2021 17:20,17:20,17,12.375,blue.ruin.2,1.6,3.636
5,8/11/2021 17:30,17:30,17,12.375,blue.ruin.2,1.6,3.549
5,8/11/2021 17:40,17:40,17,12.375,blue.ruin.2,1.6,3.586
5,8/11/2021 17:55,17:55,17,12.375,blue.ruin.2,1.6,3.418
5,8/11/2021 18:05,18:05,18,12.312,blue.ruin.2,1.6,3.422
5,8/11/2021 18:20,18:20,18,12.312,blue.ruin.2,1.6,3.383
5,8/11/2021 18:30,18:30,18,12.312,blue.ruin.2,1.6,3.318
5,8/11/2021 18:40,18:40,18,12.188,blue.ruin.2,1.6,3.298
5,8/11/2021 18:55,18:55,18,12.25,blue.ruin.2,1.6,3.266
5,8/11/2021 19:05,19:05,19,12.312,blue.ruin.2,1.6,3.191
5,8/11/2021 19:20,19:20,19,12.312,blue.ruin.2,1.6,3.172
5,8/11/2021 19:30,19:30,19,12.375,blue.ruin.2,1.6,3.137
5,8/11/2021 19:40,19:40,19,12.312,blue.ruin.2,1.6,3.09
5,8/11/2021 19:55,19:55,19,12.312,blue.ruin.2,1.6,3.045
5,8/11/2021 20:05,20:05,20,12.312,blue.ruin.2,1.6,3.09
5,8/11/2021 20:20,20:20,20,12.312,blue.ruin.2,1.6,3.029
5,8/11/2021 20:30,20:30,20,12.25,blue.ruin.2,1.6,2.961
5,8/11/2021 20:40,20:40,20,12.25,blue.ruin.2,1.6,2.897
5,8/11/2021 20:55,20:55,20,12.25,blue.ruin.2,1.6,2.82
5,8/11/2021 21:05,21:05,21,12.125,blue.ruin.2,1.6,2.768
5,8/11/2021 21:20,21:20,21,12.125,blue.ruin.2,1.6,2.758
5,8/11/2021 21:30,21:30,21,12.125,blue.ruin.2,1.6,2.696
5,8/11/2021 21:40,21:40,21,11.938,blue.ruin.2,1.6,2.706
5,8/11/2021 21:55,21:55,21,11.812,blue.ruin.2,1.6,2.66
5,8/11/2021 22:05,22:05,22,11.438,blue.ruin.2,1.6,2.655
5,8/11/2021 22:20,22:20,22,11.688,blue.ruin.2,1.6,2.64
5,8/11/2021 22:30,22:30,22,11.562,blue.ruin.2,1.6,2.624
5,8/11/2021 22:40,22:40,22,11.312,blue.ruin.2,1.6,2.594
5,8/11/2021 22:55,22:55,22,11.5,blue.ruin.2,1.6,2.495
5,8/11/2021 23:05,23:05,23,11.312,blue.ruin.2,1.6,2.56
5,8/11/2021 23:20,23:20,23,11.688,blue.ruin.2,1.6,2.534
5,8/11/2021 23:30,23:30,23,11.688,blue.ruin.2,1.6,2.353
5,8/11/2021 23:40,23:40,23,11.688,blue.ruin.2,1.6,2.504
5,8/11/2021 23:55,23:55,23,11.688,blue.ruin.2,1.6,2.492
5,8/12/2021 0:05,0:05,0,11.562,blue.ruin.2,1.6,2.474
5,8/12/2021 0:20,0:20,0,11.688,blue.ruin.2,1.6,2.551
5,8/12/2021 0:30,0:30,0,11.5,blue.ruin.2,1.6,2.485
5,8/12/2021 0:40,0:40,0,11.688,blue.ruin.2,1.6,2.508
5,8/12/2021 0:55,0:55,0,11.75,blue.ruin.2,1.6,2.426
5,8/12/2021 1:05,1:05,1,11.938,blue.ruin.2,1.6,2.476
5,8/12/2021 1:20,1:20,1,11.688,blue.ruin.2,1.6,2.54
5,8/12/2021 1:30,1:30,1,11.75,blue.ruin.2,1.6,2.521
5,8/12/2021 1:40,1:40,1,11.688,blue.ruin.2,1.6,2.461
5,8/12/2021 1:55,1:55,1,11.688,blue.ruin.2,1.6,2.545
5,8/12/2021 2:05,2:05,2,11.625,blue.ruin.2,1.6,2.527
5,8/12/2021 2:20,2:20,2,11.625,blue.ruin.2,1.6,2.476
5,8/12/2021 2:30,2:30,2,11.625,blue.ruin.2,1.6,2.474
5,8/12/2021 2:40,2:40,2,11.625,blue.ruin.2,1.6,2.515
5,8/12/2021 2:55,2:55,2,11.625,blue.ruin.2,1.6,2.484
5,8/12/2021 3:05,3:05,3,11.625,blue.ruin.2,1.6,2.456
5,8/12/2021 3:20,3:20,3,11.625,blue.ruin.2,1.6,2.468
5,8/12/2021 3:30,3:30,3,11.625,blue.ruin.2,1.6,2.475
5,8/12/2021 3:40,3:40,3,11.438,blue.ruin.2,1.6,2.488
5,8/12/2021 3:55,3:55,3,11.625,blue.ruin.2,1.6,2.408
5,8/12/2021 4:05,4:05,4,11.562,blue.ruin.2,1.6,2.498
5,8/12/2021 4:20,4:20,4,11.562,blue.ruin.2,1.6,2.498
5,8/12/2021 4:30,4:30,4,11.75,blue.ruin.2,1.6,2.468
5,8/12/2021 4:40,4:40,4,11.562,blue.ruin.2,1.6,2.328
5,8/12/2021 4:55,4:55,4,11.562,blue.ruin.2,1.6,2.465
5,8/12/2021 5:05,5:05,5,11.562,blue.ruin.2,1.6,2.45
5,8/12/2021 5:20,5:20,5,11.562,blue.ruin.2,1.6,2.507
5,8/12/2021 5:30,5:30,5,11.5,blue.ruin.2,1.6,2.494
5,8/12/2021 5:40,5:40,5,11.562,blue.ruin.2,1.6,2.484
5,8/12/2021 5:55,5:55,5,11.562,blue.ruin.2,1.6,2.48
5,8/12/2021 6:05,6:05,6,11.562,blue.ruin.2,1.6,2.49
5,8/12/2021 6:20,6:20,6,11.562,blue.ruin.2,1.6,2.402
5,8/12/2021 6:30,6:30,6,11.562,blue.ruin.2,1.6,NA
5,8/12/2021 6:40,6:40,6,11.5,blue.ruin.2,1.6,2.566
5,8/12/2021 6:55,6:55,6,11.562,blue.ruin.2,1.6,2.586
5,8/12/2021 7:05,7:05,7,11.625,blue.ruin.2,1.6,2.583
5,8/12/2021 7:20,7:20,7,11.625,blue.ruin.2,1.6,2.645
5,8/12/2021 7:30,7:30,7,11.625,blue.ruin.2,1.6,2.705
5,8/12/2021 7:40,7:40,7,11.625,blue.ruin.2,1.6,2.787
5,8/12/2021 7:55,7:55,7,11.625,blue.ruin.2,1.6,2.89
5,8/12/2021 8:05,8:05,8,11.625,blue.ruin.2,1.6,2.91
5,8/12/2021 8:20,8:20,8,11.562,blue.ruin.2,1.6,3.082
5,8/12/2021 8:30,8:30,8,11.688,blue.ruin.2,1.6,3.138
5,8/12/2021 8:40,8:40,8,11.688,blue.ruin.2,1.6,3.116
5,8/12/2021 8:55,8:55,8,11.688,blue.ruin.2,1.6,3.349
5,8/12/2021 9:05,9:05,9,11.688,blue.ruin.2,1.6,3.393
5,8/12/2021 9:20,9:20,9,11.75,blue.ruin.2,1.6,3.507
5,8/12/2021 9:30,9:30,9,11.75,blue.ruin.2,1.6,3.571
5,8/12/2021 9:40,9:40,9,11.812,blue.ruin.2,1.6,3.742
5,8/12/2021 9:55,9:55,9,11.812,blue.ruin.2,1.6,3.775
5,8/12/2021 10:05,10:05,10,11.812,blue.ruin.2,1.6,3.758
5,8/12/2021 10:20,10:20,10,11.812,blue.ruin.2,1.6,3.872
5,8/12/2021 10:30,10:30,10,11.875,blue.ruin.2,1.6,3.991
5,8/12/2021 10:40,10:40,10,11.938,blue.ruin.2,1.6,4.258
5,8/12/2021 10:55,10:55,10,12,blue.ruin.2,1.6,4.085
5,8/12/2021 11:05,11:05,11,12.062,blue.ruin.2,1.6,4.231
5,8/12/2021 11:20,11:20,11,12,blue.ruin.2,1.6,4.38
5,8/12/2021 11:30,11:30,11,12.062,blue.ruin.2,1.6,4.67
5,8/12/2021 11:40,11:40,11,12.125,blue.ruin.2,1.6,4.834
5,8/12/2021 11:55,11:55,11,12.125,blue.ruin.2,1.6,4.549
5,8/12/2021 12:05,12:05,12,12.188,blue.ruin.2,1.6,4.601
5,8/12/2021 12:20,12:20,12,12.188,blue.ruin.2,1.6,4.684
5,8/12/2021 12:30,12:30,12,12.25,blue.ruin.2,1.6,4.75
5,8/12/2021 12:40,12:40,12,12.312,blue.ruin.2,1.6,4.719
5,8/12/2021 12:55,12:55,12,12.25,blue.ruin.2,1.6,4.721
5,8/12/2021 13:05,13:05,13,12.312,blue.ruin.2,1.6,4.692
5,8/12/2021 13:20,13:20,13,12.375,blue.ruin.2,1.6,4.555
5,8/12/2021 13:30,13:30,13,12.438,blue.ruin.2,1.6,4.576
5,8/12/2021 13:40,13:40,13,12.438,blue.ruin.2,1.6,4.562
5,8/12/2021 13:55,13:55,13,12.438,blue.ruin.2,1.6,4.521
5,8/12/2021 14:05,14:05,14,12.5,blue.ruin.2,1.6,4.446
5,8/12/2021 14:20,14:20,14,12.562,blue.ruin.2,1.6,4.501
5,8/12/2021 14:30,14:30,14,12.688,blue.ruin.2,1.6,4.543
5,8/12/2021 14:40,14:40,14,12.688,blue.ruin.2,1.6,4.56
5,8/12/2021 14:55,14:55,14,12.75,blue.ruin.2,1.6,4.344
5,8/12/2021 15:05,15:05,15,12.75,blue.ruin.2,1.6,4.317
5,8/12/2021 15:20,15:20,15,12.75,blue.ruin.2,1.6,4.356
5,8/12/2021 15:30,15:30,15,12.75,blue.ruin.2,1.6,4.212
5,8/12/2021 15:40,15:40,15,12.688,blue.ruin.2,1.6,4.024
5,8/12/2021 15:55,15:55,15,12.688,blue.ruin.2,1.6,3.943
5,8/12/2021 16:05,16:05,16,12.625,blue.ruin.2,1.6,3.857
5,8/12/2021 16:20,16:20,16,12.688,blue.ruin.2,1.6,3.83
5,8/12/2021 16:30,16:30,16,12.688,blue.ruin.2,1.6,3.798
5,8/12/2021 16:40,16:40,16,12.625,blue.ruin.2,1.6,3.751
