ibutton,date.time,time,hour,ibutton.temp,site,fish.depth,dissolved.oxygen
23,7/25/2021 12:05,12:05,12,19.506,blue.ruin.1,0.444177671,6.95257121
23,7/25/2021 12:20,12:20,12,19.756,blue.ruin.1,0.402547771,7.917637522
23,7/25/2021 12:30,12:30,12,19.756,blue.ruin.1,0.494612069,7.936465517
23,7/25/2021 12:40,12:40,12,20.194,blue.ruin.1,0.310010764,8.119971295
23,7/25/2021 12:55,12:55,12,20.319,blue.ruin.1,0.41802168,8.519854644
23,7/25/2021 13:05,13:05,13,20.507,blue.ruin.1,0.28917609,8.43082391
23,7/25/2021 13:20,13:20,13,20.444,blue.ruin.1,0.423913043,8.613478261
23,7/25/2021 13:30,13:30,13,20.632,blue.ruin.1,0.436046512,8.602494715
23,7/25/2021 13:40,13:40,13,21.007,blue.ruin.1,0.375874126,8.695174825
23,7/25/2021 13:55,13:55,13,21.132,blue.ruin.1,0.348062016,8.739612403
23,7/25/2021 14:05,14:05,14,20.944,blue.ruin.1,0.357142857,8.574285714
23,7/25/2021 14:20,14:20,14,21.194,blue.ruin.1,0.448062016,8.364362227
23,7/25/2021 14:30,14:30,14,21.194,blue.ruin.1,0.303030303,8.812929293
23,7/25/2021 14:40,14:40,14,21.319,blue.ruin.1,0.323308271,8.879774436
23,7/25/2021 14:55,14:55,14,21.632,blue.ruin.1,0.470930233,8.253572939
23,7/25/2021 15:05,15:05,15,21.632,blue.ruin.1,0.360576923,8.824166667
23,7/25/2021 15:20,15:20,15,21.695,blue.ruin.1,0.334080717,8.99
23,7/25/2021 15:30,15:30,15,21.82,blue.ruin.1,0.385135135,9.115135135
23,7/25/2021 15:40,15:40,15,21.945,blue.ruin.1,0.411163522,9.00990566
23,7/25/2021 15:55,15:55,15,22.257,blue.ruin.1,0.12202381,8.99
23,7/25/2021 16:05,16:05,16,22.007,blue.ruin.1,0.365147783,9.003029557
23,7/25/2021 16:20,16:20,16,22.007,blue.ruin.1,0.335810811,9.012837838
23,7/25/2021 16:30,16:30,16,21.945,blue.ruin.1,0.300465839,9.006915114
23,7/25/2021 16:40,16:40,16,22.07,blue.ruin.1,0.44,9.04
23,7/25/2021 16:55,16:55,16,22.195,blue.ruin.1,0.214583333,9.08
23,7/25/2021 17:05,17:05,17,21.945,blue.ruin.1,0.487447699,8.840167364
23,7/25/2021 17:20,17:20,17,22.007,blue.ruin.1,1.6,4.067
23,7/25/2021 17:30,17:30,17,22.007,blue.ruin.1,1.6,3.92
23,7/25/2021 17:40,17:40,17,21.945,blue.ruin.1,1.6,3.947
23,7/25/2021 17:55,17:55,17,21.882,blue.ruin.1,1.6,3.748
23,7/25/2021 18:05,18:05,18,21.882,blue.ruin.1,1.6,3.742
23,7/25/2021 18:20,18:20,18,21.82,blue.ruin.1,1.6,3.663
23,7/25/2021 18:30,18:30,18,21.757,blue.ruin.1,1.6,3.611
23,7/25/2021 18:40,18:40,18,21.632,blue.ruin.1,1.6,3.611
23,7/25/2021 18:55,18:55,18,21.57,blue.ruin.1,1.6,3.536
23,7/25/2021 19:05,19:05,19,21.57,blue.ruin.1,1.6,3.517
23,7/25/2021 19:20,19:20,19,21.319,blue.ruin.1,0.1359447,8.1
23,7/25/2021 19:30,19:30,19,21.257,blue.ruin.1,0.158333333,7.94
23,7/25/2021 19:40,19:40,19,21.132,blue.ruin.1,0.234848485,7.75
23,7/25/2021 19:55,19:55,19,20.944,blue.ruin.1,0.384328358,8.094328358
23,7/25/2021 20:05,20:05,20,21.007,blue.ruin.1,0.160535117,7.42
23,7/25/2021 20:20,20:20,20,20.819,blue.ruin.1,0.198966408,7.37
23,7/25/2021 20:30,20:30,20,20.694,blue.ruin.1,0.209694989,7.48
23,7/25/2021 20:40,20:40,20,20.381,blue.ruin.1,0.449748744,7.644924623
23,7/25/2021 20:55,20:55,20,20.694,blue.ruin.1,0.113636364,7.25
23,7/25/2021 21:05,21:05,21,20.632,blue.ruin.1,0.144736842,7.26
23,7/25/2021 21:20,21:20,21,19.568,blue.ruin.1,0.674006195,6.259535364
23,7/25/2021 21:30,21:30,21,19.944,blue.ruin.1,0.588396833,6.321276146
23,7/25/2021 21:40,21:40,21,20.694,blue.ruin.1,0.02173913,6.69
23,7/25/2021 21:55,21:55,21,20.569,blue.ruin.1,0.022193211,7.27
23,7/25/2021 22:05,22:05,22,20.444,blue.ruin.1,0.035234899,6.33
23,7/25/2021 22:20,22:20,22,17.817,blue.ruin.1,0.652522639,5.147558509
23,7/25/2021 22:30,22:30,22,19.256,blue.ruin.1,0.522532656,5.986523948
23,7/25/2021 22:40,22:40,22,16.19,blue.ruin.1,0.768931949,4.086487871
23,7/25/2021 22:55,22:55,22,18.255,blue.ruin.1,0.611412168,5.151616548
23,7/25/2021 23:05,23:05,23,17.254,blue.ruin.1,0.722801954,4.355601082
23,7/25/2021 23:20,23:20,23,15.752,blue.ruin.1,0.87790279,3.103856477
23,7/25/2021 23:30,23:30,23,19.068,blue.ruin.1,0.542124212,5.403448981
23,7/25/2021 23:40,23:40,23,19.756,blue.ruin.1,0.121111111,6.56
23,7/25/2021 23:55,23:55,23,19.756,blue.ruin.1,0.036561265,6.25
23,7/26/2021 0:05,0:05,0,19.631,blue.ruin.1,0.076834862,6.24
23,7/26/2021 0:20,0:20,0,19.506,blue.ruin.1,0.122469636,5.96
23,7/26/2021 0:30,0:30,0,19.506,blue.ruin.1,0.061036789,5.88
23,7/26/2021 0:40,0:40,0,19.443,blue.ruin.1,0.036091549,5.47
23,7/26/2021 0:55,0:55,0,19.193,blue.ruin.1,0.155807365,5
23,7/26/2021 1:05,1:05,1,19.193,blue.ruin.1,0.10617284,4.56
23,7/26/2021 1:20,1:20,1,19.068,blue.ruin.1,0.102664577,4.56
23,7/26/2021 1:30,1:30,1,18.755,blue.ruin.1,0.284067086,4.690845563
23,7/26/2021 1:40,1:40,1,18.755,blue.ruin.1,0.279145078,4.78880829
23,7/26/2021 1:55,1:55,1,18.755,blue.ruin.1,0.288659794,4.892474227
23,7/26/2021 2:05,2:05,2,14.563,blue.ruin.1,0.884606383,2.661235783
23,7/26/2021 2:20,2:20,2,18.38,blue.ruin.1,0.538344555,4.470669734
23,7/26/2021 2:30,2:30,2,18.443,blue.ruin.1,0.534659235,4.522633531
23,7/26/2021 2:40,2:40,2,18.693,blue.ruin.1,0.503322668,4.478357908
23,7/26/2021 2:55,2:55,2,18.693,blue.ruin.1,0.250954762,4.889872698
23,7/26/2021 3:05,3:05,3,18.693,blue.ruin.1,0.18,5.25
23,7/26/2021 3:20,3:20,3,18.568,blue.ruin.1,0.007526408,5.39
23,7/26/2021 3:30,3:30,3,16.128,blue.ruin.1,0.627816594,3.839322747
23,7/26/2021 3:40,3:40,3,14.125,blue.ruin.1,0.979462954,2.398908503
23,7/26/2021 3:55,3:55,3,13.312,blue.ruin.1,1.066182829,2.547925726
23,7/26/2021 4:05,4:05,4,13.562,blue.ruin.1,1.060539351,2.601541827
23,7/26/2021 4:20,4:20,4,14.063,blue.ruin.1,1.044469259,2.684860878
23,7/26/2021 4:30,4:30,4,13.75,blue.ruin.1,1.053037767,2.522495895
23,7/26/2021 4:40,4:40,4,13.186,blue.ruin.1,1.076947536,2.586457075
23,7/26/2021 4:55,4:55,4,15.127,blue.ruin.1,0.991771608,2.598141779
23,7/26/2021 5:05,5:05,5,13.625,blue.ruin.1,1.058305698,2.707764169
23,7/26/2021 5:20,5:20,5,17.379,blue.ruin.1,0.331187845,5.641848987
23,7/26/2021 5:30,5:30,5,18.067,blue.ruin.1,1.6,2.987
23,7/26/2021 5:40,5:40,5,18.13,blue.ruin.1,1.6,2.949
23,7/26/2021 5:55,5:55,5,18.067,blue.ruin.1,1.6,2.931
23,7/26/2021 6:05,6:05,6,18.005,blue.ruin.1,1.6,2.911
23,7/26/2021 6:20,6:20,6,17.942,blue.ruin.1,1.6,2.939
23,7/26/2021 6:30,6:30,6,17.88,blue.ruin.1,1.6,2.905
23,7/26/2021 6:40,6:40,6,17.817,blue.ruin.1,0.348837209,4.874573643
23,7/26/2021 6:55,6:55,6,17.817,blue.ruin.1,1.6,3.059
23,7/26/2021 7:05,7:05,7,17.754,blue.ruin.1,1.6,3.081
23,7/26/2021 7:20,7:20,7,17.754,blue.ruin.1,1.6,3.093
23,7/26/2021 7:30,7:30,7,17.754,blue.ruin.1,1.6,3.276
23,7/26/2021 7:40,7:40,7,17.692,blue.ruin.1,0.282608696,5.813478261
23,7/26/2021 7:55,7:55,7,17.692,blue.ruin.1,0.25,6.05
23,7/26/2021 8:05,8:05,8,17.629,blue.ruin.1,0.266677852,6.036597315
23,7/26/2021 8:20,8:20,8,17.629,blue.ruin.1,0.264055118,6.146897638
23,7/26/2021 8:30,8:30,8,17.567,blue.ruin.1,0.289117647,6.102215686
23,7/26/2021 8:40,8:40,8,17.629,blue.ruin.1,0.26579646,6.169451327
23,7/26/2021 8:55,8:55,8,17.754,blue.ruin.1,0.277559055,6.221181102
23,7/26/2021 9:05,9:05,9,17.629,blue.ruin.1,0.288855932,6.271624294
23,7/26/2021 9:20,9:20,9,17.754,blue.ruin.1,0.277559055,6.301391076
23,7/26/2021 9:30,9:30,9,17.817,blue.ruin.1,0.280797101,6.359589372
23,7/26/2021 9:40,9:40,9,17.88,blue.ruin.1,0.377118644,6.400338983
23,7/26/2021 9:55,9:55,9,17.942,blue.ruin.1,0.316878981,6.975095541
23,7/26/2021 10:05,10:05,10,17.88,blue.ruin.1,0.257692308,6.895384615
23,7/26/2021 10:20,10:20,10,17.88,blue.ruin.1,0.278865979,6.979553265
23,7/26/2021 10:30,10:30,10,18.13,blue.ruin.1,0.469059406,7.613717372
23,7/26/2021 10:40,10:40,10,18.192,blue.ruin.1,0.456521739,6.316007905
23,7/26/2021 10:55,10:55,10,18.192,blue.ruin.1,0.322625698,7.072029795
23,7/26/2021 11:05,11:05,11,18.192,blue.ruin.1,0.254307692,7.454728205
23,7/26/2021 11:20,11:20,11,18.38,blue.ruin.1,0.332644628,7.589393939
23,7/26/2021 11:30,11:30,11,18.568,blue.ruin.1,0.362970711,7.210334728
23,7/26/2021 11:40,11:40,11,18.755,blue.ruin.1,0.427840909,7.79052686
23,7/26/2021 11:55,11:55,11,18.818,blue.ruin.1,0.345779221,7.815909091
23,7/26/2021 12:05,12:05,12,19.068,blue.ruin.1,0.408263305,7.716478228
23,7/26/2021 12:20,12:20,12,19.631,blue.ruin.1,0.262812089,8.196438896
23,7/26/2021 12:30,12:30,12,19.756,blue.ruin.1,0.299457995,8.267028004
23,7/26/2021 12:40,12:40,12,20.131,blue.ruin.1,0.2421875,8.37
23,7/26/2021 12:55,12:55,12,19.881,blue.ruin.1,0.490111248,7.703563322
23,7/26/2021 13:05,13:05,13,19.881,blue.ruin.1,0.347826087,8.516086957
23,7/26/2021 13:20,13:20,13,20.069,blue.ruin.1,0.25712963,8.680950617
23,7/26/2021 13:30,13:30,13,20.319,blue.ruin.1,0.397321429,8.523035714
23,7/26/2021 13:40,13:40,13,20.507,blue.ruin.1,0.45617284,7.979573513
23,7/26/2021 13:55,13:55,13,20.507,blue.ruin.1,0.311842105,8.831754386
23,7/26/2021 14:05,14:05,14,20.632,blue.ruin.1,0.318421053,8.793333333
23,7/26/2021 14:20,14:20,14,20.757,blue.ruin.1,0.288541667,8.816111111
23,7/26/2021 14:30,14:30,14,20.882,blue.ruin.1,0.275114155,8.961582953
23,7/26/2021 14:40,14:40,14,20.944,blue.ruin.1,0.278,8.9796
23,7/26/2021 14:55,14:55,14,21.007,blue.ruin.1,0.328898305,8.827525424
23,7/26/2021 15:05,15:05,15,21.132,blue.ruin.1,0.303103448,9.058758621
23,7/26/2021 15:20,15:20,15,21.445,blue.ruin.1,0.349431818,9.076969697
23,7/26/2021 15:30,15:30,15,21.57,blue.ruin.1,0.372126437,9.026724138
23,7/26/2021 15:40,15:40,15,21.445,blue.ruin.1,0.254058442,9.11512987
23,7/26/2021 15:55,15:55,15,21.632,blue.ruin.1,0.371323529,8.816911765
23,7/26/2021 16:05,16:05,16,21.695,blue.ruin.1,0.376080692,8.760163305
23,7/26/2021 16:20,16:20,16,21.82,blue.ruin.1,0.465181058,8.996973917
23,7/26/2021 16:30,16:30,16,21.757,blue.ruin.1,0.418250951,9.083211199
23,7/26/2021 16:40,16:40,16,21.757,blue.ruin.1,0.478197674,8.916828753
23,7/26/2021 16:55,16:55,16,21.757,blue.ruin.1,0.343283582,9.081840796
23,7/26/2021 17:05,17:05,17,21.632,blue.ruin.1,0.483333333,8.51030303
23,7/26/2021 17:20,17:20,17,21.57,blue.ruin.1,0.432926829,8.664700665
23,7/26/2021 17:30,17:30,17,21.57,blue.ruin.1,0.3671875,8.575625
23,7/26/2021 17:40,17:40,17,21.57,blue.ruin.1,0.306818182,9.129242424
23,7/26/2021 17:55,17:55,17,21.507,blue.ruin.1,0.257583333,9.243205556
23,7/26/2021 18:05,18:05,18,21.445,blue.ruin.1,0.29233871,9.151209677
23,7/26/2021 18:20,18:20,18,21.507,blue.ruin.1,0.25,9.21
23,7/26/2021 18:30,18:30,18,21.445,blue.ruin.1,0.256730769,9.208461538
23,7/26/2021 18:40,18:40,18,21.382,blue.ruin.1,0.502155689,8.313649428
23,7/26/2021 18:55,18:55,18,21.382,blue.ruin.1,0.433333333,8.313030303
23,7/26/2021 19:05,19:05,19,21.382,blue.ruin.1,0.083333333,8.75
23,7/26/2021 19:20,19:20,19,21.194,blue.ruin.1,0.284574468,8.730070922
23,7/26/2021 19:30,19:30,19,20.944,blue.ruin.1,0.339005236,8.225514834
23,7/26/2021 19:40,19:40,19,20.757,blue.ruin.1,0.284018987,8.277531646
23,7/26/2021 19:55,19:55,19,20.381,blue.ruin.1,0.417602996,7.395740552
23,7/26/2021 20:05,20:05,20,20.381,blue.ruin.1,0.325381679,8.032480916
23,7/26/2021 20:20,20:20,20,20.381,blue.ruin.1,0.236975858,8.3
23,7/26/2021 20:30,20:30,20,20.256,blue.ruin.1,0.24523242,8.25
23,7/26/2021 20:40,20:40,20,20.006,blue.ruin.1,0.428278689,7.081535022
23,7/26/2021 20:55,20:55,20,20.569,blue.ruin.1,0.108448928,8.09
23,7/26/2021 21:05,21:05,21,20.507,blue.ruin.1,0.106914213,7.83
23,7/26/2021 21:20,21:20,21,19.819,blue.ruin.1,0.392730496,6.636394799
23,7/26/2021 21:30,21:30,21,18.568,blue.ruin.1,0.582135765,5.397250734
23,7/26/2021 21:40,21:40,21,19.944,blue.ruin.1,0.207823129,7.82
23,7/26/2021 21:55,21:55,21,19.694,blue.ruin.1,0.294474394,7.327520216
23,7/26/2021 22:05,22:05,22,16.003,blue.ruin.1,0.774319603,4.046713865
23,7/26/2021 22:20,22:20,22,17.191,blue.ruin.1,0.669187338,4.704241863
23,7/26/2021 22:30,22:30,22,13.562,blue.ruin.1,0.96131528,2.893677466
23,7/26/2021 22:40,22:40,22,13.249,blue.ruin.1,0.987581345,2.810857646
23,7/26/2021 22:55,22:55,22,13.625,blue.ruin.1,0.929726002,2.777220569
23,7/26/2021 23:05,23:05,23,15.127,blue.ruin.1,0.802557756,3.478868887
23,7/26/2021 23:20,23:20,23,14.25,blue.ruin.1,0.872543032,3.009108576
23,7/26/2021 23:30,23:30,23,15.189,blue.ruin.1,0.797641774,3.365641876
23,7/26/2021 23:40,23:40,23,14.939,blue.ruin.1,0.818135948,3.37206588
23,7/26/2021 23:55,23:55,23,17.191,blue.ruin.1,0.62046386,4.339621664
23,7/27/2021 0:05,0:05,0,17.629,blue.ruin.1,0.584059461,4.396395764
23,7/27/2021 0:20,0:20,0,18.13,blue.ruin.1,0.545798319,4.522818946
23,7/27/2021 0:30,0:30,0,17.629,blue.ruin.1,0.591795637,4.470098656
23,7/27/2021 0:40,0:40,0,19.131,blue.ruin.1,0.256097561,6.215853659
23,7/27/2021 0:55,0:55,0,17.942,blue.ruin.1,0.582865541,4.512577108
23,7/27/2021 1:05,1:05,1,18.192,blue.ruin.1,0.561067194,4.581020481
23,7/27/2021 1:20,1:20,1,18.693,blue.ruin.1,0.51856366,4.942690452
23,7/27/2021 1:30,1:30,1,18.067,blue.ruin.1,0.569937606,4.548850616
23,7/27/2021 1:40,1:40,1,17.754,blue.ruin.1,0.592692162,4.540483288
23,7/27/2021 1:55,1:55,1,18.13,blue.ruin.1,0.558217375,4.524666484
23,7/27/2021 2:05,2:05,2,18.818,blue.ruin.1,0.452811245,4.181566265
23,7/27/2021 2:20,2:20,2,17.942,blue.ruin.1,0.553966165,4.455363636
23,7/27/2021 2:30,2:30,2,18.067,blue.ruin.1,0.533320804,3.962165177
23,7/27/2021 2:40,2:40,2,16.941,blue.ruin.1,0.619874596,3.850547216
23,7/27/2021 2:55,2:55,2,17.567,blue.ruin.1,0.552742494,3.807909931
23,7/27/2021 3:05,3:05,3,16.503,blue.ruin.1,0.632710372,3.48839388
23,7/27/2021 3:20,3:20,3,16.003,blue.ruin.1,0.676494176,3.448887462
23,7/27/2021 3:30,3:30,3,15.815,blue.ruin.1,0.702140411,3.226242217
23,7/27/2021 3:40,3:40,3,16.378,blue.ruin.1,0.658281853,3.162890137
23,7/27/2021 3:55,3:55,3,15.565,blue.ruin.1,0.744004725,3.215106052
23,7/27/2021 4:05,4:05,4,17.317,blue.ruin.1,0.593784278,3.57589995
23,7/27/2021 4:20,4:20,4,15.94,blue.ruin.1,0.720323112,3.126068402
23,7/27/2021 4:30,4:30,4,17.254,blue.ruin.1,0.591329076,3.678172747
23,7/27/2021 4:40,4:40,4,16.879,blue.ruin.1,0.608592652,3.339377635
23,7/27/2021 4:55,4:55,4,16.503,blue.ruin.1,0.621136767,3.316796383
23,7/27/2021 5:05,5:05,5,16.378,blue.ruin.1,0.612111675,3.236222796
23,7/27/2021 5:20,5:20,5,16.19,blue.ruin.1,0.61401241,3.188587948
23,7/27/2021 5:30,5:30,5,16.253,blue.ruin.1,0.616360517,3.211065622
23,7/27/2021 5:40,5:40,5,16.566,blue.ruin.1,0.596803879,3.312527391
23,7/27/2021 5:55,5:55,5,17.254,blue.ruin.1,0.546694712,3.683236451
23,7/27/2021 6:05,6:05,6,17.317,blue.ruin.1,0.546491048,3.285758012
23,7/27/2021 6:20,6:20,6,17.191,blue.ruin.1,0.563282713,3.253746809
23,7/27/2021 6:30,6:30,6,17.004,blue.ruin.1,0.577957877,3.234963865
23,7/27/2021 6:40,6:40,6,17.129,blue.ruin.1,0.562845477,3.158721448
23,7/27/2021 6:55,6:55,6,17.004,blue.ruin.1,0.559473462,3.34016321
23,7/27/2021 7:05,7:05,7,16.691,blue.ruin.1,0.581998739,3.440185143
23,7/27/2021 7:20,7:20,7,16.566,blue.ruin.1,0.580686378,3.278482865
23,7/27/2021 7:30,7:30,7,16.628,blue.ruin.1,0.570134794,3.22015777
23,7/27/2021 7:40,7:40,7,16.753,blue.ruin.1,0.577847716,3.28867725
23,7/27/2021 7:55,7:55,7,16.941,blue.ruin.1,0.581987964,3.415730536
23,7/27/2021 8:05,8:05,8,17.191,blue.ruin.1,0.34828125,4.560270833
23,7/27/2021 8:20,8:20,8,17.567,blue.ruin.1,0.295410256,5.602244444
23,7/27/2021 8:30,8:30,8,17.567,blue.ruin.1,0.304289773,5.546215909
23,7/27/2021 8:40,8:40,8,17.817,blue.ruin.1,0.259290123,6.371176955
23,7/27/2021 8:55,8:55,8,17.629,blue.ruin.1,0.317006579,5.763131579
23,7/27/2021 9:05,9:05,9,17.629,blue.ruin.1,0.333571429,5.611571429
23,7/27/2021 9:20,9:20,9,17.504,blue.ruin.1,0.34791411,5.784331288
23,7/27/2021 9:30,9:30,9,17.754,blue.ruin.1,0.3065,6.2537
23,7/27/2021 9:40,9:40,9,17.88,blue.ruin.1,0.30511811,6.532257218
23,7/27/2021 9:55,9:55,9,18.005,blue.ruin.1,0.279379562,6.918467153
23,7/27/2021 10:05,10:05,10,17.942,blue.ruin.1,0.297465753,6.989123288
23,7/27/2021 10:20,10:20,10,18.192,blue.ruin.1,0.25224,7.292229333
23,7/27/2021 10:30,10:30,10,18.13,blue.ruin.1,0.279844961,7.388940568
23,7/27/2021 10:40,10:40,10,18.067,blue.ruin.1,0.31524,7.307293333
23,7/27/2021 10:55,10:55,10,18.13,blue.ruin.1,0.328099174,7.183471074
23,7/27/2021 11:05,11:05,11,18.067,blue.ruin.1,0.35325,7.3096
23,7/27/2021 11:20,11:20,11,18.505,blue.ruin.1,0.285,7.822666667
23,7/27/2021 11:30,11:30,11,18.568,blue.ruin.1,0.305238095,7.720666667
23,7/27/2021 11:40,11:40,11,18.88,blue.ruin.1,0.534097859,7.011912705
23,7/27/2021 11:55,11:55,11,19.193,blue.ruin.1,0.382191781,7.692420091
23,7/27/2021 12:05,12:05,12,19.756,blue.ruin.1,0.37295082,8.269836066
23,7/27/2021 12:20,12:20,12,19.506,blue.ruin.1,0.424922601,7.496293273
23,7/27/2021 12:30,12:30,12,19.944,blue.ruin.1,0.252544529,8.603553859
23,7/27/2021 12:40,12:40,12,19.631,blue.ruin.1,0.393987342,8.118459916
23,7/27/2021 12:55,12:55,12,19.819,blue.ruin.1,0.445195195,7.53034671
23,7/27/2021 13:05,13:05,13,19.694,blue.ruin.1,0.258172589,8.628013536
23,7/27/2021 13:20,13:20,13,19.381,blue.ruin.1,0.324753086,8.740954733
23,7/27/2021 13:30,13:30,13,19.381,blue.ruin.1,0.33386,8.800233333
23,7/27/2021 13:40,13:40,13,19.881,blue.ruin.1,0.268289474,8.812210526
23,7/27/2021 13:55,13:55,13,19.256,blue.ruin.1,0.371172414,8.577232184
23,7/27/2021 14:05,14:05,14,18.755,blue.ruin.1,0.443996711,8.591626794
23,7/27/2021 14:20,14:20,14,18.505,blue.ruin.1,0.485016026,8.426685606
23,7/27/2021 14:30,14:30,14,18.568,blue.ruin.1,0.65028222,7.176113914
23,7/27/2021 14:40,14:40,14,17.942,blue.ruin.1,0.693484419,6.65497811
23,7/27/2021 14:55,14:55,14,18.005,blue.ruin.1,0.687465501,6.078565276
23,7/27/2021 15:05,15:05,15,16.566,blue.ruin.1,0.781334131,5.641463302
23,7/27/2021 15:20,15:20,15,16.19,blue.ruin.1,0.808405172,5.773036834
23,7/27/2021 15:30,15:30,15,16.315,blue.ruin.1,0.802839384,5.804638303
23,7/27/2021 15:40,15:40,15,16.253,blue.ruin.1,0.808780892,5.797722315
23,7/27/2021 15:55,15:55,15,16.128,blue.ruin.1,0.806654457,5.545230325
23,7/27/2021 16:05,16:05,16,16.753,blue.ruin.1,0.777451626,6.06411191
23,7/27/2021 16:20,16:20,16,17.129,blue.ruin.1,0.755733855,6.200734745
23,7/27/2021 16:30,16:30,16,15.69,blue.ruin.1,0.838952819,5.350662203
23,7/27/2021 16:40,16:40,16,15.627,blue.ruin.1,0.842784858,5.047214802
23,7/27/2021 16:55,16:55,16,15.502,blue.ruin.1,0.848940678,4.868898305
23,7/27/2021 17:05,17:05,17,15.001,blue.ruin.1,0.873558412,4.508684019
23,7/27/2021 17:20,17:20,17,15.064,blue.ruin.1,0.867691154,4.499967289
23,7/27/2021 17:30,17:30,17,15.252,blue.ruin.1,0.854191021,4.509824649
23,7/27/2021 17:40,17:40,17,15.001,blue.ruin.1,0.868423701,4.260605108
23,7/27/2021 17:55,17:55,17,14.188,blue.ruin.1,0.905936641,3.930731771
23,7/27/2021 18:05,18:05,18,14.689,blue.ruin.1,0.873020125,4.1252862
23,7/27/2021 18:20,18:20,18,14.438,blue.ruin.1,0.890560529,3.886650271
23,7/27/2021 18:30,18:30,18,13.937,blue.ruin.1,0.916049948,3.728885746
23,7/27/2021 18:40,18:40,18,14.438,blue.ruin.1,0.88494703,3.849135041
23,7/27/2021 18:55,18:55,18,15.001,blue.ruin.1,0.84708798,4.01314746
23,7/27/2021 19:05,19:05,19,14.313,blue.ruin.1,0.885257896,3.709013198
23,7/27/2021 19:20,19:20,19,16.065,blue.ruin.1,0.755321593,4.229679103
23,7/27/2021 19:30,19:30,19,14.438,blue.ruin.1,0.861533052,3.707297021
23,7/27/2021 19:40,19:40,19,15.94,blue.ruin.1,0.753672316,4.140272214
23,7/27/2021 19:55,19:55,19,15.439,blue.ruin.1,0.790232123,3.894598139
23,7/27/2021 20:05,20:05,20,14.751,blue.ruin.1,0.834617244,3.664467072
23,7/27/2021 20:20,20:20,20,15.565,blue.ruin.1,0.766683193,3.866594853
23,7/27/2021 20:30,20:30,20,15.565,blue.ruin.1,0.757496987,3.738011393
23,7/27/2021 20:40,20:40,20,15.565,blue.ruin.1,0.759074612,3.82354308
23,7/27/2021 20:55,20:55,20,16.128,blue.ruin.1,0.738907823,3.923946764
23,7/27/2021 21:05,21:05,21,17.754,blue.ruin.1,0.647054513,4.136862944
23,7/27/2021 21:20,21:20,21,17.629,blue.ruin.1,0.672414785,4.39551129
23,7/27/2021 21:30,21:30,21,17.129,blue.ruin.1,0.708842653,4.280790874
23,7/27/2021 21:40,21:40,21,17.442,blue.ruin.1,0.682152466,4.385004484
23,7/27/2021 21:55,21:55,21,17.191,blue.ruin.1,0.673614958,4.313234702
23,7/27/2021 22:05,22:05,22,14.876,blue.ruin.1,0.809894862,3.429304577
23,7/27/2021 22:20,22:20,22,15.314,blue.ruin.1,0.74314587,3.57913884
23,7/27/2021 22:30,22:30,22,14.751,blue.ruin.1,0.775026545,3.296712485
23,7/27/2021 22:40,22:40,22,14.063,blue.ruin.1,0.827636194,2.989362552
23,7/27/2021 22:55,22:55,22,13.875,blue.ruin.1,0.834741442,2.935592266
23,7/27/2021 23:05,23:05,23,13.625,blue.ruin.1,0.856434547,2.887708259
23,7/27/2021 23:20,23:20,23,13.499,blue.ruin.1,0.871769694,2.782019841
23,7/27/2021 23:30,23:30,23,12.936,blue.ruin.1,0.929808891,2.596902217
23,7/27/2021 23:40,23:40,23,13.937,blue.ruin.1,0.841079952,2.724075721
23,7/27/2021 23:55,23:55,23,14.751,blue.ruin.1,0.773493271,2.937942444
23,7/28/2021 0:05,0:05,0,14.501,blue.ruin.1,0.798942051,2.941976224
23,7/28/2021 0:20,0:20,0,14.939,blue.ruin.1,0.75516834,3.199512431
23,7/28/2021 0:30,0:30,0,15.69,blue.ruin.1,0.683647673,3.211572669
23,7/28/2021 0:40,0:40,0,15.189,blue.ruin.1,0.722964006,3.162212493
23,7/28/2021 0:55,0:55,0,16.003,blue.ruin.1,0.64578362,3.551991727
23,7/28/2021 1:05,1:05,1,15.69,blue.ruin.1,0.669544171,3.290573912
23,7/28/2021 1:20,1:20,1,15.189,blue.ruin.1,0.710105831,3.137341961
23,7/28/2021 1:30,1:30,1,14.751,blue.ruin.1,0.743906773,2.992118045
23,7/28/2021 1:40,1:40,1,12.999,blue.ruin.1,0.906137184,2.580853298
23,7/28/2021 1:55,1:55,1,14.563,blue.ruin.1,0.74416996,2.851721164
23,7/28/2021 2:05,2:05,2,15.314,blue.ruin.1,0.660947416,3.07014918
23,7/28/2021 2:20,2:20,2,15.752,blue.ruin.1,0.60603508,3.089136857
23,7/28/2021 2:30,2:30,2,15.877,blue.ruin.1,0.593053312,2.773966809
23,7/28/2021 2:40,2:40,2,15.69,blue.ruin.1,0.608693116,2.783718044
23,7/28/2021 2:55,2:55,2,16.378,blue.ruin.1,0.524393723,3.312165737
23,7/28/2021 3:05,3:05,3,15.752,blue.ruin.1,0.580533236,3.071910485
23,7/28/2021 3:20,3:20,3,15.815,blue.ruin.1,0.562399699,3.01492409
23,7/28/2021 3:30,3:30,3,15.252,blue.ruin.1,0.615960196,2.794407058
23,7/28/2021 3:40,3:40,3,14.939,blue.ruin.1,0.639445035,2.770080143
23,7/28/2021 3:55,3:55,3,14.563,blue.ruin.1,0.677276379,2.846523348
23,7/28/2021 4:05,4:05,4,15.314,blue.ruin.1,0.582040152,2.958453608
23,7/28/2021 4:20,4:20,4,15.001,blue.ruin.1,0.617540049,2.784549404
23,7/28/2021 4:30,4:30,4,15.064,blue.ruin.1,0.608202803,2.768011692
23,7/28/2021 4:40,4:40,4,15.064,blue.ruin.1,0.611953589,2.930142766
23,7/28/2021 4:55,4:55,4,15.752,blue.ruin.1,0.541854966,2.823303397
23,7/28/2021 5:05,5:05,5,15.001,blue.ruin.1,0.633849729,2.88985494
23,7/28/2021 5:20,5:20,5,15.565,blue.ruin.1,0.572621162,2.904023206
23,7/28/2021 5:30,5:30,5,14.939,blue.ruin.1,0.640788476,2.869762217
23,7/28/2021 5:40,5:40,5,15.439,blue.ruin.1,0.584784274,2.762093439
23,7/28/2021 5:55,5:55,5,15.189,blue.ruin.1,0.612006197,3.07067953
23,7/28/2021 6:05,6:05,6,15.001,blue.ruin.1,0.637021061,2.918004198
23,7/28/2021 6:20,6:20,6,14.689,blue.ruin.1,0.670100697,2.892927963
23,7/28/2021 6:30,6:30,6,15.252,blue.ruin.1,0.59940507,2.891590556
23,7/28/2021 6:40,6:40,6,14.876,blue.ruin.1,0.63608,2.906657455
23,7/28/2021 6:55,6:55,6,14.876,blue.ruin.1,0.62722449,2.879724675
23,7/28/2021 7:05,7:05,7,14.563,blue.ruin.1,0.654034541,2.754485226
23,7/28/2021 7:20,7:20,7,14.501,blue.ruin.1,0.670448772,2.833640982
23,7/28/2021 7:30,7:30,7,14.814,blue.ruin.1,0.623453608,3.00873477
23,7/28/2021 7:40,7:40,7,NA,blue.ruin.1,1.6,3.007
23,7/28/2021 7:55,7:55,7,16.816,blue.ruin.1,0.165040184,3.68
23,7/28/2021 8:05,8:05,8,16.753,blue.ruin.1,0.177005348,3.88
23,7/28/2021 8:20,8:20,8,15.69,blue.ruin.1,0.501388889,3.493358586
23,7/28/2021 8:30,8:30,8,16.503,blue.ruin.1,0.235912343,3.99
23,7/28/2021 8:40,8:40,8,17.066,blue.ruin.1,0.169543282,4.22
23,7/28/2021 8:55,8:55,8,16.941,blue.ruin.1,0.210489314,4.18
23,7/28/2021 9:05,9:05,9,17.379,blue.ruin.1,0.151405775,4.17
23,7/28/2021 9:20,9:20,9,17.191,blue.ruin.1,0.23711778,4.2
23,7/28/2021 9:30,9:30,9,17.629,blue.ruin.1,0.199755651,4.5
23,7/28/2021 9:40,9:40,9,17.817,blue.ruin.1,0.40847348,4.837212748
23,7/28/2021 9:55,9:55,9,17.817,blue.ruin.1,0.492876526,4.578179351
23,7/28/2021 10:05,10:05,10,17.88,blue.ruin.1,0.480865747,4.352648568
23,7/28/2021 10:20,10:20,10,17.754,blue.ruin.1,0.275222552,5.658140455
23,7/28/2021 10:30,10:30,10,17.629,blue.ruin.1,0.319722222,6.457462963
23,7/28/2021 10:40,10:40,10,18.443,blue.ruin.1,0.480797101,5.191857708
23,7/28/2021 10:55,10:55,10,18.88,blue.ruin.1,0.412092624,6.017353813
23,7/28/2021 11:05,11:05,11,18.317,blue.ruin.1,0.281888889,6.608585185
23,7/28/2021 11:20,11:20,11,18.568,blue.ruin.1,0.285,6.422
23,7/28/2021 11:30,11:30,11,18.755,blue.ruin.1,0.265798611,7.016793981
23,7/28/2021 11:40,11:40,11,18.505,blue.ruin.1,0.347103659,6.725060976
23,7/28/2021 11:55,11:55,11,19.193,blue.ruin.1,0.278269231,7.360538462
23,7/28/2021 12:05,12:05,12,19.568,blue.ruin.1,0.33045977,7.676091954
23,7/28/2021 12:20,12:20,12,19.381,blue.ruin.1,0.3218,7.30072
23,7/28/2021 12:30,12:30,12,19.256,blue.ruin.1,0.371851852,7.917506173
23,7/28/2021 12:40,12:40,12,19.568,blue.ruin.1,0.31716763,8.008354528
23,7/28/2021 12:55,12:55,12,19.006,blue.ruin.1,0.457865854,7.378526608
23,7/28/2021 13:05,13:05,13,19.068,blue.ruin.1,0.4271875,7.500602273
23,7/28/2021 13:20,13:20,13,19.193,blue.ruin.1,0.425341463,8.391961419
23,7/28/2021 13:30,13:30,13,17.629,blue.ruin.1,0.690598086,6.576978686
23,7/28/2021 13:40,13:40,13,17.567,blue.ruin.1,0.70162844,6.666347373
23,7/28/2021 13:55,13:55,13,17.129,blue.ruin.1,0.717270916,6.196029337
23,7/28/2021 14:05,14:05,14,16.19,blue.ruin.1,0.801630435,5.945701581
23,7/28/2021 14:20,14:20,14,16.441,blue.ruin.1,0.779806338,6.104416133
23,7/28/2021 14:30,14:30,14,17.692,blue.ruin.1,0.641594203,6.989393939
23,7/28/2021 14:40,14:40,14,17.254,blue.ruin.1,0.73154717,6.23953825
23,7/28/2021 14:55,14:55,14,16.879,blue.ruin.1,0.773866906,5.981542184
23,7/28/2021 15:05,15:05,15,16.441,blue.ruin.1,0.851715867,5.393385441
23,7/28/2021 15:20,15:20,15,15.627,blue.ruin.1,0.949146341,4.864904656
23,7/28/2021 15:30,15:30,15,16.441,blue.ruin.1,0.853657386,5.374908404
23,7/28/2021 15:40,15:40,15,16.253,blue.ruin.1,0.857361242,5.495115026
23,7/28/2021 15:55,15:55,15,16.691,blue.ruin.1,0.891478385,4.950724717
23,7/28/2021 16:05,16:05,16,15.502,blue.ruin.1,1.005938138,4.76287635
23,7/28/2021 16:20,16:20,16,16.753,blue.ruin.1,0.925506223,4.620160776
23,7/28/2021 16:30,16:30,16,14.751,blue.ruin.1,1.037222053,4.431657135
23,7/28/2021 16:40,16:40,16,14.939,blue.ruin.1,1.017021277,4.386047872
23,7/28/2021 16:55,16:55,16,16.253,blue.ruin.1,0.950361197,4.069987358
23,7/28/2021 17:05,17:05,17,14.563,blue.ruin.1,1.032222629,4.130388594
23,7/28/2021 17:20,17:20,17,14.876,blue.ruin.1,0.955470085,4.313271795
23,7/28/2021 17:30,17:30,17,14.313,blue.ruin.1,0.972052557,3.91365989
23,7/28/2021 17:40,17:40,17,14.814,blue.ruin.1,0.924056538,4.069906192
23,7/28/2021 17:55,17:55,17,15.627,blue.ruin.1,0.873896595,4.452222859
23,7/28/2021 18:05,18:05,18,14.939,blue.ruin.1,0.918342027,4.0419666
23,7/28/2021 18:20,18:20,18,15.064,blue.ruin.1,0.905981659,3.933755732
23,7/28/2021 18:30,18:30,18,15.189,blue.ruin.1,0.914283649,4.018200218
23,7/28/2021 18:40,18:40,18,15.94,blue.ruin.1,0.891675667,3.786583861
23,7/28/2021 18:55,18:55,18,16.816,blue.ruin.1,0.826256814,4.401682727
23,7/28/2021 19:05,19:05,19,15.377,blue.ruin.1,0.923936088,3.60694465
23,7/28/2021 19:20,19:20,19,15.815,blue.ruin.1,0.868559746,3.854098137
23,7/28/2021 19:30,19:30,19,16.128,blue.ruin.1,0.825060096,4.278677885
23,7/28/2021 19:40,19:40,19,14.188,blue.ruin.1,0.933129252,3.422021027
23,7/28/2021 19:55,19:55,19,14.376,blue.ruin.1,0.907706517,3.432182651
23,7/28/2021 20:05,20:05,20,15.627,blue.ruin.1,0.8331517,3.985152176
23,7/28/2021 20:20,20:20,20,15.314,blue.ruin.1,0.899604647,3.083241891
23,7/28/2021 20:30,20:30,20,16.003,blue.ruin.1,0.822681916,3.796783571
23,7/28/2021 20:40,20:40,20,15.565,blue.ruin.1,0.826124752,3.990281587
23,7/28/2021 20:55,20:55,20,14.876,blue.ruin.1,0.843392205,3.661761156
23,7/28/2021 21:05,21:05,21,14.063,blue.ruin.1,0.891644584,3.20923063
23,7/28/2021 21:20,21:20,21,14.876,blue.ruin.1,0.806100982,3.469495091
23,7/28/2021 21:30,21:30,21,14.25,blue.ruin.1,0.854296455,3.167196563
23,7/28/2021 21:40,21:40,21,13.687,blue.ruin.1,0.902066929,2.891777022
23,7/28/2021 21:55,21:55,21,14.125,blue.ruin.1,0.857874783,3.070375965
23,7/28/2021 22:05,22:05,22,15.314,blue.ruin.1,0.738874762,3.41156678
23,7/28/2021 22:20,22:20,22,13.687,blue.ruin.1,0.889981447,2.871720358
23,7/28/2021 22:30,22:30,22,13.312,blue.ruin.1,0.918032291,2.742401615
23,7/28/2021 22:40,22:40,22,13.562,blue.ruin.1,0.89297276,2.878915049
23,7/28/2021 22:55,22:55,22,13.374,blue.ruin.1,0.912187803,2.720498636
23,7/28/2021 23:05,23:05,23,13.437,blue.ruin.1,0.909873171,2.727501729
23,7/28/2021 23:20,23:20,23,13.437,blue.ruin.1,0.90629275,2.656684492
23,7/28/2021 23:30,23:30,23,13.75,blue.ruin.1,0.873684211,2.789473684
23,7/28/2021 23:40,23:40,23,14.751,blue.ruin.1,0.783212466,3.138955133
23,7/28/2021 23:55,23:55,23,14.501,blue.ruin.1,0.798215348,2.972269212
23,7/29/2021 0:05,0:05,0,14.438,blue.ruin.1,0.803138075,2.935926208
23,7/29/2021 0:20,0:20,0,13.499,blue.ruin.1,0.880818311,2.692827628
23,7/29/2021 0:30,0:30,0,13.562,blue.ruin.1,0.873562639,2.700701854
23,7/29/2021 0:40,0:40,0,14.188,blue.ruin.1,0.816733912,2.877067324
23,7/29/2021 0:55,0:55,0,14.25,blue.ruin.1,0.811105507,2.858701744
23,7/29/2021 1:05,1:05,1,14.313,blue.ruin.1,0.803452453,3.062867683
23,7/29/2021 1:20,1:20,1,15.001,blue.ruin.1,0.736856731,2.958291852
23,7/29/2021 1:30,1:30,1,14.814,blue.ruin.1,0.756288917,2.987736896
23,7/29/2021 1:40,1:40,1,14.626,blue.ruin.1,0.77384807,2.886750821
23,7/29/2021 1:55,1:55,1,14.626,blue.ruin.1,0.770304891,2.855527688
23,7/29/2021 2:05,2:05,2,14.376,blue.ruin.1,0.787602524,2.836801262
23,7/29/2021 2:20,2:20,2,14,blue.ruin.1,0.816525424,2.714229584
23,7/29/2021 2:30,2:30,2,14.501,blue.ruin.1,0.765225933,2.936738703
23,7/29/2021 2:40,2:40,2,14.063,blue.ruin.1,0.804067352,2.790238356
23,7/29/2021 2:55,2:55,2,14.438,blue.ruin.1,0.762116496,2.882599135
23,7/29/2021 3:05,3:05,3,14.626,blue.ruin.1,0.74332893,2.913403387
23,7/29/2021 3:20,3:20,3,14.063,blue.ruin.1,0.795390782,2.755485516
23,7/29/2021 3:30,3:30,3,14.188,blue.ruin.1,0.780491429,2.674984104
23,7/29/2021 3:40,3:40,3,15.127,blue.ruin.1,0.677050871,2.911532164
23,7/29/2021 3:55,3:55,3,14.25,blue.ruin.1,0.766689944,2.799954292
23,7/29/2021 4:05,4:05,4,14.125,blue.ruin.1,0.774325909,2.809825216
23,7/29/2021 4:20,4:20,4,14.438,blue.ruin.1,0.735574,2.86816949
23,7/29/2021 4:30,4:30,4,13.812,blue.ruin.1,0.800358337,2.701264388
23,7/29/2021 4:40,4:40,4,13.687,blue.ruin.1,0.813010572,2.649183085
23,7/29/2021 4:55,4:55,4,13.875,blue.ruin.1,0.789437117,2.721497238
23,7/29/2021 5:05,5:05,5,13.625,blue.ruin.1,0.81358656,2.62841955
23,7/29/2021 5:20,5:20,5,14.125,blue.ruin.1,0.75642213,2.661734651
23,7/29/2021 5:30,5:30,5,13.875,blue.ruin.1,0.782863447,2.63105886
23,7/29/2021 5:40,5:40,5,14.814,blue.ruin.1,0.680155211,2.813063898
23,7/29/2021 5:55,5:55,5,16.315,blue.ruin.1,0.511042945,2.912900167
23,7/29/2021 6:05,6:05,6,16.566,blue.ruin.1,0.435470085,3.122921523
23,7/29/2021 6:20,6:20,6,16.566,blue.ruin.1,0.420620438,2.931254147
23,7/29/2021 6:30,6:30,6,16.879,blue.ruin.1,0.250446429,3.309136905
23,7/29/2021 6:40,6:40,6,16.816,blue.ruin.1,0.26056338,3.471267606
23,7/29/2021 6:55,6:55,6,15.752,blue.ruin.1,0.559210526,2.891052632
23,7/29/2021 7:05,7:05,7,15.752,blue.ruin.1,0.559815951,2.977278305
23,7/29/2021 7:20,7:20,7,15.001,blue.ruin.1,0.648056402,2.949984063
23,7/29/2021 7:30,7:30,7,15.314,blue.ruin.1,0.6125,3.055909091
23,7/29/2021 7:40,7:40,7,16.378,blue.ruin.1,0.477393617,3.155270793
23,7/29/2021 7:55,7:55,7,16.441,blue.ruin.1,0.425103306,3.359917355
23,7/29/2021 8:05,8:05,8,15.752,blue.ruin.1,0.587801964,3.260977146
23,7/29/2021 8:20,8:20,8,16.941,blue.ruin.1,0.246428571,3.96
23,7/29/2021 8:30,8:30,8,17.004,blue.ruin.1,0.27661597,4.049987326
23,7/29/2021 8:40,8:40,8,16.441,blue.ruin.1,0.545292208,4.315144628
23,7/29/2021 8:55,8:55,8,17.254,blue.ruin.1,0.359375,4.137708333
23,7/29/2021 9:05,9:05,9,17.629,blue.ruin.1,0.451525424,4.14407396
23,7/29/2021 9:20,9:20,9,17.504,blue.ruin.1,0.254975124,4.694693201
23,7/29/2021 9:30,9:30,9,17.942,blue.ruin.1,0.427236315,4.823258891
23,7/29/2021 9:40,9:40,9,18.13,blue.ruin.1,0.39758567,5.009979232
23,7/29/2021 9:55,9:55,9,18.192,blue.ruin.1,0.412079511,4.954070058
23,7/29/2021 10:05,10:05,10,18.317,blue.ruin.1,0.429245283,4.688936535
23,7/29/2021 10:20,10:20,10,NA,blue.ruin.1,1.6,4.474
23,7/29/2021 10:30,10:30,10,17.692,blue.ruin.1,0.388813559,5.503220339
23,7/29/2021 10:40,10:40,10,17.942,blue.ruin.1,0.360884956,6.156843658
23,7/29/2021 10:55,10:55,10,17.817,blue.ruin.1,0.47505,5.888147273
23,7/29/2021 11:05,11:05,11,16.816,blue.ruin.1,0.840093458,5.889957519
23,7/29/2021 11:20,11:20,11,17.942,blue.ruin.1,0.574020619,6.401799438
23,7/29/2021 11:30,11:30,11,17.442,blue.ruin.1,0.792142857,6.140545455
23,7/29/2021 11:40,11:40,11,17.567,blue.ruin.1,0.820797872,6.297047389
23,7/29/2021 11:55,11:55,11,17.817,blue.ruin.1,0.79796875,6.218698864
23,7/29/2021 12:05,12:05,12,16.941,blue.ruin.1,0.965866235,6.041762375
23,7/29/2021 12:20,12:20,12,16.753,blue.ruin.1,0.971910618,6.093915379
23,7/29/2021 12:30,12:30,12,18.13,blue.ruin.1,0.744628099,6.901562735
23,7/29/2021 12:40,12:40,12,18.067,blue.ruin.1,0.851336207,6.613739812
23,7/29/2021 12:55,12:55,12,18.13,blue.ruin.1,0.825378788,6.473863636
23,7/29/2021 13:05,13:05,13,18.38,blue.ruin.1,0.689634146,6.723115299
23,7/29/2021 13:20,13:20,13,18.568,blue.ruin.1,0.802461538,7.540441958
23,7/29/2021 13:30,13:30,13,18.818,blue.ruin.1,0.957142857,6.975071429
23,7/29/2021 13:40,13:40,13,17.942,blue.ruin.1,0.974121538,7.008768396
23,7/29/2021 13:55,13:55,13,17.442,blue.ruin.1,1.00079096,7.675674859
23,7/29/2021 14:05,14:05,14,17.942,blue.ruin.1,0.996838778,7.62756138
23,7/29/2021 14:20,14:20,14,17.629,blue.ruin.1,1.005283639,6.865127983
23,7/29/2021 14:30,14:30,14,17.254,blue.ruin.1,1.012015642,6.909456452
23,7/29/2021 14:40,14:40,14,17.442,blue.ruin.1,1.005857295,7.224957002
23,7/29/2021 14:55,14:55,14,16.378,blue.ruin.1,1.035296131,6.246628766
23,7/29/2021 15:05,15:05,15,17.504,blue.ruin.1,1.000739272,6.252772899
23,7/29/2021 15:20,15:20,15,17.379,blue.ruin.1,1.007118492,6.616146679
23,7/29/2021 15:30,15:30,15,16.628,blue.ruin.1,1.025194085,6.250453789
23,7/29/2021 15:40,15:40,15,16.253,blue.ruin.1,1.038544974,6.552764153
23,7/29/2021 15:55,15:55,15,16.566,blue.ruin.1,1.032532973,6.596876057
23,7/29/2021 16:05,16:05,16,17.379,blue.ruin.1,1.012797121,6.713683838
23,7/29/2021 16:20,16:20,16,17.692,blue.ruin.1,1.011690141,6.785423944
23,7/29/2021 16:30,16:30,16,16.816,blue.ruin.1,1.031945744,6.580823199
23,7/29/2021 16:40,16:40,16,16.879,blue.ruin.1,1.025683371,6.29057389
23,7/29/2021 16:55,16:55,16,16.628,blue.ruin.1,1.023837838,5.468773514
23,7/29/2021 17:05,17:05,17,16.253,blue.ruin.1,1.036351909,5.662042183
23,7/29/2021 17:20,17:20,17,16.503,blue.ruin.1,1.032252532,6.378604296
23,7/29/2021 17:30,17:30,17,16.253,blue.ruin.1,1.037421952,5.943942861
23,7/29/2021 17:40,17:40,17,15.252,blue.ruin.1,1.058510638,5.393648936
23,7/29/2021 17:55,17:55,17,16.691,blue.ruin.1,1.024089376,5.977490873
23,7/29/2021 18:05,18:05,18,17.129,blue.ruin.1,1.00940879,5.71448886
23,7/29/2021 18:20,18:20,18,17.442,blue.ruin.1,0.993413624,5.565985698
23,7/29/2021 18:30,18:30,18,16.941,blue.ruin.1,0.997291407,4.421515644
23,7/29/2021 18:40,18:40,18,18.317,blue.ruin.1,0.807355556,4.676793131
23,7/29/2021 18:55,18:55,18,16.941,blue.ruin.1,0.87125,4.043090909
23,7/29/2021 19:05,19:05,19,16.628,blue.ruin.1,0.902623377,3.673092798
23,7/29/2021 19:20,19:20,19,16.128,blue.ruin.1,0.890678236,3.512031524
23,7/29/2021 19:30,19:30,19,15.69,blue.ruin.1,0.894009217,3.60744868
23,7/29/2021 19:40,19:40,19,15.064,blue.ruin.1,0.923492867,3.332177969
23,7/29/2021 19:55,19:55,19,15.127,blue.ruin.1,0.900129573,3.648989329
23,7/29/2021 20:05,20:05,20,15.064,blue.ruin.1,0.902182694,3.588627961
23,7/29/2021 20:20,20:20,20,15.69,blue.ruin.1,0.844602141,3.996948263
23,7/29/2021 20:30,20:30,20,15.189,blue.ruin.1,0.877974302,3.77346663
23,7/29/2021 20:40,20:40,20,14.814,blue.ruin.1,0.896381163,3.531432307
23,7/29/2021 20:55,20:55,20,15.189,blue.ruin.1,0.857119205,3.815728477
23,7/29/2021 21:05,21:05,21,15.565,blue.ruin.1,0.817440225,3.927559136
23,7/29/2021 21:20,21:20,21,14.939,blue.ruin.1,0.843030447,3.422092812
23,7/29/2021 21:30,21:30,21,16.003,blue.ruin.1,0.757838612,4.125611245
23,7/29/2021 21:40,21:40,21,15.877,blue.ruin.1,0.761403369,3.830144339
23,7/29/2021 21:55,21:55,21,13.812,blue.ruin.1,0.903838663,2.992771539
23,7/29/2021 22:05,22:05,22,16.378,blue.ruin.1,0.7139224,4.047788481
23,7/29/2021 22:20,22:20,22,15.877,blue.ruin.1,0.745875531,3.63722016
23,7/29/2021 22:30,22:30,22,15.189,blue.ruin.1,0.792710557,3.525101267
23,7/29/2021 22:40,22:40,22,12.873,blue.ruin.1,1.009482759,2.682381466
23,7/29/2021 22:55,22:55,22,13.687,blue.ruin.1,0.904745588,2.828043983
23,7/29/2021 23:05,23:05,23,14.626,blue.ruin.1,0.826479751,3.081835174
23,7/29/2021 23:20,23:20,23,12.873,blue.ruin.1,0.982424242,2.606912121
23,7/29/2021 23:30,23:30,23,12.748,blue.ruin.1,1.010125261,2.618400835
23,7/29/2021 23:40,23:40,23,12.623,blue.ruin.1,1.051302605,2.64863978
23,7/29/2021 23:55,23:55,23,13.186,blue.ruin.1,0.925537396,2.630504207
23,7/30/2021 0:05,0:05,0,12.623,blue.ruin.1,1.035883905,2.613645449
23,7/30/2021 0:20,0:20,0,12.498,blue.ruin.1,1.076109661,2.623725196
23,7/30/2021 0:30,0:30,0,12.56,blue.ruin.1,1.040487239,2.607320186
23,7/30/2021 0:40,0:40,0,12.498,blue.ruin.1,1.060218978,2.614788321
23,7/30/2021 0:55,0:55,0,12.435,blue.ruin.1,1.076644737,2.602845395
23,7/30/2021 1:05,1:05,1,12.498,blue.ruin.1,1.046542553,2.600130319
23,7/30/2021 1:20,1:20,1,12.936,blue.ruin.1,0.934704519,2.538377752
23,7/30/2021 1:30,1:30,1,12.498,blue.ruin.1,1.046542553,2.572922207
23,7/30/2021 1:40,1:40,1,12.56,blue.ruin.1,1.008333333,2.5424375
23,7/30/2021 1:55,1:55,1,12.56,blue.ruin.1,1.0046875,2.560175781
23,7/30/2021 2:05,2:05,2,12.435,blue.ruin.1,1.044907407,2.571857639
23,7/30/2021 2:20,2:20,2,12.686,blue.ruin.1,0.945890411,2.508518057
23,7/30/2021 2:30,2:30,2,12.435,blue.ruin.1,1.037147887,2.558433099
23,7/30/2021 2:40,2:40,2,12.373,blue.ruin.1,1.05766129,2.545508065
23,7/30/2021 2:55,2:55,2,12.498,blue.ruin.1,0.992708333,2.517796875
23,7/30/2021 3:05,3:05,3,12.56,blue.ruin.1,0.969480519,2.457288961
23,7/30/2021 3:20,3:20,3,12.498,blue.ruin.1,0.973161765,2.471366728
23,7/30/2021 3:30,3:30,3,12.435,blue.ruin.1,1.019711538,2.504591346
23,7/30/2021 3:40,3:40,3,12.435,blue.ruin.1,1.019711538,2.493611779
23,7/30/2021 3:55,3:55,3,12.435,blue.ruin.1,1.039199029,2.473212985
23,7/30/2021 4:05,4:05,4,12.435,blue.ruin.1,1.039622642,2.519622642
23,7/30/2021 4:20,4:20,4,12.373,blue.ruin.1,1.062282398,2.543966634
23,7/30/2021 4:30,4:30,4,12.373,blue.ruin.1,1.055662188,2.544643474
23,7/30/2021 4:40,4:40,4,12.373,blue.ruin.1,1.04989154,2.513887202
23,7/30/2021 4:55,4:55,4,12.435,blue.ruin.1,1.01496063,2.462268701
23,7/30/2021 5:05,5:05,5,12.373,blue.ruin.1,1.017846154,2.483436154
23,7/30/2021 5:20,5:20,5,12.373,blue.ruin.1,0.981333333,2.496163333
23,7/30/2021 5:30,5:30,5,12.373,blue.ruin.1,0.969756098,2.486693902
23,7/30/2021 5:40,5:40,5,12.56,blue.ruin.1,0.932486013,2.516877115
23,7/30/2021 5:55,5:55,5,14.188,blue.ruin.1,0.741006098,2.601596452
23,7/30/2021 6:05,6:05,6,15.189,blue.ruin.1,0.628522727,2.647816116
23,7/30/2021 6:20,6:20,6,14.626,blue.ruin.1,0.712188235,2.624039358
23,7/30/2021 6:30,6:30,6,15.377,blue.ruin.1,0.633205841,2.75799469
23,7/30/2021 6:40,6:40,6,15.94,blue.ruin.1,0.581300345,2.724848834
23,7/30/2021 6:55,6:55,6,16.128,blue.ruin.1,0.559951174,2.862957029
23,7/30/2021 7:05,7:05,7,15.565,blue.ruin.1,0.61885608,2.849102323
23,7/30/2021 7:20,7:20,7,16.378,blue.ruin.1,0.533952348,3.063870166
23,7/30/2021 7:30,7:30,7,12.936,blue.ruin.1,0.899777257,2.688485559
23,7/30/2021 7:40,7:40,7,12.435,blue.ruin.1,0.952788104,2.682488383
23,7/30/2021 7:55,7:55,7,12.31,blue.ruin.1,1.03490566,2.863867925
23,7/30/2021 8:05,8:05,8,12.31,blue.ruin.1,1.051423488,2.910409253
23,7/30/2021 8:20,8:20,8,12.31,blue.ruin.1,1.078424658,3.377525685
23,7/30/2021 8:30,8:30,8,12.373,blue.ruin.1,1.073611111,3.419493056
23,7/30/2021 8:40,8:40,8,12.31,blue.ruin.1,1.151923077,3.562355769
23,7/30/2021 8:55,8:55,8,12.31,blue.ruin.1,1.242771084,3.700879518
23,7/30/2021 9:05,9:05,9,12.435,blue.ruin.1,1.091891892,4.009442568
23,7/30/2021 9:20,9:20,9,12.373,blue.ruin.1,1.251724138,3.817521552
23,7/30/2021 9:30,9:30,9,12.498,blue.ruin.1,1.116019417,4.094058252
23,7/30/2021 9:40,9:40,9,12.56,blue.ruin.1,1.130745342,4.107270186
23,7/30/2021 9:55,9:55,9,12.623,blue.ruin.1,1.16547619,4.182232143
23,7/30/2021 10:05,10:05,10,12.748,blue.ruin.1,1.087881508,4.366588869
23,7/30/2021 10:20,10:20,10,12.811,blue.ruin.1,1.086132512,4.440855354
23,7/30/2021 10:30,10:30,10,12.748,blue.ruin.1,1.167699115,4.349442478
23,7/30/2021 10:40,10:40,10,12.811,blue.ruin.1,1.17277628,4.438720013
23,7/30/2021 10:55,10:55,10,12.873,blue.ruin.1,1.179084158,4.484790223
23,7/30/2021 11:05,11:05,11,12.873,blue.ruin.1,1.2546875,4.25234375
23,7/30/2021 11:20,11:20,11,13.875,blue.ruin.1,1.025641809,4.519486553
23,7/30/2021 11:30,11:30,11,13.061,blue.ruin.1,1.174835886,4.500406182
23,7/30/2021 11:40,11:40,11,13.249,blue.ruin.1,1.097334518,4.58525994
23,7/30/2021 11:55,11:55,11,13.061,blue.ruin.1,1.326391753,4.359037371
23,7/30/2021 12:05,12:05,12,13.061,blue.ruin.1,1.375048356,4.477
23,7/30/2021 12:20,12:20,12,13.061,blue.ruin.1,1.405389222,4.526
23,7/30/2021 12:30,12:30,12,16.003,blue.ruin.1,0.984925504,6.116415096
23,7/30/2021 12:40,12:40,12,13.875,blue.ruin.1,1.078706199,5.500367251
23,7/30/2021 12:55,12:55,12,15.377,blue.ruin.1,1.005211406,5.059743486
23,7/30/2021 13:05,13:05,13,13.562,blue.ruin.1,1.091309824,4.577852015
23,7/30/2021 13:20,13:20,13,13.437,blue.ruin.1,1.095415181,4.42450363
23,7/30/2021 13:30,13:30,13,13.374,blue.ruin.1,1.097695684,4.610247074
23,7/30/2021 13:40,13:40,13,13.374,blue.ruin.1,1.082844575,4.763946481
23,7/30/2021 13:55,13:55,13,13.374,blue.ruin.1,1.058,4.78636
23,7/30/2021 14:05,14:05,14,13.562,blue.ruin.1,0.979898649,4.919129645
23,7/30/2021 14:20,14:20,14,13.374,blue.ruin.1,1.009883721,4.784366279
23,7/30/2021 14:30,14:30,14,13.312,blue.ruin.1,1.026490066,4.778268212
23,7/30/2021 14:40,14:40,14,13.249,blue.ruin.1,1.03861465,4.71381668
23,7/30/2021 14:55,14:55,14,13.186,blue.ruin.1,1.068283582,4.450612873
23,7/30/2021 15:05,15:05,15,13.186,blue.ruin.1,1.069053398,4.342137136
23,7/30/2021 15:20,15:20,15,13.124,blue.ruin.1,1.069444444,4.260111111
23,7/30/2021 15:30,15:30,15,13.124,blue.ruin.1,1.056015038,4.29856203
23,7/30/2021 15:40,15:40,15,13.186,blue.ruin.1,1.016875,4.2898125
23,7/30/2021 15:55,15:55,15,13.124,blue.ruin.1,0.991260745,4.379048711
23,7/30/2021 16:05,16:05,16,13.124,blue.ruin.1,0.967252396,4.443610224
23,7/30/2021 16:20,16:20,16,13.061,blue.ruin.1,0.994052045,4.417379647
23,7/30/2021 16:30,16:30,16,13.061,blue.ruin.1,0.998565574,4.462041496
23,7/30/2021 16:40,16:40,16,13.061,blue.ruin.1,1.001384083,4.48411981
23,7/30/2021 16:55,16:55,16,12.999,blue.ruin.1,1.016483516,4.465565934
23,7/30/2021 17:05,17:05,17,12.999,blue.ruin.1,1.000332226,4.444693937
23,7/30/2021 17:20,17:20,17,12.999,blue.ruin.1,1.007945205,4.400465753
23,7/30/2021 17:30,17:30,17,12.999,blue.ruin.1,1.016897507,4.384440443
23,7/30/2021 17:40,17:40,17,12.999,blue.ruin.1,1.017037037,4.313968519
23,7/30/2021 17:55,17:55,17,12.936,blue.ruin.1,1.024796748,4.302585366
23,7/30/2021 18:05,18:05,18,12.936,blue.ruin.1,1.015653495,4.30337386
23,7/30/2021 18:20,18:20,18,12.936,blue.ruin.1,0.985164835,4.405340659
23,7/30/2021 18:30,18:30,18,12.936,blue.ruin.1,0.964007782,4.363610895
23,7/30/2021 18:40,18:40,18,12.936,blue.ruin.1,0.964007782,4.295151751
23,7/30/2021 18:55,18:55,18,12.936,blue.ruin.1,0.948660465,4.244554419
23,7/30/2021 19:05,19:05,19,12.936,blue.ruin.1,0.945406489,4.205116826
23,7/30/2021 19:20,19:20,19,13.562,blue.ruin.1,0.889794446,4.305645346
23,7/30/2021 19:30,19:30,19,12.936,blue.ruin.1,0.939051878,3.993792487
23,7/30/2021 19:40,19:40,19,12.936,blue.ruin.1,0.93738091,3.902541304
23,7/30/2021 19:55,19:55,19,12.873,blue.ruin.1,0.938941242,3.723832897
23,7/30/2021 20:05,20:05,20,12.873,blue.ruin.1,0.935272418,3.63703591
23,7/30/2021 20:20,20:20,20,12.811,blue.ruin.1,0.936520532,3.495388361
23,7/30/2021 20:30,20:30,20,12.811,blue.ruin.1,0.936520532,3.380976899
23,7/30/2021 20:40,20:40,20,12.686,blue.ruin.1,0.945870736,3.247117676
23,7/30/2021 20:55,20:55,20,12.686,blue.ruin.1,0.945790972,3.115994307
23,7/30/2021 21:05,21:05,21,12.686,blue.ruin.1,0.943956044,3.062417582
23,7/30/2021 21:20,21:20,21,12.686,blue.ruin.1,0.942156465,3.018664554
23,7/30/2021 21:30,21:30,21,12.686,blue.ruin.1,0.940324544,2.948877743
23,7/30/2021 21:40,21:40,21,12.686,blue.ruin.1,0.943836896,2.845548869
23,7/30/2021 21:55,21:55,21,12.623,blue.ruin.1,0.945958647,2.815283664
23,7/30/2021 22:05,22:05,22,12.686,blue.ruin.1,0.938027872,2.797440111
23,7/30/2021 22:20,22:20,22,12.56,blue.ruin.1,0.963888889,2.729166667
23,7/30/2021 22:30,22:30,22,12.623,blue.ruin.1,0.94392283,2.725303128
23,7/30/2021 22:40,22:40,22,12.498,blue.ruin.1,0.99744898,2.7090625
23,7/30/2021 22:55,22:55,22,12.498,blue.ruin.1,0.99744898,2.663570153
23,7/30/2021 23:05,23:05,23,12.498,blue.ruin.1,0.968333333,2.624483333
23,7/30/2021 23:20,23:20,23,12.435,blue.ruin.1,1.0125,2.5909375
23,7/30/2021 23:30,23:30,23,12.435,blue.ruin.1,1.0125,2.60109375
23,7/30/2021 23:40,23:40,23,12.373,blue.ruin.1,1.041586538,2.63838101
23,7/30/2021 23:55,23:55,23,12.373,blue.ruin.1,1.041586538,2.633114784
23,7/31/2021 0:05,0:05,0,12.373,blue.ruin.1,1.027678571,2.596901786
23,7/31/2021 0:20,0:20,0,12.373,blue.ruin.1,1.008430233,2.582441134
23,7/31/2021 0:30,0:30,0,12.435,blue.ruin.1,0.96953125,2.546748047
23,7/31/2021 0:40,0:40,0,12.373,blue.ruin.1,1.008430233,2.592733285
23,7/31/2021 0:55,0:55,0,12.373,blue.ruin.1,1.008430233,2.625867733
23,7/31/2021 1:05,1:05,1,12.373,blue.ruin.1,0.996381579,2.588960526
23,7/31/2021 1:20,1:20,1,12.373,blue.ruin.1,1.001015228,2.59693401
23,7/31/2021 1:30,1:30,1,12.31,blue.ruin.1,1.048984772,2.584137056
23,7/31/2021 1:40,1:40,1,12.31,blue.ruin.1,1.048984772,2.581560914
23,7/31/2021 1:55,1:55,1,12.31,blue.ruin.1,1.032089552,2.574235075
23,7/31/2021 2:05,2:05,2,12.31,blue.ruin.1,1.024585635,2.583957182
23,7/31/2021 2:20,2:20,2,12.31,blue.ruin.1,1.015217391,2.590217391
23,7/31/2021 2:30,2:30,2,12.31,blue.ruin.1,1.015217391,2.575326087
23,7/31/2021 2:40,2:40,2,12.247,blue.ruin.1,1.052727273,2.618811364
23,7/31/2021 2:55,2:55,2,12.373,blue.ruin.1,0.946291209,2.52708042
23,7/31/2021 3:05,3:05,3,12.31,blue.ruin.1,1.006756757,2.526682432
23,7/31/2021 3:20,3:20,3,12.247,blue.ruin.1,1.046206897,2.609888793
23,7/31/2021 3:30,3:30,3,12.373,blue.ruin.1,0.948674371,2.472121006
23,7/31/2021 3:40,3:40,3,12.247,blue.ruin.1,1.046206897,2.588787931
23,7/31/2021 3:55,3:55,3,12.247,blue.ruin.1,1.046206897,2.589268966
23,7/31/2021 4:05,4:05,4,12.247,blue.ruin.1,1.023489933,2.568687081
23,7/31/2021 4:20,4:20,4,12.247,blue.ruin.1,1.013294798,2.512503613
23,7/31/2021 4:30,4:30,4,12.686,blue.ruin.1,0.911574531,2.362398367
23,7/31/2021 4:40,4:40,4,12.247,blue.ruin.1,1.023489933,2.550708054
23,7/31/2021 4:55,4:55,4,12.247,blue.ruin.1,1.001960784,2.443389706
23,7/31/2021 5:05,5:05,5,12.247,blue.ruin.1,1.013294798,2.562882225
23,7/31/2021 5:20,5:20,5,12.247,blue.ruin.1,0.987218045,2.441635338
23,7/31/2021 5:30,5:30,5,12.247,blue.ruin.1,0.987218045,2.553540414
23,7/31/2021 5:40,5:40,5,12.247,blue.ruin.1,0.987218045,2.535308271
23,7/31/2021 5:55,5:55,5,12.31,blue.ruin.1,0.943884208,2.512446317
23,7/31/2021 6:05,6:05,6,12.247,blue.ruin.1,0.987218045,2.526424812
23,7/31/2021 6:20,6:20,6,12.247,blue.ruin.1,0.987218045,2.530984023
23,7/31/2021 6:30,6:30,6,12.31,blue.ruin.1,0.948779164,2.421509397
23,7/31/2021 6:40,6:40,6,12.373,blue.ruin.1,0.940912863,2.458261034
23,7/31/2021 6:55,6:55,6,12.373,blue.ruin.1,0.938332869,2.458909446
23,7/31/2021 7:05,7:05,7,12.435,blue.ruin.1,0.935310815,2.481217196
23,7/31/2021 7:20,7:20,7,12.31,blue.ruin.1,0.960067114,2.577399329
23,7/31/2021 7:30,7:30,7,12.31,blue.ruin.1,0.976627219,2.667307692
23,7/31/2021 7:40,7:40,7,12.247,blue.ruin.1,1.045454545,2.784409091
23,7/31/2021 7:55,7:55,7,12.247,blue.ruin.1,1.068163265,2.948031633
23,7/31/2021 8:05,8:05,8,12.247,blue.ruin.1,1.082572614,3.063966286
23,7/31/2021 8:20,8:20,8,12.31,blue.ruin.1,1.079807692,3.271117788
23,7/31/2021 8:30,8:30,8,12.247,blue.ruin.1,1.145432692,3.314073317
23,7/31/2021 8:40,8:40,8,12.31,blue.ruin.1,1.087019231,3.467049279
23,7/31/2021 8:55,8:55,8,12.31,blue.ruin.1,1.111440678,3.900931144
23,7/31/2021 9:05,9:05,9,12.31,blue.ruin.1,1.15625,3.819171875
23,7/31/2021 9:20,9:20,9,12.373,blue.ruin.1,1.126765799,4.05735223
23,7/31/2021 9:30,9:30,9,12.373,blue.ruin.1,1.177253219,4.105156116
23,7/31/2021 9:40,9:40,9,12.373,blue.ruin.1,1.184507042,4.035609155
23,7/31/2021 9:55,9:55,9,12.435,blue.ruin.1,1.104147465,4.239934908
23,7/31/2021 10:05,10:05,10,12.435,blue.ruin.1,1.148547718,4.168268154
23,7/31/2021 10:20,10:20,10,12.435,blue.ruin.1,1.191836735,4.207341837
23,7/31/2021 10:30,10:30,10,12.56,blue.ruin.1,1.098854962,4.47615458
23,7/31/2021 10:40,10:40,10,12.748,blue.ruin.1,1.062765957,4.584335106
23,7/31/2021 10:55,10:55,10,12.748,blue.ruin.1,1.136268657,4.721462687
23,7/31/2021 11:05,11:05,11,12.748,blue.ruin.1,1.141186441,4.903423729
23,7/31/2021 11:20,11:20,11,12.748,blue.ruin.1,1.236238532,4.739357798
23,7/31/2021 11:30,11:30,11,13.186,blue.ruin.1,0.984474328,6.170041565
23,7/31/2021 11:40,11:40,11,12.811,blue.ruin.1,1.229222973,5.186595017
23,7/31/2021 11:55,11:55,11,12.811,blue.ruin.1,1.094392523,5.153358645
23,7/31/2021 12:05,12:05,12,12.811,blue.ruin.1,1.094019934,5.228394103
23,7/31/2021 12:20,12:20,12,12.811,blue.ruin.1,1.088387097,4.875202419
23,7/31/2021 12:30,12:30,12,12.873,blue.ruin.1,1.068387097,4.735719355
23,7/31/2021 12:40,12:40,12,12.811,blue.ruin.1,1.087865169,4.655255899
23,7/31/2021 12:55,12:55,12,12.936,blue.ruin.1,1.025692308,4.708396923
23,7/31/2021 13:05,13:05,13,12.873,blue.ruin.1,1.048421053,4.688060526
23,7/31/2021 13:20,13:20,13,12.873,blue.ruin.1,1.048421053,4.724703947
23,7/31/2021 13:30,13:30,13,13.124,blue.ruin.1,0.947524639,4.987794678
23,7/31/2021 13:40,13:40,13,12.873,blue.ruin.1,1.057471264,4.857560345
23,7/31/2021 13:55,13:55,13,12.873,blue.ruin.1,1.072924188,4.992813628
23,7/31/2021 14:05,14:05,14,13.124,blue.ruin.1,0.949600798,5.419383052
23,7/31/2021 14:20,14:20,14,12.936,blue.ruin.1,1.09,5.20505
23,7/31/2021 14:30,14:30,14,12.873,blue.ruin.1,1.147916667,5.18203125
23,7/31/2021 14:40,14:40,14,12.873,blue.ruin.1,1.147916667,4.881510417
23,7/31/2021 14:55,14:55,14,12.873,blue.ruin.1,1.152806122,4.937471301
23,7/31/2021 15:05,15:05,15,12.873,blue.ruin.1,1.20575,4.68321
23,7/31/2021 15:20,15:20,15,12.873,blue.ruin.1,1.294817073,4.482443598
23,7/31/2021 15:30,15:30,15,12.873,blue.ruin.1,1.294817073,4.494688262
23,7/31/2021 15:40,15:40,15,12.873,blue.ruin.1,1.251071429,4.634099107
23,7/31/2021 15:55,15:55,15,12.936,blue.ruin.1,1.117647059,4.953227941
23,7/31/2021 16:05,16:05,16,12.936,blue.ruin.1,1.092941176,4.983004412
23,7/31/2021 16:20,16:20,16,12.936,blue.ruin.1,1.12195122,4.713722561
23,7/31/2021 16:30,16:30,16,12.936,blue.ruin.1,1.185714286,4.548642857
23,7/31/2021 16:40,16:40,16,12.999,blue.ruin.1,1.09765625,4.634521484
23,7/31/2021 16:55,16:55,16,12.999,blue.ruin.1,1.09214527,4.578103885
23,7/31/2021 17:05,17:05,17,13.061,blue.ruin.1,1.086523438,4.565010742
23,7/31/2021 17:20,17:20,17,13.061,blue.ruin.1,1.23307393,4.277110895
23,7/31/2021 17:30,17:30,17,13.186,blue.ruin.1,1.135813149,4.25575
23,7/31/2021 17:40,17:40,17,13.124,blue.ruin.1,1.27967033,4.146538462
23,7/31/2021 17:55,17:55,17,13.124,blue.ruin.1,1.332879377,4.090575875
23,7/31/2021 18:05,18:05,18,13.374,blue.ruin.1,1.075029516,4.194991736
23,7/31/2021 18:20,18:20,18,13.249,blue.ruin.1,1.088502994,4.200443713
23,7/31/2021 18:30,18:30,18,13.249,blue.ruin.1,1.088502994,4.177161527
23,7/31/2021 18:40,18:40,18,13.249,blue.ruin.1,1.084266985,4.158307211
23,7/31/2021 18:55,18:55,18,13.249,blue.ruin.1,1.075402635,4.064605966
23,7/31/2021 19:05,19:05,19,13.312,blue.ruin.1,1.051657459,4.01959116
23,7/31/2021 19:20,19:20,19,13.186,blue.ruin.1,1.063104839,3.943627016
23,7/31/2021 19:30,19:30,19,13.186,blue.ruin.1,1.047857143,3.899848214
23,7/31/2021 19:40,19:40,19,13.124,blue.ruin.1,1.048969072,3.815525773
23,7/31/2021 19:55,19:55,19,13.124,blue.ruin.1,1.031818182,3.685386364
23,7/31/2021 20:05,20:05,20,13.124,blue.ruin.1,1.0109375,3.615777344
23,7/31/2021 20:20,20:20,20,13.061,blue.ruin.1,1.030317848,3.469518949
23,7/31/2021 20:30,20:30,20,13.061,blue.ruin.1,1.018306636,3.414877002
23,7/31/2021 20:40,20:40,20,12.999,blue.ruin.1,1.034924078,3.298726139
23,7/31/2021 20:55,20:55,20,12.999,blue.ruin.1,1.040530973,3.173126991
23,7/31/2021 21:05,21:05,21,12.936,blue.ruin.1,1.058717949,3.113702564
23,7/31/2021 21:20,21:20,21,12.936,blue.ruin.1,1.060860367,3.063789845
23,7/31/2021 21:30,21:30,21,13.186,blue.ruin.1,1.00796897,2.995361425
23,7/31/2021 21:40,21:40,21,12.936,blue.ruin.1,1.058520179,2.917748879
23,7/31/2021 21:55,21:55,21,12.999,blue.ruin.1,1.02392638,2.840454755
23,7/31/2021 22:05,22:05,22,12.873,blue.ruin.1,1.046973366,2.823880448
23,7/31/2021 22:20,22:20,22,12.873,blue.ruin.1,1.032360743,2.779416446
23,7/31/2021 22:30,22:30,22,13.374,blue.ruin.1,0.923947368,2.881947368
23,7/31/2021 22:40,22:40,22,12.811,blue.ruin.1,1.033940397,2.735537666
23,7/31/2021 22:55,22:55,22,12.748,blue.ruin.1,1.050699301,2.708335664
23,7/31/2021 23:05,23:05,23,12.748,blue.ruin.1,1.0292,2.691778
23,7/31/2021 23:20,23:20,23,12.748,blue.ruin.1,0.995378151,2.633142857
23,7/31/2021 23:30,23:30,23,12.686,blue.ruin.1,1.020661157,2.651620868
23,7/31/2021 23:40,23:40,23,12.686,blue.ruin.1,1.013513514,2.655412162
23,7/31/2021 23:55,23:55,23,12.623,blue.ruin.1,1.028225806,2.655566532
23,8/1/2021 0:05,0:05,0,12.623,blue.ruin.1,1.018957346,2.6437891
23,8/1/2021 0:20,0:20,0,12.623,blue.ruin.1,1,2.61375
23,8/1/2021 0:30,0:30,0,12.623,blue.ruin.1,0.993846154,2.598828846
23,8/1/2021 0:40,0:40,0,12.56,blue.ruin.1,1.032191781,2.609589041
23,8/1/2021 0:55,0:55,0,12.56,blue.ruin.1,1.024074074,2.558333333
23,8/1/2021 1:05,1:05,1,12.56,blue.ruin.1,1.010728745,2.551487854
23,8/1/2021 1:20,1:20,1,12.498,blue.ruin.1,1.029220779,2.561
23,8/1/2021 1:30,1:30,1,12.498,blue.ruin.1,1.034860558,2.563828685
23,8/1/2021 1:40,1:40,1,12.498,blue.ruin.1,1.021484375,2.527537109
23,8/1/2021 1:55,1:55,1,12.498,blue.ruin.1,1.014830508,2.526888771
23,8/1/2021 2:05,2:05,2,12.435,blue.ruin.1,1.045192308,2.516144231
23,8/1/2021 2:20,2:20,2,12.435,blue.ruin.1,1.035227273,2.502883523
23,8/1/2021 2:30,2:30,2,12.435,blue.ruin.1,1.0125,2.55515625
23,8/1/2021 2:40,2:40,2,12.435,blue.ruin.1,1.00298913,2.533053668
23,8/1/2021 2:55,2:55,2,12.435,blue.ruin.1,0.955067568,2.493357264
23,8/1/2021 3:05,3:05,3,12.373,blue.ruin.1,0.9875,2.54371875
23,8/1/2021 3:20,3:20,3,12.373,blue.ruin.1,0.959375,2.505789063
23,8/1/2021 3:30,3:30,3,12.373,blue.ruin.1,0.946105429,2.514885917
23,8/1/2021 3:40,3:40,3,12.373,blue.ruin.1,0.946201074,2.495249424
23,8/1/2021 3:55,3:55,3,12.31,blue.ruin.1,0.964851485,2.492066832
23,8/1/2021 4:05,4:05,4,12.31,blue.ruin.1,0.987190083,2.567107438
23,8/1/2021 4:20,4:20,4,12.31,blue.ruin.1,0.987190083,2.506126033
23,8/1/2021 4:30,4:30,4,12.31,blue.ruin.1,0.981034483,2.446767241
23,8/1/2021 4:40,4:40,4,12.247,blue.ruin.1,1.0376,2.5057
23,8/1/2021 4:55,4:55,4,12.247,blue.ruin.1,1.0376,2.465629
23,8/1/2021 5:05,5:05,5,12.247,blue.ruin.1,1.023489933,2.44146896
23,8/1/2021 5:20,5:20,5,12.247,blue.ruin.1,1.011627907,2.43655814
23,8/1/2021 5:30,5:30,5,12.247,blue.ruin.1,1.011627907,2.447622093
23,8/1/2021 5:40,5:40,5,12.185,blue.ruin.1,1.08372093,2.515392442
23,8/1/2021 5:55,5:55,5,12.247,blue.ruin.1,0.995412844,2.427465596
23,8/1/2021 6:05,6:05,6,12.185,blue.ruin.1,1.080733945,2.478772936
23,8/1/2021 6:20,6:20,6,12.185,blue.ruin.1,1.080733945,2.419231651
23,8/1/2021 6:30,6:30,6,12.185,blue.ruin.1,1.062745098,2.475428922
23,8/1/2021 6:40,6:40,6,12.185,blue.ruin.1,1.040189873,2.480640823
23,8/1/2021 6:55,6:55,6,12.185,blue.ruin.1,1.049557522,2.57159292
23,8/1/2021 7:05,7:05,7,12.185,blue.ruin.1,1.057142857,2.643928571
23,8/1/2021 7:20,7:20,7,12.185,blue.ruin.1,1.062745098,2.756936275
23,8/1/2021 7:30,7:30,7,12.185,blue.ruin.1,1.08590604,2.831497483
23,8/1/2021 7:40,7:40,7,12.185,blue.ruin.1,1.119148936,2.939351064
23,8/1/2021 7:55,7:55,7,12.185,blue.ruin.1,1.217040359,3.209234305
23,8/1/2021 8:05,8:05,8,12.247,blue.ruin.1,1.187284483,3.454748922
23,8/1/2021 8:20,8:20,8,12.247,blue.ruin.1,1.290227273,3.582373864
23,8/1/2021 8:30,8:30,8,12.247,blue.ruin.1,1.405741627,3.543
23,8/1/2021 8:40,8:40,8,12.247,blue.ruin.1,1.494009217,3.585
23,8/1/2021 8:55,8:55,8,12.373,blue.ruin.1,1.364416058,3.785
23,8/1/2021 9:05,9:05,9,12.373,blue.ruin.1,1.433510638,3.859
23,8/1/2021 9:20,9:20,9,12.435,blue.ruin.1,1.435204082,3.993
23,8/1/2021 9:30,9:30,9,12.435,blue.ruin.1,1.493345324,4.062
23,8/1/2021 9:40,9:40,9,12.498,blue.ruin.1,1.485955056,4.154
23,8/1/2021 9:55,9:55,9,12.56,blue.ruin.1,1.51819788,4.3
23,8/1/2021 10:05,10:05,10,12.56,blue.ruin.1,1.6,4.484
23,8/1/2021 10:20,10:20,10,12.623,blue.ruin.1,1.508097166,4.581
23,8/1/2021 10:30,10:30,10,12.623,blue.ruin.1,1.511808118,4.425
23,8/1/2021 10:40,10:40,10,12.686,blue.ruin.1,1.442391304,4.431
23,8/1/2021 10:55,10:55,10,12.748,blue.ruin.1,1.41056338,4.643
23,8/1/2021 11:05,11:05,11,12.748,blue.ruin.1,1.451923077,4.448
23,8/1/2021 11:20,11:20,11,12.56,blue.ruin.1,1.6,4.483
23,8/1/2021 11:30,11:30,11,12.873,blue.ruin.1,1.495423341,4.502
23,8/1/2021 11:40,11:40,11,12.999,blue.ruin.1,1.423123732,4.649
23,8/1/2021 11:55,11:55,11,13.061,blue.ruin.1,1.418032787,4.637
23,8/1/2021 12:05,12:05,12,13.061,blue.ruin.1,1.44302554,4.748
23,8/1/2021 12:20,12:20,12,13.186,blue.ruin.1,1.393396226,4.935
23,8/1/2021 12:30,12:30,12,13.186,blue.ruin.1,1.438823529,4.802
23,8/1/2021 12:40,12:40,12,13.249,blue.ruin.1,1.426291513,4.943
23,8/1/2021 12:55,12:55,12,13.374,blue.ruin.1,1.416216216,4.85
23,8/1/2021 13:05,13:05,13,13.374,blue.ruin.1,1.452471483,4.887
23,8/1/2021 13:20,13:20,13,13.437,blue.ruin.1,1.476898734,5.011
23,8/1/2021 13:30,13:30,13,13.437,blue.ruin.1,1.517094862,4.879
23,8/1/2021 13:40,13:40,13,13.562,blue.ruin.1,1.472151899,4.993
23,8/1/2021 13:55,13:55,13,13.562,blue.ruin.1,1.6,4.873
23,8/1/2021 14:05,14:05,14,13.562,blue.ruin.1,1.6,4.748
23,8/1/2021 14:20,14:20,14,13.562,blue.ruin.1,1.6,4.671
23,8/1/2021 14:30,14:30,14,13.562,blue.ruin.1,1.6,4.644
23,8/1/2021 14:40,14:40,14,13.499,blue.ruin.1,1.6,4.698
23,8/1/2021 14:55,14:55,14,13.499,blue.ruin.1,1.496165644,4.485
23,8/1/2021 15:05,15:05,15,13.499,blue.ruin.1,1.491887417,4.344
23,8/1/2021 15:20,15:20,15,13.499,blue.ruin.1,1.6,4.341
23,8/1/2021 15:30,15:30,15,13.499,blue.ruin.1,1.6,4.265
23,8/1/2021 15:40,15:40,15,13.499,blue.ruin.1,1.6,4.259
23,8/1/2021 15:55,15:55,15,13.625,blue.ruin.1,1.6,4.166
23,8/1/2021 16:05,16:05,16,13.499,blue.ruin.1,1.6,4.245
23,8/1/2021 16:20,16:20,16,13.625,blue.ruin.1,1.6,4.069
23,8/1/2021 16:30,16:30,16,13.499,blue.ruin.1,1.6,4.073
23,8/1/2021 16:40,16:40,16,13.499,blue.ruin.1,1.6,4.059
23,8/1/2021 16:55,16:55,16,13.437,blue.ruin.1,1.6,3.963
23,8/1/2021 17:05,17:05,17,13.499,blue.ruin.1,1.44735023,3.971
23,8/1/2021 17:20,17:20,17,13.437,blue.ruin.1,1.46380597,3.848
23,8/1/2021 17:30,17:30,17,13.437,blue.ruin.1,1.458333333,3.786
23,8/1/2021 17:40,17:40,17,13.437,blue.ruin.1,1.43328877,3.683
23,8/1/2021 17:55,17:55,17,13.437,blue.ruin.1,1.377682927,3.649
23,8/1/2021 18:05,18:05,18,13.437,blue.ruin.1,1.366968912,3.6
23,8/1/2021 18:20,18:20,18,13.374,blue.ruin.1,1.42364532,3.61
23,8/1/2021 18:30,18:30,18,13.374,blue.ruin.1,1.415706806,3.531
23,8/1/2021 18:40,18:40,18,13.312,blue.ruin.1,1.488743455,3.515
23,8/1/2021 18:55,18:55,18,13.499,blue.ruin.1,1.228110048,3.967902213
23,8/1/2021 19:05,19:05,19,14.063,blue.ruin.1,1.087627506,4.273244702
23,8/1/2021 19:20,19:20,19,14.188,blue.ruin.1,1.083263816,3.803415016
23,8/1/2021 19:30,19:30,19,13.249,blue.ruin.1,1.421596859,3.429
23,8/1/2021 19:40,19:40,19,13.186,blue.ruin.1,1.492016807,3.363
23,8/1/2021 19:55,19:55,19,13.312,blue.ruin.1,1.256461538,3.201458462
23,8/1/2021 20:05,20:05,20,13.312,blue.ruin.1,1.210941828,3.151577562
23,8/1/2021 20:20,20:20,20,13.061,blue.ruin.1,1.41826087,3.157
23,8/1/2021 20:30,20:30,20,13.061,blue.ruin.1,1.333952255,3.060888594
23,8/1/2021 20:40,20:40,20,12.999,blue.ruin.1,1.342608696,3.010923913
23,8/1/2021 20:55,20:55,20,12.999,blue.ruin.1,1.262980769,2.955649038
23,8/1/2021 21:05,21:05,21,12.936,blue.ruin.1,1.289473684,2.858598684
23,8/1/2021 21:20,21:20,21,12.873,blue.ruin.1,1.283390411,2.810842038
23,8/1/2021 21:30,21:30,21,13.061,blue.ruin.1,1.050702247,2.747622893
23,8/1/2021 21:40,21:40,21,12.811,blue.ruin.1,1.275178571,2.791941964
23,8/1/2021 21:55,21:55,21,12.748,blue.ruin.1,1.304243542,2.769557196
23,8/1/2021 22:05,22:05,22,12.748,blue.ruin.1,1.238888889,2.699555556
23,8/1/2021 22:20,22:20,22,12.748,blue.ruin.1,1.151702128,2.697570213
23,8/1/2021 22:30,22:30,22,12.686,blue.ruin.1,1.226623377,2.810288961
23,8/1/2021 22:40,22:40,22,12.686,blue.ruin.1,1.226623377,2.808048701
23,8/1/2021 22:55,22:55,22,12.999,blue.ruin.1,1.091928835,3.246722011
23,8/1/2021 23:05,23:05,23,12.811,blue.ruin.1,1.099000925,3.750904463
23,8/1/2021 23:20,23:20,23,12.811,blue.ruin.1,1.160674157,3.266481742
23,8/1/2021 23:30,23:30,23,12.811,blue.ruin.1,1.221044304,3.113231013
23,8/1/2021 23:40,23:40,23,12.811,blue.ruin.1,1.273982558,2.790434593
23,8/1/2021 23:55,23:55,23,12.811,blue.ruin.1,1.273982558,2.781769985
23,8/2/2021 0:05,0:05,0,12.748,blue.ruin.1,1.310759494,2.754335443
23,8/2/2021 0:20,0:20,0,12.748,blue.ruin.1,1.245114007,2.700677524
23,8/2/2021 0:30,0:30,0,13.75,blue.ruin.1,0.936590339,2.515337915
23,8/2/2021 0:40,0:40,0,12.686,blue.ruin.1,1.257058824,2.685585294
23,8/2/2021 0:55,0:55,0,12.686,blue.ruin.1,1.216533865,2.655156375
23,8/2/2021 1:05,1:05,1,12.686,blue.ruin.1,1.216533865,2.701188247
23,8/2/2021 1:20,1:20,1,12.686,blue.ruin.1,1.216533865,2.606503984
23,8/2/2021 1:30,1:30,1,12.748,blue.ruin.1,1.141186441,2.639162712
23,8/2/2021 1:40,1:40,1,13.186,blue.ruin.1,1.081232877,2.546626712
23,8/2/2021 1:55,1:55,1,12.748,blue.ruin.1,1.176755853,2.657640468
23,8/2/2021 2:05,2:05,2,12.686,blue.ruin.1,1.27006689,2.72925
23,8/2/2021 2:20,2:20,2,12.748,blue.ruin.1,1.171943574,2.599194357
23,8/2/2021 2:30,2:30,2,12.686,blue.ruin.1,1.235762712,2.647176271
23,8/2/2021 2:40,2:40,2,12.686,blue.ruin.1,1.235762712,2.604330508
23,8/2/2021 2:55,2:55,2,11.621,blue.ruin.1,1.6,2.725
23,8/2/2021 3:05,3:05,3,12.623,blue.ruin.1,1.297938144,2.731011598
23,8/2/2021 3:20,3:20,3,12.623,blue.ruin.1,1.285209003,2.672419614
23,8/2/2021 3:30,3:30,3,12.748,blue.ruin.1,1.098403447,2.429550938
23,8/2/2021 3:40,3:40,3,12.623,blue.ruin.1,1.227208481,2.561064046
23,8/2/2021 3:55,3:55,3,12.56,blue.ruin.1,1.312376238,2.668648515
23,8/2/2021 4:05,4:05,4,12.56,blue.ruin.1,1.291007194,2.584971223
23,8/2/2021 4:20,4:20,4,12.56,blue.ruin.1,1.254379562,2.569167883
23,8/2/2021 4:30,4:30,4,12.56,blue.ruin.1,1.243877551,2.537673469
23,8/2/2021 4:40,4:40,4,12.623,blue.ruin.1,1.110862069,2.432686207
23,8/2/2021 4:55,4:55,4,12.56,blue.ruin.1,1.177819549,2.529582707
23,8/2/2021 5:05,5:05,5,12.56,blue.ruin.1,1.177819549,2.523
23,8/2/2021 5:20,5:20,5,12.56,blue.ruin.1,1.172377622,2.354171329
23,8/2/2021 5:30,5:30,5,12.623,blue.ruin.1,1.098793756,2.336277022
23,8/2/2021 5:40,5:40,5,12.56,blue.ruin.1,1.172377622,2.387409091
23,8/2/2021 5:55,5:55,5,12.56,blue.ruin.1,1.167647059,2.361514706
23,8/2/2021 6:05,6:05,6,12.435,blue.ruin.1,1.334574468,2.557067819
23,8/2/2021 6:20,6:20,6,12.498,blue.ruin.1,1.197122302,2.417352518
23,8/2/2021 6:30,6:30,6,12.435,blue.ruin.1,1.299100719,2.544663669
23,8/2/2021 6:40,6:40,6,13.312,blue.ruin.1,1.019329529,2.186888017
23,8/2/2021 6:55,6:55,6,12.498,blue.ruin.1,1.197122302,2.400913669
23,8/2/2021 7:05,7:05,7,12.498,blue.ruin.1,1.197122302,2.488127698
23,8/2/2021 7:20,7:20,7,12.498,blue.ruin.1,1.197122302,2.53878777
23,8/2/2021 7:30,7:30,7,12.435,blue.ruin.1,1.334574468,2.837448138
23,8/2/2021 7:40,7:40,7,12.435,blue.ruin.1,1.351470588,2.995
23,8/2/2021 7:55,7:55,7,12.623,blue.ruin.1,1.11016129,3.154185484
23,8/2/2021 8:05,8:05,8,12.498,blue.ruin.1,1.323566879,3.465074045
23,8/2/2021 8:20,8:20,8,12.56,blue.ruin.1,1.299226006,4.052099071
23,8/2/2021 8:30,8:30,8,12.56,blue.ruin.1,1.329816514,4.070527523
23,8/2/2021 8:40,8:40,8,12.56,blue.ruin.1,1.359667674,4.664
23,8/2/2021 8:55,8:55,8,12.623,blue.ruin.1,1.374659401,4.549
23,8/2/2021 9:05,9:05,9,12.623,blue.ruin.1,1.410227273,NA
23,8/2/2021 9:20,9:20,9,12.686,blue.ruin.1,1.40234375,NA
23,8/2/2021 9:30,9:30,9,12.686,blue.ruin.1,1.427061856,NA
23,8/2/2021 9:40,9:40,9,12.748,blue.ruin.1,1.389903846,NA
23,8/2/2021 9:55,9:55,9,12.811,blue.ruin.1,1.378236607,NA
23,8/2/2021 10:05,10:05,10,12.811,blue.ruin.1,1.427442827,NA
23,8/2/2021 10:20,10:20,10,12.811,blue.ruin.1,1.493451327,NA
23,8/2/2021 10:30,10:30,10,12.873,blue.ruin.1,1.479899497,NA
23,8/2/2021 10:40,10:40,10,12.936,blue.ruin.1,1.467011129,NA
23,8/2/2021 10:55,10:55,10,12.936,blue.ruin.1,1.486656891,NA
23,8/2/2021 11:05,11:05,11,12.999,blue.ruin.1,1.469594595,NA
23,8/2/2021 11:20,11:20,11,13.061,blue.ruin.1,1.459097421,NA
23,8/2/2021 11:30,11:30,11,13.061,blue.ruin.1,1.485623229,NA
23,8/2/2021 11:40,11:40,11,13.186,blue.ruin.1,1.427704485,NA
23,8/2/2021 11:55,11:55,11,13.249,blue.ruin.1,1.43502445,NA
23,8/2/2021 12:05,12:05,12,13.186,blue.ruin.1,1.492251816,NA
23,8/2/2021 12:20,12:20,12,13.249,blue.ruin.1,1.480395683,NA
23,8/2/2021 12:30,12:30,12,13.249,blue.ruin.1,1.502434679,NA
23,8/2/2021 12:40,12:40,12,13.249,blue.ruin.1,1.513297872,NA
23,8/2/2021 12:55,12:55,12,13.312,blue.ruin.1,1.490705882,NA
23,8/2/2021 13:05,13:05,13,13.374,blue.ruin.1,1.466506024,NA
23,8/2/2021 13:20,13:20,13,13.374,blue.ruin.1,1.506976744,NA
23,8/2/2021 13:30,13:30,13,13.937,blue.ruin.1,1.6,NA
23,8/2/2021 13:40,13:40,13,13.687,blue.ruin.1,1.413888889,4.584
23,8/2/2021 13:55,13:55,13,13.625,blue.ruin.1,1.120026178,5.24938678
23,8/2/2021 14:05,14:05,14,13.562,blue.ruin.1,1.110909091,5.218138636
23,8/2/2021 14:20,14:20,14,13.499,blue.ruin.1,1.191285714,4.868582857
23,8/2/2021 14:30,14:30,14,13.562,blue.ruin.1,1.077540984,5.156105738
23,8/2/2021 14:40,14:40,14,13.499,blue.ruin.1,1.087017544,5.126782456
23,8/2/2021 14:55,14:55,14,13.499,blue.ruin.1,1.095167286,4.682892193
23,8/2/2021 15:05,15:05,15,13.499,blue.ruin.1,1.099667774,4.575866694
23,8/2/2021 15:20,15:20,15,13.499,blue.ruin.1,1.275408163,4.291074235
23,8/2/2021 15:30,15:30,15,13.499,blue.ruin.1,1.28287234,4.21156516
23,8/2/2021 15:40,15:40,15,13.562,blue.ruin.1,1.21755102,4.324627041
23,8/2/2021 15:55,15:55,15,13.562,blue.ruin.1,1.200429185,4.214398605
23,8/2/2021 16:05,16:05,16,13.499,blue.ruin.1,1.234547739,4.127487437
23,8/2/2021 16:20,16:20,16,13.562,blue.ruin.1,1.10972973,4.436147973
23,8/2/2021 16:30,16:30,16,13.562,blue.ruin.1,1.089875389,4.186559969
23,8/2/2021 16:40,16:40,16,13.562,blue.ruin.1,1.092481203,4.168152256
23,8/2/2021 16:55,16:55,16,13.562,blue.ruin.1,1.089247312,4.154172043
23,8/2/2021 17:05,17:05,17,13.499,blue.ruin.1,1.12859116,4.164803177
23,8/2/2021 17:20,17:20,17,13.499,blue.ruin.1,1.084210526,4.188743421
23,8/2/2021 17:30,17:30,17,13.499,blue.ruin.1,1.043076923,4.253898077
23,8/2/2021 17:40,17:40,17,13.437,blue.ruin.1,1.066037736,4.222358491
23,8/2/2021 17:55,17:55,17,13.437,blue.ruin.1,1.032620321,4.187878342
23,8/2/2021 18:05,18:05,18,13.437,blue.ruin.1,1.02987013,4.141560065
23,8/2/2021 18:20,18:20,18,13.437,blue.ruin.1,0.98241206,4.170943467
23,8/2/2021 18:30,18:30,18,13.312,blue.ruin.1,1.059359606,4.036108374
23,8/2/2021 18:40,18:40,18,13.312,blue.ruin.1,1.036631016,4.03752139
23,8/2/2021 18:55,18:55,18,13.312,blue.ruin.1,1.011395349,3.960906977
23,8/2/2021 19:05,19:05,19,13.249,blue.ruin.1,1.039726027,3.856106164
23,8/2/2021 19:20,19:20,19,13.249,blue.ruin.1,1.061061947,3.781150442
23,8/2/2021 19:30,19:30,19,13.249,blue.ruin.1,1.060283688,3.812197695
23,8/2/2021 19:40,19:40,19,13.312,blue.ruin.1,1.03852459,3.689483607
23,8/2/2021 19:55,19:55,19,13.186,blue.ruin.1,1.077244582,3.590610681
23,8/2/2021 20:05,20:05,20,13.186,blue.ruin.1,1.05858209,3.526523321
23,8/2/2021 20:20,20:20,20,13.186,blue.ruin.1,1.000454545,3.415852273
23,8/2/2021 20:30,20:30,20,13.124,blue.ruin.1,1.020588235,3.378411765
23,8/2/2021 20:40,20:40,20,13.124,blue.ruin.1,0.982142857,3.326535714
23,8/2/2021 20:55,20:55,20,13.061,blue.ruin.1,1.008223684,3.204963816
23,8/2/2021 21:05,21:05,21,13.186,blue.ruin.1,0.940904716,3.195048561
23,8/2/2021 21:20,21:20,21,12.999,blue.ruin.1,0.975403226,3.071045363
23,8/2/2021 21:30,21:30,21,13.061,blue.ruin.1,0.944116223,3.054121065
23,8/2/2021 21:40,21:40,21,15.627,blue.ruin.1,0.757723971,3.392519481
23,8/2/2021 21:55,21:55,21,13.061,blue.ruin.1,0.941493517,2.94623965
23,8/2/2021 22:05,22:05,22,12.936,blue.ruin.1,0.948874648,2.883110063
23,8/2/2021 22:20,22:20,22,12.936,blue.ruin.1,0.948870411,2.80386114
23,8/2/2021 22:30,22:30,22,12.873,blue.ruin.1,0.956862745,2.799776961
23,8/2/2021 22:40,22:40,22,12.873,blue.ruin.1,0.947646966,2.787957534
23,8/2/2021 22:55,22:55,22,12.999,blue.ruin.1,0.936727632,2.76002921
23,8/2/2021 23:05,23:05,23,12.811,blue.ruin.1,0.947624319,2.753671507
23,8/2/2021 23:20,23:20,23,13.75,blue.ruin.1,0.867122538,2.922193157
23,8/2/2021 23:30,23:30,23,12.748,blue.ruin.1,0.966981132,2.695839623
23,8/2/2021 23:40,23:40,23,12.623,blue.ruin.1,1.11016129,2.671150806
23,8/2/2021 23:55,23:55,23,12.748,blue.ruin.1,0.945949747,2.718615993
23,8/3/2021 0:05,0:05,0,12.686,blue.ruin.1,0.949497861,2.69043823
23,8/3/2021 0:20,0:20,0,12.623,blue.ruin.1,1.004411765,2.641029412
23,8/3/2021 0:30,0:30,0,12.748,blue.ruin.1,0.94078673,2.67340112
23,8/3/2021 0:40,0:40,0,12.623,blue.ruin.1,0.974056604,2.633384434
23,8/3/2021 0:55,0:55,0,12.56,blue.ruin.1,1.031081081,2.633783784
23,8/3/2021 1:05,1:05,1,12.498,blue.ruin.1,1.117128028,2.600307093
23,8/3/2021 1:20,1:20,1,12.56,blue.ruin.1,0.981578947,2.612894737
23,8/3/2021 1:30,1:30,1,12.498,blue.ruin.1,1.043939394,2.644833333
23,8/3/2021 1:40,1:40,1,12.56,blue.ruin.1,1.08727779,2.576118468
23,8/3/2021 1:55,1:55,1,12.56,blue.ruin.1,0.948007968,2.620362188
23,8/3/2021 2:05,2:05,2,12.498,blue.ruin.1,0.999606299,2.600744094
23,8/3/2021 2:20,2:20,2,12.435,blue.ruin.1,1.037837838,2.63
23,8/3/2021 2:30,2:30,2,12.435,blue.ruin.1,1.024175824,2.632596154
23,8/3/2021 2:40,2:40,2,12.435,blue.ruin.1,1.002816901,2.63290493
23,8/3/2021 2:55,2:55,2,12.373,blue.ruin.1,1.0859375,2.599703125
23,8/3/2021 3:05,3:05,3,12.373,blue.ruin.1,1.0505,2.59462375
23,8/3/2021 3:20,3:20,3,12.811,blue.ruin.1,0.875663183,2.636757892
23,8/3/2021 3:30,3:30,3,12.373,blue.ruin.1,1.0175,2.58578125
23,8/3/2021 3:40,3:40,3,12.373,blue.ruin.1,0.96640625,2.611763672
23,8/3/2021 3:55,3:55,3,12.31,blue.ruin.1,1.109121622,2.609547297
23,8/3/2021 4:05,4:05,4,12.31,blue.ruin.1,1.069318182,2.624460227
23,8/3/2021 4:20,4:20,4,12.31,blue.ruin.1,1.04375,2.59484375
23,8/3/2021 4:30,4:30,4,12.31,blue.ruin.1,0.996391753,2.597654639
23,8/3/2021 4:40,4:40,4,12.31,blue.ruin.1,1.0125,2.63453125
23,8/3/2021 4:55,4:55,4,12.247,blue.ruin.1,1.092207792,2.642261364
23,8/3/2021 5:05,5:05,5,12.31,blue.ruin.1,0.947562297,2.581019403
23,8/3/2021 5:20,5:20,5,12.247,blue.ruin.1,1.058415842,2.606533416
23,8/3/2021 5:30,5:30,5,12.185,blue.ruin.1,1.15483871,2.653741935
23,8/3/2021 5:40,5:40,5,12.185,blue.ruin.1,1.15483871,2.64196371
23,8/3/2021 5:55,5:55,5,12.247,blue.ruin.1,0.995412844,2.632838303
23,8/3/2021 6:05,6:05,6,12.185,blue.ruin.1,1.069565217,2.614211957
23,8/3/2021 6:20,6:20,6,12.247,blue.ruin.1,0.94299308,2.553057565
23,8/3/2021 6:30,6:30,6,12.185,blue.ruin.1,1.069565217,2.657961957
23,8/3/2021 6:40,6:40,6,12.185,blue.ruin.1,1.057142857,2.587142857
23,8/3/2021 6:55,6:55,6,12.185,blue.ruin.1,1.069565217,2.62125
23,8/3/2021 7:05,7:05,7,12.185,blue.ruin.1,1.076404494,2.649501404
23,8/3/2021 7:20,7:20,7,12.247,blue.ruin.1,0.971910112,2.724820225
23,8/3/2021 7:30,7:30,7,12.247,blue.ruin.1,0.971910112,2.783669944
23,8/3/2021 7:40,7:40,7,12.247,blue.ruin.1,1.025714286,2.839871429
23,8/3/2021 7:55,7:55,7,12.247,blue.ruin.1,1.058415842,3.019757426
23,8/3/2021 8:05,8:05,8,12.247,blue.ruin.1,1.095620438,3.129635949
23,8/3/2021 8:20,8:20,8,12.247,blue.ruin.1,1.096178344,3.329634554
23,8/3/2021 8:30,8:30,8,12.247,blue.ruin.1,1.164903846,3.380450721
23,8/3/2021 8:40,8:40,8,12.31,blue.ruin.1,1.081756757,3.510709459
23,8/3/2021 8:55,8:55,8,12.373,blue.ruin.1,1.090073529,3.689068015
23,8/3/2021 9:05,9:05,9,12.373,blue.ruin.1,1.123300971,3.775012136
23,8/3/2021 9:20,9:20,9,12.498,blue.ruin.1,1.023652695,4.030595808
23,8/3/2021 9:30,9:30,9,12.498,blue.ruin.1,1.043865031,4.119638037
23,8/3/2021 9:40,9:40,9,12.56,blue.ruin.1,1.047674419,4.207267442
23,8/3/2021 9:55,9:55,9,12.56,blue.ruin.1,1.081067961,4.414599515
23,8/3/2021 10:05,10:05,10,12.56,blue.ruin.1,1.128947368,4.471263158
23,8/3/2021 10:20,10:20,10,12.56,blue.ruin.1,1.135106383,4.643542553
23,8/3/2021 10:30,10:30,10,12.623,blue.ruin.1,1.144426752,4.767154857
23,8/3/2021 10:40,10:40,10,12.748,blue.ruin.1,1.048019802,4.812450495
23,8/3/2021 10:55,10:55,10,12.748,blue.ruin.1,1.1324,5.07016
23,8/3/2021 11:05,11:05,11,12.811,blue.ruin.1,1.073658537,5.055470122
23,8/3/2021 11:20,11:20,11,12.873,blue.ruin.1,1.124879808,5.145294471
23,8/3/2021 11:30,11:30,11,12.873,blue.ruin.1,1.175353774,5.214506486
23,8/3/2021 11:40,11:40,11,12.999,blue.ruin.1,1.078125,5.32696875
23,8/3/2021 11:55,11:55,11,12.999,blue.ruin.1,1.117545872,NA
23,8/3/2021 12:05,12:05,12,12.999,blue.ruin.1,1.073920455,5.427232386
23,8/3/2021 12:20,12:20,12,13.061,blue.ruin.1,0.949496644,5.549313606
23,8/3/2021 12:30,12:30,12,13.061,blue.ruin.1,1.055863539,5.411391791
23,8/3/2021 12:40,12:40,12,12.999,blue.ruin.1,1.078125,5.43471875
23,8/3/2021 12:55,12:55,12,12.999,blue.ruin.1,1.094414894,5.405066489
23,8/3/2021 13:05,13:05,13,12.999,blue.ruin.1,1.124208861,5.221796677
23,8/3/2021 13:20,13:20,13,13.124,blue.ruin.1,1.246881497,4.870765073
23,8/3/2021 13:30,13:30,13,13.249,blue.ruin.1,1.211411992,4.772217118
23,8/3/2021 13:40,13:40,13,13.312,blue.ruin.1,1.214269663,4.96548764
23,8/3/2021 13:55,13:55,13,13.374,blue.ruin.1,1.259259259,4.748023148
23,8/3/2021 14:05,14:05,14,13.437,blue.ruin.1,1.233,4.84438
23,8/3/2021 14:20,14:20,14,13.499,blue.ruin.1,1.154792746,4.920861075
23,8/3/2021 14:30,14:30,14,13.499,blue.ruin.1,1.091275168,4.941218121
23,8/3/2021 14:40,14:40,14,13.562,blue.ruin.1,1.084924623,4.876621859
23,8/3/2021 14:55,14:55,14,13.562,blue.ruin.1,1.089966555,4.825867893
23,8/3/2021 15:05,15:05,15,13.625,blue.ruin.1,1.08647541,4.807122951
23,8/3/2021 15:20,15:20,15,13.625,blue.ruin.1,1.192281106,4.699512385
23,8/3/2021 15:30,15:30,15,13.625,blue.ruin.1,1.257075472,4.465955189
23,8/3/2021 15:40,15:40,15,13.625,blue.ruin.1,1.249074074,4.756166667
23,8/3/2021 15:55,15:55,15,13.562,blue.ruin.1,1.286721992,4.501362552
23,8/3/2021 16:05,16:05,16,13.625,blue.ruin.1,1.206380753,4.396188808
23,8/3/2021 16:20,16:20,16,13.562,blue.ruin.1,1.177922078,4.414043831
23,8/3/2021 16:30,16:30,16,13.562,blue.ruin.1,1.155021834,4.367038755
23,8/3/2021 16:40,16:40,16,13.562,blue.ruin.1,1.056521739,4.448005435
23,8/3/2021 16:55,16:55,16,13.562,blue.ruin.1,0.99488189,4.41980315
23,8/3/2021 17:05,17:05,17,13.499,blue.ruin.1,1.050331126,4.34789404
23,8/3/2021 17:20,17:20,17,13.499,blue.ruin.1,1.043076923,4.145334615
23,8/3/2021 17:30,17:30,17,13.499,blue.ruin.1,1.026130653,4.185273241
23,8/3/2021 17:40,17:40,17,13.499,blue.ruin.1,1.036571429,4.103512143
23,8/3/2021 17:55,17:55,17,13.374,blue.ruin.1,1.166521739,3.970456522
23,8/3/2021 18:05,18:05,18,13.437,blue.ruin.1,1.092941176,3.909947059
23,8/3/2021 18:20,18:20,18,13.437,blue.ruin.1,1.091627907,3.766247674
23,8/3/2021 18:30,18:30,18,13.437,blue.ruin.1,1.062962963,3.768833333
23,8/3/2021 18:40,18:40,18,13.374,blue.ruin.1,1.103781513,3.755804622
23,8/3/2021 18:55,18:55,18,13.374,blue.ruin.1,1.060526316,3.718
23,8/3/2021 19:05,19:05,19,13.312,blue.ruin.1,1.074022346,3.699460894
23,8/3/2021 19:20,19:20,19,13.312,blue.ruin.1,1.054918033,3.604065574
23,8/3/2021 19:30,19:30,19,13.249,blue.ruin.1,1.068586387,3.547981675
23,8/3/2021 19:40,19:40,19,13.249,blue.ruin.1,1.045142857,3.475262857
23,8/3/2021 19:55,19:55,19,13.186,blue.ruin.1,1.014534884,3.438545058
23,8/3/2021 20:05,20:05,20,13.186,blue.ruin.1,0.988636364,3.356329545
23,8/3/2021 20:20,20:20,20,13.124,blue.ruin.1,1.042307692,3.288461538
23,8/3/2021 20:30,20:30,20,13.124,blue.ruin.1,1.01,3.2722
23,8/3/2021 20:40,20:40,20,13.061,blue.ruin.1,1.038392857,3.217845982
23,8/3/2021 20:55,20:55,20,12.999,blue.ruin.1,1.047115385,3.0253125
23,8/3/2021 21:05,21:05,21,13.186,blue.ruin.1,0.943408871,3.096910322
23,8/3/2021 21:20,21:20,21,12.936,blue.ruin.1,1.111842105,2.896881579
23,8/3/2021 21:30,21:30,21,15.001,blue.ruin.1,0.82753955,3.616950269
23,8/3/2021 21:40,21:40,21,12.999,blue.ruin.1,0.97114094,2.777938758
23,8/3/2021 21:55,21:55,21,12.873,blue.ruin.1,1.097247706,2.793863532
23,8/3/2021 22:05,22:05,22,12.873,blue.ruin.1,1.021276596,2.817305851
23,8/3/2021 22:20,22:20,22,12.873,blue.ruin.1,0.991715976,2.777300296
23,8/3/2021 22:30,22:30,22,12.811,blue.ruin.1,1.017431193,2.768037844
23,8/3/2021 22:40,22:40,22,13.312,blue.ruin.1,0.915163195,2.783473989
23,8/3/2021 22:55,22:55,22,12.748,blue.ruin.1,1.042307692,2.703923077
23,8/3/2021 23:05,23:05,23,12.748,blue.ruin.1,1.013934426,2.705594262
23,8/3/2021 23:20,23:20,23,12.748,blue.ruin.1,0.997058824,2.693647059
23,8/3/2021 23:30,23:30,23,12.748,blue.ruin.1,0.988095238,2.697047619
23,8/3/2021 23:40,23:40,23,12.686,blue.ruin.1,1.061904762,2.669440476
23,8/3/2021 23:55,23:55,23,12.873,blue.ruin.1,0.941892538,2.67474084
23,8/4/2021 0:05,0:05,0,12.623,blue.ruin.1,1.080970149,2.627080224
23,8/4/2021 0:20,0:20,0,12.623,blue.ruin.1,1.055434783,2.614959239
23,8/4/2021 0:30,0:30,0,12.623,blue.ruin.1,1.031338028,2.643050176
23,8/4/2021 0:40,0:40,0,12.56,blue.ruin.1,1.076506024,2.654156627
23,8/4/2021 0:55,0:55,0,12.56,blue.ruin.1,1.097887324,2.618838028
23,8/4/2021 1:05,1:05,1,12.56,blue.ruin.1,1.098351648,2.608186813
23,8/4/2021 1:20,1:20,1,12.56,blue.ruin.1,1.130745342,2.63088354
23,8/4/2021 1:30,1:30,1,12.56,blue.ruin.1,1.130745342,2.640490683
23,8/4/2021 1:40,1:40,1,12.56,blue.ruin.1,1.130745342,2.645284161
23,8/4/2021 1:55,1:55,1,13.186,blue.ruin.1,0.92861137,2.592388376
23,8/4/2021 2:05,2:05,2,12.623,blue.ruin.1,1.089102564,2.604860577
23,8/4/2021 2:20,2:20,2,12.56,blue.ruin.1,1.207360406,2.656510152
23,8/4/2021 2:30,2:30,2,12.56,blue.ruin.1,1.185135135,2.638777027
23,8/4/2021 2:40,2:40,2,12.498,blue.ruin.1,1.232786885,2.641096311
23,8/4/2021 2:55,2:55,2,12.498,blue.ruin.1,1.190604027,2.666843121
23,8/4/2021 3:05,3:05,3,12.686,blue.ruin.1,0.989320388,2.591402913
23,8/4/2021 3:20,3:20,3,12.623,blue.ruin.1,1,2.605
23,8/4/2021 3:30,3:30,3,12.435,blue.ruin.1,1.215224913,2.695535035
23,8/4/2021 3:40,3:40,3,12.435,blue.ruin.1,1.178947368,2.653197368
23,8/4/2021 3:55,3:55,3,12.435,blue.ruin.1,1.138870432,2.625328904
23,8/4/2021 4:05,4:05,4,12.435,blue.ruin.1,1.138870432,2.610050664
23,8/4/2021 4:20,4:20,4,12.373,blue.ruin.1,1.255076923,2.602540769
23,8/4/2021 4:30,4:30,4,12.373,blue.ruin.1,1.231561462,2.625730897
23,8/4/2021 4:40,4:40,4,12.435,blue.ruin.1,1.165217391,2.528070652
23,8/4/2021 4:55,4:55,4,12.435,blue.ruin.1,1.190243902,2.63970122
23,8/4/2021 5:05,5:05,5,12.435,blue.ruin.1,1.190243902,2.61267378
23,8/4/2021 5:20,5:20,5,12.435,blue.ruin.1,1.161643836,2.660953767
23,8/4/2021 5:30,5:30,5,12.435,blue.ruin.1,1.136448598,2.557246495
23,8/4/2021 5:40,5:40,5,12.435,blue.ruin.1,1.161643836,2.667409247
23,8/4/2021 5:55,5:55,5,12.498,blue.ruin.1,1.093809524,2.592264286
23,8/4/2021 6:05,6:05,6,12.498,blue.ruin.1,1.095714286,2.608814286
23,8/4/2021 6:20,6:20,6,12.498,blue.ruin.1,1.09635514,2.539997196
23,8/4/2021 6:30,6:30,6,12.498,blue.ruin.1,1.096486486,2.641890541
23,8/4/2021 6:40,6:40,6,12.498,blue.ruin.1,1.096608696,2.615393913
23,8/4/2021 6:55,6:55,6,12.498,blue.ruin.1,1.114183381,2.655597421
23,8/4/2021 7:05,7:05,7,12.498,blue.ruin.1,1.114183381,2.708881089
23,8/4/2021 7:20,7:20,7,12.435,blue.ruin.1,1.201215805,2.791353343
23,8/4/2021 7:30,7:30,7,12.435,blue.ruin.1,1.195415473,2.874358166
23,8/4/2021 7:40,7:40,7,12.498,blue.ruin.1,1.148502994,2.959625749
23,8/4/2021 7:55,7:55,7,12.498,blue.ruin.1,1.175418994,3.074244413
23,8/4/2021 8:05,8:05,8,12.498,blue.ruin.1,1.20441989,2.663844613
23,8/4/2021 8:20,8:20,8,12.623,blue.ruin.1,1.109545455,3.2462375
23,8/4/2021 8:30,8:30,8,12.623,blue.ruin.1,1.177830189,3.080424528
23,8/4/2021 8:40,8:40,8,12.686,blue.ruin.1,1.125247525,3.368507426
23,8/4/2021 8:55,8:55,8,12.748,blue.ruin.1,1.176755853,3.589005017
23,8/4/2021 9:05,9:05,9,12.811,blue.ruin.1,1.18681672,3.415137058
23,8/4/2021 9:20,9:20,9,12.873,blue.ruin.1,1.1705,3.93775125
23,8/4/2021 9:30,9:30,9,12.873,blue.ruin.1,1.238798701,3.954237825
23,8/4/2021 9:40,9:40,9,12.936,blue.ruin.1,1.192647059,4.197279412
23,8/4/2021 9:55,9:55,9,13.061,blue.ruin.1,1.104440789,4.483975329
23,8/4/2021 10:05,10:05,10,13.061,blue.ruin.1,1.207886435,3.776835568
23,8/4/2021 10:20,10:20,10,13.186,blue.ruin.1,1.212204724,4.507822835
23,8/4/2021 10:30,10:30,10,13.186,blue.ruin.1,1.257334963,3.680718215
23,8/4/2021 10:40,10:40,10,13.312,blue.ruin.1,1.195130641,NA
23,8/4/2021 10:55,10:55,10,13.312,blue.ruin.1,1.225555556,4.850933333
23,8/4/2021 11:05,11:05,11,13.437,blue.ruin.1,1.114634146,4.415716463
23,8/4/2021 11:20,11:20,11,13.437,blue.ruin.1,1.237451362,4.752233706
23,8/4/2021 11:30,11:30,11,13.499,blue.ruin.1,1.186538462,5.046903846
23,8/4/2021 11:40,11:40,11,13.499,blue.ruin.1,1.228187251,5.007007968
23,8/4/2021 11:55,11:55,11,13.499,blue.ruin.1,1.268529412,5.040781618
23,8/4/2021 12:05,12:05,12,13.499,blue.ruin.1,1.260074627,5.011554104
23,8/4/2021 12:20,12:20,12,13.499,blue.ruin.1,1.307625483,4.936041264
23,8/4/2021 12:30,12:30,12,13.625,blue.ruin.1,1.213745387,5.25724262
23,8/4/2021 12:40,12:40,12,13.562,blue.ruin.1,1.228,5.08238
23,8/4/2021 12:55,12:55,12,13.625,blue.ruin.1,1.206380753,5.103772751
23,8/4/2021 13:05,13:05,13,13.687,blue.ruin.1,1.188043478,5.104720109
23,8/4/2021 13:20,13:20,13,13.687,blue.ruin.1,1.208529412,5.172960294
23,8/4/2021 13:30,13:30,13,13.75,blue.ruin.1,1.138028169,5.139665493
23,8/4/2021 13:40,13:40,13,13.687,blue.ruin.1,1.22872093,4.920372965
23,8/4/2021 13:55,13:55,13,13.75,blue.ruin.1,1.20167364,4.958286088
23,8/4/2021 14:05,14:05,14,13.687,blue.ruin.1,1.2680131,5.036173308
23,8/4/2021 14:20,14:20,14,13.687,blue.ruin.1,1.245704846,4.673016244
23,8/4/2021 14:30,14:30,14,13.687,blue.ruin.1,1.167899408,4.798909763
23,8/4/2021 14:40,14:40,14,13.687,blue.ruin.1,1.136377246,4.699751123
23,8/4/2021 14:55,14:55,14,13.687,blue.ruin.1,1.103857143,4.628451429
23,8/4/2021 15:05,15:05,15,13.687,blue.ruin.1,1.160714286,4.7460625
23,8/4/2021 15:20,15:20,15,13.687,blue.ruin.1,1.22872093,4.210053198
23,8/4/2021 15:30,15:30,15,13.625,blue.ruin.1,1.328930131,4.472331605
23,8/4/2021 15:40,15:40,15,13.625,blue.ruin.1,1.310542169,4.489508283
23,8/4/2021 15:55,15:55,15,13.625,blue.ruin.1,1.27712766,4.225106383
23,8/4/2021 16:05,16:05,16,13.625,blue.ruin.1,1.269897959,4.350984694
23,8/4/2021 16:20,16:20,16,13.625,blue.ruin.1,1.221650718,4.406567285
23,8/4/2021 16:30,16:30,16,13.625,blue.ruin.1,1.21609589,4.244503425
23,8/4/2021 16:40,16:40,16,13.625,blue.ruin.1,1.171341463,4.413519817
23,8/4/2021 16:55,16:55,16,13.625,blue.ruin.1,1.099559194,4.279326196
23,8/4/2021 17:05,17:05,17,13.562,blue.ruin.1,1.110909091,4.141281818
23,8/4/2021 17:20,17:20,17,13.562,blue.ruin.1,1.110285714,4.206268571
23,8/4/2021 17:30,17:30,17,13.499,blue.ruin.1,1.157786885,4.298445697
23,8/4/2021 17:40,17:40,17,13.562,blue.ruin.1,1.097167139,4.25671813
23,8/4/2021 17:55,17:55,17,13.499,blue.ruin.1,1.09982384,4.225201189
23,8/4/2021 18:05,18:05,18,13.499,blue.ruin.1,1.09737727,4.191838013
23,8/4/2021 18:20,18:20,18,13.437,blue.ruin.1,1.098414097,4.084308811
23,8/4/2021 18:30,18:30,18,13.374,blue.ruin.1,1.13365651,4.096950139
23,8/4/2021 18:40,18:40,18,13.312,blue.ruin.1,1.173677582,3.956120907
23,8/4/2021 18:55,18:55,18,13.312,blue.ruin.1,1.120731707,3.961829268
23,8/4/2021 19:05,19:05,19,13.249,blue.ruin.1,1.139889197,3.87496295
23,8/4/2021 19:20,19:20,19,13.186,blue.ruin.1,1.12965616,3.800832378
23,8/4/2021 19:30,19:30,19,13.124,blue.ruin.1,1.175205479,3.73259863
23,8/4/2021 19:40,19:40,19,13.061,blue.ruin.1,1.195798319,3.665535714
23,8/4/2021 19:55,19:55,19,12.999,blue.ruin.1,1.1615,3.567515
23,8/4/2021 20:05,20:05,20,12.999,blue.ruin.1,1.095766129,3.540396673
23,8/4/2021 20:20,20:20,20,12.936,blue.ruin.1,1.112676056,3.385431338
23,8/4/2021 20:30,20:30,20,12.936,blue.ruin.1,1.073214286,3.302584821
23,8/4/2021 20:40,20:40,20,12.873,blue.ruin.1,1.1375,3.21890625
23,8/4/2021 20:55,20:55,20,12.873,blue.ruin.1,1.077456647,3.095539017
23,8/4/2021 21:05,21:05,21,12.873,blue.ruin.1,1.057627119,3.022555085
23,8/4/2021 21:20,21:20,21,12.748,blue.ruin.1,1.144181818,2.8599
23,8/4/2021 21:30,21:30,21,12.748,blue.ruin.1,1.141186441,2.875623729
23,8/4/2021 21:40,21:40,21,12.686,blue.ruin.1,1.194051447,2.797156752
23,8/4/2021 21:55,21:55,21,12.748,blue.ruin.1,1.083678756,2.783238342
23,8/4/2021 22:05,22:05,22,12.873,blue.ruin.1,0.955932203,2.769614407
23,8/4/2021 22:20,22:20,22,12.748,blue.ruin.1,1.031553398,2.726728155
23,8/4/2021 22:30,22:30,22,12.686,blue.ruin.1,1.071084337,2.719081325
23,8/4/2021 22:40,22:40,22,12.623,blue.ruin.1,1.110862069,2.699759483
23,8/4/2021 22:55,22:55,22,12.686,blue.ruin.1,1.031034483,2.672762931
23,8/4/2021 23:05,23:05,23,13.249,blue.ruin.1,0.911563319,2.706124017
23,8/4/2021 23:20,23:20,23,12.56,blue.ruin.1,1.135106383,2.67637766
23,8/4/2021 23:30,23:30,23,12.56,blue.ruin.1,1.098148148,2.658518519
23,8/4/2021 23:40,23:40,23,12.56,blue.ruin.1,1.098148148,2.642222222
23,8/4/2021 23:55,23:55,23,12.498,blue.ruin.1,1.119879518,2.62803012
23,8/5/2021 0:05,0:05,0,12.56,blue.ruin.1,1.073287671,2.629246575
23,8/5/2021 0:20,0:20,0,12.435,blue.ruin.1,1.20776699,2.634154126
23,8/5/2021 0:30,0:30,0,12.623,blue.ruin.1,0.993846154,2.582057692
23,8/5/2021 0:40,0:40,0,12.498,blue.ruin.1,1.088857143,2.612911429
23,8/5/2021 0:55,0:55,0,12.498,blue.ruin.1,1.085555556,2.578983333
23,8/5/2021 1:05,1:05,1,12.435,blue.ruin.1,1.178947368,2.613736842
23,8/5/2021 1:20,1:20,1,12.435,blue.ruin.1,1.144827586,2.618189655
23,8/5/2021 1:30,1:30,1,12.435,blue.ruin.1,1.144827586,2.609163793
23,8/5/2021 1:40,1:40,1,12.435,blue.ruin.1,1.141637011,2.603057384
23,8/5/2021 1:55,1:55,1,12.373,blue.ruin.1,1.203971119,2.589048285
23,8/5/2021 2:05,2:05,2,12.435,blue.ruin.1,1.07755102,2.572206633
23,8/5/2021 2:20,2:20,2,12.373,blue.ruin.1,1.190851735,2.60576183
23,8/5/2021 2:30,2:30,2,12.373,blue.ruin.1,1.165934066,2.621027473
23,8/5/2021 2:40,2:40,2,12.373,blue.ruin.1,1.161433447,2.626029863
23,8/5/2021 2:55,2:55,2,12.373,blue.ruin.1,1.165934066,2.637222527
23,8/5/2021 3:05,3:05,3,12.373,blue.ruin.1,1.161433447,2.628230375
23,8/5/2021 3:20,3:20,3,12.31,blue.ruin.1,1.192045455,2.559426136
23,8/5/2021 3:30,3:30,3,12.31,blue.ruin.1,1.199590164,NA
23,8/5/2021 3:40,3:40,3,12.373,blue.ruin.1,1.124913495,NA
23,8/5/2021 3:55,3:55,3,12.31,blue.ruin.1,1.192045455,2.514553977
23,8/5/2021 4:05,4:05,4,12.31,blue.ruin.1,1.192045455,2.599619318
23,8/5/2021 4:20,4:20,4,12.31,blue.ruin.1,1.151923077,2.610072115
23,8/5/2021 4:30,4:30,4,12.31,blue.ruin.1,1.18556338,2.533476232
23,8/5/2021 4:40,4:40,4,12.31,blue.ruin.1,1.148214286,2.574598214
23,8/5/2021 4:55,4:55,4,12.31,blue.ruin.1,1.110546875,2.516754883
23,8/5/2021 5:05,5:05,5,12.31,blue.ruin.1,1.109782609,2.601516304
23,8/5/2021 5:20,5:20,5,12.31,blue.ruin.1,1.109782609,2.584339674
23,8/5/2021 5:30,5:30,5,12.247,blue.ruin.1,1.2125,2.60728125
23,8/5/2021 5:40,5:40,5,12.247,blue.ruin.1,1.2125,2.600375
23,8/5/2021 5:55,5:55,5,12.31,blue.ruin.1,1.075,2.5821875
23,8/5/2021 6:05,6:05,6,12.31,blue.ruin.1,1.075,2.5640625
23,8/5/2021 6:20,6:20,6,12.247,blue.ruin.1,1.2125,2.60628125
23,8/5/2021 6:30,6:30,6,12.247,blue.ruin.1,1.174448529,2.583607077
23,8/5/2021 6:40,6:40,6,12.247,blue.ruin.1,1.169349315,2.585416952
23,8/5/2021 6:55,6:55,6,12.247,blue.ruin.1,1.204898649,2.614263091
23,8/5/2021 7:05,7:05,7,12.31,blue.ruin.1,1.058552632,2.595509868
23,8/5/2021 7:20,7:20,7,12.31,blue.ruin.1,1.109121622,2.636831081
23,8/5/2021 7:30,7:30,7,12.31,blue.ruin.1,1.109121622,2.719217905
23,8/5/2021 7:40,7:40,7,12.31,blue.ruin.1,1.109121622,2.783305743
23,8/5/2021 7:55,7:55,7,12.31,blue.ruin.1,1.110546875,2.934918945
23,8/5/2021 8:05,8:05,8,12.31,blue.ruin.1,1.145,3.02755
23,8/5/2021 8:20,8:20,8,12.31,blue.ruin.1,1.18556338,3.165889085
23,8/5/2021 8:30,8:30,8,12.373,blue.ruin.1,1.123300971,3.25206068
23,8/5/2021 8:40,8:40,8,12.31,blue.ruin.1,1.215048544,3.374820388
23,8/5/2021 8:55,8:55,8,12.31,blue.ruin.1,1.258191126,3.44059215
23,8/5/2021 9:05,9:05,9,12.373,blue.ruin.1,1.126765799,3.591781134
23,8/5/2021 9:20,9:20,9,12.373,blue.ruin.1,1.165934066,3.653421703
23,8/5/2021 9:30,9:30,9,12.373,blue.ruin.1,1.165934066,3.687535714
23,8/5/2021 9:40,9:40,9,12.373,blue.ruin.1,1.203971119,3.693013087
23,8/5/2021 9:55,9:55,9,12.435,blue.ruin.1,1.138870432,3.800100914
23,8/5/2021 10:05,10:05,10,12.435,blue.ruin.1,1.173770492,3.859655738
23,8/5/2021 10:20,10:20,10,12.435,blue.ruin.1,1.173770492,3.88560041
23,8/5/2021 10:30,10:30,10,12.435,blue.ruin.1,1.138870432,3.974519103
23,8/5/2021 10:40,10:40,10,12.498,blue.ruin.1,1.029746835,4.125531646
23,8/5/2021 10:55,10:55,10,12.435,blue.ruin.1,1.173770492,3.979797131
23,8/5/2021 11:05,11:05,11,12.498,blue.ruin.1,1.064545455,4.124045455
23,8/5/2021 11:20,11:20,11,12.435,blue.ruin.1,1.144827586,4.102737069
23,8/5/2021 11:30,11:30,11,12.435,blue.ruin.1,1.144827586,4.10062069
23,8/5/2021 11:40,11:40,11,12.435,blue.ruin.1,1.144827586,4.14325431
23,8/5/2021 11:55,11:55,11,12.435,blue.ruin.1,1.141637011,4.087396352
23,8/5/2021 12:05,12:05,12,12.435,blue.ruin.1,1.103249097,4.149127256
23,8/5/2021 12:20,12:20,12,12.435,blue.ruin.1,1.050746269,4.154496269
23,8/5/2021 12:30,12:30,12,12.435,blue.ruin.1,1.029787234,4.199441489
23,8/5/2021 12:40,12:40,12,12.435,blue.ruin.1,1.029787234,4.136422872
23,8/5/2021 12:55,12:55,12,12.435,blue.ruin.1,0.964705882,4.173823529
23,8/5/2021 13:05,13:05,13,12.435,blue.ruin.1,0.942160279,4.142872981
23,8/5/2021 13:20,13:20,13,12.373,blue.ruin.1,1.0625,3.95525
23,8/5/2021 13:30,13:30,13,12.435,blue.ruin.1,0.964705882,4.033970588
23,8/5/2021 13:40,13:40,13,12.373,blue.ruin.1,1.123300971,3.730622573
23,8/5/2021 13:55,13:55,13,12.435,blue.ruin.1,1.161643836,3.509460616
23,8/5/2021 14:05,14:05,14,12.373,blue.ruin.1,1.182105263,3.951782895
23,8/5/2021 14:20,14:20,14,12.435,blue.ruin.1,1.225847458,4.118630297
23,8/5/2021 14:30,14:30,14,12.498,blue.ruin.1,1.148502994,4.257723802
23,8/5/2021 14:40,14:40,14,12.56,blue.ruin.1,0.939247312,4.455307918
23,8/5/2021 14:55,14:55,14,12.498,blue.ruin.1,1.155102041,4.364645408
23,8/5/2021 15:05,15:05,15,12.56,blue.ruin.1,1.015217391,4.554076087
23,8/5/2021 15:20,15:20,15,12.56,blue.ruin.1,1.015217391,4.605543478
23,8/5/2021 15:30,15:30,15,12.56,blue.ruin.1,1.040909091,4.671136364
23,8/5/2021 15:40,15:40,15,12.498,blue.ruin.1,1.190604027,4.409395134
23,8/5/2021 15:55,15:55,15,12.498,blue.ruin.1,1.13,4.56115
23,8/5/2021 16:05,16:05,16,12.498,blue.ruin.1,1.210526316,4.479052632
23,8/5/2021 16:20,16:20,16,12.498,blue.ruin.1,1.20441989,4.467169199
23,8/5/2021 16:30,16:30,16,12.498,blue.ruin.1,1.175418994,4.55090014
23,8/5/2021 16:40,16:40,16,12.498,blue.ruin.1,1.116019417,4.594330097
23,8/5/2021 16:55,16:55,16,12.498,blue.ruin.1,1.074,4.65849
23,8/5/2021 17:05,17:05,17,12.435,blue.ruin.1,1.173770492,4.64875
23,8/5/2021 17:20,17:20,17,12.435,blue.ruin.1,1.144827586,4.648961207
23,8/5/2021 17:30,17:30,17,12.498,blue.ruin.1,0.957692308,4.910557692
23,8/5/2021 17:40,17:40,17,12.435,blue.ruin.1,1.141637011,4.645784698
23,8/5/2021 17:55,17:55,17,12.623,blue.ruin.1,0.825337838,4.762137592
23,8/5/2021 18:05,18:05,18,12.435,blue.ruin.1,1.062068966,4.666465517
23,8/5/2021 18:20,18:20,18,12.435,blue.ruin.1,1.002816901,4.68272007
23,8/5/2021 18:30,18:30,18,12.373,blue.ruin.1,1.124913495,4.422589533
23,8/5/2021 18:40,18:40,18,12.373,blue.ruin.1,1.075892857,4.359459821
23,8/5/2021 18:55,18:55,18,12.373,blue.ruin.1,0.96640625,4.570650391
23,8/5/2021 19:05,19:05,19,12.373,blue.ruin.1,0.97625,4.468184375
23,8/5/2021 19:20,19:20,19,12.31,blue.ruin.1,1.151923077,3.572139423
23,8/5/2021 19:30,19:30,19,12.31,blue.ruin.1,1.111440678,3.994737288
23,8/5/2021 19:40,19:40,19,12.31,blue.ruin.1,1.151923077,3.834879808
23,8/5/2021 19:55,19:55,19,12.31,blue.ruin.1,1.148214286,3.822183036
23,8/5/2021 20:05,20:05,20,12.435,blue.ruin.1,1.008189655,3.97315194
23,8/5/2021 20:20,20:20,20,12.373,blue.ruin.1,1.124913495,3.648676903
23,8/5/2021 20:30,20:30,20,12.373,blue.ruin.1,1.090073529,3.58257261
23,8/5/2021 20:40,20:40,20,12.31,blue.ruin.1,1.151923077,3.394447115
23,8/5/2021 20:55,20:55,20,12.31,blue.ruin.1,1.148214286,3.246334821
23,8/5/2021 21:05,21:05,21,12.247,blue.ruin.1,1.2125,3.08653125
23,8/5/2021 21:20,21:20,21,12.247,blue.ruin.1,1.174448529,3.035992188
23,8/5/2021 21:30,21:30,21,12.247,blue.ruin.1,1.138104839,2.982185484
23,8/5/2021 21:40,21:40,21,12.247,blue.ruin.1,1.093814433,2.928903351
23,8/5/2021 21:55,21:55,21,12.247,blue.ruin.1,1.089473684,2.881197368
23,8/5/2021 22:05,22:05,22,12.247,blue.ruin.1,1.089473684,2.782967105
23,8/5/2021 22:20,22:20,22,12.247,blue.ruin.1,1.089473684,2.781322368
23,8/5/2021 22:30,22:30,22,12.247,blue.ruin.1,1.058415842,2.770157178
23,8/5/2021 22:40,22:40,22,12.247,blue.ruin.1,1.048148148,2.810921296
23,8/5/2021 22:55,22:55,22,12.247,blue.ruin.1,1.048148148,2.802087963
23,8/5/2021 23:05,23:05,23,12.247,blue.ruin.1,1.031147541,2.741944672
23,8/5/2021 23:20,23:20,23,12.185,blue.ruin.1,1.119148936,2.726617021
23,8/5/2021 23:30,23:30,23,12.686,blue.ruin.1,0.826720648,2.725863084
23,8/5/2021 23:40,23:40,23,12.247,blue.ruin.1,0.971910112,2.692167135
23,8/5/2021 23:55,23:55,23,12.31,blue.ruin.1,0.936903376,2.703333686
23,8/6/2021 0:05,0:05,0,12.185,blue.ruin.1,1.076404494,2.638398876
23,8/6/2021 0:20,0:20,0,12.185,blue.ruin.1,1.076404494,2.670744382
23,8/6/2021 0:30,0:30,0,12.185,blue.ruin.1,1.069565217,2.665217391
23,8/6/2021 0:40,0:40,0,12.185,blue.ruin.1,1.076404494,2.685688202
23,8/6/2021 0:55,0:55,0,12.185,blue.ruin.1,1.038709677,2.683548387
23,8/6/2021 1:05,1:05,1,12.247,blue.ruin.1,0.971910112,2.614820225
23,8/6/2021 1:20,1:20,1,12.185,blue.ruin.1,1.069565217,2.631548913
23,8/6/2021 1:30,1:30,1,12.185,blue.ruin.1,1.038709677,2.635100806
23,8/6/2021 1:40,1:40,1,12.122,blue.ruin.1,1.145546559,2.672265182
23,8/6/2021 1:55,1:55,1,12.122,blue.ruin.1,1.149559471,2.679002203
23,8/6/2021 2:05,2:05,2,12.247,blue.ruin.1,0.947494033,2.690729008
23,8/6/2021 2:20,2:20,2,12.122,blue.ruin.1,1.145546559,2.701732794
23,8/6/2021 2:30,2:30,2,12.31,blue.ruin.1,0.917677574,2.688227527
23,8/6/2021 2:40,2:40,2,12.122,blue.ruin.1,1.145546559,2.683688259
23,8/6/2021 2:55,2:55,2,12.122,blue.ruin.1,1.145546559,2.660222672
23,8/6/2021 3:05,3:05,3,12.122,blue.ruin.1,1.145546559,2.693422065
23,8/6/2021 3:20,3:20,3,12.122,blue.ruin.1,1.145546559,2.65742004
23,8/6/2021 3:30,3:30,3,12.122,blue.ruin.1,1.13375,2.534628125
23,8/6/2021 3:40,3:40,3,12.122,blue.ruin.1,1.145546559,2.637821862
23,8/6/2021 3:55,3:55,3,12.185,blue.ruin.1,1.021917808,2.624066781
23,8/6/2021 4:05,4:05,4,12.122,blue.ruin.1,1.145546559,2.587066802
23,8/6/2021 4:20,4:20,4,12.122,blue.ruin.1,1.145546559,2.648310729
23,8/6/2021 4:30,4:30,4,12.122,blue.ruin.1,1.106,2.64939
23,8/6/2021 4:40,4:40,4,12.122,blue.ruin.1,1.145546559,2.656887652
23,8/6/2021 4:55,4:55,4,12.122,blue.ruin.1,1.106,2.61064
23,8/6/2021 5:05,5:05,5,12.122,blue.ruin.1,1.09625,2.593546875
23,8/6/2021 5:20,5:20,5,12.122,blue.ruin.1,1.142134831,2.557730337
23,8/6/2021 5:30,5:30,5,12.122,blue.ruin.1,1.064705882,2.617742647
23,8/6/2021 5:40,5:40,5,12.122,blue.ruin.1,1.106,2.58476
23,8/6/2021 5:55,5:55,5,12.122,blue.ruin.1,1.066,2.59839
23,8/6/2021 6:05,6:05,6,12.185,blue.ruin.1,0.978846154,2.601490385
23,8/6/2021 6:20,6:20,6,12.122,blue.ruin.1,1.142134831,2.591441011
23,8/6/2021 6:30,6:30,6,12.185,blue.ruin.1,0.947229064,2.580957232
23,8/6/2021 6:40,6:40,6,12.122,blue.ruin.1,1.066,2.62305
23,8/6/2021 6:55,6:55,6,12.122,blue.ruin.1,1.074285714,2.678642857
23,8/6/2021 7:05,7:05,7,12.185,blue.ruin.1,0.947054974,2.661070919
23,8/6/2021 7:20,7:20,7,12.185,blue.ruin.1,1.021917808,2.65625
23,8/6/2021 7:30,7:30,7,12.185,blue.ruin.1,1.021917808,2.738989726
23,8/6/2021 7:40,7:40,7,12.185,blue.ruin.1,1.076404494,2.802865169
23,8/6/2021 7:55,7:55,7,12.185,blue.ruin.1,1.119148936,2.951989362
23,8/6/2021 8:05,8:05,8,12.185,blue.ruin.1,1.199239544,2.99620057
23,8/6/2021 8:20,8:20,8,12.185,blue.ruin.1,1.239365672,3.194171642
23,8/6/2021 8:30,8:30,8,12.247,blue.ruin.1,1.138104839,3.228589214
23,8/6/2021 8:40,8:40,8,12.247,blue.ruin.1,1.138104839,3.331314012
23,8/6/2021 8:55,8:55,8,12.31,blue.ruin.1,1.151923077,3.485673077
23,8/6/2021 9:05,9:05,9,12.31,blue.ruin.1,1.199590164,3.596305328
23,8/6/2021 9:20,9:20,9,12.31,blue.ruin.1,1.26978022,3.785596154
23,8/6/2021 9:30,9:30,9,12.373,blue.ruin.1,1.171146245,3.887166996
23,8/6/2021 9:40,9:40,9,12.435,blue.ruin.1,1.18490566,3.903200472
23,8/6/2021 9:55,9:55,9,12.435,blue.ruin.1,1.274056604,4.126833726
23,8/6/2021 10:05,10:05,10,12.498,blue.ruin.1,1.258823529,4.516948529
23,8/6/2021 10:20,10:20,10,12.498,blue.ruin.1,1.385603715,4.734
23,8/6/2021 10:30,10:30,10,12.623,blue.ruin.1,1.274018127,NA
23,8/6/2021 10:40,10:40,10,12.623,blue.ruin.1,1.374659401,5.182
23,8/6/2021 10:55,10:55,10,12.686,blue.ruin.1,1.377105263,5.186
23,8/6/2021 11:05,11:05,11,12.748,blue.ruin.1,1.31,5.1114
23,8/6/2021 11:20,11:20,11,12.811,blue.ruin.1,1.2635,NA
23,8/6/2021 11:30,11:30,11,12.873,blue.ruin.1,1.2305,NA
23,8/6/2021 11:40,11:40,11,12.936,blue.ruin.1,1.177368421,NA
23,8/6/2021 11:55,11:55,11,12.936,blue.ruin.1,1.239411765,NA
23,8/6/2021 12:05,12:05,12,12.999,blue.ruin.1,1.176875,NA
23,8/6/2021 12:20,12:20,12,13.061,blue.ruin.1,1.076428571,NA
23,8/6/2021 12:30,12:30,12,13.124,blue.ruin.1,1.027142857,NA
23,8/6/2021 12:40,12:40,12,13.186,blue.ruin.1,0.953345725,NA
23,8/6/2021 12:55,12:55,12,13.186,blue.ruin.1,1.022857143,NA
23,8/6/2021 13:05,13:05,13,13.312,blue.ruin.1,0.972119816,NA
23,8/6/2021 13:20,13:20,13,13.186,blue.ruin.1,1.16375,NA
23,8/6/2021 13:30,13:30,13,13.249,blue.ruin.1,0.973571429,5.63205
23,8/6/2021 13:40,13:40,13,13.186,blue.ruin.1,1.018,5.41099
23,8/6/2021 13:55,13:55,13,13.186,blue.ruin.1,1.018,5.34241
23,8/6/2021 14:05,14:05,14,13.124,blue.ruin.1,1.102,5.05986
23,8/6/2021 14:20,14:20,14,13.061,blue.ruin.1,1.270769231,4.408967308
23,8/6/2021 14:30,14:30,14,13.124,blue.ruin.1,1.203584906,4.536158491
23,8/6/2021 14:40,14:40,14,13.124,blue.ruin.1,1.064473684,4.822335526
23,8/6/2021 14:55,14:55,14,13.124,blue.ruin.1,1.126958525,4.457253456
23,8/6/2021 15:05,15:05,15,13.186,blue.ruin.1,1.099302326,3.956987209
23,8/6/2021 15:20,15:20,15,13.249,blue.ruin.1,1.085628743,NA
23,8/6/2021 15:30,15:30,15,13.249,blue.ruin.1,1.216504854,NA
23,8/6/2021 15:40,15:40,15,13.249,blue.ruin.1,1.222857143,3.632328571
23,8/6/2021 15:55,15:55,15,13.186,blue.ruin.1,1.365555556,3.083
23,8/6/2021 16:05,16:05,16,13.186,blue.ruin.1,1.284285714,3.715778571
23,8/6/2021 16:20,16:20,16,13.186,blue.ruin.1,1.284383954,3.705916189
23,8/6/2021 16:30,16:30,16,13.124,blue.ruin.1,1.334717608,3.409009967
23,8/6/2021 16:40,16:40,16,13.124,blue.ruin.1,1.27967033,3.493241758
23,8/6/2021 16:55,16:55,16,13.124,blue.ruin.1,1.169087137,3.57253112
23,8/6/2021 17:05,17:05,17,13.124,blue.ruin.1,1.124683544,3.713607595
23,8/6/2021 17:20,17:20,17,13.124,blue.ruin.1,1.079545455,3.793488636
23,8/6/2021 17:30,17:30,17,13.124,blue.ruin.1,1.0859375,3.708386719
23,8/6/2021 17:40,17:40,17,13.124,blue.ruin.1,1.087837838,3.450898649
23,8/6/2021 17:55,17:55,17,13.186,blue.ruin.1,1.040243902,3.531621951
23,8/6/2021 18:05,18:05,18,13.186,blue.ruin.1,1.063793103,3.502905172
23,8/6/2021 18:20,18:20,18,13.186,blue.ruin.1,1.099411765,3.369008824
23,8/6/2021 18:30,18:30,18,13.312,blue.ruin.1,1.067711172,3.379089918
23,8/6/2021 18:40,18:40,18,14.063,blue.ruin.1,0.939294504,3.502554255
23,8/6/2021 18:55,18:55,18,13.374,blue.ruin.1,1.091877256,3.294953971
23,8/6/2021 19:05,19:05,19,13.374,blue.ruin.1,1.097589901,2.979940321
23,8/6/2021 19:20,19:20,19,13.374,blue.ruin.1,1.104545455,2.911636364
23,8/6/2021 19:30,19:30,19,13.437,blue.ruin.1,1.096348884,2.91438286
23,8/6/2021 19:40,19:40,19,13.937,blue.ruin.1,1.047216495,3.075731186
23,8/6/2021 19:55,19:55,19,13.562,blue.ruin.1,1.086067797,3.023867119
23,8/6/2021 20:05,20:05,20,13.499,blue.ruin.1,1.092155477,3.068347261
23,8/6/2021 20:20,20:20,20,13.499,blue.ruin.1,1.082454458,2.977942593
23,8/6/2021 20:30,20:30,20,13.437,blue.ruin.1,1.087487587,2.96692639
23,8/6/2021 20:40,20:40,20,13.374,blue.ruin.1,1.096601942,2.955856796
23,8/6/2021 20:55,20:55,20,13.374,blue.ruin.1,1.094135534,2.880094266
23,8/6/2021 21:05,21:05,21,14.25,blue.ruin.1,0.973373052,2.84534143
23,8/6/2021 21:20,21:20,21,13.437,blue.ruin.1,1.072533062,2.713614191
23,8/6/2021 21:30,21:30,21,13.186,blue.ruin.1,1.167571885,2.588285942
23,8/6/2021 21:40,21:40,21,13.186,blue.ruin.1,1.099784173,NA
23,8/6/2021 21:55,21:55,21,13.124,blue.ruin.1,1.096456693,2.547570866
23,8/6/2021 22:05,22:05,22,13.061,blue.ruin.1,1.105113636,NA
23,8/6/2021 22:20,22:20,22,12.999,blue.ruin.1,1.09608209,NA
23,8/6/2021 22:30,22:30,22,12.999,blue.ruin.1,1.078066038,2.585966981
23,8/6/2021 22:40,22:40,22,12.936,blue.ruin.1,1.113636364,2.551409091
23,8/6/2021 22:55,22:55,22,12.873,blue.ruin.1,1.098412698,NA
23,8/6/2021 23:05,23:05,23,12.873,blue.ruin.1,1.077456647,NA
23,8/6/2021 23:20,23:20,23,12.811,blue.ruin.1,1.091044776,2.522298507
23,8/6/2021 23:30,23:30,23,12.873,blue.ruin.1,1.028292683,2.602740244
23,8/6/2021 23:40,23:40,23,12.748,blue.ruin.1,1.105378486,2.588545817
23,8/6/2021 23:55,23:55,23,12.748,blue.ruin.1,1.10498155,2.623081181
23,8/7/2021 0:05,0:05,0,12.748,blue.ruin.1,1.091076487,2.614417847
23,8/7/2021 0:20,0:20,0,12.748,blue.ruin.1,1.104639175,2.623943299
23,8/7/2021 0:30,0:30,0,12.811,blue.ruin.1,1.07799511,2.566477078
23,8/7/2021 0:40,0:40,0,12.748,blue.ruin.1,1.104639175,2.596314433
23,8/7/2021 0:55,0:55,0,12.748,blue.ruin.1,1.090540541,2.583945946
23,8/7/2021 1:05,1:05,1,13.812,blue.ruin.1,0.89164074,2.645046668
23,8/7/2021 1:20,1:20,1,12.686,blue.ruin.1,1.094594595,2.602415541
23,8/7/2021 1:30,1:30,1,12.623,blue.ruin.1,1.15492126,2.656619587
23,8/7/2021 1:40,1:40,1,12.623,blue.ruin.1,1.111666667,2.619008333
23,8/7/2021 1:55,1:55,1,12.623,blue.ruin.1,1.080970149,2.590300373
23,8/7/2021 2:05,2:05,2,12.56,blue.ruin.1,1.177819549,2.629364662
23,8/7/2021 2:20,2:20,2,12.56,blue.ruin.1,1.097058824,2.596985294
23,8/7/2021 2:30,2:30,2,12.498,blue.ruin.1,1.204651163,2.574270349
23,8/7/2021 2:40,2:40,2,12.498,blue.ruin.1,1.163779528,2.572517717
23,8/7/2021 2:55,2:55,2,12.498,blue.ruin.1,1.079473684,NA
23,8/7/2021 3:05,3:05,3,12.498,blue.ruin.1,1.079473684,2.5308
23,8/7/2021 3:20,3:20,3,12.435,blue.ruin.1,1.178947368,2.424046053
23,8/7/2021 3:30,3:30,3,12.435,blue.ruin.1,1.144827586,2.479633621
23,8/7/2021 3:40,3:40,3,12.435,blue.ruin.1,1.144827586,NA
23,8/7/2021 3:55,3:55,3,12.373,blue.ruin.1,1.171146245,NA
23,8/7/2021 4:05,4:05,4,12.373,blue.ruin.1,1.171146245,NA
23,8/7/2021 4:20,4:20,4,12.373,blue.ruin.1,1.165934066,NA
23,8/7/2021 4:30,4:30,4,12.373,blue.ruin.1,1.090073529,NA
23,8/7/2021 4:40,4:40,4,12.373,blue.ruin.1,1.088362069,NA
23,8/7/2021 4:55,4:55,4,12.373,blue.ruin.1,1.0859375,NA
23,8/7/2021 5:05,5:05,5,12.373,blue.ruin.1,1.0505,NA
23,8/7/2021 5:20,5:20,5,12.31,blue.ruin.1,1.192045455,NA
23,8/7/2021 5:30,5:30,5,12.31,blue.ruin.1,1.15625,2.538453125
23,8/7/2021 5:40,5:40,5,12.31,blue.ruin.1,1.15625,2.55453125
23,8/7/2021 5:55,5:55,5,12.31,blue.ruin.1,1.15625,2.543921875
23,8/7/2021 6:05,6:05,6,12.373,blue.ruin.1,1.0175,2.5678875
23,8/7/2021 6:20,6:20,6,12.373,blue.ruin.1,1.0175,2.5565375
23,8/7/2021 6:30,6:30,6,12.31,blue.ruin.1,1.110546875,2.581375
23,8/7/2021 6:40,6:40,6,12.31,blue.ruin.1,1.110546875,2.579333984
23,8/7/2021 6:55,6:55,6,12.31,blue.ruin.1,1.109782609,2.604366848
23,8/7/2021 7:05,7:05,7,12.31,blue.ruin.1,1.110546875,2.630973633
23,8/7/2021 7:20,7:20,7,12.31,blue.ruin.1,1.110546875,2.649735352
23,8/7/2021 7:30,7:30,7,12.31,blue.ruin.1,1.148214286,2.713745536
23,8/7/2021 7:40,7:40,7,12.31,blue.ruin.1,1.215048544,2.75288835
23,8/7/2021 7:55,7:55,7,12.31,blue.ruin.1,1.311682243,2.964619159
23,8/7/2021 8:05,8:05,8,12.31,blue.ruin.1,1.358196721,3.058
23,8/7/2021 8:20,8:20,8,12.31,blue.ruin.1,1.420418848,3.244
23,8/7/2021 8:30,8:30,8,12.373,blue.ruin.1,1.412567568,3.271
23,8/7/2021 8:40,8:40,8,12.373,blue.ruin.1,1.45720339,3.348
23,8/7/2021 8:55,8:55,8,12.498,blue.ruin.1,1.406873315,3.578
23,8/7/2021 9:05,9:05,9,12.498,blue.ruin.1,1.467798595,3.633
23,8/7/2021 9:20,9:20,9,12.56,blue.ruin.1,1.481818182,3.769
23,8/7/2021 9:30,9:30,9,12.686,blue.ruin.1,1.383258929,3.858
23,8/7/2021 9:40,9:40,9,12.623,blue.ruin.1,1.500128866,4.044
23,8/7/2021 9:55,9:55,9,12.686,blue.ruin.1,1.543382353,4.153
23,8/7/2021 10:05,10:05,10,12.748,blue.ruin.1,1.54093199,4.218
23,8/7/2021 10:20,10:20,10,12.811,blue.ruin.1,1.6,4.298
23,8/7/2021 10:30,10:30,10,12.999,blue.ruin.1,1.40795756,4.332
23,8/7/2021 10:40,10:40,10,13.061,blue.ruin.1,1.381118881,4.412
23,8/7/2021 10:55,10:55,10,12.999,blue.ruin.1,1.507913669,4.127
23,8/7/2021 11:05,11:05,11,13.186,blue.ruin.1,1.373044397,4.507
23,8/7/2021 11:20,11:20,11,13.186,blue.ruin.1,1.401195219,4.526
23,8/7/2021 11:30,11:30,11,13.249,blue.ruin.1,1.265,4.7497625
23,8/7/2021 11:40,11:40,11,13.249,blue.ruin.1,1.28,4.7063
23,8/7/2021 11:55,11:55,11,13.312,blue.ruin.1,1.246842105,4.872047368
23,8/7/2021 12:05,12:05,12,13.374,blue.ruin.1,1.193333333,5.097475
23,8/7/2021 12:20,12:20,12,13.374,blue.ruin.1,1.278235294,4.902
23,8/7/2021 12:30,12:30,12,13.437,blue.ruin.1,1.196,4.943745
23,8/7/2021 12:40,12:40,12,13.499,blue.ruin.1,1.128235294,5.233383824
23,8/7/2021 12:55,12:55,12,13.687,blue.ruin.1,1.002894737,5.470886842
23,8/7/2021 13:05,13:05,13,13.562,blue.ruin.1,1.117142857,5.190585714
23,8/7/2021 13:20,13:20,13,13.562,blue.ruin.1,1.176153846,5.096665385
23,8/7/2021 13:30,13:30,13,13.625,blue.ruin.1,0.990909091,5.468852273
23,8/7/2021 13:40,13:40,13,13.625,blue.ruin.1,0.990909091,5.460568182
23,8/7/2021 13:55,13:55,13,13.625,blue.ruin.1,1.0875,5.12590625
23,8/7/2021 14:05,14:05,14,13.625,blue.ruin.1,1.1375,5.1290625
23,8/7/2021 14:20,14:20,14,13.625,blue.ruin.1,1.154545455,4.827102273
23,8/7/2021 14:30,14:30,14,13.625,blue.ruin.1,1.189563107,4.673197209
23,8/7/2021 14:40,14:40,14,13.625,blue.ruin.1,1.181637168,4.667502765
23,8/7/2021 14:55,14:55,14,13.625,blue.ruin.1,1.045930233,4.89130814
23,8/7/2021 15:05,15:05,15,13.75,blue.ruin.1,0.93907767,5.03907767
23,8/7/2021 15:20,15:20,15,13.437,blue.ruin.1,1.235638298,4.381609043
23,8/7/2021 15:30,15:30,15,13.374,blue.ruin.1,1.276086957,4.12875
23,8/7/2021 15:40,15:40,15,13.374,blue.ruin.1,1.252047782,4.083758532
23,8/7/2021 15:55,15:55,15,13.374,blue.ruin.1,1.225464684,4.052657993
23,8/7/2021 16:05,16:05,16,13.374,blue.ruin.1,1.225464684,4.266802974
23,8/7/2021 16:20,16:20,16,13.499,blue.ruin.1,1.134271523,4.353401904
23,8/7/2021 16:30,16:30,16,13.437,blue.ruin.1,1.169527897,4.29819367
23,8/7/2021 16:40,16:40,16,13.437,blue.ruin.1,1.169527897,4.053618026
23,8/7/2021 16:55,16:55,16,13.562,blue.ruin.1,1.059876543,4.419645062
23,8/7/2021 17:05,17:05,17,14.188,blue.ruin.1,0.934625957,4.560504079
23,8/7/2021 17:20,17:20,17,13.687,blue.ruin.1,1.091530278,3.984352087
23,8/7/2021 17:30,17:30,17,13.75,blue.ruin.1,1.098141776,3.982595492
23,8/7/2021 17:40,17:40,17,14,blue.ruin.1,1.090022359,3.772755729
23,8/7/2021 17:55,17:55,17,13.937,blue.ruin.1,1.092918216,3.642760037
23,8/7/2021 18:05,18:05,18,13.875,blue.ruin.1,1.093624642,3.196018983
23,8/7/2021 18:20,18:20,18,13.812,blue.ruin.1,1.085672515,NA
23,8/7/2021 18:30,18:30,18,13.687,blue.ruin.1,1.095461095,NA
23,8/7/2021 18:40,18:40,18,13.625,blue.ruin.1,1.092801858,NA
23,8/7/2021 18:55,18:55,18,13.562,blue.ruin.1,1.088416988,NA
23,8/7/2021 19:05,19:05,19,13.499,blue.ruin.1,1.090866511,NA
23,8/7/2021 19:20,19:20,19,13.437,blue.ruin.1,1.085751979,NA
23,8/7/2021 19:30,19:30,19,13.374,blue.ruin.1,1.104873646,NA
23,8/7/2021 19:40,19:40,19,13.374,blue.ruin.1,1.085033259,NA
23,8/7/2021 19:55,19:55,19,13.312,blue.ruin.1,1.091968912,3.113764249
23,8/7/2021 20:05,20:05,20,13.312,blue.ruin.1,1.089463602,NA
23,8/7/2021 20:20,20:20,20,14.063,blue.ruin.1,0.976365442,NA
23,8/7/2021 20:30,20:30,20,13.374,blue.ruin.1,1.080178069,NA
23,8/7/2021 20:40,20:40,20,13.374,blue.ruin.1,1.077184466,NA
23,8/7/2021 20:55,20:55,20,13.249,blue.ruin.1,1.085777778,2.730956667
23,8/7/2021 21:05,21:05,21,13.124,blue.ruin.1,1.122762646,2.618498054
23,8/7/2021 21:20,21:20,21,13.061,blue.ruin.1,1.148991935,NA
23,8/7/2021 21:30,21:30,21,12.999,blue.ruin.1,1.176875,NA
23,8/7/2021 21:40,21:40,21,13.812,blue.ruin.1,0.910645899,2.888847463
23,8/7/2021 21:55,21:55,21,12.999,blue.ruin.1,1.053125,NA
23,8/7/2021 22:05,22:05,22,12.936,blue.ruin.1,1.082857143,NA
23,8/7/2021 22:20,22:20,22,12.873,blue.ruin.1,1.098224852,NA
23,8/7/2021 22:30,22:30,22,12.873,blue.ruin.1,1.077456647,NA
23,8/7/2021 22:40,22:40,22,12.873,blue.ruin.1,1.077456647,NA
23,8/7/2021 22:55,22:55,22,12.811,blue.ruin.1,1.091044776,NA
23,8/7/2021 23:05,23:05,23,12.748,blue.ruin.1,1.147647059,NA
23,8/7/2021 23:20,23:20,23,12.748,blue.ruin.1,1.10498155,NA
23,8/7/2021 23:30,23:30,23,12.748,blue.ruin.1,1.10498155,NA
23,8/7/2021 23:40,23:40,23,12.811,blue.ruin.1,1.074212034,NA
23,8/7/2021 23:55,23:55,23,12.748,blue.ruin.1,1.10498155,2.425756458
23,8/8/2021 0:05,0:05,0,12.748,blue.ruin.1,1.141186441,2.456542373
23,8/8/2021 0:20,0:20,0,12.811,blue.ruin.1,1.090769231,2.468532692
23,8/8/2021 0:30,0:30,0,12.811,blue.ruin.1,1.096791444,2.498715909
23,8/8/2021 0:40,0:40,0,12.811,blue.ruin.1,1.090769231,NA
23,8/8/2021 0:55,0:55,0,12.811,blue.ruin.1,1.088865979,2.447366495
23,8/8/2021 1:05,1:05,1,12.748,blue.ruin.1,1.138571429,NA
23,8/8/2021 1:20,1:20,1,12.748,blue.ruin.1,1.138571429,2.392085714
23,8/8/2021 1:30,1:30,1,12.811,blue.ruin.1,1.082318271,2.422034627
23,8/8/2021 1:40,1:40,1,12.748,blue.ruin.1,1.104340836,2.43488746
23,8/8/2021 1:55,1:55,1,12.748,blue.ruin.1,1.078706625,NA
23,8/8/2021 2:05,2:05,2,12.686,blue.ruin.1,1.127031802,NA
23,8/8/2021 2:20,2:20,2,12.686,blue.ruin.1,1.081954887,NA
23,8/8/2021 2:30,2:30,2,12.686,blue.ruin.1,1.081954887,NA
23,8/8/2021 2:40,2:40,2,12.686,blue.ruin.1,1.083216783,2.419684441
23,8/8/2021 2:55,2:55,2,12.686,blue.ruin.1,1.086127168,2.420471098
23,8/8/2021 3:05,3:05,3,12.686,blue.ruin.1,1.088732394,NA
23,8/8/2021 3:20,3:20,3,12.748,blue.ruin.1,1.062340426,2.439608511
23,8/8/2021 3:30,3:30,3,12.686,blue.ruin.1,1.088732394,2.409190141
23,8/8/2021 3:40,3:40,3,12.686,blue.ruin.1,1.089237668,2.480378924
23,8/8/2021 3:55,3:55,3,12.686,blue.ruin.1,1.090874525,2.467822719
23,8/8/2021 4:05,4:05,4,12.686,blue.ruin.1,1.12107438,2.48543595
23,8/8/2021 4:20,4:20,4,12.686,blue.ruin.1,1.12107438,2.475070248
23,8/8/2021 4:30,4:30,4,13.124,blue.ruin.1,0.980960854,2.444489324
23,8/8/2021 4:40,4:40,4,12.623,blue.ruin.1,1.144426752,2.429656449
23,8/8/2021 4:55,4:55,4,12.623,blue.ruin.1,1.109545455,2.478689773
23,8/8/2021 5:05,5:05,5,12.623,blue.ruin.1,1.094838057,2.451810476
23,8/8/2021 5:20,5:20,5,12.56,blue.ruin.1,1.132781457,NA
23,8/8/2021 5:30,5:30,5,12.56,blue.ruin.1,1.09084507,NA
23,8/8/2021 5:40,5:40,5,13.124,blue.ruin.1,0.929722992,2.451106019
23,8/8/2021 5:55,5:55,5,12.56,blue.ruin.1,1.07371134,NA
23,8/8/2021 6:05,6:05,6,12.498,blue.ruin.1,1.092352941,NA
23,8/8/2021 6:20,6:20,6,12.498,blue.ruin.1,1.072110553,NA
23,8/8/2021 6:30,6:30,6,12.31,blue.ruin.1,1.360344828,NA
23,8/8/2021 6:40,6:40,6,12.498,blue.ruin.1,1.068994413,NA
23,8/8/2021 6:55,6:55,6,12.435,blue.ruin.1,1.103501946,NA
23,8/8/2021 7:05,7:05,7,12.435,blue.ruin.1,1.082352941,NA
23,8/8/2021 7:20,7:20,7,12.56,blue.ruin.1,1.0091133,NA
23,8/8/2021 7:30,7:30,7,12.435,blue.ruin.1,1.103797468,NA
23,8/8/2021 7:40,7:40,7,12.435,blue.ruin.1,1.18490566,2.505632075
23,8/8/2021 7:55,7:55,7,12.498,blue.ruin.1,1.119879518,3.095978916
23,8/8/2021 8:05,8:05,8,12.498,blue.ruin.1,1.123684211,3.080842105
23,8/8/2021 8:20,8:20,8,12.498,blue.ruin.1,1.27027027,3.096763514
23,8/8/2021 8:30,8:30,8,12.56,blue.ruin.1,1.200485437,3.274364078
23,8/8/2021 8:40,8:40,8,12.623,blue.ruin.1,1.203991597,3.346825105
23,8/8/2021 8:55,8:55,8,12.623,blue.ruin.1,1.368235294,3.636
23,8/8/2021 9:05,9:05,9,12.748,blue.ruin.1,1.266853933,3.649797753
23,8/8/2021 9:20,9:20,9,12.748,blue.ruin.1,1.376428571,3.816
23,8/8/2021 9:30,9:30,9,12.873,blue.ruin.1,1.283390411,3.933316781
23,8/8/2021 9:40,9:40,9,12.999,blue.ruin.1,1.190277778,4.022336806
23,8/8/2021 9:55,9:55,9,12.873,blue.ruin.1,1.480058651,3.904
23,8/8/2021 10:05,10:05,10,13.061,blue.ruin.1,1.249501661,4.024374585
23,8/8/2021 10:20,10:20,10,13.124,blue.ruin.1,1.256709265,4.392683706
23,8/8/2021 10:30,10:30,10,13.249,blue.ruin.1,1.203151862,4.490274713
23,8/8/2021 10:40,10:40,10,13.312,blue.ruin.1,1.232077922,4.554268831
23,8/8/2021 10:55,10:55,10,13.312,blue.ruin.1,1.347183099,4.525873239
23,8/8/2021 11:05,11:05,11,13.437,blue.ruin.1,1.25561674,4.88844989
23,8/8/2021 11:20,11:20,11,13.437,blue.ruin.1,1.291390041,4.644969398
23,8/8/2021 11:30,11:30,11,13.437,blue.ruin.1,1.323235294,4.6430875
23,8/8/2021 11:40,11:40,11,13.437,blue.ruin.1,1.211842105,4.771286184
23,8/8/2021 11:55,11:55,11,13.562,blue.ruin.1,1.157534247,4.817056507
23,8/8/2021 12:05,12:05,12,13.499,blue.ruin.1,1.25462963,5.103578704
23,8/8/2021 12:20,12:20,12,13.437,blue.ruin.1,1.333426966,4.735273876
23,8/8/2021 12:30,12:30,12,13.499,blue.ruin.1,1.303350515,4.92110116
23,8/8/2021 12:40,12:40,12,13.562,blue.ruin.1,1.266051661,4.845404059
23,8/8/2021 12:55,12:55,12,13.562,blue.ruin.1,1.299209486,4.860629447
23,8/8/2021 13:05,13:05,13,13.625,blue.ruin.1,1.246052632,4.890740132
23,8/8/2021 13:20,13:20,13,14.125,blue.ruin.1,0.948140496,5.550540947
23,8/8/2021 13:30,13:30,13,13.625,blue.ruin.1,1.282976654,4.272895428
23,8/8/2021 13:40,13:40,13,13.75,blue.ruin.1,1.176518219,4.890168016
23,8/8/2021 13:55,13:55,13,13.687,blue.ruin.1,1.245704846,4.802126927
23,8/8/2021 14:05,14:05,14,13.812,blue.ruin.1,1.099577465,4.994897887
23,8/8/2021 14:20,14:20,14,13.687,blue.ruin.1,1.198684211,4.840934211
23,8/8/2021 14:30,14:30,14,13.687,blue.ruin.1,1.097270364,4.766411395
23,8/8/2021 14:40,14:40,14,13.687,blue.ruin.1,1.086913696,4.599642706
23,8/8/2021 14:55,14:55,14,13.812,blue.ruin.1,1.062144213,4.586266603
23,8/8/2021 15:05,15:05,15,13.687,blue.ruin.1,1.081014363,4.651165395
23,8/8/2021 15:20,15:20,15,13.687,blue.ruin.1,1.088432836,4.470547575
23,8/8/2021 15:30,15:30,15,13.625,blue.ruin.1,1.122368421,4.404868421
23,8/8/2021 15:40,15:40,15,13.562,blue.ruin.1,1.211801242,4.200860248
23,8/8/2021 15:55,15:55,15,13.562,blue.ruin.1,1.227659574,4.064010638
23,8/8/2021 16:05,16:05,16,13.625,blue.ruin.1,1.096327014,4.191115225
23,8/8/2021 16:20,16:20,16,13.562,blue.ruin.1,1.148979592,4.052920918
23,8/8/2021 16:30,16:30,16,14.25,blue.ruin.1,1.041040462,4.100621387
23,8/8/2021 16:40,16:40,16,13.499,blue.ruin.1,1.146621622,3.965390203
23,8/8/2021 16:55,16:55,16,14.376,blue.ruin.1,1.029452055,3.844116438
23,8/8/2021 17:05,17:05,17,13.437,blue.ruin.1,1.099060052,3.865350196
23,8/8/2021 17:20,17:20,17,13.374,blue.ruin.1,1.098365335,3.875446419
23,8/8/2021 17:30,17:30,17,13.437,blue.ruin.1,1.093594306,3.746607651
23,8/8/2021 17:40,17:40,17,13.374,blue.ruin.1,1.096708922,3.676118235
23,8/8/2021 17:55,17:55,17,13.437,blue.ruin.1,1.088294147,3.608327476
23,8/8/2021 18:05,18:05,18,13.312,blue.ruin.1,1.09771947,3.666994605
23,8/8/2021 18:20,18:20,18,13.249,blue.ruin.1,1.118274112,3.61913198
23,8/8/2021 18:30,18:30,18,13.186,blue.ruin.1,1.199295775,3.440426056
23,8/8/2021 18:40,18:40,18,13.124,blue.ruin.1,1.267030568,3.456004367
23,8/8/2021 18:55,18:55,18,13.124,blue.ruin.1,1.129695431,3.469388325
23,8/8/2021 19:05,19:05,19,13.124,blue.ruin.1,1.126958525,3.485880184
23,8/8/2021 19:20,19:20,19,13.061,blue.ruin.1,1.16462766,3.30990758
23,8/8/2021 19:30,19:30,19,13.061,blue.ruin.1,1.106617647,3.407783088
23,8/8/2021 19:40,19:40,19,12.999,blue.ruin.1,1.143465909,3.24221946
23,8/8/2021 19:55,19:55,19,13.061,blue.ruin.1,1.091706731,3.227101563
23,8/8/2021 20:05,20:05,20,13.061,blue.ruin.1,1.087455036,3.247836106
23,8/8/2021 20:20,20:20,20,12.999,blue.ruin.1,1.093634259,3.175146991
23,8/8/2021 20:30,20:30,20,12.999,blue.ruin.1,1.093431529,3.060157544
23,8/8/2021 20:40,20:40,20,12.999,blue.ruin.1,1.090595238,2.991108333
23,8/8/2021 20:55,20:55,20,12.999,blue.ruin.1,1.086726804,2.957614691
23,8/8/2021 21:05,21:05,21,12.873,blue.ruin.1,1.099719364,2.996587582
23,8/8/2021 21:20,21:20,21,12.873,blue.ruin.1,1.094954722,2.871371442
23,8/8/2021 21:30,21:30,21,12.811,blue.ruin.1,1.097356828,2.788062225
23,8/8/2021 21:40,21:40,21,12.748,blue.ruin.1,1.107894737,2.802368421
23,8/8/2021 21:55,21:55,21,13.186,blue.ruin.1,0.999460709,2.823383282
23,8/8/2021 22:05,22:05,22,12.748,blue.ruin.1,1.095582048,2.730138149
23,8/8/2021 22:20,22:20,22,12.748,blue.ruin.1,1.090585774,2.752393305
23,8/8/2021 22:30,22:30,22,12.811,blue.ruin.1,1.082328191,2.730963184
23,8/8/2021 22:40,22:40,22,12.811,blue.ruin.1,1.084110971,2.755072825
23,8/8/2021 22:55,22:55,22,12.811,blue.ruin.1,1.08487395,2.658526261
23,8/8/2021 23:05,23:05,23,12.748,blue.ruin.1,1.096307151,2.666239156
23,8/8/2021 23:20,23:20,23,12.686,blue.ruin.1,1.134304933,2.674384529
23,8/8/2021 23:30,23:30,23,12.686,blue.ruin.1,1.131481481,2.635046296
23,8/8/2021 23:40,23:40,23,12.686,blue.ruin.1,1.098465473,2.652469629
23,8/8/2021 23:55,23:55,23,12.623,blue.ruin.1,1.115,2.62895
23,8/9/2021 0:05,0:05,0,12.623,blue.ruin.1,1.096325648,2.59451603
23,8/9/2021 0:20,0:20,0,12.623,blue.ruin.1,1.095977918,2.575186317
23,8/9/2021 0:30,0:30,0,12.623,blue.ruin.1,1.090360502,2.606836403
23,8/9/2021 0:40,0:40,0,12.623,blue.ruin.1,1.090653495,2.619450988
23,8/9/2021 0:55,0:55,0,12.623,blue.ruin.1,1.095846906,2.624895358
23,8/9/2021 1:05,1:05,1,12.623,blue.ruin.1,1.095846906,2.632707655
23,8/9/2021 1:20,1:20,1,13.061,blue.ruin.1,0.992350158,2.616140773
23,8/9/2021 1:30,1:30,1,12.623,blue.ruin.1,1.1126,2.6369105
23,8/9/2021 1:40,1:40,1,12.623,blue.ruin.1,1.150912409,2.643927007
23,8/9/2021 1:55,1:55,1,12.623,blue.ruin.1,1.113695652,2.574448913
23,8/9/2021 2:05,2:05,2,12.623,blue.ruin.1,1.1126,2.5673985
23,8/9/2021 2:20,2:20,2,12.623,blue.ruin.1,1.088978495,2.58324664
23,8/9/2021 2:30,2:30,2,12.56,blue.ruin.1,1.099446494,2.561891144
23,8/9/2021 2:40,2:40,2,12.56,blue.ruin.1,1.092585551,2.577937262
23,8/9/2021 2:55,2:55,2,12.498,blue.ruin.1,1.123684211,2.507447368
23,8/9/2021 3:05,3:05,3,12.498,blue.ruin.1,1.121615721,2.521815502
23,8/9/2021 3:20,3:20,3,12.435,blue.ruin.1,1.158208955,2.531481343
23,8/9/2021 3:30,3:30,3,12.435,blue.ruin.1,1.152941176,2.533764706
23,8/9/2021 3:40,3:40,3,12.435,blue.ruin.1,1.152941176,2.554419118
23,8/9/2021 3:55,3:55,3,12.498,blue.ruin.1,1.088413361,2.551730167
23,8/9/2021 4:05,4:05,4,12.435,blue.ruin.1,1.148547718,2.521137967
23,8/9/2021 4:20,4:20,4,12.373,blue.ruin.1,1.221518987,2.553575949
23,8/9/2021 4:30,4:30,4,12.373,blue.ruin.1,1.184507042,2.505896127
23,8/9/2021 4:40,4:40,4,12.373,blue.ruin.1,1.177253219,2.561930794
23,8/9/2021 4:55,4:55,4,12.373,blue.ruin.1,1.134449761,2.555506579
23,8/9/2021 5:05,5:05,5,12.31,blue.ruin.1,1.232065217,2.556540761
23,8/9/2021 5:20,5:20,5,12.31,blue.ruin.1,1.1675,2.60470625
23,8/9/2021 5:30,5:30,5,12.373,blue.ruin.1,1.087625,2.588579375
23,8/9/2021 5:40,5:40,5,12.373,blue.ruin.1,1.08625,2.536178125
23,8/9/2021 5:55,5:55,5,12.373,blue.ruin.1,1.096590909,2.6180625
23,8/9/2021 6:05,6:05,6,12.373,blue.ruin.1,1.096590909,2.572460227
23,8/9/2021 6:20,6:20,6,12.373,blue.ruin.1,1.096590909,2.57821875
23,8/9/2021 6:30,6:30,6,12.373,blue.ruin.1,1.128915663,2.587700301
23,8/9/2021 6:40,6:40,6,12.373,blue.ruin.1,1.126765799,2.585795074
23,8/9/2021 6:55,6:55,6,12.373,blue.ruin.1,1.096207865,2.61349684
23,8/9/2021 7:05,7:05,7,12.373,blue.ruin.1,1.096207865,2.677675913
23,8/9/2021 7:20,7:20,7,12.373,blue.ruin.1,1.096409574,2.744640957
23,8/9/2021 7:30,7:30,7,12.373,blue.ruin.1,1.128915663,2.804313253
23,8/9/2021 7:40,7:40,7,12.373,blue.ruin.1,1.096409574,2.884509641
23,8/9/2021 7:55,7:55,7,12.373,blue.ruin.1,1.131441048,2.969155022
23,8/9/2021 8:05,8:05,8,12.373,blue.ruin.1,1.212062257,2.990035506
23,8/9/2021 8:20,8:20,8,12.435,blue.ruin.1,1.103797468,3.190406646
23,8/9/2021 8:30,8:30,8,12.435,blue.ruin.1,1.148547718,3.207953838
23,8/9/2021 8:40,8:40,8,12.435,blue.ruin.1,1.191836735,3.327545918
23,8/9/2021 8:55,8:55,8,12.498,blue.ruin.1,1.197122302,3.453119604
23,8/9/2021 9:05,9:05,9,12.498,blue.ruin.1,1.234042553,3.491470745
23,8/9/2021 9:20,9:20,9,12.56,blue.ruin.1,1.216666667,3.578
23,8/9/2021 9:30,9:30,9,12.56,blue.ruin.1,1.280769231,3.642596154
23,8/9/2021 9:40,9:40,9,12.623,blue.ruin.1,1.203991597,3.744107143
23,8/9/2021 9:55,9:55,9,12.686,blue.ruin.1,1.303465347,3.866757426
23,8/9/2021 10:05,10:05,10,12.748,blue.ruin.1,1.296255507,3.972246696
23,8/9/2021 10:20,10:20,10,12.748,blue.ruin.1,1.46147541,4.513
23,8/9/2021 10:30,10:30,10,12.811,blue.ruin.1,1.53125,4.315
23,8/9/2021 10:40,10:40,10,12.873,blue.ruin.1,1.468321918,NA
23,8/9/2021 10:55,10:55,10,12.999,blue.ruin.1,1.393684211,4.887
23,8/9/2021 11:05,11:05,11,13.061,blue.ruin.1,1.347583643,4.920906134
23,8/9/2021 11:20,11:20,11,13.124,blue.ruin.1,1.391926346,4.661
23,8/9/2021 11:30,11:30,11,13.249,blue.ruin.1,1.305714286,NA
23,8/9/2021 11:40,11:40,11,13.374,blue.ruin.1,1.232733813,NA
23,8/9/2021 11:55,11:55,11,13.562,blue.ruin.1,1.092814371,5.285754491
23,8/9/2021 12:05,12:05,12,13.437,blue.ruin.1,1.220812808,NA
23,8/9/2021 12:20,12:20,12,13.625,blue.ruin.1,1.141367713,NA
23,8/9/2021 12:30,12:30,12,13.625,blue.ruin.1,1.188215859,NA
23,8/9/2021 12:40,12:40,12,13.625,blue.ruin.1,1.233441558,NA
23,8/9/2021 12:55,12:55,12,13.562,blue.ruin.1,1.337446809,NA
23,8/9/2021 13:05,13:05,13,13.562,blue.ruin.1,1.358227848,NA
23,8/9/2021 13:20,13:20,13,13.625,blue.ruin.1,1.316705069,NA
23,8/9/2021 13:30,13:30,13,13.625,blue.ruin.1,1.339383562,NA
23,8/9/2021 13:40,13:40,13,13.625,blue.ruin.1,1.338705584,NA
23,8/9/2021 13:55,13:55,13,13.687,blue.ruin.1,1.286864407,NA
23,8/9/2021 14:05,14:05,14,13.687,blue.ruin.1,1.245588235,NA
23,8/9/2021 14:20,14:20,14,13.75,blue.ruin.1,1.094168467,NA
23,8/9/2021 14:30,14:30,14,13.687,blue.ruin.1,1.090254237,NA
23,8/9/2021 14:40,14:40,14,13.687,blue.ruin.1,1.082623762,NA
23,8/9/2021 14:55,14:55,14,14.125,blue.ruin.1,1.025415677,NA
23,8/9/2021 15:05,15:05,15,13.625,blue.ruin.1,1.085928962,NA
23,8/9/2021 15:20,15:20,15,13.562,blue.ruin.1,1.152554745,NA
23,8/9/2021 15:30,15:30,15,13.562,blue.ruin.1,1.23740458,NA
23,8/9/2021 15:40,15:40,15,13.562,blue.ruin.1,1.248760331,NA
23,8/9/2021 15:55,15:55,15,13.562,blue.ruin.1,1.117142857,NA
23,8/9/2021 16:05,16:05,16,13.562,blue.ruin.1,1.093243243,NA
23,8/9/2021 16:20,16:20,16,14.689,blue.ruin.1,0.984543762,NA
23,8/9/2021 16:30,16:30,16,13.437,blue.ruin.1,1.128571429,NA
23,8/9/2021 16:40,16:40,16,13.499,blue.ruin.1,1.09408,NA
23,8/9/2021 16:55,16:55,16,13.499,blue.ruin.1,1.087606112,NA
23,8/9/2021 17:05,17:05,17,13.374,blue.ruin.1,1.096467818,NA
23,8/9/2021 17:20,17:20,17,13.437,blue.ruin.1,1.090457831,NA
23,8/9/2021 17:30,17:30,17,13.374,blue.ruin.1,1.091789288,NA
23,8/9/2021 17:40,17:40,17,13.374,blue.ruin.1,1.089247585,NA
23,8/9/2021 17:55,17:55,17,13.312,blue.ruin.1,1.092317255,NA
23,8/9/2021 18:05,18:05,18,13.437,blue.ruin.1,1.081605839,NA
23,8/9/2021 18:20,18:20,18,13.312,blue.ruin.1,1.091742384,NA
23,8/9/2021 18:30,18:30,18,13.249,blue.ruin.1,1.0920434,NA
23,8/9/2021 18:40,18:40,18,13.124,blue.ruin.1,1.098837209,NA
23,8/9/2021 18:55,18:55,18,13.124,blue.ruin.1,1.093362832,NA
23,8/9/2021 19:05,19:05,19,13.124,blue.ruin.1,1.091,NA
23,8/9/2021 19:20,19:20,19,13.061,blue.ruin.1,1.095451482,NA
23,8/9/2021 19:30,19:30,19,12.999,blue.ruin.1,1.143465909,NA
23,8/9/2021 19:40,19:40,19,13.061,blue.ruin.1,1.089681953,NA
23,8/9/2021 19:55,19:55,19,12.999,blue.ruin.1,1.096706799,NA
23,8/9/2021 20:05,20:05,20,12.999,blue.ruin.1,1.096560651,NA
23,8/9/2021 20:20,20:20,20,12.999,blue.ruin.1,1.092984694,NA
23,8/9/2021 20:30,20:30,20,12.999,blue.ruin.1,1.085201149,NA
23,8/9/2021 20:40,20:40,20,12.936,blue.ruin.1,1.08993808,NA
23,8/9/2021 20:55,20:55,20,12.936,blue.ruin.1,1.081910352,NA
23,8/9/2021 21:05,21:05,21,12.811,blue.ruin.1,1.129508197,NA
23,8/9/2021 21:20,21:20,21,12.811,blue.ruin.1,1.093121019,NA
23,8/9/2021 21:30,21:30,21,12.811,blue.ruin.1,1.092116788,NA
23,8/9/2021 21:40,21:40,21,12.811,blue.ruin.1,1.078752108,NA
23,8/9/2021 21:55,21:55,21,12.748,blue.ruin.1,1.08255814,NA
23,8/9/2021 22:05,22:05,22,12.748,blue.ruin.1,1.078173375,NA
23,8/9/2021 22:20,22:20,22,12.748,blue.ruin.1,1.081099196,NA
23,8/9/2021 22:30,22:30,22,12.748,blue.ruin.1,1.080578512,NA
23,8/9/2021 22:40,22:40,22,12.686,blue.ruin.1,1.093201133,NA
23,8/9/2021 22:55,22:55,22,12.623,blue.ruin.1,1.113695652,NA
23,8/9/2021 23:05,23:05,23,12.623,blue.ruin.1,1.095977918,NA
23,8/9/2021 23:20,23:20,23,12.623,blue.ruin.1,1.095557491,NA
23,8/9/2021 23:30,23:30,23,12.56,blue.ruin.1,1.144594595,NA
23,8/9/2021 23:40,23:40,23,13.374,blue.ruin.1,0.930801435,2.618293823
23,8/9/2021 23:55,23:55,23,12.686,blue.ruin.1,1.068106312,NA
23,8/10/2021 0:05,0:05,0,12.56,blue.ruin.1,1.099466192,NA
23,8/10/2021 0:20,0:20,0,12.56,blue.ruin.1,1.09229249,NA
23,8/10/2021 0:30,0:30,0,12.623,blue.ruin.1,1.066536204,NA
23,8/10/2021 0:40,0:40,0,12.56,blue.ruin.1,1.083037694,NA
23,8/10/2021 0:55,0:55,0,12.56,blue.ruin.1,1.071518987,NA
23,8/10/2021 1:05,1:05,1,12.56,blue.ruin.1,1.07,NA
23,8/10/2021 1:20,1:20,1,12.56,blue.ruin.1,1.053448276,NA
23,8/10/2021 1:30,1:30,1,12.56,blue.ruin.1,1.05619469,NA
23,8/10/2021 1:40,1:40,1,12.623,blue.ruin.1,1.023824451,NA
23,8/10/2021 1:55,1:55,1,12.686,blue.ruin.1,0.994200627,NA
23,8/10/2021 2:05,2:05,2,12.498,blue.ruin.1,1.06980198,NA
23,8/10/2021 2:20,2:20,2,12.435,blue.ruin.1,1.103797468,NA
23,8/10/2021 2:30,2:30,2,12.498,blue.ruin.1,1.05896861,NA
23,8/10/2021 2:40,2:40,2,12.435,blue.ruin.1,1.103797468,NA
23,8/10/2021 2:55,2:55,2,12.435,blue.ruin.1,1.084057971,NA
23,8/10/2021 3:05,3:05,3,12.873,blue.ruin.1,0.921167724,2.527299366
23,8/10/2021 3:20,3:20,3,12.435,blue.ruin.1,1.082352941,NA
23,8/10/2021 3:30,3:30,3,12.373,blue.ruin.1,1.165934066,NA
23,8/10/2021 3:40,3:40,3,12.373,blue.ruin.1,1.165934066,NA
23,8/10/2021 3:55,3:55,3,12.373,blue.ruin.1,1.128915663,NA
23,8/10/2021 4:05,4:05,4,12.373,blue.ruin.1,1.128915663,NA
23,8/10/2021 4:20,4:20,4,12.435,blue.ruin.1,1.089250814,NA
23,8/10/2021 4:30,4:30,4,12.435,blue.ruin.1,1.091008174,NA
23,8/10/2021 4:40,4:40,4,12.435,blue.ruin.1,1.091472868,NA
23,8/10/2021 4:55,4:55,4,12.435,blue.ruin.1,1.091008174,NA
23,8/10/2021 5:05,5:05,5,12.435,blue.ruin.1,1.090489914,NA
23,8/10/2021 5:20,5:20,5,12.373,blue.ruin.1,1.165934066,NA
23,8/10/2021 5:30,5:30,5,12.373,blue.ruin.1,1.128915663,NA
23,8/10/2021 5:40,5:40,5,12.435,blue.ruin.1,1.07012987,NA
23,8/10/2021 5:55,5:55,5,12.435,blue.ruin.1,1.082352941,NA
23,8/10/2021 6:05,6:05,6,12.435,blue.ruin.1,1.082352941,NA
23,8/10/2021 6:20,6:20,6,12.373,blue.ruin.1,1.161433447,NA
23,8/10/2021 6:30,6:30,6,12.435,blue.ruin.1,1.084057971,NA
23,8/10/2021 6:40,6:40,6,12.435,blue.ruin.1,1.102839117,NA
23,8/10/2021 6:55,6:55,6,12.435,blue.ruin.1,1.102839117,NA
23,8/10/2021 7:05,7:05,7,12.435,blue.ruin.1,1.102839117,NA
23,8/10/2021 7:20,7:20,7,12.435,blue.ruin.1,1.085462555,NA
23,8/10/2021 7:30,7:30,7,12.435,blue.ruin.1,1.087640449,NA
23,8/10/2021 7:40,7:40,7,12.435,blue.ruin.1,1.141637011,NA
23,8/10/2021 7:55,7:55,7,12.435,blue.ruin.1,1.245414847,NA
23,8/10/2021 8:05,8:05,8,12.435,blue.ruin.1,1.30817757,NA
23,8/10/2021 8:20,8:20,8,12.435,blue.ruin.1,1.450316456,NA
23,8/10/2021 8:30,8:30,8,12.498,blue.ruin.1,1.328813559,NA
23,8/10/2021 8:40,8:40,8,12.623,blue.ruin.1,1.083730159,NA
23,8/10/2021 8:55,8:55,8,12.56,blue.ruin.1,1.6,NA
23,8/10/2021 9:05,9:05,9,12.623,blue.ruin.1,1.6,NA
23,8/10/2021 9:20,9:20,9,12.686,blue.ruin.1,1.6,NA
23,8/10/2021 9:30,9:30,9,12.811,blue.ruin.1,1.6,NA
23,8/10/2021 9:40,9:40,9,12.873,blue.ruin.1,1.321875,NA
23,8/10/2021 9:55,9:55,9,12.936,blue.ruin.1,1.6,NA
23,8/10/2021 10:05,10:05,10,13.061,blue.ruin.1,1.110887097,NA
23,8/10/2021 10:20,10:20,10,13.186,blue.ruin.1,1.149521531,NA
23,8/10/2021 10:30,10:30,10,13.249,blue.ruin.1,1.095071869,NA
23,8/10/2021 10:40,10:40,10,13.312,blue.ruin.1,1.167582418,NA
23,8/10/2021 10:55,10:55,10,13.312,blue.ruin.1,1.266182573,NA
23,8/10/2021 11:05,11:05,11,13.374,blue.ruin.1,1.186603774,NA
23,8/10/2021 11:20,11:20,11,13.374,blue.ruin.1,1.39047619,NA
23,8/10/2021 11:30,11:30,11,13.437,blue.ruin.1,1.366968912,NA
23,8/10/2021 11:40,11:40,11,13.499,blue.ruin.1,1.277762431,NA
23,8/10/2021 11:55,11:55,11,13.562,blue.ruin.1,1.282887701,NA
23,8/10/2021 12:05,12:05,12,13.562,blue.ruin.1,1.348275862,NA
23,8/10/2021 12:20,12:20,12,13.687,blue.ruin.1,1.215414508,NA
23,8/10/2021 12:30,12:30,12,13.625,blue.ruin.1,1.350837321,NA
23,8/10/2021 12:40,12:40,12,13.625,blue.ruin.1,1.351470588,NA
23,8/10/2021 12:55,12:55,12,13.687,blue.ruin.1,1.307938389,NA
23,8/10/2021 13:05,13:05,13,13.687,blue.ruin.1,1.331338028,NA
23,8/10/2021 13:20,13:20,13,13.75,blue.ruin.1,1.272906404,NA
23,8/10/2021 13:30,13:30,13,13.812,blue.ruin.1,1.209585492,NA
23,8/10/2021 13:40,13:40,13,13.875,blue.ruin.1,1.109782609,NA
23,8/10/2021 13:55,13:55,13,13.75,blue.ruin.1,1.318918919,NA
23,8/10/2021 14:05,14:05,14,13.812,blue.ruin.1,1.204304636,NA
23,8/10/2021 14:20,14:20,14,13.875,blue.ruin.1,1.095497804,NA
23,8/10/2021 14:30,14:30,14,13.875,blue.ruin.1,1.089120668,NA
23,8/10/2021 14:40,14:40,14,13.75,blue.ruin.1,1.124324324,NA
23,8/10/2021 14:55,14:55,14,13.75,blue.ruin.1,1.094267516,NA
23,8/10/2021 15:05,15:05,15,13.687,blue.ruin.1,1.097707424,NA
23,8/10/2021 15:20,15:20,15,13.687,blue.ruin.1,1.1054,NA
23,8/10/2021 15:30,15:30,15,13.687,blue.ruin.1,1.177013423,NA
23,8/10/2021 15:40,15:40,15,13.687,blue.ruin.1,1.177013423,NA
23,8/10/2021 15:55,15:55,15,13.687,blue.ruin.1,1.147834646,NA
23,8/10/2021 16:05,16:05,16,13.625,blue.ruin.1,1.227173913,NA
23,8/10/2021 16:20,16:20,16,13.625,blue.ruin.1,1.134459459,NA
23,8/10/2021 16:30,16:30,16,13.625,blue.ruin.1,1.091499283,NA
23,8/10/2021 16:40,16:40,16,13.625,blue.ruin.1,1.088277693,NA
23,8/10/2021 16:55,16:55,16,13.687,blue.ruin.1,1.088949843,NA
23,8/10/2021 17:05,17:05,17,13.687,blue.ruin.1,1.087487361,NA
23,8/10/2021 17:20,17:20,17,13.562,blue.ruin.1,1.091692595,NA
23,8/10/2021 17:30,17:30,17,13.499,blue.ruin.1,1.097228145,NA
23,8/10/2021 17:40,17:40,17,13.562,blue.ruin.1,1.082902033,NA
23,8/10/2021 17:55,17:55,17,13.437,blue.ruin.1,1.6,NA
23,8/10/2021 18:05,18:05,18,13.437,blue.ruin.1,1.325,NA
23,8/10/2021 18:20,18:20,18,13.374,blue.ruin.1,1.252047782,NA
23,8/10/2021 18:30,18:30,18,13.437,blue.ruin.1,1.205662983,NA
23,8/10/2021 18:40,18:40,18,13.437,blue.ruin.1,1.148648649,NA
23,8/10/2021 18:55,18:55,18,13.374,blue.ruin.1,1.202583587,NA
23,8/10/2021 19:05,19:05,19,13.437,blue.ruin.1,1.099088608,NA
23,8/10/2021 19:20,19:20,19,13.374,blue.ruin.1,1.104545455,NA
23,8/10/2021 19:30,19:30,19,13.437,blue.ruin.1,1.098997214,NA
23,8/10/2021 19:40,19:40,19,13.374,blue.ruin.1,1.104258675,NA
23,8/10/2021 19:55,19:55,19,13.374,blue.ruin.1,1.094759494,NA
23,8/10/2021 20:05,20:05,20,13.312,blue.ruin.1,1.12325228,NA
23,8/10/2021 20:20,20:20,20,13.374,blue.ruin.1,1.093965015,NA
23,8/10/2021 20:30,20:30,20,13.249,blue.ruin.1,1.098269647,NA
23,8/10/2021 20:40,20:40,20,13.186,blue.ruin.1,1.138475836,NA
23,8/10/2021 20:55,20:55,20,13.124,blue.ruin.1,1.19,NA
23,8/10/2021 21:05,21:05,21,13.061,blue.ruin.1,1.215151515,NA
23,8/10/2021 21:20,21:20,21,12.999,blue.ruin.1,1.222103659,NA
23,8/10/2021 21:30,21:30,21,12.936,blue.ruin.1,1.256,NA
23,8/10/2021 21:40,21:40,21,13.875,blue.ruin.1,0.914866864,2.887756859
23,8/10/2021 21:55,21:55,21,12.936,blue.ruin.1,1.113636364,NA
23,8/10/2021 22:05,22:05,22,12.936,blue.ruin.1,1.094,NA
23,8/10/2021 22:20,22:20,22,12.873,blue.ruin.1,1.143855932,NA
23,8/10/2021 22:30,22:30,22,12.936,blue.ruin.1,1.076161369,NA
23,8/10/2021 22:40,22:40,22,12.811,blue.ruin.1,1.17826087,NA
23,8/10/2021 22:55,22:55,22,12.811,blue.ruin.1,1.129508197,NA
23,8/10/2021 23:05,23:05,23,12.811,blue.ruin.1,1.094019934,NA
23,8/10/2021 23:20,23:20,23,12.748,blue.ruin.1,1.204794521,NA
23,8/10/2021 23:30,23:30,23,12.748,blue.ruin.1,1.188610039,NA
23,8/10/2021 23:40,23:40,23,12.686,blue.ruin.1,1.238625592,NA
23,8/10/2021 23:55,23:55,23,12.748,blue.ruin.1,1.081791908,NA
23,8/11/2021 0:05,0:05,0,12.686,blue.ruin.1,1.181277533,2.530682819
23,8/11/2021 0:20,0:20,0,12.686,blue.ruin.1,1.200515464,2.600729381
23,8/11/2021 0:30,0:30,0,12.686,blue.ruin.1,1.129087452,2.570144487
23,8/11/2021 0:40,0:40,0,12.686,blue.ruin.1,1.127031802,2.53185424
23,8/11/2021 0:55,0:55,0,12.623,blue.ruin.1,1.218811881,2.576881188
23,8/11/2021 1:05,1:05,1,12.748,blue.ruin.1,1.052702703,2.547202703
23,8/11/2021 1:20,1:20,1,12.811,blue.ruin.1,1.001237624,2.543714728
23,8/11/2021 1:30,1:30,1,12.623,blue.ruin.1,1.189028777,2.607208183
23,8/11/2021 1:40,1:40,1,12.56,blue.ruin.1,1.278187919,2.60102349
23,8/11/2021 1:55,1:55,1,12.56,blue.ruin.1,1.243877551,2.570979592
23,8/11/2021 2:05,2:05,2,12.56,blue.ruin.1,1.20862069,2.574353448
23,8/11/2021 2:20,2:20,2,12.56,blue.ruin.1,1.20862069,2.575603448
23,8/11/2021 2:30,2:30,2,12.56,blue.ruin.1,1.226646707,2.590601796
23,8/11/2021 2:40,2:40,2,12.56,blue.ruin.1,1.177819549,2.526133459
23,8/11/2021 2:55,2:55,2,12.56,blue.ruin.1,1.20862069,2.53862069
23,8/11/2021 3:05,3:05,3,12.56,blue.ruin.1,1.20862069,2.508534483
23,8/11/2021 3:20,3:20,3,12.56,blue.ruin.1,1.177819549,2.551883459
23,8/11/2021 3:30,3:30,3,12.498,blue.ruin.1,1.323566879,2.584757166
23,8/11/2021 3:40,3:40,3,12.498,blue.ruin.1,1.304827586,2.602493966
23,8/11/2021 3:55,3:55,3,12.498,blue.ruin.1,1.291612903,2.607033065
23,8/11/2021 4:05,4:05,4,12.498,blue.ruin.1,1.26993007,2.605965909
23,8/11/2021 4:20,4:20,4,12.498,blue.ruin.1,1.258823529,2.554375
23,8/11/2021 4:30,4:30,4,12.498,blue.ruin.1,1.258823529,2.538823529
23,8/11/2021 4:40,4:40,4,12.498,blue.ruin.1,1.204651163,2.527962209
23,8/11/2021 4:55,4:55,4,12.498,blue.ruin.1,1.197122302,2.53232554
23,8/11/2021 5:05,5:05,5,12.498,blue.ruin.1,1.190604027,2.526241611
23,8/11/2021 5:20,5:20,5,12.435,blue.ruin.1,1.23373494,2.567611446
23,8/11/2021 5:30,5:30,5,12.498,blue.ruin.1,1.155102041,2.525630102
23,8/11/2021 5:40,5:40,5,12.498,blue.ruin.1,1.119879518,2.493319277
23,8/11/2021 5:55,5:55,5,12.498,blue.ruin.1,1.083043478,2.492197826
23,8/11/2021 6:05,6:05,6,12.498,blue.ruin.1,1.119879518,2.479689759
23,8/11/2021 6:20,6:20,6,12.498,blue.ruin.1,1.118401487,2.416106877
23,8/11/2021 6:30,6:30,6,12.498,blue.ruin.1,1.159124088,2.532470803
23,8/11/2021 6:40,6:40,6,12.498,blue.ruin.1,1.119879518,2.521310241
23,8/11/2021 6:55,6:55,6,12.435,blue.ruin.1,1.215224913,2.57979801
23,8/11/2021 7:05,7:05,7,12.498,blue.ruin.1,1.072110553,2.517540201
23,8/11/2021 7:20,7:20,7,12.435,blue.ruin.1,1.148547718,2.598995332
23,8/11/2021 7:30,7:30,7,12.498,blue.ruin.1,1.087419355,2.627985484
23,8/11/2021 7:40,7:40,7,12.435,blue.ruin.1,1.251530612,2.756442602
23,8/11/2021 7:55,7:55,7,12.498,blue.ruin.1,1.204651163,2.886688953
23,8/11/2021 8:05,8:05,8,12.498,blue.ruin.1,1.213445378,3.016453782
23,8/11/2021 8:20,8:20,8,12.56,blue.ruin.1,1.149009901,3.182935644
23,8/11/2021 8:30,8:30,8,12.56,blue.ruin.1,1.211290323,3.332717742
23,8/11/2021 8:40,8:40,8,12.56,blue.ruin.1,1.318041237,3.429564433
23,8/11/2021 8:55,8:55,8,12.686,blue.ruin.1,1.137684729,3.620732759
23,8/11/2021 9:05,9:05,9,12.686,blue.ruin.1,1.270425532,3.613952128
23,8/11/2021 9:20,9:20,9,12.873,blue.ruin.1,1.094530154,3.781689516
23,8/11/2021 9:30,9:30,9,12.936,blue.ruin.1,1.097391304,3.85288587
23,8/11/2021 9:40,9:40,9,12.999,blue.ruin.1,1.098978599,3.99642376
23,8/11/2021 9:55,9:55,9,13.124,blue.ruin.1,1.092214533,4.09866782
23,8/11/2021 10:05,10:05,10,13.186,blue.ruin.1,1.093569554,4.150518373
23,8/11/2021 10:20,10:20,10,13.249,blue.ruin.1,1.088410887,4.340864135
23,8/11/2021 10:30,10:30,10,13.249,blue.ruin.1,1.093690852,4.415096609
23,8/11/2021 10:40,10:40,10,13.312,blue.ruin.1,1.08633218,4.588875433
23,8/11/2021 10:55,10:55,10,13.312,blue.ruin.1,1.151342282,4.523322148
23,8/11/2021 11:05,11:05,11,13.437,blue.ruin.1,1.098631179,4.589093821
23,8/11/2021 11:20,11:20,11,13.499,blue.ruin.1,1.09551167,4.660363779
23,8/11/2021 11:30,11:30,11,13.499,blue.ruin.1,1.163888889,4.819465278
23,8/11/2021 11:40,11:40,11,13.562,blue.ruin.1,1.121176471,4.780742647
23,8/11/2021 11:55,11:55,11,13.625,blue.ruin.1,1.096952818,4.919273837
23,8/11/2021 12:05,12:05,12,13.625,blue.ruin.1,1.137871287,4.95831745
23,8/11/2021 12:20,12:20,12,13.625,blue.ruin.1,1.181637168,5.016412611
23,8/11/2021 12:30,12:30,12,13.687,blue.ruin.1,1.147834646,5.063941929
23,8/11/2021 12:40,12:40,12,13.687,blue.ruin.1,1.258142857,4.994622143
23,8/11/2021 12:55,12:55,12,13.75,blue.ruin.1,1.264788732,5.048996479
23,8/11/2021 13:05,13:05,13,13.812,blue.ruin.1,1.218,4.92518
23,8/11/2021 13:20,13:20,13,13.812,blue.ruin.1,1.277385892,4.807629668
23,8/11/2021 13:30,13:30,13,13.937,blue.ruin.1,1.215449438,4.907686096
23,8/11/2021 13:40,13:40,13,13.875,blue.ruin.1,1.297775801,4.823102313
23,8/11/2021 13:55,13:55,13,13.812,blue.ruin.1,1.367241379,4.829
23,8/11/2021 14:05,14:05,14,13.75,blue.ruin.1,1.375510204,4.548
23,8/11/2021 14:20,14:20,14,13.687,blue.ruin.1,1.343,4.5003375
23,8/11/2021 14:30,14:30,14,13.75,blue.ruin.1,1.117880795,4.632521523
23,8/11/2021 14:40,14:40,14,13.687,blue.ruin.1,1.1054,4.580412
23,8/11/2021 14:55,14:55,14,13.687,blue.ruin.1,1.094869707,4.454989414
23,8/11/2021 15:05,15:05,15,13.625,blue.ruin.1,1.250443787,4.176507396
23,8/11/2021 15:20,15:20,15,13.687,blue.ruin.1,1.294762846,4.088165761
23,8/11/2021 15:30,15:30,15,13.625,blue.ruin.1,1.388035019,4.007
23,8/11/2021 15:40,15:40,15,13.625,blue.ruin.1,1.369117647,3.984
23,8/11/2021 15:55,15:55,15,13.625,blue.ruin.1,1.327173913,3.955258152
23,8/11/2021 16:05,16:05,16,13.625,blue.ruin.1,1.293604651,3.915975291
23,8/11/2021 16:20,16:20,16,13.562,blue.ruin.1,1.293220339,3.880603814
23,8/11/2021 16:30,16:30,16,13.625,blue.ruin.1,1.213135593,3.842118644
23,8/11/2021 16:40,16:40,16,13.562,blue.ruin.1,1.243558282,3.748817485
23,8/11/2021 16:55,16:55,16,13.562,blue.ruin.1,1.179245283,3.775377358
23,8/11/2021 17:05,17:05,17,13.562,blue.ruin.1,1.145859873,3.755007962
23,8/11/2021 17:20,17:20,17,13.562,blue.ruin.1,1.094470046,3.740767281
23,8/11/2021 17:30,17:30,17,13.499,blue.ruin.1,1.139503817,3.670561546
23,8/11/2021 17:40,17:40,17,13.562,blue.ruin.1,1.082248521,3.715859467
23,8/11/2021 17:55,17:55,17,13.499,blue.ruin.1,1.132142857,3.549803571
23,8/11/2021 18:05,18:05,18,13.374,blue.ruin.1,1.252047782,3.465588737
23,8/11/2021 18:20,18:20,18,13.437,blue.ruin.1,1.0952,3.502119
23,8/11/2021 18:30,18:30,18,13.374,blue.ruin.1,1.143238434,3.406907473
23,8/11/2021 18:40,18:40,18,13.437,blue.ruin.1,1.224423963,3.446179724
23,8/11/2021 18:55,18:55,18,13.312,blue.ruin.1,1.205595668,3.31798556
23,8/11/2021 19:05,19:05,19,13.312,blue.ruin.1,1.158945687,3.295602236
23,8/11/2021 19:20,19:20,19,13.312,blue.ruin.1,1.094615385,3.266492308
23,8/11/2021 19:30,19:30,19,13.312,blue.ruin.1,1.063004484,3.282650224
23,8/11/2021 19:40,19:40,19,13.249,blue.ruin.1,1.087165775,3.175421123
23,8/11/2021 19:55,19:55,19,13.186,blue.ruin.1,1.099230769,3.173519231
23,8/11/2021 20:05,20:05,20,13.249,blue.ruin.1,1.026256983,3.154748603
23,8/11/2021 20:20,20:20,20,13.186,blue.ruin.1,1.040957447,3.099307181
23,8/11/2021 20:30,20:30,20,13.124,blue.ruin.1,1.071875,3.029835938
23,8/11/2021 20:40,20:40,20,13.124,blue.ruin.1,1.042727273,2.960759091
23,8/11/2021 20:55,20:55,20,13.124,blue.ruin.1,1.011956522,2.879157609
23,8/11/2021 21:05,21:05,21,12.936,blue.ruin.1,1.153731343,2.793514925
23,8/11/2021 21:20,21:20,21,12.936,blue.ruin.1,1.113636364,2.735545455
23,8/11/2021 21:30,21:30,21,13.499,blue.ruin.1,0.922690152,2.780232477
23,8/11/2021 21:40,21:40,21,12.936,blue.ruin.1,1.070588235,2.659897059
23,8/11/2021 21:55,21:55,21,12.873,blue.ruin.1,1.098564593,2.622284689
23,8/11/2021 22:05,22:05,22,12.873,blue.ruin.1,1.098412698,2.570089286
23,8/11/2021 22:20,22:20,22,12.936,blue.ruin.1,1.021889401,2.54156682
23,8/11/2021 22:30,22:30,22,13.312,blue.ruin.1,0.92483871,2.597771261
23,8/11/2021 22:40,22:40,22,12.811,blue.ruin.1,1.091044776,2.533145522
23,8/11/2021 22:55,22:55,22,12.748,blue.ruin.1,1.182258065,2.488709677
23,8/11/2021 23:05,23:05,23,12.686,blue.ruin.1,1.245636364,2.536518182
23,8/11/2021 23:20,23:20,23,12.686,blue.ruin.1,1.207933579,2.504166052
23,8/11/2021 23:30,23:30,23,12.686,blue.ruin.1,1.207933579,2.383899446
23,8/11/2021 23:40,23:40,23,12.686,blue.ruin.1,1.129087452,2.463131179
23,8/11/2021 23:55,23:55,23,12.623,blue.ruin.1,1.236882129,2.471638783
23,8/12/2021 0:05,0:05,0,12.623,blue.ruin.1,1.252442997,2.46326873
23,8/12/2021 0:20,0:20,0,12.623,blue.ruin.1,1.159615385,2.483889423
23,8/12/2021 0:30,0:30,0,12.56,blue.ruin.1,1.266535433,2.46726378
23,8/12/2021 0:40,0:40,0,12.56,blue.ruin.1,1.266535433,2.485464567
23,8/12/2021 0:55,0:55,0,12.56,blue.ruin.1,1.216666667,2.414
23,8/12/2021 1:05,1:05,1,12.56,blue.ruin.1,1.184146341,2.43204878
23,8/12/2021 1:20,1:20,1,12.56,blue.ruin.1,1.177819549,2.466823308
23,8/12/2021 1:30,1:30,1,12.56,blue.ruin.1,1.177819549,2.460306391
23,8/12/2021 1:40,1:40,1,12.56,blue.ruin.1,1.13778626,2.418026718
23,8/12/2021 1:55,1:55,1,12.56,blue.ruin.1,1.13778626,2.446851145
23,8/12/2021 2:05,2:05,2,12.56,blue.ruin.1,1.098514851,2.415717822
23,8/12/2021 2:20,2:20,2,12.56,blue.ruin.1,1.098148148,2.396666667
23,8/12/2021 2:30,2:30,2,12.498,blue.ruin.1,1.169230769,2.417961538
23,8/12/2021 2:40,2:40,2,12.498,blue.ruin.1,1.163779528,2.447495079
23,8/12/2021 2:55,2:55,2,12.56,blue.ruin.1,1.097540984,2.405737705
23,8/12/2021 3:05,3:05,3,12.498,blue.ruin.1,1.197122302,2.411665468
23,8/12/2021 3:20,3:20,3,12.56,blue.ruin.1,1.076506024,2.380481928
23,8/12/2021 3:30,3:30,3,12.498,blue.ruin.1,1.119879518,2.397334337
23,8/12/2021 3:40,3:40,3,12.498,blue.ruin.1,1.090930233,2.379190698
23,8/12/2021 3:55,3:55,3,12.498,blue.ruin.1,1.09,2.3638
23,8/12/2021 4:05,4:05,4,12.498,blue.ruin.1,1.072110553,2.388233668
23,8/12/2021 4:20,4:20,4,12.498,blue.ruin.1,1.072110553,2.388233668
23,8/12/2021 4:30,4:30,4,12.435,blue.ruin.1,1.144827586,2.407474138
23,8/12/2021 4:40,4:40,4,12.498,blue.ruin.1,1.072110553,2.336336683
23,8/12/2021 4:55,4:55,4,12.435,blue.ruin.1,1.103797468,2.388061709
23,8/12/2021 5:05,5:05,5,12.435,blue.ruin.1,1.144827586,2.388448276
23,8/12/2021 5:20,5:20,5,12.435,blue.ruin.1,1.144827586,2.421340517
23,8/12/2021 5:30,5:30,5,12.498,blue.ruin.1,1.068994413,2.37176257
23,8/12/2021 5:40,5:40,5,12.498,blue.ruin.1,1.087419355,2.382906452
23,8/12/2021 5:55,5:55,5,12.498,blue.ruin.1,1.068994413,2.360572626
23,8/12/2021 6:05,6:05,6,12.498,blue.ruin.1,1.06509434,2.368915094
23,8/12/2021 6:20,6:20,6,12.498,blue.ruin.1,1.043865031,2.35454908
23,8/12/2021 6:30,6:30,6,12.498,blue.ruin.1,1.060071942,NA
23,8/12/2021 6:40,6:40,6,12.498,blue.ruin.1,1.060071942,2.409438849
23,8/12/2021 6:55,6:55,6,12.435,blue.ruin.1,1.144827586,2.470077586
23,8/12/2021 7:05,7:05,7,12.498,blue.ruin.1,1.072110553,2.448918342
23,8/12/2021 7:20,7:20,7,12.498,blue.ruin.1,1.088857143,2.511164286
23,8/12/2021 7:30,7:30,7,12.498,blue.ruin.1,1.09,2.55875
23,8/12/2021 7:40,7:40,7,12.498,blue.ruin.1,1.09,2.63295
23,8/12/2021 7:55,7:55,7,12.56,blue.ruin.1,1.063744076,2.746872038
23,8/12/2021 8:05,8:05,8,12.498,blue.ruin.1,1.159124088,2.881368613
23,8/12/2021 8:20,8:20,8,12.498,blue.ruin.1,1.197122302,3.035372302
23,8/12/2021 8:30,8:30,8,12.56,blue.ruin.1,1.098351648,3.107802198
23,8/12/2021 8:40,8:40,8,12.56,blue.ruin.1,1.098514851,3.162524752
23,8/12/2021 8:55,8:55,8,12.623,blue.ruin.1,1.089102564,3.330084936
23,8/12/2021 9:05,9:05,9,12.623,blue.ruin.1,1.113695652,3.444396196
23,8/12/2021 9:20,9:20,9,12.686,blue.ruin.1,1.096491228,3.546927632
23,8/12/2021 9:30,9:30,9,12.686,blue.ruin.1,1.096685083,3.633695442
23,8/12/2021 9:40,9:40,9,12.748,blue.ruin.1,1.090540541,3.786108108
23,8/12/2021 9:55,9:55,9,12.686,blue.ruin.1,1.216533865,3.830054781
23,8/12/2021 10:05,10:05,10,12.748,blue.ruin.1,1.10498155,4.028745387
23,8/12/2021 10:20,10:20,10,12.748,blue.ruin.1,1.204794521,4.027369863
23,8/12/2021 10:30,10:30,10,12.811,blue.ruin.1,1.17826087,4.166603261
23,8/12/2021 10:40,10:40,10,12.873,blue.ruin.1,1.147916667,4.395416667
23,8/12/2021 10:55,10:55,10,12.873,blue.ruin.1,1.242633929,4.239338728
23,8/12/2021 11:05,11:05,11,12.936,blue.ruin.1,1.169230769,4.492663462
23,8/12/2021 11:20,11:20,11,12.936,blue.ruin.1,1.252542373,4.496949153
23,8/12/2021 11:30,11:30,11,12.936,blue.ruin.1,1.312727273,4.697022727
23,8/12/2021 11:40,11:40,11,12.999,blue.ruin.1,1.230580357,4.904457589
23,8/12/2021 11:55,11:55,11,12.999,blue.ruin.1,1.324187726,4.583265794
23,8/12/2021 12:05,12:05,12,13.124,blue.ruin.1,1.159252669,4.877106762
23,8/12/2021 12:20,12:20,12,13.124,blue.ruin.1,1.242193309,4.817680297
23,8/12/2021 12:30,12:30,12,13.124,blue.ruin.1,1.320093458,4.786635514
23,8/12/2021 12:40,12:40,12,13.124,blue.ruin.1,1.336086957,4.737121739
23,8/12/2021 12:55,12:55,12,13.186,blue.ruin.1,1.316498741,4.759442695
23,8/12/2021 13:05,13:05,13,13.249,blue.ruin.1,1.30979021,4.746082168
23,8/12/2021 13:20,13:20,13,13.312,blue.ruin.1,1.325965665,4.594356223
23,8/12/2021 13:30,13:30,13,13.374,blue.ruin.1,1.320481928,4.625
23,8/12/2021 13:40,13:40,13,13.374,blue.ruin.1,1.339737991,4.582985808
23,8/12/2021 13:55,13:55,13,13.437,blue.ruin.1,1.352327935,4.521
23,8/12/2021 14:05,14:05,14,13.499,blue.ruin.1,1.285098522,4.560226601
23,8/12/2021 14:20,14:20,14,13.499,blue.ruin.1,1.29984472,4.579869177
23,8/12/2021 14:30,14:30,14,13.562,blue.ruin.1,1.219205298,4.751290563
23,8/12/2021 14:40,14:40,14,13.562,blue.ruin.1,1.161538462,4.809711538
23,8/12/2021 14:55,14:55,14,13.562,blue.ruin.1,1.161538462,4.648365385
23,8/12/2021 15:05,15:05,15,13.625,blue.ruin.1,1.045930233,4.805792151
23,8/12/2021 15:20,15:20,15,13.562,blue.ruin.1,1.219205298,4.5535
23,8/12/2021 15:30,15:30,15,13.562,blue.ruin.1,1.231052632,4.434431579
23,8/12/2021 15:40,15:40,15,13.562,blue.ruin.1,1.231052632,4.242863158
23,8/12/2021 15:55,15:55,15,13.515,blue.ruin.1,1.210526316,4.248796053
23,8/12/2021 16:05,16:05,16,13.562,blue.ruin.1,1.104736842,4.330971053
23,8/12/2021 16:20,16:20,16,13.499,blue.ruin.1,1.169117647,4.155588235
23,8/12/2021 16:30,16:30,16,13.499,blue.ruin.1,1.169117647,4.092838235
23,8/12/2021 16:40,16:40,16,13.499,blue.ruin.1,1.136702128,4.05974867
23,8/12/2021 16:55,16:55,16,13.562,blue.ruin.1,0.975233645,4.196313084
23,8/12/2021 17:05,17:05,17,13.562,blue.ruin.1,1.009183673,4.020372449
23,8/12/2021 17:20,17:20,17,13.562,blue.ruin.1,1.009183673,3.961765306
23,8/12/2021 17:30,17:30,17,13.562,blue.ruin.1,0.99488189,3.973757874
23,8/12/2021 17:40,17:40,17,13.562,blue.ruin.1,0.949882184,4.030357734
23,8/12/2021 17:55,17:55,17,13.499,blue.ruin.1,1.032432432,3.882719595
23,8/12/2021 18:05,18:05,18,13.499,blue.ruin.1,1.017777778,3.813911111
23,8/12/2021 18:20,18:20,18,13.499,blue.ruin.1,0.987730061,3.763023006
23,8/12/2021 18:30,18:30,18,13.437,blue.ruin.1,1.026829268,3.690073171
23,8/12/2021 18:40,18:40,18,13.374,blue.ruin.1,1.078571429,3.586107143
23,8/12/2021 18:55,18:55,18,13.499,blue.ruin.1,0.947732265,3.578947245
23,8/12/2021 19:05,19:05,19,13.312,blue.ruin.1,1.070754717,3.444792453
23,8/12/2021 19:20,19:20,19,13.312,blue.ruin.1,1.049386503,3.379064417
23,8/12/2021 19:30,19:30,19,13.312,blue.ruin.1,1.054918033,3.327737705
23,8/12/2021 19:40,19:40,19,13.374,blue.ruin.1,1.033269962,3.249591255
23,8/12/2021 19:55,19:55,19,13.312,blue.ruin.1,1.096440678,3.151966102
23,8/12/2021 20:05,20:05,20,13.312,blue.ruin.1,1.128438662,3.12732342
23,8/12/2021 20:20,20:20,20,13.312,blue.ruin.1,1.095116279,3.066530233
23,8/12/2021 20:30,20:30,20,14.313,blue.ruin.1,0.901002042,3.290825075
23,8/12/2021 20:40,20:40,20,13.249,blue.ruin.1,1.115189873,2.941504747
23,8/12/2021 20:55,20:55,20,13.186,blue.ruin.1,1.190772532,2.855320815
23,8/12/2021 21:05,21:05,21,13.186,blue.ruin.1,1.190772532,2.800272532
23,8/12/2021 21:20,21:20,21,13.186,blue.ruin.1,1.183596838,2.745912055
23,8/12/2021 21:30,21:30,21,13.186,blue.ruin.1,1.177472527,2.714881868
23,8/12/2021 21:40,21:40,21,13.124,blue.ruin.1,1.212040816,2.706859184
23,8/12/2021 21:55,21:55,21,13.061,blue.ruin.1,1.23307393,2.692368677
23,8/12/2021 22:05,22:05,22,12.999,blue.ruin.1,1.249440299,2.691329291
23,8/12/2021 22:20,22:20,22,12.936,blue.ruin.1,1.158064516,2.609818548
23,8/12/2021 22:30,22:30,22,12.811,blue.ruin.1,1.275178571,2.614625446
23,8/12/2021 22:40,22:40,22,12.748,blue.ruin.1,1.251345291,2.613345291
23,8/12/2021 22:55,22:55,22,12.686,blue.ruin.1,1.245636364,2.56008
23,8/12/2021 23:05,23:05,23,12.623,blue.ruin.1,1.289473684,2.649993421
23,8/12/2021 23:20,23:20,23,12.623,blue.ruin.1,1.203991597,2.524615546
23,8/12/2021 23:30,23:30,23,12.686,blue.ruin.1,1.074193548,2.44178629
23,8/12/2021 23:40,23:40,23,12.623,blue.ruin.1,1.159615385,2.503192308
23,8/12/2021 23:55,23:55,23,12.623,blue.ruin.1,1.113695652,2.470851087
23,8/13/2021 0:05,0:05,0,12.623,blue.ruin.1,1.113695652,2.445709239
23,8/13/2021 0:20,0:20,0,12.623,blue.ruin.1,1.113695652,2.438983152
23,8/13/2021 0:30,0:30,0,12.623,blue.ruin.1,1.150912409,2.41844708
23,8/13/2021 0:40,0:40,0,12.56,blue.ruin.1,1.19159292,2.460865044
23,8/13/2021 0:55,0:55,0,12.623,blue.ruin.1,1.083441558,2.405044643
23,8/13/2021 1:05,1:05,1,12.56,blue.ruin.1,1.177819549,2.453843985
23,8/13/2021 1:20,1:20,1,12.56,blue.ruin.1,1.177819549,2.429857143
23,8/13/2021 1:30,1:30,1,12.56,blue.ruin.1,1.140909091,2.431681818
23,8/13/2021 1:40,1:40,1,12.498,blue.ruin.1,1.213445378,2.461481092
23,8/13/2021 1:55,1:55,1,12.498,blue.ruin.1,1.169230769,2.450451923
23,8/13/2021 2:05,2:05,2,12.498,blue.ruin.1,1.163779528,2.441319882
23,8/13/2021 2:20,2:20,2,12.56,blue.ruin.1,1.055263158,2.368947368
23,8/13/2021 2:30,2:30,2,12.498,blue.ruin.1,1.119879518,2.401078313
23,8/13/2021 2:40,2:40,2,12.498,blue.ruin.1,1.159124088,2.417109489
23,8/13/2021 2:55,2:55,2,12.498,blue.ruin.1,1.087419355,2.36585
23,8/13/2021 3:05,3:05,3,12.498,blue.ruin.1,1.085555556,2.367944444
23,8/13/2021 3:20,3:20,3,12.498,blue.ruin.1,1.087419355,2.37443871
23,8/13/2021 3:30,3:30,3,12.498,blue.ruin.1,1.085555556,2.386244444
23,8/13/2021 3:40,3:40,3,12.498,blue.ruin.1,1.088857143,2.38692
23,8/13/2021 3:55,3:55,3,12.435,blue.ruin.1,1.144827586,2.430017241
23,8/13/2021 4:05,4:05,4,12.435,blue.ruin.1,1.178947368,2.456592105
23,8/13/2021 4:20,4:20,4,12.498,blue.ruin.1,1.060071942,2.374023381
23,8/13/2021 4:30,4:30,4,12.435,blue.ruin.1,1.148547718,2.441465249
23,8/13/2021 4:40,4:40,4,12.435,blue.ruin.1,1.178947368,2.398006579
23,8/13/2021 4:55,4:55,4,12.435,blue.ruin.1,1.148547718,2.421114108
23,8/13/2021 5:05,5:05,5,12.435,blue.ruin.1,1.144827586,2.41199569
23,8/13/2021 5:20,5:20,5,12.435,blue.ruin.1,1.144827586,2.406637931
23,8/13/2021 5:30,5:30,5,12.435,blue.ruin.1,1.144827586,2.431965517
23,8/13/2021 5:40,5:40,5,12.435,blue.ruin.1,1.144827586,2.421965517
23,8/13/2021 5:55,5:55,5,12.435,blue.ruin.1,1.144827586,2.425862069
23,8/13/2021 6:05,6:05,6,12.435,blue.ruin.1,1.144827586,2.413198276
23,8/13/2021 6:20,6:20,6,12.498,blue.ruin.1,1.060071942,2.351453237
23,8/13/2021 6:30,6:30,6,12.498,blue.ruin.1,1.085555556,2.391494444
23,8/13/2021 6:40,6:40,6,12.498,blue.ruin.1,1.060071942,2.376681655
23,8/13/2021 6:55,6:55,6,12.498,blue.ruin.1,1.05,2.35425
23,8/13/2021 7:05,7:05,7,12.498,blue.ruin.1,1.060071942,2.418332734
23,8/13/2021 7:20,7:20,7,12.498,blue.ruin.1,1.06509434,2.467976415
23,8/13/2021 7:30,7:30,7,12.498,blue.ruin.1,1.087419355,2.522377419
23,8/13/2021 7:40,7:40,7,12.498,blue.ruin.1,1.116019417,2.533723301
23,8/13/2021 7:55,7:55,7,12.56,blue.ruin.1,1.069047619,2.705
23,8/13/2021 8:05,8:05,8,12.498,blue.ruin.1,1.155102041,2.843571429
23,8/13/2021 8:20,8:20,8,12.56,blue.ruin.1,1.079032258,2.947096774
23,8/13/2021 8:30,8:30,8,12.56,blue.ruin.1,1.098351648,3.058612637
23,8/13/2021 8:40,8:40,8,12.56,blue.ruin.1,1.135106383,3.202473404
23,8/13/2021 8:55,8:55,8,12.56,blue.ruin.1,1.167647059,3.423735294
23,8/13/2021 9:05,9:05,9,12.56,blue.ruin.1,1.172377622,3.497776224
23,8/13/2021 9:20,9:20,9,12.56,blue.ruin.1,1.243877551,3.616979592
23,8/13/2021 9:30,9:30,9,12.623,blue.ruin.1,1.183053691,3.761249161
23,8/13/2021 9:40,9:40,9,12.811,blue.ruin.1,1.008474576,3.962868644
23,8/13/2021 9:55,9:55,9,12.686,blue.ruin.1,1.216533865,4.01414741
23,8/13/2021 10:05,10:05,10,12.686,blue.ruin.1,1.270425532,3.972231915
23,8/13/2021 10:20,10:20,10,12.811,blue.ruin.1,1.122222222,4.192805556
23,8/13/2021 10:30,10:30,10,12.811,blue.ruin.1,1.199630996,4.285450185
23,8/13/2021 10:40,10:40,10,12.811,blue.ruin.1,1.249414063,4.32106543
23,8/13/2021 10:55,10:55,10,12.936,blue.ruin.1,1.112676056,4.622683099
23,8/13/2021 11:05,11:05,11,12.873,blue.ruin.1,1.283390411,4.433253425
23,8/13/2021 11:20,11:20,11,12.999,blue.ruin.1,1.15765625,4.732422266
23,8/13/2021 11:30,11:30,11,12.936,blue.ruin.1,1.26744186,4.729703488
23,8/13/2021 11:40,11:40,11,12.999,blue.ruin.1,1.264721485,4.491394231
23,8/13/2021 11:55,11:55,11,12.999,blue.ruin.1,1.236693548,4.810981855
