ibutton,date.time,time,hour,ibutton.temp,site,fish.depth,dissolved.oxygen
1,7/25/2021 5:05,5:05,5,11.812,blue.ruin.1,1.6,5.012
1,7/25/2021 5:10,5:10,5,10.625,blue.ruin.1,1.6,4.791
1,7/25/2021 5:25,5:25,5,11.875,blue.ruin.1,1.6,5.066
1,7/25/2021 5:35,5:35,5,11.75,blue.ruin.1,1.6,5.063
1,7/25/2021 5:50,5:50,5,11.875,blue.ruin.1,1.6,NA
1,7/25/2021 6:00,6:00,6,11.125,blue.ruin.1,1.6,4.989
1,7/25/2021 6:10,6:10,6,10.688,blue.ruin.1,1.6,NA
1,7/25/2021 6:25,6:25,6,12.812,blue.ruin.1,1.6,5.192
1,7/25/2021 6:35,6:35,6,11.312,blue.ruin.1,1.6,4.962
1,7/25/2021 6:50,6:50,6,11.438,blue.ruin.1,1.6,4.954
1,7/25/2021 7:00,7:00,7,10.875,blue.ruin.1,1.6,5.087
1,7/25/2021 7:10,7:10,7,12.625,blue.ruin.1,1.6,4.749
1,7/25/2021 7:25,7:25,7,12.812,blue.ruin.1,1.6,4.77
1,7/25/2021 7:35,7:35,7,13.375,blue.ruin.1,1.6,4.943
1,7/25/2021 7:50,7:50,7,13.625,blue.ruin.1,1.384677419,4.695
1,7/25/2021 8:00,8:00,8,14.062,blue.ruin.1,1.09859331,6.663050836
1,7/25/2021 8:10,8:10,8,14.062,blue.ruin.1,1.178779841,6.072937666
1,7/25/2021 8:25,8:25,8,13.5,blue.ruin.1,1.6,4.539
1,7/25/2021 8:35,8:35,8,11.562,blue.ruin.1,1.6,4.364
1,7/25/2021 8:50,8:50,8,13,blue.ruin.1,1.6,4.377
1,7/25/2021 9:00,9:00,9,12.688,blue.ruin.1,1.6,4.384
1,7/25/2021 9:10,9:10,9,13.625,blue.ruin.1,1.424152542,4.283
1,7/25/2021 9:25,9:25,9,14.062,blue.ruin.1,1.099198099,6.328261546
1,7/25/2021 9:35,9:35,9,13.562,blue.ruin.1,1.382051282,4.218
1,7/25/2021 9:50,9:50,9,14.312,blue.ruin.1,1.090622274,6.515689735
1,7/25/2021 10:00,10:00,10,13.938,blue.ruin.1,1.095148715,6.333130487
1,7/25/2021 10:10,10:10,10,13.688,blue.ruin.1,1.101698113,6.097911321
1,7/25/2021 10:25,10:25,10,13.562,blue.ruin.1,1.242776204,4.903141997
1,7/25/2021 10:35,10:35,10,13.312,blue.ruin.1,1.338235294,4.131058824
1,7/25/2021 10:50,10:50,10,12.75,blue.ruin.1,1.6,3.837
1,7/25/2021 11:00,11:00,11,13.125,blue.ruin.1,1.476181102,3.751
1,7/25/2021 11:10,11:10,11,12.125,blue.ruin.1,1.6,3.68
1,7/25/2021 11:25,11:25,11,15.875,blue.ruin.1,1.054032258,6.597336694
1,7/25/2021 11:35,11:35,11,17.125,blue.ruin.1,1.023818898,6.581973425
1,7/25/2021 11:50,11:50,11,14,blue.ruin.1,1.092192498,6.060114859
1,7/25/2021 12:00,12:00,12,16.75,blue.ruin.1,1.031134565,6.613055739
1,7/25/2021 12:10,12:10,12,16.875,blue.ruin.1,1.028047896,6.446837355
1,7/25/2021 12:25,12:25,12,17,blue.ruin.1,1.020967742,6.217951613
1,7/25/2021 12:35,12:35,12,17.438,blue.ruin.1,1.004980268,5.954691871
1,7/25/2021 12:50,12:50,12,17.812,blue.ruin.1,0.993602666,6.231941717
1,7/25/2021 13:00,13:00,13,17.938,blue.ruin.1,0.98760641,5.472258888
1,7/25/2021 13:10,13:10,13,18.125,blue.ruin.1,0.972531031,5.341092485
1,7/25/2021 13:25,13:25,13,18,blue.ruin.1,0.9646865,4.966811335
1,7/25/2021 13:35,13:35,13,18.062,blue.ruin.1,0.961317536,4.767983649
1,7/25/2021 13:50,13:50,13,18.375,blue.ruin.1,0.951289398,5.123962393
1,7/25/2021 14:00,14:00,14,18.312,blue.ruin.1,0.952519565,4.989102882
1,7/25/2021 14:10,14:10,14,18.438,blue.ruin.1,0.941190108,5.03324856
1,7/25/2021 14:25,14:25,14,18.812,blue.ruin.1,0.847324584,5.252306916
1,7/25/2021 14:35,14:35,14,18.75,blue.ruin.1,0.826912378,4.775381211
1,7/25/2021 14:50,14:50,14,18.938,blue.ruin.1,0.677472878,5.448319313
1,7/25/2021 15:00,15:00,15,19.062,blue.ruin.1,0.606342105,5.596766507
1,7/25/2021 15:10,15:10,15,19.25,blue.ruin.1,0.548049281,6.006359903
1,7/25/2021 15:25,15:25,15,19.25,blue.ruin.1,0.528866073,6.065763137
1,7/25/2021 15:35,15:35,15,19.188,blue.ruin.1,0.522335766,5.803668215
1,7/25/2021 15:50,15:50,15,19.375,blue.ruin.1,0.50738417,5.764218147
1,7/25/2021 16:00,16:00,16,19.812,blue.ruin.1,0.180521092,6.54
1,7/25/2021 16:10,16:10,16,19.75,blue.ruin.1,0.225884244,6.48
1,7/25/2021 16:25,16:25,16,19.75,blue.ruin.1,0.235465116,6.6
1,7/25/2021 16:35,16:35,16,19.625,blue.ruin.1,0.3125,6.515833333
1,7/25/2021 16:50,16:50,16,19.688,blue.ruin.1,0.136075949,6.4
1,7/25/2021 17:00,17:00,17,19.625,blue.ruin.1,0.12296748,6.25
1,7/25/2021 17:10,17:10,17,19.688,blue.ruin.1,0.009689922,6.2
1,7/25/2021 17:25,17:25,17,19.562,blue.ruin.1,0.038973384,5.91
1,7/25/2021 17:35,17:35,17,19.688,blue.ruin.1,1.6,3.098
1,7/25/2021 17:50,17:50,17,19.188,blue.ruin.1,0.196202532,5.12
1,7/25/2021 18:00,18:00,18,18.375,blue.ruin.1,0.517672414,4.867452978
1,7/25/2021 18:10,18:10,18,19,blue.ruin.1,0.207627119,4.62
1,7/25/2021 18:25,18:25,18,19.25,blue.ruin.1,1.6,2.998
1,7/25/2021 18:35,18:35,18,19.125,blue.ruin.1,1.6,3.013
1,7/25/2021 18:50,18:50,18,19,blue.ruin.1,0.009615385,4.8
1,7/25/2021 19:00,19:00,19,18.938,blue.ruin.1,1.6,2.916
1,7/25/2021 19:10,19:10,19,18.875,blue.ruin.1,0.050724638,3.69
1,7/25/2021 19:25,19:25,19,18.812,blue.ruin.1,0.290816327,4.764965986
1,7/25/2021 19:35,19:35,19,18.75,blue.ruin.1,0.50244123,4.515443038
1,7/25/2021 19:50,19:50,19,18.625,blue.ruin.1,0.268295455,4.853174242
1,7/25/2021 20:00,20:00,20,18.625,blue.ruin.1,0.010614525,5.04
1,7/25/2021 20:10,20:10,20,18.75,blue.ruin.1,1.6,3.004
1,7/25/2021 20:25,20:25,20,18.438,blue.ruin.1,0.034402269,5.38
1,7/25/2021 20:35,20:35,20,18.562,blue.ruin.1,0.25,5.65
1,7/25/2021 20:50,20:50,20,18.25,blue.ruin.1,0.063413477,5.72
1,7/25/2021 21:00,21:00,21,18.562,blue.ruin.1,1.6,2.984
1,7/25/2021 21:10,21:10,21,18.688,blue.ruin.1,1.6,2.988
1,7/25/2021 21:25,21:25,21,18.625,blue.ruin.1,1.6,2.95
1,7/25/2021 21:35,21:35,21,18.562,blue.ruin.1,1.6,2.965
1,7/25/2021 21:50,21:50,21,18.5,blue.ruin.1,1.6,2.99
1,7/25/2021 22:00,22:00,22,18.438,blue.ruin.1,1.6,3.005
1,7/25/2021 22:10,22:10,22,18.25,blue.ruin.1,1.6,2.991
1,7/25/2021 22:25,22:25,22,18.188,blue.ruin.1,1.6,2.985
1,7/25/2021 22:35,22:35,22,18.125,blue.ruin.1,1.6,2.995
1,7/25/2021 22:50,22:50,22,18.062,blue.ruin.1,1.6,2.952
1,7/25/2021 23:00,23:00,23,17.938,blue.ruin.1,0.357142857,5.212857143
1,7/25/2021 23:10,23:10,23,17.75,blue.ruin.1,0.3,5.53
1,7/25/2021 23:25,23:25,23,17.812,blue.ruin.1,0.147058824,5.81
1,7/25/2021 23:35,23:35,23,17.75,blue.ruin.1,0.007328191,5.81
1,7/25/2021 23:50,23:50,23,17.688,blue.ruin.1,0.020299145,5.85
1,7/26/2021 0:00,0:00,0,17.625,blue.ruin.1,0.02673084,5.83
1,7/26/2021 0:10,0:10,0,17.562,blue.ruin.1,0.038782393,5.9
1,7/26/2021 0:25,0:25,0,17.5,blue.ruin.1,0.055367139,5.9
1,7/26/2021 0:35,0:35,0,17.375,blue.ruin.1,0.101127952,5.92
1,7/26/2021 0:50,0:50,0,17.312,blue.ruin.1,0.344705882,5.564352941
1,7/26/2021 1:00,1:00,1,17.25,blue.ruin.1,0.356737589,5.485153664
1,7/26/2021 1:10,1:10,1,17.188,blue.ruin.1,0.374966443,5.480174497
1,7/26/2021 1:25,1:25,1,17.125,blue.ruin.1,0.397159091,5.690037879
1,7/26/2021 1:35,1:35,1,16.938,blue.ruin.1,0.47225,5.403331818
1,7/26/2021 1:50,1:50,1,16.938,blue.ruin.1,0.494375,5.210068182
1,7/26/2021 2:00,2:00,2,16.875,blue.ruin.1,0.505443548,5.28558651
1,7/26/2021 2:10,2:10,2,16.812,blue.ruin.1,0.542068966,5.112721003
1,7/26/2021 2:25,2:25,2,16.75,blue.ruin.1,0.675903614,4.922946331
1,7/26/2021 2:35,2:35,2,16.688,blue.ruin.1,0.764545455,4.73985124
1,7/26/2021 2:50,2:50,2,16.688,blue.ruin.1,0.780526316,5.514755981
1,7/26/2021 3:00,3:00,3,16.625,blue.ruin.1,0.755769231,5.899965035
1,7/26/2021 3:10,3:10,3,16.562,blue.ruin.1,0.750315789,5.567584689
1,7/26/2021 3:25,3:25,3,16.562,blue.ruin.1,0.770531915,5.587139265
1,7/26/2021 3:35,3:35,3,16.5,blue.ruin.1,0.509568404,6.959263399
1,7/26/2021 3:50,3:50,3,16.438,blue.ruin.1,0.961966054,5.641520792
1,7/26/2021 4:00,4:00,4,16.375,blue.ruin.1,0.967634855,5.851981328
1,7/26/2021 4:10,4:10,4,16.312,blue.ruin.1,0.977571467,5.893086294
1,7/26/2021 4:25,4:25,4,16.25,blue.ruin.1,0.982980132,NA
1,7/26/2021 4:35,4:35,4,16.188,blue.ruin.1,0.98722449,6.171017143
1,7/26/2021 4:50,4:50,4,16.188,blue.ruin.1,1.000060812,6.389030163
1,7/26/2021 5:00,5:00,5,16.125,blue.ruin.1,1.009734513,6.554634956
1,7/26/2021 5:10,5:10,5,16.062,blue.ruin.1,1.011764706,6.187794118
1,7/26/2021 5:25,5:25,5,16,blue.ruin.1,1.02307525,NA
1,7/26/2021 5:35,5:35,5,15.938,blue.ruin.1,1.029008568,6.620143054
1,7/26/2021 5:50,5:50,5,15.875,blue.ruin.1,1.031377858,6.286398165
1,7/26/2021 6:00,6:00,6,15.812,blue.ruin.1,1.036013986,NA
1,7/26/2021 6:10,6:10,6,15.75,blue.ruin.1,1.041110683,6.593557655
1,7/26/2021 6:25,6:25,6,15.688,blue.ruin.1,1.04244392,NA
1,7/26/2021 6:35,6:35,6,15.688,blue.ruin.1,1.048867497,7.354816818
1,7/26/2021 6:50,6:50,6,15.688,blue.ruin.1,1.05498398,6.912776522
1,7/26/2021 7:00,7:00,7,15.625,blue.ruin.1,1.055472855,6.909779772
1,7/26/2021 7:10,7:10,7,15.5,blue.ruin.1,1.063375131,6.891148119
1,7/26/2021 7:25,7:25,7,15.562,blue.ruin.1,1.060237389,6.703220326
1,7/26/2021 7:35,7:35,7,15.625,blue.ruin.1,1.05981347,6.861066049
1,7/26/2021 7:50,7:50,7,15.75,blue.ruin.1,1.054159761,6.552177038
1,7/26/2021 8:00,8:00,8,15.625,blue.ruin.1,1.060250249,7.110779645
1,7/26/2021 8:10,8:10,8,15.812,blue.ruin.1,1.058015899,7.032439053
1,7/26/2021 8:25,8:25,8,15.812,blue.ruin.1,1.058508634,6.945371429
1,7/26/2021 8:35,8:35,8,15.438,blue.ruin.1,1.067759218,6.715865466
1,7/26/2021 8:50,8:50,8,15.875,blue.ruin.1,1.056896287,6.728372871
1,7/26/2021 9:00,9:00,9,15.875,blue.ruin.1,1.055479349,6.970627544
1,7/26/2021 9:10,9:10,9,15.938,blue.ruin.1,1.056505914,6.586854982
1,7/26/2021 9:25,9:25,9,15.688,blue.ruin.1,1.060144039,6.693210696
1,7/26/2021 9:35,9:35,9,15.812,blue.ruin.1,1.057030527,6.385901711
1,7/26/2021 9:50,9:50,9,15.812,blue.ruin.1,1.05570189,6.519016424
1,7/26/2021 10:00,10:00,10,15.875,blue.ruin.1,1.051525822,6.355713028
1,7/26/2021 10:10,10:10,10,16,blue.ruin.1,1.043840231,5.977164341
1,7/26/2021 10:25,10:25,10,16.062,blue.ruin.1,1.040798669,6.195986148
1,7/26/2021 10:35,10:35,10,16.188,blue.ruin.1,1.039466882,6.377815024
1,7/26/2021 10:50,10:50,10,16.312,blue.ruin.1,1.040318665,6.787357815
1,7/26/2021 11:00,11:00,11,16.312,blue.ruin.1,1.040467461,6.498619157
1,7/26/2021 11:10,11:10,11,16.5,blue.ruin.1,1.036739328,6.420831063
1,7/26/2021 11:25,11:25,11,16.562,blue.ruin.1,1.030761874,6.155485934
1,7/26/2021 11:35,11:35,11,16.438,blue.ruin.1,1.03287052,5.976743179
1,7/26/2021 11:50,11:50,11,16.688,blue.ruin.1,1.018948655,5.766650367
1,7/26/2021 12:00,12:00,12,17,blue.ruin.1,1.003831776,5.281835514
1,7/26/2021 12:10,12:10,12,17.438,blue.ruin.1,0.985562653,5.356856331
1,7/26/2021 12:25,12:25,12,17.5,blue.ruin.1,0.96101274,4.601201684
1,7/26/2021 12:35,12:35,12,17.75,blue.ruin.1,0.897559055,4.64373801
1,7/26/2021 12:50,12:50,12,17.812,blue.ruin.1,0.805625513,4.953246398
1,7/26/2021 13:00,13:00,13,17.875,blue.ruin.1,0.762593237,5.230069843
1,7/26/2021 13:10,13:10,13,17.562,blue.ruin.1,0.777609825,4.953297119
1,7/26/2021 13:25,13:25,13,17.5,blue.ruin.1,0.76176741,4.816559203
1,7/26/2021 13:35,13:35,13,17.75,blue.ruin.1,0.723986486,5.064563882
1,7/26/2021 13:50,13:50,13,18.812,blue.ruin.1,0.604606932,5.771710597
1,7/26/2021 14:00,14:00,14,18.188,blue.ruin.1,0.649337482,5.18743717
1,7/26/2021 14:10,14:10,14,18.312,blue.ruin.1,0.623953131,5.222687459
1,7/26/2021 14:25,14:25,14,18.875,blue.ruin.1,0.562354892,5.715688226
1,7/26/2021 14:35,14:35,14,18.75,blue.ruin.1,0.561481615,5.608726486
1,7/26/2021 14:50,14:50,14,18.688,blue.ruin.1,0.556040149,5.410781666
1,7/26/2021 15:00,15:00,15,18.562,blue.ruin.1,0.565640327,5.309901907
1,7/26/2021 15:10,15:10,15,18.625,blue.ruin.1,0.555812013,5.300793811
1,7/26/2021 15:25,15:25,15,19.188,blue.ruin.1,0.478438228,5.765092181
1,7/26/2021 15:35,15:35,15,19.312,blue.ruin.1,0.338983051,6.324576271
1,7/26/2021 15:50,15:50,15,19.562,blue.ruin.1,0.177432217,6.38
1,7/26/2021 16:00,16:00,16,19.562,blue.ruin.1,0.150757576,6.07
1,7/26/2021 16:10,16:10,16,19.625,blue.ruin.1,0.108141447,6.02
1,7/26/2021 16:25,16:25,16,19.562,blue.ruin.1,0.094208809,5.92
1,7/26/2021 16:35,16:35,16,19.5,blue.ruin.1,0.095360825,5.71
1,7/26/2021 16:50,16:50,16,19.625,blue.ruin.1,0.000881834,5.45
1,7/26/2021 17:00,17:00,17,19.625,blue.ruin.1,1.6,2.924
1,7/26/2021 17:10,17:10,17,19.625,blue.ruin.1,1.6,2.985
1,7/26/2021 17:25,17:25,17,19.625,blue.ruin.1,1.6,2.936
1,7/26/2021 17:35,17:35,17,19.25,blue.ruin.1,0.161067194,5.57
1,7/26/2021 17:50,17:50,17,19.188,blue.ruin.1,0.205696203,5.31
1,7/26/2021 18:00,18:00,18,19.062,blue.ruin.1,0.360486891,5.441997503
1,7/26/2021 18:10,18:10,18,19.062,blue.ruin.1,0.360486891,5.253995006
1,7/26/2021 18:25,18:25,18,19.375,blue.ruin.1,1.6,3.047
1,7/26/2021 18:35,18:35,18,19.438,blue.ruin.1,1.6,3.066
1,7/26/2021 18:50,18:50,18,19.375,blue.ruin.1,1.6,2.95
1,7/26/2021 19:00,19:00,19,19.312,blue.ruin.1,1.6,3.12
1,7/26/2021 19:10,19:10,19,19.188,blue.ruin.1,1.6,3.068
1,7/26/2021 19:25,19:25,19,19.25,blue.ruin.1,1.6,3.095
1,7/26/2021 19:35,19:35,19,19,blue.ruin.1,1.6,2.923
1,7/26/2021 19:50,19:50,19,18.75,blue.ruin.1,0.113861386,5.03
1,7/26/2021 20:00,20:00,20,18.812,blue.ruin.1,1.6,2.908
1,7/26/2021 20:10,20:10,20,18.875,blue.ruin.1,1.6,2.949
1,7/26/2021 20:25,20:25,20,18.688,blue.ruin.1,0.03600823,5.24
1,7/26/2021 20:35,20:35,20,18.688,blue.ruin.1,1.6,2.98
1,7/26/2021 20:50,20:50,20,18.5,blue.ruin.1,0.16828479,5
1,7/26/2021 21:00,21:00,21,18.5,blue.ruin.1,0.278248588,4.902655367
1,7/26/2021 21:10,21:10,21,18.375,blue.ruin.1,0.483208955,3.910115332
1,7/26/2021 21:25,21:25,21,17,blue.ruin.1,0.619210685,3.514898939
1,7/26/2021 21:35,21:35,21,16,blue.ruin.1,0.696784566,3.191379714
1,7/26/2021 21:50,21:50,21,15.938,blue.ruin.1,0.679928882,3.269496426
1,7/26/2021 22:00,22:00,22,16.312,blue.ruin.1,0.625992743,3.241874072
1,7/26/2021 22:10,22:10,22,17.938,blue.ruin.1,0.29218107,4.721303155
1,7/26/2021 22:25,22:25,22,18,blue.ruin.1,0.115637319,4.98
1,7/26/2021 22:35,22:35,22,18,blue.ruin.1,0.127946128,4.92
1,7/26/2021 22:50,22:50,22,17.875,blue.ruin.1,0.396169355,4.053790323
1,7/26/2021 23:00,23:00,23,17.75,blue.ruin.1,0.504227941,3.547316176
1,7/26/2021 23:10,23:10,23,17.75,blue.ruin.1,0.508605799,3.592081207
1,7/26/2021 23:25,23:25,23,15.5,blue.ruin.1,0.720665009,2.919592067
1,7/26/2021 23:35,23:35,23,17.312,blue.ruin.1,0.547541154,3.357361761
1,7/26/2021 23:50,23:50,23,17.562,blue.ruin.1,0.513193419,3.370974478
1,7/27/2021 0:00,0:00,0,17.5,blue.ruin.1,0.50995785,3.402095028
1,7/27/2021 0:10,0:10,0,17.438,blue.ruin.1,0.506821053,3.384415694
1,7/27/2021 0:25,0:25,0,17.375,blue.ruin.1,0.480429293,3.405463728
1,7/27/2021 0:35,0:35,0,15.938,blue.ruin.1,0.644343141,3.117919602
1,7/27/2021 0:50,0:50,0,17.188,blue.ruin.1,0.55372036,3.34212369
1,7/27/2021 1:00,1:00,1,17.188,blue.ruin.1,0.560946555,3.580064977
1,7/27/2021 1:10,1:10,1,17.188,blue.ruin.1,0.352883721,4.529308527
1,7/27/2021 1:25,1:25,1,17.188,blue.ruin.1,0.373351351,4.330590991
1,7/27/2021 1:35,1:35,1,17.125,blue.ruin.1,0.40496988,4.455361446
1,7/27/2021 1:50,1:50,1,17.062,blue.ruin.1,0.432173913,4.52113834
1,7/27/2021 2:00,2:00,2,17.062,blue.ruin.1,0.46979021,4.460326764
1,7/27/2021 2:10,2:10,2,16.75,blue.ruin.1,0.518037975,4.428032221
1,7/27/2021 2:25,2:25,2,16.938,blue.ruin.1,0.485328947,4.978684211
1,7/27/2021 2:35,2:35,2,16.938,blue.ruin.1,0.534736842,4.677598086
1,7/27/2021 2:50,2:50,2,16.688,blue.ruin.1,0.644645669,4.850379384
1,7/27/2021 3:00,3:00,3,16.75,blue.ruin.1,0.582986111,5.315012626
1,7/27/2021 3:10,3:10,3,16.75,blue.ruin.1,0.605035971,5.526657946
1,7/27/2021 3:25,3:25,3,16.688,blue.ruin.1,0.695245902,4.694691505
1,7/27/2021 3:35,3:35,3,16.625,blue.ruin.1,0.709722222,5.415378788
1,7/27/2021 3:50,3:50,3,16.562,blue.ruin.1,0.761626016,5.388845528
1,7/27/2021 4:00,4:00,4,16.5,blue.ruin.1,0.7859375,5.437840909
1,7/27/2021 4:10,4:10,4,14,blue.ruin.1,1.050979974,4.475889433
1,7/27/2021 4:25,4:25,4,15.5,blue.ruin.1,0.96092675,4.683935654
1,7/27/2021 4:35,4:35,4,16.062,blue.ruin.1,0.95409234,5.194066107
1,7/27/2021 4:50,4:50,4,15.562,blue.ruin.1,0.986961603,5.182114357
1,7/27/2021 5:00,5:00,5,15.25,blue.ruin.1,1.017430783,4.80061365
1,7/27/2021 5:10,5:10,5,14.375,blue.ruin.1,1.05896408,4.428577614
1,7/27/2021 5:25,5:25,5,14.688,blue.ruin.1,1.029843025,5.349898502
1,7/27/2021 5:35,5:35,5,14.625,blue.ruin.1,1.035514984,4.831897821
1,7/27/2021 5:50,5:50,5,15.625,blue.ruin.1,1.007567128,5.022938873
1,7/27/2021 6:00,6:00,6,15.25,blue.ruin.1,1.001178333,3.99312434
1,7/27/2021 6:10,6:10,6,15.188,blue.ruin.1,0.965354901,3.82408788
1,7/27/2021 6:25,6:25,6,15.125,blue.ruin.1,0.946399177,3.979461279
1,7/27/2021 6:35,6:35,6,15.125,blue.ruin.1,0.903735632,4.576844305
1,7/27/2021 6:50,6:50,6,15.188,blue.ruin.1,0.869574468,5.091988395
1,7/27/2021 7:00,7:00,7,15.5,blue.ruin.1,0.816555184,5.560869565
1,7/27/2021 7:10,7:10,7,14.938,blue.ruin.1,0.882045455,4.93935124
1,7/27/2021 7:25,7:25,7,14.625,blue.ruin.1,0.929752131,5.004620088
1,7/27/2021 7:35,7:35,7,14.75,blue.ruin.1,0.918467767,5.07276521
1,7/27/2021 7:50,7:50,7,15.062,blue.ruin.1,0.893353752,5.340608102
1,7/27/2021 8:00,8:00,8,15.125,blue.ruin.1,0.879200542,5.319539295
1,7/27/2021 8:10,8:10,8,15.25,blue.ruin.1,0.87046636,5.337423275
1,7/27/2021 8:25,8:25,8,15.438,blue.ruin.1,0.858371626,5.409757715
1,7/27/2021 8:35,8:35,8,15.312,blue.ruin.1,0.867438121,5.412876902
1,7/27/2021 8:50,8:50,8,15.375,blue.ruin.1,0.855874638,5.28411369
1,7/27/2021 9:00,9:00,9,15.438,blue.ruin.1,0.851007252,5.327737895
1,7/27/2021 9:10,9:10,9,15.5,blue.ruin.1,0.851671713,5.285230893
1,7/27/2021 9:25,9:25,9,15.5,blue.ruin.1,0.84954575,5.28513775
1,7/27/2021 9:35,9:35,9,15.562,blue.ruin.1,0.846372599,5.311347091
1,7/27/2021 9:50,9:50,9,15.625,blue.ruin.1,0.842897301,4.953293921
1,7/27/2021 10:00,10:00,10,15.688,blue.ruin.1,0.836492537,4.855995929
1,7/27/2021 10:10,10:10,10,15.812,blue.ruin.1,0.824465692,5.001992024
1,7/27/2021 10:25,10:25,10,15.688,blue.ruin.1,0.831083114,4.628093952
1,7/27/2021 10:35,10:35,10,15.75,blue.ruin.1,0.825951104,4.590298797
1,7/27/2021 10:50,10:50,10,16,blue.ruin.1,0.804875864,4.58435861
1,7/27/2021 11:00,11:00,11,16,blue.ruin.1,0.796214511,4.619489533
1,7/27/2021 11:10,11:10,11,16.312,blue.ruin.1,0.780937943,4.599042939
1,7/27/2021 11:25,11:25,11,16.438,blue.ruin.1,0.771262502,4.502434082
1,7/27/2021 11:35,11:35,11,16.812,blue.ruin.1,0.743017988,4.788448186
1,7/27/2021 11:50,11:50,11,17.188,blue.ruin.1,0.714847339,4.706854904
1,7/27/2021 12:00,12:00,12,17,blue.ruin.1,0.717897407,4.724635134
1,7/27/2021 12:10,12:10,12,17.562,blue.ruin.1,0.665556549,4.822560653
1,7/27/2021 12:25,12:25,12,17.812,blue.ruin.1,0.632190095,4.773033752
1,7/27/2021 12:35,12:35,12,17.312,blue.ruin.1,0.658329412,4.553350588
1,7/27/2021 12:50,12:50,12,17.875,blue.ruin.1,0.618217357,4.468709219
1,7/27/2021 13:00,13:00,13,18,blue.ruin.1,0.604285714,4.819428571
1,7/27/2021 13:10,13:10,13,18.188,blue.ruin.1,0.577972486,4.581345919
1,7/27/2021 13:25,13:25,13,18.5,blue.ruin.1,0.54186747,4.665427163
1,7/27/2021 13:35,13:35,13,18.438,blue.ruin.1,0.53833874,4.691553541
1,7/27/2021 13:50,13:50,13,18.625,blue.ruin.1,0.553152434,4.438528622
1,7/27/2021 14:00,14:00,14,18.688,blue.ruin.1,0.574516709,4.546261324
1,7/27/2021 14:10,14:10,14,19,blue.ruin.1,0.575108853,4.898044597
1,7/27/2021 14:25,14:25,14,19.188,blue.ruin.1,0.574110841,5.020512784
1,7/27/2021 14:35,14:35,14,16.312,blue.ruin.1,0.762176204,3.972562165
1,7/27/2021 14:50,14:50,14,15.125,blue.ruin.1,0.82534153,3.416219573
1,7/27/2021 15:00,15:00,15,13.938,blue.ruin.1,0.891056845,2.991153359
1,7/27/2021 15:10,15:10,15,13.375,blue.ruin.1,0.920389542,2.770515082
1,7/27/2021 15:25,15:25,15,13,blue.ruin.1,0.944572864,2.62279397
1,7/27/2021 15:35,15:35,15,13.375,blue.ruin.1,0.903155819,2.768859602
1,7/27/2021 15:50,15:50,15,15.375,blue.ruin.1,0.671700415,3.511158597
1,7/27/2021 16:00,16:00,16,15.688,blue.ruin.1,0.629892368,3.600164561
1,7/27/2021 16:10,16:10,16,15.5,blue.ruin.1,0.654953338,3.347121321
1,7/27/2021 16:25,16:25,16,16.562,blue.ruin.1,0.579865125,3.508891224
1,7/27/2021 16:35,16:35,16,15.375,blue.ruin.1,0.708977204,3.174748106
1,7/27/2021 16:50,16:50,16,14.5,blue.ruin.1,0.792910375,2.912734226
1,7/27/2021 17:00,17:00,17,14.375,blue.ruin.1,0.808455175,2.980075728
1,7/27/2021 17:10,17:10,17,13.438,blue.ruin.1,0.890814743,2.682044617
1,7/27/2021 17:25,17:25,17,14.25,blue.ruin.1,0.813663724,2.961233766
1,7/27/2021 17:35,17:35,17,13.562,blue.ruin.1,0.872061483,2.755152063
1,7/27/2021 17:50,17:50,17,13.062,blue.ruin.1,0.91526571,2.605570455
1,7/27/2021 18:00,18:00,18,11.938,blue.ruin.1,1.6,2.757
1,7/27/2021 18:10,18:10,18,12.25,blue.ruin.1,1.087795276,2.585413386
1,7/27/2021 18:25,18:25,18,12.062,blue.ruin.1,1.486129032,2.815
1,7/27/2021 18:35,18:35,18,11.688,blue.ruin.1,1.6,2.782
1,7/27/2021 18:50,18:50,18,12.5,blue.ruin.1,1.062736714,2.535826206
1,7/27/2021 19:00,19:00,19,12.312,blue.ruin.1,1.038421053,2.533884211
1,7/27/2021 19:10,19:10,19,12,blue.ruin.1,1.6,2.749
1,7/27/2021 19:25,19:25,19,11.812,blue.ruin.1,1.6,2.73
1,7/27/2021 19:35,19:35,19,11.875,blue.ruin.1,1.6,2.738
1,7/27/2021 19:50,19:50,19,12.062,blue.ruin.1,1.332464455,2.758919431
1,7/27/2021 20:00,20:00,20,11.812,blue.ruin.1,1.6,2.744
1,7/27/2021 20:10,20:10,20,11.812,blue.ruin.1,1.6,2.739
1,7/27/2021 20:25,20:25,20,12.062,blue.ruin.1,1.248351648,2.647050824
1,7/27/2021 20:35,20:35,20,12,blue.ruin.1,1.379113924,2.766
1,7/27/2021 20:50,20:50,20,12.125,blue.ruin.1,1.079950495,2.509300743
1,7/27/2021 21:00,21:00,21,12.938,blue.ruin.1,0.871104699,2.576232481
1,7/27/2021 21:10,21:10,21,13.938,blue.ruin.1,0.75002713,2.705418537
1,7/27/2021 21:25,21:25,21,14.812,blue.ruin.1,0.638603444,2.722720068
1,7/27/2021 21:35,21:35,21,14.75,blue.ruin.1,0.649017199,2.73192763
1,7/27/2021 21:50,21:50,21,13.312,blue.ruin.1,0.827077819,2.576446412
1,7/27/2021 22:00,22:00,22,14.312,blue.ruin.1,0.715014275,2.687803129
1,7/27/2021 22:10,22:10,22,13.375,blue.ruin.1,0.822773044,2.621321738
1,7/27/2021 22:25,22:25,22,13,blue.ruin.1,0.864985959,2.51583401
1,7/27/2021 22:35,22:35,22,13.125,blue.ruin.1,0.850062735,2.599009924
1,7/27/2021 22:50,22:50,22,12.688,blue.ruin.1,0.900829717,2.515096433
1,7/27/2021 23:00,23:00,23,12.562,blue.ruin.1,0.91743649,2.47269368
1,7/27/2021 23:10,23:10,23,12.438,blue.ruin.1,0.931755196,2.480186857
1,7/27/2021 23:25,23:25,23,12.875,blue.ruin.1,0.880867545,2.531813253
1,7/27/2021 23:35,23:35,23,12.625,blue.ruin.1,0.906753555,2.522682034
1,7/27/2021 23:50,23:50,23,14.062,blue.ruin.1,0.729586844,2.768503299
1,7/28/2021 0:00,0:00,0,13.688,blue.ruin.1,0.76402027,2.709072482
1,7/28/2021 0:10,0:10,0,13.688,blue.ruin.1,0.77302396,2.724798578
1,7/28/2021 0:25,0:25,0,13.375,blue.ruin.1,0.812531969,2.752473843
1,7/28/2021 0:35,0:35,0,15.438,blue.ruin.1,0.55412111,3.029505314
1,7/28/2021 0:50,0:50,0,13.812,blue.ruin.1,0.761101474,2.997987858
1,7/28/2021 1:00,1:00,1,13.5,blue.ruin.1,0.799282297,3.070717703
1,7/28/2021 1:10,1:10,1,13.188,blue.ruin.1,0.852470974,3.126395302
1,7/28/2021 1:25,1:25,1,12.625,blue.ruin.1,0.924081569,3.210838617
1,7/28/2021 1:35,1:35,1,12.812,blue.ruin.1,0.925652721,3.312576568
1,7/28/2021 1:50,1:50,1,12.5,blue.ruin.1,1.052,3.479215
1,7/28/2021 2:00,2:00,2,13.062,blue.ruin.1,0.928684211,3.53961244
1,7/28/2021 2:10,2:10,2,12.438,blue.ruin.1,1.099713193,3.754808317
1,7/28/2021 2:25,2:25,2,12.375,blue.ruin.1,1.23772242,3.937966192
1,7/28/2021 2:35,2:35,2,12.25,blue.ruin.1,1.503287197,4.04
1,7/28/2021 2:50,2:50,2,12.062,blue.ruin.1,1.6,4.129
1,7/28/2021 3:00,3:00,3,12,blue.ruin.1,1.6,4.135
1,7/28/2021 3:10,3:10,3,11.875,blue.ruin.1,1.6,4.295
1,7/28/2021 3:25,3:25,3,12,blue.ruin.1,1.6,4.581
1,7/28/2021 3:35,3:35,3,11.938,blue.ruin.1,1.6,4.54
1,7/28/2021 3:50,3:50,3,11.75,blue.ruin.1,1.6,4.515
1,7/28/2021 4:00,4:00,4,11.812,blue.ruin.1,1.6,4.585
1,7/28/2021 4:10,4:10,4,11.625,blue.ruin.1,1.6,4.68
1,7/28/2021 4:25,4:25,4,11.625,blue.ruin.1,1.6,4.647
1,7/28/2021 4:35,4:35,4,13.375,blue.ruin.1,1.240934066,4.734587912
1,7/28/2021 4:50,4:50,4,14.25,blue.ruin.1,1.04246052,4.9744027
1,7/28/2021 5:00,5:00,5,12.562,blue.ruin.1,1.6,4.613
1,7/28/2021 5:10,5:10,5,13.812,blue.ruin.1,1.074483516,5.090994286
1,7/28/2021 5:25,5:25,5,14.375,blue.ruin.1,1.053869146,5.586966955
1,7/28/2021 5:35,5:35,5,13.562,blue.ruin.1,1.093317073,5.211477805
1,7/28/2021 5:50,5:50,5,14.25,blue.ruin.1,1.063810742,5.554424552
1,7/28/2021 6:00,6:00,6,13.438,blue.ruin.1,1.098111603,4.712631422
1,7/28/2021 6:10,6:10,6,12.688,blue.ruin.1,1.6,4.506
1,7/28/2021 6:25,6:25,6,14.562,blue.ruin.1,1.031270903,5.116080268
1,7/28/2021 6:35,6:35,6,13.062,blue.ruin.1,1.546654275,4.448
1,7/28/2021 6:50,6:50,6,13.188,blue.ruin.1,1.386363636,4.411
1,7/28/2021 7:00,7:00,7,12.625,blue.ruin.1,1.6,4.456
1,7/28/2021 7:10,7:10,7,13.125,blue.ruin.1,1.541245136,4.528
1,7/28/2021 7:25,7:25,7,13,blue.ruin.1,1.6,4.463
1,7/28/2021 7:35,7:35,7,13.125,blue.ruin.1,1.541245136,4.544
1,7/28/2021 7:50,7:50,7,13.062,blue.ruin.1,1.6,4.573
1,7/28/2021 8:00,8:00,8,13.125,blue.ruin.1,1.53923445,4.413
1,7/28/2021 8:10,8:10,8,13.062,blue.ruin.1,1.6,4.288
1,7/28/2021 8:25,8:25,8,12.938,blue.ruin.1,1.6,4.382
1,7/28/2021 8:35,8:35,8,13.125,blue.ruin.1,1.6,4.278
1,7/28/2021 8:50,8:50,8,14.062,blue.ruin.1,1.052580645,4.534090323
1,7/28/2021 9:00,9:00,9,14.75,blue.ruin.1,1.033850932,4.578664596
1,7/28/2021 9:10,9:10,9,15.25,blue.ruin.1,1.016502463,4.157149015
1,7/28/2021 9:25,9:25,9,15.562,blue.ruin.1,0.999555624,4.44201992
1,7/28/2021 9:35,9:35,9,15.312,blue.ruin.1,1.003346653,4.341728771
1,7/28/2021 9:50,9:50,9,15.312,blue.ruin.1,0.99605589,4.175820658
1,7/28/2021 10:00,10:00,10,15.562,blue.ruin.1,0.983614331,4.24159589
1,7/28/2021 10:10,10:10,10,15.25,blue.ruin.1,0.973728089,4.128551197
1,7/28/2021 10:25,10:25,10,15.688,blue.ruin.1,0.88582343,4.562572928
1,7/28/2021 10:35,10:35,10,16.062,blue.ruin.1,0.848793677,4.627011042
1,7/28/2021 10:50,10:50,10,15.938,blue.ruin.1,0.852312944,4.615511292
1,7/28/2021 11:00,11:00,11,15.625,blue.ruin.1,0.873766343,4.357888118
1,7/28/2021 11:10,11:10,11,15,blue.ruin.1,0.913306622,4.019551398
1,7/28/2021 11:25,11:25,11,15.875,blue.ruin.1,0.857258628,4.470713732
1,7/28/2021 11:35,11:35,11,16.625,blue.ruin.1,0.834398071,4.387232183
1,7/28/2021 11:50,11:50,11,16.375,blue.ruin.1,0.859573655,4.22741637
1,7/28/2021 12:00,12:00,12,16,blue.ruin.1,0.880706522,4.032618577
1,7/28/2021 12:10,12:10,12,15.5,blue.ruin.1,0.91376026,3.57429738
1,7/28/2021 12:25,12:25,12,14.562,blue.ruin.1,0.941730682,3.170815429
1,7/28/2021 12:35,12:35,12,15.062,blue.ruin.1,0.885792184,3.794829941
1,7/28/2021 12:50,12:50,12,13.75,blue.ruin.1,0.949327957,3.115694037
1,7/28/2021 13:00,13:00,13,13.625,blue.ruin.1,0.972179628,3.047133762
1,7/28/2021 13:10,13:10,13,13.875,blue.ruin.1,0.993115685,3.189509847
1,7/28/2021 13:25,13:25,13,14.438,blue.ruin.1,0.947325199,2.732468325
1,7/28/2021 13:35,13:35,13,14.125,blue.ruin.1,0.937322979,3.03118568
1,7/28/2021 13:50,13:50,13,14.812,blue.ruin.1,0.858166079,3.607937797
1,7/28/2021 14:00,14:00,14,14.188,blue.ruin.1,0.884658113,3.291256454
1,7/28/2021 14:10,14:10,14,13,blue.ruin.1,1.024766355,2.856542056
1,7/28/2021 14:25,14:25,14,13.688,blue.ruin.1,0.911183932,2.919020565
1,7/28/2021 14:35,14:35,14,14.188,blue.ruin.1,0.856835554,3.125495444
1,7/28/2021 14:50,14:50,14,13.25,blue.ruin.1,0.947049825,2.683356246
1,7/28/2021 15:00,15:00,15,12.875,blue.ruin.1,1.027941176,2.712742647
1,7/28/2021 15:10,15:10,15,12.438,blue.ruin.1,1.6,3.056
1,7/28/2021 15:25,15:25,15,11.938,blue.ruin.1,1.6,2.949
1,7/28/2021 15:35,15:35,15,11.812,blue.ruin.1,1.6,2.931
1,7/28/2021 15:50,15:50,15,12.375,blue.ruin.1,1.303649635,2.83612135
1,7/28/2021 16:00,16:00,16,12,blue.ruin.1,1.6,2.899
1,7/28/2021 16:10,16:10,16,12.312,blue.ruin.1,1.2625,2.7775
1,7/28/2021 16:25,16:25,16,12.875,blue.ruin.1,0.96625,2.52584375
1,7/28/2021 16:35,16:35,16,12.25,blue.ruin.1,1.290384615,2.853149038
1,7/28/2021 16:50,16:50,16,12.062,blue.ruin.1,1.6,2.897
1,7/28/2021 17:00,17:00,17,11.812,blue.ruin.1,1.6,2.926
1,7/28/2021 17:10,17:10,17,11.812,blue.ruin.1,1.6,2.93
1,7/28/2021 17:25,17:25,17,11.688,blue.ruin.1,1.6,2.889
1,7/28/2021 17:35,17:35,17,11.75,blue.ruin.1,1.6,2.896
1,7/28/2021 17:50,17:50,17,11.812,blue.ruin.1,1.6,2.889
1,7/28/2021 18:00,18:00,18,11.625,blue.ruin.1,1.6,2.873
1,7/28/2021 18:10,18:10,18,11.5,blue.ruin.1,1.6,2.852
1,7/28/2021 18:25,18:25,18,11.5,blue.ruin.1,1.6,2.86
1,7/28/2021 18:35,18:35,18,11.625,blue.ruin.1,1.6,2.847
1,7/28/2021 18:50,18:50,18,11.562,blue.ruin.1,1.6,2.861
1,7/28/2021 19:00,19:00,19,11.5,blue.ruin.1,1.6,2.859
1,7/28/2021 19:10,19:10,19,11.438,blue.ruin.1,1.6,2.832
1,7/28/2021 19:25,19:25,19,11.562,blue.ruin.1,1.6,2.835
1,7/28/2021 19:35,19:35,19,12,blue.ruin.1,1.6,2.849
1,7/28/2021 19:50,19:50,19,11.812,blue.ruin.1,1.6,2.818
1,7/28/2021 20:00,20:00,20,12.062,blue.ruin.1,1.406923077,2.864
1,7/28/2021 20:10,20:10,20,12.812,blue.ruin.1,0.924788795,2.478130482
1,7/28/2021 20:25,20:25,20,12.125,blue.ruin.1,1.208376963,2.677371728
1,7/28/2021 20:35,20:35,20,11.688,blue.ruin.1,1.6,2.804
1,7/28/2021 20:50,20:50,20,11.562,blue.ruin.1,1.6,2.807
1,7/28/2021 21:00,21:00,21,11.375,blue.ruin.1,1.6,2.788
1,7/28/2021 21:10,21:10,21,10.938,blue.ruin.1,1.6,2.827
1,7/28/2021 21:25,21:25,21,14.438,blue.ruin.1,0.733191489,2.864487427
1,7/28/2021 21:35,21:35,21,14.875,blue.ruin.1,0.685199715,2.941825963
1,7/28/2021 21:50,21:50,21,14.312,blue.ruin.1,0.745435093,2.747303852
1,7/28/2021 22:00,22:00,22,14.375,blue.ruin.1,0.732679739,2.837468806
1,7/28/2021 22:10,22:10,22,14.125,blue.ruin.1,0.755283158,2.866514297
1,7/28/2021 22:25,22:25,22,14.25,blue.ruin.1,0.740314711,2.660184968
1,7/28/2021 22:35,22:35,22,14.375,blue.ruin.1,0.727702868,2.753132452
1,7/28/2021 22:50,22:50,22,15,blue.ruin.1,0.65702836,2.776239211
1,7/28/2021 23:00,23:00,23,14,blue.ruin.1,0.765646594,2.681279727
1,7/28/2021 23:10,23:10,23,12.938,blue.ruin.1,0.888239796,2.510955937
1,7/28/2021 23:25,23:25,23,14.062,blue.ruin.1,0.758761106,2.639514045
1,7/28/2021 23:35,23:35,23,14.562,blue.ruin.1,0.699772727,2.722929752
1,7/28/2021 23:50,23:50,23,14.688,blue.ruin.1,0.679700691,2.835042908
1,7/29/2021 0:00,0:00,0,14.5,blue.ruin.1,0.701343054,2.793446592
1,7/29/2021 0:10,0:10,0,12.875,blue.ruin.1,0.888411358,2.625989674
1,7/29/2021 0:25,0:25,0,13.5,blue.ruin.1,0.822946612,2.816262834
1,7/29/2021 0:35,0:35,0,13.875,blue.ruin.1,0.78753882,2.939722614
1,7/29/2021 0:50,0:50,0,13.875,blue.ruin.1,0.79476461,2.977496311
1,7/29/2021 1:00,1:00,1,14.312,blue.ruin.1,0.749563319,3.109329099
1,7/29/2021 1:10,1:10,1,14.438,blue.ruin.1,0.750026802,3.239983919
1,7/29/2021 1:25,1:25,1,14,blue.ruin.1,0.804486661,3.982691997
1,7/29/2021 1:35,1:35,1,14.438,blue.ruin.1,0.757686212,4.991234692
1,7/29/2021 1:50,1:50,1,14.562,blue.ruin.1,0.78294612,4.056356896
1,7/29/2021 2:00,2:00,2,14.375,blue.ruin.1,0.751838235,3.934485294
1,7/29/2021 2:10,2:10,2,14.688,blue.ruin.1,0.71990099,4.126223222
1,7/29/2021 2:25,2:25,2,13.75,blue.ruin.1,0.959005146,4.090360206
1,7/29/2021 2:35,2:35,2,14.25,blue.ruin.1,0.947904192,4.400914535
1,7/29/2021 2:50,2:50,2,14.125,blue.ruin.1,0.999797921,4.682897301
1,7/29/2021 3:00,3:00,3,13.062,blue.ruin.1,1.142293233,4.611270207
1,7/29/2021 3:10,3:10,3,14.125,blue.ruin.1,1.029323308,4.677334586
1,7/29/2021 3:25,3:25,3,14.312,blue.ruin.1,1.040236809,5.045166182
1,7/29/2021 3:35,3:35,3,14.188,blue.ruin.1,1.052997947,4.994818891
1,7/29/2021 3:50,3:50,3,14.312,blue.ruin.1,1.058876163,5.433324445
1,7/29/2021 4:00,4:00,4,13.812,blue.ruin.1,1.091989759,5.462237198
1,7/29/2021 4:10,4:10,4,14.125,blue.ruin.1,1.076943463,5.363904373
1,7/29/2021 4:25,4:25,4,14.188,blue.ruin.1,1.078362751,5.447861382
1,7/29/2021 4:35,4:35,4,13.875,blue.ruin.1,1.097206304,5.522074678
1,7/29/2021 4:50,4:50,4,14.875,blue.ruin.1,1.055991736,6.061666839
1,7/29/2021 5:00,5:00,5,15,blue.ruin.1,1.048434678,5.899125527
1,7/29/2021 5:10,5:10,5,14.188,blue.ruin.1,1.089988591,5.728984313
1,7/29/2021 5:25,5:25,5,13.875,blue.ruin.1,1.099241523,5.756022829
1,7/29/2021 5:35,5:35,5,13.938,blue.ruin.1,1.097639123,5.931469646
1,7/29/2021 5:50,5:50,5,14.5,blue.ruin.1,1.079405576,5.66675171
1,7/29/2021 6:00,6:00,6,14.125,blue.ruin.1,1.093739353,5.916092419
1,7/29/2021 6:10,6:10,6,12.938,blue.ruin.1,1.6,NA
1,7/29/2021 6:25,6:25,6,14.625,blue.ruin.1,1.07767666,6.421592612
1,7/29/2021 6:35,6:35,6,14.625,blue.ruin.1,1.078939394,6.059507955
1,7/29/2021 6:50,6:50,6,14.938,blue.ruin.1,1.069643542,6.646820669
1,7/29/2021 7:00,7:00,7,14.75,blue.ruin.1,1.079592579,6.794101037
1,7/29/2021 7:10,7:10,7,13.688,blue.ruin.1,1.42639485,4.505
1,7/29/2021 7:25,7:25,7,14.312,blue.ruin.1,1.090488842,6.367319872
1,7/29/2021 7:35,7:35,7,14.812,blue.ruin.1,1.075792661,6.62863217
1,7/29/2021 7:50,7:50,7,14.812,blue.ruin.1,1.076022688,6.688492094
1,7/29/2021 8:00,8:00,8,14.5,blue.ruin.1,1.082553266,5.76122948
1,7/29/2021 8:10,8:10,8,14.562,blue.ruin.1,1.081104113,6.268665848
1,7/29/2021 8:25,8:25,8,15.062,blue.ruin.1,1.068844037,6.369381927
1,7/29/2021 8:35,8:35,8,15.125,blue.ruin.1,1.066474147,6.136894939
1,7/29/2021 8:50,8:50,8,15.25,blue.ruin.1,1.065795724,6.289587292
1,7/29/2021 9:00,9:00,9,15.5,blue.ruin.1,1.059466437,6.202994836
1,7/29/2021 9:10,9:10,9,15.75,blue.ruin.1,1.055199223,6.296773567
1,7/29/2021 9:25,9:25,9,15.75,blue.ruin.1,1.057542768,6.781091952
1,7/29/2021 9:35,9:35,9,13.25,blue.ruin.1,1.6,4.133
1,7/29/2021 9:50,9:50,9,13.562,blue.ruin.1,1.358227848,4.203
1,7/29/2021 10:00,10:00,10,14.312,blue.ruin.1,1.086719577,5.314595767
1,7/29/2021 10:10,10:10,10,11.875,blue.ruin.1,1.6,3.917
1,7/29/2021 10:25,10:25,10,12.375,blue.ruin.1,1.6,4.168
1,7/29/2021 10:35,10:35,10,14.312,blue.ruin.1,1.084443288,5.170891779
1,7/29/2021 10:50,10:50,10,13.75,blue.ruin.1,1.097876643,5.717209934
1,7/29/2021 11:00,11:00,11,13.312,blue.ruin.1,1.438764045,3.785
1,7/29/2021 11:10,11:10,11,12.375,blue.ruin.1,1.6,3.745
1,7/29/2021 11:25,11:25,11,12.875,blue.ruin.1,1.6,3.658
1,7/29/2021 11:35,11:35,11,12.625,blue.ruin.1,1.6,3.601
1,7/29/2021 11:50,11:50,11,12.5,blue.ruin.1,1.6,3.585
1,7/29/2021 12:00,12:00,12,12.25,blue.ruin.1,1.6,3.519
1,7/29/2021 12:10,12:10,12,12.312,blue.ruin.1,1.6,3.524
1,7/29/2021 12:25,12:25,12,12.312,blue.ruin.1,1.6,3.422
1,7/29/2021 12:35,12:35,12,12.375,blue.ruin.1,1.6,3.408
1,7/29/2021 12:50,12:50,12,12.438,blue.ruin.1,1.6,3.403
1,7/29/2021 13:00,13:00,13,12.25,blue.ruin.1,1.6,3.401
1,7/29/2021 13:10,13:10,13,12.125,blue.ruin.1,1.6,3.35
1,7/29/2021 13:25,13:25,13,12.25,blue.ruin.1,1.6,3.238
1,7/29/2021 13:35,13:35,13,12.188,blue.ruin.1,1.6,3.321
1,7/29/2021 13:50,13:50,13,12.125,blue.ruin.1,1.6,3.2
1,7/29/2021 14:00,14:00,14,12.125,blue.ruin.1,1.6,3.188
1,7/29/2021 14:10,14:10,14,12.375,blue.ruin.1,1.6,3.157
1,7/29/2021 14:25,14:25,14,12.188,blue.ruin.1,1.6,3.102
1,7/29/2021 14:35,14:35,14,12,blue.ruin.1,1.6,3.101
1,7/29/2021 14:50,14:50,14,12.125,blue.ruin.1,1.6,3.036
1,7/29/2021 15:00,15:00,15,11.875,blue.ruin.1,1.6,3.004
1,7/29/2021 15:10,15:10,15,11.938,blue.ruin.1,1.6,2.997
1,7/29/2021 15:25,15:25,15,11.938,blue.ruin.1,1.6,3.011
1,7/29/2021 15:35,15:35,15,12,blue.ruin.1,1.6,2.998
1,7/29/2021 15:50,15:50,15,12.438,blue.ruin.1,1.348275862,2.924681034
1,7/29/2021 16:00,16:00,16,12.062,blue.ruin.1,1.6,2.949
1,7/29/2021 16:10,16:10,16,11.812,blue.ruin.1,1.6,2.992
1,7/29/2021 16:25,16:25,16,11.938,blue.ruin.1,1.6,2.941
1,7/29/2021 16:35,16:35,16,11.812,blue.ruin.1,1.6,2.92
1,7/29/2021 16:50,16:50,16,11.812,blue.ruin.1,1.6,2.863
1,7/29/2021 17:00,17:00,17,12,blue.ruin.1,1.6,2.918
1,7/29/2021 17:10,17:10,17,11.938,blue.ruin.1,1.6,2.924
1,7/29/2021 17:25,17:25,17,11.75,blue.ruin.1,1.6,2.853
1,7/29/2021 17:35,17:35,17,11.625,blue.ruin.1,1.6,2.882
1,7/29/2021 17:50,17:50,17,11.812,blue.ruin.1,1.6,2.907
1,7/29/2021 18:00,18:00,18,12,blue.ruin.1,1.6,2.845
1,7/29/2021 18:10,18:10,18,12.188,blue.ruin.1,1.488235294,2.853
1,7/29/2021 18:25,18:25,18,12.188,blue.ruin.1,1.453571429,2.824
1,7/29/2021 18:35,18:35,18,12.062,blue.ruin.1,1.6,2.818
1,7/29/2021 18:50,18:50,18,11.938,blue.ruin.1,1.6,2.878
1,7/29/2021 19:00,19:00,19,11.625,blue.ruin.1,1.6,2.818
1,7/29/2021 19:10,19:10,19,12,blue.ruin.1,1.6,2.868
1,7/29/2021 19:25,19:25,19,11.938,blue.ruin.1,1.6,2.834
1,7/29/2021 19:35,19:35,19,11.625,blue.ruin.1,1.6,2.793
1,7/29/2021 19:50,19:50,19,11.625,blue.ruin.1,1.6,2.85
1,7/29/2021 20:00,20:00,20,11.688,blue.ruin.1,1.6,2.802
1,7/29/2021 20:10,20:10,20,11.562,blue.ruin.1,1.6,2.827
1,7/29/2021 20:25,20:25,20,11.75,blue.ruin.1,1.6,2.827
1,7/29/2021 20:35,20:35,20,12.688,blue.ruin.1,0.94041987,2.466547497
1,7/29/2021 20:50,20:50,20,11.688,blue.ruin.1,1.6,2.81
1,7/29/2021 21:00,21:00,21,11.375,blue.ruin.1,1.6,2.798
1,7/29/2021 21:10,21:10,21,11.625,blue.ruin.1,1.6,2.761
1,7/29/2021 21:25,21:25,21,11.625,blue.ruin.1,1.6,2.797
1,7/29/2021 21:35,21:35,21,12.812,blue.ruin.1,0.940245791,2.445074687
1,7/29/2021 21:50,21:50,21,14.75,blue.ruin.1,0.762388856,2.68971116
1,7/29/2021 22:00,22:00,22,15.625,blue.ruin.1,0.67000609,2.725629498
1,7/29/2021 22:10,22:10,22,15.625,blue.ruin.1,0.651738672,2.744530127
1,7/29/2021 22:25,22:25,22,15.188,blue.ruin.1,0.664604186,2.71982877
1,7/29/2021 22:35,22:35,22,14.75,blue.ruin.1,0.692763318,2.616279826
1,7/29/2021 22:50,22:50,22,14.5,blue.ruin.1,0.706818182,2.604958678
1,7/29/2021 23:00,23:00,23,15.062,blue.ruin.1,0.641082317,2.674667406
1,7/29/2021 23:10,23:10,23,14.812,blue.ruin.1,0.676339286,2.639220779
1,7/29/2021 23:25,23:25,23,14.75,blue.ruin.1,0.700868659,2.641360162
1,7/29/2021 23:35,23:35,23,15.438,blue.ruin.1,0.630926054,2.664649746
1,7/29/2021 23:50,23:50,23,15.312,blue.ruin.1,0.647017341,2.785438781
1,7/30/2021 0:00,0:00,0,15.438,blue.ruin.1,0.633907514,2.854828166
1,7/30/2021 0:10,0:10,0,15.312,blue.ruin.1,0.647017341,2.900947556
1,7/30/2021 0:25,0:25,0,15.25,blue.ruin.1,0.652522775,3.030242084
1,7/30/2021 0:35,0:35,0,15.562,blue.ruin.1,0.622708089,3.028701055
1,7/30/2021 0:50,0:50,0,15.562,blue.ruin.1,0.62453952,3.201562136
1,7/30/2021 1:00,1:00,1,15.125,blue.ruin.1,0.670414201,3.145669715
1,7/30/2021 1:10,1:10,1,15.25,blue.ruin.1,0.656170773,3.540262008
1,7/30/2021 1:25,1:25,1,15.875,blue.ruin.1,0.596836808,4.150537873
1,7/30/2021 1:35,1:35,1,15.062,blue.ruin.1,0.683194614,4.394969178
1,7/30/2021 1:50,1:50,1,11.562,blue.ruin.1,1.6,3.576
1,7/30/2021 2:00,2:00,2,16.062,blue.ruin.1,0.587450298,5.506341496
1,7/30/2021 2:10,2:10,2,13.625,blue.ruin.1,0.863820444,4.180598594
1,7/30/2021 2:25,2:25,2,10.75,blue.ruin.1,1.6,3.794
1,7/30/2021 2:35,2:35,2,16.438,blue.ruin.1,0.592997263,4.157198905
1,7/30/2021 2:50,2:50,2,16.875,blue.ruin.1,0.385944206,4.102474964
1,7/30/2021 3:00,3:00,3,16.688,blue.ruin.1,0.437848101,3.996149597
1,7/30/2021 3:10,3:10,3,16.5,blue.ruin.1,0.48909465,4.242895623
1,7/30/2021 3:25,3:25,3,16.375,blue.ruin.1,0.55189243,5.487551612
1,7/30/2021 3:35,3:35,3,16.562,blue.ruin.1,0.550522088,4.896107338
1,7/30/2021 3:50,3:50,3,16.562,blue.ruin.1,0.590958333,5.191410606
1,7/30/2021 4:00,4:00,4,16.312,blue.ruin.1,0.66753304,5.628486984
1,7/30/2021 4:10,4:10,4,16.438,blue.ruin.1,0.666026201,5.278005558
1,7/30/2021 4:25,4:25,4,16.438,blue.ruin.1,0.701216216,5.802498771
1,7/30/2021 4:35,4:35,4,16.375,blue.ruin.1,0.764855072,5.40602108
1,7/30/2021 4:50,4:50,4,16.25,blue.ruin.1,0.883783784,5.52977887
1,7/30/2021 5:00,5:00,5,15.938,blue.ruin.1,0.966615067,5.472688596
1,7/30/2021 5:10,5:10,5,13.312,blue.ruin.1,1.176871401,5.49090595
1,7/30/2021 5:25,5:25,5,14.812,blue.ruin.1,1.035844195,5.800189148
1,7/30/2021 5:35,5:35,5,14.688,blue.ruin.1,1.044181096,5.929952313
1,7/30/2021 5:50,5:50,5,14.125,blue.ruin.1,1.065166609,5.362849751
1,7/30/2021 6:00,6:00,6,12.438,blue.ruin.1,1.6,4.587
1,7/30/2021 6:10,6:10,6,13.625,blue.ruin.1,1.086030792,4.350507651
1,7/30/2021 6:25,6:25,6,13.625,blue.ruin.1,1.075227687,4.564252049
1,7/30/2021 6:35,6:35,6,14.125,blue.ruin.1,0.995319149,4.68020266
1,7/30/2021 6:50,6:50,6,14.125,blue.ruin.1,0.941481145,4.95111313
1,7/30/2021 7:00,7:00,7,14,blue.ruin.1,0.93410596,5.00871764
1,7/30/2021 7:10,7:10,7,14.25,blue.ruin.1,0.908232186,5.303638311
1,7/30/2021 7:25,7:25,7,14.125,blue.ruin.1,0.916939547,5.213555072
1,7/30/2021 7:35,7:35,7,14.562,blue.ruin.1,0.890713287,5.335670184
1,7/30/2021 7:50,7:50,7,14.562,blue.ruin.1,0.899204785,5.192251807
1,7/30/2021 8:00,8:00,8,14.625,blue.ruin.1,0.900386236,5.054849336
1,7/30/2021 8:10,8:10,8,14.75,blue.ruin.1,0.890293296,5.022891061
1,7/30/2021 8:25,8:25,8,14.5,blue.ruin.1,0.890938285,4.876453758
1,7/30/2021 8:35,8:35,8,11.062,blue.ruin.1,1.6,3.976
1,7/30/2021 8:50,8:50,8,14.438,blue.ruin.1,0.869707242,4.87401905
1,7/30/2021 9:00,9:00,9,14.812,blue.ruin.1,0.833244809,5.043495457
1,7/30/2021 9:10,9:10,9,15.062,blue.ruin.1,0.806685998,5.153964299
1,7/30/2021 9:25,9:25,9,11.25,blue.ruin.1,1.6,4.159
1,7/30/2021 9:35,9:35,9,10.75,blue.ruin.1,1.6,4.076
1,7/30/2021 9:50,9:50,9,10.688,blue.ruin.1,1.6,4.092
1,7/30/2021 10:00,10:00,10,11.062,blue.ruin.1,1.6,4.006
1,7/30/2021 10:10,10:10,10,10.562,blue.ruin.1,1.6,3.957
1,7/30/2021 10:25,10:25,10,10.688,blue.ruin.1,1.6,3.983
1,7/30/2021 10:35,10:35,10,10.688,blue.ruin.1,1.6,3.964
1,7/30/2021 10:50,10:50,10,10.75,blue.ruin.1,1.6,3.995
1,7/30/2021 11:00,11:00,11,10.812,blue.ruin.1,1.6,3.96
1,7/30/2021 11:10,11:10,11,10.75,blue.ruin.1,1.6,3.925
1,7/30/2021 11:25,11:25,11,10.812,blue.ruin.1,1.6,3.96
1,7/30/2021 11:35,11:35,11,11,blue.ruin.1,1.6,3.945
1,7/30/2021 11:50,11:50,11,10.875,blue.ruin.1,1.6,3.816
1,7/30/2021 12:00,12:00,12,10.875,blue.ruin.1,1.6,3.778
1,7/30/2021 12:10,12:10,12,10.938,blue.ruin.1,1.6,3.69
1,7/30/2021 12:25,12:25,12,11.188,blue.ruin.1,1.6,3.622
1,7/30/2021 12:35,12:35,12,11.5,blue.ruin.1,1.6,3.461
1,7/30/2021 12:50,12:50,12,11.438,blue.ruin.1,1.6,3.43
1,7/30/2021 13:00,13:00,13,11.375,blue.ruin.1,1.6,3.429
1,7/30/2021 13:10,13:10,13,11.375,blue.ruin.1,1.6,3.297
1,7/30/2021 13:25,13:25,13,11.312,blue.ruin.1,1.6,3.236
1,7/30/2021 13:35,13:35,13,11.25,blue.ruin.1,1.6,3.226
1,7/30/2021 13:50,13:50,13,11.25,blue.ruin.1,1.6,3.176
1,7/30/2021 14:00,14:00,14,11.188,blue.ruin.1,1.6,3.159
1,7/30/2021 14:10,14:10,14,11.188,blue.ruin.1,1.6,3.123
1,7/30/2021 14:25,14:25,14,11.25,blue.ruin.1,1.6,3.053
1,7/30/2021 14:35,14:35,14,11.125,blue.ruin.1,1.6,3.019
1,7/30/2021 14:50,14:50,14,11.062,blue.ruin.1,1.6,3.079
1,7/30/2021 15:00,15:00,15,11.062,blue.ruin.1,1.6,3.011
1,7/30/2021 15:10,15:10,15,11,blue.ruin.1,1.6,2.971
1,7/30/2021 15:25,15:25,15,11,blue.ruin.1,1.6,2.936
1,7/30/2021 15:35,15:35,15,10.938,blue.ruin.1,1.6,2.925
1,7/30/2021 15:50,15:50,15,10.938,blue.ruin.1,1.6,2.961
1,7/30/2021 16:00,16:00,16,11,blue.ruin.1,1.6,2.889
1,7/30/2021 16:10,16:10,16,11,blue.ruin.1,1.6,2.878
1,7/30/2021 16:25,16:25,16,11,blue.ruin.1,1.6,2.923
1,7/30/2021 16:35,16:35,16,10.938,blue.ruin.1,1.6,2.915
1,7/30/2021 16:50,16:50,16,10.938,blue.ruin.1,1.6,2.875
1,7/30/2021 17:00,17:00,17,10.875,blue.ruin.1,1.6,2.932
1,7/30/2021 17:10,17:10,17,10.938,blue.ruin.1,1.6,2.887
1,7/30/2021 17:25,17:25,17,10.938,blue.ruin.1,1.6,2.868
1,7/30/2021 17:35,17:35,17,10.875,blue.ruin.1,1.6,2.888
1,7/30/2021 17:50,17:50,17,10.875,blue.ruin.1,1.6,2.848
1,7/30/2021 18:00,18:00,18,10.812,blue.ruin.1,1.6,2.851
1,7/30/2021 18:10,18:10,18,10.812,blue.ruin.1,1.6,2.871
1,7/30/2021 18:25,18:25,18,10.875,blue.ruin.1,1.6,2.878
1,7/30/2021 18:35,18:35,18,10.812,blue.ruin.1,1.6,2.812
1,7/30/2021 18:50,18:50,18,10.875,blue.ruin.1,1.6,2.783
1,7/30/2021 19:00,19:00,19,10.875,blue.ruin.1,1.6,2.863
1,7/30/2021 19:10,19:10,19,10.875,blue.ruin.1,1.6,2.85
1,7/30/2021 19:25,19:25,19,10.812,blue.ruin.1,1.6,2.805
1,7/30/2021 19:35,19:35,19,10.812,blue.ruin.1,1.6,2.814
1,7/30/2021 19:50,19:50,19,10.812,blue.ruin.1,1.6,2.794
1,7/30/2021 20:00,20:00,20,10.75,blue.ruin.1,1.6,2.768
1,7/30/2021 20:10,20:10,20,10.75,blue.ruin.1,1.6,2.787
1,7/30/2021 20:25,20:25,20,10.688,blue.ruin.1,1.6,2.797
1,7/30/2021 20:35,20:35,20,10.688,blue.ruin.1,1.6,2.814
1,7/30/2021 20:50,20:50,20,10.688,blue.ruin.1,1.6,2.793
1,7/30/2021 21:00,21:00,21,10.562,blue.ruin.1,1.6,2.775
1,7/30/2021 21:10,21:10,21,10.438,blue.ruin.1,1.6,2.793
1,7/30/2021 21:25,21:25,21,10.875,blue.ruin.1,1.6,2.812
1,7/30/2021 21:35,21:35,21,11.125,blue.ruin.1,1.6,2.804
1,7/30/2021 21:50,21:50,21,11.125,blue.ruin.1,1.6,2.794
1,7/30/2021 22:00,22:00,22,11.062,blue.ruin.1,1.6,2.783
1,7/30/2021 22:10,22:10,22,11.062,blue.ruin.1,1.6,2.815
1,7/30/2021 22:25,22:25,22,10.812,blue.ruin.1,1.6,2.746
1,7/30/2021 22:35,22:35,22,11.188,blue.ruin.1,1.6,2.781
1,7/30/2021 22:50,22:50,22,11.25,blue.ruin.1,1.6,2.783
1,7/30/2021 23:00,23:00,23,11.062,blue.ruin.1,1.6,2.767
1,7/30/2021 23:10,23:10,23,11.188,blue.ruin.1,1.6,2.835
1,7/30/2021 23:25,23:25,23,11.125,blue.ruin.1,1.6,2.814
1,7/30/2021 23:35,23:35,23,11.062,blue.ruin.1,1.6,2.762
1,7/30/2021 23:50,23:50,23,11.062,blue.ruin.1,1.6,2.742
1,7/31/2021 0:00,0:00,0,11.125,blue.ruin.1,1.6,2.737
1,7/31/2021 0:10,0:10,0,11.062,blue.ruin.1,1.6,2.789
1,7/31/2021 0:25,0:25,0,11,blue.ruin.1,1.6,2.874
1,7/31/2021 0:35,0:35,0,11.125,blue.ruin.1,1.6,2.918
1,7/31/2021 0:50,0:50,0,11.125,blue.ruin.1,1.6,3.093
1,7/31/2021 1:00,1:00,1,11.188,blue.ruin.1,1.6,3.18
1,7/31/2021 1:10,1:10,1,11.062,blue.ruin.1,1.6,3.245
1,7/31/2021 1:25,1:25,1,11.125,blue.ruin.1,1.6,3.317
1,7/31/2021 1:35,1:35,1,11.188,blue.ruin.1,1.6,3.358
1,7/31/2021 1:50,1:50,1,11.125,blue.ruin.1,1.6,3.499
1,7/31/2021 2:00,2:00,2,11.062,blue.ruin.1,1.6,3.494
1,7/31/2021 2:10,2:10,2,11,blue.ruin.1,1.6,3.552
1,7/31/2021 2:25,2:25,2,11,blue.ruin.1,1.6,3.644
1,7/31/2021 2:35,2:35,2,10.938,blue.ruin.1,1.6,3.689
1,7/31/2021 2:50,2:50,2,11.062,blue.ruin.1,1.6,3.808
1,7/31/2021 3:00,3:00,3,10.812,blue.ruin.1,1.6,3.927
1,7/31/2021 3:10,3:10,3,11.062,blue.ruin.1,1.6,3.896
1,7/31/2021 3:25,3:25,3,11.188,blue.ruin.1,1.6,3.978
1,7/31/2021 3:35,3:35,3,11.25,blue.ruin.1,1.6,4.093
1,7/31/2021 3:50,3:50,3,11.375,blue.ruin.1,1.6,4.104
1,7/31/2021 4:00,4:00,4,11.188,blue.ruin.1,1.6,4.359
1,7/31/2021 4:10,4:10,4,11.125,blue.ruin.1,1.6,4.274
1,7/31/2021 4:25,4:25,4,10.75,blue.ruin.1,1.6,4.324
1,7/31/2021 4:35,4:35,4,11,blue.ruin.1,1.6,4.396
1,7/31/2021 4:50,4:50,4,11.312,blue.ruin.1,1.6,4.473
1,7/31/2021 5:00,5:00,5,11.625,blue.ruin.1,1.6,4.392
1,7/31/2021 5:10,5:10,5,11.438,blue.ruin.1,1.6,4.39
1,7/31/2021 5:25,5:25,5,11.5,blue.ruin.1,1.6,4.337
1,7/31/2021 5:35,5:35,5,11.75,blue.ruin.1,1.6,4.209
1,7/31/2021 5:50,5:50,5,10.125,blue.ruin.1,1.6,4.114
1,7/31/2021 6:00,6:00,6,10.938,blue.ruin.1,1.6,4.078
1,7/31/2021 6:10,6:10,6,11.625,blue.ruin.1,1.6,4.05
1,7/31/2021 6:25,6:25,6,11.375,blue.ruin.1,1.6,4.042
1,7/31/2021 6:35,6:35,6,10.312,blue.ruin.1,1.6,4.086
1,7/31/2021 6:50,6:50,6,10.188,blue.ruin.1,1.6,4.132
1,7/31/2021 7:00,7:00,7,12,blue.ruin.1,1.6,4.156
1,7/31/2021 7:10,7:10,7,10.938,blue.ruin.1,1.6,4.201
1,7/31/2021 7:25,7:25,7,10.125,blue.ruin.1,1.6,4.178
1,7/31/2021 7:35,7:35,7,10.125,blue.ruin.1,1.6,4.251
1,7/31/2021 7:50,7:50,7,10.125,blue.ruin.1,1.6,4.277
1,7/31/2021 8:00,8:00,8,10.125,blue.ruin.1,1.6,4.266
1,7/31/2021 8:10,8:10,8,10.125,blue.ruin.1,1.6,4.259
1,7/31/2021 8:25,8:25,8,10.125,blue.ruin.1,1.6,4.374
1,7/31/2021 8:35,8:35,8,10.125,blue.ruin.1,1.6,4.36
1,7/31/2021 8:50,8:50,8,10.125,blue.ruin.1,1.6,4.315
1,7/31/2021 9:00,9:00,9,10.188,blue.ruin.1,1.6,4.269
1,7/31/2021 9:10,9:10,9,10.125,blue.ruin.1,1.6,4.239
1,7/31/2021 9:25,9:25,9,10.25,blue.ruin.1,1.6,4.244
1,7/31/2021 9:35,9:35,9,10.25,blue.ruin.1,1.6,4.181
1,7/31/2021 9:50,9:50,9,10.25,blue.ruin.1,1.6,4.226
1,7/31/2021 10:00,10:00,10,10.312,blue.ruin.1,1.6,4.213
1,7/31/2021 10:10,10:10,10,10.312,blue.ruin.1,1.6,4.163
1,7/31/2021 10:25,10:25,10,10.312,blue.ruin.1,1.6,4.128
1,7/31/2021 10:35,10:35,10,10.438,blue.ruin.1,1.6,4.085
1,7/31/2021 10:50,10:50,10,10.562,blue.ruin.1,1.6,4.094
1,7/31/2021 11:00,11:00,11,10.625,blue.ruin.1,1.6,4.134
1,7/31/2021 11:10,11:10,11,10.625,blue.ruin.1,1.6,4.129
1,7/31/2021 11:25,11:25,11,10.625,blue.ruin.1,1.6,4.056
1,7/31/2021 11:35,11:35,11,10.688,blue.ruin.1,1.6,4.029
1,7/31/2021 11:50,11:50,11,10.688,blue.ruin.1,1.6,3.954
1,7/31/2021 12:00,12:00,12,11,blue.ruin.1,1.6,3.927
1,7/31/2021 12:10,12:10,12,10.875,blue.ruin.1,1.6,3.804
1,7/31/2021 12:25,12:25,12,10.812,blue.ruin.1,1.6,3.722
1,7/31/2021 12:35,12:35,12,10.688,blue.ruin.1,1.6,3.708
1,7/31/2021 12:50,12:50,12,10.75,blue.ruin.1,1.6,3.573
1,7/31/2021 13:00,13:00,13,10.688,blue.ruin.1,1.6,3.537
1,7/31/2021 13:10,13:10,13,10.688,blue.ruin.1,1.6,3.427
1,7/31/2021 13:25,13:25,13,10.688,blue.ruin.1,1.6,3.308
1,7/31/2021 13:35,13:35,13,10.688,blue.ruin.1,1.6,3.336
1,7/31/2021 13:50,13:50,13,10.688,blue.ruin.1,1.6,3.266
1,7/31/2021 14:00,14:00,14,10.688,blue.ruin.1,1.6,3.24
1,7/31/2021 14:10,14:10,14,10.688,blue.ruin.1,1.6,3.199
1,7/31/2021 14:25,14:25,14,10.688,blue.ruin.1,1.6,3.142
1,7/31/2021 14:35,14:35,14,10.688,blue.ruin.1,1.6,3.124
1,7/31/2021 14:50,14:50,14,10.688,blue.ruin.1,1.6,3.135
1,7/31/2021 15:00,15:00,15,10.688,blue.ruin.1,1.6,3.02
1,7/31/2021 15:10,15:10,15,10.75,blue.ruin.1,1.6,2.981
1,7/31/2021 15:25,15:25,15,10.688,blue.ruin.1,1.6,2.966
1,7/31/2021 15:35,15:35,15,10.75,blue.ruin.1,1.6,2.893
1,7/31/2021 15:50,15:50,15,10.75,blue.ruin.1,1.6,2.859
1,7/31/2021 16:00,16:00,16,10.75,blue.ruin.1,1.6,2.831
1,7/31/2021 16:10,16:10,16,10.75,blue.ruin.1,1.6,2.79
1,7/31/2021 16:25,16:25,16,10.75,blue.ruin.1,1.6,2.85
1,7/31/2021 16:35,16:35,16,10.812,blue.ruin.1,1.6,2.803
1,7/31/2021 16:50,16:50,16,10.812,blue.ruin.1,1.6,2.819
1,7/31/2021 17:00,17:00,17,10.812,blue.ruin.1,1.6,2.791
1,7/31/2021 17:10,17:10,17,10.875,blue.ruin.1,1.6,2.805
1,7/31/2021 17:25,17:25,17,10.938,blue.ruin.1,1.6,2.855
1,7/31/2021 17:35,17:35,17,10.938,blue.ruin.1,1.6,2.775
1,7/31/2021 17:50,17:50,17,11,blue.ruin.1,1.6,2.815
1,7/31/2021 18:00,18:00,18,11,blue.ruin.1,1.6,2.85
1,7/31/2021 18:10,18:10,18,11,blue.ruin.1,1.6,2.832
1,7/31/2021 18:25,18:25,18,11.062,blue.ruin.1,1.6,2.811
1,7/31/2021 18:35,18:35,18,11.062,blue.ruin.1,1.6,2.791
1,7/31/2021 18:50,18:50,18,11.062,blue.ruin.1,1.6,2.895
1,7/31/2021 19:00,19:00,19,11.062,blue.ruin.1,1.6,2.814
1,7/31/2021 19:10,19:10,19,11.062,blue.ruin.1,1.6,2.763
1,7/31/2021 19:25,19:25,19,11,blue.ruin.1,1.6,2.873
1,7/31/2021 19:35,19:35,19,11,blue.ruin.1,1.6,2.838
1,7/31/2021 19:50,19:50,19,10.938,blue.ruin.1,1.6,2.743
1,7/31/2021 20:00,20:00,20,10.938,blue.ruin.1,1.6,2.802
1,7/31/2021 20:10,20:10,20,10.875,blue.ruin.1,1.6,2.76
1,7/31/2021 20:25,20:25,20,10.875,blue.ruin.1,1.6,2.714
1,7/31/2021 20:35,20:35,20,10.812,blue.ruin.1,1.6,2.769
1,7/31/2021 20:50,20:50,20,10.812,blue.ruin.1,1.6,2.742
1,7/31/2021 21:00,21:00,21,10.812,blue.ruin.1,1.6,2.754
1,7/31/2021 21:10,21:10,21,10.75,blue.ruin.1,1.6,2.785
1,7/31/2021 21:25,21:25,21,10.938,blue.ruin.1,1.6,2.766
1,7/31/2021 21:35,21:35,21,11.188,blue.ruin.1,1.6,2.82
1,7/31/2021 21:50,21:50,21,11.062,blue.ruin.1,1.6,2.764
1,7/31/2021 22:00,22:00,22,10.812,blue.ruin.1,1.6,2.773
1,7/31/2021 22:10,22:10,22,10.938,blue.ruin.1,1.6,2.733
1,7/31/2021 22:25,22:25,22,10.875,blue.ruin.1,1.6,2.768
1,7/31/2021 22:35,22:35,22,10.938,blue.ruin.1,1.6,2.767
1,7/31/2021 22:50,22:50,22,11.062,blue.ruin.1,1.6,2.698
1,7/31/2021 23:00,23:00,23,10.875,blue.ruin.1,1.6,2.718
1,7/31/2021 23:10,23:10,23,10.938,blue.ruin.1,1.6,2.71
1,7/31/2021 23:25,23:25,23,10.875,blue.ruin.1,1.6,2.757
1,7/31/2021 23:35,23:35,23,10.875,blue.ruin.1,1.6,2.788
1,7/31/2021 23:50,23:50,23,10.562,blue.ruin.1,1.6,2.82
1,8/1/2021 0:00,0:00,0,10.438,blue.ruin.1,1.6,2.831
1,8/1/2021 0:10,0:10,0,10.375,blue.ruin.1,1.6,2.859
1,8/1/2021 0:25,0:25,0,10.5,blue.ruin.1,1.6,2.944
1,8/1/2021 0:35,0:35,0,10.438,blue.ruin.1,1.6,2.995
1,8/1/2021 0:50,0:50,0,10.438,blue.ruin.1,1.6,3.156
1,8/1/2021 1:00,1:00,1,10.625,blue.ruin.1,1.6,3.213
1,8/1/2021 1:10,1:10,1,10.438,blue.ruin.1,1.6,3.341
1,8/1/2021 1:25,1:25,1,10.562,blue.ruin.1,1.6,3.495
1,8/1/2021 1:35,1:35,1,10.625,blue.ruin.1,1.6,3.559
1,8/1/2021 1:50,1:50,1,10.25,blue.ruin.1,1.6,3.716
1,8/1/2021 2:00,2:00,2,10.25,blue.ruin.1,1.6,3.82
1,8/1/2021 2:10,2:10,2,10.25,blue.ruin.1,1.6,3.905
1,8/1/2021 2:25,2:25,2,10.188,blue.ruin.1,1.6,4.012
1,8/1/2021 2:35,2:35,2,10.125,blue.ruin.1,1.6,4.041
1,8/1/2021 2:50,2:50,2,10.188,blue.ruin.1,1.6,4.272
1,8/1/2021 3:00,3:00,3,10.188,blue.ruin.1,1.6,4.366
1,8/1/2021 3:10,3:10,3,10.062,blue.ruin.1,1.6,4.42
1,8/1/2021 3:25,3:25,3,10.125,blue.ruin.1,1.6,4.416
1,8/1/2021 3:35,3:35,3,10.062,blue.ruin.1,1.6,4.453
1,8/1/2021 3:50,3:50,3,10.062,blue.ruin.1,1.6,4.554
1,8/1/2021 4:00,4:00,4,10.062,blue.ruin.1,1.6,4.463
1,8/1/2021 4:10,4:10,4,10,blue.ruin.1,1.6,4.406
1,8/1/2021 4:25,4:25,4,10,blue.ruin.1,1.6,4.563
1,8/1/2021 4:35,4:35,4,10,blue.ruin.1,1.6,4.6
1,8/1/2021 4:50,4:50,4,10,blue.ruin.1,1.6,4.627
1,8/1/2021 5:00,5:00,5,10,blue.ruin.1,1.6,4.79
1,8/1/2021 5:10,5:10,5,9.938,blue.ruin.1,1.6,4.677
1,8/1/2021 5:25,5:25,5,10,blue.ruin.1,1.6,4.801
1,8/1/2021 5:35,5:35,5,10,blue.ruin.1,1.6,4.77
1,8/1/2021 5:50,5:50,5,10.062,blue.ruin.1,1.6,4.897
1,8/1/2021 6:00,6:00,6,10.062,blue.ruin.1,1.6,4.909
1,8/1/2021 6:10,6:10,6,10,blue.ruin.1,1.6,4.918
1,8/1/2021 6:25,6:25,6,10,blue.ruin.1,1.6,4.93
1,8/1/2021 6:35,6:35,6,10,blue.ruin.1,1.6,4.837
1,8/1/2021 6:50,6:50,6,10,blue.ruin.1,1.6,4.825
1,8/1/2021 7:00,7:00,7,10,blue.ruin.1,1.6,4.797
1,8/1/2021 7:10,7:10,7,9.938,blue.ruin.1,1.6,4.746
1,8/1/2021 7:25,7:25,7,9.938,blue.ruin.1,1.6,4.781
1,8/1/2021 7:35,7:35,7,9.938,blue.ruin.1,1.6,4.654
1,8/1/2021 7:50,7:50,7,10,blue.ruin.1,1.6,4.685
1,8/1/2021 8:00,8:00,8,10,blue.ruin.1,1.6,4.46
1,8/1/2021 8:10,8:10,8,10.062,blue.ruin.1,1.6,4.358
1,8/1/2021 8:25,8:25,8,10.062,blue.ruin.1,1.6,4.375
1,8/1/2021 8:35,8:35,8,10.125,blue.ruin.1,1.6,4.324
1,8/1/2021 8:50,8:50,8,10.125,blue.ruin.1,1.6,4.292
1,8/1/2021 9:00,9:00,9,10.188,blue.ruin.1,1.6,4.244
1,8/1/2021 9:10,9:10,9,10.188,blue.ruin.1,1.6,4.083
1,8/1/2021 9:25,9:25,9,10.25,blue.ruin.1,1.6,4.023
1,8/1/2021 9:35,9:35,9,10.25,blue.ruin.1,1.6,4.037
1,8/1/2021 9:50,9:50,9,10.312,blue.ruin.1,1.6,3.991
1,8/1/2021 10:00,10:00,10,10.375,blue.ruin.1,1.6,3.91
1,8/1/2021 10:10,10:10,10,10.438,blue.ruin.1,1.6,3.941
1,8/1/2021 10:25,10:25,10,10.5,blue.ruin.1,1.6,3.816
1,8/1/2021 10:35,10:35,10,10.5,blue.ruin.1,1.6,3.736
1,8/1/2021 10:50,10:50,10,10.562,blue.ruin.1,1.6,3.685
1,8/1/2021 11:00,11:00,11,10.562,blue.ruin.1,1.6,3.634
1,8/1/2021 11:10,11:10,11,10.625,blue.ruin.1,1.6,3.585
1,8/1/2021 11:25,11:25,11,10.688,blue.ruin.1,1.6,3.557
1,8/1/2021 11:35,11:35,11,10.688,blue.ruin.1,1.6,3.54
1,8/1/2021 11:50,11:50,11,10.75,blue.ruin.1,1.6,3.521
1,8/1/2021 12:00,12:00,12,10.812,blue.ruin.1,1.6,3.544
1,8/1/2021 12:10,12:10,12,10.938,blue.ruin.1,1.6,3.552
1,8/1/2021 12:25,12:25,12,10.938,blue.ruin.1,1.6,3.441
1,8/1/2021 12:35,12:35,12,11.125,blue.ruin.1,1.6,3.403
1,8/1/2021 12:50,12:50,12,11.125,blue.ruin.1,1.6,3.346
1,8/1/2021 13:00,13:00,13,11.188,blue.ruin.1,1.6,3.293
1,8/1/2021 13:10,13:10,13,11.25,blue.ruin.1,1.6,3.253
1,8/1/2021 13:25,13:25,13,11.312,blue.ruin.1,1.6,3.122
1,8/1/2021 13:35,13:35,13,11.25,blue.ruin.1,1.6,3.083
1,8/1/2021 13:50,13:50,13,11.312,blue.ruin.1,1.6,2.984
1,8/1/2021 14:00,14:00,14,11.375,blue.ruin.1,1.6,2.943
1,8/1/2021 14:10,14:10,14,11.438,blue.ruin.1,1.6,2.815
1,8/1/2021 14:25,14:25,14,11.438,blue.ruin.1,1.6,2.814
1,8/1/2021 14:35,14:35,14,11.375,blue.ruin.1,1.6,2.834
1,8/1/2021 14:50,14:50,14,11.312,blue.ruin.1,1.6,2.804
1,8/1/2021 15:00,15:00,15,11.312,blue.ruin.1,1.6,2.741
1,8/1/2021 15:10,15:10,15,11.25,blue.ruin.1,1.6,2.689
1,8/1/2021 15:25,15:25,15,11.25,blue.ruin.1,1.6,2.856
1,8/1/2021 15:35,15:35,15,11.25,blue.ruin.1,1.6,2.947
1,8/1/2021 15:50,15:50,15,11.312,blue.ruin.1,1.6,2.747
1,8/1/2021 16:00,16:00,16,11.312,blue.ruin.1,1.6,2.891
1,8/1/2021 16:10,16:10,16,11.25,blue.ruin.1,1.6,2.862
1,8/1/2021 16:25,16:25,16,11.25,blue.ruin.1,1.6,2.826
1,8/1/2021 16:35,16:35,16,11.25,blue.ruin.1,1.6,2.805
1,8/1/2021 16:50,16:50,16,11.25,blue.ruin.1,1.6,2.866
1,8/1/2021 17:00,17:00,17,11.25,blue.ruin.1,1.6,2.793
1,8/1/2021 17:10,17:10,17,11.188,blue.ruin.1,1.6,2.827
1,8/1/2021 17:25,17:25,17,11.188,blue.ruin.1,1.6,2.817
1,8/1/2021 17:35,17:35,17,11.188,blue.ruin.1,1.6,2.736
1,8/1/2021 17:50,17:50,17,11.188,blue.ruin.1,1.6,2.823
1,8/1/2021 18:00,18:00,18,11.125,blue.ruin.1,1.6,2.811
1,8/1/2021 18:10,18:10,18,11.125,blue.ruin.1,1.6,2.823
1,8/1/2021 18:25,18:25,18,11.062,blue.ruin.1,1.6,2.778
1,8/1/2021 18:35,18:35,18,11.062,blue.ruin.1,1.6,2.697
1,8/1/2021 18:50,18:50,18,11.062,blue.ruin.1,1.6,2.771
1,8/1/2021 19:00,19:00,19,11,blue.ruin.1,1.6,2.803
1,8/1/2021 19:10,19:10,19,11,blue.ruin.1,1.6,2.75
1,8/1/2021 19:25,19:25,19,11,blue.ruin.1,1.6,2.745
1,8/1/2021 19:35,19:35,19,10.938,blue.ruin.1,1.6,2.741
1,8/1/2021 19:50,19:50,19,10.875,blue.ruin.1,1.6,2.71
1,8/1/2021 20:00,20:00,20,10.938,blue.ruin.1,1.6,2.737
1,8/1/2021 20:10,20:10,20,10.812,blue.ruin.1,1.6,2.756
1,8/1/2021 20:25,20:25,20,10.812,blue.ruin.1,1.6,2.749
1,8/1/2021 20:35,20:35,20,10.75,blue.ruin.1,1.6,2.687
1,8/1/2021 20:50,20:50,20,10.75,blue.ruin.1,1.6,2.698
1,8/1/2021 21:00,21:00,21,10.688,blue.ruin.1,1.6,2.674
1,8/1/2021 21:10,21:10,21,10.625,blue.ruin.1,1.6,2.622
1,8/1/2021 21:25,21:25,21,10.625,blue.ruin.1,1.6,2.606
1,8/1/2021 21:35,21:35,21,10.5,blue.ruin.1,1.6,2.684
1,8/1/2021 21:50,21:50,21,10.438,blue.ruin.1,1.6,2.757
1,8/1/2021 22:00,22:00,22,10.5,blue.ruin.1,1.6,2.756
1,8/1/2021 22:10,22:10,22,10.438,blue.ruin.1,1.6,2.757
1,8/1/2021 22:25,22:25,22,10.375,blue.ruin.1,1.6,2.686
1,8/1/2021 22:35,22:35,22,10.438,blue.ruin.1,1.6,2.639
1,8/1/2021 22:50,22:50,22,10.438,blue.ruin.1,1.6,2.532
1,8/1/2021 23:00,23:00,23,10.562,blue.ruin.1,1.6,2.605
1,8/1/2021 23:10,23:10,23,10.562,blue.ruin.1,1.6,2.668
1,8/1/2021 23:25,23:25,23,10.562,blue.ruin.1,1.6,2.54
1,8/1/2021 23:35,23:35,23,10.562,blue.ruin.1,1.6,2.655
1,8/1/2021 23:50,23:50,23,10.5,blue.ruin.1,1.6,2.67
1,8/2/2021 0:00,0:00,0,10.5,blue.ruin.1,1.6,2.506
1,8/2/2021 0:10,0:10,0,10.438,blue.ruin.1,1.6,2.651
1,8/2/2021 0:25,0:25,0,10.5,blue.ruin.1,1.6,2.781
1,8/2/2021 0:35,0:35,0,10.438,blue.ruin.1,1.6,2.908
1,8/2/2021 0:50,0:50,0,10.438,blue.ruin.1,1.6,3.274
1,8/2/2021 1:00,1:00,1,10.375,blue.ruin.1,1.6,3.432
1,8/2/2021 1:10,1:10,1,10.438,blue.ruin.1,1.6,3.669
1,8/2/2021 1:25,1:25,1,10.438,blue.ruin.1,1.6,3.951
1,8/2/2021 1:35,1:35,1,10.438,blue.ruin.1,1.6,4.842
1,8/2/2021 1:50,1:50,1,10.438,blue.ruin.1,1.6,4.366
1,8/2/2021 2:00,2:00,2,10.438,blue.ruin.1,1.6,NA
1,8/2/2021 2:10,2:10,2,10.375,blue.ruin.1,1.6,NA
1,8/2/2021 2:25,2:25,2,10.375,blue.ruin.1,1.6,NA
1,8/2/2021 2:35,2:35,2,10.375,blue.ruin.1,1.6,NA
1,8/2/2021 2:50,2:50,2,10.375,blue.ruin.1,1.6,NA
1,8/2/2021 3:00,3:00,3,10.312,blue.ruin.1,1.6,NA
1,8/2/2021 3:10,3:10,3,10.312,blue.ruin.1,1.6,NA
1,8/2/2021 3:25,3:25,3,10.312,blue.ruin.1,1.6,NA
1,8/2/2021 3:35,3:35,3,10.25,blue.ruin.1,1.6,NA
1,8/2/2021 3:50,3:50,3,10.312,blue.ruin.1,1.6,NA
1,8/2/2021 4:00,4:00,4,10.25,blue.ruin.1,1.6,NA
1,8/2/2021 4:10,4:10,4,10.25,blue.ruin.1,1.6,NA
1,8/2/2021 4:25,4:25,4,10.25,blue.ruin.1,1.6,NA
1,8/2/2021 4:35,4:35,4,10.25,blue.ruin.1,1.6,NA
1,8/2/2021 4:50,4:50,4,10.25,blue.ruin.1,1.6,NA
1,8/2/2021 5:00,5:00,5,10.25,blue.ruin.1,1.6,NA
1,8/2/2021 5:10,5:10,5,10.25,blue.ruin.1,1.6,NA
1,8/2/2021 5:25,5:25,5,10.5,blue.ruin.1,1.6,NA
1,8/2/2021 5:35,5:35,5,10.375,blue.ruin.1,1.6,NA
1,8/2/2021 5:50,5:50,5,10.25,blue.ruin.1,1.6,NA
1,8/2/2021 6:00,6:00,6,10.312,blue.ruin.1,1.6,NA
1,8/2/2021 6:10,6:10,6,10.25,blue.ruin.1,1.6,NA
1,8/2/2021 6:25,6:25,6,10.25,blue.ruin.1,1.6,NA
1,8/2/2021 6:35,6:35,6,10.312,blue.ruin.1,1.6,4.929
1,8/2/2021 6:50,6:50,6,10.312,blue.ruin.1,1.6,4.554
1,8/2/2021 7:00,7:00,7,10.25,blue.ruin.1,1.6,4.349
1,8/2/2021 7:10,7:10,7,10.25,blue.ruin.1,1.6,4.535
1,8/2/2021 7:25,7:25,7,10.25,blue.ruin.1,1.6,4.595
1,8/2/2021 7:35,7:35,7,10.25,blue.ruin.1,1.6,4.467
1,8/2/2021 7:50,7:50,7,10.25,blue.ruin.1,1.6,4.22
1,8/2/2021 8:00,8:00,8,10.25,blue.ruin.1,1.6,4.188
1,8/2/2021 8:10,8:10,8,10.25,blue.ruin.1,1.6,4.172
1,8/2/2021 8:25,8:25,8,10.312,blue.ruin.1,1.6,4.118
1,8/2/2021 8:35,8:35,8,10.312,blue.ruin.1,1.6,4.011
1,8/2/2021 8:50,8:50,8,10.375,blue.ruin.1,1.6,3.939
1,8/2/2021 9:00,9:00,9,10.375,blue.ruin.1,1.6,3.98
1,8/2/2021 9:10,9:10,9,10.438,blue.ruin.1,1.6,4.047
1,8/2/2021 9:25,9:25,9,10.438,blue.ruin.1,1.6,4.066
1,8/2/2021 9:35,9:35,9,10.5,blue.ruin.1,1.6,3.794
1,8/2/2021 9:50,9:50,9,10.5,blue.ruin.1,1.6,3.977
1,8/2/2021 10:00,10:00,10,10.562,blue.ruin.1,1.6,3.964
1,8/2/2021 10:10,10:10,10,10.562,blue.ruin.1,1.6,3.952
1,8/2/2021 10:25,10:25,10,10.562,blue.ruin.1,1.6,3.941
1,8/2/2021 10:35,10:35,10,10.625,blue.ruin.1,1.6,3.928
1,8/2/2021 10:50,10:50,10,10.688,blue.ruin.1,1.6,3.852
1,8/2/2021 11:00,11:00,11,10.688,blue.ruin.1,1.6,3.758
1,8/2/2021 11:10,11:10,11,10.75,blue.ruin.1,1.6,3.738
1,8/2/2021 11:25,11:25,11,10.812,blue.ruin.1,1.6,3.734
1,8/2/2021 11:35,11:35,11,10.875,blue.ruin.1,1.6,3.705
1,8/2/2021 11:50,11:50,11,10.938,blue.ruin.1,1.6,3.652
1,8/2/2021 12:00,12:00,12,10.938,blue.ruin.1,1.6,3.625
1,8/2/2021 12:10,12:10,12,10.938,blue.ruin.1,1.6,3.566
1,8/2/2021 12:25,12:25,12,10.938,blue.ruin.1,1.6,3.533
1,8/2/2021 12:35,12:35,12,11,blue.ruin.1,1.6,3.384
1,8/2/2021 12:50,12:50,12,11,blue.ruin.1,1.6,3.44
1,8/2/2021 13:00,13:00,13,11.062,blue.ruin.1,1.6,3.401
1,8/2/2021 13:10,13:10,13,11.125,blue.ruin.1,1.6,3.273
1,8/2/2021 13:25,13:25,13,11.188,blue.ruin.1,1.6,3.306
1,8/2/2021 13:35,13:35,13,11.562,blue.ruin.1,1.6,3.205
1,8/2/2021 13:50,13:50,13,11.438,blue.ruin.1,1.6,3.167
1,8/2/2021 14:00,14:00,14,11.375,blue.ruin.1,1.6,3.124
1,8/2/2021 14:10,14:10,14,11.312,blue.ruin.1,1.6,3.04
1,8/2/2021 14:25,14:25,14,11.312,blue.ruin.1,1.6,2.953
1,8/2/2021 14:35,14:35,14,11.312,blue.ruin.1,1.6,2.977
1,8/2/2021 14:50,14:50,14,11.312,blue.ruin.1,1.6,2.955
1,8/2/2021 15:00,15:00,15,11.312,blue.ruin.1,1.6,2.907
1,8/2/2021 15:10,15:10,15,11.312,blue.ruin.1,1.6,2.789
1,8/2/2021 15:25,15:25,15,11.312,blue.ruin.1,1.6,2.829
1,8/2/2021 15:35,15:35,15,11.312,blue.ruin.1,1.6,2.746
1,8/2/2021 15:50,15:50,15,11.312,blue.ruin.1,1.6,2.694
1,8/2/2021 16:00,16:00,16,11.312,blue.ruin.1,1.6,2.678
1,8/2/2021 16:10,16:10,16,11.312,blue.ruin.1,1.6,2.627
1,8/2/2021 16:25,16:25,16,11.312,blue.ruin.1,1.6,2.677
1,8/2/2021 16:35,16:35,16,11.312,blue.ruin.1,1.6,2.495
1,8/2/2021 16:50,16:50,16,11.375,blue.ruin.1,1.6,2.434
1,8/2/2021 17:00,17:00,17,11.312,blue.ruin.1,1.6,2.365
1,8/2/2021 17:10,17:10,17,11.312,blue.ruin.1,1.6,2.456
1,8/2/2021 17:25,17:25,17,11.25,blue.ruin.1,1.6,NA
1,8/2/2021 17:35,17:35,17,11.188,blue.ruin.1,1.6,2.419
1,8/2/2021 17:50,17:50,17,11.188,blue.ruin.1,1.6,2.559
1,8/2/2021 18:00,18:00,18,11.188,blue.ruin.1,1.6,2.653
1,8/2/2021 18:10,18:10,18,11.188,blue.ruin.1,1.6,2.609
1,8/2/2021 18:25,18:25,18,11.125,blue.ruin.1,1.6,2.572
1,8/2/2021 18:35,18:35,18,11.125,blue.ruin.1,1.6,2.647
1,8/2/2021 18:50,18:50,18,11.062,blue.ruin.1,1.6,2.58
1,8/2/2021 19:00,19:00,19,11,blue.ruin.1,1.6,2.555
1,8/2/2021 19:10,19:10,19,11.062,blue.ruin.1,1.6,2.636
1,8/2/2021 19:25,19:25,19,11,blue.ruin.1,1.6,2.649
1,8/2/2021 19:35,19:35,19,11,blue.ruin.1,1.6,2.661
1,8/2/2021 19:50,19:50,19,10.938,blue.ruin.1,1.6,2.584
1,8/2/2021 20:00,20:00,20,10.938,blue.ruin.1,1.6,2.574
1,8/2/2021 20:10,20:10,20,10.938,blue.ruin.1,1.6,2.485
1,8/2/2021 20:25,20:25,20,10.875,blue.ruin.1,1.6,2.592
1,8/2/2021 20:35,20:35,20,10.875,blue.ruin.1,1.6,2.622
1,8/2/2021 20:50,20:50,20,10.875,blue.ruin.1,1.6,2.668
1,8/2/2021 21:00,21:00,21,10.812,blue.ruin.1,1.6,2.633
1,8/2/2021 21:10,21:10,21,10.812,blue.ruin.1,1.6,2.698
1,8/2/2021 21:25,21:25,21,10.75,blue.ruin.1,1.6,2.682
1,8/2/2021 21:35,21:35,21,10.75,blue.ruin.1,1.6,2.682
1,8/2/2021 21:50,21:50,21,10.75,blue.ruin.1,1.6,2.673
1,8/2/2021 22:00,22:00,22,10.625,blue.ruin.1,1.6,2.715
1,8/2/2021 22:10,22:10,22,10.562,blue.ruin.1,1.6,2.638
1,8/2/2021 22:25,22:25,22,10.562,blue.ruin.1,1.6,2.689
1,8/2/2021 22:35,22:35,22,10.5,blue.ruin.1,1.6,2.692
1,8/2/2021 22:50,22:50,22,10.438,blue.ruin.1,1.6,2.728
1,8/2/2021 23:00,23:00,23,10.438,blue.ruin.1,1.6,2.708
1,8/2/2021 23:10,23:10,23,10.5,blue.ruin.1,1.6,2.662
1,8/2/2021 23:25,23:25,23,10.438,blue.ruin.1,1.6,2.755
1,8/2/2021 23:35,23:35,23,10.438,blue.ruin.1,1.6,2.668
1,8/2/2021 23:50,23:50,23,10.375,blue.ruin.1,1.6,2.683
1,8/3/2021 0:00,0:00,0,10.312,blue.ruin.1,1.6,2.741
1,8/3/2021 0:10,0:10,0,10.312,blue.ruin.1,1.6,2.763
1,8/3/2021 0:25,0:25,0,10.375,blue.ruin.1,1.6,2.844
1,8/3/2021 0:35,0:35,0,10.312,blue.ruin.1,1.6,2.878
1,8/3/2021 0:50,0:50,0,10.25,blue.ruin.1,1.6,3.029
1,8/3/2021 1:00,1:00,1,10.25,blue.ruin.1,1.6,3.078
1,8/3/2021 1:10,1:10,1,10.312,blue.ruin.1,1.6,3.194
1,8/3/2021 1:25,1:25,1,10.25,blue.ruin.1,1.6,3.338
1,8/3/2021 1:35,1:35,1,10.25,blue.ruin.1,1.6,3.391
1,8/3/2021 1:50,1:50,1,10.25,blue.ruin.1,1.6,3.51
1,8/3/2021 2:00,2:00,2,10.25,blue.ruin.1,1.6,3.501
1,8/3/2021 2:10,2:10,2,10.25,blue.ruin.1,1.6,3.779
1,8/3/2021 2:25,2:25,2,10.188,blue.ruin.1,1.6,3.912
1,8/3/2021 2:35,2:35,2,10.188,blue.ruin.1,1.6,3.979
1,8/3/2021 2:50,2:50,2,10.188,blue.ruin.1,1.6,4.285
1,8/3/2021 3:00,3:00,3,10.125,blue.ruin.1,1.6,4.407
1,8/3/2021 3:10,3:10,3,10.125,blue.ruin.1,1.6,4.498
1,8/3/2021 3:25,3:25,3,10.25,blue.ruin.1,1.6,4.706
1,8/3/2021 3:35,3:35,3,10.125,blue.ruin.1,1.6,4.657
1,8/3/2021 3:50,3:50,3,10.062,blue.ruin.1,1.6,4.949
1,8/3/2021 4:00,4:00,4,10.125,blue.ruin.1,1.6,5.068
1,8/3/2021 4:10,4:10,4,10.062,blue.ruin.1,1.6,5.053
1,8/3/2021 4:25,4:25,4,10.062,blue.ruin.1,1.6,5.118
1,8/3/2021 4:35,4:35,4,10,blue.ruin.1,1.6,5.124
1,8/3/2021 4:50,4:50,4,10.062,blue.ruin.1,1.6,NA
1,8/3/2021 5:00,5:00,5,10,blue.ruin.1,1.6,5.173
1,8/3/2021 5:10,5:10,5,10,blue.ruin.1,1.6,NA
1,8/3/2021 5:25,5:25,5,10.062,blue.ruin.1,1.6,4.459
1,8/3/2021 5:35,5:35,5,10.062,blue.ruin.1,1.6,4.923
1,8/3/2021 5:50,5:50,5,10.062,blue.ruin.1,1.6,5.142
1,8/3/2021 6:00,6:00,6,10.062,blue.ruin.1,1.6,4.939
1,8/3/2021 6:10,6:10,6,10.062,blue.ruin.1,1.6,4.65
1,8/3/2021 6:25,6:25,6,10,blue.ruin.1,1.6,4.684
1,8/3/2021 6:35,6:35,6,10,blue.ruin.1,1.6,4.613
1,8/3/2021 6:50,6:50,6,10,blue.ruin.1,1.6,4.74
1,8/3/2021 7:00,7:00,7,10,blue.ruin.1,1.6,4.63
1,8/3/2021 7:10,7:10,7,10,blue.ruin.1,1.6,4.599
1,8/3/2021 7:25,7:25,7,10,blue.ruin.1,1.6,4.502
1,8/3/2021 7:35,7:35,7,10,blue.ruin.1,1.6,4.483
1,8/3/2021 7:50,7:50,7,10.062,blue.ruin.1,1.6,4.403
1,8/3/2021 8:00,8:00,8,10.062,blue.ruin.1,1.6,4.546
1,8/3/2021 8:10,8:10,8,10.062,blue.ruin.1,1.6,4.432
1,8/3/2021 8:25,8:25,8,10.062,blue.ruin.1,1.6,4.549
1,8/3/2021 8:35,8:35,8,10.125,blue.ruin.1,1.6,4.398
1,8/3/2021 8:50,8:50,8,10.125,blue.ruin.1,1.6,4.976
1,8/3/2021 9:00,9:00,9,10.188,blue.ruin.1,1.6,4.407
1,8/3/2021 9:10,9:10,9,10.188,blue.ruin.1,1.6,4.341
1,8/3/2021 9:25,9:25,9,10.25,blue.ruin.1,1.6,4.27
1,8/3/2021 9:35,9:35,9,10.25,blue.ruin.1,1.6,4.144
1,8/3/2021 9:50,9:50,9,10.312,blue.ruin.1,1.6,4.243
1,8/3/2021 10:00,10:00,10,10.375,blue.ruin.1,1.6,4.165
1,8/3/2021 10:10,10:10,10,10.375,blue.ruin.1,1.6,4.194
1,8/3/2021 10:25,10:25,10,10.5,blue.ruin.1,1.6,4.097
1,8/3/2021 10:35,10:35,10,10.5,blue.ruin.1,1.6,4.044
1,8/3/2021 10:50,10:50,10,10.562,blue.ruin.1,1.6,3.838
1,8/3/2021 11:00,11:00,11,10.562,blue.ruin.1,1.6,3.73
1,8/3/2021 11:10,11:10,11,10.562,blue.ruin.1,1.6,3.769
1,8/3/2021 11:25,11:25,11,10.75,blue.ruin.1,1.6,3.649
1,8/3/2021 11:35,11:35,11,10.688,blue.ruin.1,1.6,3.604
1,8/3/2021 11:50,11:50,11,10.75,blue.ruin.1,1.6,3.602
1,8/3/2021 12:00,12:00,12,10.812,blue.ruin.1,1.6,3.586
1,8/3/2021 12:10,12:10,12,10.75,blue.ruin.1,1.6,3.521
1,8/3/2021 12:25,12:25,12,10.75,blue.ruin.1,1.6,3.461
1,8/3/2021 12:35,12:35,12,10.75,blue.ruin.1,1.6,3.428
1,8/3/2021 12:50,12:50,12,10.75,blue.ruin.1,1.6,3.383
1,8/3/2021 13:00,13:00,13,10.75,blue.ruin.1,1.6,3.325
1,8/3/2021 13:10,13:10,13,10.812,blue.ruin.1,1.6,3.288
1,8/3/2021 13:25,13:25,13,10.938,blue.ruin.1,1.6,3.246
1,8/3/2021 13:35,13:35,13,11,blue.ruin.1,1.6,3.184
1,8/3/2021 13:50,13:50,13,11.062,blue.ruin.1,1.6,2.923
1,8/3/2021 14:00,14:00,14,11.188,blue.ruin.1,1.6,2.563
1,8/3/2021 14:10,14:10,14,11.188,blue.ruin.1,1.6,2.463
1,8/3/2021 14:25,14:25,14,11.25,blue.ruin.1,1.6,2.896
1,8/3/2021 14:35,14:35,14,11.312,blue.ruin.1,1.6,2.839
1,8/3/2021 14:50,14:50,14,11.312,blue.ruin.1,1.6,2.778
1,8/3/2021 15:00,15:00,15,11.375,blue.ruin.1,1.6,2.799
1,8/3/2021 15:10,15:10,15,11.375,blue.ruin.1,1.6,2.855
1,8/3/2021 15:25,15:25,15,11.375,blue.ruin.1,1.6,2.847
1,8/3/2021 15:35,15:35,15,11.438,blue.ruin.1,1.6,2.803
1,8/3/2021 15:50,15:50,15,11.438,blue.ruin.1,1.6,2.758
1,8/3/2021 16:00,16:00,16,11.375,blue.ruin.1,1.6,2.693
1,8/3/2021 16:10,16:10,16,11.375,blue.ruin.1,1.6,2.667
1,8/3/2021 16:25,16:25,16,11.312,blue.ruin.1,1.6,2.62
1,8/3/2021 16:35,16:35,16,11.312,blue.ruin.1,1.6,2.558
1,8/3/2021 16:50,16:50,16,11.25,blue.ruin.1,1.6,2.595
1,8/3/2021 17:00,17:00,17,11.25,blue.ruin.1,1.6,2.541
1,8/3/2021 17:10,17:10,17,11.25,blue.ruin.1,1.6,2.556
1,8/3/2021 17:25,17:25,17,11.25,blue.ruin.1,1.6,2.552
1,8/3/2021 17:35,17:35,17,11.25,blue.ruin.1,1.6,2.641
1,8/3/2021 17:50,17:50,17,11.25,blue.ruin.1,1.6,2.694
1,8/3/2021 18:00,18:00,18,11.25,blue.ruin.1,1.6,2.747
1,8/3/2021 18:10,18:10,18,11.188,blue.ruin.1,1.6,2.753
1,8/3/2021 18:25,18:25,18,11.188,blue.ruin.1,1.6,2.767
1,8/3/2021 18:35,18:35,18,11.188,blue.ruin.1,1.6,2.755
1,8/3/2021 18:50,18:50,18,11.125,blue.ruin.1,1.6,2.747
1,8/3/2021 19:00,19:00,19,11.125,blue.ruin.1,1.6,2.739
1,8/3/2021 19:10,19:10,19,11.125,blue.ruin.1,1.6,2.782
1,8/3/2021 19:25,19:25,19,11.062,blue.ruin.1,1.6,2.724
1,8/3/2021 19:35,19:35,19,11.062,blue.ruin.1,1.6,2.74
1,8/3/2021 19:50,19:50,19,11,blue.ruin.1,1.6,2.697
1,8/3/2021 20:00,20:00,20,10.938,blue.ruin.1,1.6,2.695
1,8/3/2021 20:10,20:10,20,10.938,blue.ruin.1,1.6,2.725
1,8/3/2021 20:25,20:25,20,10.875,blue.ruin.1,1.6,2.673
1,8/3/2021 20:35,20:35,20,10.875,blue.ruin.1,1.6,2.727
1,8/3/2021 20:50,20:50,20,10.812,blue.ruin.1,1.6,2.713
1,8/3/2021 21:00,21:00,21,10.812,blue.ruin.1,1.6,2.697
1,8/3/2021 21:10,21:10,21,10.75,blue.ruin.1,1.6,2.73
1,8/3/2021 21:25,21:25,21,10.75,blue.ruin.1,1.6,2.647
1,8/3/2021 21:35,21:35,21,10.688,blue.ruin.1,1.6,2.347
1,8/3/2021 21:50,21:50,21,10.688,blue.ruin.1,1.6,2.611
1,8/3/2021 22:00,22:00,22,10.688,blue.ruin.1,1.6,2.715
1,8/3/2021 22:10,22:10,22,10.625,blue.ruin.1,1.6,2.664
1,8/3/2021 22:25,22:25,22,10.562,blue.ruin.1,1.6,2.723
1,8/3/2021 22:35,22:35,22,10.562,blue.ruin.1,1.6,2.751
1,8/3/2021 22:50,22:50,22,10.562,blue.ruin.1,1.6,2.768
1,8/3/2021 23:00,23:00,23,10.438,blue.ruin.1,1.6,2.715
1,8/3/2021 23:10,23:10,23,10.438,blue.ruin.1,1.6,2.734
1,8/3/2021 23:25,23:25,23,10.438,blue.ruin.1,1.6,2.605
1,8/3/2021 23:35,23:35,23,10.375,blue.ruin.1,1.6,2.719
1,8/3/2021 23:50,23:50,23,10.375,blue.ruin.1,1.6,2.699
1,8/4/2021 0:00,0:00,0,10.375,blue.ruin.1,1.6,2.704
1,8/4/2021 0:10,0:10,0,10.375,blue.ruin.1,1.6,2.77
1,8/4/2021 0:25,0:25,0,10.375,blue.ruin.1,1.6,2.819
1,8/4/2021 0:35,0:35,0,10.312,blue.ruin.1,1.6,2.974
1,8/4/2021 0:50,0:50,0,10.375,blue.ruin.1,1.6,2.97
1,8/4/2021 1:00,1:00,1,10.312,blue.ruin.1,1.6,3.152
1,8/4/2021 1:10,1:10,1,10.25,blue.ruin.1,1.6,2.313
1,8/4/2021 1:25,1:25,1,10.25,blue.ruin.1,1.6,2.885
1,8/4/2021 1:35,1:35,1,10.25,blue.ruin.1,1.6,NA
1,8/4/2021 1:50,1:50,1,10.25,blue.ruin.1,1.6,2.808
1,8/4/2021 2:00,2:00,2,10.25,blue.ruin.1,1.6,3.021
1,8/4/2021 2:10,2:10,2,10.25,blue.ruin.1,1.6,3.566
1,8/4/2021 2:25,2:25,2,10.25,blue.ruin.1,1.6,3.703
1,8/4/2021 2:35,2:35,2,10.25,blue.ruin.1,1.6,3.475
1,8/4/2021 2:50,2:50,2,10.25,blue.ruin.1,1.6,4.215
1,8/4/2021 3:00,3:00,3,10.25,blue.ruin.1,1.6,4.266
1,8/4/2021 3:10,3:10,3,10.25,blue.ruin.1,1.6,4.251
1,8/4/2021 3:25,3:25,3,10.25,blue.ruin.1,1.6,2.864
1,8/4/2021 3:35,3:35,3,10.188,blue.ruin.1,1.6,4.233
1,8/4/2021 3:50,3:50,3,10.25,blue.ruin.1,1.6,3.189
1,8/4/2021 4:00,4:00,4,10.188,blue.ruin.1,1.6,3.61
1,8/4/2021 4:10,4:10,4,10.188,blue.ruin.1,1.6,3.652
1,8/4/2021 4:25,4:25,4,10.188,blue.ruin.1,1.6,4.616
1,8/4/2021 4:35,4:35,4,10.125,blue.ruin.1,1.6,4.678
1,8/4/2021 4:50,4:50,4,10.125,blue.ruin.1,1.6,4.96
1,8/4/2021 5:00,5:00,5,10.188,blue.ruin.1,1.6,4.91
1,8/4/2021 5:10,5:10,5,10.188,blue.ruin.1,1.6,4.682
1,8/4/2021 5:25,5:25,5,10.125,blue.ruin.1,1.6,4.854
1,8/4/2021 5:35,5:35,5,10.25,blue.ruin.1,1.6,4.474
1,8/4/2021 5:50,5:50,5,10.312,blue.ruin.1,1.6,4.939
1,8/4/2021 6:00,6:00,6,10.312,blue.ruin.1,1.6,4.81
1,8/4/2021 6:10,6:10,6,10.312,blue.ruin.1,1.6,4.895
1,8/4/2021 6:25,6:25,6,10.312,blue.ruin.1,1.6,4.93
1,8/4/2021 6:35,6:35,6,10.312,blue.ruin.1,1.6,4.934
1,8/4/2021 6:50,6:50,6,10.312,blue.ruin.1,1.6,4.912
1,8/4/2021 7:00,7:00,7,10.312,blue.ruin.1,1.6,4.855
1,8/4/2021 7:10,7:10,7,10.312,blue.ruin.1,1.6,4.624
1,8/4/2021 7:25,7:25,7,10.312,blue.ruin.1,1.6,4.454
1,8/4/2021 7:35,7:35,7,10.25,blue.ruin.1,1.6,4.446
1,8/4/2021 7:50,7:50,7,10.312,blue.ruin.1,1.6,4.418
1,8/4/2021 8:00,8:00,8,10.312,blue.ruin.1,1.6,4.29
1,8/4/2021 8:10,8:10,8,10.375,blue.ruin.1,1.6,4.572
1,8/4/2021 8:25,8:25,8,10.438,blue.ruin.1,1.6,4.339
1,8/4/2021 8:35,8:35,8,10.5,blue.ruin.1,1.6,4.287
1,8/4/2021 8:50,8:50,8,10.562,blue.ruin.1,1.6,4.363
1,8/4/2021 9:00,9:00,9,10.562,blue.ruin.1,1.6,4.208
1,8/4/2021 9:10,9:10,9,10.688,blue.ruin.1,1.6,4.381
1,8/4/2021 9:25,9:25,9,10.75,blue.ruin.1,1.6,4.018
1,8/4/2021 9:35,9:35,9,10.812,blue.ruin.1,1.6,4.144
1,8/4/2021 9:50,9:50,9,10.812,blue.ruin.1,1.6,4.098
1,8/4/2021 10:00,10:00,10,10.875,blue.ruin.1,1.6,4.179
1,8/4/2021 10:10,10:10,10,10.938,blue.ruin.1,1.6,4.042
1,8/4/2021 10:25,10:25,10,11.062,blue.ruin.1,1.6,4.117
1,8/4/2021 10:35,10:35,10,11.062,blue.ruin.1,1.6,4.198
1,8/4/2021 10:50,10:50,10,11.125,blue.ruin.1,1.6,4.23
1,8/4/2021 11:00,11:00,11,11.125,blue.ruin.1,1.6,4.128
1,8/4/2021 11:10,11:10,11,11.188,blue.ruin.1,1.6,4.053
1,8/4/2021 11:25,11:25,11,11.25,blue.ruin.1,1.6,3.965
1,8/4/2021 11:35,11:35,11,11.25,blue.ruin.1,1.6,3.934
1,8/4/2021 11:50,11:50,11,11.375,blue.ruin.1,1.6,3.867
1,8/4/2021 12:00,12:00,12,11.312,blue.ruin.1,1.6,3.798
1,8/4/2021 12:10,12:10,12,11.312,blue.ruin.1,1.6,3.718
1,8/4/2021 12:25,12:25,12,11.312,blue.ruin.1,1.6,3.676
1,8/4/2021 12:35,12:35,12,11.312,blue.ruin.1,1.6,3.626
1,8/4/2021 12:50,12:50,12,11.375,blue.ruin.1,1.6,3.537
1,8/4/2021 13:00,13:00,13,11.438,blue.ruin.1,1.6,3.445
1,8/4/2021 13:10,13:10,13,11.438,blue.ruin.1,1.6,3.404
1,8/4/2021 13:25,13:25,13,11.438,blue.ruin.1,1.6,3.278
1,8/4/2021 13:35,13:35,13,11.438,blue.ruin.1,1.6,3.22
1,8/4/2021 13:50,13:50,13,11.5,blue.ruin.1,1.6,3.147
1,8/4/2021 14:00,14:00,14,11.5,blue.ruin.1,1.6,3.033
1,8/4/2021 14:10,14:10,14,11.5,blue.ruin.1,1.6,2.929
1,8/4/2021 14:25,14:25,14,11.5,blue.ruin.1,1.6,2.86
1,8/4/2021 14:35,14:35,14,11.5,blue.ruin.1,1.6,2.783
1,8/4/2021 14:50,14:50,14,11.562,blue.ruin.1,1.6,2.737
1,8/4/2021 15:00,15:00,15,11.5,blue.ruin.1,1.6,2.693
1,8/4/2021 15:10,15:10,15,11.438,blue.ruin.1,1.6,2.771
1,8/4/2021 15:25,15:25,15,11.5,blue.ruin.1,1.6,2.749
1,8/4/2021 15:35,15:35,15,11.438,blue.ruin.1,1.6,2.741
1,8/4/2021 15:50,15:50,15,11.438,blue.ruin.1,1.6,2.724
1,8/4/2021 16:00,16:00,16,11.375,blue.ruin.1,1.6,2.725
1,8/4/2021 16:10,16:10,16,11.375,blue.ruin.1,1.6,2.734
1,8/4/2021 16:25,16:25,16,11.438,blue.ruin.1,1.6,2.727
1,8/4/2021 16:35,16:35,16,11.438,blue.ruin.1,1.6,2.684
1,8/4/2021 16:50,16:50,16,11.375,blue.ruin.1,1.6,2.674
1,8/4/2021 17:00,17:00,17,11.375,blue.ruin.1,1.6,2.654
1,8/4/2021 17:10,17:10,17,11.375,blue.ruin.1,1.6,2.676
1,8/4/2021 17:25,17:25,17,11.312,blue.ruin.1,1.6,2.662
1,8/4/2021 17:35,17:35,17,11.25,blue.ruin.1,1.6,2.672
1,8/4/2021 17:50,17:50,17,11.25,blue.ruin.1,1.6,2.595
1,8/4/2021 18:00,18:00,18,11.25,blue.ruin.1,1.6,2.583
1,8/4/2021 18:10,18:10,18,11.25,blue.ruin.1,1.6,2.666
1,8/4/2021 18:25,18:25,18,11.188,blue.ruin.1,1.6,2.698
1,8/4/2021 18:35,18:35,18,11.125,blue.ruin.1,1.6,2.65
1,8/4/2021 18:50,18:50,18,11.125,blue.ruin.1,1.6,2.633
1,8/4/2021 19:00,19:00,19,11.062,blue.ruin.1,1.6,2.629
1,8/4/2021 19:10,19:10,19,11,blue.ruin.1,1.6,2.629
1,8/4/2021 19:25,19:25,19,10.938,blue.ruin.1,1.6,2.653
1,8/4/2021 19:35,19:35,19,10.875,blue.ruin.1,1.6,2.669
1,8/4/2021 19:50,19:50,19,10.812,blue.ruin.1,1.6,2.645
1,8/4/2021 20:00,20:00,20,10.812,blue.ruin.1,1.6,2.688
1,8/4/2021 20:10,20:10,20,10.75,blue.ruin.1,1.6,2.646
1,8/4/2021 20:25,20:25,20,10.688,blue.ruin.1,1.6,NA
1,8/4/2021 20:35,20:35,20,10.688,blue.ruin.1,1.6,NA
1,8/4/2021 20:50,20:50,20,10.688,blue.ruin.1,1.6,NA
1,8/4/2021 21:00,21:00,21,10.625,blue.ruin.1,1.6,2.591
1,8/4/2021 21:10,21:10,21,10.562,blue.ruin.1,1.6,2.678
1,8/4/2021 21:25,21:25,21,10.562,blue.ruin.1,1.6,2.566
1,8/4/2021 21:35,21:35,21,10.562,blue.ruin.1,1.6,2.607
1,8/4/2021 21:50,21:50,21,10.562,blue.ruin.1,1.6,2.62
1,8/4/2021 22:00,22:00,22,10.562,blue.ruin.1,1.6,2.628
1,8/4/2021 22:10,22:10,22,10.5,blue.ruin.1,1.6,2.653
1,8/4/2021 22:25,22:25,22,10.438,blue.ruin.1,1.6,2.544
1,8/4/2021 22:35,22:35,22,10.438,blue.ruin.1,1.6,2.595
1,8/4/2021 22:50,22:50,22,10.375,blue.ruin.1,1.6,2.696
1,8/4/2021 23:00,23:00,23,10.312,blue.ruin.1,1.6,2.688
1,8/4/2021 23:10,23:10,23,10.312,blue.ruin.1,1.6,2.625
1,8/4/2021 23:25,23:25,23,10.312,blue.ruin.1,1.6,2.67
1,8/4/2021 23:35,23:35,23,10.25,blue.ruin.1,1.6,2.678
1,8/4/2021 23:50,23:50,23,10.25,blue.ruin.1,1.6,2.688
1,8/5/2021 0:00,0:00,0,10.25,blue.ruin.1,1.6,2.7
1,8/5/2021 0:10,0:10,0,10.25,blue.ruin.1,1.6,2.707
1,8/5/2021 0:25,0:25,0,10.188,blue.ruin.1,1.6,2.8
1,8/5/2021 0:35,0:35,0,10.188,blue.ruin.1,1.6,2.78
1,8/5/2021 0:50,0:50,0,10.188,blue.ruin.1,1.6,2.98
1,8/5/2021 1:00,1:00,1,10.188,blue.ruin.1,1.6,2.968
1,8/5/2021 1:10,1:10,1,10.312,blue.ruin.1,1.6,3.13
1,8/5/2021 1:25,1:25,1,10.25,blue.ruin.1,1.6,3.196
1,8/5/2021 1:35,1:35,1,10.25,blue.ruin.1,1.6,3.323
1,8/5/2021 1:50,1:50,1,10.25,blue.ruin.1,1.6,3.424
1,8/5/2021 2:00,2:00,2,10.25,blue.ruin.1,1.6,3.471
1,8/5/2021 2:10,2:10,2,10.25,blue.ruin.1,1.6,3.491
1,8/5/2021 2:25,2:25,2,10.25,blue.ruin.1,1.6,3.548
1,8/5/2021 2:35,2:35,2,10.25,blue.ruin.1,1.6,3.52
1,8/5/2021 2:50,2:50,2,10.25,blue.ruin.1,1.6,3.602
1,8/5/2021 3:00,3:00,3,10.188,blue.ruin.1,1.6,3.664
1,8/5/2021 3:10,3:10,3,10.188,blue.ruin.1,1.6,3.679
1,8/5/2021 3:25,3:25,3,10.188,blue.ruin.1,1.6,3.7
1,8/5/2021 3:35,3:35,3,10.188,blue.ruin.1,1.6,3.725
1,8/5/2021 3:50,3:50,3,10.188,blue.ruin.1,1.6,3.771
1,8/5/2021 4:00,4:00,4,10.188,blue.ruin.1,1.6,3.778
1,8/5/2021 4:10,4:10,4,10.125,blue.ruin.1,1.6,3.86
1,8/5/2021 4:25,4:25,4,10.125,blue.ruin.1,1.6,3.92
1,8/5/2021 4:35,4:35,4,10.125,blue.ruin.1,1.6,3.82
1,8/5/2021 4:50,4:50,4,10.125,blue.ruin.1,1.6,3.885
1,8/5/2021 5:00,5:00,5,10.125,blue.ruin.1,1.6,3.822
1,8/5/2021 5:10,5:10,5,10.75,blue.ruin.1,1.6,3.848
1,8/5/2021 5:25,5:25,5,10.125,blue.ruin.1,1.6,3.694
1,8/5/2021 5:35,5:35,5,10.125,blue.ruin.1,1.6,3.82
1,8/5/2021 5:50,5:50,5,10.125,blue.ruin.1,1.6,3.679
1,8/5/2021 6:00,6:00,6,10.125,blue.ruin.1,1.6,3.762
1,8/5/2021 6:10,6:10,6,10.125,blue.ruin.1,1.6,3.688
1,8/5/2021 6:25,6:25,6,10.125,blue.ruin.1,1.6,3.561
1,8/5/2021 6:35,6:35,6,10.125,blue.ruin.1,1.6,3.164
1,8/5/2021 6:50,6:50,6,10.062,blue.ruin.1,1.6,3.146
1,8/5/2021 7:00,7:00,7,10.062,blue.ruin.1,1.6,3.758
1,8/5/2021 7:10,7:10,7,10.062,blue.ruin.1,1.6,3.916
1,8/5/2021 7:25,7:25,7,10.062,blue.ruin.1,1.6,4.022
1,8/5/2021 7:35,7:35,7,10.062,blue.ruin.1,1.6,4.071
1,8/5/2021 7:50,7:50,7,10.062,blue.ruin.1,1.6,4.12
1,8/5/2021 8:00,8:00,8,10.125,blue.ruin.1,1.6,4.2
1,8/5/2021 8:10,8:10,8,10.125,blue.ruin.1,1.6,4.209
1,8/5/2021 8:25,8:25,8,10.125,blue.ruin.1,1.6,4.16
1,8/5/2021 8:35,8:35,8,10.125,blue.ruin.1,1.6,4.112
1,8/5/2021 8:50,8:50,8,10.125,blue.ruin.1,1.6,4.148
1,8/5/2021 9:00,9:00,9,10.188,blue.ruin.1,1.6,4.361
1,8/5/2021 9:10,9:10,9,10.188,blue.ruin.1,1.6,4.082
1,8/5/2021 9:25,9:25,9,10.188,blue.ruin.1,1.6,4.353
1,8/5/2021 9:35,9:35,9,10.25,blue.ruin.1,1.6,4.363
1,8/5/2021 9:50,9:50,9,10.25,blue.ruin.1,1.6,4.382
1,8/5/2021 10:00,10:00,10,10.25,blue.ruin.1,1.6,4.386
1,8/5/2021 10:10,10:10,10,10.25,blue.ruin.1,1.6,4.469
1,8/5/2021 10:25,10:25,10,10.25,blue.ruin.1,1.6,4.345
1,8/5/2021 10:35,10:35,10,10.25,blue.ruin.1,1.6,4.462
1,8/5/2021 10:50,10:50,10,10.25,blue.ruin.1,1.6,4.35
1,8/5/2021 11:00,11:00,11,10.25,blue.ruin.1,1.6,4.369
1,8/5/2021 11:10,11:10,11,10.25,blue.ruin.1,1.6,4.318
1,8/5/2021 11:25,11:25,11,10.25,blue.ruin.1,1.6,4.076
1,8/5/2021 11:35,11:35,11,10.25,blue.ruin.1,1.6,3.712
1,8/5/2021 11:50,11:50,11,10.25,blue.ruin.1,1.6,3.352
1,8/5/2021 12:00,12:00,12,10.25,blue.ruin.1,1.6,NA
1,8/5/2021 12:10,12:10,12,10.25,blue.ruin.1,1.6,NA
1,8/5/2021 12:25,12:25,12,10.25,blue.ruin.1,1.6,2.462
1,8/5/2021 12:35,12:35,12,10.25,blue.ruin.1,1.6,3.335
1,8/5/2021 12:50,12:50,12,10.188,blue.ruin.1,1.6,3.61
1,8/5/2021 13:00,13:00,13,10.188,blue.ruin.1,1.6,3.488
1,8/5/2021 13:10,13:10,13,10.188,blue.ruin.1,1.6,3.285
1,8/5/2021 13:25,13:25,13,10.188,blue.ruin.1,1.6,3.231
1,8/5/2021 13:35,13:35,13,10.188,blue.ruin.1,1.6,3.271
1,8/5/2021 13:50,13:50,13,10.188,blue.ruin.1,1.6,2.949
1,8/5/2021 14:00,14:00,14,10.25,blue.ruin.1,1.6,3.036
1,8/5/2021 14:10,14:10,14,10.25,blue.ruin.1,1.6,2.932
1,8/5/2021 14:25,14:25,14,10.25,blue.ruin.1,1.6,2.907
1,8/5/2021 14:35,14:35,14,10.312,blue.ruin.1,1.6,2.816
1,8/5/2021 14:50,14:50,14,10.312,blue.ruin.1,1.6,2.758
1,8/5/2021 15:00,15:00,15,10.312,blue.ruin.1,1.6,2.799
1,8/5/2021 15:10,15:10,15,10.312,blue.ruin.1,1.6,2.566
1,8/5/2021 15:25,15:25,15,10.375,blue.ruin.1,1.6,2.733
1,8/5/2021 15:35,15:35,15,10.375,blue.ruin.1,1.6,2.572
1,8/5/2021 15:50,15:50,15,10.375,blue.ruin.1,1.6,2.74
1,8/5/2021 16:00,16:00,16,10.312,blue.ruin.1,1.6,2.554
1,8/5/2021 16:10,16:10,16,10.312,blue.ruin.1,1.6,2.724
1,8/5/2021 16:25,16:25,16,10.312,blue.ruin.1,1.6,2.648
1,8/5/2021 16:35,16:35,16,10.312,blue.ruin.1,1.6,NA
1,8/5/2021 16:50,16:50,16,10.312,blue.ruin.1,1.6,2.561
1,8/5/2021 17:00,17:00,17,10.312,blue.ruin.1,1.6,2.369
1,8/5/2021 17:10,17:10,17,10.312,blue.ruin.1,1.6,2.618
1,8/5/2021 17:25,17:25,17,10.25,blue.ruin.1,1.6,2.679
1,8/5/2021 17:35,17:35,17,10.25,blue.ruin.1,1.6,2.697
1,8/5/2021 17:50,17:50,17,10.312,blue.ruin.1,1.6,2.73
1,8/5/2021 18:00,18:00,18,10.25,blue.ruin.1,1.6,2.646
1,8/5/2021 18:10,18:10,18,10.25,blue.ruin.1,1.6,2.701
1,8/5/2021 18:25,18:25,18,10.25,blue.ruin.1,1.6,2.594
1,8/5/2021 18:35,18:35,18,10.188,blue.ruin.1,1.6,2.642
1,8/5/2021 18:50,18:50,18,10.188,blue.ruin.1,1.6,2.69
1,8/5/2021 19:00,19:00,19,10.188,blue.ruin.1,1.6,2.716
1,8/5/2021 19:10,19:10,19,10.188,blue.ruin.1,1.6,2.763
1,8/5/2021 19:25,19:25,19,10.188,blue.ruin.1,1.6,2.688
1,8/5/2021 19:35,19:35,19,10.125,blue.ruin.1,1.6,2.659
1,8/5/2021 19:50,19:50,19,10.188,blue.ruin.1,1.6,2.674
1,8/5/2021 20:00,20:00,20,10.188,blue.ruin.1,1.6,2.659
1,8/5/2021 20:10,20:10,20,10.188,blue.ruin.1,1.6,2.649
1,8/5/2021 20:25,20:25,20,10.188,blue.ruin.1,1.6,2.71
1,8/5/2021 20:35,20:35,20,10.188,blue.ruin.1,1.6,2.648
1,8/5/2021 20:50,20:50,20,10.125,blue.ruin.1,1.6,2.614
1,8/5/2021 21:00,21:00,21,10.125,blue.ruin.1,1.6,2.634
1,8/5/2021 21:10,21:10,21,10.062,blue.ruin.1,1.6,2.598
1,8/5/2021 21:25,21:25,21,10.125,blue.ruin.1,1.6,2.722
1,8/5/2021 21:35,21:35,21,10.125,blue.ruin.1,1.6,2.712
1,8/5/2021 21:50,21:50,21,10.062,blue.ruin.1,1.6,2.613
1,8/5/2021 22:00,22:00,22,10.062,blue.ruin.1,1.6,2.564
1,8/5/2021 22:10,22:10,22,10.125,blue.ruin.1,1.6,2.515
1,8/5/2021 22:25,22:25,22,10,blue.ruin.1,1.6,2.542
1,8/5/2021 22:35,22:35,22,10,blue.ruin.1,1.6,2.523
1,8/5/2021 22:50,22:50,22,10,blue.ruin.1,1.6,2.537
1,8/5/2021 23:00,23:00,23,10.375,blue.ruin.1,1.6,2.331
1,8/5/2021 23:10,23:10,23,10.062,blue.ruin.1,1.6,2.552
1,8/5/2021 23:25,23:25,23,10.062,blue.ruin.1,1.6,2.592
1,8/5/2021 23:35,23:35,23,10.062,blue.ruin.1,1.6,2.608
1,8/5/2021 23:50,23:50,23,10.125,blue.ruin.1,1.6,2.644
1,8/6/2021 0:00,0:00,0,10,blue.ruin.1,1.6,2.724
1,8/6/2021 0:10,0:10,0,9.938,blue.ruin.1,1.6,2.758
1,8/6/2021 0:25,0:25,0,9.938,blue.ruin.1,1.6,2.755
1,8/6/2021 0:35,0:35,0,9.938,blue.ruin.1,1.6,2.828
1,8/6/2021 0:50,0:50,0,9.938,blue.ruin.1,1.6,2.972
1,8/6/2021 1:00,1:00,1,9.938,blue.ruin.1,1.6,2.974
1,8/6/2021 1:10,1:10,1,10.062,blue.ruin.1,1.6,3.049
1,8/6/2021 1:25,1:25,1,9.938,blue.ruin.1,1.6,3.241
1,8/6/2021 1:35,1:35,1,9.938,blue.ruin.1,1.6,3.303
1,8/6/2021 1:50,1:50,1,9.938,blue.ruin.1,1.6,3.4
1,8/6/2021 2:00,2:00,2,9.938,blue.ruin.1,1.6,3.497
1,8/6/2021 2:10,2:10,2,9.938,blue.ruin.1,1.6,3.605
1,8/6/2021 2:25,2:25,2,9.938,blue.ruin.1,1.6,3.763
1,8/6/2021 2:35,2:35,2,9.938,blue.ruin.1,1.6,3.717
1,8/6/2021 2:50,2:50,2,9.938,blue.ruin.1,1.6,4.04
1,8/6/2021 3:00,3:00,3,9.938,blue.ruin.1,1.6,4.131
1,8/6/2021 3:10,3:10,3,9.938,blue.ruin.1,1.6,4.564
1,8/6/2021 3:25,3:25,3,9.938,blue.ruin.1,1.6,4.767
1,8/6/2021 3:35,3:35,3,9.938,blue.ruin.1,1.6,NA
1,8/6/2021 3:50,3:50,3,9.938,blue.ruin.1,1.6,NA
1,8/6/2021 4:00,4:00,4,9.938,blue.ruin.1,1.6,NA
1,8/6/2021 4:10,4:10,4,9.938,blue.ruin.1,1.6,5.066
1,8/6/2021 4:25,4:25,4,9.938,blue.ruin.1,1.6,NA
1,8/6/2021 4:35,4:35,4,9.938,blue.ruin.1,1.6,NA
1,8/6/2021 4:50,4:50,4,9.938,blue.ruin.1,1.6,NA
1,8/6/2021 5:00,5:00,5,9.938,blue.ruin.1,1.6,NA
1,8/6/2021 5:10,5:10,5,9.938,blue.ruin.1,1.6,NA
1,8/6/2021 5:25,5:25,5,9.938,blue.ruin.1,1.6,NA
1,8/6/2021 5:35,5:35,5,9.938,blue.ruin.1,1.6,NA
1,8/6/2021 5:50,5:50,5,10,blue.ruin.1,1.6,NA
1,8/6/2021 6:00,6:00,6,10,blue.ruin.1,1.6,NA
1,8/6/2021 6:10,6:10,6,10,blue.ruin.1,1.6,NA
1,8/6/2021 6:25,6:25,6,10,blue.ruin.1,1.6,NA
1,8/6/2021 6:35,6:35,6,10,blue.ruin.1,1.6,4.721
1,8/6/2021 6:50,6:50,6,9.938,blue.ruin.1,1.6,4.53
1,8/6/2021 7:00,7:00,7,10,blue.ruin.1,1.6,4.701
1,8/6/2021 7:10,7:10,7,10,blue.ruin.1,1.6,4.335
1,8/6/2021 7:25,7:25,7,10,blue.ruin.1,1.6,4.122
1,8/6/2021 7:35,7:35,7,10,blue.ruin.1,1.6,4.053
1,8/6/2021 7:50,7:50,7,10,blue.ruin.1,1.6,3.878
1,8/6/2021 8:00,8:00,8,10.062,blue.ruin.1,1.6,NA
1,8/6/2021 8:10,8:10,8,10.062,blue.ruin.1,1.6,NA
1,8/6/2021 8:25,8:25,8,10.062,blue.ruin.1,1.6,NA
1,8/6/2021 8:35,8:35,8,10.062,blue.ruin.1,1.6,2.958
1,8/6/2021 8:50,8:50,8,10.125,blue.ruin.1,1.6,3.271
1,8/6/2021 9:00,9:00,9,10.125,blue.ruin.1,1.6,3.2
1,8/6/2021 9:10,9:10,9,10.188,blue.ruin.1,1.6,2.897
1,8/6/2021 9:25,9:25,9,10.188,blue.ruin.1,1.6,3.774
1,8/6/2021 9:35,9:35,9,10.25,blue.ruin.1,1.6,3.611
1,8/6/2021 9:50,9:50,9,10.25,blue.ruin.1,1.6,3.42
1,8/6/2021 10:00,10:00,10,10.375,blue.ruin.1,1.6,3.401
1,8/6/2021 10:10,10:10,10,10.312,blue.ruin.1,1.6,3.345
1,8/6/2021 10:25,10:25,10,10.438,blue.ruin.1,1.6,3.35
1,8/6/2021 10:35,10:35,10,10.5,blue.ruin.1,1.6,3.557
1,8/6/2021 10:50,10:50,10,10.625,blue.ruin.1,1.6,3.532
1,8/6/2021 11:00,11:00,11,10.625,blue.ruin.1,1.6,3.168
1,8/6/2021 11:10,11:10,11,10.625,blue.ruin.1,1.6,3.331
1,8/6/2021 11:25,11:25,11,10.688,blue.ruin.1,1.6,3.24
1,8/6/2021 11:35,11:35,11,10.75,blue.ruin.1,1.6,3.176
1,8/6/2021 11:50,11:50,11,10.812,blue.ruin.1,1.6,3.06
1,8/6/2021 12:00,12:00,12,10.812,blue.ruin.1,1.6,3.074
1,8/6/2021 12:10,12:10,12,10.812,blue.ruin.1,1.6,2.302
1,8/6/2021 12:25,12:25,12,10.875,blue.ruin.1,1.6,2.439
1,8/6/2021 12:35,12:35,12,11.062,blue.ruin.1,1.6,2.862
1,8/6/2021 12:50,12:50,12,11,blue.ruin.1,1.6,2.663
1,8/6/2021 13:00,13:00,13,11,blue.ruin.1,1.6,2.738
1,8/6/2021 13:10,13:10,13,11.188,blue.ruin.1,1.6,NA
1,8/6/2021 13:25,13:25,13,11,blue.ruin.1,1.6,NA
1,8/6/2021 13:35,13:35,13,11,blue.ruin.1,1.6,2.52
1,8/6/2021 13:50,13:50,13,10.938,blue.ruin.1,1.6,2.666
1,8/6/2021 14:00,14:00,14,10.938,blue.ruin.1,1.6,2.746
1,8/6/2021 14:10,14:10,14,10.938,blue.ruin.1,1.6,2.619
1,8/6/2021 14:25,14:25,14,10.938,blue.ruin.1,1.6,2.331
1,8/6/2021 14:35,14:35,14,10.938,blue.ruin.1,1.6,2.386
1,8/6/2021 14:50,14:50,14,10.938,blue.ruin.1,1.6,2.318
1,8/6/2021 15:00,15:00,15,11,blue.ruin.1,1.6,2.347
1,8/6/2021 15:10,15:10,15,11.062,blue.ruin.1,1.6,2.367
1,8/6/2021 15:25,15:25,15,11.062,blue.ruin.1,1.6,NA
1,8/6/2021 15:35,15:35,15,11.062,blue.ruin.1,1.6,2.361
1,8/6/2021 15:50,15:50,15,11,blue.ruin.1,1.6,NA
1,8/6/2021 16:00,16:00,16,11,blue.ruin.1,1.6,NA
1,8/6/2021 16:10,16:10,16,11,blue.ruin.1,1.6,2.362
1,8/6/2021 16:25,16:25,16,10.938,blue.ruin.1,1.6,2.541
1,8/6/2021 16:35,16:35,16,10.938,blue.ruin.1,1.6,2.598
1,8/6/2021 16:50,16:50,16,10.938,blue.ruin.1,1.6,2.715
1,8/6/2021 17:00,17:00,17,10.938,blue.ruin.1,1.6,2.747
1,8/6/2021 17:10,17:10,17,10.938,blue.ruin.1,1.6,2.732
1,8/6/2021 17:25,17:25,17,10.938,blue.ruin.1,1.6,2.753
1,8/6/2021 17:35,17:35,17,10.938,blue.ruin.1,1.6,2.771
1,8/6/2021 17:50,17:50,17,10.938,blue.ruin.1,1.6,2.736
1,8/6/2021 18:00,18:00,18,11,blue.ruin.1,1.6,2.724
1,8/6/2021 18:10,18:10,18,11,blue.ruin.1,1.6,2.709
1,8/6/2021 18:25,18:25,18,11.062,blue.ruin.1,1.6,2.683
1,8/6/2021 18:35,18:35,18,11.125,blue.ruin.1,1.6,2.709
1,8/6/2021 18:50,18:50,18,11.188,blue.ruin.1,1.6,2.653
1,8/6/2021 19:00,19:00,19,11.188,blue.ruin.1,1.6,2.663
1,8/6/2021 19:10,19:10,19,11.188,blue.ruin.1,1.6,2.666
1,8/6/2021 19:25,19:25,19,11.25,blue.ruin.1,1.6,2.614
1,8/6/2021 19:35,19:35,19,11.25,blue.ruin.1,1.6,2.579
1,8/6/2021 19:50,19:50,19,11.312,blue.ruin.1,1.6,2.401
1,8/6/2021 20:00,20:00,20,11.312,blue.ruin.1,1.6,2.349
1,8/6/2021 20:10,20:10,20,11.25,blue.ruin.1,1.6,2.453
1,8/6/2021 20:25,20:25,20,11.188,blue.ruin.1,1.6,2.378
1,8/6/2021 20:35,20:35,20,11.188,blue.ruin.1,1.6,NA
1,8/6/2021 20:50,20:50,20,11.125,blue.ruin.1,1.6,2.313
1,8/6/2021 21:00,21:00,21,11.188,blue.ruin.1,1.6,NA
1,8/6/2021 21:10,21:10,21,11.125,blue.ruin.1,1.6,NA
1,8/6/2021 21:25,21:25,21,10.938,blue.ruin.1,1.6,NA
1,8/6/2021 21:35,21:35,21,10.875,blue.ruin.1,1.6,NA
1,8/6/2021 21:50,21:50,21,10.875,blue.ruin.1,1.6,NA
1,8/6/2021 22:00,22:00,22,10.812,blue.ruin.1,1.6,NA
1,8/6/2021 22:10,22:10,22,10.75,blue.ruin.1,1.6,NA
1,8/6/2021 22:25,22:25,22,10.688,blue.ruin.1,1.6,2.464
1,8/6/2021 22:35,22:35,22,10.625,blue.ruin.1,1.6,2.577
1,8/6/2021 22:50,22:50,22,10.625,blue.ruin.1,1.6,2.59
1,8/6/2021 23:00,23:00,23,10.562,blue.ruin.1,1.6,2.572
1,8/6/2021 23:10,23:10,23,10.562,blue.ruin.1,1.6,2.659
1,8/6/2021 23:25,23:25,23,10.5,blue.ruin.1,1.6,2.62
1,8/6/2021 23:35,23:35,23,10.5,blue.ruin.1,1.6,2.643
1,8/6/2021 23:50,23:50,23,10.5,blue.ruin.1,1.6,2.629
1,8/7/2021 0:00,0:00,0,10.438,blue.ruin.1,1.6,2.687
1,8/7/2021 0:10,0:10,0,10.438,blue.ruin.1,1.6,2.744
1,8/7/2021 0:25,0:25,0,10.5,blue.ruin.1,1.6,2.757
1,8/7/2021 0:35,0:35,0,10.562,blue.ruin.1,1.6,2.797
1,8/7/2021 0:50,0:50,0,10.562,blue.ruin.1,1.6,2.895
1,8/7/2021 1:00,1:00,1,10.562,blue.ruin.1,1.6,3.051
1,8/7/2021 1:10,1:10,1,10.5,blue.ruin.1,1.6,3.087
1,8/7/2021 1:25,1:25,1,10.5,blue.ruin.1,1.6,3.268
1,8/7/2021 1:35,1:35,1,10.438,blue.ruin.1,1.6,3.302
1,8/7/2021 1:50,1:50,1,10.438,blue.ruin.1,1.6,3.492
1,8/7/2021 2:00,2:00,2,10.438,blue.ruin.1,1.6,3.6
1,8/7/2021 2:10,2:10,2,10.438,blue.ruin.1,1.6,3.676
1,8/7/2021 2:25,2:25,2,10.375,blue.ruin.1,1.6,3.817
1,8/7/2021 2:35,2:35,2,10.375,blue.ruin.1,1.6,4.099
1,8/7/2021 2:50,2:50,2,10.375,blue.ruin.1,1.6,4.169
1,8/7/2021 3:00,3:00,3,10.312,blue.ruin.1,1.6,4.195
1,8/7/2021 3:10,3:10,3,10.312,blue.ruin.1,1.6,4.21
1,8/7/2021 3:25,3:25,3,10.312,blue.ruin.1,1.6,4.317
1,8/7/2021 3:35,3:35,3,10.25,blue.ruin.1,1.6,4.348
1,8/7/2021 3:50,3:50,3,10.25,blue.ruin.1,1.6,4.191
1,8/7/2021 4:00,4:00,4,10.25,blue.ruin.1,1.6,4.63
1,8/7/2021 4:10,4:10,4,10.25,blue.ruin.1,1.6,4.034
1,8/7/2021 4:25,4:25,4,10.25,blue.ruin.1,1.6,4.412
1,8/7/2021 4:35,4:35,4,10.188,blue.ruin.1,1.6,4.443
1,8/7/2021 4:50,4:50,4,10.188,blue.ruin.1,1.6,NA
1,8/7/2021 5:00,5:00,5,10.188,blue.ruin.1,1.6,4.683
1,8/7/2021 5:10,5:10,5,10.188,blue.ruin.1,1.6,4.783
1,8/7/2021 5:25,5:25,5,10.188,blue.ruin.1,1.6,4.797
1,8/7/2021 5:35,5:35,5,10.188,blue.ruin.1,1.6,4.769
1,8/7/2021 5:50,5:50,5,10.188,blue.ruin.1,1.6,4.695
1,8/7/2021 6:00,6:00,6,10.188,blue.ruin.1,1.6,4.706
1,8/7/2021 6:10,6:10,6,10.188,blue.ruin.1,1.6,4.651
1,8/7/2021 6:25,6:25,6,10.188,blue.ruin.1,1.6,4.56
1,8/7/2021 6:35,6:35,6,10.125,blue.ruin.1,1.6,4.465
1,8/7/2021 6:50,6:50,6,10.125,blue.ruin.1,1.6,4.43
1,8/7/2021 7:00,7:00,7,10.188,blue.ruin.1,1.6,4.604
1,8/7/2021 7:10,7:10,7,10.125,blue.ruin.1,1.6,4.77
1,8/7/2021 7:25,7:25,7,10.125,blue.ruin.1,1.6,4.406
1,8/7/2021 7:35,7:35,7,10.125,blue.ruin.1,1.6,4.296
1,8/7/2021 7:50,7:50,7,10.125,blue.ruin.1,1.6,4.339
1,8/7/2021 8:00,8:00,8,10.125,blue.ruin.1,1.6,4.308
1,8/7/2021 8:10,8:10,8,10.125,blue.ruin.1,1.6,4.135
1,8/7/2021 8:25,8:25,8,10.188,blue.ruin.1,1.6,4.007
1,8/7/2021 8:35,8:35,8,10.188,blue.ruin.1,1.6,3.97
1,8/7/2021 8:50,8:50,8,10.25,blue.ruin.1,1.6,3.862
1,8/7/2021 9:00,9:00,9,10.312,blue.ruin.1,1.6,3.775
1,8/7/2021 9:10,9:10,9,10.375,blue.ruin.1,1.6,4.073
1,8/7/2021 9:25,9:25,9,10.375,blue.ruin.1,1.6,3.627
1,8/7/2021 9:35,9:35,9,10.438,blue.ruin.1,1.6,3.868
1,8/7/2021 9:50,9:50,9,10.562,blue.ruin.1,1.6,3.936
1,8/7/2021 10:00,10:00,10,10.562,blue.ruin.1,1.6,2.306
1,8/7/2021 10:10,10:10,10,10.625,blue.ruin.1,1.6,3.446
1,8/7/2021 10:25,10:25,10,10.625,blue.ruin.1,1.6,3.529
1,8/7/2021 10:35,10:35,10,10.938,blue.ruin.1,1.6,3.654
1,8/7/2021 10:50,10:50,10,11.062,blue.ruin.1,1.6,3.1
1,8/7/2021 11:00,11:00,11,10.938,blue.ruin.1,1.6,3.008
1,8/7/2021 11:10,11:10,11,11.062,blue.ruin.1,1.6,NA
1,8/7/2021 11:25,11:25,11,11,blue.ruin.1,1.6,NA
1,8/7/2021 11:35,11:35,11,11,blue.ruin.1,1.6,NA
1,8/7/2021 11:50,11:50,11,11.062,blue.ruin.1,1.6,NA
1,8/7/2021 12:00,12:00,12,11.125,blue.ruin.1,1.6,NA
1,8/7/2021 12:10,12:10,12,11.312,blue.ruin.1,1.6,NA
1,8/7/2021 12:25,12:25,12,11.375,blue.ruin.1,1.6,NA
1,8/7/2021 12:35,12:35,12,11.312,blue.ruin.1,1.6,NA
1,8/7/2021 12:50,12:50,12,11.312,blue.ruin.1,1.6,2.401
1,8/7/2021 13:00,13:00,13,11.375,blue.ruin.1,1.6,NA
1,8/7/2021 13:10,13:10,13,11.312,blue.ruin.1,1.6,NA
1,8/7/2021 13:25,13:25,13,11.438,blue.ruin.1,1.6,NA
1,8/7/2021 13:35,13:35,13,11.375,blue.ruin.1,1.6,NA
1,8/7/2021 13:50,13:50,13,11.375,blue.ruin.1,1.6,NA
1,8/7/2021 14:00,14:00,14,11.375,blue.ruin.1,1.6,2.368
1,8/7/2021 14:10,14:10,14,11.375,blue.ruin.1,1.6,NA
1,8/7/2021 14:25,14:25,14,11.438,blue.ruin.1,1.6,NA
1,8/7/2021 14:35,14:35,14,11.438,blue.ruin.1,1.6,NA
1,8/7/2021 14:50,14:50,14,11.438,blue.ruin.1,1.6,NA
1,8/7/2021 15:00,15:00,15,11.375,blue.ruin.1,1.6,NA
1,8/7/2021 15:10,15:10,15,11.312,blue.ruin.1,1.6,NA
1,8/7/2021 15:25,15:25,15,11.25,blue.ruin.1,1.6,NA
1,8/7/2021 15:35,15:35,15,11.188,blue.ruin.1,1.6,NA
1,8/7/2021 15:50,15:50,15,11.188,blue.ruin.1,1.6,NA
1,8/7/2021 16:00,16:00,16,11.188,blue.ruin.1,1.6,NA
1,8/7/2021 16:10,16:10,16,11.25,blue.ruin.1,1.6,NA
1,8/7/2021 16:25,16:25,16,11.25,blue.ruin.1,1.6,NA
1,8/7/2021 16:35,16:35,16,11.25,blue.ruin.1,1.6,NA
1,8/7/2021 16:50,16:50,16,11.312,blue.ruin.1,1.6,2.465
1,8/7/2021 17:00,17:00,17,11.438,blue.ruin.1,1.6,2.437
1,8/7/2021 17:10,17:10,17,11.5,blue.ruin.1,1.6,2.46
1,8/7/2021 17:25,17:25,17,11.562,blue.ruin.1,1.6,2.548
1,8/7/2021 17:35,17:35,17,11.75,blue.ruin.1,1.6,NA
1,8/7/2021 17:50,17:50,17,11.875,blue.ruin.1,1.6,2.37
1,8/7/2021 18:00,18:00,18,11.75,blue.ruin.1,1.6,2.426
1,8/7/2021 18:10,18:10,18,11.625,blue.ruin.1,1.6,2.373
1,8/7/2021 18:25,18:25,18,11.562,blue.ruin.1,1.6,2.391
1,8/7/2021 18:35,18:35,18,11.5,blue.ruin.1,1.6,2.339
1,8/7/2021 18:50,18:50,18,11.438,blue.ruin.1,1.6,NA
1,8/7/2021 19:00,19:00,19,11.375,blue.ruin.1,1.6,2.379
1,8/7/2021 19:10,19:10,19,11.312,blue.ruin.1,1.6,NA
1,8/7/2021 19:25,19:25,19,11.25,blue.ruin.1,1.6,NA
1,8/7/2021 19:35,19:35,19,11.188,blue.ruin.1,1.6,NA
1,8/7/2021 19:50,19:50,19,11.125,blue.ruin.1,1.6,NA
1,8/7/2021 20:00,20:00,20,11.062,blue.ruin.1,1.6,NA
1,8/7/2021 20:10,20:10,20,11.125,blue.ruin.1,1.6,2.438
1,8/7/2021 20:25,20:25,20,11.125,blue.ruin.1,1.6,2.304
1,8/7/2021 20:35,20:35,20,11.125,blue.ruin.1,1.6,2.481
1,8/7/2021 20:50,20:50,20,11.062,blue.ruin.1,1.6,2.491
1,8/7/2021 21:00,21:00,21,11.062,blue.ruin.1,1.6,2.577
1,8/7/2021 21:10,21:10,21,11,blue.ruin.1,1.6,2.547
1,8/7/2021 21:25,21:25,21,10.812,blue.ruin.1,1.6,2.477
1,8/7/2021 21:35,21:35,21,10.688,blue.ruin.1,1.6,2.498
1,8/7/2021 21:50,21:50,21,10.75,blue.ruin.1,1.6,2.43
1,8/7/2021 22:00,22:00,22,10.812,blue.ruin.1,1.6,2.518
1,8/7/2021 22:10,22:10,22,10.75,blue.ruin.1,1.6,NA
1,8/7/2021 22:25,22:25,22,10.688,blue.ruin.1,1.6,NA
1,8/7/2021 22:35,22:35,22,10.688,blue.ruin.1,1.6,NA
1,8/7/2021 22:50,22:50,22,10.75,blue.ruin.1,1.6,NA
1,8/7/2021 23:00,23:00,23,10.938,blue.ruin.1,1.6,NA
1,8/7/2021 23:10,23:10,23,12.25,blue.ruin.1,1.499056604,NA
1,8/7/2021 23:25,23:25,23,13.125,blue.ruin.1,0.905837718,2.475620654
1,8/7/2021 23:35,23:35,23,14.188,blue.ruin.1,0.804115183,2.49121961
1,8/7/2021 23:50,23:50,23,14.812,blue.ruin.1,0.733655727,2.551135919
1,8/8/2021 0:00,0:00,0,13.5,blue.ruin.1,0.861047661,2.564259729
1,8/8/2021 0:10,0:10,0,14.75,blue.ruin.1,0.740810811,2.620855037
1,8/8/2021 0:25,0:25,0,14.812,blue.ruin.1,0.738989637,2.694404145
1,8/8/2021 0:35,0:35,0,14.438,blue.ruin.1,0.776224227,2.723712512
1,8/8/2021 0:50,0:50,0,14.062,blue.ruin.1,0.822027972,2.935645264
1,8/8/2021 1:00,1:00,1,14,blue.ruin.1,0.835672636,3.077192836
1,8/8/2021 1:10,1:10,1,13.688,blue.ruin.1,0.871867322,3.18944159
1,8/8/2021 1:25,1:25,1,12.875,blue.ruin.1,0.983730159,3.251026786
1,8/8/2021 1:35,1:35,1,13.438,blue.ruin.1,0.917444349,3.325577911
1,8/8/2021 1:50,1:50,1,12.812,blue.ruin.1,1.079621381,3.487316258
1,8/8/2021 2:00,2:00,2,13.125,blue.ruin.1,0.993926247,3.64671231
1,8/8/2021 2:10,2:10,2,13,blue.ruin.1,1.060429448,3.730306748
1,8/8/2021 2:25,2:25,2,12.625,blue.ruin.1,1.6,4.258
1,8/8/2021 2:35,2:35,2,13.312,blue.ruin.1,1.002857143,4.098289286
1,8/8/2021 2:50,2:50,2,13.75,blue.ruin.1,0.925816853,4.436042758
1,8/8/2021 3:00,3:00,3,14.25,blue.ruin.1,0.881789069,4.514034236
1,8/8/2021 3:10,3:10,3,14.25,blue.ruin.1,0.883752934,4.71313711
1,8/8/2021 3:25,3:25,3,13.062,blue.ruin.1,1.407009346,4.334
1,8/8/2021 3:35,3:35,3,13.688,blue.ruin.1,0.956020067,4.824506689
1,8/8/2021 3:50,3:50,3,13.75,blue.ruin.1,0.98250774,4.732205882
1,8/8/2021 4:00,4:00,4,13.938,blue.ruin.1,0.944390716,4.959184104
1,8/8/2021 4:10,4:10,4,14.062,blue.ruin.1,0.934809335,4.988342837
1,8/8/2021 4:25,4:25,4,14.062,blue.ruin.1,0.935527099,5.267368564
1,8/8/2021 4:35,4:35,4,13.812,blue.ruin.1,0.982903226,5.21113871
1,8/8/2021 4:50,4:50,4,12.375,blue.ruin.1,1.6,4.565
1,8/8/2021 5:00,5:00,5,13.812,blue.ruin.1,1.0268,5.009008
1,8/8/2021 5:10,5:10,5,13.812,blue.ruin.1,1.013779528,5.115423228
1,8/8/2021 5:25,5:25,5,13.312,blue.ruin.1,1.443548387,4.64
1,8/8/2021 5:35,5:35,5,13.062,blue.ruin.1,1.6,4.733
1,8/8/2021 5:50,5:50,5,11.688,blue.ruin.1,1.6,4.737
1,8/8/2021 6:00,6:00,6,10.625,blue.ruin.1,1.6,4.615
1,8/8/2021 6:10,6:10,6,10.375,blue.ruin.1,1.6,4.784
1,8/8/2021 6:25,6:25,6,10.375,blue.ruin.1,1.6,4.604
1,8/8/2021 6:35,6:35,6,10.562,blue.ruin.1,1.6,4.559
1,8/8/2021 6:50,6:50,6,10.312,blue.ruin.1,1.6,4.575
1,8/8/2021 7:00,7:00,7,10.312,blue.ruin.1,1.6,4.598
1,8/8/2021 7:10,7:10,7,10.312,blue.ruin.1,1.6,4.667
1,8/8/2021 7:25,7:25,7,11.062,blue.ruin.1,1.6,4.585
1,8/8/2021 7:35,7:35,7,10.375,blue.ruin.1,1.6,4.326
1,8/8/2021 7:50,7:50,7,10.312,blue.ruin.1,1.6,4.293
1,8/8/2021 8:00,8:00,8,10.312,blue.ruin.1,1.6,4.3
1,8/8/2021 8:10,8:10,8,10.375,blue.ruin.1,1.6,4.259
1,8/8/2021 8:25,8:25,8,10.375,blue.ruin.1,1.6,4.193
1,8/8/2021 8:35,8:35,8,10.5,blue.ruin.1,1.6,4.061
1,8/8/2021 8:50,8:50,8,10.5,blue.ruin.1,1.6,4.101
1,8/8/2021 9:00,9:00,9,10.562,blue.ruin.1,1.6,4.037
1,8/8/2021 9:10,9:10,9,10.625,blue.ruin.1,1.6,3.409
1,8/8/2021 9:25,9:25,9,10.688,blue.ruin.1,1.6,2.93
1,8/8/2021 9:35,9:35,9,10.688,blue.ruin.1,1.6,3.536
1,8/8/2021 9:50,9:50,9,10.812,blue.ruin.1,1.6,2.937
1,8/8/2021 10:00,10:00,10,10.75,blue.ruin.1,1.6,3.175
1,8/8/2021 10:10,10:10,10,11,blue.ruin.1,1.6,3.447
1,8/8/2021 10:25,10:25,10,10.875,blue.ruin.1,1.6,3.593
1,8/8/2021 10:35,10:35,10,11.062,blue.ruin.1,1.6,3.597
1,8/8/2021 10:50,10:50,10,11.188,blue.ruin.1,1.6,3.226
1,8/8/2021 11:00,11:00,11,11.188,blue.ruin.1,1.6,3.42
1,8/8/2021 11:10,11:10,11,11.75,blue.ruin.1,1.6,3.538
1,8/8/2021 11:25,11:25,11,11.438,blue.ruin.1,1.6,3.504
1,8/8/2021 11:35,11:35,11,11.25,blue.ruin.1,1.6,3.446
1,8/8/2021 11:50,11:50,11,11.375,blue.ruin.1,1.6,3.306
1,8/8/2021 12:00,12:00,12,11.625,blue.ruin.1,1.6,3.235
1,8/8/2021 12:10,12:10,12,11.375,blue.ruin.1,1.6,3.146
1,8/8/2021 12:25,12:25,12,11.25,blue.ruin.1,1.6,3.106
1,8/8/2021 12:35,12:35,12,11.438,blue.ruin.1,1.6,3.082
1,8/8/2021 12:50,12:50,12,11.312,blue.ruin.1,1.6,2.648
1,8/8/2021 13:00,13:00,13,11.312,blue.ruin.1,1.6,3.129
1,8/8/2021 13:10,13:10,13,11.875,blue.ruin.1,1.6,3.074
1,8/8/2021 13:25,13:25,13,11.375,blue.ruin.1,1.6,2.979
1,8/8/2021 13:35,13:35,13,11.438,blue.ruin.1,1.6,2.9
1,8/8/2021 13:50,13:50,13,11.812,blue.ruin.1,1.6,2.875
1,8/8/2021 14:00,14:00,14,11.5,blue.ruin.1,1.6,2.8
1,8/8/2021 14:10,14:10,14,12,blue.ruin.1,1.6,2.816
1,8/8/2021 14:25,14:25,14,11.75,blue.ruin.1,1.6,2.804
1,8/8/2021 14:35,14:35,14,11.812,blue.ruin.1,1.6,2.612
1,8/8/2021 14:50,14:50,14,11.438,blue.ruin.1,1.6,2.752
1,8/8/2021 15:00,15:00,15,11.375,blue.ruin.1,1.6,2.71
1,8/8/2021 15:10,15:10,15,11.438,blue.ruin.1,1.6,2.491
1,8/8/2021 15:25,15:25,15,11.312,blue.ruin.1,1.6,2.713
1,8/8/2021 15:35,15:35,15,11.312,blue.ruin.1,1.6,2.694
1,8/8/2021 15:50,15:50,15,11.312,blue.ruin.1,1.6,2.59
1,8/8/2021 16:00,16:00,16,11.25,blue.ruin.1,1.6,2.6
1,8/8/2021 16:10,16:10,16,11.5,blue.ruin.1,1.6,2.555
1,8/8/2021 16:25,16:25,16,11.875,blue.ruin.1,1.6,2.621
1,8/8/2021 16:35,16:35,16,11.562,blue.ruin.1,1.6,2.538
1,8/8/2021 16:50,16:50,16,11.438,blue.ruin.1,1.6,2.543
1,8/8/2021 17:00,17:00,17,11.562,blue.ruin.1,1.6,2.554
1,8/8/2021 17:10,17:10,17,11.75,blue.ruin.1,1.6,2.57
1,8/8/2021 17:25,17:25,17,12.062,blue.ruin.1,1.6,2.342
1,8/8/2021 17:35,17:35,17,12.188,blue.ruin.1,1.6,2.535
1,8/8/2021 17:50,17:50,17,12,blue.ruin.1,1.6,2.582
1,8/8/2021 18:00,18:00,18,11.688,blue.ruin.1,1.6,2.634
1,8/8/2021 18:10,18:10,18,11.5,blue.ruin.1,1.6,2.636
1,8/8/2021 18:25,18:25,18,12.25,blue.ruin.1,1.6,2.658
1,8/8/2021 18:35,18:35,18,12,blue.ruin.1,1.6,2.625
1,8/8/2021 18:50,18:50,18,11.688,blue.ruin.1,1.6,2.577
1,8/8/2021 19:00,19:00,19,11.375,blue.ruin.1,1.6,2.549
1,8/8/2021 19:10,19:10,19,12.812,blue.ruin.1,1.049674267,2.616576547
1,8/8/2021 19:25,19:25,19,11.125,blue.ruin.1,1.6,2.476
1,8/8/2021 19:35,19:35,19,11.188,blue.ruin.1,1.6,2.494
1,8/8/2021 19:50,19:50,19,11.875,blue.ruin.1,1.6,2.474
1,8/8/2021 20:00,20:00,20,13.312,blue.ruin.1,0.880617978,2.537385087
1,8/8/2021 20:10,20:10,20,13.625,blue.ruin.1,0.804002859,2.531418546
1,8/8/2021 20:25,20:25,20,13.812,blue.ruin.1,0.756674446,2.564605071
1,8/8/2021 20:35,20:35,20,14.312,blue.ruin.1,0.635890736,2.594266465
1,8/8/2021 20:50,20:50,20,13.625,blue.ruin.1,0.793795007,2.558400908
1,8/8/2021 21:00,21:00,21,14.5,blue.ruin.1,0.590116561,2.585803347
1,8/8/2021 21:10,21:10,21,13.812,blue.ruin.1,0.749006705,2.569235388
1,8/8/2021 21:25,21:25,21,14.562,blue.ruin.1,0.556331609,2.644521714
1,8/8/2021 21:35,21:35,21,13.062,blue.ruin.1,0.907403301,2.581548971
1,8/8/2021 21:50,21:50,21,12.25,blue.ruin.1,1.399282297,2.629
1,8/8/2021 22:00,22:00,22,13.5,blue.ruin.1,0.785558853,2.544847586
1,8/8/2021 22:10,22:10,22,13.375,blue.ruin.1,0.80843977,2.550590579
1,8/8/2021 22:25,22:25,22,13.25,blue.ruin.1,0.83115905,2.582964467
1,8/8/2021 22:35,22:35,22,12.625,blue.ruin.1,0.9875,2.558625
1,8/8/2021 22:50,22:50,22,12.625,blue.ruin.1,0.99002809,2.569306531
1,8/8/2021 23:00,23:00,23,13.188,blue.ruin.1,0.842262851,2.59154743
1,8/8/2021 23:10,23:10,23,13,blue.ruin.1,0.888824792,2.560010489
1,8/8/2021 23:25,23:25,23,12.562,blue.ruin.1,1.028605769,2.559847957
1,8/8/2021 23:35,23:35,23,13,blue.ruin.1,0.887619699,2.559281184
1,8/8/2021 23:50,23:50,23,13.062,blue.ruin.1,0.865683572,2.588396312
1,8/9/2021 0:00,0:00,0,13.188,blue.ruin.1,0.828921569,2.643208556
1,8/9/2021 0:10,0:10,0,12.375,blue.ruin.1,1.095611702,2.682376995
1,8/9/2021 0:25,0:25,0,13.188,blue.ruin.1,0.832690187,2.791329057
1,8/9/2021 0:35,0:35,0,12.875,blue.ruin.1,0.930625,2.813170455
1,8/9/2021 0:50,0:50,0,12.625,blue.ruin.1,0.99002809,2.909699789
1,8/9/2021 1:00,1:00,1,12.75,blue.ruin.1,0.954043127,3.019140836
1,8/9/2021 1:10,1:10,1,12.812,blue.ruin.1,0.953133159,3.069490862
1,8/9/2021 1:25,1:25,1,12.625,blue.ruin.1,1.035092348,3.175108839
1,8/9/2021 1:35,1:35,1,12.812,blue.ruin.1,0.947586207,3.319605016
1,8/9/2021 1:50,1:50,1,12.812,blue.ruin.1,0.989416058,3.576941606
1,8/9/2021 2:00,2:00,2,12.625,blue.ruin.1,1.079716981,3.540330189
1,8/9/2021 2:10,2:10,2,12.812,blue.ruin.1,0.988596491,3.62195614
1,8/9/2021 2:25,2:25,2,12.625,blue.ruin.1,1.151377953,3.663842028
1,8/9/2021 2:35,2:35,2,12.938,blue.ruin.1,0.995073892,3.9023633
1,8/9/2021 2:50,2:50,2,12.75,blue.ruin.1,1.101660517,3.943979705
1,8/9/2021 3:00,3:00,3,12.688,blue.ruin.1,1.367977528,3.915
1,8/9/2021 3:10,3:10,3,12.812,blue.ruin.1,1.225829384,NA
1,8/9/2021 3:25,3:25,3,12.562,blue.ruin.1,1.6,4.463
1,8/9/2021 3:35,3:35,3,12.562,blue.ruin.1,1.6,4.627
1,8/9/2021 3:50,3:50,3,11.812,blue.ruin.1,1.6,4.567
1,8/9/2021 4:00,4:00,4,12.625,blue.ruin.1,1.6,NA
1,8/9/2021 4:10,4:10,4,12.375,blue.ruin.1,1.6,4.848
1,8/9/2021 4:25,4:25,4,11.625,blue.ruin.1,1.6,NA
1,8/9/2021 4:35,4:35,4,12.125,blue.ruin.1,1.6,NA
1,8/9/2021 4:50,4:50,4,12.375,blue.ruin.1,1.6,NA
1,8/9/2021 5:00,5:00,5,10.375,blue.ruin.1,1.6,NA
1,8/9/2021 5:10,5:10,5,11.688,blue.ruin.1,1.6,NA
1,8/9/2021 5:25,5:25,5,11.5,blue.ruin.1,1.6,NA
1,8/9/2021 5:35,5:35,5,10.438,blue.ruin.1,1.6,NA
1,8/9/2021 5:50,5:50,5,11.438,blue.ruin.1,1.6,NA
1,8/9/2021 6:00,6:00,6,11,blue.ruin.1,1.6,NA
1,8/9/2021 6:10,6:10,6,11.75,blue.ruin.1,1.6,NA
1,8/9/2021 6:25,6:25,6,10.625,blue.ruin.1,1.6,NA
1,8/9/2021 6:35,6:35,6,11.375,blue.ruin.1,1.6,NA
1,8/9/2021 6:50,6:50,6,11.5,blue.ruin.1,1.6,NA
1,8/9/2021 7:00,7:00,7,10.938,blue.ruin.1,1.6,NA
1,8/9/2021 7:10,7:10,7,10.375,blue.ruin.1,1.6,NA
1,8/9/2021 7:25,7:25,7,10.25,blue.ruin.1,1.6,NA
1,8/9/2021 7:35,7:35,7,10.438,blue.ruin.1,1.6,NA
1,8/9/2021 7:50,7:50,7,10.25,blue.ruin.1,1.6,NA
1,8/9/2021 8:00,8:00,8,10.312,blue.ruin.1,1.6,NA
1,8/9/2021 8:10,8:10,8,10.312,blue.ruin.1,1.6,NA
1,8/9/2021 8:25,8:25,8,10.312,blue.ruin.1,1.6,NA
1,8/9/2021 8:35,8:35,8,10.312,blue.ruin.1,1.6,NA
1,8/9/2021 8:50,8:50,8,10.438,blue.ruin.1,1.6,NA
1,8/9/2021 9:00,9:00,9,10.438,blue.ruin.1,1.6,NA
1,8/9/2021 9:10,9:10,9,10.375,blue.ruin.1,1.6,NA
1,8/9/2021 9:25,9:25,9,10.438,blue.ruin.1,1.6,NA
1,8/9/2021 9:35,9:35,9,10.5,blue.ruin.1,1.6,NA
1,8/9/2021 9:50,9:50,9,10.5,blue.ruin.1,1.6,NA
1,8/9/2021 10:00,10:00,10,10.625,blue.ruin.1,1.6,NA
1,8/9/2021 10:10,10:10,10,10.688,blue.ruin.1,1.6,NA
1,8/9/2021 10:25,10:25,10,10.688,blue.ruin.1,1.6,NA
1,8/9/2021 10:35,10:35,10,10.75,blue.ruin.1,1.6,NA
1,8/9/2021 10:50,10:50,10,10.875,blue.ruin.1,1.6,NA
1,8/9/2021 11:00,11:00,11,10.875,blue.ruin.1,1.6,NA
1,8/9/2021 11:10,11:10,11,10.938,blue.ruin.1,1.6,NA
1,8/9/2021 11:25,11:25,11,11,blue.ruin.1,1.6,NA
1,8/9/2021 11:35,11:35,11,11.125,blue.ruin.1,1.6,NA
1,8/9/2021 11:50,11:50,11,11.25,blue.ruin.1,1.6,NA
1,8/9/2021 12:00,12:00,12,11.25,blue.ruin.1,1.6,NA
1,8/9/2021 12:10,12:10,12,11.375,blue.ruin.1,1.6,NA
1,8/9/2021 12:25,12:25,12,11.438,blue.ruin.1,1.6,NA
1,8/9/2021 12:35,12:35,12,11.312,blue.ruin.1,1.6,NA
1,8/9/2021 12:50,12:50,12,11.5,blue.ruin.1,1.6,NA
1,8/9/2021 13:00,13:00,13,11.312,blue.ruin.1,1.6,NA
1,8/9/2021 13:10,13:10,13,11.438,blue.ruin.1,1.6,NA
1,8/9/2021 13:25,13:25,13,11.375,blue.ruin.1,1.6,NA
1,8/9/2021 13:35,13:35,13,11.375,blue.ruin.1,1.6,NA
1,8/9/2021 13:50,13:50,13,11.438,blue.ruin.1,1.6,NA
1,8/9/2021 14:00,14:00,14,11.375,blue.ruin.1,1.6,NA
1,8/9/2021 14:10,14:10,14,12.25,blue.ruin.1,1.6,NA
1,8/9/2021 14:25,14:25,14,12.5,blue.ruin.1,1.6,NA
1,8/9/2021 14:35,14:35,14,11.438,blue.ruin.1,1.6,NA
1,8/9/2021 14:50,14:50,14,11.5,blue.ruin.1,1.6,NA
1,8/9/2021 15:00,15:00,15,11.562,blue.ruin.1,1.6,NA
1,8/9/2021 15:10,15:10,15,11.5,blue.ruin.1,1.6,NA
1,8/9/2021 15:25,15:25,15,12.562,blue.ruin.1,1.293457944,NA
1,8/9/2021 15:35,15:35,15,11.812,blue.ruin.1,1.6,NA
1,8/9/2021 15:50,15:50,15,11.375,blue.ruin.1,1.6,NA
1,8/9/2021 16:00,16:00,16,11.312,blue.ruin.1,1.6,NA
1,8/9/2021 16:10,16:10,16,11.5,blue.ruin.1,1.6,NA
1,8/9/2021 16:25,16:25,16,11.375,blue.ruin.1,1.6,NA
1,8/9/2021 16:35,16:35,16,11.5,blue.ruin.1,1.6,NA
1,8/9/2021 16:50,16:50,16,11.375,blue.ruin.1,1.6,NA
1,8/9/2021 17:00,17:00,17,12.312,blue.ruin.1,1.6,NA
1,8/9/2021 17:10,17:10,17,11.438,blue.ruin.1,1.6,NA
1,8/9/2021 17:25,17:25,17,11.188,blue.ruin.1,1.6,NA
1,8/9/2021 17:35,17:35,17,11.312,blue.ruin.1,1.6,NA
1,8/9/2021 17:50,17:50,17,11.188,blue.ruin.1,1.6,NA
1,8/9/2021 18:00,18:00,18,11.062,blue.ruin.1,1.6,NA
1,8/9/2021 18:10,18:10,18,11,blue.ruin.1,1.6,NA
1,8/9/2021 18:25,18:25,18,10.938,blue.ruin.1,1.6,NA
1,8/9/2021 18:35,18:35,18,12.062,blue.ruin.1,1.6,NA
1,8/9/2021 18:50,18:50,18,11.062,blue.ruin.1,1.6,NA
1,8/9/2021 19:00,19:00,19,11,blue.ruin.1,1.6,NA
1,8/9/2021 19:10,19:10,19,11.125,blue.ruin.1,1.6,NA
1,8/9/2021 19:25,19:25,19,11.062,blue.ruin.1,1.6,NA
1,8/9/2021 19:35,19:35,19,10.938,blue.ruin.1,1.6,NA
1,8/9/2021 19:50,19:50,19,11,blue.ruin.1,1.6,NA
1,8/9/2021 20:00,20:00,20,11,blue.ruin.1,1.6,NA
1,8/9/2021 20:10,20:10,20,10.938,blue.ruin.1,1.6,NA
1,8/9/2021 20:25,20:25,20,10.875,blue.ruin.1,1.6,NA
1,8/9/2021 20:35,20:35,20,11.062,blue.ruin.1,1.6,NA
1,8/9/2021 20:50,20:50,20,11.688,blue.ruin.1,1.6,NA
1,8/9/2021 21:00,21:00,21,12.812,blue.ruin.1,0.911191489,2.434112186
1,8/9/2021 21:10,21:10,21,13.312,blue.ruin.1,0.819250871,2.461808679
1,8/9/2021 21:25,21:25,21,12.688,blue.ruin.1,0.973853211,NA
1,8/9/2021 21:35,21:35,21,13.312,blue.ruin.1,0.840672061,2.407767833
1,8/9/2021 21:50,21:50,21,13,blue.ruin.1,0.902980877,2.353937008
1,8/9/2021 22:00,22:00,22,13.562,blue.ruin.1,0.779361702,2.418588008
1,8/9/2021 22:10,22:10,22,13.25,blue.ruin.1,0.841973244,2.411067194
1,8/9/2021 22:25,22:25,22,13.5,blue.ruin.1,0.779503174,2.496798384
1,8/9/2021 22:35,22:35,22,13.188,blue.ruin.1,0.863565217,2.469288538
1,8/9/2021 22:50,22:50,22,13.438,blue.ruin.1,0.774260486,2.473905278
1,8/9/2021 23:00,23:00,23,13.188,blue.ruin.1,0.824697174,2.453286431
1,8/9/2021 23:10,23:10,23,13.062,blue.ruin.1,0.85437258,2.419989648
1,8/9/2021 23:25,23:25,23,12.312,blue.ruin.1,1.255119454,NA
1,8/9/2021 23:35,23:35,23,12.438,blue.ruin.1,1.099261084,NA
1,8/9/2021 23:50,23:50,23,12.812,blue.ruin.1,0.912410858,2.492301901
1,8/10/2021 0:00,0:00,0,12.375,blue.ruin.1,1.188012618,NA
1,8/10/2021 0:10,0:10,0,12.688,blue.ruin.1,0.939392882,2.504821417
1,8/10/2021 0:25,0:25,0,12.625,blue.ruin.1,0.973542601,NA
1,8/10/2021 0:35,0:35,0,12.688,blue.ruin.1,0.948699791,2.530756485
1,8/10/2021 0:50,0:50,0,12.562,blue.ruin.1,1.068326693,NA
1,8/10/2021 1:00,1:00,1,12,blue.ruin.1,1.6,NA
1,8/10/2021 1:10,1:10,1,12.625,blue.ruin.1,1.064361702,NA
1,8/10/2021 1:25,1:25,1,12.75,blue.ruin.1,0.99787234,NA
1,8/10/2021 1:35,1:35,1,12.75,blue.ruin.1,1.020754717,NA
1,8/10/2021 1:50,1:50,1,12.312,blue.ruin.1,1.6,NA
1,8/10/2021 2:00,2:00,2,12.5,blue.ruin.1,1.6,NA
1,8/10/2021 2:10,2:10,2,12.562,blue.ruin.1,1.6,NA
1,8/10/2021 2:25,2:25,2,12.688,blue.ruin.1,1.6,NA
1,8/10/2021 2:35,2:35,2,12.625,blue.ruin.1,1.6,NA
1,8/10/2021 2:50,2:50,2,12.062,blue.ruin.1,1.6,NA
1,8/10/2021 3:00,3:00,3,12.312,blue.ruin.1,1.6,NA
1,8/10/2021 3:10,3:10,3,12.5,blue.ruin.1,1.6,NA
1,8/10/2021 3:25,3:25,3,12.625,blue.ruin.1,1.6,NA
1,8/10/2021 3:35,3:35,3,12.75,blue.ruin.1,1.6,NA
1,8/10/2021 3:50,3:50,3,13.125,blue.ruin.1,1.6,NA
1,8/10/2021 4:00,4:00,4,13.062,blue.ruin.1,1.6,NA
1,8/10/2021 4:10,4:10,4,12.938,blue.ruin.1,1.6,NA
1,8/10/2021 4:25,4:25,4,13.25,blue.ruin.1,1.6,NA
1,8/10/2021 4:35,4:35,4,13.188,blue.ruin.1,1.6,NA
1,8/10/2021 4:50,4:50,4,13.125,blue.ruin.1,1.6,NA
1,8/10/2021 5:00,5:00,5,11.312,blue.ruin.1,1.6,NA
1,8/10/2021 5:10,5:10,5,12.688,blue.ruin.1,1.6,NA
1,8/10/2021 5:25,5:25,5,12.812,blue.ruin.1,1.6,NA
1,8/10/2021 5:35,5:35,5,12.312,blue.ruin.1,1.6,NA
1,8/10/2021 5:50,5:50,5,11.938,blue.ruin.1,1.6,NA
1,8/10/2021 6:00,6:00,6,10.625,blue.ruin.1,1.6,NA
1,8/10/2021 6:10,6:10,6,11.062,blue.ruin.1,1.6,NA
1,8/10/2021 6:25,6:25,6,11,blue.ruin.1,1.6,NA
1,8/10/2021 6:35,6:35,6,10.375,blue.ruin.1,1.6,NA
1,8/10/2021 6:50,6:50,6,10.438,blue.ruin.1,1.6,NA
1,8/10/2021 7:00,7:00,7,10.688,blue.ruin.1,1.6,NA
1,8/10/2021 7:10,7:10,7,12.5,blue.ruin.1,1.6,NA
1,8/10/2021 7:25,7:25,7,12.812,blue.ruin.1,1.6,NA
1,8/10/2021 7:35,7:35,7,10.375,blue.ruin.1,1.6,NA
1,8/10/2021 7:50,7:50,7,10.375,blue.ruin.1,1.6,NA
1,8/10/2021 8:00,8:00,8,10.312,blue.ruin.1,1.6,NA
1,8/10/2021 8:10,8:10,8,10.312,blue.ruin.1,1.6,NA
1,8/10/2021 8:25,8:25,8,10.312,blue.ruin.1,1.6,NA
1,8/10/2021 8:35,8:35,8,10.312,blue.ruin.1,1.6,NA
1,8/10/2021 8:50,8:50,8,10.438,blue.ruin.1,1.6,NA
1,8/10/2021 9:00,9:00,9,10.438,blue.ruin.1,1.6,NA
1,8/10/2021 9:10,9:10,9,10.5,blue.ruin.1,1.6,NA
1,8/10/2021 9:25,9:25,9,10.562,blue.ruin.1,1.6,NA
1,8/10/2021 9:35,9:35,9,10.688,blue.ruin.1,1.6,NA
1,8/10/2021 9:50,9:50,9,11.688,blue.ruin.1,1.6,NA
1,8/10/2021 10:00,10:00,10,11.062,blue.ruin.1,1.6,NA
1,8/10/2021 10:10,10:10,10,10.938,blue.ruin.1,1.6,NA
1,8/10/2021 10:25,10:25,10,11.125,blue.ruin.1,1.6,NA
1,8/10/2021 10:35,10:35,10,11.188,blue.ruin.1,1.6,NA
1,8/10/2021 10:50,10:50,10,11.25,blue.ruin.1,1.6,NA
1,8/10/2021 11:00,11:00,11,11.688,blue.ruin.1,1.6,NA
1,8/10/2021 11:10,11:10,11,11.188,blue.ruin.1,1.6,NA
1,8/10/2021 11:25,11:25,11,11.25,blue.ruin.1,1.6,NA
1,8/10/2021 11:35,11:35,11,11.188,blue.ruin.1,1.6,NA
1,8/10/2021 11:50,11:50,11,11.25,blue.ruin.1,1.6,NA
1,8/10/2021 12:00,12:00,12,11.312,blue.ruin.1,1.6,NA
1,8/10/2021 12:10,12:10,12,11.375,blue.ruin.1,1.6,NA
1,8/10/2021 12:25,12:25,12,11.375,blue.ruin.1,1.6,NA
1,8/10/2021 12:35,12:35,12,11.438,blue.ruin.1,1.6,NA
1,8/10/2021 12:50,12:50,12,11.438,blue.ruin.1,1.6,NA
1,8/10/2021 13:00,13:00,13,11.438,blue.ruin.1,1.6,NA
1,8/10/2021 13:10,13:10,13,11.438,blue.ruin.1,1.6,NA
1,8/10/2021 13:25,13:25,13,11.562,blue.ruin.1,1.6,NA
1,8/10/2021 13:35,13:35,13,11.5,blue.ruin.1,1.6,NA
1,8/10/2021 13:50,13:50,13,11.562,blue.ruin.1,1.6,NA
1,8/10/2021 14:00,14:00,14,11.5,blue.ruin.1,1.6,NA
1,8/10/2021 14:10,14:10,14,11.5,blue.ruin.1,1.6,NA
1,8/10/2021 14:25,14:25,14,11.5,blue.ruin.1,1.6,NA
1,8/10/2021 14:35,14:35,14,11.5,blue.ruin.1,1.6,NA
1,8/10/2021 14:50,14:50,14,11.438,blue.ruin.1,1.6,NA
1,8/10/2021 15:00,15:00,15,11.5,blue.ruin.1,1.6,NA
1,8/10/2021 15:10,15:10,15,11.375,blue.ruin.1,1.6,NA
1,8/10/2021 15:25,15:25,15,11.375,blue.ruin.1,1.6,NA
1,8/10/2021 15:35,15:35,15,11.375,blue.ruin.1,1.6,NA
1,8/10/2021 15:50,15:50,15,11.375,blue.ruin.1,1.6,NA
1,8/10/2021 16:00,16:00,16,11.375,blue.ruin.1,1.6,NA
1,8/10/2021 16:10,16:10,16,11.375,blue.ruin.1,1.6,NA
1,8/10/2021 16:25,16:25,16,11.312,blue.ruin.1,1.6,NA
1,8/10/2021 16:35,16:35,16,11.312,blue.ruin.1,1.6,NA
1,8/10/2021 16:50,16:50,16,11.375,blue.ruin.1,1.6,NA
1,8/10/2021 17:00,17:00,17,11.312,blue.ruin.1,1.6,2.57
1,8/10/2021 17:10,17:10,17,11.25,blue.ruin.1,1.6,2.534
1,8/10/2021 17:25,17:25,17,11.25,blue.ruin.1,1.6,2.6
1,8/10/2021 17:35,17:35,17,11.188,blue.ruin.1,1.6,2.547
1,8/10/2021 17:50,17:50,17,11.188,blue.ruin.1,1.6,2.6
1,8/10/2021 18:00,18:00,18,11.188,blue.ruin.1,1.6,2.655
1,8/10/2021 18:10,18:10,18,11.125,blue.ruin.1,1.6,2.623
1,8/10/2021 18:25,18:25,18,11.125,blue.ruin.1,1.6,2.572
1,8/10/2021 18:35,18:35,18,11.062,blue.ruin.1,1.6,2.543
1,8/10/2021 18:50,18:50,18,11.062,blue.ruin.1,1.6,2.669
1,8/10/2021 19:00,19:00,19,11.188,blue.ruin.1,1.6,2.559
1,8/10/2021 19:10,19:10,19,11.375,blue.ruin.1,1.6,2.571
1,8/10/2021 19:25,19:25,19,11.25,blue.ruin.1,1.6,2.558
1,8/10/2021 19:35,19:35,19,11.125,blue.ruin.1,1.6,2.61
1,8/10/2021 19:50,19:50,19,11.062,blue.ruin.1,1.6,2.583
1,8/10/2021 20:00,20:00,20,11.062,blue.ruin.1,1.6,2.555
1,8/10/2021 20:10,20:10,20,11.062,blue.ruin.1,1.6,2.59
1,8/10/2021 20:25,20:25,20,11.062,blue.ruin.1,1.6,2.657
1,8/10/2021 20:35,20:35,20,11,blue.ruin.1,1.6,2.63
1,8/10/2021 20:50,20:50,20,10.938,blue.ruin.1,1.6,2.602
1,8/10/2021 21:00,21:00,21,10.875,blue.ruin.1,1.6,2.614
1,8/10/2021 21:10,21:10,21,10.938,blue.ruin.1,1.6,2.602
1,8/10/2021 21:25,21:25,21,10.75,blue.ruin.1,1.6,2.625
1,8/10/2021 21:35,21:35,21,10.75,blue.ruin.1,1.6,2.604
1,8/10/2021 21:50,21:50,21,10.688,blue.ruin.1,1.6,2.592
1,8/10/2021 22:00,22:00,22,10.75,blue.ruin.1,1.6,2.589
1,8/10/2021 22:10,22:10,22,10.75,blue.ruin.1,1.6,2.517
1,8/10/2021 22:25,22:25,22,10.688,blue.ruin.1,1.6,2.558
1,8/10/2021 22:35,22:35,22,10.688,blue.ruin.1,1.6,2.575
1,8/10/2021 22:50,22:50,22,10.562,blue.ruin.1,1.6,2.595
1,8/10/2021 23:00,23:00,23,10.562,blue.ruin.1,1.6,2.61
1,8/10/2021 23:10,23:10,23,10.562,blue.ruin.1,1.6,2.321
1,8/10/2021 23:25,23:25,23,10.562,blue.ruin.1,1.6,2.464
1,8/10/2021 23:35,23:35,23,10.5,blue.ruin.1,1.6,2.637
1,8/10/2021 23:50,23:50,23,10.5,blue.ruin.1,1.6,2.691
1,8/11/2021 0:00,0:00,0,10.5,blue.ruin.1,1.6,2.653
1,8/11/2021 0:10,0:10,0,10.5,blue.ruin.1,1.6,2.715
1,8/11/2021 0:25,0:25,0,10.562,blue.ruin.1,1.6,2.73
1,8/11/2021 0:35,0:35,0,10.5,blue.ruin.1,1.6,2.774
1,8/11/2021 0:50,0:50,0,10.5,blue.ruin.1,1.6,2.879
1,8/11/2021 1:00,1:00,1,10.375,blue.ruin.1,1.6,3.035
1,8/11/2021 1:10,1:10,1,10.375,blue.ruin.1,1.6,3.071
1,8/11/2021 1:25,1:25,1,10.438,blue.ruin.1,1.6,3.192
1,8/11/2021 1:35,1:35,1,10.438,blue.ruin.1,1.6,3.378
1,8/11/2021 1:50,1:50,1,10.438,blue.ruin.1,1.6,3.533
1,8/11/2021 2:00,2:00,2,10.438,blue.ruin.1,1.6,3.595
1,8/11/2021 2:10,2:10,2,10.438,blue.ruin.1,1.6,3.687
1,8/11/2021 2:25,2:25,2,10.5,blue.ruin.1,1.6,3.786
1,8/11/2021 2:35,2:35,2,10.438,blue.ruin.1,1.6,3.853
1,8/11/2021 2:50,2:50,2,10.438,blue.ruin.1,1.6,3.98
1,8/11/2021 3:00,3:00,3,10.438,blue.ruin.1,1.6,4.117
1,8/11/2021 3:10,3:10,3,10.5,blue.ruin.1,1.6,4.164
1,8/11/2021 3:25,3:25,3,10.438,blue.ruin.1,1.6,4.304
1,8/11/2021 3:35,3:35,3,10.375,blue.ruin.1,1.6,4.446
1,8/11/2021 3:50,3:50,3,10.438,blue.ruin.1,1.6,4.35
1,8/11/2021 4:00,4:00,4,10.375,blue.ruin.1,1.6,4.563
1,8/11/2021 4:10,4:10,4,10.375,blue.ruin.1,1.6,4.57
1,8/11/2021 4:25,4:25,4,10.312,blue.ruin.1,1.6,4.847
1,8/11/2021 4:35,4:35,4,10.375,blue.ruin.1,1.6,4.786
1,8/11/2021 4:50,4:50,4,10.375,blue.ruin.1,1.6,4.931
1,8/11/2021 5:00,5:00,5,10.375,blue.ruin.1,1.6,4.84
1,8/11/2021 5:10,5:10,5,10.375,blue.ruin.1,1.6,5.16
1,8/11/2021 5:25,5:25,5,10.312,blue.ruin.1,1.6,4.926
1,8/11/2021 5:35,5:35,5,10.375,blue.ruin.1,1.6,5.025
1,8/11/2021 5:50,5:50,5,10.375,blue.ruin.1,1.6,4.965
1,8/11/2021 6:00,6:00,6,10.312,blue.ruin.1,1.6,4.929
1,8/11/2021 6:10,6:10,6,10.312,blue.ruin.1,1.6,4.918
1,8/11/2021 6:25,6:25,6,10.312,blue.ruin.1,1.6,4.714
1,8/11/2021 6:35,6:35,6,10.312,blue.ruin.1,1.6,4.955
1,8/11/2021 6:50,6:50,6,10.312,blue.ruin.1,1.6,4.889
1,8/11/2021 7:00,7:00,7,10.312,blue.ruin.1,1.6,4.669
1,8/11/2021 7:10,7:10,7,10.25,blue.ruin.1,1.6,4.396
1,8/11/2021 7:25,7:25,7,10.25,blue.ruin.1,1.6,4.51
1,8/11/2021 7:35,7:35,7,10.312,blue.ruin.1,1.6,4.334
1,8/11/2021 7:50,7:50,7,10.312,blue.ruin.1,1.6,4.254
1,8/11/2021 8:00,8:00,8,10.312,blue.ruin.1,1.6,4.17
1,8/11/2021 8:10,8:10,8,10.375,blue.ruin.1,1.6,4.107
1,8/11/2021 8:25,8:25,8,10.375,blue.ruin.1,1.6,4.024
1,8/11/2021 8:35,8:35,8,10.375,blue.ruin.1,1.6,3.984
1,8/11/2021 8:50,8:50,8,10.438,blue.ruin.1,1.6,3.953
1,8/11/2021 9:00,9:00,9,10.5,blue.ruin.1,1.6,3.834
1,8/11/2021 9:10,9:10,9,10.625,blue.ruin.1,1.6,3.88
1,8/11/2021 9:25,9:25,9,10.625,blue.ruin.1,1.6,3.817
1,8/11/2021 9:35,9:35,9,10.75,blue.ruin.1,1.6,3.726
1,8/11/2021 9:50,9:50,9,10.875,blue.ruin.1,1.6,3.703
1,8/11/2021 10:00,10:00,10,10.938,blue.ruin.1,1.6,3.634
1,8/11/2021 10:10,10:10,10,11,blue.ruin.1,1.6,3.596
1,8/11/2021 10:25,10:25,10,11,blue.ruin.1,1.6,3.628
1,8/11/2021 10:35,10:35,10,11.062,blue.ruin.1,1.6,3.64
1,8/11/2021 10:50,10:50,10,11.25,blue.ruin.1,1.6,3.488
1,8/11/2021 11:00,11:00,11,11.312,blue.ruin.1,1.6,3.496
1,8/11/2021 11:10,11:10,11,11.312,blue.ruin.1,1.6,3.377
1,8/11/2021 11:25,11:25,11,11.375,blue.ruin.1,1.6,3.176
1,8/11/2021 11:35,11:35,11,11.375,blue.ruin.1,1.6,3.336
1,8/11/2021 11:50,11:50,11,11.312,blue.ruin.1,1.6,3.295
1,8/11/2021 12:00,12:00,12,11.375,blue.ruin.1,1.6,3.151
1,8/11/2021 12:10,12:10,12,11.375,blue.ruin.1,1.6,3.211
1,8/11/2021 12:25,12:25,12,11.438,blue.ruin.1,1.6,3.054
1,8/11/2021 12:35,12:35,12,11.438,blue.ruin.1,1.6,3.144
1,8/11/2021 12:50,12:50,12,11.438,blue.ruin.1,1.6,3.06
1,8/11/2021 13:00,13:00,13,11.438,blue.ruin.1,1.6,3.058
1,8/11/2021 13:10,13:10,13,11.5,blue.ruin.1,1.6,3.062
1,8/11/2021 13:25,13:25,13,11.5,blue.ruin.1,1.6,2.996
1,8/11/2021 13:35,13:35,13,11.562,blue.ruin.1,1.6,2.972
1,8/11/2021 13:50,13:50,13,11.562,blue.ruin.1,1.6,2.819
1,8/11/2021 14:00,14:00,14,11.5,blue.ruin.1,1.6,2.798
1,8/11/2021 14:10,14:10,14,11.438,blue.ruin.1,1.6,2.798
1,8/11/2021 14:25,14:25,14,11.438,blue.ruin.1,1.6,2.73
1,8/11/2021 14:35,14:35,14,11.438,blue.ruin.1,1.6,2.681
1,8/11/2021 14:50,14:50,14,11.438,blue.ruin.1,1.6,2.681
1,8/11/2021 15:00,15:00,15,11.375,blue.ruin.1,1.6,2.681
1,8/11/2021 15:10,15:10,15,11.375,blue.ruin.1,1.6,2.606
1,8/11/2021 15:25,15:25,15,11.375,blue.ruin.1,1.6,2.602
1,8/11/2021 15:35,15:35,15,11.375,blue.ruin.1,1.6,2.629
1,8/11/2021 15:50,15:50,15,11.375,blue.ruin.1,1.6,2.587
1,8/11/2021 16:00,16:00,16,11.375,blue.ruin.1,1.6,2.535
1,8/11/2021 16:10,16:10,16,11.375,blue.ruin.1,1.6,2.504
1,8/11/2021 16:25,16:25,16,11.375,blue.ruin.1,1.6,2.518
1,8/11/2021 16:35,16:35,16,11.438,blue.ruin.1,1.6,2.48
1,8/11/2021 16:50,16:50,16,11.438,blue.ruin.1,1.6,2.393
1,8/11/2021 17:00,17:00,17,11.375,blue.ruin.1,1.6,2.521
1,8/11/2021 17:10,17:10,17,11.438,blue.ruin.1,1.6,2.566
1,8/11/2021 17:25,17:25,17,11.375,blue.ruin.1,1.6,2.581
1,8/11/2021 17:35,17:35,17,11.375,blue.ruin.1,1.6,2.522
1,8/11/2021 17:50,17:50,17,11.375,blue.ruin.1,1.6,2.553
1,8/11/2021 18:00,18:00,18,11.312,blue.ruin.1,1.6,2.502
1,8/11/2021 18:10,18:10,18,11.375,blue.ruin.1,1.6,2.461
1,8/11/2021 18:25,18:25,18,11.312,blue.ruin.1,1.6,2.526
1,8/11/2021 18:35,18:35,18,11.375,blue.ruin.1,1.6,2.548
1,8/11/2021 18:50,18:50,18,11.188,blue.ruin.1,1.6,2.446
1,8/11/2021 19:00,19:00,19,11.125,blue.ruin.1,1.6,2.461
1,8/11/2021 19:10,19:10,19,11.062,blue.ruin.1,1.6,2.407
1,8/11/2021 19:25,19:25,19,11.125,blue.ruin.1,1.6,2.45
1,8/11/2021 19:35,19:35,19,11.125,blue.ruin.1,1.6,2.492
1,8/11/2021 19:50,19:50,19,11.062,blue.ruin.1,1.6,2.455
1,8/11/2021 20:00,20:00,20,11.125,blue.ruin.1,1.6,2.47
1,8/11/2021 20:10,20:10,20,11,blue.ruin.1,1.6,2.475
1,8/11/2021 20:25,20:25,20,10.938,blue.ruin.1,1.6,2.498
1,8/11/2021 20:35,20:35,20,11,blue.ruin.1,1.6,2.494
1,8/11/2021 20:50,20:50,20,10.938,blue.ruin.1,1.6,2.471
1,8/11/2021 21:00,21:00,21,10.75,blue.ruin.1,1.6,2.463
1,8/11/2021 21:10,21:10,21,10.938,blue.ruin.1,1.6,2.447
1,8/11/2021 21:25,21:25,21,10.875,blue.ruin.1,1.6,2.521
1,8/11/2021 21:35,21:35,21,11.188,blue.ruin.1,1.6,2.454
1,8/11/2021 21:50,21:50,21,11.688,blue.ruin.1,1.6,2.465
1,8/11/2021 22:00,22:00,22,11,blue.ruin.1,1.6,2.345
1,8/11/2021 22:10,22:10,22,11.562,blue.ruin.1,1.6,2.415
1,8/11/2021 22:25,22:25,22,11.625,blue.ruin.1,1.6,2.411
1,8/11/2021 22:35,22:35,22,10.812,blue.ruin.1,1.6,2.464
1,8/11/2021 22:50,22:50,22,10.562,blue.ruin.1,1.6,2.483
1,8/11/2021 23:00,23:00,23,10.875,blue.ruin.1,1.6,2.437
1,8/11/2021 23:10,23:10,23,11.438,blue.ruin.1,1.6,2.497
1,8/11/2021 23:25,23:25,23,11.375,blue.ruin.1,1.6,2.395
1,8/11/2021 23:35,23:35,23,11.438,blue.ruin.1,1.6,2.489
1,8/11/2021 23:50,23:50,23,11.375,blue.ruin.1,1.6,2.572
1,8/12/2021 0:00,0:00,0,11.375,blue.ruin.1,1.6,2.548
1,8/12/2021 0:10,0:10,0,11.25,blue.ruin.1,1.6,2.649
1,8/12/2021 0:25,0:25,0,11.312,blue.ruin.1,1.6,2.723
1,8/12/2021 0:35,0:35,0,11.5,blue.ruin.1,1.6,2.661
1,8/12/2021 0:50,0:50,0,11.5,blue.ruin.1,1.6,2.88
1,8/12/2021 1:00,1:00,1,11.375,blue.ruin.1,1.6,2.957
1,8/12/2021 1:10,1:10,1,11.375,blue.ruin.1,1.6,3.008
1,8/12/2021 1:25,1:25,1,11.312,blue.ruin.1,1.6,3.126
1,8/12/2021 1:35,1:35,1,11.562,blue.ruin.1,1.6,3.119
1,8/12/2021 1:50,1:50,1,11.5,blue.ruin.1,1.6,3.217
1,8/12/2021 2:00,2:00,2,11.5,blue.ruin.1,1.6,3.337
1,8/12/2021 2:10,2:10,2,11.312,blue.ruin.1,1.6,3.456
1,8/12/2021 2:25,2:25,2,11.438,blue.ruin.1,1.6,3.544
1,8/12/2021 2:35,2:35,2,11.438,blue.ruin.1,1.6,3.66
1,8/12/2021 2:50,2:50,2,11.5,blue.ruin.1,1.6,3.757
1,8/12/2021 3:00,3:00,3,11.438,blue.ruin.1,1.6,3.836
1,8/12/2021 3:10,3:10,3,11.625,blue.ruin.1,1.6,3.883
1,8/12/2021 3:25,3:25,3,11.75,blue.ruin.1,1.6,3.95
1,8/12/2021 3:35,3:35,3,11.875,blue.ruin.1,1.6,4.064
1,8/12/2021 3:50,3:50,3,11.625,blue.ruin.1,1.6,4.101
1,8/12/2021 4:00,4:00,4,11.625,blue.ruin.1,1.6,4.256
1,8/12/2021 4:10,4:10,4,11.188,blue.ruin.1,1.6,4.196
1,8/12/2021 4:25,4:25,4,11.688,blue.ruin.1,1.6,4.473
1,8/12/2021 4:35,4:35,4,11.75,blue.ruin.1,1.6,4.597
1,8/12/2021 4:50,4:50,4,11.75,blue.ruin.1,1.6,4.636
1,8/12/2021 5:00,5:00,5,12.188,blue.ruin.1,1.6,4.551
1,8/12/2021 5:10,5:10,5,11.5,blue.ruin.1,1.6,4.592
1,8/12/2021 5:25,5:25,5,11.125,blue.ruin.1,1.6,4.713
1,8/12/2021 5:35,5:35,5,10.375,blue.ruin.1,1.6,4.68
1,8/12/2021 5:50,5:50,5,10.25,blue.ruin.1,1.6,4.738
1,8/12/2021 6:00,6:00,6,10.25,blue.ruin.1,1.6,4.768
1,8/12/2021 6:10,6:10,6,10.812,blue.ruin.1,1.6,4.668
1,8/12/2021 6:25,6:25,6,10.312,blue.ruin.1,1.6,4.545
1,8/12/2021 6:35,6:35,6,10.312,blue.ruin.1,1.6,4.564
1,8/12/2021 6:50,6:50,6,10.312,blue.ruin.1,1.6,4.552
1,8/12/2021 7:00,7:00,7,10.375,blue.ruin.1,1.6,4.437
1,8/12/2021 7:10,7:10,7,10.312,blue.ruin.1,1.6,4.416
1,8/12/2021 7:25,7:25,7,10.375,blue.ruin.1,1.6,4.527
1,8/12/2021 7:35,7:35,7,10.625,blue.ruin.1,1.6,4.613
1,8/12/2021 7:50,7:50,7,10.375,blue.ruin.1,1.6,4.506
1,8/12/2021 8:00,8:00,8,10.375,blue.ruin.1,1.6,4.341
1,8/12/2021 8:10,8:10,8,10.375,blue.ruin.1,1.6,4.163
1,8/12/2021 8:25,8:25,8,10.375,blue.ruin.1,1.6,4.396
1,8/12/2021 8:35,8:35,8,10.438,blue.ruin.1,1.6,4.218
1,8/12/2021 8:50,8:50,8,10.438,blue.ruin.1,1.6,4.086
1,8/12/2021 9:00,9:00,9,10.5,blue.ruin.1,1.6,3.93
1,8/12/2021 9:10,9:10,9,10.438,blue.ruin.1,1.6,3.879
1,8/12/2021 9:25,9:25,9,10.5,blue.ruin.1,1.6,3.774
1,8/12/2021 9:35,9:35,9,10.562,blue.ruin.1,1.6,3.815
1,8/12/2021 9:50,9:50,9,10.562,blue.ruin.1,1.6,3.728
1,8/12/2021 10:00,10:00,10,10.625,blue.ruin.1,1.6,3.689
1,8/12/2021 10:10,10:10,10,10.625,blue.ruin.1,1.6,3.654
1,8/12/2021 10:25,10:25,10,10.625,blue.ruin.1,1.6,3.703
1,8/12/2021 10:35,10:35,10,10.75,blue.ruin.1,1.6,3.667
1,8/12/2021 10:50,10:50,10,10.75,blue.ruin.1,1.6,3.636
1,8/12/2021 11:00,11:00,11,11.062,blue.ruin.1,1.6,3.587
1,8/12/2021 11:10,11:10,11,11.062,blue.ruin.1,1.6,3.589
1,8/12/2021 11:25,11:25,11,11.25,blue.ruin.1,1.6,3.485
1,8/12/2021 11:35,11:35,11,10.938,blue.ruin.1,1.6,3.394
1,8/12/2021 11:50,11:50,11,10.812,blue.ruin.1,1.6,3.32
1,8/12/2021 12:00,12:00,12,11,blue.ruin.1,1.6,3.334
1,8/12/2021 12:10,12:10,12,11.062,blue.ruin.1,1.6,3.29
1,8/12/2021 12:25,12:25,12,10.875,blue.ruin.1,1.6,3.268
1,8/12/2021 12:35,12:35,12,10.938,blue.ruin.1,1.6,3.191
1,8/12/2021 12:50,12:50,12,11,blue.ruin.1,1.6,3.178
1,8/12/2021 13:00,13:00,13,11,blue.ruin.1,1.6,3.153
1,8/12/2021 13:10,13:10,13,11.062,blue.ruin.1,1.6,3.12
1,8/12/2021 13:25,13:25,13,11.125,blue.ruin.1,1.6,3.03
1,8/12/2021 13:35,13:35,13,11.25,blue.ruin.1,1.6,2.983
1,8/12/2021 13:50,13:50,13,11.812,blue.ruin.1,1.6,2.857
1,8/12/2021 14:00,14:00,14,11.375,blue.ruin.1,1.6,2.811
1,8/12/2021 14:10,14:10,14,11.375,blue.ruin.1,1.6,2.757
1,8/12/2021 14:25,14:25,14,11.625,blue.ruin.1,1.6,2.726
1,8/12/2021 14:35,14:35,14,11.438,blue.ruin.1,1.6,2.698
1,8/12/2021 14:50,14:50,14,11.438,blue.ruin.1,1.6,2.696
1,8/12/2021 15:00,15:00,15,11.375,blue.ruin.1,1.6,2.675
1,8/12/2021 15:10,15:10,15,11.375,blue.ruin.1,1.6,2.682
1,8/12/2021 15:25,15:25,15,11.375,blue.ruin.1,1.6,2.715
1,8/12/2021 15:35,15:35,15,11.375,blue.ruin.1,1.6,2.658
1,8/12/2021 15:50,15:50,15,11.312,blue.ruin.1,1.6,2.637
1,8/12/2021 16:00,16:00,16,11.5,blue.ruin.1,1.6,2.595
1,8/12/2021 16:10,16:10,16,11.438,blue.ruin.1,1.6,2.645
1,8/12/2021 16:25,16:25,16,11.375,blue.ruin.1,1.6,2.601
1,8/12/2021 16:35,16:35,16,11.438,blue.ruin.1,1.6,2.593
1,8/12/2021 16:50,16:50,16,11.688,blue.ruin.1,1.6,2.562
