ibutton,date.time,time,hour,ibutton.temp,site,fish.depth,dissolved.oxygen
7,7/25/2021 12:05,12:05,12,13.392,blue.ruin.1,1.371348315,5.012
7,7/25/2021 12:15,12:15,12,13.33,blue.ruin.1,1.43618677,5.136
7,7/25/2021 12:25,12:25,12,13.33,blue.ruin.1,1.476744186,5.066
7,7/25/2021 12:40,12:40,12,13.392,blue.ruin.1,1.425732218,5.072
7,7/25/2021 12:50,12:50,12,13.33,blue.ruin.1,1.490114068,NA
7,7/25/2021 13:05,13:05,13,13.33,blue.ruin.1,1.542320819,5.141
7,7/25/2021 13:15,13:15,13,13.33,blue.ruin.1,1.542320819,4.935
7,7/25/2021 13:25,13:25,13,13.392,blue.ruin.1,1.524736842,5.192
7,7/25/2021 13:40,13:40,13,13.392,blue.ruin.1,1.541318328,4.867
7,7/25/2021 13:50,13:50,13,13.768,blue.ruin.1,1.301428571,5.304442857
7,7/25/2021 14:05,14:05,14,19.958,blue.ruin.1,0.954518371,8.062621773
7,7/25/2021 14:15,14:15,14,20.583,blue.ruin.1,0.579875,8.185281818
7,7/25/2021 14:25,14:25,14,21.021,blue.ruin.1,0.325326087,8.804847826
7,7/25/2021 14:40,14:40,14,21.146,blue.ruin.1,0.356590909,8.884212121
7,7/25/2021 14:50,14:50,14,21.146,blue.ruin.1,0.436136364,8.942694215
7,7/25/2021 15:05,15:05,15,21.271,blue.ruin.1,0.4383,8.760056364
7,7/25/2021 15:15,15:15,15,21.396,blue.ruin.1,0.456315789,8.988086124
7,7/25/2021 15:25,15:25,15,21.396,blue.ruin.1,0.548064516,8.864252199
7,7/25/2021 15:40,15:40,15,21.709,blue.ruin.1,0.275833333,8.988611111
7,7/25/2021 15:50,15:50,15,21.521,blue.ruin.1,0.4325,9.064363636
7,7/25/2021 16:05,16:05,16,21.834,blue.ruin.1,0.25862069,8.981724138
7,7/25/2021 16:15,16:15,16,21.771,blue.ruin.1,0.3123,9.04492
7,7/25/2021 16:25,16:25,16,21.896,blue.ruin.1,0.26242236,8.973374741
7,7/25/2021 16:40,16:40,16,21.834,blue.ruin.1,0.27875,9.095333333
7,7/25/2021 16:50,16:50,16,21.896,blue.ruin.1,0.26980198,9.05660066
7,7/25/2021 17:05,17:05,17,21.709,blue.ruin.1,0.336639344,9.073535519
7,7/25/2021 17:15,17:15,17,21.709,blue.ruin.1,0.322777778,9.053666667
7,7/25/2021 17:25,17:25,17,21.771,blue.ruin.1,0.266916667,9.016766667
7,7/25/2021 17:40,17:40,17,21.771,blue.ruin.1,0.255625,9.017
7,7/25/2021 17:50,17:50,17,20.896,blue.ruin.1,0.865416667,7.960704545
7,7/25/2021 18:05,18:05,18,20.521,blue.ruin.1,0.957188295,7.736895038
7,7/25/2021 18:15,18:15,18,21.146,blue.ruin.1,0.606944444,8.422954545
7,7/25/2021 18:25,18:25,18,21.271,blue.ruin.1,0.54525641,8.604025641
7,7/25/2021 18:40,18:40,18,21.334,blue.ruin.1,0.391372549,8.797124183
7,7/25/2021 18:50,18:50,18,21.271,blue.ruin.1,0.402395833,8.794162879
7,7/25/2021 19:05,19:05,19,21.209,blue.ruin.1,0.559963325,8.299355412
7,7/25/2021 19:15,19:15,19,21.084,blue.ruin.1,0.574199288,8.118078292
7,7/25/2021 19:25,19:25,19,21.084,blue.ruin.1,0.528151261,8.067876241
7,7/25/2021 19:40,19:40,19,21.084,blue.ruin.1,0.390625,8.321875
7,7/25/2021 19:50,19:50,19,20.833,blue.ruin.1,0.542022059,7.76684492
7,7/25/2021 20:05,20:05,20,20.771,blue.ruin.1,0.519675203,7.596021805
7,7/25/2021 20:15,20:15,20,20.646,blue.ruin.1,0.516913947,7.441807391
7,7/25/2021 20:25,20:25,20,20.583,blue.ruin.1,0.412751678,8.019054301
7,7/25/2021 20:40,20:40,20,20.646,blue.ruin.1,0.186904762,7.47
7,7/25/2021 20:50,20:50,20,20.521,blue.ruin.1,0.226327945,7.5
7,7/25/2021 21:05,21:05,21,20.583,blue.ruin.1,0.17867036,7.26
7,7/25/2021 21:15,21:15,21,20.396,blue.ruin.1,0.361888112,7.484522145
7,7/25/2021 21:25,21:25,21,20.396,blue.ruin.1,0.325949367,6.776835443
7,7/25/2021 21:40,21:40,21,20.458,blue.ruin.1,0.204968944,6.69
7,7/25/2021 21:50,21:50,21,20.333,blue.ruin.1,0.226428571,7.33
7,7/25/2021 22:05,22:05,22,20.208,blue.ruin.1,0.167225951,6.33
7,7/25/2021 22:15,22:15,22,19.583,blue.ruin.1,0.511978169,6.249145747
7,7/25/2021 22:25,22:25,22,19.771,blue.ruin.1,0.306451613,6.654516129
7,7/25/2021 22:40,22:40,22,19.458,blue.ruin.1,0.46559633,6.342201835
7,7/25/2021 22:50,22:50,22,19.521,blue.ruin.1,0.430681818,6.239772727
7,7/25/2021 23:05,23:05,23,19.396,blue.ruin.1,0.508792185,5.830322945
7,7/25/2021 23:15,23:15,23,19.27,blue.ruin.1,0.527216066,5.65934903
7,7/25/2021 23:25,23:25,23,19.458,blue.ruin.1,0.502656676,5.70260218
7,7/25/2021 23:40,23:40,23,19.458,blue.ruin.1,0.500189873,5.583281933
7,7/25/2021 23:50,23:50,23,19.083,blue.ruin.1,0.524802393,5.492610359
7,7/26/2021 0:05,0:05,0,19.208,blue.ruin.1,0.503499795,5.508301269
7,7/26/2021 0:15,0:15,0,19.145,blue.ruin.1,0.466876972,5.710498996
7,7/26/2021 0:25,0:25,0,18.895,blue.ruin.1,0.51201286,5.390715121
7,7/26/2021 0:40,0:40,0,18.333,blue.ruin.1,0.545720549,4.980377777
7,7/26/2021 0:50,0:50,0,18.52,blue.ruin.1,0.519394342,5.002317172
7,7/26/2021 1:05,1:05,1,17.895,blue.ruin.1,0.555285962,4.481455806
7,7/26/2021 1:15,1:15,1,18.333,blue.ruin.1,0.509090035,4.758682185
7,7/26/2021 1:25,1:25,1,18.082,blue.ruin.1,0.524738676,4.492182452
7,7/26/2021 1:40,1:40,1,18.082,blue.ruin.1,0.528987194,4.569266589
7,7/26/2021 1:50,1:50,1,17.645,blue.ruin.1,0.574629812,3.899729875
7,7/26/2021 2:05,2:05,2,17.77,blue.ruin.1,0.577553191,4.263495164
7,7/26/2021 2:15,2:15,2,18.27,blue.ruin.1,0.540365449,4.305203866
7,7/26/2021 2:25,2:25,2,18.333,blue.ruin.1,0.546805984,4.573939682
7,7/26/2021 2:40,2:40,2,18.145,blue.ruin.1,0.564016736,4.166059338
7,7/26/2021 2:50,2:50,2,18.208,blue.ruin.1,0.334636364,4.937206061
7,7/26/2021 3:05,3:05,3,17.895,blue.ruin.1,0.164849833,5.25
7,7/26/2021 3:15,3:15,3,18.082,blue.ruin.1,0.338430851,4.909556738
7,7/26/2021 3:25,3:25,3,17.707,blue.ruin.1,0.185896597,5.38
7,7/26/2021 3:40,3:40,3,17.895,blue.ruin.1,0.151034139,5.74
7,7/26/2021 3:50,3:50,3,18.145,blue.ruin.1,0.094969946,5.72
7,7/26/2021 4:05,4:05,4,18.145,blue.ruin.1,0.329767442,5.60648062
7,7/26/2021 4:15,4:15,4,18.208,blue.ruin.1,0.527765425,4.701880843
7,7/26/2021 4:25,4:25,4,18.333,blue.ruin.1,1.6,2.95
7,7/26/2021 4:40,4:40,4,18.27,blue.ruin.1,0.321428571,5.551904762
7,7/26/2021 4:50,4:50,4,18.27,blue.ruin.1,0.491935484,4.535483871
7,7/26/2021 5:05,5:05,5,18.208,blue.ruin.1,1.6,2.998
7,7/26/2021 5:15,5:15,5,18.145,blue.ruin.1,0.4453125,5.201903409
7,7/26/2021 5:25,5:25,5,18.082,blue.ruin.1,0.27,5.849333333
7,7/26/2021 5:40,5:40,5,18.02,blue.ruin.1,0.217391304,5.9
7,7/26/2021 5:50,5:50,5,18.02,blue.ruin.1,1.6,2.952
7,7/26/2021 6:05,6:05,6,17.895,blue.ruin.1,0.111111111,5.79
7,7/26/2021 6:15,6:15,6,17.895,blue.ruin.1,1.6,2.902
7,7/26/2021 6:25,6:25,6,17.832,blue.ruin.1,0.220588235,5.81
7,7/26/2021 6:40,6:40,6,17.77,blue.ruin.1,0.000614489,5.83
7,7/26/2021 6:50,6:50,6,17.77,blue.ruin.1,0.319444444,5.155555556
7,7/26/2021 7:05,7:05,7,17.707,blue.ruin.1,0.078947368,5.83
7,7/26/2021 7:15,7:15,7,17.645,blue.ruin.1,0.010566562,5.87
7,7/26/2021 7:25,7:25,7,17.645,blue.ruin.1,0.010009878,5.9
7,7/26/2021 7:40,7:40,7,17.582,blue.ruin.1,0.032974059,5.97
7,7/26/2021 7:50,7:50,7,17.582,blue.ruin.1,0.275220588,5.883985294
7,7/26/2021 8:05,8:05,8,17.582,blue.ruin.1,0.277718121,5.968147651
7,7/26/2021 8:15,8:15,8,17.582,blue.ruin.1,0.274855072,6.033777778
7,7/26/2021 8:25,8:25,8,17.582,blue.ruin.1,0.275984848,6.118186869
7,7/26/2021 8:40,8:40,8,17.707,blue.ruin.1,0.403409091,5.72661157
7,7/26/2021 8:50,8:50,8,17.582,blue.ruin.1,0.293125,6.088375
7,7/26/2021 9:05,9:05,9,17.645,blue.ruin.1,0.284110169,6.292189266
7,7/26/2021 9:15,9:15,9,17.77,blue.ruin.1,0.273364486,6.349906542
7,7/26/2021 9:25,9:25,9,17.645,blue.ruin.1,0.298493976,6.179337349
7,7/26/2021 9:40,9:40,9,17.895,blue.ruin.1,0.408898305,6.319422188
7,7/26/2021 9:50,9:50,9,17.832,blue.ruin.1,0.253684211,6.754666667
7,7/26/2021 10:05,10:05,10,17.77,blue.ruin.1,0.3,6.76
7,7/26/2021 10:15,10:15,10,17.832,blue.ruin.1,0.287058824,6.901764706
7,7/26/2021 10:25,10:25,10,17.832,blue.ruin.1,0.297659574,7.024680851
7,7/26/2021 10:40,10:40,10,18.02,blue.ruin.1,0.260294118,7.200294118
7,7/26/2021 10:50,10:50,10,18.145,blue.ruin.1,0.307692308,7.136153846
7,7/26/2021 11:05,11:05,11,18.082,blue.ruin.1,0.313538462,7.107241026
7,7/26/2021 11:15,11:15,11,18.27,blue.ruin.1,0.255072464,7.616811594
7,7/26/2021 11:25,11:25,11,18.458,blue.ruin.1,0.359022556,7.02679198
7,7/26/2021 11:40,11:40,11,18.458,blue.ruin.1,0.299583333,7.80975
7,7/26/2021 11:50,11:50,11,18.645,blue.ruin.1,0.259545455,7.961363636
7,7/26/2021 12:05,12:05,12,18.708,blue.ruin.1,0.333404255,7.880950355
7,7/26/2021 12:15,12:15,12,19.27,blue.ruin.1,0.420248329,7.699871494
7,7/26/2021 12:25,12:25,12,19.083,blue.ruin.1,0.308586957,8.088144928
7,7/26/2021 12:40,12:40,12,19.458,blue.ruin.1,0.371908127,7.874240283
7,7/26/2021 12:50,12:50,12,19.02,blue.ruin.1,0.6,7.467272727
7,7/26/2021 13:05,13:05,13,19.145,blue.ruin.1,0.727604167,7.934356061
7,7/26/2021 13:15,13:15,13,19.208,blue.ruin.1,0.815714286,7.362857143
7,7/26/2021 13:25,13:25,13,19.521,blue.ruin.1,0.58380597,8.055343284
7,7/26/2021 13:40,13:40,13,20.146,blue.ruin.1,0.391458333,8.046125
7,7/26/2021 13:50,13:50,13,20.271,blue.ruin.1,0.365769231,8.514435897
7,7/26/2021 14:05,14:05,14,20.583,blue.ruin.1,0.253947368,8.875
7,7/26/2021 14:15,14:15,14,20.271,blue.ruin.1,0.575340909,8.48046281
7,7/26/2021 14:25,14:25,14,20.521,blue.ruin.1,0.488552632,8.559083732
7,7/26/2021 14:40,14:40,14,20.646,blue.ruin.1,0.509777778,8.51449697
7,7/26/2021 14:50,14:50,14,20.646,blue.ruin.1,0.516491228,8.456880383
7,7/26/2021 15:05,15:05,15,20.771,blue.ruin.1,0.520948276,8.758311912
7,7/26/2021 15:15,15:15,15,20.896,blue.ruin.1,0.538571429,8.708363636
7,7/26/2021 15:25,15:25,15,20.958,blue.ruin.1,0.557708333,8.65157197
7,7/26/2021 15:40,15:40,15,21.146,blue.ruin.1,0.451764706,8.816705882
7,7/26/2021 15:50,15:50,15,21.084,blue.ruin.1,0.547142857,8.320493506
7,7/26/2021 16:05,16:05,16,21.271,blue.ruin.1,0.448068182,8.577258264
7,7/26/2021 16:15,16:15,16,21.334,blue.ruin.1,0.403404255,9.140034816
7,7/26/2021 16:25,16:25,16,21.459,blue.ruin.1,0.303490566,9.115037736
7,7/26/2021 16:40,16:40,16,21.521,blue.ruin.1,0.294596774,9.142973118
7,7/26/2021 16:50,16:50,16,21.521,blue.ruin.1,0.283852459,9.138715847
7,7/26/2021 17:05,17:05,17,21.459,blue.ruin.1,0.306466667,9.048244444
7,7/26/2021 17:15,17:15,17,21.459,blue.ruin.1,0.280483871,9.223419355
7,7/26/2021 17:25,17:25,17,21.396,blue.ruin.1,0.304782609,8.945913043
7,7/26/2021 17:40,17:40,17,13.768,blue.ruin.1,1.09985755,6.017421652
7,7/26/2021 17:50,17:50,17,17.019,blue.ruin.1,1.0242261,6.932150664
7,7/26/2021 18:05,18:05,18,20.021,blue.ruin.1,0.955895296,7.250641635
7,7/26/2021 18:15,18:15,18,19.396,blue.ruin.1,0.969399326,6.640470349
7,7/26/2021 18:25,18:25,18,19.521,blue.ruin.1,0.960017533,6.667498107
7,7/26/2021 18:40,18:40,18,20.021,blue.ruin.1,0.868892216,6.459962983
7,7/26/2021 18:50,18:50,18,16.457,blue.ruin.1,1.025,5.73125
7,7/26/2021 19:05,19:05,19,19.896,blue.ruin.1,0.758232446,6.687384988
7,7/26/2021 19:15,19:15,19,18.333,blue.ruin.1,0.952563347,5.428279095
7,7/26/2021 19:25,19:25,19,17.457,blue.ruin.1,0.962405528,4.597559544
7,7/26/2021 19:40,19:40,19,17.957,blue.ruin.1,0.830182927,5.122472284
7,7/26/2021 19:50,19:50,19,17.52,blue.ruin.1,0.841595949,4.700799343
7,7/26/2021 20:05,20:05,20,19.083,blue.ruin.1,0.620670996,5.99530303
7,7/26/2021 20:15,20:15,20,18.395,blue.ruin.1,0.685780829,5.553846531
7,7/26/2021 20:25,20:25,20,18.458,blue.ruin.1,0.662686739,5.488506299
7,7/26/2021 20:40,20:40,20,18.52,blue.ruin.1,0.644949955,5.560896683
7,7/26/2021 20:50,20:50,20,18.27,blue.ruin.1,0.65614962,5.404351802
7,7/26/2021 21:05,21:05,21,17.707,blue.ruin.1,0.682387033,5.154633863
7,7/26/2021 21:15,21:15,21,19.083,blue.ruin.1,0.554234251,5.859619869
7,7/26/2021 21:25,21:25,21,18.458,blue.ruin.1,0.596932007,5.497538067
7,7/26/2021 21:40,21:40,21,18.333,blue.ruin.1,0.588697284,5.424385438
7,7/26/2021 21:50,21:50,21,18.458,blue.ruin.1,0.574427074,5.302465964
7,7/26/2021 22:05,22:05,22,18.458,blue.ruin.1,0.57116587,5.372753686
7,7/26/2021 22:15,22:15,22,18.145,blue.ruin.1,0.59038605,5.131914652
7,7/26/2021 22:25,22:25,22,18.02,blue.ruin.1,0.593368189,5.069243508
7,7/26/2021 22:40,22:40,22,17.332,blue.ruin.1,0.630949752,4.692699664
7,7/26/2021 22:50,22:50,22,17.52,blue.ruin.1,0.610812294,4.649451153
7,7/26/2021 23:05,23:05,23,17.457,blue.ruin.1,0.610313531,4.520483048
7,7/26/2021 23:15,23:15,23,17.145,blue.ruin.1,0.632835821,4.358819539
7,7/26/2021 23:25,23:25,23,17.145,blue.ruin.1,0.632407235,4.472038038
7,7/26/2021 23:40,23:40,23,16.957,blue.ruin.1,0.645230388,4.305755903
7,7/26/2021 23:50,23:50,23,17.395,blue.ruin.1,0.604138514,4.402498464
7,7/27/2021 0:05,0:05,0,17.395,blue.ruin.1,0.603749065,4.298663732
7,7/27/2021 0:15,0:15,0,17.395,blue.ruin.1,0.607162791,4.088483721
7,7/27/2021 0:25,0:25,0,17.52,blue.ruin.1,0.599001679,4.301173726
7,7/27/2021 0:40,0:40,0,18.082,blue.ruin.1,0.557942441,4.551367459
7,7/27/2021 0:50,0:50,0,17.457,blue.ruin.1,0.621837777,4.322243077
7,7/27/2021 1:05,1:05,1,17.77,blue.ruin.1,0.596809712,4.408156665
7,7/27/2021 1:15,1:15,1,18.02,blue.ruin.1,0.575635234,4.585437093
7,7/27/2021 1:25,1:25,1,18.02,blue.ruin.1,0.575070054,4.501466637
7,7/27/2021 1:40,1:40,1,17.895,blue.ruin.1,0.580679667,4.604040308
7,7/27/2021 1:50,1:50,1,17.895,blue.ruin.1,0.578694581,4.348004926
7,7/27/2021 2:05,2:05,2,17.895,blue.ruin.1,0.57422331,3.81733007
7,7/27/2021 2:15,2:15,2,17.582,blue.ruin.1,0.588677468,3.700245598
7,7/27/2021 2:25,2:25,2,16.832,blue.ruin.1,0.642682927,3.730155211
7,7/27/2021 2:40,2:40,2,16.957,blue.ruin.1,0.618506555,3.85651685
7,7/27/2021 2:50,2:50,2,16.707,blue.ruin.1,0.63117794,3.822378241
7,7/27/2021 3:05,3:05,3,16.332,blue.ruin.1,0.64776908,3.431992172
7,7/27/2021 3:15,3:15,3,16.207,blue.ruin.1,0.653588098,3.708884056
7,7/27/2021 3:25,3:25,3,16.644,blue.ruin.1,0.624331859,3.686357519
7,7/27/2021 3:40,3:40,3,16.269,blue.ruin.1,0.667750965,3.13293331
7,7/27/2021 3:50,3:50,3,16.582,blue.ruin.1,0.651891626,3.569996238
7,7/27/2021 4:05,4:05,4,17.27,blue.ruin.1,0.598080439,3.560511883
7,7/27/2021 4:15,4:15,4,17.27,blue.ruin.1,0.598883883,3.579553739
7,7/27/2021 4:25,4:25,4,17.52,blue.ruin.1,0.572213296,3.687507532
7,7/27/2021 4:40,4:40,4,17.019,blue.ruin.1,0.595944589,3.369732985
7,7/27/2021 4:50,4:50,4,16.457,blue.ruin.1,0.633790992,3.414621062
7,7/27/2021 5:05,5:05,5,16.457,blue.ruin.1,0.604893401,3.254727826
7,7/27/2021 5:15,5:15,5,16.144,blue.ruin.1,0.620427774,3.218872231
7,7/27/2021 5:25,5:25,5,16.582,blue.ruin.1,0.577528438,3.342287111
7,7/27/2021 5:40,5:40,5,16.207,blue.ruin.1,0.628774985,3.223589587
7,7/27/2021 5:50,5:50,5,16.582,blue.ruin.1,0.605164965,3.394662929
7,7/27/2021 6:05,6:05,6,16.832,blue.ruin.1,0.591407697,3.177141387
7,7/27/2021 6:15,6:15,6,17.27,blue.ruin.1,0.553462575,3.585192732
7,7/27/2021 6:25,6:25,6,17.082,blue.ruin.1,0.573182101,3.2923216
7,7/27/2021 6:40,6:40,6,16.894,blue.ruin.1,0.584987437,3.120476245
7,7/27/2021 6:50,6:50,6,16.582,blue.ruin.1,0.60621177,3.166334107
7,7/27/2021 7:05,7:05,7,16.519,blue.ruin.1,0.598266078,3.397298521
7,7/27/2021 7:15,7:15,7,16.269,blue.ruin.1,0.613282732,3.24628946
7,7/27/2021 7:25,7:25,7,16.019,blue.ruin.1,0.626753827,3.16070269
7,7/27/2021 7:40,7:40,7,16.394,blue.ruin.1,0.610649746,3.236790401
7,7/27/2021 7:50,7:50,7,16.519,blue.ruin.1,0.615259608,3.226877462
7,7/27/2021 8:05,8:05,8,16.894,blue.ruin.1,0.3946875,3.922958333
7,7/27/2021 8:15,8:15,8,17.019,blue.ruin.1,0.388103448,4.098448276
7,7/27/2021 8:25,8:25,8,17.332,blue.ruin.1,0.346108108,4.781012613
7,7/27/2021 8:40,8:40,8,17.457,blue.ruin.1,0.337067901,5.292658436
7,7/27/2021 8:50,8:50,8,17.457,blue.ruin.1,0.346304348,5.282246377
7,7/27/2021 9:05,9:05,9,17.332,blue.ruin.1,0.404285714,4.797220779
7,7/27/2021 9:15,9:15,9,17.457,blue.ruin.1,0.354351852,5.719092593
7,7/27/2021 9:25,9:25,9,17.52,blue.ruin.1,0.351315789,5.813333333
7,7/27/2021 9:40,9:40,9,17.27,blue.ruin.1,0.473228346,5.111080888
7,7/27/2021 9:50,9:50,9,17.582,blue.ruin.1,0.398267717,5.755475066
7,7/27/2021 10:05,10:05,10,17.395,blue.ruin.1,0.42859589,6.461942715
7,7/27/2021 10:15,10:15,10,17.645,blue.ruin.1,0.392830882,6.329705882
7,7/27/2021 10:25,10:25,10,17.832,blue.ruin.1,0.36704918,6.091245902
7,7/27/2021 10:40,10:40,10,17.957,blue.ruin.1,0.34604,7.173826667
7,7/27/2021 10:50,10:50,10,17.957,blue.ruin.1,0.364674797,7.116590786
7,7/27/2021 11:05,11:05,11,17.957,blue.ruin.1,0.38075,7.2216
7,7/27/2021 11:15,11:15,11,18.145,blue.ruin.1,0.351433121,7.517791932
7,7/27/2021 11:25,11:25,11,18.082,blue.ruin.1,0.400522876,7.477347594
7,7/27/2021 11:40,11:40,11,18.458,blue.ruin.1,0.358602941,7.679352941
7,7/27/2021 11:50,11:50,11,18.645,blue.ruin.1,0.328219697,7.977058081
7,7/27/2021 12:05,12:05,12,18.895,blue.ruin.1,0.31402439,8.31304878
7,7/27/2021 12:15,12:15,12,19.02,blue.ruin.1,0.312686567,8.129402985
7,7/27/2021 12:25,12:25,12,19.208,blue.ruin.1,0.274968153,8.3885138
7,7/27/2021 12:40,12:40,12,19.396,blue.ruin.1,0.283157895,8.643052632
7,7/27/2021 12:50,12:50,12,19.396,blue.ruin.1,0.310775194,8.441297158
7,7/27/2021 13:05,13:05,13,19.521,blue.ruin.1,0.288908629,8.58293401
7,7/27/2021 13:15,13:15,13,18.958,blue.ruin.1,0.378625,8.79135
7,7/27/2021 13:25,13:25,13,19.02,blue.ruin.1,0.385390947,8.49090535
7,7/27/2021 13:40,13:40,13,18.895,blue.ruin.1,0.398026316,8.189473684
7,7/27/2021 13:50,13:50,13,18.145,blue.ruin.1,0.502570922,7.74775951
7,7/27/2021 14:05,14:05,14,16.081,blue.ruin.1,0.751858553,6.083952153
7,7/27/2021 14:15,14:15,14,15.644,blue.ruin.1,0.806828479,6.060706678
7,7/27/2021 14:25,14:25,14,15.206,blue.ruin.1,0.888474897,5.319828056
7,7/27/2021 14:40,14:40,14,15.456,blue.ruin.1,0.869546742,5.46415658
7,7/27/2021 14:50,14:50,14,14.956,blue.ruin.1,0.900658499,5.297974941
7,7/27/2021 15:05,15:05,15,14.643,blue.ruin.1,0.910761292,5.095516004
7,7/27/2021 15:15,15:15,15,14.33,blue.ruin.1,0.931012658,4.986662831
7,7/27/2021 15:25,15:25,15,14.268,blue.ruin.1,0.933974727,4.931396272
7,7/27/2021 15:40,15:40,15,14.956,blue.ruin.1,0.889362143,5.251234923
7,7/27/2021 15:50,15:50,15,15.956,blue.ruin.1,0.819777716,5.515790293
7,7/27/2021 16:05,16:05,16,15.143,blue.ruin.1,0.872818218,5.21621621
7,7/27/2021 16:15,16:15,16,14.768,blue.ruin.1,0.893993698,5.008050414
7,7/27/2021 16:25,16:25,16,14.518,blue.ruin.1,0.906898118,4.751239337
7,7/27/2021 16:40,16:40,16,14.768,blue.ruin.1,0.89107946,4.652077143
7,7/27/2021 16:50,16:50,16,14.393,blue.ruin.1,0.912162669,4.362649244
7,7/27/2021 17:05,17:05,17,14.456,blue.ruin.1,0.904168747,4.304986157
7,7/27/2021 17:15,17:15,17,14.956,blue.ruin.1,0.87306163,4.506546177
7,7/27/2021 17:25,17:25,17,14.956,blue.ruin.1,0.872376833,4.340539506
7,7/27/2021 17:40,17:40,17,14.205,blue.ruin.1,0.913485973,3.973025881
7,7/27/2021 17:50,17:50,17,14.205,blue.ruin.1,0.908248016,3.982920632
7,7/27/2021 18:05,18:05,18,13.955,blue.ruin.1,0.916185311,3.881206696
7,7/27/2021 18:15,18:15,18,13.893,blue.ruin.1,0.921288987,3.786442227
7,7/27/2021 18:25,18:25,18,14.018,blue.ruin.1,0.912709443,3.756622938
7,7/27/2021 18:40,18:40,18,14.018,blue.ruin.1,0.910292343,3.697523986
7,7/27/2021 18:50,18:50,18,13.955,blue.ruin.1,0.911395569,3.606184815
7,7/27/2021 19:05,19:05,19,14.08,blue.ruin.1,0.900449145,3.629466294
7,7/27/2021 19:15,19:15,19,14.143,blue.ruin.1,0.891230327,3.631328142
7,7/27/2021 19:25,19:25,19,13.955,blue.ruin.1,0.899131037,3.56937278
7,7/27/2021 19:40,19:40,19,14.08,blue.ruin.1,0.885028249,3.564694402
7,7/27/2021 19:50,19:50,19,14.643,blue.ruin.1,0.845645035,3.61275414
7,7/27/2021 20:05,20:05,20,14.205,blue.ruin.1,0.874214343,3.484480258
7,7/27/2021 20:15,20:15,20,14.643,blue.ruin.1,0.837024081,3.595039937
7,7/27/2021 20:25,20:25,20,14.33,blue.ruin.1,0.855873494,3.437949069
7,7/27/2021 20:40,20:40,20,15.206,blue.ruin.1,0.786656992,3.70167911
7,7/27/2021 20:50,20:50,20,15.206,blue.ruin.1,0.798731045,3.47407444
7,7/27/2021 21:05,21:05,21,15.831,blue.ruin.1,0.773864302,3.606567462
7,7/27/2021 21:15,21:15,21,15.331,blue.ruin.1,0.819340167,3.582578295
7,7/27/2021 21:25,21:25,21,14.643,blue.ruin.1,0.866247679,3.209264391
7,7/27/2021 21:40,21:40,21,15.331,blue.ruin.1,0.824147982,3.491723604
7,7/27/2021 21:50,21:50,21,16.019,blue.ruin.1,0.764275956,3.767069051
7,7/27/2021 22:05,22:05,22,15.519,blue.ruin.1,0.760827539,3.698728784
7,7/27/2021 22:15,22:15,22,15.018,blue.ruin.1,0.780480591,3.370542766
7,7/27/2021 22:25,22:25,22,14.518,blue.ruin.1,0.807266332,3.199481407
7,7/27/2021 22:40,22:40,22,14.205,blue.ruin.1,0.812695815,3.03934491
7,7/27/2021 22:50,22:50,22,14.205,blue.ruin.1,0.800146377,3.076777706
7,7/27/2021 23:05,23:05,23,14.143,blue.ruin.1,0.799077264,3.070208706
7,7/27/2021 23:15,23:15,23,13.955,blue.ruin.1,0.821985483,2.918440646
7,7/27/2021 23:25,23:25,23,13.893,blue.ruin.1,0.83699422,2.849705728
7,7/27/2021 23:40,23:40,23,14.581,blue.ruin.1,0.783442721,2.826774788
7,7/27/2021 23:50,23:50,23,14.393,blue.ruin.1,0.802353403,2.890929416
7,7/28/2021 0:05,0:05,0,15.706,blue.ruin.1,0.695577583,3.223879319
7,7/28/2021 0:15,0:15,0,15.706,blue.ruin.1,0.691629312,3.450739179
7,7/28/2021 0:25,0:25,0,15.206,blue.ruin.1,0.727347512,3.240584416
7,7/28/2021 0:40,0:40,0,14.831,blue.ruin.1,0.755358938,3.069150686
7,7/28/2021 0:50,0:50,0,15.018,blue.ruin.1,0.737411598,3.197339591
7,7/28/2021 1:05,1:05,1,15.018,blue.ruin.1,0.730536507,3.116468517
7,7/28/2021 1:15,1:15,1,14.893,blue.ruin.1,0.737841419,3.134190601
7,7/28/2021 1:25,1:25,1,14.581,blue.ruin.1,0.763932373,3.00820288
7,7/28/2021 1:40,1:40,1,14.393,blue.ruin.1,0.772924188,2.917518871
7,7/28/2021 1:50,1:50,1,14.768,blue.ruin.1,0.728419453,2.75827024
7,7/28/2021 2:05,2:05,2,14.205,blue.ruin.1,0.774059383,2.827472595
7,7/28/2021 2:15,2:15,2,14.205,blue.ruin.1,0.771140553,2.788206954
7,7/28/2021 2:25,2:25,2,13.955,blue.ruin.1,0.791784637,2.776294226
7,7/28/2021 2:40,2:40,2,14.768,blue.ruin.1,0.705519253,2.683370956
7,7/28/2021 2:50,2:50,2,14.268,blue.ruin.1,0.75140029,2.809144901
7,7/28/2021 3:05,3:05,3,14.08,blue.ruin.1,0.763732652,2.728827943
7,7/28/2021 3:15,3:15,3,14.518,blue.ruin.1,0.714025749,2.864753652
7,7/28/2021 3:25,3:25,3,14.143,blue.ruin.1,0.748642132,2.63501892
7,7/28/2021 3:40,3:40,3,14.143,blue.ruin.1,0.734559214,2.662860522
7,7/28/2021 3:50,3:50,3,13.642,blue.ruin.1,0.78722372,2.655239892
7,7/28/2021 4:05,4:05,4,13.768,blue.ruin.1,0.770781335,2.69764761
7,7/28/2021 4:15,4:15,4,13.83,blue.ruin.1,0.758115543,2.689571089
7,7/28/2021 4:25,4:25,4,13.83,blue.ruin.1,0.759374146,2.597557703
7,7/28/2021 4:40,4:40,4,13.893,blue.ruin.1,0.754141932,2.71556763
7,7/28/2021 4:50,4:50,4,13.893,blue.ruin.1,0.757874537,2.664523317
7,7/28/2021 5:05,5:05,5,13.893,blue.ruin.1,0.762587142,2.702600521
7,7/28/2021 5:15,5:15,5,14.205,blue.ruin.1,0.726760919,2.775300314
7,7/28/2021 5:25,5:25,5,14.456,blue.ruin.1,0.697715088,2.704393901
7,7/28/2021 5:40,5:40,5,14.205,blue.ruin.1,0.726550932,2.640947386
7,7/28/2021 5:50,5:50,5,14.143,blue.ruin.1,0.73367373,2.770389213
7,7/28/2021 6:05,6:05,6,14.33,blue.ruin.1,0.71363867,2.800988212
7,7/28/2021 6:15,6:15,6,14.08,blue.ruin.1,0.735600847,2.779140478
7,7/28/2021 6:25,6:25,6,14.268,blue.ruin.1,0.719016266,2.770176044
7,7/28/2021 6:40,6:40,6,14.205,blue.ruin.1,0.7166,2.799785455
7,7/28/2021 6:50,6:50,6,14.268,blue.ruin.1,0.70438978,2.799197905
7,7/28/2021 7:05,7:05,7,14.268,blue.ruin.1,0.691619479,2.728517451
7,7/28/2021 7:15,7:15,7,14.143,blue.ruin.1,0.719047619,2.780562771
7,7/28/2021 7:25,7:25,7,14.018,blue.ruin.1,0.730306905,2.819748896
7,7/28/2021 7:40,7:40,7,14.08,blue.ruin.1,0.729694019,2.95635605
7,7/28/2021 7:50,7:50,7,14.143,blue.ruin.1,0.718039896,3.034002996
7,7/28/2021 8:05,8:05,8,14.268,blue.ruin.1,0.701909308,3.26124105
7,7/28/2021 8:15,8:15,8,14.205,blue.ruin.1,0.7124694,3.320486814
7,7/28/2021 8:25,8:25,8,14.143,blue.ruin.1,0.711410336,3.299773859
7,7/28/2021 8:40,8:40,8,14.08,blue.ruin.1,0.75863218,3.462217766
7,7/28/2021 8:50,8:50,8,14.33,blue.ruin.1,0.744703001,3.456128709
7,7/28/2021 9:05,9:05,9,14.643,blue.ruin.1,0.727998262,3.631381281
7,7/28/2021 9:15,9:15,9,14.581,blue.ruin.1,0.76201593,3.746074755
7,7/28/2021 9:25,9:25,9,14.768,blue.ruin.1,0.771630261,3.829729258
7,7/28/2021 9:40,9:40,9,15.081,blue.ruin.1,0.677,4.431981818
7,7/28/2021 9:50,9:50,9,15.706,blue.ruin.1,0.619127907,5.327313953
7,7/28/2021 10:05,10:05,10,16.019,blue.ruin.1,0.674685039,4.335028633
7,7/28/2021 10:15,10:15,10,15.269,blue.ruin.1,0.947375,4.012768182
7,7/28/2021 10:25,10:25,10,14.643,blue.ruin.1,0.988794397,4.832940908
7,7/28/2021 10:40,10:40,10,14.205,blue.ruin.1,1.028773815,4.652823034
7,7/28/2021 10:50,10:50,10,14.205,blue.ruin.1,1.030138955,4.862848886
7,7/28/2021 11:05,11:05,11,14.706,blue.ruin.1,1.015636902,5.139922979
7,7/28/2021 11:15,11:15,11,15.706,blue.ruin.1,0.965173238,4.891996117
7,7/28/2021 11:25,11:25,11,15.206,blue.ruin.1,1.00151748,4.684461871
7,7/28/2021 11:40,11:40,11,16.081,blue.ruin.1,0.864420732,5.056737805
7,7/28/2021 11:50,11:50,11,15.644,blue.ruin.1,0.915561497,5.127717064
7,7/28/2021 12:05,12:05,12,17.645,blue.ruin.1,0.614423077,6.836206294
7,7/28/2021 12:15,12:15,12,16.644,blue.ruin.1,0.808518519,6.034956229
7,7/28/2021 12:25,12:25,12,16.894,blue.ruin.1,0.859583333,6.135219697
7,7/28/2021 12:40,12:40,12,16.582,blue.ruin.1,0.921271676,5.929689963
7,7/28/2021 12:50,12:50,12,16.832,blue.ruin.1,0.953751066,5.917621483
7,7/28/2021 13:05,13:05,13,16.644,blue.ruin.1,0.8690625,5.234988636
7,7/28/2021 13:15,13:15,13,15.831,blue.ruin.1,0.973393539,5.094207885
7,7/28/2021 13:25,13:25,13,16.582,blue.ruin.1,0.856777251,5.767978458
7,7/28/2021 13:40,13:40,13,16.207,blue.ruin.1,0.919977064,5.201426606
7,7/28/2021 13:50,13:50,13,15.519,blue.ruin.1,0.961687473,4.681847988
7,7/28/2021 14:05,14:05,14,15.769,blue.ruin.1,0.855018116,5.537043149
7,7/28/2021 14:15,14:15,14,16.269,blue.ruin.1,0.784775862,6.114715674
7,7/28/2021 14:25,14:25,14,15.831,blue.ruin.1,0.870557554,5.193984303
7,7/28/2021 14:40,14:40,14,15.018,blue.ruin.1,0.989271255,4.482552632
7,7/28/2021 14:50,14:50,14,14.706,blue.ruin.1,1.008042592,4.544788514
7,7/28/2021 15:05,15:05,15,14.581,blue.ruin.1,1.019410526,4.613385947
7,7/28/2021 15:15,15:15,15,14.456,blue.ruin.1,1.033474065,4.630733414
7,7/28/2021 15:25,15:25,15,14.143,blue.ruin.1,1.03962165,4.520118366
7,7/28/2021 15:40,15:40,15,14.143,blue.ruin.1,1.027680312,4.61775731
7,7/28/2021 15:50,15:50,15,14.831,blue.ruin.1,0.995334988,4.576452109
7,7/28/2021 16:05,16:05,16,14.08,blue.ruin.1,1.068179165,4.66593595
7,7/28/2021 16:15,16:15,16,14.143,blue.ruin.1,1.064085189,4.391583979
7,7/28/2021 16:25,16:25,16,14.643,blue.ruin.1,1.041802023,4.392591633
7,7/28/2021 16:40,16:40,16,14.018,blue.ruin.1,1.065207534,4.347257935
7,7/28/2021 16:50,16:50,16,13.955,blue.ruin.1,1.068058012,4.138019544
7,7/28/2021 17:05,17:05,17,13.955,blue.ruin.1,1.06561699,4.106177682
7,7/28/2021 17:15,17:15,17,13.893,blue.ruin.1,1.050672646,4.186877803
7,7/28/2021 17:25,17:25,17,13.83,blue.ruin.1,1.032631238,4.045998866
7,7/28/2021 17:40,17:40,17,14.08,blue.ruin.1,0.986585366,3.857896341
7,7/28/2021 17:50,17:50,17,13.768,blue.ruin.1,1.022397476,3.83334858
7,7/28/2021 18:05,18:05,18,13.768,blue.ruin.1,1.022,3.79272
7,7/28/2021 18:15,18:15,18,13.83,blue.ruin.1,1.01268997,3.676552052
7,7/28/2021 18:25,18:25,18,13.705,blue.ruin.1,1.028031437,3.677905127
7,7/28/2021 18:40,18:40,18,13.83,blue.ruin.1,1.047045339,3.332973765
7,7/28/2021 18:50,18:50,18,13.768,blue.ruin.1,1.05336,3.3689152
7,7/28/2021 19:05,19:05,19,13.642,blue.ruin.1,1.060766721,3.41679894
7,7/28/2021 19:15,19:15,19,13.83,blue.ruin.1,1.037492483,3.213555322
7,7/28/2021 19:25,19:25,19,13.642,blue.ruin.1,1.0355,3.16989625
7,7/28/2021 19:40,19:40,19,13.58,blue.ruin.1,1.002941176,3.297205882
7,7/28/2021 19:50,19:50,19,14.08,blue.ruin.1,0.927150538,3.303597263
7,7/28/2021 20:05,20:05,20,14.205,blue.ruin.1,0.926133391,3.209177697
7,7/28/2021 20:15,20:15,20,14.33,blue.ruin.1,0.987984914,2.785742861
7,7/28/2021 20:25,20:25,20,14.143,blue.ruin.1,0.976047297,2.749070946
7,7/28/2021 20:40,20:40,20,14.143,blue.ruin.1,0.923715114,3.186491882
7,7/28/2021 20:50,20:50,20,14.143,blue.ruin.1,0.904289873,3.257396966
7,7/28/2021 21:05,21:05,21,14.268,blue.ruin.1,0.876366346,3.305900208
7,7/28/2021 21:15,21:15,21,14.456,blue.ruin.1,0.85325511,3.315289381
7,7/28/2021 21:25,21:25,21,13.955,blue.ruin.1,0.885782241,3.049261964
7,7/28/2021 21:40,21:40,21,14.393,blue.ruin.1,0.83257874,3.198788475
7,7/28/2021 21:50,21:50,21,15.018,blue.ruin.1,0.773186189,3.470484345
7,7/28/2021 22:05,22:05,22,15.269,blue.ruin.1,0.743165925,3.395884529
7,7/28/2021 22:15,22:15,22,14.706,blue.ruin.1,0.795912211,3.225533597
7,7/28/2021 22:25,22:25,22,14.581,blue.ruin.1,0.802785066,3.249009265
7,7/28/2021 22:40,22:40,22,14.268,blue.ruin.1,0.830260561,3.185634713
7,7/28/2021 22:50,22:50,22,14.456,blue.ruin.1,0.816679695,3.161457352
7,7/28/2021 23:05,23:05,23,15.081,blue.ruin.1,0.765521951,3.40201561
7,7/28/2021 23:15,23:15,23,14.581,blue.ruin.1,0.80636063,3.203352726
7,7/28/2021 23:25,23:25,23,13.893,blue.ruin.1,0.865796191,2.86212502
7,7/28/2021 23:40,23:40,23,13.768,blue.ruin.1,0.869913759,2.801608282
7,7/28/2021 23:50,23:50,23,13.705,blue.ruin.1,0.869626998,2.753038915
7,7/29/2021 0:05,0:05,0,14.018,blue.ruin.1,0.840794979,2.821586154
7,7/29/2021 0:15,0:15,0,13.955,blue.ruin.1,0.841670024,2.824989927
7,7/29/2021 0:25,0:25,0,14.268,blue.ruin.1,0.808787756,2.917554134
7,7/29/2021 0:40,0:40,0,13.955,blue.ruin.1,0.837885818,2.812457865
7,7/29/2021 0:50,0:50,0,14.205,blue.ruin.1,0.817113485,2.822753294
7,7/29/2021 1:05,1:05,1,14.33,blue.ruin.1,0.801907935,3.068905347
7,7/29/2021 1:15,1:15,1,14.08,blue.ruin.1,0.823394495,2.750758966
7,7/29/2021 1:25,1:25,1,14.768,blue.ruin.1,0.759508061,2.993767898
7,7/29/2021 1:40,1:40,1,14.143,blue.ruin.1,0.818960149,2.782582928
7,7/29/2021 1:50,1:50,1,13.83,blue.ruin.1,0.845195132,2.791092206
7,7/29/2021 2:05,2:05,2,14.205,blue.ruin.1,0.803785489,2.798256381
7,7/29/2021 2:15,2:15,2,14.205,blue.ruin.1,0.799015665,2.796872065
7,7/29/2021 2:25,2:25,2,13.955,blue.ruin.1,0.82022035,2.71124374
7,7/29/2021 2:40,2:40,2,13.955,blue.ruin.1,0.814694949,2.764732123
7,7/29/2021 2:50,2:50,2,14.018,blue.ruin.1,0.804909332,2.717421093
7,7/29/2021 3:05,3:05,3,14.205,blue.ruin.1,0.78503963,2.823914975
7,7/29/2021 3:15,3:15,3,14.393,blue.ruin.1,0.76131632,2.871381647
7,7/29/2021 3:25,3:25,3,14.268,blue.ruin.1,0.774191725,2.744079296
7,7/29/2021 3:40,3:40,3,14.08,blue.ruin.1,0.785013749,2.728976752
7,7/29/2021 3:50,3:50,3,14.33,blue.ruin.1,0.760428177,2.777782521
7,7/29/2021 4:05,4:05,4,13.455,blue.ruin.1,0.845017585,2.685150805
7,7/29/2021 4:15,4:15,4,13.955,blue.ruin.1,0.788647512,2.745230299
7,7/29/2021 4:25,4:25,4,14.018,blue.ruin.1,0.77787234,2.787311412
7,7/29/2021 4:40,4:40,4,13.955,blue.ruin.1,0.784034118,2.695545411
7,7/29/2021 4:50,4:50,4,13.392,blue.ruin.1,0.843865906,2.589814551
7,7/29/2021 5:05,5:05,5,13.642,blue.ruin.1,0.811723886,2.631128893
7,7/29/2021 5:15,5:15,5,14.018,blue.ruin.1,0.768157446,2.73433563
7,7/29/2021 5:25,5:25,5,13.705,blue.ruin.1,0.800146377,2.591650513
7,7/29/2021 5:40,5:40,5,13.768,blue.ruin.1,0.796119734,2.657038903
7,7/29/2021 5:50,5:50,5,13.768,blue.ruin.1,0.793748459,2.614660912
7,7/29/2021 6:05,6:05,6,13.705,blue.ruin.1,0.800739827,2.638108956
7,7/29/2021 6:15,6:15,6,13.893,blue.ruin.1,0.778241675,2.668601504
7,7/29/2021 6:25,6:25,6,14.143,blue.ruin.1,0.749765548,2.646546935
7,7/29/2021 6:40,6:40,6,13.893,blue.ruin.1,0.773657975,2.640692276
7,7/29/2021 6:50,6:50,6,13.642,blue.ruin.1,0.800115119,2.70806042
7,7/29/2021 7:05,7:05,7,13.455,blue.ruin.1,0.824041411,2.708248745
7,7/29/2021 7:15,7:15,7,13.142,blue.ruin.1,0.855275288,2.757168432
7,7/29/2021 7:25,7:25,7,13.267,blue.ruin.1,0.84985883,2.793754433
7,7/29/2021 7:40,7:40,7,13.205,blue.ruin.1,0.871332808,2.825794379
7,7/29/2021 7:50,7:50,7,13.893,blue.ruin.1,0.792573052,2.978731553
7,7/29/2021 8:05,8:05,8,13.08,blue.ruin.1,0.906994956,3.092675387
7,7/29/2021 8:15,8:15,8,13.83,blue.ruin.1,0.828981723,3.317011631
7,7/29/2021 8:25,8:25,8,13.08,blue.ruin.1,0.916046888,4.049628133
7,7/29/2021 8:40,8:40,8,13.017,blue.ruin.1,0.930107393,6.421133185
7,7/29/2021 8:50,8:50,8,12.704,blue.ruin.1,1.029582712,4.118375559
7,7/29/2021 9:05,9:05,9,13.08,blue.ruin.1,0.991719343,3.979152971
7,7/29/2021 9:15,9:15,9,12.954,blue.ruin.1,1.032653061,4.089956633
7,7/29/2021 9:25,9:25,9,13.517,blue.ruin.1,0.988979417,4.091559177
7,7/29/2021 9:40,9:40,9,13.33,blue.ruin.1,1.049198397,4.483697395
7,7/29/2021 9:50,9:50,9,13.58,blue.ruin.1,1.046997691,4.619295612
7,7/29/2021 10:05,10:05,10,13.893,blue.ruin.1,1.047186147,4.580102814
7,7/29/2021 10:15,10:15,10,13.955,blue.ruin.1,1.046571288,4.880758818
7,7/29/2021 10:25,10:25,10,13.517,blue.ruin.1,1.089779809,4.94917662
7,7/29/2021 10:40,10:40,10,14.268,blue.ruin.1,1.054522218,5.038724341
7,7/29/2021 10:50,10:50,10,14.518,blue.ruin.1,1.04781675,5.459397011
7,7/29/2021 11:05,11:05,11,14.33,blue.ruin.1,1.063636364,5.514431818
7,7/29/2021 11:15,11:15,11,14.33,blue.ruin.1,1.06946464,5.64059691
7,7/29/2021 11:25,11:25,11,14.706,blue.ruin.1,1.054716981,5.509044811
7,7/29/2021 11:40,11:40,11,14.831,blue.ruin.1,1.055832841,5.849999963
7,7/29/2021 11:50,11:50,11,14.268,blue.ruin.1,1.08107438,5.96503595
7,7/29/2021 12:05,12:05,12,14.456,blue.ruin.1,1.075692398,5.77708132
7,7/29/2021 12:15,12:15,12,14.393,blue.ruin.1,1.079211725,5.886550299
7,7/29/2021 12:25,12:25,12,14.143,blue.ruin.1,1.087284355,5.80761801
7,7/29/2021 12:40,12:40,12,14.268,blue.ruin.1,1.085837246,5.849143975
7,7/29/2021 12:50,12:50,12,14.205,blue.ruin.1,1.091044187,5.635880293
7,7/29/2021 13:05,13:05,13,14.33,blue.ruin.1,1.083406662,5.561535591
7,7/29/2021 13:15,13:15,13,14.08,blue.ruin.1,1.087378363,6.397716085
7,7/29/2021 13:25,13:25,13,14.643,blue.ruin.1,1.077098501,6.425298608
7,7/29/2021 13:40,13:40,13,14.456,blue.ruin.1,1.08220339,6.375949153
7,7/29/2021 13:50,13:50,13,14.33,blue.ruin.1,1.087121502,6.513420132
7,7/29/2021 14:05,14:05,14,15.081,blue.ruin.1,1.072207587,7.012175053
7,7/29/2021 14:15,14:15,14,14.893,blue.ruin.1,1.076869159,6.672101636
7,7/29/2021 14:25,14:25,14,15.206,blue.ruin.1,1.066737513,6.526691286
7,7/29/2021 14:40,14:40,14,15.456,blue.ruin.1,1.058732694,6.803672258
7,7/29/2021 14:50,14:50,14,15.018,blue.ruin.1,1.070711585,6.733649751
7,7/29/2021 15:05,15:05,15,14.456,blue.ruin.1,1.083177065,5.851094753
7,7/29/2021 15:15,15:15,15,14.08,blue.ruin.1,1.095856354,6.142453039
7,7/29/2021 15:25,15:25,15,14.143,blue.ruin.1,1.094137615,6.194729771
7,7/29/2021 15:40,15:40,15,13.955,blue.ruin.1,1.099338624,6.142710979
7,7/29/2021 15:50,15:50,15,14.018,blue.ruin.1,1.097149644,6.067444774
7,7/29/2021 16:05,16:05,16,14.018,blue.ruin.1,1.097187814,6.073580432
7,7/29/2021 16:15,16:15,16,14.08,blue.ruin.1,1.096974063,6.040684438
7,7/29/2021 16:25,16:25,16,13.83,blue.ruin.1,1.215384615,5.344336538
7,7/29/2021 16:40,16:40,16,14.018,blue.ruin.1,1.095509274,5.857478726
7,7/29/2021 16:50,16:50,16,14.518,blue.ruin.1,1.081229418,5.558275659
7,7/29/2021 17:05,17:05,17,13.893,blue.ruin.1,1.097239422,5.325029799
7,7/29/2021 17:15,17:15,17,14.018,blue.ruin.1,1.092457823,5.801426563
7,7/29/2021 17:25,17:25,17,13.768,blue.ruin.1,1.09868207,6.217497722
7,7/29/2021 17:40,17:40,17,14.205,blue.ruin.1,1.085899895,5.255744027
7,7/29/2021 17:50,17:50,17,13.955,blue.ruin.1,1.092694641,5.755854714
7,7/29/2021 18:05,18:05,18,14.768,blue.ruin.1,1.071171957,5.365681374
7,7/29/2021 18:15,18:15,18,14.393,blue.ruin.1,1.079783092,5.21937938
7,7/29/2021 18:25,18:25,18,14.393,blue.ruin.1,1.078592462,4.907831714
7,7/29/2021 18:40,18:40,18,13.768,blue.ruin.1,1.090484786,3.432924188
7,7/29/2021 18:50,18:50,18,13.768,blue.ruin.1,1.0850981,3.389634849
7,7/29/2021 19:05,19:05,19,13.768,blue.ruin.1,1.075529543,3.308184504
7,7/29/2021 19:15,19:15,19,13.58,blue.ruin.1,1.080825139,3.080023514
7,7/29/2021 19:25,19:25,19,13.58,blue.ruin.1,1.068059299,3.187989218
7,7/29/2021 19:40,19:40,19,13.642,blue.ruin.1,1.047801508,3.187263191
7,7/29/2021 19:50,19:50,19,13.517,blue.ruin.1,1.050617733,3.206156159
7,7/29/2021 20:05,20:05,20,13.392,blue.ruin.1,1.058651026,3.247977639
7,7/29/2021 20:15,20:15,20,13.517,blue.ruin.1,1.03422524,3.233897165
7,7/29/2021 20:25,20:25,20,13.58,blue.ruin.1,1.024044586,3.329267516
7,7/29/2021 20:40,20:40,20,13.768,blue.ruin.1,0.988421053,3.165667105
7,7/29/2021 20:50,20:50,20,14.143,blue.ruin.1,0.935620966,3.383855873
7,7/29/2021 21:05,21:05,21,13.455,blue.ruin.1,0.98830874,3.010590948
7,7/29/2021 21:15,21:15,21,13.517,blue.ruin.1,0.948798115,2.817823181
7,7/29/2021 21:25,21:25,21,13.455,blue.ruin.1,0.94463775,2.825878326
7,7/29/2021 21:40,21:40,21,14.706,blue.ruin.1,0.845152575,3.350489799
7,7/29/2021 21:50,21:50,21,14.268,blue.ruin.1,0.872346098,3.19015908
7,7/29/2021 22:05,22:05,22,13.392,blue.ruin.1,0.932980111,2.797168094
7,7/29/2021 22:15,22:15,22,13.142,blue.ruin.1,0.949852604,2.640809338
7,7/29/2021 22:25,22:25,22,13.08,blue.ruin.1,1.054679205,2.744472983
7,7/29/2021 22:40,22:40,22,12.892,blue.ruin.1,1.004022989,2.678491379
7,7/29/2021 22:50,22:50,22,12.954,blue.ruin.1,0.98869258,2.649599823
7,7/29/2021 23:05,23:05,23,12.829,blue.ruin.1,1.00960452,2.636193503
7,7/29/2021 23:15,23:15,23,12.704,blue.ruin.1,1.036213592,2.648454369
7,7/29/2021 23:25,23:25,23,12.767,blue.ruin.1,1.007032967,2.631472253
7,7/29/2021 23:40,23:40,23,12.892,blue.ruin.1,0.970440882,2.577885772
7,7/29/2021 23:50,23:50,23,13.33,blue.ruin.1,0.915648855,2.684906315
7,7/30/2021 0:05,0:05,0,12.704,blue.ruin.1,1.003825858,2.586155673
7,7/30/2021 0:15,0:15,0,13.017,blue.ruin.1,0.934084381,2.569032479
7,7/30/2021 0:25,0:25,0,12.767,blue.ruin.1,0.96953317,2.536261364
7,7/30/2021 0:40,0:40,0,12.954,blue.ruin.1,0.937223451,2.555077434
7,7/30/2021 0:50,0:50,0,12.829,blue.ruin.1,0.947551135,2.517836367
7,7/30/2021 1:05,1:05,1,12.892,blue.ruin.1,0.937020873,2.553037778
7,7/30/2021 1:15,1:15,1,12.767,blue.ruin.1,0.949391657,2.491891394
7,7/30/2021 1:25,1:25,1,12.642,blue.ruin.1,0.989095745,2.51362234
7,7/30/2021 1:40,1:40,1,12.579,blue.ruin.1,1.000416667,2.536678125
7,7/30/2021 1:50,1:50,1,12.704,blue.ruin.1,0.949648369,2.490588183
7,7/30/2021 2:05,2:05,2,12.517,blue.ruin.1,1.006944444,2.539114583
7,7/30/2021 2:15,2:15,2,12.704,blue.ruin.1,0.946090047,2.498175355
7,7/30/2021 2:25,2:25,2,12.767,blue.ruin.1,0.936793771,2.517528267
7,7/30/2021 2:40,2:40,2,12.579,blue.ruin.1,0.974596774,2.464104839
7,7/30/2021 2:50,2:50,2,12.829,blue.ruin.1,0.927271805,2.52421667
7,7/30/2021 3:05,3:05,3,12.579,blue.ruin.1,0.960227273,2.449076705
7,7/30/2021 3:15,3:15,3,12.767,blue.ruin.1,0.928942486,2.509863383
7,7/30/2021 3:25,3:25,3,12.767,blue.ruin.1,0.931001428,2.468670573
7,7/30/2021 3:40,3:40,3,12.517,blue.ruin.1,0.980288462,2.457638221
7,7/30/2021 3:50,3:50,3,12.579,blue.ruin.1,0.980994898,2.413319515
7,7/30/2021 4:05,4:05,4,12.391,blue.ruin.1,1.053459119,2.533459119
7,7/30/2021 4:15,4:15,4,12.329,blue.ruin.1,1.075048356,2.565990087
7,7/30/2021 4:25,4:25,4,12.454,blue.ruin.1,1.032341651,2.505548464
7,7/30/2021 4:40,4:40,4,12.579,blue.ruin.1,0.982863341,2.444177874
7,7/30/2021 4:50,4:50,4,12.391,blue.ruin.1,1.03871734,2.493616093
7,7/30/2021 5:05,5:05,5,12.454,blue.ruin.1,0.980461538,2.448481538
7,7/30/2021 5:15,5:15,5,12.454,blue.ruin.1,0.953396226,2.472895283
7,7/30/2021 5:25,5:25,5,12.454,blue.ruin.1,0.944472247,2.455226239
7,7/30/2021 5:40,5:40,5,12.517,blue.ruin.1,0.937192897,2.51234139
7,7/30/2021 5:50,5:50,5,12.579,blue.ruin.1,0.925113636,2.501764463
7,7/30/2021 6:05,6:05,6,12.454,blue.ruin.1,0.939318182,2.495243802
7,7/30/2021 6:15,6:15,6,12.579,blue.ruin.1,0.925839667,2.462299806
7,7/30/2021 6:25,6:25,6,12.517,blue.ruin.1,0.933634468,2.518629098
7,7/30/2021 6:40,6:40,6,12.579,blue.ruin.1,0.929390104,2.465363741
7,7/30/2021 6:50,6:50,6,12.454,blue.ruin.1,0.944381503,2.515107725
7,7/30/2021 7:05,7:05,7,12.329,blue.ruin.1,0.99650655,2.574646288
7,7/30/2021 7:15,7:15,7,12.704,blue.ruin.1,0.918544493,2.626880161
7,7/30/2021 7:25,7:25,7,12.391,blue.ruin.1,0.96746988,2.643626506
7,7/30/2021 7:40,7:40,7,12.329,blue.ruin.1,1.011895911,2.7352421
7,7/30/2021 7:50,7:50,7,12.391,blue.ruin.1,0.989056604,2.77231934
7,7/30/2021 8:05,8:05,8,12.266,blue.ruin.1,1.074911032,2.933661922
7,7/30/2021 8:15,8:15,8,12.329,blue.ruin.1,1.056565657,3.26319697
7,7/30/2021 8:25,8:25,8,12.329,blue.ruin.1,1.081980519,3.378350244
7,7/30/2021 8:40,8:40,8,12.454,blue.ruin.1,1.0465625,3.597651563
7,7/30/2021 8:50,8:50,8,12.329,blue.ruin.1,1.16454918,3.730851434
7,7/30/2021 9:05,9:05,9,12.266,blue.ruin.1,1.342307692,3.690788462
7,7/30/2021 9:15,9:15,9,12.391,blue.ruin.1,1.180544747,3.896228113
7,7/30/2021 9:25,9:25,9,12.579,blue.ruin.1,1.055639098,4.078058271
7,7/30/2021 9:40,9:40,9,12.579,blue.ruin.1,1.104192547,4.129707298
7,7/30/2021 9:50,9:50,9,12.704,blue.ruin.1,1.083905579,4.229484979
7,7/30/2021 10:05,10:05,10,13.017,blue.ruin.1,1.015439856,4.420920108
7,7/30/2021 10:15,10:15,10,13.58,blue.ruin.1,0.913306452,4.655982405
7,7/30/2021 10:25,10:25,10,13.142,blue.ruin.1,1.026107383,4.519600671
7,7/30/2021 10:40,10:40,10,13.455,blue.ruin.1,1.016491897,4.643061845
7,7/30/2021 10:50,10:50,10,13.33,blue.ruin.1,1.045930233,4.546780523
7,7/30/2021 11:05,11:05,11,14.08,blue.ruin.1,0.997953964,4.452595908
7,7/30/2021 11:15,11:15,11,14.393,blue.ruin.1,0.97315625,4.553269609
7,7/30/2021 11:25,11:25,11,13.517,blue.ruin.1,1.065245995,4.545786399
7,7/30/2021 11:40,11:40,11,13.392,blue.ruin.1,1.08780542,4.599148601
7,7/30/2021 11:50,11:50,11,13.267,blue.ruin.1,1.099432463,4.872109251
7,7/30/2021 12:05,12:05,12,13.392,blue.ruin.1,1.09929312,5.400228087
7,7/30/2021 12:15,12:15,12,13.205,blue.ruin.1,1.276047904,4.976782934
7,7/30/2021 12:25,12:25,12,14.143,blue.ruin.1,1.066262504,5.693953206
7,7/30/2021 12:40,12:40,12,13.955,blue.ruin.1,1.075112309,5.51152628
7,7/30/2021 12:50,12:50,12,14.33,blue.ruin.1,1.054603229,5.393774047
7,7/30/2021 13:05,13:05,13,14.33,blue.ruin.1,1.049856063,4.587282746
7,7/30/2021 13:15,13:15,13,14.018,blue.ruin.1,1.057884363,4.238590013
7,7/30/2021 13:25,13:25,13,13.893,blue.ruin.1,1.050819672,4.543932377
7,7/30/2021 13:40,13:40,13,13.455,blue.ruin.1,1.070967742,4.770745968
7,7/30/2021 13:50,13:50,13,13.517,blue.ruin.1,1.04159292,4.796042035
7,7/30/2021 14:05,14:05,14,13.455,blue.ruin.1,1.007010135,4.891137035
7,7/30/2021 14:15,14:15,14,13.455,blue.ruin.1,0.988109756,4.880262957
7,7/30/2021 14:25,14:25,14,13.392,blue.ruin.1,1.005714286,4.813335714
7,7/30/2021 14:40,14:40,14,13.392,blue.ruin.1,1.004458599,4.77401672
7,7/30/2021 14:50,14:50,14,13.517,blue.ruin.1,0.997460938,4.625486328
7,7/30/2021 15:05,15:05,15,13.267,blue.ruin.1,1.054308252,4.35673483
7,7/30/2021 15:15,15:15,15,13.205,blue.ruin.1,1.056112637,4.284579327
7,7/30/2021 15:25,15:25,15,13.08,blue.ruin.1,1.071621622,4.290574324
7,7/30/2021 15:40,15:40,15,13.142,blue.ruin.1,1.030625,4.2774375
7,7/30/2021 15:50,15:50,15,13.08,blue.ruin.1,1.028125,4.338359375
7,7/30/2021 16:05,16:05,16,13.08,blue.ruin.1,0.988338658,4.423578275
7,7/30/2021 16:15,16:15,16,13.08,blue.ruin.1,0.988338658,4.409265176
7,7/30/2021 16:25,16:25,16,13.08,blue.ruin.1,0.986885246,4.477633197
7,7/30/2021 16:40,16:40,16,13.017,blue.ruin.1,1.024221453,4.45928417
7,7/30/2021 16:50,16:50,16,13.017,blue.ruin.1,1.006593407,4.510956044
7,7/30/2021 17:05,17:05,17,12.954,blue.ruin.1,1.022757475,4.415597176
7,7/30/2021 17:15,17:15,17,13.017,blue.ruin.1,0.988307692,4.445467308
7,7/30/2021 17:25,17:25,17,12.892,blue.ruin.1,1.054415584,4.320705195
7,7/30/2021 17:40,17:40,17,13.017,blue.ruin.1,1.01037037,4.320535185
7,7/30/2021 17:50,17:50,17,12.954,blue.ruin.1,1.026438356,4.314517123
7,7/30/2021 18:05,18:05,18,12.892,blue.ruin.1,1.035714286,4.286071429
7,7/30/2021 18:15,18:15,18,12.892,blue.ruin.1,1.01552901,4.329890785
7,7/30/2021 18:25,18:25,18,12.892,blue.ruin.1,0.99765343,4.365198556
7,7/30/2021 18:40,18:40,18,12.954,blue.ruin.1,0.953501946,4.306287938
7,7/30/2021 18:50,18:50,18,13.142,blue.ruin.1,0.931970763,4.328349166
7,7/30/2021 19:05,19:05,19,12.954,blue.ruin.1,0.943930004,4.209975806
7,7/30/2021 19:15,19:15,19,12.892,blue.ruin.1,0.947373701,4.110266443
7,7/30/2021 19:25,19:25,19,14.205,blue.ruin.1,0.839061944,4.457786336
7,7/30/2021 19:40,19:40,19,12.892,blue.ruin.1,0.94094014,3.887721962
7,7/30/2021 19:50,19:50,19,12.829,blue.ruin.1,0.942664835,3.768006993
7,7/30/2021 20:05,20:05,20,13.017,blue.ruin.1,0.923013621,3.684510886
7,7/30/2021 20:15,20:15,20,12.829,blue.ruin.1,0.935258771,3.545748648
7,7/30/2021 20:25,20:25,20,12.829,blue.ruin.1,0.934913708,3.431442355
7,7/30/2021 20:40,20:40,20,12.767,blue.ruin.1,0.938599641,3.27725967
7,7/30/2021 20:50,20:50,20,12.767,blue.ruin.1,0.938489426,3.180182367
7,7/30/2021 21:05,21:05,21,12.704,blue.ruin.1,0.942307692,3.068531469
7,7/30/2021 21:15,21:15,21,12.642,blue.ruin.1,0.947985348,2.996373626
7,7/30/2021 21:25,21:25,21,12.829,blue.ruin.1,0.927271805,3.03471418
7,7/30/2021 21:40,21:40,21,12.704,blue.ruin.1,0.942156049,2.852516742
7,7/30/2021 21:50,21:50,21,12.642,blue.ruin.1,0.944229576,2.863186613
7,7/30/2021 22:05,22:05,22,12.579,blue.ruin.1,0.948194679,2.765645731
7,7/30/2021 22:15,22:15,22,12.517,blue.ruin.1,0.982908163,2.732048469
7,7/30/2021 22:25,22:25,22,12.517,blue.ruin.1,0.99375,2.743625
7,7/30/2021 22:40,22:40,22,12.454,blue.ruin.1,1.031122449,2.7296875
7,7/30/2021 22:50,22:50,22,12.454,blue.ruin.1,1.022272727,2.706192045
7,7/30/2021 23:05,23:05,23,12.454,blue.ruin.1,1.005,2.65345
7,7/30/2021 23:15,23:15,23,12.391,blue.ruin.1,1.044852941,2.633233456
7,7/30/2021 23:25,23:25,23,12.391,blue.ruin.1,1.044852941,2.630821691
7,7/30/2021 23:40,23:40,23,12.329,blue.ruin.1,1.073317308,2.669001202
7,7/30/2021 23:50,23:50,23,12.329,blue.ruin.1,1.089402174,2.669779212
7,7/31/2021 0:05,0:05,0,12.329,blue.ruin.1,1.066964286,2.635794643
7,7/31/2021 0:15,0:15,0,12.329,blue.ruin.1,1.046802326,2.621797965
7,7/31/2021 0:25,0:25,0,12.329,blue.ruin.1,1.05234375,2.609039063
7,7/31/2021 0:40,0:40,0,12.329,blue.ruin.1,1.046802326,2.627364099
7,7/31/2021 0:50,0:50,0,12.329,blue.ruin.1,1.046802326,2.591797965
7,7/31/2021 1:05,1:05,1,12.266,blue.ruin.1,1.104787234,2.680021277
7,7/31/2021 1:15,1:15,1,12.266,blue.ruin.1,1.104787234,2.676538564
7,7/31/2021 1:25,1:25,1,12.266,blue.ruin.1,1.08248731,2.645263959
7,7/31/2021 1:40,1:40,1,12.266,blue.ruin.1,1.08248731,2.612550761
7,7/31/2021 1:50,1:50,1,12.266,blue.ruin.1,1.064925373,2.559929104
7,7/31/2021 2:05,2:05,2,12.266,blue.ruin.1,1.061049724,2.615225138
7,7/31/2021 2:15,2:15,2,12.204,blue.ruin.1,1.092702703,2.65772973
7,7/31/2021 2:25,2:25,2,12.204,blue.ruin.1,1.133919598,2.667248744
7,7/31/2021 2:40,2:40,2,12.204,blue.ruin.1,1.091818182,2.641190909
7,7/31/2021 2:50,2:50,2,12.204,blue.ruin.1,1.091818182,2.649418182
7,7/31/2021 3:05,3:05,3,12.204,blue.ruin.1,1.092702703,2.597372973
7,7/31/2021 3:15,3:15,3,12.204,blue.ruin.1,1.090689655,2.629186207
7,7/31/2021 3:25,3:25,3,12.204,blue.ruin.1,1.130821918,2.634260274
7,7/31/2021 3:40,3:40,3,12.204,blue.ruin.1,1.090689655,2.620593103
7,7/31/2021 3:50,3:50,3,12.204,blue.ruin.1,1.090689655,2.596572414
7,7/31/2021 4:05,4:05,4,12.204,blue.ruin.1,1.066778523,2.597365772
7,7/31/2021 4:15,4:15,4,12.141,blue.ruin.1,1.170680628,2.653373037
7,7/31/2021 4:25,4:25,4,12.141,blue.ruin.1,1.114438503,2.61059492
7,7/31/2021 4:40,4:40,4,12.141,blue.ruin.1,1.163981043,2.647646919
7,7/31/2021 4:50,4:50,4,12.141,blue.ruin.1,1.114438503,2.614973262
7,7/31/2021 5:05,5:05,5,12.141,blue.ruin.1,1.114438503,2.631407086
7,7/31/2021 5:15,5:15,5,12.141,blue.ruin.1,1.114438503,2.555127005
7,7/31/2021 5:25,5:25,5,12.141,blue.ruin.1,1.114438503,2.595240642
7,7/31/2021 5:40,5:40,5,12.141,blue.ruin.1,1.114438503,2.621818182
7,7/31/2021 5:50,5:50,5,12.204,blue.ruin.1,1.044382022,2.566775281
7,7/31/2021 6:05,6:05,6,12.204,blue.ruin.1,1.035714286,2.560857143
7,7/31/2021 6:15,6:15,6,12.204,blue.ruin.1,1.044117647,2.569294118
7,7/31/2021 6:25,6:25,6,12.204,blue.ruin.1,1.035714286,2.543714286
7,7/31/2021 6:40,6:40,6,12.204,blue.ruin.1,1.044117647,2.527176471
7,7/31/2021 6:50,6:50,6,12.266,blue.ruin.1,0.983333333,2.492666667
7,7/31/2021 7:05,7:05,7,12.204,blue.ruin.1,1.050578035,2.555239884
7,7/31/2021 7:15,7:15,7,12.204,blue.ruin.1,1.050578035,2.565800578
7,7/31/2021 7:25,7:25,7,12.204,blue.ruin.1,1.070710059,2.675704142
7,7/31/2021 7:40,7:40,7,12.204,blue.ruin.1,1.076315789,2.802
7,7/31/2021 7:50,7:50,7,12.204,blue.ruin.1,1.094,2.89908
7,7/31/2021 8:05,8:05,8,12.204,blue.ruin.1,1.130821918,3.087246575
7,7/31/2021 8:15,8:15,8,12.204,blue.ruin.1,1.226315789,3.231546053
7,7/31/2021 8:25,8:25,8,12.204,blue.ruin.1,1.238461538,3.326201923
7,7/31/2021 8:40,8:40,8,12.204,blue.ruin.1,1.286792453,3.433587264
7,7/31/2021 8:50,8:50,8,12.204,blue.ruin.1,1.286792453,3.526021226
7,7/31/2021 9:05,9:05,9,12.204,blue.ruin.1,1.355,3.499
7,7/31/2021 9:15,9:15,9,12.329,blue.ruin.1,1.16454918,3.916339139
7,7/31/2021 9:25,9:25,9,12.266,blue.ruin.1,1.361462451,3.644
7,7/31/2021 9:40,9:40,9,12.329,blue.ruin.1,1.277464789,3.859454225
7,7/31/2021 9:50,9:50,9,12.329,blue.ruin.1,1.305063291,3.877876582
7,7/31/2021 10:05,10:05,10,12.329,blue.ruin.1,1.346473029,3.927294087
7,7/31/2021 10:15,10:15,10,12.391,blue.ruin.1,1.272653061,4.039733163
7,7/31/2021 10:25,10:25,10,12.454,blue.ruin.1,1.19939759,4.231012048
7,7/31/2021 10:40,10:40,10,12.579,blue.ruin.1,1.224441341,4.275130936
7,7/31/2021 10:50,10:50,10,12.704,blue.ruin.1,1.16025641,4.590692308
7,7/31/2021 11:05,11:05,11,12.704,blue.ruin.1,1.208305085,4.686966102
7,7/31/2021 11:15,11:15,11,12.704,blue.ruin.1,1.276732673,4.575222772
7,7/31/2021 11:25,11:25,11,12.767,blue.ruin.1,1.217263844,4.906711726
7,7/31/2021 11:40,11:40,11,12.767,blue.ruin.1,1.296114865,4.816850084
7,7/31/2021 11:50,11:50,11,12.767,blue.ruin.1,1.213004484,4.930907511
7,7/31/2021 12:05,12:05,12,12.829,blue.ruin.1,1.085049834,5.249047757
7,7/31/2021 12:15,12:15,12,13.017,blue.ruin.1,1.014588235,5.192761176
7,7/31/2021 12:25,12:25,12,12.829,blue.ruin.1,1.082580645,4.806989516
7,7/31/2021 12:40,12:40,12,12.767,blue.ruin.1,1.123225806,4.61043629
7,7/31/2021 12:50,12:50,12,12.829,blue.ruin.1,1.078961039,4.612711688
7,7/31/2021 13:05,13:05,13,12.829,blue.ruin.1,1.071578947,4.635839474
7,7/31/2021 13:15,13:15,13,12.829,blue.ruin.1,1.069433962,4.652316038
7,7/31/2021 13:25,13:25,13,12.892,blue.ruin.1,1.050355872,4.722192171
7,7/31/2021 13:40,13:40,13,12.829,blue.ruin.1,1.082758621,4.793456897
7,7/31/2021 13:50,13:50,13,12.829,blue.ruin.1,1.096498054,4.916588521
7,7/31/2021 14:05,14:05,14,12.829,blue.ruin.1,1.18957346,4.658755332
7,7/31/2021 14:15,14:15,14,12.829,blue.ruin.1,1.239583333,4.53265625
7,7/31/2021 14:25,14:25,14,12.829,blue.ruin.1,1.253826531,4.594431122
7,7/31/2021 14:40,14:40,14,12.829,blue.ruin.1,1.239583333,4.595052083
7,7/31/2021 14:50,14:50,14,12.829,blue.ruin.1,1.239583333,4.600796875
7,7/31/2021 15:05,15:05,15,12.829,blue.ruin.1,1.30475,4.39413
7,7/31/2021 15:15,15:15,15,12.829,blue.ruin.1,1.38125,4.285
7,7/31/2021 15:25,15:25,15,12.829,blue.ruin.1,1.41554878,4.374
7,7/31/2021 15:40,15:40,15,12.829,blue.ruin.1,1.3925,4.297
7,7/31/2021 15:50,15:50,15,12.892,blue.ruin.1,1.17,4.91125
7,7/31/2021 16:05,16:05,16,12.892,blue.ruin.1,1.17875,4.768696875
7,7/31/2021 16:15,16:15,16,12.892,blue.ruin.1,1.242682927,4.492439024
7,7/31/2021 16:25,16:25,16,12.892,blue.ruin.1,1.281914894,4.369276596
7,7/31/2021 16:40,16:40,16,12.954,blue.ruin.1,1.199418605,4.46534157
7,7/31/2021 16:50,16:50,16,12.954,blue.ruin.1,1.142567568,4.513293919
7,7/31/2021 17:05,17:05,17,12.954,blue.ruin.1,1.199418605,4.412037791
7,7/31/2021 17:15,17:15,17,13.017,blue.ruin.1,1.240131579,4.297799342
7,7/31/2021 17:25,17:25,17,13.08,blue.ruin.1,1.239655172,4.203034483
7,7/31/2021 17:40,17:40,17,13.08,blue.ruin.1,1.352197802,4.101
7,7/31/2021 17:50,17:50,17,13.142,blue.ruin.1,1.286823105,4.121797834
7,7/31/2021 18:05,18:05,18,13.142,blue.ruin.1,1.275751073,4.1387897
7,7/31/2021 18:15,18:15,18,13.205,blue.ruin.1,1.096571429,4.180165714
7,7/31/2021 18:25,18:25,18,13.205,blue.ruin.1,1.096319018,4.172693252
7,7/31/2021 18:40,18:40,18,13.142,blue.ruin.1,1.15310559,4.131804348
7,7/31/2021 18:50,18:50,18,13.142,blue.ruin.1,1.15310559,4.016021739
7,7/31/2021 19:05,19:05,19,13.205,blue.ruin.1,1.08121547,4.007841851
7,7/31/2021 19:15,19:15,19,13.142,blue.ruin.1,1.084179688,3.957941895
7,7/31/2021 19:25,19:25,19,13.142,blue.ruin.1,1.068125,3.903809375
7,7/31/2021 19:40,19:40,19,13.08,blue.ruin.1,1.065979381,3.802725515
7,7/31/2021 19:50,19:50,19,13.08,blue.ruin.1,1.048484848,3.73657197
7,7/31/2021 20:05,20:05,20,13.017,blue.ruin.1,1.052734375,3.599163086
7,7/31/2021 20:15,20:15,20,13.017,blue.ruin.1,1.048951049,3.510562063
7,7/31/2021 20:25,20:25,20,13.017,blue.ruin.1,1.038256659,3.418668886
7,7/31/2021 20:40,20:40,20,12.954,blue.ruin.1,1.049566161,3.298506508
7,7/31/2021 20:50,20:50,20,12.954,blue.ruin.1,1.054102564,3.217176923
7,7/31/2021 21:05,21:05,21,12.892,blue.ruin.1,1.07,3.1172
7,7/31/2021 21:15,21:15,21,12.892,blue.ruin.1,1.073609023,3.065426316
7,7/31/2021 21:25,21:25,21,12.892,blue.ruin.1,1.070169252,3.028668547
7,7/31/2021 21:40,21:40,21,12.954,blue.ruin.1,1.054484305,2.915973094
7,7/31/2021 21:50,21:50,21,12.954,blue.ruin.1,1.042438563,2.869728261
7,7/31/2021 22:05,22:05,22,12.829,blue.ruin.1,1.062953995,2.831111683
7,7/31/2021 22:15,22:15,22,12.892,blue.ruin.1,1.028589421,2.786367758
7,7/31/2021 22:25,22:25,22,12.829,blue.ruin.1,1.040706806,2.775784686
7,7/31/2021 22:40,22:40,22,12.767,blue.ruin.1,1.055794702,2.747393626
7,7/31/2021 22:50,22:50,22,12.704,blue.ruin.1,1.073776224,2.728484266
7,7/31/2021 23:05,23:05,23,12.767,blue.ruin.1,1.0178,2.6857645
7,7/31/2021 23:15,23:15,23,12.767,blue.ruin.1,0.996794872,2.647024038
7,7/31/2021 23:25,23:25,23,12.642,blue.ruin.1,1.058715596,2.682511468
7,7/31/2021 23:40,23:40,23,12.642,blue.ruin.1,1.043243243,2.676668919
7,7/31/2021 23:50,23:50,23,12.704,blue.ruin.1,0.976213592,2.595662621
7,8/1/2021 0:05,0:05,0,12.579,blue.ruin.1,1.050236967,2.659116114
7,8/1/2021 0:15,0:15,0,12.579,blue.ruin.1,1.038596491,2.648063596
7,8/1/2021 0:25,0:25,0,12.704,blue.ruin.1,0.94798244,2.576859705
7,8/1/2021 0:40,0:40,0,12.517,blue.ruin.1,1.061643836,2.630941781
7,8/1/2021 0:50,0:50,0,12.642,blue.ruin.1,0.97345679,2.537299383
7,8/1/2021 1:05,1:05,1,12.517,blue.ruin.1,1.036842105,2.577927632
7,8/1/2021 1:15,1:15,1,12.454,blue.ruin.1,1.072907489,2.603996696
7,8/1/2021 1:25,1:25,1,12.454,blue.ruin.1,1.057792208,2.576503247
7,8/1/2021 1:40,1:40,1,12.454,blue.ruin.1,1.047265625,2.544681641
7,8/1/2021 1:50,1:50,1,12.454,blue.ruin.1,1.0375,2.54734375
7,8/1/2021 2:05,2:05,2,12.391,blue.ruin.1,1.070576923,2.541782692
7,8/1/2021 2:15,2:15,2,12.329,blue.ruin.1,1.1309375,2.574653125
7,8/1/2021 2:25,2:25,2,12.391,blue.ruin.1,1.049776786,2.593041853
7,8/1/2021 2:40,2:40,2,12.391,blue.ruin.1,1.038858696,2.56219769
7,8/1/2021 2:50,2:50,2,12.391,blue.ruin.1,1.011607143,2.520506696
7,8/1/2021 3:05,3:05,3,12.329,blue.ruin.1,1.048611111,2.582371528
7,8/1/2021 3:15,3:15,3,12.329,blue.ruin.1,1.018303571,2.524055804
7,8/1/2021 3:25,3:25,3,12.391,blue.ruin.1,0.946298753,2.503768542
7,8/1/2021 3:40,3:40,3,12.329,blue.ruin.1,0.967010309,2.502800258
7,8/1/2021 3:50,3:50,3,12.266,blue.ruin.1,1.041735537,2.532380165
7,8/1/2021 4:05,4:05,4,12.266,blue.ruin.1,1.041735537,2.592198347
7,8/1/2021 4:15,4:15,4,12.266,blue.ruin.1,1.03019802,2.575136139
7,8/1/2021 4:25,4:25,4,12.266,blue.ruin.1,1.041735537,2.522471074
7,8/1/2021 4:40,4:40,4,12.204,blue.ruin.1,1.0892,2.5444
7,8/1/2021 4:50,4:50,4,12.204,blue.ruin.1,1.0892,2.520152
7,8/1/2021 5:05,5:05,5,12.141,blue.ruin.1,1.170680628,2.584611911
7,8/1/2021 5:15,5:15,5,12.141,blue.ruin.1,1.170680628,2.584198953
7,8/1/2021 5:25,5:25,5,12.141,blue.ruin.1,1.163981043,2.582911137
7,8/1/2021 5:40,5:40,5,12.141,blue.ruin.1,1.163981043,2.596655806
7,8/1/2021 5:50,5:50,5,12.204,blue.ruin.1,1.054587156,2.47053211
7,8/1/2021 6:05,6:05,6,12.141,blue.ruin.1,1.163981043,2.560771327
7,8/1/2021 6:15,6:15,6,12.079,blue.ruin.1,1.296208531,2.655929502
7,8/1/2021 6:25,6:25,6,12.079,blue.ruin.1,1.247826087,2.653038043
7,8/1/2021 6:40,6:40,6,12.079,blue.ruin.1,1.206318681,2.647600275
7,8/1/2021 6:50,6:50,6,12.079,blue.ruin.1,1.247826087,2.72548913
7,8/1/2021 7:05,7:05,7,12.079,blue.ruin.1,1.247826087,2.7755
7,8/1/2021 7:15,7:15,7,12.079,blue.ruin.1,1.247826087,2.821994565
7,8/1/2021 7:25,7:25,7,12.141,blue.ruin.1,1.113043478,2.823152174
7,8/1/2021 7:40,7:40,7,12.141,blue.ruin.1,1.203404255,2.973895745
7,8/1/2021 7:50,7:50,7,12.141,blue.ruin.1,1.260273973,3.143438356
7,8/1/2021 8:05,8:05,8,12.141,blue.ruin.1,1.392887931,3.314
7,8/1/2021 8:15,8:15,8,12.204,blue.ruin.1,1.333333333,3.452791667
7,8/1/2021 8:25,8:25,8,12.141,blue.ruin.1,1.547991071,3.495
7,8/1/2021 8:40,8:40,8,12.204,blue.ruin.1,1.6,3.585
7,8/1/2021 8:50,8:50,8,12.266,blue.ruin.1,1.502244898,3.716
7,8/1/2021 9:05,9:05,9,12.266,blue.ruin.1,1.6,3.859
7,8/1/2021 9:15,9:15,9,12.329,blue.ruin.1,1.6,3.95
7,8/1/2021 9:25,9:25,9,12.329,blue.ruin.1,1.6,4.012
7,8/1/2021 9:40,9:40,9,12.391,blue.ruin.1,1.6,4.154
7,8/1/2021 9:50,9:50,9,12.454,blue.ruin.1,1.6,4.272
7,8/1/2021 10:05,10:05,10,12.517,blue.ruin.1,1.6,4.484
7,8/1/2021 10:15,10:15,10,12.517,blue.ruin.1,1.6,4.403
7,8/1/2021 10:25,10:25,10,12.579,blue.ruin.1,1.6,4.416
7,8/1/2021 10:40,10:40,10,12.642,blue.ruin.1,1.514130435,4.431
7,8/1/2021 10:50,10:50,10,12.642,blue.ruin.1,1.6,4.554
7,8/1/2021 11:05,11:05,11,12.704,blue.ruin.1,1.515384615,4.448
7,8/1/2021 11:15,11:15,11,12.704,blue.ruin.1,1.6,4.451
7,8/1/2021 11:25,11:25,11,12.829,blue.ruin.1,1.498601399,4.563
7,8/1/2021 11:40,11:40,11,12.954,blue.ruin.1,1.464198783,4.649
7,8/1/2021 11:50,11:50,11,12.954,blue.ruin.1,1.501497006,4.627
7,8/1/2021 12:05,12:05,12,13.017,blue.ruin.1,1.481925344,4.748
7,8/1/2021 12:15,12:15,12,13.08,blue.ruin.1,1.462959381,4.656
7,8/1/2021 12:25,12:25,12,13.08,blue.ruin.1,1.512655602,4.801
7,8/1/2021 12:40,12:40,12,13.142,blue.ruin.1,1.515129151,4.943
7,8/1/2021 12:50,12:50,12,13.267,blue.ruin.1,1.476685393,4.897
7,8/1/2021 13:05,13:05,13,13.33,blue.ruin.1,1.490114068,4.887
7,8/1/2021 13:15,13:15,13,13.392,blue.ruin.1,1.483877551,4.889
7,8/1/2021 13:25,13:25,13,13.455,blue.ruin.1,1.495960699,4.93
7,8/1/2021 13:40,13:40,13,13.517,blue.ruin.1,1.514873418,4.993
7,8/1/2021 13:50,13:50,13,13.517,blue.ruin.1,1.6,4.825
7,8/1/2021 14:05,14:05,14,13.58,blue.ruin.1,1.6,4.748
7,8/1/2021 14:15,14:15,14,13.58,blue.ruin.1,1.6,4.654
7,8/1/2021 14:25,14:25,14,13.517,blue.ruin.1,1.6,4.781
7,8/1/2021 14:40,14:40,14,13.455,blue.ruin.1,1.6,4.698
7,8/1/2021 14:50,14:50,14,13.455,blue.ruin.1,1.6,4.685
7,8/1/2021 15:05,15:05,15,13.455,blue.ruin.1,1.6,4.344
7,8/1/2021 15:15,15:15,15,13.392,blue.ruin.1,1.6,4.377
7,8/1/2021 15:25,15:25,15,13.392,blue.ruin.1,1.6,4.375
7,8/1/2021 15:40,15:40,15,13.455,blue.ruin.1,1.6,4.259
7,8/1/2021 15:50,15:50,15,13.455,blue.ruin.1,1.6,4.292
7,8/1/2021 16:05,16:05,16,13.455,blue.ruin.1,1.6,4.245
7,8/1/2021 16:15,16:15,16,13.455,blue.ruin.1,1.6,4.067
7,8/1/2021 16:25,16:25,16,13.392,blue.ruin.1,1.6,4.023
7,8/1/2021 16:40,16:40,16,13.392,blue.ruin.1,1.6,4.059
7,8/1/2021 16:50,16:50,16,13.392,blue.ruin.1,1.6,3.991
7,8/1/2021 17:05,17:05,17,13.392,blue.ruin.1,1.6,3.971
7,8/1/2021 17:15,17:15,17,13.392,blue.ruin.1,1.536699507,3.907
7,8/1/2021 17:25,17:25,17,13.33,blue.ruin.1,1.6,3.816
7,8/1/2021 17:40,17:40,17,13.33,blue.ruin.1,1.6,3.683
7,8/1/2021 17:50,17:50,17,13.33,blue.ruin.1,1.515384615,3.685
7,8/1/2021 18:05,18:05,18,13.33,blue.ruin.1,1.491709845,3.6
7,8/1/2021 18:15,18:15,18,13.33,blue.ruin.1,1.472413793,3.62
7,8/1/2021 18:25,18:25,18,13.267,blue.ruin.1,1.542241379,3.557
7,8/1/2021 18:40,18:40,18,13.267,blue.ruin.1,1.541753927,3.515
7,8/1/2021 18:50,18:50,18,13.205,blue.ruin.1,1.6,3.521
7,8/1/2021 19:05,19:05,19,13.205,blue.ruin.1,1.54428934,3.555
7,8/1/2021 19:15,19:15,19,13.205,blue.ruin.1,1.500609756,3.475
7,8/1/2021 19:25,19:25,19,13.142,blue.ruin.1,1.547783251,3.441
7,8/1/2021 19:40,19:40,19,13.142,blue.ruin.1,1.547478992,3.363
7,8/1/2021 19:50,19:50,19,13.08,blue.ruin.1,1.6,3.346
7,8/1/2021 20:05,20:05,20,13.08,blue.ruin.1,1.500138504,3.259
7,8/1/2021 20:15,20:15,20,13.017,blue.ruin.1,1.52674772,3.215
7,8/1/2021 20:25,20:25,20,12.954,blue.ruin.1,1.507617729,3.122
7,8/1/2021 20:40,20:40,20,12.892,blue.ruin.1,1.482173913,3.01
7,8/1/2021 20:50,20:50,20,12.892,blue.ruin.1,1.447791798,2.984
7,8/1/2021 21:05,21:05,21,12.892,blue.ruin.1,1.354605263,2.853
7,8/1/2021 21:15,21:15,21,12.829,blue.ruin.1,1.384290541,2.81
7,8/1/2021 21:25,21:25,21,12.767,blue.ruin.1,1.4140625,2.814
7,8/1/2021 21:40,21:40,21,12.767,blue.ruin.1,1.345892857,2.818459821
7,8/1/2021 21:50,21:50,21,12.704,blue.ruin.1,1.39940239,2.804
7,8/1/2021 22:05,22:05,22,12.642,blue.ruin.1,1.435185185,2.734
7,8/1/2021 22:15,22:15,22,12.642,blue.ruin.1,1.395606695,2.725
7,8/1/2021 22:25,22:25,22,12.579,blue.ruin.1,1.475319149,2.856
7,8/1/2021 22:40,22:40,22,12.642,blue.ruin.1,1.312337662,2.86012013
7,8/1/2021 22:50,22:50,22,12.642,blue.ruin.1,1.284782609,2.817597826
7,8/1/2021 23:05,23:05,23,12.704,blue.ruin.1,1.235957447,3.301344681
7,8/1/2021 23:15,23:15,23,12.704,blue.ruin.1,1.303612167,3.007728137
7,8/1/2021 23:25,23:25,23,12.704,blue.ruin.1,1.358247423,2.826
7,8/1/2021 23:40,23:40,23,12.767,blue.ruin.1,1.331540698,2.808277616
7,8/1/2021 23:50,23:50,23,12.704,blue.ruin.1,1.413953488,2.866
7,8/2/2021 0:05,0:05,0,12.642,blue.ruin.1,1.461708861,2.782
7,8/2/2021 0:15,0:15,0,12.642,blue.ruin.1,1.431350482,2.775
7,8/2/2021 0:25,0:25,0,12.704,blue.ruin.1,1.289222615,2.759717314
7,8/2/2021 0:40,0:40,0,12.642,blue.ruin.1,1.334705882,2.755273529
7,8/2/2021 0:50,0:50,0,12.579,blue.ruin.1,1.408366534,2.823
7,8/2/2021 1:05,1:05,1,12.579,blue.ruin.1,1.408366534,2.847
7,8/2/2021 1:15,1:15,1,12.579,blue.ruin.1,1.408366534,2.808
7,8/2/2021 1:25,1:25,1,12.642,blue.ruin.1,1.28099631,2.707616236
7,8/2/2021 1:40,1:40,1,12.642,blue.ruin.1,1.302881356,2.726716102
7,8/2/2021 1:50,1:50,1,12.642,blue.ruin.1,1.336287625,2.763423913
7,8/2/2021 2:05,2:05,2,12.579,blue.ruin.1,1.431103679,2.789
7,8/2/2021 2:15,2:15,2,12.642,blue.ruin.1,1.321473354,2.749882445
7,8/2/2021 2:25,2:25,2,12.579,blue.ruin.1,1.410344828,2.745
7,8/2/2021 2:40,2:40,2,12.579,blue.ruin.1,1.398983051,2.71
7,8/2/2021 2:50,2:50,2,12.579,blue.ruin.1,1.38,2.71
7,8/2/2021 3:05,3:05,3,12.579,blue.ruin.1,1.365979381,2.797
7,8/2/2021 3:15,3:15,3,12.579,blue.ruin.1,1.348874598,2.732835209
7,8/2/2021 3:25,3:25,3,12.517,blue.ruin.1,1.429268293,2.749
7,8/2/2021 3:40,3:40,3,12.517,blue.ruin.1,1.395759717,2.721
7,8/2/2021 3:50,3:50,3,12.517,blue.ruin.1,1.376237624,2.698
7,8/2/2021 4:05,4:05,4,12.517,blue.ruin.1,1.360611511,2.636
7,8/2/2021 4:15,4:15,4,12.454,blue.ruin.1,1.428467153,2.659
7,8/2/2021 4:25,4:25,4,12.454,blue.ruin.1,1.428467153,2.606
7,8/2/2021 4:40,4:40,4,12.454,blue.ruin.1,1.373103448,2.734
7,8/2/2021 4:50,4:50,4,12.454,blue.ruin.1,1.357142857,2.757
7,8/2/2021 5:05,5:05,5,12.454,blue.ruin.1,1.357142857,2.752
7,8/2/2021 5:15,5:15,5,12.454,blue.ruin.1,1.339160839,2.695513986
7,8/2/2021 5:25,5:25,5,12.391,blue.ruin.1,1.438286713,2.686
7,8/2/2021 5:40,5:40,5,12.454,blue.ruin.1,1.339160839,2.587965909
7,8/2/2021 5:50,5:50,5,12.454,blue.ruin.1,1.339160839,2.518125874
7,8/2/2021 6:05,6:05,6,12.391,blue.ruin.1,1.404787234,2.575
7,8/2/2021 6:15,6:15,6,12.454,blue.ruin.1,1.304255319,2.55993883
7,8/2/2021 6:25,6:25,6,12.391,blue.ruin.1,1.370323741,2.54
7,8/2/2021 6:40,6:40,6,12.391,blue.ruin.1,1.370323741,2.649
7,8/2/2021 6:50,6:50,6,12.391,blue.ruin.1,1.353346457,2.67
7,8/2/2021 7:05,7:05,7,12.454,blue.ruin.1,1.268345324,2.565404676
7,8/2/2021 7:15,7:15,7,12.454,blue.ruin.1,1.268345324,2.565957734
7,8/2/2021 7:25,7:25,7,12.454,blue.ruin.1,1.281395349,2.689927326
7,8/2/2021 7:40,7:40,7,12.454,blue.ruin.1,1.323529412,2.968198529
7,8/2/2021 7:50,7:50,7,12.391,blue.ruin.1,1.446935484,3.274
7,8/2/2021 8:05,8:05,8,12.454,blue.ruin.1,1.386624204,3.481
7,8/2/2021 8:15,8:15,8,12.454,blue.ruin.1,1.438255034,3.853
7,8/2/2021 8:25,8:25,8,12.454,blue.ruin.1,1.446904025,3.951
7,8/2/2021 8:40,8:40,8,12.517,blue.ruin.1,1.418126888,4.664
7,8/2/2021 8:50,8:50,8,12.517,blue.ruin.1,1.474336283,4.366
7,8/2/2021 9:05,9:05,9,12.579,blue.ruin.1,1.460227273,NA
7,8/2/2021 9:15,9:15,9,12.579,blue.ruin.1,1.506559406,NA
7,8/2/2021 9:25,9:25,9,12.642,blue.ruin.1,1.478092784,NA
7,8/2/2021 9:40,9:40,9,12.704,blue.ruin.1,1.4375,NA
7,8/2/2021 9:50,9:50,9,12.704,blue.ruin.1,1.464864865,NA
7,8/2/2021 10:05,10:05,10,12.767,blue.ruin.1,1.468607069,NA
7,8/2/2021 10:15,10:15,10,12.767,blue.ruin.1,1.510614525,NA
7,8/2/2021 10:25,10:25,10,12.829,blue.ruin.1,1.499675851,NA
7,8/2/2021 10:40,10:40,10,12.829,blue.ruin.1,1.543561208,NA
7,8/2/2021 10:50,10:50,10,12.892,blue.ruin.1,1.513033175,NA
7,8/2/2021 11:05,11:05,11,12.954,blue.ruin.1,1.5,NA
7,8/2/2021 11:15,11:15,11,13.08,blue.ruin.1,1.433285303,NA
7,8/2/2021 11:25,11:25,11,13.017,blue.ruin.1,1.502272727,NA
7,8/2/2021 11:40,11:40,11,13.08,blue.ruin.1,1.490633245,NA
7,8/2/2021 11:50,11:50,11,13.205,blue.ruin.1,1.444620253,NA
7,8/2/2021 12:05,12:05,12,13.142,blue.ruin.1,1.51622276,NA
7,8/2/2021 12:15,12:15,12,13.142,blue.ruin.1,1.527228916,NA
7,8/2/2021 12:25,12:25,12,13.267,blue.ruin.1,1.481801909,NA
7,8/2/2021 12:40,12:40,12,13.205,blue.ruin.1,1.536702128,NA
7,8/2/2021 12:50,12:50,12,13.33,blue.ruin.1,1.481176471,NA
7,8/2/2021 13:05,13:05,13,13.267,blue.ruin.1,1.524518072,NA
7,8/2/2021 13:15,13:15,13,13.33,blue.ruin.1,1.521662469,NA
7,8/2/2021 13:25,13:25,13,13.58,blue.ruin.1,1.6,NA
7,8/2/2021 13:40,13:40,13,13.58,blue.ruin.1,1.512962963,4.584
7,8/2/2021 13:50,13:50,13,13.517,blue.ruin.1,1.264473684,4.852486842
7,8/2/2021 14:05,14:05,14,13.517,blue.ruin.1,1.172272727,5.011496591
7,8/2/2021 14:15,14:15,14,13.517,blue.ruin.1,1.168142857,4.930663214
7,8/2/2021 14:25,14:25,14,13.455,blue.ruin.1,1.13201581,5.18083251
7,8/2/2021 14:40,14:40,14,13.455,blue.ruin.1,1.094736842,5.110263158
7,8/2/2021 14:50,14:50,14,13.455,blue.ruin.1,1.094857143,4.857857143
7,8/2/2021 15:05,15:05,15,13.455,blue.ruin.1,1.159621451,4.44202011
7,8/2/2021 15:15,15:15,15,13.455,blue.ruin.1,1.258756345,4.186738261
7,8/2/2021 15:25,15:25,15,13.455,blue.ruin.1,1.315816327,4.196793367
7,8/2/2021 15:40,15:40,15,13.455,blue.ruin.1,1.315816327,4.172070153
7,8/2/2021 15:50,15:50,15,13.517,blue.ruin.1,1.227262443,4.209329468
7,8/2/2021 16:05,16:05,16,13.517,blue.ruin.1,1.21419598,4.158422111
7,8/2/2021 16:15,16:15,16,13.517,blue.ruin.1,1.164459459,4.428863514
7,8/2/2021 16:25,16:25,16,13.517,blue.ruin.1,1.106987578,4.23853882
7,8/2/2021 16:40,16:40,16,13.517,blue.ruin.1,1.106987578,4.156764752
7,8/2/2021 16:50,16:50,16,13.455,blue.ruin.1,1.19363354,4.107175078
7,8/2/2021 17:05,17:05,17,13.455,blue.ruin.1,1.183287293,4.114209254
7,8/2/2021 17:15,17:15,17,13.455,blue.ruin.1,1.097280967,4.160334215
7,8/2/2021 17:25,17:25,17,13.455,blue.ruin.1,1.095734597,4.213699645
7,8/2/2021 17:40,17:40,17,13.392,blue.ruin.1,1.111876833,4.171935484
7,8/2/2021 17:50,17:50,17,13.392,blue.ruin.1,1.07173913,4.156695652
7,8/2/2021 18:05,18:05,18,13.392,blue.ruin.1,1.059090909,4.105545455
7,8/2/2021 18:15,18:15,18,13.33,blue.ruin.1,1.069246862,4.068258368
7,8/2/2021 18:25,18:25,18,13.33,blue.ruin.1,1.063065327,4.046758794
7,8/2/2021 18:40,18:40,18,13.33,blue.ruin.1,1.022192513,4.052934492
7,8/2/2021 18:50,18:50,18,13.267,blue.ruin.1,1.036923077,3.963511538
7,8/2/2021 19:05,19:05,19,13.205,blue.ruin.1,1.069863014,3.827928082
7,8/2/2021 19:15,19:15,19,13.205,blue.ruin.1,1.079310345,3.787198276
7,8/2/2021 19:25,19:25,19,13.205,blue.ruin.1,1.074689826,3.813128102
7,8/2/2021 19:40,19:40,19,13.205,blue.ruin.1,1.071413934,3.655854252
7,8/2/2021 19:50,19:50,19,13.142,blue.ruin.1,1.098041775,3.603772846
7,8/2/2021 20:05,20:05,20,13.142,blue.ruin.1,1.083208955,3.51439459
7,8/2/2021 20:15,20:15,20,13.08,blue.ruin.1,1.089830508,3.387086864
7,8/2/2021 20:25,20:25,20,13.08,blue.ruin.1,1.057142857,3.382142857
7,8/2/2021 20:40,20:40,20,13.017,blue.ruin.1,1.077678571,3.256794643
7,8/2/2021 20:50,20:50,20,13.08,blue.ruin.1,1.002325581,3.256526163
7,8/2/2021 21:05,21:05,21,13.017,blue.ruin.1,1.005603448,3.164292026
7,8/2/2021 21:15,21:15,21,12.954,blue.ruin.1,1.0575,3.05759375
7,8/2/2021 21:25,21:25,21,13.58,blue.ruin.1,0.907567875,3.139463797
7,8/2/2021 21:40,21:40,21,12.892,blue.ruin.1,1.071100917,2.985146789
7,8/2/2021 21:50,21:50,21,12.892,blue.ruin.1,1.040265487,2.943384956
7,8/2/2021 22:05,22:05,22,12.829,blue.ruin.1,1.090721649,2.828284794
7,8/2/2021 22:15,22:15,22,12.829,blue.ruin.1,1.02147651,2.809649329
7,8/2/2021 22:25,22:25,22,12.767,blue.ruin.1,1.081395349,2.809526163
7,8/2/2021 22:40,22:40,22,12.767,blue.ruin.1,1.017592593,2.769861111
7,8/2/2021 22:50,22:50,22,12.704,blue.ruin.1,1.098717949,2.729179487
7,8/2/2021 23:05,23:05,23,12.704,blue.ruin.1,1.04047619,2.727833333
7,8/2/2021 23:15,23:15,23,12.579,blue.ruin.1,1.179137931,2.666364655
7,8/2/2021 23:25,23:25,23,12.579,blue.ruin.1,1.174032258,2.704714919
7,8/2/2021 23:40,23:40,23,12.579,blue.ruin.1,1.174032258,2.651670161
7,8/2/2021 23:50,23:50,23,12.579,blue.ruin.1,1.139705882,2.563330882
7,8/3/2021 0:05,0:05,0,12.517,blue.ruin.1,1.230882353,2.484955882
7,8/3/2021 0:15,0:15,0,12.517,blue.ruin.1,1.203723404,2.546646277
7,8/3/2021 0:25,0:25,0,12.454,blue.ruin.1,1.231386861,NA
7,8/3/2021 0:40,0:40,0,12.454,blue.ruin.1,1.22244898,2.565076531
7,8/3/2021 0:50,0:50,0,12.454,blue.ruin.1,1.185640138,2.608718858
7,8/3/2021 1:05,1:05,1,12.454,blue.ruin.1,1.185640138,2.584035467
7,8/3/2021 1:15,1:15,1,12.454,blue.ruin.1,1.148947368,2.643926316
7,8/3/2021 1:25,1:25,1,12.391,blue.ruin.1,1.248421053,2.584189474
7,8/3/2021 1:40,1:40,1,12.391,blue.ruin.1,1.212099644,2.52712589
7,8/3/2021 1:50,1:50,1,12.391,blue.ruin.1,1.139130435,2.616902174
7,8/3/2021 2:05,2:05,2,12.391,blue.ruin.1,1.136263736,2.602793956
7,8/3/2021 2:15,2:15,2,12.329,blue.ruin.1,1.16454918,2.610345287
7,8/3/2021 2:25,2:25,2,12.329,blue.ruin.1,1.200371747,2.634411245
7,8/3/2021 2:40,2:40,2,12.329,blue.ruin.1,1.193425606,2.643388408
7,8/3/2021 2:50,2:50,2,12.329,blue.ruin.1,1.155457746,2.59178169
7,8/3/2021 3:05,3:05,3,12.329,blue.ruin.1,1.117678571,2.577661161
7,8/3/2021 3:15,3:15,3,12.266,blue.ruin.1,1.218928571,2.5529375
7,8/3/2021 3:25,3:25,3,12.266,blue.ruin.1,1.218928571,2.591344643
7,8/3/2021 3:40,3:40,3,12.266,blue.ruin.1,1.187890625,2.635573242
7,8/3/2021 3:50,3:50,3,12.266,blue.ruin.1,1.181521739,2.643570652
7,8/3/2021 4:05,4:05,4,12.266,blue.ruin.1,1.143014706,2.639568015
7,8/3/2021 4:15,4:15,4,12.266,blue.ruin.1,1.140068493,2.657020548
7,8/3/2021 4:25,4:25,4,12.204,blue.ruin.1,1.207462687,2.645652985
7,8/3/2021 4:40,4:40,4,12.204,blue.ruin.1,1.2,2.648125
7,8/3/2021 4:50,4:50,4,12.204,blue.ruin.1,1.2,2.638125
7,8/3/2021 5:05,5:05,5,12.204,blue.ruin.1,1.162014134,2.638303887
7,8/3/2021 5:15,5:15,5,12.204,blue.ruin.1,1.162014134,2.598621908
7,8/3/2021 5:25,5:25,5,12.141,blue.ruin.1,1.235521236,2.657804537
7,8/3/2021 5:40,5:40,5,12.141,blue.ruin.1,1.225806452,2.663431452
7,8/3/2021 5:50,5:50,5,12.204,blue.ruin.1,1.084117647,2.669505882
7,8/3/2021 6:05,6:05,6,12.141,blue.ruin.1,1.149815498,2.630462638
7,8/3/2021 6:15,6:15,6,12.141,blue.ruin.1,1.149815498,2.627928044
7,8/3/2021 6:25,6:25,6,12.141,blue.ruin.1,1.149815498,2.697446956
7,8/3/2021 6:40,6:40,6,12.141,blue.ruin.1,1.146391753,2.60142268
7,8/3/2021 6:50,6:50,6,12.141,blue.ruin.1,1.11011236,2.657212079
7,8/3/2021 7:05,7:05,7,12.141,blue.ruin.1,1.149815498,2.672442343
7,8/3/2021 7:15,7:15,7,12.141,blue.ruin.1,1.177142857,2.738267857
7,8/3/2021 7:25,7:25,7,12.141,blue.ruin.1,1.177142857,2.8077
7,8/3/2021 7:40,7:40,7,12.204,blue.ruin.1,1.087142857,2.807314286
7,8/3/2021 7:50,7:50,7,12.141,blue.ruin.1,1.210031348,2.98386011
7,8/3/2021 8:05,8:05,8,12.204,blue.ruin.1,1.154334365,3.129489164
7,8/3/2021 8:15,8:15,8,12.204,blue.ruin.1,1.157920792,3.221559406
7,8/3/2021 8:25,8:25,8,12.266,blue.ruin.1,1.102922078,3.351589286
7,8/3/2021 8:40,8:40,8,12.266,blue.ruin.1,1.140068493,3.484469178
7,8/3/2021 8:50,8:50,8,12.266,blue.ruin.1,1.2040625,3.568375
7,8/3/2021 9:05,9:05,9,12.329,blue.ruin.1,1.187378641,3.75098301
7,8/3/2021 9:15,9:15,9,12.391,blue.ruin.1,1.131629393,3.93736901
7,8/3/2021 9:25,9:25,9,12.391,blue.ruin.1,1.165299685,4.008044164
7,8/3/2021 9:40,9:40,9,12.454,blue.ruin.1,1.142923077,4.165596154
7,8/3/2021 9:50,9:50,9,12.517,blue.ruin.1,1.081176471,4.355566176
7,8/3/2021 10:05,10:05,10,12.454,blue.ruin.1,1.268421053,4.409894737
7,8/3/2021 10:15,10:15,10,12.517,blue.ruin.1,1.222852761,4.621800613
7,8/3/2021 10:25,10:25,10,12.579,blue.ruin.1,1.174032258,4.734154839
7,8/3/2021 10:40,10:40,10,12.642,blue.ruin.1,1.150943396,4.815023585
7,8/3/2021 10:50,10:50,10,12.704,blue.ruin.1,1.16025641,4.944730769
7,8/3/2021 11:05,11:05,11,12.767,blue.ruin.1,1.110746269,5.051112313
7,8/3/2021 11:15,11:15,11,12.767,blue.ruin.1,1.213868613,5.080809307
7,8/3/2021 11:25,11:25,11,12.767,blue.ruin.1,1.279391892,5.144831081
7,8/3/2021 11:40,11:40,11,12.954,blue.ruin.1,1.137831858,5.292935841
7,8/3/2021 11:50,11:50,11,13.017,blue.ruin.1,1.044852941,NA
7,8/3/2021 12:05,12:05,12,12.892,blue.ruin.1,1.201590909,5.311052273
7,8/3/2021 12:15,12:15,12,12.954,blue.ruin.1,1.072857143,5.194257143
7,8/3/2021 12:25,12:25,12,12.954,blue.ruin.1,1.19675,4.873158125
7,8/3/2021 12:40,12:40,12,13.017,blue.ruin.1,1.021875,5.50728125
7,8/3/2021 12:50,12:50,12,12.954,blue.ruin.1,1.183035714,5.333174107
7,8/3/2021 13:05,13:05,13,12.954,blue.ruin.1,1.188291139,5.045890823
7,8/3/2021 13:15,13:15,13,13.08,blue.ruin.1,1.229287305,4.914373051
7,8/3/2021 13:25,13:25,13,13.205,blue.ruin.1,1.192783505,4.985069588
7,8/3/2021 13:40,13:40,13,13.205,blue.ruin.1,1.32247191,4.808053371
7,8/3/2021 13:50,13:50,13,13.267,blue.ruin.1,1.338070539,4.755806535
7,8/3/2021 14:05,14:05,14,13.392,blue.ruin.1,1.278,4.74808
7,8/3/2021 14:15,14:15,14,13.455,blue.ruin.1,1.244124424,4.891313652
7,8/3/2021 14:25,14:25,14,13.392,blue.ruin.1,1.271052632,4.625947368
7,8/3/2021 14:40,14:40,14,13.455,blue.ruin.1,1.188157895,4.743967105
7,8/3/2021 14:50,14:50,14,13.517,blue.ruin.1,1.137716763,4.894966402
7,8/3/2021 15:05,15:05,15,13.517,blue.ruin.1,1.168142857,4.697688571
7,8/3/2021 15:15,15:15,15,13.517,blue.ruin.1,1.257394366,4.810232394
7,8/3/2021 15:25,15:25,15,13.58,blue.ruin.1,1.269917012,4.603256224
7,8/3/2021 15:40,15:40,15,13.58,blue.ruin.1,1.290740741,4.748666667
7,8/3/2021 15:50,15:50,15,13.517,blue.ruin.1,1.339229249,4.970722332
7,8/3/2021 16:05,16:05,16,13.58,blue.ruin.1,1.24874477,4.345987448
7,8/3/2021 16:15,16:15,16,13.517,blue.ruin.1,1.265638298,4.322496543
7,8/3/2021 16:25,16:25,16,13.455,blue.ruin.1,1.267465753,4.346344178
7,8/3/2021 16:40,16:40,16,13.455,blue.ruin.1,1.178926702,4.330802683
7,8/3/2021 16:50,16:50,16,13.455,blue.ruin.1,1.150132626,4.371414788
7,8/3/2021 17:05,17:05,17,13.392,blue.ruin.1,1.173495702,4.308481375
7,8/3/2021 17:15,17:15,17,13.392,blue.ruin.1,1.143043478,4.152186957
7,8/3/2021 17:25,17:25,17,13.392,blue.ruin.1,1.143043478,4.17616087
7,8/3/2021 17:40,17:40,17,13.33,blue.ruin.1,1.223913043,3.981271739
7,8/3/2021 17:50,17:50,17,13.33,blue.ruin.1,1.223913043,3.911130435
7,8/3/2021 18:05,18:05,18,13.33,blue.ruin.1,1.223913043,3.827434783
7,8/3/2021 18:15,18:15,18,13.33,blue.ruin.1,1.217123288,3.847756849
7,8/3/2021 18:25,18:25,18,13.33,blue.ruin.1,1.166719243,3.777754732
7,8/3/2021 18:40,18:40,18,13.33,blue.ruin.1,1.159243697,3.725439076
7,8/3/2021 18:50,18:50,18,13.267,blue.ruin.1,1.184802432,3.675512918
7,8/3/2021 19:05,19:05,19,13.267,blue.ruin.1,1.120930233,3.68034593
7,8/3/2021 19:15,19:15,19,13.267,blue.ruin.1,1.118475073,3.619348974
7,8/3/2021 19:25,19:25,19,13.205,blue.ruin.1,1.140255591,3.539129792
7,8/3/2021 19:40,19:40,19,13.142,blue.ruin.1,1.159538462,3.44552
7,8/3/2021 19:50,19:50,19,13.142,blue.ruin.1,1.07606383,3.422035904
7,8/3/2021 20:05,20:05,20,13.08,blue.ruin.1,1.1125,3.3445625
7,8/3/2021 20:15,20:15,20,13.017,blue.ruin.1,1.174471831,3.27071743
7,8/3/2021 20:25,20:25,20,13.017,blue.ruin.1,1.165277778,3.261701389
7,8/3/2021 20:40,20:40,20,12.954,blue.ruin.1,1.162867647,3.200730699
7,8/3/2021 20:50,20:50,20,12.954,blue.ruin.1,1.121875,3.058164063
7,8/3/2021 21:05,21:05,21,12.954,blue.ruin.1,1.088970588,2.924503676
7,8/3/2021 21:15,21:15,21,12.892,blue.ruin.1,1.172222222,2.878888889
7,8/3/2021 21:25,21:25,21,12.892,blue.ruin.1,1.139375,2.9086375
7,8/3/2021 21:40,21:40,21,12.892,blue.ruin.1,1.07885906,2.767436242
7,8/3/2021 21:50,21:50,21,13.392,blue.ruin.1,0.924911108,2.990041634
7,8/3/2021 22:05,22:05,22,12.829,blue.ruin.1,1.068085106,2.822103723
7,8/3/2021 22:15,22:15,22,12.767,blue.ruin.1,1.085798817,2.797159763
7,8/3/2021 22:25,22:25,22,12.767,blue.ruin.1,1.081395349,2.802008721
7,8/3/2021 22:40,22:40,22,12.704,blue.ruin.1,1.136062718,2.765818815
7,8/3/2021 22:50,22:50,22,12.704,blue.ruin.1,1.098717949,2.721564103
7,8/3/2021 23:05,23:05,23,12.642,blue.ruin.1,1.158273381,2.718223921
7,8/3/2021 23:15,23:15,23,12.642,blue.ruin.1,1.158273381,2.673965827
7,8/3/2021 23:25,23:25,23,12.642,blue.ruin.1,1.121259843,2.654311024
7,8/3/2021 23:40,23:40,23,12.579,blue.ruin.1,1.214795918,2.66867602
7,8/3/2021 23:50,23:50,23,12.579,blue.ruin.1,1.179137931,2.635579741
7,8/4/2021 0:05,0:05,0,12.579,blue.ruin.1,1.139705882,2.616801471
7,8/4/2021 0:15,0:15,0,12.579,blue.ruin.1,1.080555556,2.590270833
7,8/4/2021 0:25,0:25,0,12.517,blue.ruin.1,1.171511628,2.582343023
7,8/4/2021 0:40,0:40,0,12.517,blue.ruin.1,1.13011811,2.66863189
7,8/4/2021 0:50,0:50,0,12.517,blue.ruin.1,1.161912752,2.659203859
7,8/4/2021 1:05,1:05,1,12.454,blue.ruin.1,1.268345324,2.640485612
7,8/4/2021 1:15,1:15,1,12.454,blue.ruin.1,1.22244898,2.663530612
7,8/4/2021 1:25,1:25,1,12.454,blue.ruin.1,1.278881988,2.733752329
7,8/4/2021 1:40,1:40,1,12.517,blue.ruin.1,1.190838509,2.680288432
7,8/4/2021 1:50,1:50,1,12.454,blue.ruin.1,1.277202073,2.711147021
7,8/4/2021 2:05,2:05,2,12.454,blue.ruin.1,1.297687861,2.672129335
7,8/4/2021 2:15,2:15,2,12.517,blue.ruin.1,1.237432432,2.496106419
7,8/4/2021 2:25,2:25,2,12.454,blue.ruin.1,1.314054054,2.709262162
7,8/4/2021 2:40,2:40,2,12.454,blue.ruin.1,1.286885246,2.660436475
7,8/4/2021 2:50,2:50,2,12.454,blue.ruin.1,1.278881988,2.683309783
7,8/4/2021 3:05,3:05,3,12.454,blue.ruin.1,1.214649682,2.656748408
7,8/4/2021 3:15,3:15,3,12.454,blue.ruin.1,1.152641509,2.634449057
7,8/4/2021 3:25,3:25,3,12.454,blue.ruin.1,1.185640138,2.634786332
7,8/4/2021 3:40,3:40,3,12.391,blue.ruin.1,1.248421053,2.663271053
7,8/4/2021 3:50,3:50,3,12.391,blue.ruin.1,1.238688525,2.675988934
7,8/4/2021 4:05,4:05,4,12.391,blue.ruin.1,1.204651163,2.627482558
7,8/4/2021 4:15,4:15,4,12.391,blue.ruin.1,1.198130841,2.618856308
7,8/4/2021 4:25,4:25,4,12.391,blue.ruin.1,1.238688525,2.614441393
7,8/4/2021 4:40,4:40,4,12.329,blue.ruin.1,1.303478261,2.533255435
7,8/4/2021 4:50,4:50,4,12.391,blue.ruin.1,1.198130841,2.587839953
7,8/4/2021 5:05,5:05,5,12.329,blue.ruin.1,1.319512195,2.651777439
7,8/4/2021 5:15,5:15,5,12.329,blue.ruin.1,1.292328767,2.712066438
7,8/4/2021 5:25,5:25,5,12.329,blue.ruin.1,1.274193548,2.694004032
7,8/4/2021 5:40,5:40,5,12.329,blue.ruin.1,1.292328767,2.733731849
7,8/4/2021 5:50,5:50,5,12.391,blue.ruin.1,1.215890411,2.691557534
7,8/4/2021 6:05,6:05,6,12.329,blue.ruin.1,1.303478261,2.678415217
7,8/4/2021 6:15,6:15,6,12.391,blue.ruin.1,1.198130841,2.569700935
7,8/4/2021 6:25,6:25,6,12.391,blue.ruin.1,1.222608696,2.593853261
7,8/4/2021 6:40,6:40,6,12.391,blue.ruin.1,1.222608696,2.628623913
7,8/4/2021 6:50,6:50,6,12.454,blue.ruin.1,1.175227964,2.668851824
7,8/4/2021 7:05,7:05,7,12.391,blue.ruin.1,1.252148997,2.724747135
7,8/4/2021 7:15,7:15,7,12.391,blue.ruin.1,1.261398176,2.618257979
7,8/4/2021 7:25,7:25,7,12.391,blue.ruin.1,1.252148997,2.814352077
7,8/4/2021 7:40,7:40,7,12.391,blue.ruin.1,1.292664671,2.995666168
7,8/4/2021 7:50,7:50,7,12.454,blue.ruin.1,1.207784431,2.977110778
7,8/4/2021 8:05,8:05,8,12.454,blue.ruin.1,1.259116022,2.533531077
7,8/4/2021 8:15,8:15,8,12.517,blue.ruin.1,1.230882353,3.041341912
7,8/4/2021 8:25,8:25,8,12.517,blue.ruin.1,1.284580838,2.992123877
7,8/4/2021 8:40,8:40,8,12.579,blue.ruin.1,1.284158416,2.931899752
7,8/4/2021 8:50,8:50,8,12.642,blue.ruin.1,1.28099631,3.010180812
7,8/4/2021 9:05,9:05,9,12.704,blue.ruin.1,1.341639871,2.980471061
7,8/4/2021 9:15,9:15,9,12.767,blue.ruin.1,1.3025,3.8950875
7,8/4/2021 9:25,9:25,9,12.767,blue.ruin.1,1.362006579,3.703
7,8/4/2021 9:40,9:40,9,12.829,blue.ruin.1,1.369669118,3.988
7,8/4/2021 9:50,9:50,9,12.954,blue.ruin.1,1.208984375,4.347202148
7,8/4/2021 10:05,10:05,10,13.08,blue.ruin.1,1.180914826,3.883845426
7,8/4/2021 10:15,10:15,10,13.08,blue.ruin.1,1.295042493,4.341031161
7,8/4/2021 10:25,10:25,10,13.205,blue.ruin.1,1.23006993,3.468447552
7,8/4/2021 10:40,10:40,10,13.205,blue.ruin.1,1.309501188,NA
7,8/4/2021 10:50,10:50,10,13.205,blue.ruin.1,1.319950125,3.327304551
7,8/4/2021 11:05,11:05,11,13.267,blue.ruin.1,1.32195122,3.365137195
7,8/4/2021 11:15,11:15,11,13.392,blue.ruin.1,1.248712446,4.69439485
7,8/4/2021 11:25,11:25,11,13.33,blue.ruin.1,1.35019305,4.616
7,8/4/2021 11:40,11:40,11,13.392,blue.ruin.1,1.324103586,4.826685259
7,8/4/2021 11:50,11:50,11,13.455,blue.ruin.1,1.274585062,5.050497925
7,8/4/2021 12:05,12:05,12,13.517,blue.ruin.1,1.239925373,5.037445896
7,8/4/2021 12:15,12:15,12,13.455,blue.ruin.1,1.335931174,4.724197621
7,8/4/2021 12:25,12:25,12,13.517,blue.ruin.1,1.291988417,4.954940154
7,8/4/2021 12:40,12:40,12,13.517,blue.ruin.1,1.273,5.00183
7,8/4/2021 12:50,12:50,12,13.58,blue.ruin.1,1.232819383,5.159006608
7,8/4/2021 13:05,13:05,13,13.642,blue.ruin.1,1.228063241,5.044990613
7,8/4/2021 13:15,13:15,13,13.705,blue.ruin.1,1.192647059,5.016305147
7,8/4/2021 13:25,13:25,13,13.642,blue.ruin.1,1.254285714,5.075964286
7,8/4/2021 13:40,13:40,13,13.705,blue.ruin.1,1.209883721,4.96562936
7,8/4/2021 13:50,13:50,13,13.705,blue.ruin.1,1.244037657,5.035975941
7,8/4/2021 14:05,14:05,14,13.642,blue.ruin.1,1.312227074,4.996712336
7,8/4/2021 14:15,14:15,14,13.642,blue.ruin.1,1.312227074,4.669763646
7,8/4/2021 14:25,14:25,14,13.58,blue.ruin.1,1.34015544,4.46965285
7,8/4/2021 14:40,14:40,14,13.642,blue.ruin.1,1.197005988,4.654127994
7,8/4/2021 14:50,14:50,14,13.642,blue.ruin.1,1.161714286,4.706077143
7,8/4/2021 15:05,15:05,15,13.58,blue.ruin.1,1.288095238,4.574416667
7,8/4/2021 15:15,15:15,15,13.642,blue.ruin.1,1.252112676,4.526286972
7,8/4/2021 15:25,15:25,15,13.642,blue.ruin.1,1.275813953,4.41151686
7,8/4/2021 15:40,15:40,15,13.517,blue.ruin.1,1.40813253,4.461
7,8/4/2021 15:50,15:50,15,13.58,blue.ruin.1,1.331376518,4.37915587
7,8/4/2021 16:05,16:05,16,13.517,blue.ruin.1,1.369081633,4.206
7,8/4/2021 16:15,16:15,16,13.517,blue.ruin.1,1.349434389,4.229581165
7,8/4/2021 16:25,16:25,16,13.517,blue.ruin.1,1.314130435,4.071983696
7,8/4/2021 16:40,16:40,16,13.58,blue.ruin.1,1.220731707,4.371908537
7,8/4/2021 16:50,16:50,16,13.517,blue.ruin.1,1.247251309,4.193556283
7,8/4/2021 17:05,17:05,17,13.517,blue.ruin.1,1.172272727,4.038804545
7,8/4/2021 17:15,17:15,17,13.517,blue.ruin.1,1.142647059,4.030283088
7,8/4/2021 17:25,17:25,17,13.455,blue.ruin.1,1.218352601,4.216722905
7,8/4/2021 17:40,17:40,17,13.455,blue.ruin.1,1.188157895,4.217592105
7,8/4/2021 17:50,17:50,17,13.392,blue.ruin.1,1.232352941,4.23
7,8/4/2021 18:05,18:05,18,13.455,blue.ruin.1,1.122946176,4.180012394
7,8/4/2021 18:15,18:15,18,13.392,blue.ruin.1,1.169512195,4.108170732
7,8/4/2021 18:25,18:25,18,13.267,blue.ruin.1,1.284675325,4.003378247
7,8/4/2021 18:40,18:40,18,13.267,blue.ruin.1,1.224685139,3.936993073
7,8/4/2021 18:50,18:50,18,13.205,blue.ruin.1,1.269465649,3.903844466
7,8/4/2021 19:05,19:05,19,13.205,blue.ruin.1,1.194736842,3.856177632
7,8/4/2021 19:15,19:15,19,13.142,blue.ruin.1,1.237267905,3.746474801
7,8/4/2021 19:25,19:25,19,13.08,blue.ruin.1,1.257317073,3.716317073
7,8/4/2021 19:40,19:40,19,13.017,blue.ruin.1,1.251260504,3.641964286
7,8/4/2021 19:50,19:50,19,13.017,blue.ruin.1,1.165277778,3.60765625
7,8/4/2021 20:05,20:05,20,12.954,blue.ruin.1,1.154807692,3.512204327
7,8/4/2021 20:15,20:15,20,12.892,blue.ruin.1,1.211038961,3.405814935
7,8/4/2021 20:25,20:25,20,12.829,blue.ruin.1,1.270230263,3.306318257
7,8/4/2021 20:40,20:40,20,12.829,blue.ruin.1,1.20923913,3.210835598
7,8/4/2021 20:50,20:50,20,12.829,blue.ruin.1,1.160771704,3.138957797
7,8/4/2021 21:05,21:05,21,12.767,blue.ruin.1,1.183168317,2.990542079
7,8/4/2021 21:15,21:15,21,12.704,blue.ruin.1,1.208305085,2.942877966
7,8/4/2021 21:25,21:25,21,12.704,blue.ruin.1,1.216181818,2.8968
7,8/4/2021 21:40,21:40,21,12.704,blue.ruin.1,1.168006431,2.803863344
7,8/4/2021 21:50,21:50,21,12.642,blue.ruin.1,1.248187311,2.755580816
7,8/4/2021 22:05,22:05,22,12.579,blue.ruin.1,1.284158416,2.748279703
7,8/4/2021 22:15,22:15,22,12.579,blue.ruin.1,1.272755418,2.75437887
7,8/4/2021 22:25,22:25,22,12.579,blue.ruin.1,1.223175182,2.73346396
7,8/4/2021 22:40,22:40,22,12.517,blue.ruin.1,1.275344828,2.730188793
7,8/4/2021 22:50,22:50,22,12.517,blue.ruin.1,1.240034965,2.711903846
7,8/4/2021 23:05,23:05,23,12.517,blue.ruin.1,1.240034965,2.715831731
7,8/4/2021 23:15,23:15,23,12.517,blue.ruin.1,1.203723404,2.694103723
7,8/4/2021 23:25,23:25,23,12.454,blue.ruin.1,1.268345324,2.703116007
7,8/4/2021 23:40,23:40,23,12.454,blue.ruin.1,1.25704698,2.666057047
7,8/4/2021 23:50,23:50,23,12.391,blue.ruin.1,1.352181208,2.674
7,8/5/2021 0:05,0:05,0,12.391,blue.ruin.1,1.318877551,2.647665816
7,8/5/2021 0:15,0:15,0,12.391,blue.ruin.1,1.283737024,2.669250433
7,8/5/2021 0:25,0:25,0,12.391,blue.ruin.1,1.27184466,2.644024272
7,8/5/2021 0:40,0:40,0,12.391,blue.ruin.1,1.248421053,2.639239474
7,8/5/2021 0:50,0:50,0,12.391,blue.ruin.1,1.248421053,2.586111842
7,8/5/2021 1:05,1:05,1,12.391,blue.ruin.1,1.248421053,2.617905263
7,8/5/2021 1:15,1:15,1,12.329,blue.ruin.1,1.3113879,2.639690836
7,8/5/2021 1:25,1:25,1,12.329,blue.ruin.1,1.3113879,2.684678826
7,8/5/2021 1:40,1:40,1,12.329,blue.ruin.1,1.3113879,2.632339413
7,8/5/2021 1:50,1:50,1,12.329,blue.ruin.1,1.275451264,2.6138037
7,8/5/2021 2:05,2:05,2,12.329,blue.ruin.1,1.249407115,2.615600296
7,8/5/2021 2:15,2:15,2,12.329,blue.ruin.1,1.263636364,2.599397727
7,8/5/2021 2:25,2:25,2,12.329,blue.ruin.1,1.263636364,2.626443182
7,8/5/2021 2:40,2:40,2,12.329,blue.ruin.1,1.229010239,2.643937713
7,8/5/2021 2:50,2:50,2,12.266,blue.ruin.1,1.325767918,2.640456485
7,8/5/2021 3:05,3:05,3,12.266,blue.ruin.1,1.325767918,2.68903413
7,8/5/2021 3:15,3:15,3,12.266,blue.ruin.1,1.305762082,2.564663569
7,8/5/2021 3:25,3:25,3,12.266,blue.ruin.1,1.305762082,NA
7,8/5/2021 3:40,3:40,3,12.266,blue.ruin.1,1.291522491,NA
7,8/5/2021 3:50,3:50,3,12.266,blue.ruin.1,1.267045455,NA
7,8/5/2021 4:05,4:05,4,12.266,blue.ruin.1,1.267045455,2.614994318
7,8/5/2021 4:15,4:15,4,12.266,blue.ruin.1,1.25528169,2.619138204
7,8/5/2021 4:25,4:25,4,12.266,blue.ruin.1,1.218928571,2.554203571
7,8/5/2021 4:40,4:40,4,12.266,blue.ruin.1,1.218928571,2.590508929
7,8/5/2021 4:50,4:50,4,12.204,blue.ruin.1,1.318571429,2.612142857
7,8/5/2021 5:05,5:05,5,12.204,blue.ruin.1,1.282608696,2.668054348
7,8/5/2021 5:15,5:15,5,12.204,blue.ruin.1,1.282608696,2.618163043
7,8/5/2021 5:25,5:25,5,12.204,blue.ruin.1,1.282608696,2.541641304
7,8/5/2021 5:40,5:40,5,12.204,blue.ruin.1,1.282608696,2.6165
7,8/5/2021 5:50,5:50,5,12.204,blue.ruin.1,1.27027027,2.662912162
7,8/5/2021 6:05,6:05,6,12.204,blue.ruin.1,1.257142857,2.642839286
7,8/5/2021 6:15,6:15,6,12.204,blue.ruin.1,1.257142857,2.622160714
7,8/5/2021 6:25,6:25,6,12.204,blue.ruin.1,1.27027027,2.640101351
7,8/5/2021 6:40,6:40,6,12.204,blue.ruin.1,1.235616438,2.614243151
7,8/5/2021 6:50,6:50,6,12.204,blue.ruin.1,1.27027027,2.65252027
7,8/5/2021 7:05,7:05,7,12.204,blue.ruin.1,1.207462687,2.630503731
7,8/5/2021 7:15,7:15,7,12.204,blue.ruin.1,1.235616438,2.732818493
7,8/5/2021 7:25,7:25,7,12.204,blue.ruin.1,1.259493671,2.754746835
7,8/5/2021 7:40,7:40,7,12.204,blue.ruin.1,1.27027027,2.837290541
7,8/5/2021 7:50,7:50,7,12.204,blue.ruin.1,1.282608696,2.959782609
7,8/5/2021 8:05,8:05,8,12.204,blue.ruin.1,1.304,3.04186
7,8/5/2021 8:15,8:15,8,12.266,blue.ruin.1,1.25528169,3.085029049
7,8/5/2021 8:25,8:25,8,12.266,blue.ruin.1,1.279126214,3.193165049
7,8/5/2021 8:40,8:40,8,12.266,blue.ruin.1,1.279126214,3.36873301
7,8/5/2021 8:50,8:50,8,12.266,blue.ruin.1,1.311341853,3.431345048
7,8/5/2021 9:05,9:05,9,12.266,blue.ruin.1,1.305762082,3.512575279
7,8/5/2021 9:15,9:15,9,12.266,blue.ruin.1,1.325767918,3.537691126
7,8/5/2021 9:25,9:25,9,12.329,blue.ruin.1,1.238461538,3.623846154
7,8/5/2021 9:40,9:40,9,12.329,blue.ruin.1,1.275451264,3.623498646
7,8/5/2021 9:50,9:50,9,12.329,blue.ruin.1,1.275451264,3.668721119
7,8/5/2021 10:05,10:05,10,12.329,blue.ruin.1,1.330163934,3.712645902
7,8/5/2021 10:15,10:15,10,12.329,blue.ruin.1,1.330163934,3.715538525
7,8/5/2021 10:25,10:25,10,12.391,blue.ruin.1,1.212099644,3.848242883
7,8/5/2021 10:40,10:40,10,12.391,blue.ruin.1,1.212099644,3.886649466
7,8/5/2021 10:50,10:50,10,12.391,blue.ruin.1,1.212099644,3.925793149
7,8/5/2021 11:05,11:05,11,12.391,blue.ruin.1,1.248421053,3.953960526
7,8/5/2021 11:15,11:15,11,12.391,blue.ruin.1,1.248421053,3.947705263
7,8/5/2021 11:25,11:25,11,12.391,blue.ruin.1,1.220689655,4.062241379
7,8/5/2021 11:40,11:40,11,12.391,blue.ruin.1,1.220689655,4.058857759
7,8/5/2021 11:50,11:50,11,12.391,blue.ruin.1,1.180544747,4.086228113
7,8/5/2021 12:05,12:05,12,12.391,blue.ruin.1,1.174729242,4.069426895
7,8/5/2021 12:15,12:15,12,12.391,blue.ruin.1,1.139130435,4.059875
7,8/5/2021 12:25,12:25,12,12.391,blue.ruin.1,1.174729242,3.95515343
7,8/5/2021 12:40,12:40,12,12.329,blue.ruin.1,1.238461538,3.917836538
7,8/5/2021 12:50,12:50,12,12.329,blue.ruin.1,1.229010239,3.830539676
7,8/5/2021 13:05,13:05,13,12.329,blue.ruin.1,1.159659091,3.98174858
7,8/5/2021 13:15,13:15,13,12.329,blue.ruin.1,1.159659091,3.854698864
7,8/5/2021 13:25,13:25,13,12.329,blue.ruin.1,1.155457746,3.803691461
7,8/5/2021 13:40,13:40,13,12.266,blue.ruin.1,1.279126214,3.461434466
7,8/5/2021 13:50,13:50,13,12.391,blue.ruin.1,1.161424332,3.576895401
7,8/5/2021 14:05,14:05,14,12.391,blue.ruin.1,1.153684211,3.983401316
7,8/5/2021 14:15,14:15,14,12.329,blue.ruin.1,1.346657754,3.998456551
7,8/5/2021 14:25,14:25,14,12.391,blue.ruin.1,1.292664671,4.079048653
7,8/5/2021 14:40,14:40,14,12.391,blue.ruin.1,1.283737024,4.177157872
7,8/5/2021 14:50,14:50,14,12.391,blue.ruin.1,1.29739777,4.179177509
7,8/5/2021 15:05,15:05,15,12.454,blue.ruin.1,1.241732283,4.359839567
7,8/5/2021 15:15,15:15,15,12.454,blue.ruin.1,1.25704698,4.323099832
7,8/5/2021 15:25,15:25,15,12.454,blue.ruin.1,1.231386861,4.33495438
7,8/5/2021 15:40,15:40,15,12.517,blue.ruin.1,1.161912752,4.447626258
7,8/5/2021 15:50,15:50,15,12.454,blue.ruin.1,1.268421053,4.274855263
7,8/5/2021 16:05,16:05,16,12.454,blue.ruin.1,1.268421053,4.418842105
7,8/5/2021 16:15,16:15,16,12.454,blue.ruin.1,1.277202073,4.370915155
7,8/5/2021 16:25,16:25,16,12.454,blue.ruin.1,1.207784431,4.529702844
7,8/5/2021 16:40,16:40,16,12.454,blue.ruin.1,1.180097087,4.495650485
7,8/5/2021 16:50,16:50,16,12.391,blue.ruin.1,1.27184466,4.469533981
7,8/5/2021 17:05,17:05,17,12.391,blue.ruin.1,1.238688525,4.54975
7,8/5/2021 17:15,17:15,17,12.391,blue.ruin.1,1.220689655,4.598780172
7,8/5/2021 17:25,17:25,17,12.391,blue.ruin.1,1.248421053,4.475782895
7,8/5/2021 17:40,17:40,17,12.391,blue.ruin.1,1.212099644,4.563343416
7,8/5/2021 17:50,17:50,17,12.391,blue.ruin.1,1.212099644,4.532717972
7,8/5/2021 18:05,18:05,18,12.391,blue.ruin.1,1.139130435,4.560891304
7,8/5/2021 18:15,18:15,18,12.391,blue.ruin.1,1.136263736,4.475458791
7,8/5/2021 18:25,18:25,18,12.329,blue.ruin.1,1.229010239,4.282892491
7,8/5/2021 18:40,18:40,18,12.329,blue.ruin.1,1.159659091,4.132872159
7,8/5/2021 18:50,18:50,18,12.266,blue.ruin.1,1.195338983,3.89640678
7,8/5/2021 19:05,19:05,19,12.329,blue.ruin.1,1.119038462,3.696769712
7,8/5/2021 19:15,19:15,19,12.266,blue.ruin.1,1.23875,3.206696875
7,8/5/2021 19:25,19:25,19,12.266,blue.ruin.1,1.228076923,3.083198077
7,8/5/2021 19:40,19:40,19,12.266,blue.ruin.1,1.228076923,3.651920192
7,8/5/2021 19:50,19:50,19,12.266,blue.ruin.1,1.218928571,3.7935
7,8/5/2021 20:05,20:05,20,12.266,blue.ruin.1,1.25528169,3.604367077
7,8/5/2021 20:15,20:15,20,12.329,blue.ruin.1,1.187378641,3.57114199
7,8/5/2021 20:25,20:25,20,12.329,blue.ruin.1,1.155457746,3.512599912
7,8/5/2021 20:40,20:40,20,12.266,blue.ruin.1,1.228076923,3.313152885
7,8/5/2021 20:50,20:50,20,12.204,blue.ruin.1,1.296875,3.016867188
7,8/5/2021 21:05,21:05,21,12.204,blue.ruin.1,1.282608696,3.021505435
7,8/5/2021 21:15,21:15,21,12.204,blue.ruin.1,1.257142857,2.9605
7,8/5/2021 21:25,21:25,21,12.204,blue.ruin.1,1.216129032,2.97828629
7,8/5/2021 21:40,21:40,21,12.204,blue.ruin.1,1.178699552,2.863329596
7,8/5/2021 21:50,21:50,21,12.204,blue.ruin.1,1.178699552,2.840224215
7,8/5/2021 22:05,22:05,22,12.204,blue.ruin.1,1.172222222,2.701666667
7,8/5/2021 22:15,22:15,22,12.204,blue.ruin.1,1.172222222,2.7
7,8/5/2021 22:25,22:25,22,13.267,blue.ruin.1,0.657166891,2.91194543
7,8/5/2021 22:40,22:40,22,12.329,blue.ruin.1,0.940275708,2.82265208
7,8/5/2021 22:50,22:50,22,12.204,blue.ruin.1,1.128242678,2.767719665
7,8/5/2021 23:05,23:05,23,12.141,blue.ruin.1,1.246861925,2.693948222
7,8/5/2021 23:15,23:15,23,12.141,blue.ruin.1,1.213023256,2.738548256
7,8/5/2021 23:25,23:25,23,12.141,blue.ruin.1,1.203404255,2.674387234
7,8/5/2021 23:40,23:40,23,12.141,blue.ruin.1,1.158441558,2.625482143
7,8/5/2021 23:50,23:50,23,12.141,blue.ruin.1,1.203404255,2.608277128
7,8/6/2021 0:05,0:05,0,12.141,blue.ruin.1,1.153784861,2.619053785
7,8/6/2021 0:15,0:15,0,12.141,blue.ruin.1,1.158441558,2.638832792
7,8/6/2021 0:25,0:25,0,12.141,blue.ruin.1,1.158441558,2.684267857
7,8/6/2021 0:40,0:40,0,12.141,blue.ruin.1,1.158441558,2.68937987
7,8/6/2021 0:50,0:50,0,12.141,blue.ruin.1,1.153784861,2.690756972
7,8/6/2021 1:05,1:05,1,12.079,blue.ruin.1,1.264940239,2.679286853
7,8/6/2021 1:15,1:15,1,12.079,blue.ruin.1,1.264940239,2.665114542
7,8/6/2021 1:25,1:25,1,12.141,blue.ruin.1,1.111894273,2.597571586
7,8/6/2021 1:40,1:40,1,12.079,blue.ruin.1,1.22388664,2.685191296
7,8/6/2021 1:50,1:50,1,12.141,blue.ruin.1,1.110931174,2.660116397
7,8/6/2021 2:05,2:05,2,12.454,blue.ruin.1,0.873389021,2.71228683
7,8/6/2021 2:15,2:15,2,12.141,blue.ruin.1,1.111894273,2.67497522
7,8/6/2021 2:25,2:25,2,12.141,blue.ruin.1,1.110931174,2.689195344
7,8/6/2021 2:40,2:40,2,12.141,blue.ruin.1,1.110931174,2.681265182
7,8/6/2021 2:50,2:50,2,12.079,blue.ruin.1,1.22388664,2.656974696
7,8/6/2021 3:05,3:05,3,12.141,blue.ruin.1,1.110931174,2.692816296
7,8/6/2021 3:15,3:15,3,12.204,blue.ruin.1,0.948586017,2.640437049
7,8/6/2021 3:25,3:25,3,12.141,blue.ruin.1,1.110931174,2.644256073
7,8/6/2021 3:40,3:40,3,12.204,blue.ruin.1,0.948470688,2.630528308
7,8/6/2021 3:50,3:50,3,12.079,blue.ruin.1,1.187162162,2.616442568
7,8/6/2021 4:05,4:05,4,12.141,blue.ruin.1,1.110931174,2.587586032
7,8/6/2021 4:15,4:15,4,12.079,blue.ruin.1,1.187162162,2.633398649
7,8/6/2021 4:25,4:25,4,12.079,blue.ruin.1,1.187162162,2.676405405
7,8/6/2021 4:40,4:40,4,12.079,blue.ruin.1,1.22388664,2.667659413
7,8/6/2021 4:50,4:50,4,12.079,blue.ruin.1,1.22388664,2.618359818
7,8/6/2021 5:05,5:05,5,12.079,blue.ruin.1,1.179958678,2.584129649
7,8/6/2021 5:15,5:15,5,12.079,blue.ruin.1,1.214606742,2.490772472
7,8/6/2021 5:25,5:25,5,12.079,blue.ruin.1,1.139220183,2.583102064
7,8/6/2021 5:40,5:40,5,12.079,blue.ruin.1,1.187162162,2.561222973
7,8/6/2021 5:50,5:50,5,12.079,blue.ruin.1,1.179958678,2.551028409
7,8/6/2021 6:05,6:05,6,12.079,blue.ruin.1,1.187162162,2.540037162
7,8/6/2021 6:15,6:15,6,12.141,blue.ruin.1,1.11011236,2.590793539
7,8/6/2021 6:25,6:25,6,12.079,blue.ruin.1,1.187162162,2.587114865
7,8/6/2021 6:40,6:40,6,12.079,blue.ruin.1,1.179958678,2.635870351
7,8/6/2021 6:50,6:50,6,12.079,blue.ruin.1,1.179958678,2.633797521
7,8/6/2021 7:05,7:05,7,12.079,blue.ruin.1,1.187162162,2.633319257
7,8/6/2021 7:15,7:15,7,12.141,blue.ruin.1,1.110931174,2.679258603
7,8/6/2021 7:25,7:25,7,12.141,blue.ruin.1,1.153784861,2.72311504
7,8/6/2021 7:40,7:40,7,12.079,blue.ruin.1,1.279220779,2.855597403
7,8/6/2021 7:50,7:50,7,12.141,blue.ruin.1,1.170680628,2.921790576
7,8/6/2021 8:05,8:05,8,12.141,blue.ruin.1,1.274524715,3.001094106
7,8/6/2021 8:15,8:15,8,12.204,blue.ruin.1,1.207462687,3.137285448
7,8/6/2021 8:25,8:25,8,12.141,blue.ruin.1,1.313246269,3.231719683
7,8/6/2021 8:40,8:40,8,12.204,blue.ruin.1,1.216129032,3.319415323
7,8/6/2021 8:50,8:50,8,12.204,blue.ruin.1,1.296875,3.414609375
7,8/6/2021 9:05,9:05,9,12.266,blue.ruin.1,1.280737705,3.58535041
7,8/6/2021 9:15,9:15,9,12.266,blue.ruin.1,1.341703057,3.685426856
7,8/6/2021 9:25,9:25,9,12.266,blue.ruin.1,1.361462451,3.763
7,8/6/2021 9:40,9:40,9,12.391,blue.ruin.1,1.259622642,3.853326887
7,8/6/2021 9:50,9:50,9,12.329,blue.ruin.1,1.41377551,4.04
7,8/6/2021 10:05,10:05,10,12.391,blue.ruin.1,1.416176471,4.581
7,8/6/2021 10:15,10:15,10,12.454,blue.ruin.1,1.426676385,4.554
7,8/6/2021 10:25,10:25,10,12.517,blue.ruin.1,1.4,4.767
7,8/6/2021 10:40,10:40,10,12.704,blue.ruin.1,1.275340599,5.108833787
7,8/6/2021 10:50,10:50,10,12.579,blue.ruin.1,1.469545455,NA
7,8/6/2021 11:05,11:05,11,12.642,blue.ruin.1,1.461428571,5.126
7,8/6/2021 11:15,11:15,11,12.704,blue.ruin.1,1.43,NA
7,8/6/2021 11:25,11:25,11,12.829,blue.ruin.1,1.283157895,NA
7,8/6/2021 11:40,11:40,11,12.829,blue.ruin.1,1.346315789,NA
7,8/6/2021 11:50,11:50,11,12.954,blue.ruin.1,1.193333333,NA
7,8/6/2021 12:05,12:05,12,12.954,blue.ruin.1,1.26125,NA
7,8/6/2021 12:15,12:15,12,13.017,blue.ruin.1,1.196,NA
7,8/6/2021 12:25,12:25,12,13.017,blue.ruin.1,1.213571429,NA
7,8/6/2021 12:40,12:40,12,13.08,blue.ruin.1,1.164285714,NA
7,8/6/2021 12:50,12:50,12,13.142,blue.ruin.1,1.074285714,NA
7,8/6/2021 13:05,13:05,13,13.08,blue.ruin.1,1.35,NA
7,8/6/2021 13:15,13:15,13,13.267,blue.ruin.1,0.977857143,NA
7,8/6/2021 13:25,13:25,13,13.205,blue.ruin.1,1.067857143,NA
7,8/6/2021 13:40,13:40,13,13.142,blue.ruin.1,1.106,5.17933
7,8/6/2021 13:50,13:50,13,13.08,blue.ruin.1,1.19,4.934
7,8/6/2021 14:05,14:05,14,13.08,blue.ruin.1,1.19,4.8282
7,8/6/2021 14:15,14:15,14,13.017,blue.ruin.1,1.342142857,4.371801786
7,8/6/2021 14:25,14:25,14,13.017,blue.ruin.1,1.326153846,4.191630769
7,8/6/2021 14:40,14:40,14,13.08,blue.ruin.1,1.121428571,4.664285714
7,8/6/2021 14:50,14:50,14,13.08,blue.ruin.1,1.121428571,4.542
7,8/6/2021 15:05,15:05,15,13.142,blue.ruin.1,1.186,3.50811
7,8/6/2021 15:15,15:15,15,13.142,blue.ruin.1,1.244258373,NA
7,8/6/2021 15:25,15:25,15,13.205,blue.ruin.1,1.198734177,NA
7,8/6/2021 15:40,15:40,15,13.205,blue.ruin.1,1.285714286,3.439357143
7,8/6/2021 15:50,15:50,15,13.142,blue.ruin.1,1.375714286,3.271
7,8/6/2021 16:05,16:05,16,13.142,blue.ruin.1,1.347142857,3.602164286
7,8/6/2021 16:15,16:15,16,13.142,blue.ruin.1,1.390648379,2.792
7,8/6/2021 16:25,16:25,16,13.08,blue.ruin.1,1.421060172,3.774
7,8/6/2021 16:40,16:40,16,13.08,blue.ruin.1,1.352197802,3.351
7,8/6/2021 16:50,16:50,16,13.08,blue.ruin.1,1.292857143,3.512857143
7,8/6/2021 17:05,17:05,17,13.08,blue.ruin.1,1.208227848,3.586202532
7,8/6/2021 17:15,17:15,17,13.08,blue.ruin.1,1.119148936,3.702643617
7,8/6/2021 17:25,17:25,17,13.08,blue.ruin.1,1.167924528,3.573042453
7,8/6/2021 17:40,17:40,17,13.08,blue.ruin.1,1.175,3.2554375
7,8/6/2021 17:50,17:50,17,13.142,blue.ruin.1,1.093902439,3.626756098
7,8/6/2021 18:05,18:05,18,13.142,blue.ruin.1,1.096305419,3.480878079
7,8/6/2021 18:15,18:15,18,13.142,blue.ruin.1,1.138687783,3.379143665
7,8/6/2021 18:25,18:25,18,13.267,blue.ruin.1,1.067896679,3.416314576
7,8/6/2021 18:40,18:40,18,13.267,blue.ruin.1,1.156065574,3.284117213
7,8/6/2021 18:50,18:50,18,13.33,blue.ruin.1,1.094755245,3.296101399
7,8/6/2021 19:05,19:05,19,13.392,blue.ruin.1,1.095524101,2.982460597
7,8/6/2021 19:15,19:15,19,13.33,blue.ruin.1,1.171212121,NA
7,8/6/2021 19:25,19:25,19,13.517,blue.ruin.1,1.088545095,2.864517857
7,8/6/2021 19:40,19:40,19,13.455,blue.ruin.1,1.096907216,3.058215206
7,8/6/2021 19:50,19:50,19,13.455,blue.ruin.1,1.096819788,2.952258392
7,8/6/2021 20:05,20:05,20,13.517,blue.ruin.1,1.09024735,3.070651325
7,8/6/2021 20:15,20:15,20,13.392,blue.ruin.1,1.11345515,2.820730897
7,8/6/2021 20:25,20:25,20,13.392,blue.ruin.1,1.097711089,NA
7,8/6/2021 20:40,20:40,20,13.33,blue.ruin.1,1.133067093,2.905079073
7,8/6/2021 20:50,20:50,20,13.267,blue.ruin.1,1.216216216,2.797777027
7,8/6/2021 21:05,21:05,21,13.267,blue.ruin.1,1.190291262,2.616492718
7,8/6/2021 21:15,21:15,21,13.205,blue.ruin.1,1.213621262,2.553602159
7,8/6/2021 21:25,21:25,21,13.142,blue.ruin.1,1.239761092,2.463011092
7,8/6/2021 21:40,21:40,21,13.142,blue.ruin.1,1.167894737,NA
7,8/6/2021 21:50,21:50,21,13.08,blue.ruin.1,1.192599278,2.476187726
7,8/6/2021 22:05,22:05,22,13.017,blue.ruin.1,1.180113636,NA
7,8/6/2021 22:15,22:15,22,12.954,blue.ruin.1,1.238214286,NA
7,8/6/2021 22:25,22:25,22,12.892,blue.ruin.1,1.25,NA
7,8/6/2021 22:40,22:40,22,12.829,blue.ruin.1,1.296022727,2.441521307
7,8/6/2021 22:50,22:50,22,12.829,blue.ruin.1,1.20923913,NA
7,8/6/2021 23:05,23:05,23,12.767,blue.ruin.1,1.234831461,NA
7,8/6/2021 23:15,23:15,23,12.704,blue.ruin.1,1.278870293,2.356769874
7,8/6/2021 23:25,23:25,23,12.704,blue.ruin.1,1.225294118,2.559394118
7,8/6/2021 23:40,23:40,23,12.642,blue.ruin.1,1.295418327,2.598998008
7,8/6/2021 23:50,23:50,23,12.642,blue.ruin.1,1.28099631,2.689986162
7,8/7/2021 0:05,0:05,0,12.642,blue.ruin.1,1.243258427,2.69469382
7,8/7/2021 0:15,0:15,0,12.642,blue.ruin.1,1.268556701,2.701224227
7,8/7/2021 0:25,0:25,0,12.642,blue.ruin.1,1.268556701,2.695378866
7,8/7/2021 0:40,0:40,0,12.642,blue.ruin.1,1.268556701,2.709007732
7,8/7/2021 0:50,0:50,0,12.642,blue.ruin.1,1.233275261,2.67588676
7,8/7/2021 1:05,1:05,1,12.579,blue.ruin.1,1.316938111,2.70695684
7,8/7/2021 1:15,1:15,1,12.579,blue.ruin.1,1.284158416,2.674498762
7,8/7/2021 1:25,1:25,1,12.579,blue.ruin.1,1.232874016,2.649911909
7,8/7/2021 1:40,1:40,1,12.517,blue.ruin.1,1.288333333,2.683491667
7,8/7/2021 1:50,1:50,1,12.517,blue.ruin.1,1.262804878,2.634907012
7,8/7/2021 2:05,2:05,2,12.517,blue.ruin.1,1.25056391,2.635547932
7,8/7/2021 2:15,2:15,2,12.454,blue.ruin.1,1.296638655,2.629795168
7,8/7/2021 2:25,2:25,2,12.454,blue.ruin.1,1.281395349,2.611598837
7,8/7/2021 2:40,2:40,2,12.454,blue.ruin.1,1.241732283,2.56978937
7,8/7/2021 2:50,2:50,2,12.391,blue.ruin.1,1.272653061,2.437546429
7,8/7/2021 3:05,3:05,3,12.391,blue.ruin.1,1.272653061,2.457391837
7,8/7/2021 3:15,3:15,3,12.391,blue.ruin.1,1.259622642,2.451443868
7,8/7/2021 3:25,3:25,3,12.329,blue.ruin.1,1.346473029,2.379604772
7,8/7/2021 3:40,3:40,3,12.329,blue.ruin.1,1.327586207,NA
7,8/7/2021 3:50,3:50,3,12.329,blue.ruin.1,1.289105058,2.350602626
7,8/7/2021 4:05,4:05,4,12.329,blue.ruin.1,1.249407115,NA
7,8/7/2021 4:15,4:15,4,12.266,blue.ruin.1,1.342307692,NA
7,8/7/2021 4:25,4:25,4,12.266,blue.ruin.1,1.322289157,NA
7,8/7/2021 4:40,4:40,4,12.266,blue.ruin.1,1.280737705,NA
7,8/7/2021 4:50,4:50,4,12.266,blue.ruin.1,1.280737705,NA
7,8/7/2021 5:05,5:05,5,12.266,blue.ruin.1,1.23875,NA
7,8/7/2021 5:15,5:15,5,12.266,blue.ruin.1,1.251363636,NA
7,8/7/2021 5:25,5:25,5,12.266,blue.ruin.1,1.267045455,2.481835227
7,8/7/2021 5:40,5:40,5,12.266,blue.ruin.1,1.23875,2.54834375
7,8/7/2021 5:50,5:50,5,12.266,blue.ruin.1,1.267045455,2.577556818
7,8/7/2021 6:05,6:05,6,12.266,blue.ruin.1,1.228076923,2.623690385
7,8/7/2021 6:15,6:15,6,12.266,blue.ruin.1,1.228076923,2.611765385
7,8/7/2021 6:25,6:25,6,12.204,blue.ruin.1,1.296875,2.609375
7,8/7/2021 6:40,6:40,6,12.204,blue.ruin.1,1.296875,2.624984375
7,8/7/2021 6:50,6:50,6,12.204,blue.ruin.1,1.296875,2.619835938
7,8/7/2021 7:05,7:05,7,12.204,blue.ruin.1,1.296875,2.690132813
7,8/7/2021 7:15,7:15,7,12.204,blue.ruin.1,1.296875,2.704875
7,8/7/2021 7:25,7:25,7,12.204,blue.ruin.1,1.296875,2.737476563
7,8/7/2021 7:40,7:40,7,12.204,blue.ruin.1,1.369417476,2.79
7,8/7/2021 7:50,7:50,7,12.204,blue.ruin.1,1.430757098,2.895
7,8/7/2021 8:05,8:05,8,12.266,blue.ruin.1,1.423114754,3.058
7,8/7/2021 8:15,8:15,8,12.266,blue.ruin.1,1.467039106,3.169
7,8/7/2021 8:25,8:25,8,12.266,blue.ruin.1,1.518032787,3.268
7,8/7/2021 8:40,8:40,8,12.329,blue.ruin.1,1.513135593,3.348
7,8/7/2021 8:50,8:50,8,12.391,blue.ruin.1,1.511989101,3.492
7,8/7/2021 9:05,9:05,9,12.391,blue.ruin.1,1.6,3.633
7,8/7/2021 9:15,9:15,9,12.454,blue.ruin.1,1.6,3.718
7,8/7/2021 9:25,9:25,9,12.517,blue.ruin.1,1.6,3.817
7,8/7/2021 9:40,9:40,9,12.579,blue.ruin.1,1.6,4.044
7,8/7/2021 9:50,9:50,9,12.642,blue.ruin.1,1.6,4.169
7,8/7/2021 10:05,10:05,10,12.642,blue.ruin.1,1.6,4.218
7,8/7/2021 10:15,10:15,10,12.704,blue.ruin.1,1.6,4.209
7,8/7/2021 10:25,10:25,10,12.767,blue.ruin.1,1.6,4.317
7,8/7/2021 10:40,10:40,10,12.892,blue.ruin.1,1.6,4.412
7,8/7/2021 10:50,10:50,10,12.892,blue.ruin.1,1.6,4.191
7,8/7/2021 11:05,11:05,11,13.017,blue.ruin.1,1.533826638,4.507
7,8/7/2021 11:15,11:15,11,13.08,blue.ruin.1,1.45,4.571
7,8/7/2021 11:25,11:25,11,13.205,blue.ruin.1,1.336538462,4.448951923
7,8/7/2021 11:40,11:40,11,13.205,blue.ruin.1,1.342857143,4.5875
7,8/7/2021 11:50,11:50,11,13.267,blue.ruin.1,1.286315789,NA
7,8/7/2021 12:05,12:05,12,13.267,blue.ruin.1,1.371666667,4.819
7,8/7/2021 12:15,12:15,12,13.33,blue.ruin.1,1.34375,4.839015625
7,8/7/2021 12:25,12:25,12,13.33,blue.ruin.1,1.38125,4.797
7,8/7/2021 12:40,12:40,12,13.455,blue.ruin.1,1.205882353,5.091095588
7,8/7/2021 12:50,12:50,12,13.455,blue.ruin.1,1.221875,4.988085938
7,8/7/2021 13:05,13:05,13,13.455,blue.ruin.1,1.346428571,4.670107143
7,8/7/2021 13:15,13:15,13,13.455,blue.ruin.1,1.4125,4.598
7,8/7/2021 13:25,13:25,13,13.455,blue.ruin.1,1.423076923,4.56
7,8/7/2021 13:40,13:40,13,13.517,blue.ruin.1,1.285454545,4.672659091
7,8/7/2021 13:50,13:50,13,13.517,blue.ruin.1,1.28,4.6225
7,8/7/2021 14:05,14:05,14,13.517,blue.ruin.1,1.4075,4.788
7,8/7/2021 14:15,14:15,14,13.517,blue.ruin.1,1.449090909,4.446
7,8/7/2021 14:25,14:25,14,13.517,blue.ruin.1,1.449090909,4.406
7,8/7/2021 14:40,14:40,14,13.517,blue.ruin.1,1.396681416,4.295
7,8/7/2021 14:50,14:50,14,13.517,blue.ruin.1,1.329545455,4.375869318
7,8/7/2021 15:05,15:05,15,13.455,blue.ruin.1,1.325,4.14625
7,8/7/2021 15:15,15:15,15,13.392,blue.ruin.1,1.341735537,4.09257438
7,8/7/2021 15:25,15:25,15,13.33,blue.ruin.1,1.371299639,4.007
7,8/7/2021 15:40,15:40,15,13.267,blue.ruin.1,1.416382253,3.845
7,8/7/2021 15:50,15:50,15,13.267,blue.ruin.1,1.372850679,3.862
7,8/7/2021 16:05,16:05,16,13.267,blue.ruin.1,1.404460967,4.08
7,8/7/2021 16:15,16:15,16,13.33,blue.ruin.1,1.386092715,4.076
7,8/7/2021 16:25,16:25,16,13.33,blue.ruin.1,1.354347826,3.627
7,8/7/2021 16:40,16:40,16,13.392,blue.ruin.1,1.256437768,3.829390558
7,8/7/2021 16:50,16:50,16,13.455,blue.ruin.1,1.138028169,4.266676056
7,8/7/2021 17:05,17:05,17,13.517,blue.ruin.1,1.15304878,3.581001524
7,8/7/2021 17:15,17:15,17,13.58,blue.ruin.1,1.097761194,4.079518657
7,8/7/2021 17:25,17:25,17,13.642,blue.ruin.1,1.133128834,3.909066718
7,8/7/2021 17:40,17:40,17,13.705,blue.ruin.1,1.170856354,3.61270442
7,8/7/2021 17:50,17:50,17,13.83,blue.ruin.1,1.097894065,3.64202776
7,8/7/2021 18:05,18:05,18,13.768,blue.ruin.1,1.123410405,3.124682081
7,8/7/2021 18:15,18:15,18,13.705,blue.ruin.1,1.146698113,NA
7,8/7/2021 18:25,18:25,18,13.642,blue.ruin.1,1.169677419,NA
7,8/7/2021 18:40,18:40,18,13.58,blue.ruin.1,1.122992701,NA
7,8/7/2021 18:50,18:50,18,13.517,blue.ruin.1,1.14906015,NA
7,8/7/2021 19:05,19:05,19,13.455,blue.ruin.1,1.12967033,NA
7,8/7/2021 19:15,19:15,19,13.392,blue.ruin.1,1.156037736,NA
7,8/7/2021 19:25,19:25,19,13.33,blue.ruin.1,1.213701068,NA
7,8/7/2021 19:40,19:40,19,13.267,blue.ruin.1,1.203717472,NA
7,8/7/2021 19:50,19:50,19,13.205,blue.ruin.1,1.231034483,2.695142241
7,8/7/2021 20:05,20:05,20,13.205,blue.ruin.1,1.178787879,NA
7,8/7/2021 20:15,20:15,20,13.205,blue.ruin.1,1.143003413,NA
7,8/7/2021 20:25,20:25,20,13.205,blue.ruin.1,1.143003413,NA
7,8/7/2021 20:40,20:40,20,13.205,blue.ruin.1,1.143003413,NA
7,8/7/2021 20:50,20:50,20,13.142,blue.ruin.1,1.20432526,NA
7,8/7/2021 21:05,21:05,21,13.142,blue.ruin.1,1.098508946,2.650998012
7,8/7/2021 21:15,21:15,21,13.08,blue.ruin.1,1.115789474,NA
7,8/7/2021 21:25,21:25,21,12.954,blue.ruin.1,1.302868852,NA
7,8/7/2021 21:40,21:40,21,12.954,blue.ruin.1,1.208984375,NA
7,8/7/2021 21:50,21:50,21,12.829,blue.ruin.1,1.374342105,NA
7,8/7/2021 22:05,22:05,22,12.829,blue.ruin.1,1.270625,NA
7,8/7/2021 22:15,22:15,22,12.829,blue.ruin.1,1.217773438,NA
7,8/7/2021 22:25,22:25,22,12.767,blue.ruin.1,1.302597403,NA
7,8/7/2021 22:40,22:40,22,12.767,blue.ruin.1,1.234831461,NA
7,8/7/2021 22:50,22:50,22,12.704,blue.ruin.1,1.278870293,NA
7,8/7/2021 23:05,23:05,23,12.704,blue.ruin.1,1.225294118,NA
7,8/7/2021 23:15,23:15,23,12.704,blue.ruin.1,1.184262948,NA
7,8/7/2021 23:25,23:25,23,12.642,blue.ruin.1,1.28099631,NA
7,8/7/2021 23:40,23:40,23,12.704,blue.ruin.1,1.17804428,NA
7,8/7/2021 23:50,23:50,23,12.704,blue.ruin.1,1.17804428,2.480046125
7,8/8/2021 0:05,0:05,0,12.704,blue.ruin.1,1.208305085,2.44479661
7,8/8/2021 0:15,0:15,0,12.704,blue.ruin.1,1.208305085,2.552620339
7,8/8/2021 0:25,0:25,0,12.767,blue.ruin.1,1.11220339,2.513519492
7,8/8/2021 0:40,0:40,0,12.704,blue.ruin.1,1.216181818,NA
7,8/8/2021 0:50,0:50,0,12.704,blue.ruin.1,1.216181818,2.396763636
7,8/8/2021 1:05,1:05,1,12.704,blue.ruin.1,1.201428571,NA
7,8/8/2021 1:15,1:15,1,12.642,blue.ruin.1,1.29,NA
7,8/8/2021 1:25,1:25,1,12.642,blue.ruin.1,1.29,2.39835
7,8/8/2021 1:40,1:40,1,12.642,blue.ruin.1,1.257717042,2.399994373
7,8/8/2021 1:50,1:50,1,12.642,blue.ruin.1,1.224592834,NA
7,8/8/2021 2:05,2:05,2,12.579,blue.ruin.1,1.297173145,NA
7,8/8/2021 2:15,2:15,2,12.579,blue.ruin.1,1.260251799,NA
7,8/8/2021 2:25,2:25,2,12.579,blue.ruin.1,1.223175182,NA
7,8/8/2021 2:40,2:40,2,12.517,blue.ruin.1,1.309693878,2.385146684
7,8/8/2021 2:50,2:50,2,12.517,blue.ruin.1,1.309693878,NA
7,8/8/2021 3:05,3:05,3,12.579,blue.ruin.1,1.214795918,NA
7,8/8/2021 3:15,3:15,3,12.579,blue.ruin.1,1.223175182,2.422682482
7,8/8/2021 3:25,3:25,3,12.517,blue.ruin.1,1.309693878,2.318711735
7,8/8/2021 3:40,3:40,3,12.579,blue.ruin.1,1.207484076,2.514670382
7,8/8/2021 3:50,3:50,3,12.517,blue.ruin.1,1.29633758,2.482816481
7,8/8/2021 4:05,4:05,4,12.517,blue.ruin.1,1.330578512,2.565571281
7,8/8/2021 4:15,4:15,4,12.517,blue.ruin.1,1.330578512,2.534698347
7,8/8/2021 4:25,4:25,4,12.517,blue.ruin.1,1.330578512,2.474717975
7,8/8/2021 4:40,4:40,4,12.517,blue.ruin.1,1.29633758,2.398134952
7,8/8/2021 4:50,4:50,4,12.517,blue.ruin.1,1.264032258,2.438596774
7,8/8/2021 5:05,5:05,5,12.454,blue.ruin.1,1.323529412,2.454669118
7,8/8/2021 5:15,5:15,5,12.454,blue.ruin.1,1.290728477,NA
7,8/8/2021 5:25,5:25,5,12.391,blue.ruin.1,1.352181208,NA
7,8/8/2021 5:40,5:40,5,12.454,blue.ruin.1,1.19939759,NA
7,8/8/2021 5:50,5:50,5,12.391,blue.ruin.1,1.29739777,NA
7,8/8/2021 6:05,6:05,6,12.391,blue.ruin.1,1.259622642,NA
7,8/8/2021 6:15,6:15,6,12.391,blue.ruin.1,1.259622642,NA
7,8/8/2021 6:25,6:25,6,12.391,blue.ruin.1,1.220689655,NA
7,8/8/2021 6:40,6:40,6,12.329,blue.ruin.1,1.327586207,NA
7,8/8/2021 6:50,6:50,6,12.391,blue.ruin.1,1.220689655,NA
7,8/8/2021 7:05,7:05,7,12.329,blue.ruin.1,1.26223176,NA
7,8/8/2021 7:15,7:15,7,12.329,blue.ruin.1,1.305063291,NA
7,8/8/2021 7:25,7:25,7,12.391,blue.ruin.1,1.187341772,NA
7,8/8/2021 7:40,7:40,7,12.391,blue.ruin.1,1.259622642,2.440628302
7,8/8/2021 7:50,7:50,7,12.329,blue.ruin.1,1.412,2.882
7,8/8/2021 8:05,8:05,8,12.391,blue.ruin.1,1.354066986,3.108
7,8/8/2021 8:15,8:15,8,12.391,blue.ruin.1,1.444724771,3.081
7,8/8/2021 8:25,8:25,8,12.454,blue.ruin.1,1.359459459,3.045
7,8/8/2021 8:40,8:40,8,12.454,blue.ruin.1,1.523529412,3.345
7,8/8/2021 8:50,8:50,8,12.517,blue.ruin.1,1.519521912,3.44
7,8/8/2021 9:05,9:05,9,12.579,blue.ruin.1,1.6,3.634
7,8/8/2021 9:15,9:15,9,12.579,blue.ruin.1,1.6,3.653
7,8/8/2021 9:25,9:25,9,12.642,blue.ruin.1,1.6,4.258
7,8/8/2021 9:40,9:40,9,12.704,blue.ruin.1,1.6,3.871
7,8/8/2021 9:50,9:50,9,12.767,blue.ruin.1,1.6,3.959
7,8/8/2021 10:05,10:05,10,12.829,blue.ruin.1,1.6,3.848
7,8/8/2021 10:15,10:15,10,12.892,blue.ruin.1,1.6,4.233
7,8/8/2021 10:25,10:25,10,12.954,blue.ruin.1,1.6,4.334
7,8/8/2021 10:40,10:40,10,13.017,blue.ruin.1,1.6,4.439
7,8/8/2021 10:50,10:50,10,13.142,blue.ruin.1,1.483093525,4.418
7,8/8/2021 11:05,11:05,11,13.142,blue.ruin.1,1.548017621,4.854
7,8/8/2021 11:15,11:15,11,13.205,blue.ruin.1,1.509980237,4.623
7,8/8/2021 11:25,11:25,11,13.205,blue.ruin.1,1.509980237,4.647
7,8/8/2021 11:40,11:40,11,13.205,blue.ruin.1,1.517105263,4.429
7,8/8/2021 11:50,11:50,11,13.267,blue.ruin.1,1.432560976,4.565
7,8/8/2021 12:05,12:05,12,13.267,blue.ruin.1,1.469444444,5.064
7,8/8/2021 12:15,12:15,12,13.33,blue.ruin.1,1.43618677,4.557
7,8/8/2021 12:25,12:25,12,13.267,blue.ruin.1,1.47983871,4.64
7,8/8/2021 12:40,12:40,12,13.267,blue.ruin.1,1.51097786,4.722
7,8/8/2021 12:50,12:50,12,13.33,blue.ruin.1,1.487250996,4.737
7,8/8/2021 13:05,13:05,13,13.392,blue.ruin.1,1.43,4.733
7,8/8/2021 13:15,13:15,13,13.455,blue.ruin.1,1.394367589,4.795
7,8/8/2021 13:25,13:25,13,13.455,blue.ruin.1,1.413235294,4.604
7,8/8/2021 13:40,13:40,13,13.455,blue.ruin.1,1.445242915,4.538
7,8/8/2021 13:50,13:50,13,13.642,blue.ruin.1,1.282278481,4.685893987
7,8/8/2021 14:05,14:05,14,13.58,blue.ruin.1,1.352439024,4.685
7,8/8/2021 14:15,14:15,14,13.58,blue.ruin.1,1.353278689,4.729
7,8/8/2021 14:25,14:25,14,13.517,blue.ruin.1,1.401530612,4.585
7,8/8/2021 14:40,14:40,14,13.517,blue.ruin.1,1.248076923,4.328485577
7,8/8/2021 14:50,14:50,14,13.517,blue.ruin.1,1.157743363,4.575136615
7,8/8/2021 15:05,15:05,15,13.455,blue.ruin.1,1.253947368,4.415111842
7,8/8/2021 15:15,15:15,15,13.392,blue.ruin.1,1.376206897,4.189
7,8/8/2021 15:25,15:25,15,13.392,blue.ruin.1,1.400887574,4.193
7,8/8/2021 15:40,15:40,15,13.392,blue.ruin.1,1.449378882,4.006
7,8/8/2021 15:50,15:50,15,13.33,blue.ruin.1,1.6,4.101
7,8/8/2021 16:05,16:05,16,13.33,blue.ruin.1,1.6,3.881
7,8/8/2021 16:15,16:15,16,13.33,blue.ruin.1,1.534899329,3.438
7,8/8/2021 16:25,16:25,16,13.392,blue.ruin.1,1.376206897,2.93
7,8/8/2021 16:40,16:40,16,13.392,blue.ruin.1,1.363513514,3.671
7,8/8/2021 16:50,16:50,16,13.33,blue.ruin.1,1.402112676,2.937
7,8/8/2021 17:05,17:05,17,13.392,blue.ruin.1,1.166,3.7959
7,8/8/2021 17:15,17:15,17,13.33,blue.ruin.1,1.197465438,3.773538018
7,8/8/2021 17:25,17:25,17,13.33,blue.ruin.1,1.153626943,3.832084197
7,8/8/2021 17:40,17:40,17,13.267,blue.ruin.1,1.233492823,3.411441388
7,8/8/2021 17:50,17:50,17,13.267,blue.ruin.1,1.13480663,3.583220994
7,8/8/2021 18:05,18:05,18,13.33,blue.ruin.1,1.096395292,3.668007602
7,8/8/2021 18:15,18:15,18,13.205,blue.ruin.1,1.254751131,3.55238405
7,8/8/2021 18:25,18:25,18,13.205,blue.ruin.1,1.165284974,3.612981865
7,8/8/2021 18:40,18:40,18,13.142,blue.ruin.1,1.231659389,3.479879913
7,8/8/2021 18:50,18:50,18,13.142,blue.ruin.1,1.142537313,3.442925373
7,8/8/2021 19:05,19:05,19,13.08,blue.ruin.1,1.218202765,3.375474654
7,8/8/2021 19:15,19:15,19,13.142,blue.ruin.1,1.09491206,3.394288788
7,8/8/2021 19:25,19:25,19,13.08,blue.ruin.1,1.098305085,3.322457627
7,8/8/2021 19:40,19:40,19,12.954,blue.ruin.1,1.258522727,3.071072443
7,8/8/2021 19:50,19:50,19,13.017,blue.ruin.1,1.099891618,3.093192919
7,8/8/2021 20:05,20:05,20,13.08,blue.ruin.1,1.084892086,3.249181655
7,8/8/2021 20:15,20:15,20,12.954,blue.ruin.1,1.098702422,3.205127379
7,8/8/2021 20:25,20:25,20,13.017,blue.ruin.1,1.091803892,3.283025917
7,8/8/2021 20:40,20:40,20,12.954,blue.ruin.1,1.095952381,2.988483333
7,8/8/2021 20:50,20:50,20,12.954,blue.ruin.1,1.095677966,2.98626589
7,8/8/2021 21:05,21:05,21,12.829,blue.ruin.1,1.19895288,2.921418194
7,8/8/2021 21:15,21:15,21,12.767,blue.ruin.1,1.292513369,2.834677139
7,8/8/2021 21:25,21:25,21,12.704,blue.ruin.1,1.363793103,2.804
7,8/8/2021 21:40,21:40,21,12.704,blue.ruin.1,1.223684211,2.760105263
7,8/8/2021 21:50,21:50,21,12.642,blue.ruin.1,1.332464455,2.753227488
7,8/8/2021 22:05,22:05,22,12.704,blue.ruin.1,1.15,2.7115
7,8/8/2021 22:15,22:15,22,12.642,blue.ruin.1,1.25,2.63125
7,8/8/2021 22:25,22:25,22,12.642,blue.ruin.1,1.235221675,2.732225369
7,8/8/2021 22:40,22:40,22,12.642,blue.ruin.1,1.268502203,2.693301762
7,8/8/2021 22:50,22:50,22,12.642,blue.ruin.1,1.235221675,2.624433498
7,8/8/2021 23:05,23:05,23,12.642,blue.ruin.1,1.268502203,2.567657489
7,8/8/2021 23:15,23:15,23,12.642,blue.ruin.1,1.2548583,2.593299595
7,8/8/2021 23:25,23:25,23,12.579,blue.ruin.1,1.350224215,2.621
7,8/8/2021 23:40,23:40,23,12.642,blue.ruin.1,1.174311927,2.623079128
7,8/8/2021 23:50,23:50,23,12.579,blue.ruin.1,1.25771028,2.563073014
7,8/9/2021 0:05,0:05,0,12.517,blue.ruin.1,1.315322581,2.541409274
7,8/9/2021 0:15,0:15,0,12.517,blue.ruin.1,1.315322581,2.552322581
7,8/9/2021 0:25,0:25,0,12.579,blue.ruin.1,1.158980583,2.498635922
7,8/9/2021 0:40,0:40,0,12.517,blue.ruin.1,1.24480198,2.607889851
7,8/9/2021 0:50,0:50,0,12.517,blue.ruin.1,1.277212389,2.590734513
7,8/9/2021 1:05,1:05,1,12.517,blue.ruin.1,1.277212389,2.623639381
7,8/9/2021 1:15,1:15,1,12.517,blue.ruin.1,1.277212389,2.651636062
7,8/9/2021 1:25,1:25,1,12.517,blue.ruin.1,1.3034,2.653573
7,8/9/2021 1:40,1:40,1,12.517,blue.ruin.1,1.325,2.63
7,8/9/2021 1:50,1:50,1,12.517,blue.ruin.1,1.325,2.5765625
7,8/9/2021 2:05,2:05,2,12.517,blue.ruin.1,1.3034,2.5526115
7,8/9/2021 2:15,2:15,2,12.454,blue.ruin.1,1.359459459,2.541
7,8/9/2021 2:25,2:25,2,12.454,blue.ruin.1,1.338016529,2.479115702
7,8/9/2021 2:40,2:40,2,12.391,blue.ruin.1,1.400700935,2.502
7,8/9/2021 2:50,2:50,2,12.391,blue.ruin.1,1.354066986,2.474
7,8/9/2021 3:05,3:05,3,12.391,blue.ruin.1,1.331877729,2.475032205
7,8/9/2021 3:15,3:15,3,12.391,blue.ruin.1,1.288,2.53437
7,8/9/2021 3:25,3:25,3,12.391,blue.ruin.1,1.256716418,2.503960821
7,8/9/2021 3:40,3:40,3,12.391,blue.ruin.1,1.242533937,2.551955317
7,8/9/2021 3:50,3:50,3,12.329,blue.ruin.1,1.368778281,2.575
7,8/9/2021 4:05,4:05,4,12.329,blue.ruin.1,1.346473029,2.502335062
7,8/9/2021 4:15,4:15,4,12.329,blue.ruin.1,1.346473029,2.558832469
7,8/9/2021 4:25,4:25,4,12.329,blue.ruin.1,1.277464789,2.532455986
7,8/9/2021 4:40,4:40,4,12.329,blue.ruin.1,1.26223176,2.566392167
7,8/9/2021 4:50,4:50,4,12.329,blue.ruin.1,1.229186603,2.596078349
7,8/9/2021 5:05,5:05,5,12.266,blue.ruin.1,1.339673913,2.574296196
7,8/9/2021 5:15,5:15,5,12.266,blue.ruin.1,1.296875,2.638398438
7,8/9/2021 5:25,5:25,5,12.266,blue.ruin.1,1.2665,2.57079125
7,8/9/2021 5:40,5:40,5,12.266,blue.ruin.1,1.251363636,2.6406125
7,8/9/2021 5:50,5:50,5,12.266,blue.ruin.1,1.280737705,2.636896516
7,8/9/2021 6:05,6:05,6,12.329,blue.ruin.1,1.16454918,2.57823668
7,8/9/2021 6:15,6:15,6,12.266,blue.ruin.1,1.280737705,2.622762295
7,8/9/2021 6:25,6:25,6,12.266,blue.ruin.1,1.280737705,2.62351127
7,8/9/2021 6:40,6:40,6,12.266,blue.ruin.1,1.305762082,2.622041822
7,8/9/2021 6:50,6:50,6,12.266,blue.ruin.1,1.296875,2.672328125
7,8/9/2021 7:05,7:05,7,12.266,blue.ruin.1,1.296875,2.688210938
7,8/9/2021 7:15,7:15,7,12.266,blue.ruin.1,1.296875,2.716015625
7,8/9/2021 7:25,7:25,7,12.266,blue.ruin.1,1.322289157,2.787683735
7,8/9/2021 7:40,7:40,7,12.266,blue.ruin.1,1.296875,2.876992188
7,8/9/2021 7:50,7:50,7,12.266,blue.ruin.1,1.316176471,2.907253676
7,8/9/2021 8:05,8:05,8,12.329,blue.ruin.1,1.289105058,2.978286479
7,8/9/2021 8:15,8:15,8,12.329,blue.ruin.1,1.305063291,3.077212025
7,8/9/2021 8:25,8:25,8,12.391,blue.ruin.1,1.220689655,3.14262931
7,8/9/2021 8:40,8:40,8,12.391,blue.ruin.1,1.272653061,3.289966327
7,8/9/2021 8:50,8:50,8,12.454,blue.ruin.1,1.19939759,3.45410241
7,8/9/2021 9:05,9:05,9,12.454,blue.ruin.1,1.304255319,3.459699468
7,8/9/2021 9:15,9:15,9,12.454,blue.ruin.1,1.319847328,3.552302481
7,8/9/2021 9:25,9:25,9,12.517,blue.ruin.1,1.342716535,3.572477854
7,8/9/2021 9:40,9:40,9,12.579,blue.ruin.1,1.287184874,3.673392857
7,8/9/2021 9:50,9:50,9,12.579,blue.ruin.1,1.385608856,3.754
7,8/9/2021 10:05,10:05,10,12.642,blue.ruin.1,1.506387665,3.94
7,8/9/2021 10:15,10:15,10,12.704,blue.ruin.1,1.493455497,4.093
7,8/9/2021 10:25,10:25,10,12.767,blue.ruin.1,1.505978261,4.463
7,8/9/2021 10:40,10:40,10,12.767,blue.ruin.1,1.6,NA
7,8/9/2021 10:50,10:50,10,12.892,blue.ruin.1,1.530782918,4.567
7,8/9/2021 11:05,11:05,11,12.954,blue.ruin.1,1.526579926,4.92
7,8/9/2021 11:15,11:15,11,13.017,blue.ruin.1,1.498769231,5.148
7,8/9/2021 11:25,11:25,11,13.142,blue.ruin.1,1.405905512,NA
7,8/9/2021 11:40,11:40,11,13.205,blue.ruin.1,1.415107914,NA
7,8/9/2021 11:50,11:50,11,13.205,blue.ruin.1,1.430982368,NA
7,8/9/2021 12:05,12:05,12,13.267,blue.ruin.1,1.409236453,NA
7,8/9/2021 12:15,12:15,12,13.33,blue.ruin.1,1.417647059,NA
7,8/9/2021 12:25,12:25,12,13.392,blue.ruin.1,1.38943662,NA
7,8/9/2021 12:40,12:40,12,13.392,blue.ruin.1,1.46038961,NA
7,8/9/2021 12:50,12:50,12,13.455,blue.ruin.1,1.412556561,NA
7,8/9/2021 13:05,13:05,13,13.517,blue.ruin.1,1.400949367,NA
7,8/9/2021 13:15,13:15,13,13.58,blue.ruin.1,1.361715481,NA
7,8/9/2021 13:25,13:25,13,13.642,blue.ruin.1,1.299078341,NA
7,8/9/2021 13:40,13:40,13,13.705,blue.ruin.1,1.247335025,NA
7,8/9/2021 13:50,13:50,13,13.642,blue.ruin.1,1.344221106,NA
7,8/9/2021 14:05,14:05,14,13.517,blue.ruin.1,1.495588235,NA
7,8/9/2021 14:15,14:15,14,13.455,blue.ruin.1,1.6,NA
7,8/9/2021 14:25,14:25,14,13.455,blue.ruin.1,1.6,NA
7,8/9/2021 14:40,14:40,14,13.455,blue.ruin.1,1.404411765,NA
7,8/9/2021 14:50,14:50,14,13.455,blue.ruin.1,1.286111111,NA
7,8/9/2021 15:05,15:05,15,13.455,blue.ruin.1,1.249257426,NA
7,8/9/2021 15:15,15:15,15,13.392,blue.ruin.1,1.406637168,NA
7,8/9/2021 15:25,15:25,15,13.392,blue.ruin.1,1.465827338,NA
7,8/9/2021 15:40,15:40,15,13.392,blue.ruin.1,1.6,NA
7,8/9/2021 15:50,15:50,15,13.392,blue.ruin.1,1.488461538,NA
7,8/9/2021 16:05,16:05,16,13.267,blue.ruin.1,1.6,NA
7,8/9/2021 16:15,16:15,16,13.33,blue.ruin.1,1.507142857,NA
7,8/9/2021 16:25,16:25,16,13.33,blue.ruin.1,1.402112676,NA
7,8/9/2021 16:40,16:40,16,13.33,blue.ruin.1,1.29,NA
7,8/9/2021 16:50,16:50,16,13.267,blue.ruin.1,1.379661017,NA
7,8/9/2021 17:05,17:05,17,13.267,blue.ruin.1,1.265088757,NA
7,8/9/2021 17:15,17:15,17,13.267,blue.ruin.1,1.203636364,NA
7,8/9/2021 17:25,17:25,17,13.267,blue.ruin.1,1.139130435,NA
7,8/9/2021 17:40,17:40,17,13.142,blue.ruin.1,1.336705202,NA
7,8/9/2021 17:50,17:50,17,13.205,blue.ruin.1,1.17283237,NA
7,8/9/2021 18:05,18:05,18,13.142,blue.ruin.1,1.217272727,NA
7,8/9/2021 18:15,18:15,18,13.08,blue.ruin.1,1.386363636,NA
7,8/9/2021 18:25,18:25,18,13.08,blue.ruin.1,1.355405405,NA
7,8/9/2021 18:40,18:40,18,13.08,blue.ruin.1,1.18372093,NA
7,8/9/2021 18:50,18:50,18,13.017,blue.ruin.1,1.246875,NA
7,8/9/2021 19:05,19:05,19,13.017,blue.ruin.1,1.173928571,NA
7,8/9/2021 19:15,19:15,19,12.954,blue.ruin.1,1.341875,NA
7,8/9/2021 19:25,19:25,19,12.954,blue.ruin.1,1.278846154,NA
7,8/9/2021 19:40,19:40,19,12.954,blue.ruin.1,1.142567568,NA
7,8/9/2021 19:50,19:50,19,12.892,blue.ruin.1,1.303571429,NA
7,8/9/2021 20:05,20:05,20,12.892,blue.ruin.1,1.281914894,NA
7,8/9/2021 20:15,20:15,20,12.829,blue.ruin.1,1.38125,NA
7,8/9/2021 20:25,20:25,20,12.829,blue.ruin.1,1.3275,NA
7,8/9/2021 20:40,20:40,20,12.767,blue.ruin.1,1.409933775,NA
7,8/9/2021 20:50,20:50,20,12.767,blue.ruin.1,1.315568862,NA
7,8/9/2021 21:05,21:05,21,12.704,blue.ruin.1,1.392622951,NA
7,8/9/2021 21:15,21:15,21,12.704,blue.ruin.1,1.338826816,NA
7,8/9/2021 21:25,21:25,21,12.767,blue.ruin.1,1.118461538,NA
7,8/9/2021 21:40,21:40,21,12.642,blue.ruin.1,1.304545455,NA
7,8/9/2021 21:50,21:50,21,12.579,blue.ruin.1,1.381962025,NA
7,8/9/2021 22:05,22:05,22,12.579,blue.ruin.1,1.293965517,NA
7,8/9/2021 22:15,22:15,22,12.579,blue.ruin.1,1.273969072,NA
7,8/9/2021 22:25,22:25,22,12.579,blue.ruin.1,1.25771028,NA
7,8/9/2021 22:40,22:40,22,12.579,blue.ruin.1,1.244230769,NA
7,8/9/2021 22:50,22:50,22,12.579,blue.ruin.1,1.244230769,NA
7,8/9/2021 23:05,23:05,23,12.517,blue.ruin.1,1.294417476,NA
7,8/9/2021 23:15,23:15,23,12.517,blue.ruin.1,1.277212389,NA
7,8/9/2021 23:25,23:25,23,12.517,blue.ruin.1,1.262804878,NA
7,8/9/2021 23:40,23:40,23,12.517,blue.ruin.1,1.262804878,NA
7,8/9/2021 23:50,23:50,23,12.517,blue.ruin.1,1.184633028,NA
7,8/10/2021 0:05,0:05,0,12.454,blue.ruin.1,1.296638655,NA
7,8/10/2021 0:15,0:15,0,12.454,blue.ruin.1,1.296638655,NA
7,8/10/2021 0:25,0:25,0,12.454,blue.ruin.1,1.218421053,NA
7,8/10/2021 0:40,0:40,0,12.454,blue.ruin.1,1.218421053,NA
7,8/10/2021 0:50,0:50,0,12.454,blue.ruin.1,1.218421053,NA
7,8/10/2021 1:05,1:05,1,12.454,blue.ruin.1,1.16804878,NA
7,8/10/2021 1:15,1:15,1,12.391,blue.ruin.1,1.288,NA
7,8/10/2021 1:25,1:25,1,12.454,blue.ruin.1,1.114253394,NA
7,8/10/2021 1:40,1:40,1,12.391,blue.ruin.1,1.242533937,NA
7,8/10/2021 1:50,1:50,1,12.391,blue.ruin.1,1.195391705,NA
7,8/10/2021 2:05,2:05,2,12.391,blue.ruin.1,1.195391705,NA
7,8/10/2021 2:15,2:15,2,12.329,blue.ruin.1,1.305063291,NA
7,8/10/2021 2:25,2:25,2,12.391,blue.ruin.1,1.187341772,NA
7,8/10/2021 2:40,2:40,2,12.329,blue.ruin.1,1.305063291,NA
7,8/10/2021 2:50,2:50,2,12.329,blue.ruin.1,1.26223176,NA
7,8/10/2021 3:05,3:05,3,12.329,blue.ruin.1,1.26223176,NA
7,8/10/2021 3:15,3:15,3,12.329,blue.ruin.1,1.249407115,NA
7,8/10/2021 3:25,3:25,3,12.329,blue.ruin.1,1.238461538,NA
7,8/10/2021 3:40,3:40,3,12.329,blue.ruin.1,1.238461538,NA
7,8/10/2021 3:50,3:50,3,12.391,blue.ruin.1,1.098578199,NA
7,8/10/2021 4:05,4:05,4,12.329,blue.ruin.1,1.208433735,NA
7,8/10/2021 4:15,4:15,4,12.391,blue.ruin.1,1.139130435,NA
7,8/10/2021 4:25,4:25,4,12.391,blue.ruin.1,1.139130435,NA
7,8/10/2021 4:40,4:40,4,12.391,blue.ruin.1,1.139130435,NA
7,8/10/2021 4:50,4:50,4,12.329,blue.ruin.1,1.238461538,NA
7,8/10/2021 5:05,5:05,5,12.329,blue.ruin.1,1.238461538,NA
7,8/10/2021 5:15,5:15,5,12.329,blue.ruin.1,1.208433735,NA
7,8/10/2021 5:25,5:25,5,12.329,blue.ruin.1,1.208433735,NA
7,8/10/2021 5:40,5:40,5,12.329,blue.ruin.1,1.208433735,NA
7,8/10/2021 5:50,5:50,5,12.329,blue.ruin.1,1.200371747,NA
7,8/10/2021 6:05,6:05,6,12.329,blue.ruin.1,1.229010239,NA
7,8/10/2021 6:15,6:15,6,12.329,blue.ruin.1,1.229010239,NA
7,8/10/2021 6:25,6:25,6,12.329,blue.ruin.1,1.229010239,NA
7,8/10/2021 6:40,6:40,6,12.266,blue.ruin.1,1.342744479,NA
7,8/10/2021 6:50,6:50,6,12.329,blue.ruin.1,1.253312303,NA
7,8/10/2021 7:05,7:05,7,12.329,blue.ruin.1,1.253312303,NA
7,8/10/2021 7:15,7:15,7,12.391,blue.ruin.1,1.192375367,NA
7,8/10/2021 7:25,7:25,7,12.391,blue.ruin.1,1.16969697,NA
7,8/10/2021 7:40,7:40,7,12.329,blue.ruin.1,1.3113879,NA
7,8/10/2021 7:50,7:50,7,12.329,blue.ruin.1,1.401115242,NA
7,8/10/2021 8:05,8:05,8,12.329,blue.ruin.1,1.531074766,NA
7,8/10/2021 8:15,8:15,8,12.391,blue.ruin.1,1.479545455,NA
7,8/10/2021 8:25,8:25,8,12.391,blue.ruin.1,1.6,NA
7,8/10/2021 8:40,8:40,8,12.454,blue.ruin.1,1.6,NA
7,8/10/2021 8:50,8:50,8,12.454,blue.ruin.1,1.6,NA
7,8/10/2021 9:05,9:05,9,12.517,blue.ruin.1,1.6,NA
7,8/10/2021 9:15,9:15,9,12.579,blue.ruin.1,1.6,NA
7,8/10/2021 9:25,9:25,9,12.642,blue.ruin.1,1.6,NA
7,8/10/2021 9:40,9:40,9,12.767,blue.ruin.1,1.6,NA
7,8/10/2021 9:50,9:50,9,12.829,blue.ruin.1,1.6,NA
7,8/10/2021 10:05,10:05,10,12.892,blue.ruin.1,1.6,NA
7,8/10/2021 10:15,10:15,10,12.954,blue.ruin.1,1.6,NA
7,8/10/2021 10:25,10:25,10,13.017,blue.ruin.1,1.6,NA
7,8/10/2021 10:40,10:40,10,13.08,blue.ruin.1,1.6,NA
7,8/10/2021 10:50,10:50,10,13.142,blue.ruin.1,1.6,NA
7,8/10/2021 11:05,11:05,11,13.205,blue.ruin.1,1.473584906,NA
7,8/10/2021 11:15,11:15,11,13.33,blue.ruin.1,1.398159509,NA
7,8/10/2021 11:25,11:25,11,13.267,blue.ruin.1,1.541201117,NA
7,8/10/2021 11:40,11:40,11,13.33,blue.ruin.1,1.487845304,NA
7,8/10/2021 11:50,11:50,11,13.455,blue.ruin.1,1.404665072,NA
7,8/10/2021 12:05,12:05,12,13.392,blue.ruin.1,1.536699507,NA
7,8/10/2021 12:15,12:15,12,13.517,blue.ruin.1,1.428686636,NA
7,8/10/2021 12:25,12:25,12,13.517,blue.ruin.1,1.438076923,NA
7,8/10/2021 12:40,12:40,12,13.517,blue.ruin.1,1.481417112,NA
7,8/10/2021 12:50,12:50,12,13.58,blue.ruin.1,1.414321608,NA
7,8/10/2021 13:05,13:05,13,13.705,blue.ruin.1,1.312323944,NA
7,8/10/2021 13:15,13:15,13,13.58,blue.ruin.1,1.430952381,NA
7,8/10/2021 13:25,13:25,13,13.642,blue.ruin.1,1.416097561,NA
7,8/10/2021 13:40,13:40,13,13.642,blue.ruin.1,1.435403727,NA
7,8/10/2021 13:50,13:50,13,13.642,blue.ruin.1,1.45027027,NA
7,8/10/2021 14:05,14:05,14,13.642,blue.ruin.1,1.457615894,NA
7,8/10/2021 14:15,14:15,14,13.642,blue.ruin.1,1.4024,NA
7,8/10/2021 14:25,14:25,14,13.642,blue.ruin.1,1.4024,NA
7,8/10/2021 14:40,14:40,14,13.705,blue.ruin.1,1.215540541,NA
7,8/10/2021 14:50,14:50,14,13.58,blue.ruin.1,1.381775701,NA
7,8/10/2021 15:05,15:05,15,13.58,blue.ruin.1,1.287864078,NA
7,8/10/2021 15:15,15:15,15,13.517,blue.ruin.1,1.378465347,NA
7,8/10/2021 15:25,15:25,15,13.455,blue.ruin.1,1.525364964,NA
7,8/10/2021 15:40,15:40,15,13.455,blue.ruin.1,1.527348993,NA
7,8/10/2021 15:50,15:50,15,13.455,blue.ruin.1,1.523,NA
7,8/10/2021 16:05,16:05,16,13.517,blue.ruin.1,1.438478261,NA
7,8/10/2021 16:15,16:15,16,13.455,blue.ruin.1,1.523,NA
7,8/10/2021 16:25,16:25,16,13.455,blue.ruin.1,1.43646789,NA
7,8/10/2021 16:40,16:40,16,13.517,blue.ruin.1,1.112362637,NA
7,8/10/2021 16:50,16:50,16,13.455,blue.ruin.1,1.265659341,NA
7,8/10/2021 17:05,17:05,17,13.517,blue.ruin.1,1.111138614,NA
7,8/10/2021 17:15,17:15,17,13.392,blue.ruin.1,1.317741935,NA
7,8/10/2021 17:25,17:25,17,13.392,blue.ruin.1,1.271126761,NA
7,8/10/2021 17:40,17:40,17,13.33,blue.ruin.1,1.234713376,NA
7,8/10/2021 17:50,17:50,17,13.392,blue.ruin.1,1.0989301,NA
7,8/10/2021 18:05,18:05,18,13.33,blue.ruin.1,1.478343949,NA
7,8/10/2021 18:15,18:15,18,13.33,blue.ruin.1,1.380924855,NA
7,8/10/2021 18:25,18:25,18,13.33,blue.ruin.1,1.337066246,NA
7,8/10/2021 18:40,18:40,18,13.267,blue.ruin.1,1.378378378,NA
7,8/10/2021 18:50,18:50,18,13.267,blue.ruin.1,1.34893617,NA
7,8/10/2021 19:05,19:05,19,13.267,blue.ruin.1,1.318769231,NA
7,8/10/2021 19:15,19:15,19,13.33,blue.ruin.1,1.223913043,NA
7,8/10/2021 19:25,19:25,19,13.267,blue.ruin.1,1.276832845,NA
7,8/10/2021 19:40,19:40,19,13.205,blue.ruin.1,1.344164038,NA
7,8/10/2021 19:50,19:50,19,13.142,blue.ruin.1,1.391176471,NA
7,8/10/2021 20:05,20:05,20,13.142,blue.ruin.1,1.355775076,NA
7,8/10/2021 20:15,20:15,20,13.205,blue.ruin.1,1.247540984,NA
7,8/10/2021 20:25,20:25,20,13.142,blue.ruin.1,1.307807309,NA
7,8/10/2021 20:40,20:40,20,13.08,blue.ruin.1,1.315799257,NA
7,8/10/2021 20:50,20:50,20,13.017,blue.ruin.1,1.37961165,NA
7,8/10/2021 21:05,21:05,21,12.892,blue.ruin.1,1.471212121,NA
7,8/10/2021 21:15,21:15,21,12.892,blue.ruin.1,1.408823529,NA
7,8/10/2021 21:25,21:25,21,12.892,blue.ruin.1,1.322,NA
7,8/10/2021 21:40,21:40,21,12.767,blue.ruin.1,1.478547297,NA
7,8/10/2021 21:50,21:50,21,12.829,blue.ruin.1,1.333395522,NA
7,8/10/2021 22:05,22:05,22,12.704,blue.ruin.1,1.505,NA
7,8/10/2021 22:15,22:15,22,12.704,blue.ruin.1,1.466101695,NA
7,8/10/2021 22:25,22:25,22,12.642,blue.ruin.1,1.546484375,NA
7,8/10/2021 22:40,22:40,22,12.704,blue.ruin.1,1.410869565,NA
7,8/10/2021 22:50,22:50,22,12.892,blue.ruin.1,1.081903485,NA
7,8/10/2021 23:05,23:05,23,12.642,blue.ruin.1,1.455025126,NA
7,8/10/2021 23:15,23:15,23,12.642,blue.ruin.1,1.442,NA
7,8/10/2021 23:25,23:25,23,12.579,blue.ruin.1,1.510232558,NA
7,8/10/2021 23:40,23:40,23,12.642,blue.ruin.1,1.332464455,NA
7,8/10/2021 23:50,23:50,23,12.642,blue.ruin.1,1.25,NA
7,8/11/2021 0:05,0:05,0,12.579,blue.ruin.1,1.39339207,2.502
7,8/11/2021 0:15,0:15,0,12.642,blue.ruin.1,1.28099631,2.559172509
7,8/11/2021 0:25,0:25,0,12.579,blue.ruin.1,1.3121673,2.594325095
7,8/11/2021 0:40,0:40,0,12.642,blue.ruin.1,1.196996466,2.524682862
7,8/11/2021 0:50,0:50,0,12.642,blue.ruin.1,1.168067227,2.559065126
7,8/11/2021 1:05,1:05,1,12.517,blue.ruin.1,1.360611511,2.597
7,8/11/2021 1:15,1:15,1,12.579,blue.ruin.1,1.284158416,2.611794554
7,8/11/2021 1:25,1:25,1,12.517,blue.ruin.1,1.360611511,2.572
7,8/11/2021 1:40,1:40,1,12.517,blue.ruin.1,1.343120805,2.609140101
7,8/11/2021 1:50,1:50,1,12.517,blue.ruin.1,1.309693878,2.654993622
7,8/11/2021 2:05,2:05,2,12.517,blue.ruin.1,1.275344828,2.593536638
7,8/11/2021 2:15,2:15,2,12.454,blue.ruin.1,1.373103448,2.585
7,8/11/2021 2:25,2:25,2,12.454,blue.ruin.1,1.386624204,2.558
7,8/11/2021 2:40,2:40,2,12.517,blue.ruin.1,1.25056391,2.540864192
7,8/11/2021 2:50,2:50,2,12.454,blue.ruin.1,1.357142857,2.583
7,8/11/2021 3:05,3:05,3,12.454,blue.ruin.1,1.373103448,2.546
7,8/11/2021 3:15,3:15,3,12.454,blue.ruin.1,1.357142857,2.601
7,8/11/2021 3:25,3:25,3,12.454,blue.ruin.1,1.373103448,2.657
7,8/11/2021 3:40,3:40,3,12.454,blue.ruin.1,1.373103448,2.627
7,8/11/2021 3:50,3:50,3,12.454,blue.ruin.1,1.355483871,2.602
7,8/11/2021 4:05,4:05,4,12.454,blue.ruin.1,1.339160839,2.639715909
7,8/11/2021 4:15,4:15,4,12.454,blue.ruin.1,1.304255319,2.615098404
7,8/11/2021 4:25,4:25,4,12.391,blue.ruin.1,1.404787234,2.625
7,8/11/2021 4:40,4:40,4,12.454,blue.ruin.1,1.281395349,2.566526163
7,8/11/2021 4:50,4:50,4,12.454,blue.ruin.1,1.268345324,2.560971223
7,8/11/2021 5:05,5:05,5,12.391,blue.ruin.1,1.352181208,2.59
7,8/11/2021 5:15,5:15,5,12.391,blue.ruin.1,1.370323741,2.61
7,8/11/2021 5:25,5:25,5,12.391,blue.ruin.1,1.334854015,2.553153285
7,8/11/2021 5:40,5:40,5,12.391,blue.ruin.1,1.313253012,2.542629518
7,8/11/2021 5:50,5:50,5,12.454,blue.ruin.1,1.156938776,2.520188776
7,8/11/2021 6:05,6:05,6,12.391,blue.ruin.1,1.313253012,2.536251506
7,8/11/2021 6:15,6:15,6,12.391,blue.ruin.1,1.272653061,2.376441837
7,8/11/2021 6:25,6:25,6,12.391,blue.ruin.1,1.283737024,2.456711073
7,8/11/2021 6:40,6:40,6,12.391,blue.ruin.1,1.313253012,2.625248494
7,8/11/2021 6:50,6:50,6,12.391,blue.ruin.1,1.283737024,2.64445026
7,8/11/2021 7:05,7:05,7,12.391,blue.ruin.1,1.230705394,2.618247925
7,8/11/2021 7:15,7:15,7,12.391,blue.ruin.1,1.259622642,2.675710849
7,8/11/2021 7:25,7:25,7,12.391,blue.ruin.1,1.230705394,2.679299793
7,8/11/2021 7:40,7:40,7,12.391,blue.ruin.1,1.318877551,2.786917092
7,8/11/2021 7:50,7:50,7,12.454,blue.ruin.1,1.241732283,2.83325689
7,8/11/2021 8:05,8:05,8,12.454,blue.ruin.1,1.296638655,3.056386555
7,8/11/2021 8:15,8:15,8,12.391,blue.ruin.1,1.487162162,3.163
7,8/11/2021 8:25,8:25,8,12.454,blue.ruin.1,1.432038835,3.192
7,8/11/2021 8:40,8:40,8,12.517,blue.ruin.1,1.417783505,3.433
7,8/11/2021 8:50,8:50,8,12.517,blue.ruin.1,1.500324675,3.533
7,8/11/2021 9:05,9:05,9,12.642,blue.ruin.1,1.354680851,3.605
7,8/11/2021 9:15,9:15,9,12.704,blue.ruin.1,1.340134529,3.697320628
7,8/11/2021 9:25,9:25,9,12.767,blue.ruin.1,1.321800948,3.791216825
7,8/11/2021 9:40,9:40,9,12.892,blue.ruin.1,1.334375,3.927570313
7,8/11/2021 9:50,9:50,9,12.954,blue.ruin.1,1.369021739,3.98
7,8/11/2021 10:05,10:05,10,13.768,blue.ruin.1,1.017191601,4.17152231
7,8/11/2021 10:15,10:15,10,13.08,blue.ruin.1,1.319230769,4.294461538
7,8/11/2021 10:25,10:25,10,13.08,blue.ruin.1,1.460891089,4.304
7,8/11/2021 10:40,10:40,10,13.142,blue.ruin.1,1.540322581,4.49
7,8/11/2021 10:50,10:50,10,13.205,blue.ruin.1,1.410344828,4.35
7,8/11/2021 11:05,11:05,11,13.267,blue.ruin.1,1.530909091,4.503
7,8/11/2021 11:15,11:15,11,13.33,blue.ruin.1,1.442,4.644
7,8/11/2021 11:25,11:25,11,13.392,blue.ruin.1,1.421428571,4.847
7,8/11/2021 11:40,11:40,11,13.517,blue.ruin.1,1.240294118,4.767341912
7,8/11/2021 11:50,11:50,11,13.517,blue.ruin.1,1.259,4.9125725
7,8/11/2021 12:05,12:05,12,13.705,blue.ruin.1,1.093240343,4.953965933
7,8/11/2021 12:15,12:15,12,13.642,blue.ruin.1,1.152427184,4.986862864
7,8/11/2021 12:25,12:25,12,13.642,blue.ruin.1,1.193913043,5.001702174
7,8/11/2021 12:40,12:40,12,13.642,blue.ruin.1,1.316,4.99549
7,8/11/2021 12:50,12:50,12,13.642,blue.ruin.1,1.331016043,4.971881684
7,8/11/2021 13:05,13:05,13,13.705,blue.ruin.1,1.325,4.859375
7,8/11/2021 13:15,13:15,13,13.642,blue.ruin.1,1.416317992,4.764
7,8/11/2021 13:25,13:25,13,13.705,blue.ruin.1,1.392924528,4.714
7,8/11/2021 13:40,13:40,13,13.705,blue.ruin.1,1.433896797,4.762
7,8/11/2021 13:50,13:50,13,13.705,blue.ruin.1,1.459482759,4.889
7,8/11/2021 14:05,14:05,14,13.642,blue.ruin.1,1.474693878,4.548
7,8/11/2021 14:15,14:15,14,13.642,blue.ruin.1,1.436099585,4.47
7,8/11/2021 14:25,14:25,14,13.58,blue.ruin.1,1.413636364,4.51
7,8/11/2021 14:40,14:40,14,13.517,blue.ruin.1,1.4114,4.282
7,8/11/2021 14:50,14:50,14,13.517,blue.ruin.1,1.401530612,4.254
7,8/11/2021 15:05,15:05,15,13.517,blue.ruin.1,1.394230769,4.066
7,8/11/2021 15:15,15:15,15,13.517,blue.ruin.1,1.413601036,4.117
7,8/11/2021 15:25,15:25,15,13.58,blue.ruin.1,1.415168539,4.024
7,8/11/2021 15:40,15:40,15,13.517,blue.ruin.1,1.464411765,3.984
7,8/11/2021 15:50,15:50,15,13.517,blue.ruin.1,1.450342466,3.953
7,8/11/2021 16:05,16:05,16,13.517,blue.ruin.1,1.406627907,3.871
7,8/11/2021 16:15,16:15,16,13.455,blue.ruin.1,1.448952096,3.851
7,8/11/2021 16:25,16:25,16,13.517,blue.ruin.1,1.350423729,3.817
7,8/11/2021 16:40,16:40,16,13.517,blue.ruin.1,1.305674847,3.716827454
7,8/11/2021 16:50,16:50,16,13.517,blue.ruin.1,1.252516779,3.763195889
7,8/11/2021 17:05,17:05,17,13.455,blue.ruin.1,1.299203822,3.680636146
7,8/11/2021 17:15,17:15,17,13.517,blue.ruin.1,1.182241379,3.730265948
7,8/11/2021 17:25,17:25,17,13.455,blue.ruin.1,1.253947368,3.666901316
7,8/11/2021 17:40,17:40,17,13.392,blue.ruin.1,1.293708609,3.613301325
7,8/11/2021 17:50,17:50,17,13.392,blue.ruin.1,1.293708609,3.517834437
7,8/11/2021 18:05,18:05,18,13.392,blue.ruin.1,1.22440273,3.477890785
7,8/11/2021 18:15,18:15,18,13.392,blue.ruin.1,1.156037736,3.456164151
7,8/11/2021 18:25,18:25,18,13.33,blue.ruin.1,1.25,3.267
7,8/11/2021 18:40,18:40,18,13.33,blue.ruin.1,1.446313364,3.298
7,8/11/2021 18:50,18:50,18,13.267,blue.ruin.1,1.372850679,3.295
7,8/11/2021 19:05,19:05,19,13.205,blue.ruin.1,1.312779553,3.211378195
7,8/11/2021 19:15,19:15,19,13.205,blue.ruin.1,1.257894737,3.186815789
7,8/11/2021 19:25,19:25,19,13.205,blue.ruin.1,1.221708185,3.148935943
7,8/11/2021 19:40,19:40,19,13.142,blue.ruin.1,1.25,3.1225
7,8/11/2021 19:50,19:50,19,13.142,blue.ruin.1,1.20432526,3.125553633
7,8/11/2021 20:05,20:05,20,13.08,blue.ruin.1,1.229715302,3.11405694
7,8/11/2021 20:15,20:15,20,13.017,blue.ruin.1,1.294945848,3.084808664
7,8/11/2021 20:25,20:25,20,13.017,blue.ruin.1,1.228830645,3.021445565
7,8/11/2021 20:40,20:40,20,13.017,blue.ruin.1,1.139807692,2.940614904
7,8/11/2021 20:50,20:50,20,12.892,blue.ruin.1,1.322,2.82607
7,8/11/2021 21:05,21:05,21,12.892,blue.ruin.1,1.22761194,2.783910448
7,8/11/2021 21:15,21:15,21,12.829,blue.ruin.1,1.296022727,2.748269886
7,8/11/2021 21:25,21:25,21,12.829,blue.ruin.1,1.2575,2.725375
7,8/11/2021 21:40,21:40,21,12.829,blue.ruin.1,1.20923913,2.682774457
7,8/11/2021 21:50,21:50,21,13.142,blue.ruin.1,0.945404381,2.628716701
7,8/11/2021 22:05,22:05,22,12.829,blue.ruin.1,1.169741697,2.594162823
7,8/11/2021 22:15,22:15,22,12.767,blue.ruin.1,1.234831461,2.599102528
7,8/11/2021 22:25,22:25,22,12.767,blue.ruin.1,1.19581749,2.570392586
7,8/11/2021 22:40,22:40,22,12.704,blue.ruin.1,1.265057915,2.57403861
7,8/11/2021 22:50,22:50,22,12.704,blue.ruin.1,1.253225806,2.561112903
7,8/11/2021 23:05,23:05,23,12.704,blue.ruin.1,1.216181818,2.529890909
7,8/11/2021 23:15,23:15,23,12.704,blue.ruin.1,1.17804428,2.518983395
7,8/11/2021 23:25,23:25,23,12.642,blue.ruin.1,1.28099631,2.506269373
7,8/11/2021 23:40,23:40,23,12.642,blue.ruin.1,1.204372624,2.477058935
7,8/11/2021 23:50,23:50,23,12.642,blue.ruin.1,1.204372624,2.402829848
7,8/12/2021 0:05,0:05,0,12.579,blue.ruin.1,1.316938111,2.470363192
7,8/12/2021 0:15,0:15,0,12.642,blue.ruin.1,1.162790698,2.492348837
7,8/12/2021 0:25,0:25,0,12.579,blue.ruin.1,1.244230769,2.535783654
7,8/12/2021 0:40,0:40,0,12.642,blue.ruin.1,1.121259843,2.446240157
7,8/12/2021 0:50,0:50,0,12.642,blue.ruin.1,1.091428571,2.447632143
7,8/12/2021 1:05,1:05,1,12.642,blue.ruin.1,1.074766355,2.403063084
7,8/12/2021 1:15,1:15,1,12.579,blue.ruin.1,1.145676692,2.432343515
7,8/12/2021 1:25,1:25,1,12.579,blue.ruin.1,1.145676692,2.451421992
7,8/12/2021 1:40,1:40,1,12.579,blue.ruin.1,1.105152672,2.411418416
7,8/12/2021 1:50,1:50,1,13.33,blue.ruin.1,0.892030568,2.500154823
7,8/12/2021 2:05,2:05,2,12.704,blue.ruin.1,0.991584158,2.36840099
7,8/12/2021 2:15,2:15,2,12.579,blue.ruin.1,1.080555556,2.393291667
7,8/12/2021 2:25,2:25,2,12.454,blue.ruin.1,1.281395349,2.434563953
7,8/12/2021 2:40,2:40,2,12.454,blue.ruin.1,1.241732283,2.475752953
7,8/12/2021 2:50,2:50,2,12.517,blue.ruin.1,1.166366906,2.402205486
7,8/12/2021 3:05,3:05,3,12.517,blue.ruin.1,1.166366906,2.402746403
7,8/12/2021 3:15,3:15,3,12.579,blue.ruin.1,1.053767123,2.371791096
7,8/12/2021 3:25,3:25,3,12.517,blue.ruin.1,1.093717277,2.37754712
7,8/12/2021 3:40,3:40,3,12.454,blue.ruin.1,1.156938776,2.406914286
7,8/12/2021 3:50,3:50,3,12.579,blue.ruin.1,1.038596491,2.361230263
7,8/12/2021 4:05,4:05,4,12.454,blue.ruin.1,1.113070539,2.404412863
7,8/12/2021 4:15,4:15,4,12.517,blue.ruin.1,1.057788945,2.39880402
7,8/12/2021 4:25,4:25,4,12.391,blue.ruin.1,1.220689655,2.462487069
7,8/12/2021 4:40,4:40,4,12.391,blue.ruin.1,1.220689655,2.33187931
7,8/12/2021 4:50,4:50,4,12.391,blue.ruin.1,1.220689655,2.427823276
7,8/12/2021 5:05,5:05,5,12.391,blue.ruin.1,1.220689655,2.411206897
7,8/12/2021 5:15,5:15,5,12.391,blue.ruin.1,1.187341772,2.435617089
7,8/12/2021 5:25,5:25,5,12.391,blue.ruin.1,1.220689655,2.384814655
7,8/12/2021 5:40,5:40,5,12.391,blue.ruin.1,1.248421053,2.444892105
7,8/12/2021 5:50,5:50,5,12.454,blue.ruin.1,1.148947368,2.411123684
7,8/12/2021 6:05,6:05,6,12.454,blue.ruin.1,1.113070539,2.389304979
7,8/12/2021 6:15,6:15,6,12.454,blue.ruin.1,1.112068966,2.40037069
7,8/12/2021 6:25,6:25,6,12.517,blue.ruin.1,1.03442623,2.343719262
7,8/12/2021 6:40,6:40,6,12.454,blue.ruin.1,1.112068966,2.437517241
7,8/12/2021 6:50,6:50,6,12.391,blue.ruin.1,1.220689655,2.493767241
7,8/12/2021 7:05,7:05,7,12.517,blue.ruin.1,1.057788945,2.442008166
7,8/12/2021 7:15,7:15,7,12.391,blue.ruin.1,1.259622642,2.573263208
7,8/12/2021 7:25,7:25,7,12.391,blue.ruin.1,1.259622642,2.665836321
7,8/12/2021 7:40,7:40,7,12.391,blue.ruin.1,1.259622642,2.733451415
7,8/12/2021 7:50,7:50,7,12.454,blue.ruin.1,1.192007435,2.785204461
7,8/12/2021 8:05,8:05,8,12.454,blue.ruin.1,1.231386861,2.892208029
7,8/12/2021 8:15,8:15,8,12.454,blue.ruin.1,1.241732283,2.988557087
7,8/12/2021 8:25,8:25,8,12.454,blue.ruin.1,1.241732283,3.105429134
7,8/12/2021 8:40,8:40,8,12.517,blue.ruin.1,1.171511628,3.149020349
7,8/12/2021 8:50,8:50,8,12.454,blue.ruin.1,1.357142857,3.217
7,8/12/2021 9:05,9:05,9,12.579,blue.ruin.1,1.199782609,3.425672283
7,8/12/2021 9:15,9:15,9,12.642,blue.ruin.1,1.125233645,3.488533879
7,8/12/2021 9:25,9:25,9,12.579,blue.ruin.1,1.304357798,3.551530963
7,8/12/2021 9:40,9:40,9,12.642,blue.ruin.1,1.2548583,3.758174089
7,8/12/2021 9:50,9:50,9,12.642,blue.ruin.1,1.295418327,3.788793825
7,8/12/2021 10:05,10:05,10,12.642,blue.ruin.1,1.28099631,3.834249077
7,8/12/2021 10:15,10:15,10,12.767,blue.ruin.1,1.115319149,4.132704255
7,8/12/2021 10:25,10:25,10,12.767,blue.ruin.1,1.224137931,4.075862069
7,8/12/2021 10:40,10:40,10,12.767,blue.ruin.1,1.36875,4.258
7,8/12/2021 10:50,10:50,10,12.954,blue.ruin.1,1.085833333,4.410735417
7,8/12/2021 11:05,11:05,11,13.017,blue.ruin.1,1.079119318,4.623099787
7,8/12/2021 11:15,11:15,11,12.892,blue.ruin.1,1.312264151,4.515924528
7,8/12/2021 11:25,11:25,11,13.017,blue.ruin.1,1.143125,4.719698438
7,8/12/2021 11:40,11:40,11,12.954,blue.ruin.1,1.320982143,4.851120536
7,8/12/2021 11:50,11:50,11,12.954,blue.ruin.1,1.361397059,4.636
7,8/12/2021 12:05,12:05,12,13.017,blue.ruin.1,1.330604982,4.629074288
7,8/12/2021 12:15,12:15,12,13.017,blue.ruin.1,1.398961938,4.538
7,8/12/2021 12:25,12:25,12,13.08,blue.ruin.1,1.35126183,4.713
7,8/12/2021 12:40,12:40,12,13.08,blue.ruin.1,1.393478261,4.719
7,8/12/2021 12:50,12:50,12,13.205,blue.ruin.1,1.238461538,4.872403846
7,8/12/2021 13:05,13:05,13,13.58,blue.ruin.1,1.014935065,5.142662338
7,8/12/2021 13:15,13:15,13,13.267,blue.ruin.1,1.348376623,4.614305195
7,8/12/2021 13:25,13:25,13,13.267,blue.ruin.1,1.397874494,4.545
7,8/12/2021 13:40,13:40,13,13.517,blue.ruin.1,1.199235808,4.870312773
7,8/12/2021 13:50,13:50,13,13.392,blue.ruin.1,1.373673469,4.552
7,8/12/2021 14:05,14:05,14,13.455,blue.ruin.1,1.333866995,4.474394089
7,8/12/2021 14:15,14:15,14,13.455,blue.ruin.1,1.371153846,4.411
7,8/12/2021 14:25,14:25,14,13.517,blue.ruin.1,1.252516779,4.715386326
7,8/12/2021 14:40,14:40,14,13.705,blue.ruin.1,0.985958904,5.042354452
7,8/12/2021 14:50,14:50,14,13.517,blue.ruin.1,1.276162791,4.600880814
7,8/12/2021 15:05,15:05,15,13.58,blue.ruin.1,1.126923077,4.675596154
7,8/12/2021 15:15,15:15,15,13.517,blue.ruin.1,1.236417323,4.417362205
7,8/12/2021 15:25,15:25,15,13.517,blue.ruin.1,1.270526316,4.500110526
7,8/12/2021 15:40,15:40,15,13.455,blue.ruin.1,1.4,4.024
7,8/12/2021 15:50,15:50,15,13.392,blue.ruin.1,1.412,4.086
7,8/12/2021 16:05,16:05,16,13.392,blue.ruin.1,1.373157895,3.857
7,8/12/2021 16:15,16:15,16,13.392,blue.ruin.1,1.358387097,3.839
7,8/12/2021 16:25,16:25,16,13.33,blue.ruin.1,1.427272727,3.774
7,8/12/2021 16:40,16:40,16,13.33,blue.ruin.1,1.406382979,3.751
7,8/12/2021 16:50,16:50,16,13.33,blue.ruin.1,1.371299639,3.728
7,8/12/2021 17:05,17:05,17,13.33,blue.ruin.1,1.376180258,3.677
7,8/12/2021 17:15,17:15,17,13.33,blue.ruin.1,1.402112676,3.662
7,8/12/2021 17:25,17:25,17,13.392,blue.ruin.1,1.271126761,3.753676056
7,8/12/2021 17:40,17:40,17,13.642,blue.ruin.1,0.945169525,4.044667079
7,8/12/2021 17:50,17:50,17,13.392,blue.ruin.1,1.244071146,3.732395257
7,8/12/2021 18:05,18:05,18,13.33,blue.ruin.1,1.29,3.6288
7,8/12/2021 18:15,18:15,18,13.33,blue.ruin.1,1.244570136,3.604963801
7,8/12/2021 18:25,18:25,18,13.267,blue.ruin.1,1.328110599,3.500596198
7,8/12/2021 18:40,18:40,18,13.267,blue.ruin.1,1.266094421,3.463748391
7,8/12/2021 18:50,18:50,18,13.267,blue.ruin.1,1.221834061,3.419328603
7,8/12/2021 19:05,19:05,19,13.267,blue.ruin.1,1.128506787,3.413606335
7,8/12/2021 19:15,19:15,19,13.205,blue.ruin.1,1.241908714,3.32696473
7,8/12/2021 19:25,19:25,19,13.205,blue.ruin.1,1.198734177,3.317917722
7,8/12/2021 19:40,19:40,19,13.205,blue.ruin.1,1.198734177,3.228908228
7,8/12/2021 19:50,19:50,19,13.205,blue.ruin.1,1.241908714,3.175838174
7,8/12/2021 20:05,20:05,20,13.893,blue.ruin.1,0.935656823,3.224143399
7,8/12/2021 20:15,20:15,20,13.267,blue.ruin.1,1.169795918,3.099013776
7,8/12/2021 20:25,20:25,20,13.267,blue.ruin.1,1.16,3.0395
7,8/12/2021 20:40,20:40,20,13.205,blue.ruin.1,1.198734177,2.927093354
7,8/12/2021 20:50,20:50,20,13.205,blue.ruin.1,1.154077253,2.882959764
7,8/12/2021 21:05,21:05,21,13.58,blue.ruin.1,0.910801394,2.92837504
7,8/12/2021 21:15,21:15,21,13.205,blue.ruin.1,1.154077253,2.768164163
7,8/12/2021 21:25,21:25,21,13.08,blue.ruin.1,1.372134387,2.726
7,8/12/2021 21:40,21:40,21,13.08,blue.ruin.1,1.292857143,2.715142857
7,8/12/2021 21:50,21:50,21,13.017,blue.ruin.1,1.327848101,2.693452532
7,8/12/2021 22:05,22:05,22,12.954,blue.ruin.1,1.325,2.714375
7,8/12/2021 22:15,22:15,22,12.892,blue.ruin.1,1.293965517,2.632551724
7,8/12/2021 22:25,22:25,22,12.829,blue.ruin.1,1.296022727,2.691384943
7,8/12/2021 22:40,22:40,22,12.704,blue.ruin.1,1.340134529,2.652634529
7,8/12/2021 22:50,22:50,22,12.642,blue.ruin.1,1.372779923,2.637
7,8/12/2021 23:05,23:05,23,12.642,blue.ruin.1,1.2548583,2.626541498
7,8/12/2021 23:15,23:15,23,12.642,blue.ruin.1,1.204372624,2.536264259
7,8/12/2021 23:25,23:25,23,12.579,blue.ruin.1,1.272674419,2.558277616
7,8/12/2021 23:40,23:40,23,12.579,blue.ruin.1,1.244230769,2.548884615
7,8/12/2021 23:50,23:50,23,12.579,blue.ruin.1,1.199782609,2.497406522
7,8/13/2021 0:05,0:05,0,12.579,blue.ruin.1,1.199782609,2.485524457
7,8/13/2021 0:15,0:15,0,12.579,blue.ruin.1,1.199782609,2.476764674
7,8/13/2021 0:25,0:25,0,12.579,blue.ruin.1,1.1918,2.4582055
7,8/13/2021 0:40,0:40,0,12.517,blue.ruin.1,1.277212389,2.496611173
7,8/13/2021 0:50,0:50,0,12.579,blue.ruin.1,1.153761062,2.449333518
7,8/13/2021 1:05,1:05,1,12.517,blue.ruin.1,1.25056391,2.496581297
7,8/13/2021 1:15,1:15,1,12.517,blue.ruin.1,1.25056391,2.469530545
7,8/13/2021 1:25,1:25,1,12.517,blue.ruin.1,1.220867769,2.433087293
7,8/13/2021 1:40,1:40,1,12.454,blue.ruin.1,1.296638655,2.509317227
7,8/13/2021 1:50,1:50,1,12.454,blue.ruin.1,1.281395349,2.49877907
7,8/13/2021 2:05,2:05,2,12.454,blue.ruin.1,1.241732283,2.485558071
7,8/13/2021 2:15,2:15,2,12.454,blue.ruin.1,1.241732283,2.492851378
7,8/13/2021 2:25,2:25,2,12.454,blue.ruin.1,1.208078603,2.455490175
7,8/13/2021 2:40,2:40,2,12.391,blue.ruin.1,1.334854015,2.515518248
7,8/13/2021 2:50,2:50,2,12.391,blue.ruin.1,1.288,2.52153
7,8/13/2021 3:05,3:05,3,12.391,blue.ruin.1,1.272653061,2.47552551
7,8/13/2021 3:15,3:15,3,12.391,blue.ruin.1,1.272653061,2.485039286
7,8/13/2021 3:25,3:25,3,12.391,blue.ruin.1,1.272653061,2.511503571
7,8/13/2021 3:40,3:40,3,12.391,blue.ruin.1,1.259622642,2.518409434
7,8/13/2021 3:50,3:50,3,12.391,blue.ruin.1,1.230705394,2.507196058
7,8/13/2021 4:05,4:05,4,12.391,blue.ruin.1,1.248421053,2.513213158
7,8/13/2021 4:15,4:15,4,12.391,blue.ruin.1,1.220689655,2.484896552
7,8/13/2021 4:25,4:25,4,12.391,blue.ruin.1,1.230705394,2.488423755
7,8/13/2021 4:40,4:40,4,12.391,blue.ruin.1,1.248421053,2.452022368
7,8/13/2021 4:50,4:50,4,12.391,blue.ruin.1,1.230705394,2.465616701
7,8/13/2021 5:05,5:05,5,12.391,blue.ruin.1,1.220689655,2.463392241
7,8/13/2021 5:15,5:15,5,12.391,blue.ruin.1,1.220689655,2.451362069
7,8/13/2021 5:25,5:25,5,12.391,blue.ruin.1,1.220689655,2.476926724
7,8/13/2021 5:40,5:40,5,12.391,blue.ruin.1,1.220689655,2.481137931
7,8/13/2021 5:50,5:50,5,12.391,blue.ruin.1,1.220689655,2.475422414
7,8/13/2021 6:05,6:05,6,12.391,blue.ruin.1,1.220689655,2.468956897
7,8/13/2021 6:15,6:15,6,12.391,blue.ruin.1,1.187341772,2.472579114
7,8/13/2021 6:25,6:25,6,12.391,blue.ruin.1,1.212099644,2.450052046
7,8/13/2021 6:40,6:40,6,12.391,blue.ruin.1,1.220689655,2.503168103
7,8/13/2021 6:50,6:50,6,12.391,blue.ruin.1,1.187341772,2.443346519
7,8/13/2021 7:05,7:05,7,12.391,blue.ruin.1,1.220689655,2.547228448
7,8/13/2021 7:15,7:15,7,12.391,blue.ruin.1,1.220689655,2.545573276
7,8/13/2021 7:25,7:25,7,12.391,blue.ruin.1,1.248421053,2.554131579
7,8/13/2021 7:40,7:40,7,12.454,blue.ruin.1,1.180097087,2.577616505
7,8/13/2021 7:50,7:50,7,12.454,blue.ruin.1,1.192007435,2.716734201
7,8/13/2021 8:05,8:05,8,12.454,blue.ruin.1,1.22244898,2.890714286
7,8/13/2021 8:15,8:15,8,12.454,blue.ruin.1,1.22244898,2.983686224
7,8/13/2021 8:25,8:25,8,12.454,blue.ruin.1,1.247169811,3.092358491
7,8/13/2021 8:40,8:40,8,12.454,blue.ruin.1,1.304255319,3.25956117
7,8/13/2021 8:50,8:50,8,12.517,blue.ruin.1,1.203723404,3.351715426
7,8/13/2021 9:05,9:05,9,12.517,blue.ruin.1,1.240034965,3.49709965
7,8/13/2021 9:15,9:15,9,12.579,blue.ruin.1,1.179137931,3.560572845
7,8/13/2021 9:25,9:25,9,12.579,blue.ruin.1,1.223175182,3.684487226
7,8/13/2021 9:40,9:40,9,12.642,blue.ruin.1,1.204372624,3.838473384
7,8/13/2021 9:50,9:50,9,12.642,blue.ruin.1,1.295418327,3.809987052
7,8/13/2021 10:05,10:05,10,12.642,blue.ruin.1,1.354680851,3.866
7,8/13/2021 10:15,10:15,10,12.642,blue.ruin.1,1.435185185,3.985
7,8/13/2021 10:25,10:25,10,12.642,blue.ruin.1,1.445505618,4.061
7,8/13/2021 10:40,10:40,10,12.704,blue.ruin.1,1.4375,4.224
7,8/13/2021 10:50,10:50,10,12.704,blue.ruin.1,1.473846154,4.191
7,8/13/2021 11:05,11:05,11,12.767,blue.ruin.1,1.446746575,4.34
7,8/13/2021 11:15,11:15,11,12.767,blue.ruin.1,1.454588608,4.011
7,8/13/2021 11:25,11:25,11,12.829,blue.ruin.1,1.39671875,4.473
7,8/13/2021 11:40,11:40,11,12.829,blue.ruin.1,1.467639257,4.275
7,8/13/2021 11:50,11:50,11,12.829,blue.ruin.1,1.467639257,4.66
