<?xml version="1.0" encoding="UTF-8"?>
<kml xmlns="http://www.opengis.net/kml/2.2" xmlns:gx="http://www.google.com/kml/ext/2.2" xmlns:kml="http://www.opengis.net/kml/2.2" xmlns:atom="http://www.w3.org/2005/Atom">
<Document>
	<name>blue.ruin.polygon.kml</name>
	<Style id="s_ylw-pushpin">
		<IconStyle>
			<scale>1.1</scale>
			<Icon>
				<href>http://maps.google.com/mapfiles/kml/pushpin/ylw-pushpin.png</href>
			</Icon>
			<hotSpot x="20" y="2" xunits="pixels" yunits="pixels"/>
		</IconStyle>
		<PolyStyle>
			<fill>0</fill>
		</PolyStyle>
	</Style>
	<StyleMap id="m_ylw-pushpin">
		<Pair>
			<key>normal</key>
			<styleUrl>#s_ylw-pushpin</styleUrl>
		</Pair>
		<Pair>
			<key>highlight</key>
			<styleUrl>#s_ylw-pushpin_hl</styleUrl>
		</Pair>
	</StyleMap>
	<Style id="s_ylw-pushpin_hl">
		<IconStyle>
			<scale>1.3</scale>
			<Icon>
				<href>http://maps.google.com/mapfiles/kml/pushpin/ylw-pushpin.png</href>
			</Icon>
			<hotSpot x="20" y="2" xunits="pixels" yunits="pixels"/>
		</IconStyle>
		<PolyStyle>
			<fill>0</fill>
		</PolyStyle>
	</Style>
	<Folder>
		<name>Blue Ruin outline</name>
		<open>1</open>
		<Placemark>
			<name>Untitled Polygon</name>
			<styleUrl>#m_ylw-pushpin</styleUrl>
			<Polygon>
				<tessellate>1</tessellate>
				<outerBoundaryIs>
					<LinearRing>
						<coordinates>
							-123.164218378464,44.23397031582689,0 -123.1642126010474,44.23396892653111,0 -123.1641971759887,44.23396475256584,0 -123.1641876081725,44.23396338118305,0 -123.1641759203302,44.23395778380385,0 -123.1641662141656,44.23395359368136,0 -123.1641567324923,44.23395363486438,0 -123.1641471085133,44.23395085692906,0 -123.1641393848466,44.23394807218298,0 -123.1641317342649,44.23394669680639,0 -123.1641240174619,44.23394391419288,0 -123.1641144774036,44.23394254810298,0 -123.1641068338877,44.23394117413563,0 -123.1640972984696,44.23393980877623,0 -123.1640915527936,44.23393842728536,0 -123.1640782348766,44.23393707904039,0 -123.1640687067719,44.233935714695,0 -123.1640630272335,44.23393573936092,0 -123.1640534432025,44.23393297060964,0 -123.1640458724329,44.23393300348843,0 -123.1640362952357,44.2339302361428,0 -123.1640286705357,44.23392886532451,0 -123.1640171555562,44.23392470572177,0 -123.164011320957,44.23392052464279,0 -123.1640017635813,44.23391776365839,0 -123.1639922111191,44.23391500408226,0 -123.1639845525587,44.23391223774178,0 -123.1639750582642,44.23391087969154,0 -123.1639674070424,44.23390811542848,0 -123.1639616947793,44.23390674202437,0 -123.1639521162661,44.23390259114416,0 -123.1639425898278,44.23389983929843,0 -123.1639349546755,44.23389708066274,0 -123.1639273233956,44.23389432344749,0 -123.1639178521063,44.23389296992264,0 -123.1639121133258,44.2338902066043,0 -123.1639045325633,44.23388884595028,0 -123.163893145848,44.23388610928347,0 -123.1638893768434,44.23388612564857,0 -123.1638780333427,44.23388478237911,0 -123.163872309073,44.2338820232664,0 -123.1638628556239,44.23388067285187,0 -123.1638552543242,44.23387792399623,0 -123.1638514881956,44.23387794034802,0 -123.1638382125829,44.2338738278657,0 -123.1638306831893,44.233873860556,0 -123.1638230948961,44.2338711151762,0 -123.1638136573098,44.23386976751706,0 -123.1638041680608,44.23386564494667,0 -123.1637965922912,44.23386290374287,0 -123.1637928314145,44.23386292007056,0 -123.1637795728016,44.23385743368328,0 -123.1637682285952,44.2338533286667,0 -123.1637606705896,44.23385059371332,0 -123.1637568930245,44.23384922675665,0 -123.163738056718,44.23384516057987,0 -123.163730512107,44.23384242977435,0 -123.1637248477034,44.2338396922223,0 -123.1637210949319,44.23383970851317,0 -123.1637079307027,44.23383700490093,0 -123.1636928848615,44.23383293171328,0 -123.163679724931,44.23382885346479,0 -123.163670332524,44.23382613907874,0 -123.163662818408,44.23382341791761,0 -123.16365343503,44.23382070627816,0 -123.1636457978236,44.23381357502269,0 -123.1636369084508,44.23380908364555,0 -123.163628690752,44.23380327186799,0 -123.1636255436798,44.23380069004042,0 -123.1636199136455,44.23379884232877,0 -123.1636068490932,44.23379224904737,0 -123.163593904409,44.23378571626101,0 -123.1635835364639,44.23377852693965,0 -123.1635750058994,44.23377650425259,0 -123.1635635219584,44.23377200488206,0 -123.1635538589738,44.23377036192073,0 -123.163544944083,44.23376520067153,0 -123.163534313089,44.23375949749746,0 -123.1635277791828,44.23375811895997,0 -123.1635230315038,44.23375731951885,0 -123.163515975306,44.23375502310398,0 -123.1635102507935,44.2337501951563,0 -123.1635008559552,44.23374862303459,0 -123.1634920377069,44.23374797135149,0 -123.1634869562956,44.23374410526556,0 -123.1634808367524,44.2337384472029,0 -123.163470398895,44.23373725891912,0 -123.1634683034845,44.23373365697569,0 -123.1634615768412,44.23373283830659,0 -123.1634609635598,44.23373055285512,0 -123.1634561711358,44.23372465256588,0 -123.1634450586662,44.23371804199704,0 -123.1634414233489,44.23371266138077,0 -123.1634377916882,44.23370728615009,0 -123.1634323112072,44.23370192433478,0 -123.1634250470954,44.23369254401836,0 -123.1634214304032,44.23368718890598,0 -123.1634178173402,44.23368183914281,0 -123.1634142078838,44.23367649471712,0 -123.1634124491518,44.23367114761043,0 -123.1634070227388,44.23366448523832,0 -123.1634052927469,44.23365781515506,0 -123.163403541537,44.23365248666645,0 -123.1633981060642,44.23364717947384,0 -123.1633963358905,44.23364319255315,0 -123.1633945915126,44.23363787862185,0 -123.1633928735423,44.23363124163823,0 -123.1633911328511,44.23362593958203,0 -123.1633893938884,44.2336206427882,0 -123.1633876566172,44.23361535125274,0 -123.163385946584,44.23360874221995,0 -123.1633823775104,44.23360347044493,0 -123.1633806465471,44.23359819593374,0 -123.1633789172981,44.23359292664579,0 -123.1633790224842,44.23358765462225,0 -123.1633791538202,44.23358107192733,0 -123.1633775073779,44.2335718777576,0 -123.1633776130521,44.23356662655002,0 -123.1633777186221,44.23356138051982,0 -123.1633741962957,44.23355484611982,0 -123.1633724502295,44.23355092776831,0 -123.1633725312087,44.23354700438641,0 -123.1633690442465,44.23353918214942,0 -123.1633655067849,44.23353397902278,0 -123.1633601502314,44.2335287889167,0 -123.1633512441831,44.2335197165466,0 -123.1633477220256,44.23351453257582,0 -123.1633442336578,44.23350805582465,0 -123.1633407187997,44.2335028833047,0 -123.1633390555975,44.23349641296559,0 -123.1633355471579,44.23349125186235,0 -123.1633338889585,44.23348479578374,0 -123.163332264529,44.23347705734686,0 -123.1633287658548,44.23347191519153,0 -123.163328990697,44.23346290101348,0 -123.1633291190052,44.23345775698525,0 -123.1633274377504,44.23345262583257,0 -123.1633239495509,44.23344750752214,0 -123.1633222396072,44.23344366816201,0 -123.1633205970082,44.23343727023782,0 -123.1633170837976,44.23343344620145,0 -123.1633118699233,44.23342579867163,0 -123.1633065596058,44.23342199082893,0 -123.1632994852273,44.23341691804546,0 -123.1632923813106,44.23341312452049,0 -123.1632852826133,44.23340933374922,0 -123.1632763877659,44.23340555357003,0 -123.1632711396565,44.23340048896735,0 -123.1632712953152,44.23339540590059,0 -123.1632714896768,44.23338905897406,0 -123.163275240187,44.2333839714141,0 -123.1632789870581,44.23337888876213,0 -123.1632844889137,44.23337506832382,0 -123.1632917821663,44.23337124290499,0 -123.1632990701165,44.2333674202382,0 -123.1633063182674,44.23336486296008,0 -123.1633135965218,44.23336104495271,0 -123.163320836733,44.23335849076527,0 -123.1633281053447,44.23335467735202,0 -123.1633335766889,44.233350874479,0 -123.1633372835578,44.2333458238386,0 -123.1633409868428,44.23334077805278,0 -123.1633429272093,44.23333448934535,0 -123.1633430472197,44.23332947002807,0 -123.1633396227021,44.23332321822612,0 -123.163336171567,44.23331822528893,0 -123.1633326925375,44.23331448761844,0 -123.1633274946262,44.2333082616187,0 -123.163322238146,44.23330453888585,0 -123.163316952416,44.2333020662934,0 -123.163311736572,44.23329710151085,0 -123.1633047094644,44.2332933945637,0 -123.1632976520951,44.23329093505385,0 -123.1632887805426,44.23328972891994,0 -123.1632816923062,44.23328851535042,0 -123.1632746438303,44.23328605822249,0 -123.1632693790704,44.23328359452637,0 -123.1632622974241,44.23328238242162,0 -123.1632534781917,44.23327993593136,0 -123.1632464424539,44.2332774828998,0 -123.1632411888918,44.23327502336006,0 -123.1632359805314,44.23327132465592,0 -123.1632308191978,44.23326638948453,0 -123.1632256628154,44.23326145907512,0 -123.1632258382079,44.23325651026673,0 -123.163226057211,44.2332503309532,0 -123.1632262322253,44.23324539280718,0 -123.1632264070718,44.23324045938892,0 -123.1632307668735,44.23323311110838,0 -123.1632500704354,44.23322285921449,0 -123.1632572866112,44.23321944187119,0 -123.1632622568391,44.23321265321792,0 -123.1632624988149,44.23320589174669,0 -123.1632628009494,44.23319744926322,0 -123.1632631027116,44.23318901717163,0 -123.1632632835911,44.23318396287522,0 -123.163263705123,44.23317218404016,0 -123.1632640057735,44.23316378297159,0 -123.1632618324256,44.23315875747446,0 -123.1632574296495,44.233150393282,0 -123.1632552608513,44.23314537765592,0 -123.1632508664166,44.23313702985624,0 -123.1632464774066,44.2331286922766,0 -123.1632419685272,44.23312370275988,0 -123.1632351797296,44.23311705917759,0 -123.1632330243998,44.23311206804599,0 -123.1632262457846,44.23310543583499,0 -123.1632195390349,44.23309714705965,0 -123.1632151819659,44.23308885824873,0 -123.1632106977956,44.23308389792546,0 -123.1632062836247,44.23307728306325,0 -123.1632018737595,44.23307067465208,0 -123.1631998729185,44.23306240799103,0 -123.1631978068422,44.23305580393956,0 -123.163193408084,44.23304921642323,0 -123.1631936125556,44.2330442648333,0 -123.1631940210516,44.23303437247155,0 -123.1631943610084,44.23302613987686,0 -123.1631947005534,44.23301791724255,0 -123.1631926437587,44.23301135645233,0 -123.163192915964,44.23300479190316,0 -123.1631908619883,44.2329982438068,0 -123.1631888100462,44.23299170209596,0 -123.1631867600944,44.23298516668794,0 -123.1631823895905,44.23297864771683,0 -123.1631804834484,44.23296886091143,0 -123.1631784409511,44.23296234765407,0 -123.1631762609044,44.23295909839674,0 -123.1631719742154,44.23295097709979,0 -123.1631676927454,44.23294286564603,0 -123.1631655893988,44.23293800144423,0 -123.163163629999,44.23292989561336,0 -123.1631616015879,44.23292341996243,0 -123.1631596466732,44.23291533170924,0 -123.1631553119191,44.23290888011152,0 -123.1631556000377,44.23290241470475,0 -123.1631536517918,44.23289435173978,0 -123.1631541566663,44.23288306586328,0 -123.1631521398776,44.23287663528654,0 -123.1631501250268,44.23287021088846,0 -123.1631481120666,44.2328637926964,0 -123.1631484752791,44.23285576610361,0 -123.1631487655334,44.23284935179564,0 -123.163146756406,44.23284295356853,0 -123.1631447491616,44.23283656147367,0 -123.163145040783,44.23283016558118,0 -123.1631430363676,44.23282378572846,0 -123.1631433285292,44.23281740207049,0 -123.1631436933397,44.23280943103948,0 -123.1631439120165,44.23280465299364,0 -123.1631419849458,44.23279670716063,0 -123.1631391425702,44.23278441582238,0 -123.1631399156341,44.23276630098534,0 -123.1631377817423,44.23275907854104,0 -123.1631356500227,44.23275186347197,0 -123.1631335204274,44.23274465574674,0 -123.1631338318825,44.2327374447751,0 -123.1631316273582,44.23273205191811,0 -123.1631270661145,44.23272487490328,0 -123.1631225886936,44.23271590859972,0 -123.1631180372485,44.2327087479762,0 -123.1631160030066,44.2326997915829,0 -123.1631114600938,44.2326926473,0 -123.1631092710585,44.23268728855486,0 -123.1631072454131,44.23267835935852,0 -123.1631050601943,44.23267301148576,0 -123.1631055464933,44.23266230685306,0 -123.1631059511781,44.232653398733,0 -123.163106355351,44.23264450186637,0 -123.163106759013,44.23263561623184,0 -123.1631046614672,44.23262852629706,0 -123.1631025661281,44.2326214435152,0 -123.1631030525318,44.23261081699788,0 -123.1631033763917,44.23260374158314,0 -123.163101366439,44.23259491780027,0 -123.1631017718144,44.2325860946538,0 -123.1630996841616,44.23257905457701,0 -123.1630975986972,44.23257202158766,0 -123.1630931060766,44.23256500611377,0 -123.1630910260111,44.23255798723304,0 -123.1630911903902,44.23255447522079,0 -123.1630868719614,44.2325439706095,0 -123.1630871198138,44.23253871381225,0 -123.1630852122267,44.23252822247187,0 -123.1630854604233,44.23252297750623,0 -123.163081156024,44.23251252021009,0 -123.1630814885674,44.23250554353183,0 -123.1630795064525,44.23249684288555,0 -123.163079922642,44.23248814271881,0 -123.1630764109356,44.23247447793924,0 -123.1630767903852,44.23246921997936,0 -123.1630773584804,44.23246134798455,0 -123.1630759507908,44.23245611766676,0 -123.163070976496,44.23245091074242,0 -123.1630677927592,44.23244570395959,0 -123.1630646137672,44.2324405050451,0 -123.1630632199848,44.2324353062598,0 -123.1630600492398,44.23243012303293,0 -123.1630604385917,44.23242493220466,0 -123.1630591485385,44.23241846236483,0 -123.1630577632609,44.232413296796,0 -123.1630546068201,44.23240814668603,0 -123.1630549990176,44.23240298895164,0 -123.1630554884363,44.23239655267054,0 -123.1630557816467,44.2323926966956,0 -123.1630545019348,44.23238628737356,0 -123.1630547952597,44.23238244294813,0 -123.1630517534357,44.23237606046787,0 -123.163048618541,44.23237096613128,0 -123.1630473496496,44.23236459746063,0 -123.1630442233096,44.23235952024876,0 -123.1630427615566,44.23235571349353,0 -123.1630379847474,44.23234938852913,0 -123.1630366291698,44.23234432637756,0 -123.1630335201872,44.23233927936759,0 -123.1630321699477,44.23233423226755,0 -123.1630290689017,44.23232920027115,0 -123.1630277239752,44.23232416814848,0 -123.1630263810447,44.23231914350293,0 -123.1630250401715,44.23231412631051,0 -123.163025448903,44.23230910897746,0 -123.1630223642542,44.23230411420617,0 -123.1630227743608,44.23229911170858,0 -123.1630214401209,44.23229412417022,0 -123.1630201077879,44.23228914400313,0 -123.1630206212731,44.23228291969622,0 -123.163017552197,44.23227796360354,0 -123.1630180671848,44.23227175991919,0 -123.1630167417526,44.23226681271475,0 -123.1630171537322,44.23226186528164,0 -123.1630174623188,44.23225815948659,0 -123.1630168904044,44.23223662090972,0 -123.1630154945846,44.2322311462619,0 -123.1630141009929,44.23222568010564,0 -123.1630127094892,44.23222022240646,0 -123.1630113201366,44.23221477314444,0 -123.1630082208621,44.23220797932059,0 -123.1630068373852,44.23220254896616,0 -123.1630055655401,44.23219577082164,0 -123.1630040768954,44.23219171334393,0 -123.1630046245312,44.23218494819537,0 -123.1630052803052,44.23217684716854,0 -123.1630040145267,44.23217011842873,0 -123.1630009418793,44.23216341044306,0 -123.1629995727342,44.23215804861115,0 -123.1630001220599,44.23215134807749,0 -123.1630006703342,44.23214466036318,0 -123.1629994148343,44.23213799324909,0 -123.1629962504085,44.23213267809589,0 -123.1629966908944,44.23212735545299,0 -123.1629953321082,44.2321220487261,0 -123.1629939753262,44.23211675008904,0 -123.1629925100286,44.23211278335903,0 -123.1629913787374,44.23210485569292,0 -123.1629900283135,44.23209958322468,0 -123.1629869998714,44.23209300972449,0 -123.1629855435516,44.23208907005889,0 -123.1629843123237,44.23208250874183,0 -123.1629848701689,44.23207595210706,0 -123.1629835303632,44.23207072347518,0 -123.162982750995,44.23205897829533,0 -123.1629833084171,44.23205246615186,0 -123.1629819742725,44.23204727299638,0 -123.1629824201229,44.23204207996363,0 -123.1629810887239,44.23203690246041,0 -123.1629802057733,44.23202656313095,0 -123.1629788789753,44.23202140896703,0 -123.1629775542366,44.23201626254608,0 -123.1629744614455,44.23201113152567,0 -123.1629731420071,44.23200600053677,0 -123.1629734794171,44.23200215159174,0 -123.1629706217645,44.23199448198555,0 -123.1629693084074,44.23198937593104,0 -123.1629697599761,44.23198426986073,0 -123.1629684491594,44.23197917906537,0 -123.1629672534069,44.23197282434662,0 -123.1629658334592,44.23196902025295,0 -123.1629646419258,44.23196268447033,0 -123.1629633390694,44.23195762586303,0 -123.1629620382182,44.23195257477729,0 -123.1629607392356,44.23194753121109,0 -123.1629576900313,44.23194250272962,0 -123.1629581471227,44.23193746654787,0 -123.1629568539197,44.23193244540366,0 -123.1629555626331,44.23192743171903,0 -123.1629540439358,44.23192493145873,0 -123.1629529858606,44.23191742661961,0 -123.162953444741,44.23191242760949,0 -123.1629505317963,44.23190620434568,0 -123.1629492501866,44.23190122946655,0 -123.1629497107229,44.23189625439987,0 -123.162948661988,44.23188881308174,0 -123.1629457635723,44.23188263332909,0 -123.1629444900154,44.23187769320175,0 -123.1629433340865,44.23187152637634,0 -123.1629419483875,44.23186783472966,0 -123.1629409126258,44.23186045611278,0 -123.1629414923493,44.23185431342159,0 -123.1629401112176,44.23185064070814,0 -123.1629372371438,44.23184453097002,0 -123.1629346019097,44.23183599011811,0 -123.1629333453521,44.23183111837842,0 -123.1629303684224,44.23182626121974,0 -123.162929234294,44.23182018853399,0 -123.1629294691713,44.23181775960539,0 -123.1629268543989,44.23180928708518,0 -123.1629256085101,44.23180445430037,0 -123.1629259619109,44.23180082872902,0 -123.1629249538589,44.23179359689809,0 -123.162921999843,44.23178879430878,0 -123.1629224724654,44.23178398385541,0 -123.1629212344331,44.23177918781731,0 -123.1629199981977,44.23177439870273,0 -123.1629205893936,44.23176841283813,0 -123.1629210615824,44.23176363191968,0 -123.1629203952107,44.2317520758687,0 -123.1629223713549,44.23173090568067,0 -123.1629229864362,44.23172431637932,0 -123.1629216879445,44.2317190617001,0 -123.162922179781,44.23171380723747,0 -123.1629192200653,44.23170726585277,0 -123.1629179276203,44.23170203701352,0 -123.1629166370642,44.2316968160879,0 -123.1629153484594,44.23169160305559,0 -123.1629145571394,44.23168119288403,0 -123.1629132730191,44.23167600343272,0 -123.1629102135972,44.23167082950859,0 -123.1629088101557,44.23166695033132,0 -123.1629075330196,44.2316617823418,0 -123.1629044842432,44.2316566298194,0 -123.1629032122782,44.23165147735502,0 -123.1629002971012,44.23164505341373,0 -123.1628990304251,44.2316399183338,0 -123.1628995336234,44.23163478328923,0 -123.1628965028323,44.23162967126029,0 -123.1628953681379,44.23162328050464,0 -123.162892218796,44.23161946249274,0 -123.1628908359381,44.23161564111981,0 -123.1628861861883,44.23160929186263,0 -123.162884936728,44.23160421030777,0 -123.1628819303226,44.23159914395033,0 -123.1628789284634,44.23159408515131,0 -123.1628776871342,44.23158902627456,0 -123.1628746929014,44.23158398252676,0 -123.1628735860689,44.23157767699441,0 -123.1628723517712,44.23157264252212,0 -123.1628693686577,44.23156762311343,0 -123.162870018389,44.23156134036607,0 -123.1628706669161,44.23155506925761,0 -123.1628713142425,44.23154880975574,0 -123.1628719603713,44.23154256182826,0 -123.162872605306,44.23153632544307,0 -123.1628733776563,44.23152885696891,0 -123.1628738916062,44.23152388717187,0 -123.1628745329782,44.2315176852223,0 -123.1628753010663,44.23151025794525,0 -123.1628760674594,44.23150284705161,0 -123.1628767048294,44.23149668378527,0 -123.1628773410293,44.23149053182747,0 -123.1628779760626,44.2314843911471,0 -123.1628786099322,44.23147826171316,0 -123.1628792426416,44.23147214349481,0 -123.1628798741938,44.23146603646124,0 -123.162880504592,44.23145994058184,0 -123.1628811338394,44.23145385582603,0 -123.1628816364092,44.23144899602631,0 -123.1628821382488,44.2314441432834,0 -123.1628828896349,44.23143687744512,0 -123.1628833896493,44.23143204234488,0 -123.1628837641827,44.23142842063407,0 -123.1628842629225,44.2314235978536,0 -123.1628850096785,44.23141637676875,0 -123.1628856307308,44.23141037122492,0 -123.1628860028236,44.23140677310545,0 -123.1628849146608,44.23140079235128,0 -123.1628854104943,44.23139600960004,0 -123.1628843245756,44.23139004827355,0 -123.1628831165555,44.23138528846714,0 -123.162882034533,44.23137934649316,0 -123.1628824068228,44.23137578205577,0 -123.1628813269355,44.23136985721072,0 -123.1628784265785,44.23136513387348,0 -123.1628772273697,44.23136040995342,0 -123.1628760298856,44.23135569282761,0 -123.1628764040739,44.23135215395065,0 -123.1628719467595,44.23134628626497,0 -123.1628674974373,44.23134042912987,0 -123.1628646199951,44.2313357480283,0 -123.162861746673,44.23133107366024,0 -123.1628590046915,44.23132523642027,0 -123.1628560123056,44.2313217449356,0 -123.1628532794275,44.23131592440048,0 -123.162850294322,44.23131244289346,0 -123.1628475704468,44.23130663896573,0 -123.1628462748582,44.23130316010395,0 -123.1628435584498,44.23129737269313,0 -123.162839167666,44.23129160288728,0 -123.1628380098341,44.23128698423258,0 -123.1628336730795,44.23127285350462,0 -123.1628306653608,44.23126765974304,0 -123.1628294414201,44.2312624661049,0 -123.1628264414279,44.23125728800695,0 -123.16282344589,44.23125211771271,0 -123.1628204549291,44.23124695520128,0 -123.1628174684683,44.23124180045899,0 -123.1628143450455,44.23123794332971,0 -123.1628095954841,44.23123280981297,0 -123.1628083936297,44.23122766865991,0 -123.1628054245531,44.23122254288502,0 -123.1628023167509,44.23121870742837,0 -123.1628012661195,44.23121230671513,0 -123.1627983091104,44.23120720395129,0 -123.1627953565255,44.23120210881317,0 -123.1627941706365,44.23119701365942,0 -123.1627913703037,44.23119066113703,0 -123.1627901893795,44.23118558307809,0 -123.1627872522043,44.23118052020384,0 -123.1627860761077,44.2311754572662,0 -123.1627831463679,44.23117040946799,0 -123.1627819750753,44.23116536158421,0 -123.1627790527389,44.23116032880186,0 -123.1627778862278,44.23115529589775,0 -123.1627767214475,44.2311502704719,0 -123.1627755584601,44.23114525250035,0 -123.1627759982865,44.23114148821156,0 -123.1627732375242,44.23113523884116,0 -123.1627720796968,44.23113024313403,0 -123.1627709235166,44.23112525481573,0 -123.1627699162355,44.23111902789195,0 -123.1627687636377,44.23111405613916,0 -123.1627679073086,44.23110660848425,0 -123.1627667582494,44.23110165504283,0 -123.1627673472747,44.23109670137136,0 -123.1627663476069,44.23109052704609,0 -123.1627653497111,44.23108436406648,0 -123.1627642063292,44.2310794433205,0 -123.1627630646885,44.23107452981095,0 -123.1627619246577,44.23106962350864,0 -123.1627606386216,44.23106595037792,0 -123.1627597973912,44.23105860872269,0 -123.1627567890509,44.23105495514889,0 -123.1627558052433,44.23104885734438,0 -123.1627563976421,44.23104398115029,0 -123.1627552676796,44.23103911953564,0 -123.1627541393672,44.23103426500045,0 -123.1627547316825,44.23102941012136,0 -123.1627537535101,44.23102335887479,0 -123.1627527770496,44.23101731866355,0 -123.1627533688504,44.23101248843462,0 -123.1627520984567,44.23100887782275,0 -123.1627528377487,44.23100285646495,0 -123.1627500065233,44.23099806206875,0 -123.1627488889742,44.23099326724372,0 -123.1627477731114,44.23098847933893,0 -123.1627469555187,44.23098130680549,0 -123.1627458430076,44.23097653620651,0 -123.1627431768619,44.23097058821504,0 -123.1627403664097,44.23096584048087,0 -123.1627392612576,44.23096109225293,0 -123.1627320074955,44.230948745398,0 -123.1627308141624,44.23094318174756,0 -123.1627277827176,44.23093763475808,0 -123.1627265945395,44.23093208844749,0 -123.1627235711061,44.23092655874473,0 -123.1627205523821,44.23092103763634,0 -123.1627213703934,44.23091412846566,0 -123.1627183585881,44.23090862668774,0 -123.1627191772986,44.23090174163215,0 -123.1627199944208,44.23089486992791,0 -123.1627184926216,44.23089213291123,0 -123.1627158201492,44.23088392663223,0 -123.1627166384623,44.23087708943706,0 -123.1627136460999,44.23087164500475,0 -123.1627124798569,44.23086620107207,0 -123.1627094953242,44.23086077344969,0 -123.1627083340799,44.23085534631565,0 -123.1627070099636,44.23085128342964,0 -123.1627060170243,44.23084451712485,0 -123.1627051907885,44.23083641315969,0 -123.1627022244765,44.23083103137134,0 -123.1627010737212,44.23082565000684,0 -123.1626999247996,44.23082027690206,0 -123.1626987775734,44.23081491203106,0 -123.1626976321043,44.23080955538968,0 -123.1626946829364,44.23080421477022,0 -123.1626935423528,44.2307988745103,0 -123.1626906008202,44.23079355023008,0 -123.1626897982351,44.23078556343886,0 -123.1626870320766,44.23077893084311,0 -123.1626857344617,44.23077495579806,0 -123.1626847726236,44.23076833562183,0 -123.1626818505741,44.23076305788658,0 -123.1626807265405,44.2307577804056,0 -123.1626813962893,44.2307525031791,0 -123.1626802742406,44.23074724173196,0 -123.1626773645411,44.23074199602405,0 -123.1626778677168,44.23073805533886,0 -123.1626770859818,44.23073019514533,0 -123.1626759708053,44.23072496751184,0 -123.1626768083691,44.23071843442744,0 -123.1626739133823,44.23071323229333,0 -123.1626728033378,44.23070803029934,0 -123.1626715270633,44.23070413588363,0 -123.1626688103857,44.23069765754863,0 -123.1626677067608,44.23069247904726,0 -123.1626666047316,44.23068730834177,0 -123.1626640682258,44.23067957070742,0 -123.1626629710002,44.23067441941924,0 -123.1626620443541,44.23066798926419,0 -123.1626609505649,44.23066285535515,0 -123.1626598583494,44.2306577291433,0 -123.162660871546,44.2306500427439,0 -123.1626597814316,44.23064493571103,0 -123.1626606244128,44.23063855310508,0 -123.1626597048651,44.23063219004695,0 -123.1626586184689,44.23062710966877,0 -123.1626575336918,44.23062203687459,0 -123.1626546935147,44.23061697924698,0 -123.162653444224,44.23061318717372,0 -123.1626507802406,44.23060687898146,0 -123.162649874111,44.23060057491623,0 -123.162647048524,44.23059554919634,0 -123.1626445676564,44.23058801702167,0 -123.1626417513052,44.2305830099341,0 -123.1626422627076,44.23057924813501,0 -123.1626396223833,44.23057300287179,0 -123.1626385603495,44.23056801044463,0 -123.1626376706331,44.23056177839725,0 -123.1626336429806,44.23055308491151,0 -123.1626341566045,44.23054935632064,0 -123.1626313640199,44.23054440632394,0 -123.1626287473406,44.2305382253332,0 -123.1626276987808,44.23053328421967,0 -123.1626285574516,44.23052710865272,0 -123.1626256061546,44.2305234237795,0 -123.1626245622109,44.2305185044203,0 -123.1626236918575,44.230512363495,0 -123.1626210947384,44.23050624131058,0 -123.162620229152,44.23050012285336,0 -123.1626191927086,44.23049523763092,0 -123.1626166063466,44.23048914676303,0 -123.1626083375142,44.23047902482528,0 -123.1625963741543,44.23046281156459,0 -123.1625948821578,44.23045606305831,0 -123.1625897033319,44.23045069086157,0 -123.1625881545168,44.23044531123133,0 -123.162581179183,44.23043996337989,0 -123.1625760227816,44.2304346158885,0 -123.1625726811303,44.23042926877162,0 -123.1625692753381,44.23042526771683,0 -123.16256587349,44.23042127125544,0 -123.1625625459914,44.23041594456854,0 -123.1625592235796,44.23041062601578,0 -123.1625559062756,44.23040531559333,0 -123.162552594001,44.23040001327536,0 -123.1625492867781,44.23039471903948,0 -123.1625459846286,44.23038943287079,0 -123.1625444826278,44.23038414697412,0 -123.1625447767338,44.23037886134871,0 -123.1625432779682,44.23037359152445,0 -123.1625399903833,44.23036833746902,0 -123.1625367078229,44.23036309138541,0 -123.1625334302087,44.23035785325951,0 -123.1625319445862,44.23035261533342,0 -123.1625285993443,44.23034870176588,0 -123.1625253346897,44.23034348543391,0 -123.1625237812704,44.2303395745001,0 -123.162520602143,44.23033306870219,0 -123.1625173509572,44.23032787599265,0 -123.1625158838813,44.23032268341092,0 -123.1625127200188,44.2303162094699,0 -123.1625113379666,44.23030974002487,0 -123.1625080251671,44.23030587496367,0 -123.1625066496071,44.23029942496348,0 -123.1625034247874,44.23029428290074,0 -123.1625002047782,44.23028914855659,0 -123.1624969896343,44.23028402191698,0 -123.1624920113825,44.23027891062261,0 -123.1624888071621,44.23027379933836,0 -123.16248560774,44.23026869569975,0 -123.162484177066,44.23026359206352,0 -123.1624809858882,44.23025850369207,0 -123.1624778841426,44.23025215009785,0 -123.162474617858,44.23024834972917,0 -123.16247319965,44.23024327648646,0 -123.1624701120585,44.23023695127824,0 -123.1624669438292,44.23023190263363,0 -123.1624637803476,44.23022686150147,0 -123.1624623746461,44.23022182026527,0 -123.1624574674215,44.23021680170118,0 -123.1624560685263,44.23021177542493,0 -123.1624546717066,44.23020675660592,0 -123.1624533654576,44.23020049164802,0 -123.162450226677,44.23019549709764,0 -123.1624470925087,44.23019050995365,0 -123.1624457067171,44.23018552263351,0 -123.1624425805212,44.23018055023035,0 -123.1624396404208,44.23017309784394,0 -123.1624347852577,44.23016815130572,0 -123.1624317671509,44.23016196521226,0 -123.1624286621875,44.23015702754703,0 -123.1624255617949,44.2301520971342,0 -123.1624241996998,44.23014716647747,0 -123.1624228396062,44.23014224306612,0 -123.1624215750971,44.23013609708882,0 -123.1624183954835,44.2301324254073,0 -123.1624171369002,44.23012629743491,0 -123.1624140590788,44.23012141210038,0 -123.1624109858264,44.2301165339304,0 -123.1624079170696,44.23011166289579,0 -123.1624065760833,44.23010679151861,0 -123.1624036113369,44.23010071788904,0 -123.1624005551753,44.23009586993143,0 -123.1623975035325,44.23009102907001,0 -123.1623944563388,44.23008619523503,0 -123.1623896968185,44.23008137589921,0 -123.1623883751871,44.23007654869213,0 -123.1623870554773,44.23007172850362,0 -123.162379441686,44.23006003758495,0 -123.1623779361866,44.23005595025574,0 -123.1623747170478,44.23005051312845,0 -123.1623696824058,44.23004509228203,0 -123.1623662580799,44.23004238893008,0 -123.1623630541537,44.23003697274277,0 -123.1623580381985,44.23003157277248,0 -123.1623548455359,44.23002617325378,0 -123.1623516577193,44.23002078203634,0 -123.1623466620951,44.2300154069671,0 -123.1623452969137,44.23001002446496,0 -123.1623439337612,44.23000465021892,0 -123.1623441576183,44.23000196227432,0 -123.1623394065734,44.22999393427551,0 -123.1623380510633,44.22998858470721,0 -123.1623348932431,44.22998325114141,0 -123.162329937181,44.22997793353396,0 -123.1623267903868,44.22997261625695,0 -123.1623235330639,44.22996863752433,0 -123.1623203953589,44.22996333444111,0 -123.1623136666066,44.22995805501392,0 -123.1623087446546,44.22995277585071,0 -123.1623055070068,44.22994881980931,0 -123.1623023919718,44.22994354693225,0 -123.1622974888835,44.22993828984068,0 -123.1622943846069,44.22993303297552,0 -123.1622911643561,44.22992909944278,0 -123.1622879477713,44.22992517038558,0 -123.1622831907786,44.22991862930816,0 -123.1622781969227,44.2299147198946,0 -123.1622734563594,44.22990819860849,0 -123.1622686001953,44.22990299509234,0 -123.1622655336603,44.22989779172489,0 -123.1622624716913,44.22989259621714,0 -123.1622594144105,44.22988740855167,0 -123.1622563617411,44.22988222871142,0 -123.1622515367577,44.22987706437004,0 -123.1622484945518,44.22987190011803,0 -123.1622436827492,44.22986675132123,0 -123.1622406510898,44.22986160258838,0 -123.1622376239859,44.22985646159194,0 -123.162234471303,44.22985261474715,0 -123.1622296835623,44.2298474949049,0 -123.1622266709232,44.22984237508513,0 -123.162223662798,44.22983726294029,0 -123.1622190264858,44.22983088733796,0 -123.1622179253649,44.22982450838634,0 -123.1622146653414,44.22982197235472,0 -123.1622118087408,44.22981561768619,0 -123.1622070638176,44.22981055314823,0 -123.162204084334,44.22980548855784,0 -123.1622011092915,44.22980043150786,0 -123.1621963829339,44.22979538959665,0 -123.1621934179827,44.22979034759288,0 -123.1621904575066,44.22978531307884,0 -123.1621873639744,44.22978154589751,0 -123.162182660983,44.22977653205395,0 -123.1621795757435,44.22977277464508,0 -123.1621719947357,44.22976049660112,0 -123.162165456119,44.22974493477673,0 -123.1621603013385,44.22973789295443,0 -123.1621549049204,44.22973509458298,0 -123.1621477447525,44.22973089708986,0 -123.162142531205,44.22972528941794,0 -123.1621373258376,44.22971969057742,0 -123.1621321286348,44.22971410048444,0 -123.1621286979852,44.22970991167949,0 -123.1621270286929,44.22970711920135,0 -123.1621219387282,44.22970015157506,0 -123.1621186113703,44.22969458409045,0 -123.1621152891774,44.22968902530529,0 -123.1621119721718,44.22968347519907,0 -123.1621085680404,44.229679322273,0 -123.1621052608003,44.22967378730296,0 -123.1621001219783,44.2296682689077,0 -123.1620930606962,44.22966414964526,0 -123.1620878422457,44.22966002726346,0 -123.162080796327,44.22965591762741,0 -123.1620792560491,44.2296517889679,0 -123.1620723223562,44.22964631272247,0 -123.1620672289987,44.22964083705522,0 -123.1620621435739,44.22963536987875,0 -123.1620569643246,44.22963128097717,0 -123.1620537194861,44.22962582070448,0 -123.1620469345093,44.22961901908248,0 -123.1620417760908,44.2296149491596,0 -123.1620368342902,44.22960816065623,0 -123.1620319020228,44.22960138524786,0 -123.1620286902706,44.22959597116417,0 -123.1620254834661,44.2295905654379,0 -123.1620222815315,44.22958516803479,0 -123.1620189763035,44.2295811293549,0 -123.1620140801517,44.229574405957,0 -123.1620127053758,44.22956902556276,0 -123.1620095231458,44.22956366125933,0 -123.1619995596012,44.22955297294897,0 -123.1619943642691,44.22955031771587,0 -123.1619872535775,44.22954901039717,0 -123.1619818361824,44.22954903384387,0 -123.161973156965,44.22954506020423,0 -123.1619661736019,44.22954241885219,0 -123.1619589573602,44.22954245008314,0 -123.161950057848,44.22954115357341,0 -123.1619376782757,44.22953853863726,0 -123.1619286631101,44.22953857765187,0 -123.1619196478761,44.22953861666628,0 -123.161912563759,44.22953731383594,0 -123.1619053529623,44.2295373450407,0 -123.1618914460686,44.22954487753236,0 -123.161888714371,44.22955034540266,0 -123.161882033639,44.22955185614569,0 -123.1618753559794,44.22955336619322,0 -123.1618686813581,44.22955487554648,0 -123.1618640832264,44.22955902609142,0 -123.1618648036289,44.22956438553008,0 -123.1618621051749,44.22956981794106,0 -123.1618628260654,44.22957515763122,0 -123.1618635456394,44.22958048757064,0 -123.1618644432514,44.22958713625182,0 -123.161866683356,44.2295910769324,0 -123.161869276324,44.22959766017918,0 -123.1618716862806,44.22960290775539,0 -123.1618773110656,44.22960674459343,0 -123.1618846248639,44.22961053504604,0 -123.1618919286788,44.22961432035098,0 -123.1618976989143,44.22961945516546,0 -123.1619034586592,44.22962458061715,0 -123.1619092079496,44.22962969679045,0 -123.1619132574134,44.22963484458752,0 -123.161913757306,44.22963876069473,0 -123.1619162752854,44.22964523485869,0 -123.161918622527,44.22965039545323,0 -123.1619226488468,44.22965550595947,0 -123.1619266678918,44.22966060720653,0 -123.1619271564532,44.22966448820763,0 -123.161931326723,44.229670863526,0 -123.1619368440857,44.22967460862483,0 -123.161942195046,44.22967706193376,0 -123.161944664106,44.22968344936733,0 -123.1619451385583,44.22968729924585,0 -123.1619492718043,44.22969362320923,0 -123.1619515694858,44.22969869644129,0 -123.1619555319751,44.22970372013976,0 -123.1619611548631,44.22970869443584,0 -123.1619649488495,44.22971242942127,0 -123.1619705545244,44.22971738814929,0 -123.1619746372907,44.22972364463018,0 -123.1619785615279,44.22972862366078,0 -123.1619809675282,44.22973489529802,0 -123.1619815619002,44.22973993469951,0 -123.161987125374,44.2297448446976,0 -123.1619926789611,44.22974974598165,0 -123.1619964241194,44.22975342623818,0 -123.1619986554965,44.22975839237709,0 -123.1620025340882,44.22976330969814,0 -123.1620031063322,44.22976829827587,0 -123.1620069741511,44.229773198125,0 -123.1620091882776,44.22977812921606,0 -123.1620113985229,44.22978305159346,0 -123.162015248751,44.22978792544537,0 -123.1620177279149,44.22979529968535,0 -123.1620214260109,44.229798919868,0 -123.1620252564318,44.22980376581038,0 -123.162025530607,44.22980622528276,0 -123.1620320697093,44.22981855227489,0 -123.1620361123997,44.22982394407644,0 -123.1620401475659,44.2298293259116,0 -123.1620441752898,44.22983469777588,0 -123.1620464721262,44.22984010142979,0 -123.1620504865565,44.22984545339835,0 -123.1620527733212,44.22985083713485,0 -123.1620567745287,44.22985616931788,0 -123.1620590512834,44.22986153327735,0 -123.1620630393349,44.22986684575396,0 -123.1620670200181,44.22987214848345,0 -123.1620694177392,44.2298788253812,0 -123.1620733843405,44.22988410615125,0 -123.1620774781975,44.22989071415783,0 -123.1620831360812,44.22989593178038,0 -123.1620870783516,44.22990118117078,0 -123.1620910133751,44.22990642092751,0 -123.1620932391048,44.22991169238315,0 -123.1620971613177,44.22991691297233,0 -123.1620993773785,44.22992216523768,0 -123.1621015893682,44.22992740792919,0 -123.1621054932954,44.22993259994394,0 -123.1621093900908,44.22993778254138,0 -123.1621132798315,44.2299429556866,0 -123.1621171625108,44.22994811946511,0 -123.1621210381135,44.22995327387369,0 -123.1621233409654,44.22995976507009,0 -123.1621272030791,44.22996489843231,0 -123.1621294942601,44.22997136327697,0 -123.1621315398087,44.22997521887239,0 -123.1621339415663,44.22998295511103,0 -123.1621344194549,44.22998812812916,0 -123.1621365744641,44.22999325113289,0 -123.1621404021022,44.2299983243143,0 -123.1621425478581,44.23000342896182,0 -123.1621463632485,44.23000848385165,0 -123.1621501717761,44.23001352969445,0 -123.1621524176975,44.23001988496656,0 -123.1621528759287,44.23002499128189,0 -123.1621533333396,44.23003008845559,0 -123.1621555691862,44.23003640675295,0 -123.162157687033,44.23004144316392,0 -123.1621615754406,44.23004769583553,0 -123.1621637951459,44.23005397480344,0 -123.162167447105,44.23005767919704,0 -123.1621713134155,44.23006389572972,0 -123.1621768263957,44.23007005833552,0 -123.1621788049918,44.23007378139477,0 -123.1621809952536,44.23008000218802,0 -123.1621813163457,44.23008375204979,0 -123.1621851493295,44.23008991081505,0 -123.162187115399,44.23009360753064,0 -123.1621892887183,44.23009978441714,0 -123.162191352936,44.23010470812945,0 -123.1621933096921,44.23010838524594,0 -123.1621951604804,44.23011082068879,0 -123.1621991644349,44.23011938746974,0 -123.1622012126793,44.23012427659397,0 -123.1622032573369,44.23012915711904,0 -123.1622052984019,44.23013402906798,0 -123.1622089707879,44.23013885284868,0 -123.1622126367322,44.23014366816083,0 -123.1622131309088,44.23014977429852,0 -123.1622135254713,44.23015464958511,0 -123.1622171770293,44.23015943740142,0 -123.1622208221908,44.23016421684384,0 -123.1622244609885,44.23016898794763,0 -123.1622280934534,44.23017375072062,0 -123.1622284732577,44.23017858386684,0 -123.1622304741376,44.23018336929993,0 -123.1622341853527,44.23018930993009,0 -123.1622361773565,44.23019407668085,0 -123.1622397830919,44.23019879596073,0 -123.1622486449472,44.23021284351709,0 -123.1622522094053,44.23021536703224,0 -123.1622561501868,44.23022308716087,0 -123.1622568127686,44.23023216257109,0 -123.1622588695901,44.23023729498432,0 -123.1622609226887,44.23024241812251,0 -123.1622646482287,44.2302474914469,0 -123.1622684585999,44.23025384053437,0 -123.1622721698287,44.23025889334733,0 -123.1622723509711,44.23026145687246,0 -123.1622762328802,44.23026905269643,0 -123.1622766800724,44.2302754343393,0 -123.1622787922638,44.23028176133457,0 -123.1622808997296,44.23028807419661,0 -123.1622845774992,44.23029306599918,0 -123.1622882487002,44.23029804888277,0 -123.1622920843048,44.23030554677599,0 -123.1622940831913,44.23031054763543,0 -123.1622960785236,44.23031553960172,0 -123.1622962472315,44.23031805232252,0 -123.1622984055166,44.23032553701233,0 -123.1623005580563,44.23033300181313,0 -123.162300890309,44.23033799397361,0 -123.1623045178534,44.23034289743567,0 -123.1623048460184,44.2303478720214,0 -123.1623052554098,44.23035407790204,0 -123.1623072254834,44.23035899292363,0 -123.1623093535657,44.23036636910859,0 -123.162311315704,44.23037126249212,0 -123.1623134337153,44.23037860627674,0 -123.1623153879543,44.23038347817199,0 -123.1623157042041,44.23038838112381,0 -123.1623160987369,44.23039449772805,0 -123.1623180450867,44.23039934183478,0 -123.1623199880222,44.23040417745624,0 -123.1623203767535,44.23041025942148,0 -123.162320454398,44.23041147422258,0 -123.1623257165986,44.23042327014635,0 -123.162327392508,44.23042755327973,0 -123.1623290648992,44.23043182742087,0 -123.1623321265605,44.2304360588428,0 -123.1623337904896,44.23044031511953,0 -123.1623354509374,44.23044456250049,0 -123.162338496323,44.23044876734001,0 -123.1623430524803,44.23045505814799,0 -123.162343312428,44.23045930820815,0 -123.1623449551768,44.23046351588845,0 -123.1623481034937,44.23046979426899,0 -123.1623497370031,44.23047398012854,0 -123.1623499888007,44.2304781907057,0 -123.1623517416957,44.23048445686403,0 -123.1623532417634,44.2304865190372,0 -123.1623577932958,44.23049373647049,0 -123.1623594070984,44.23049787275762,0 -123.1623610175747,44.23050200050498,0 -123.1623613155259,44.23050718968733,0 -123.1623644045954,44.23051333286668,0 -123.1623646388637,44.23051746190027,0 -123.1623648142494,44.23052055311372,0 -123.1623665259304,44.23052668827031,0 -123.1623681175714,44.23053075691816,0 -123.1623711214799,44.23053580632349,0 -123.1623713475687,44.23053988918788,0 -123.1623715731961,44.23054396371973,0 -123.1623716858371,44.23054599786642,0 -123.1623720791775,44.23055310107126,0 -123.1623722473229,44.23055613755448,0 -123.1623725269959,44.23056118807541,0 -123.1623754473909,44.23056515389254,0 -123.1623757223698,44.23057018146139,0 -123.1623759966526,44.23057519630089,0 -123.1623762702418,44.23058019845933,0 -123.1623751465024,44.23058422361616,0 -123.162372628819,44.23058727777865,0 -123.1623701709947,44.23059132116029,0 -123.1623677747054,44.23059634771596,0 -123.1623653273277,44.23060037281358,0 -123.1623642202407,44.23060435745244,0 -123.1623604473257,44.23060839875238,0 -123.1623565044782,44.23060948053828,0 -123.162352503408,44.23060957750923,0 -123.1623445012676,44.23060977145063,0 -123.1623378328212,44.23060993306782,0 -123.1623311643684,44.23061009468468,0 -123.1623244286518,44.23060927170538,0 -123.1623202215664,44.23060641201922,0 -123.1623172749946,44.23060252761319,0 -123.1623129847643,44.23059866780485,0 -123.1623100249499,44.23059476775896,0 -123.1623071311351,44.23059185379944,0 -123.1623055016111,44.23058790746851,0 -123.1623038687987,44.23058395315815,0 -123.1622978276235,44.23057508374071,0 -123.1622948344309,44.23057113603908,0 -123.1622919114287,44.23056818634061,0 -123.1622890609909,44.23056623917291,0 -123.1622831942868,44.23056032030313,0 -123.1622787425697,44.23055536316906,0 -123.1622729250712,44.23055042622237,0 -123.1622698873654,44.23054642816267,0 -123.1622654027244,44.23054143554602,0 -123.1622637932994,44.23053840750912,0 -123.1622607369134,44.23053438485898,0 -123.1622519671017,44.23052740791633,0 -123.162246251153,44.23052445732756,0 -123.162240616752,44.23052253182501,0 -123.1622363414198,44.23052057126625,0 -123.162224855989,44.2305146443481,0 -123.1622191960692,44.23051270883485,0 -123.1622161701714,44.23050966913926,0 -123.1622062906434,44.23050679072801,0 -123.1621993403467,44.23050591880947,0 -123.1621940651946,44.23050812681724,0 -123.1621930045701,44.23051126875717,0 -123.1621935182113,44.23051643934696,0 -123.162194030533,44.2305215966535,0 -123.162195904661,44.23052670769357,0 -123.1621976728495,44.23053078049116,0 -123.1622006974476,44.23053378839727,0 -123.1622039162221,44.2305388352243,0 -123.1622084839759,44.23054383626759,0 -123.1622117817184,44.23054987322587,0 -123.1622148770949,44.23055386573927,0 -123.1622179661686,44.23055785012232,0 -123.1622209545127,44.23056081671519,0 -123.1622240319281,44.23056478694328,0 -123.1622271030823,44.23056874911212,0 -123.1622301680068,44.23057270324311,0 -123.1622332267328,44.23057664935899,0 -123.16223493476,44.23058062007122,0 -123.1622366393456,44.23058458275181,0 -123.1622383404873,44.23058853742611,0 -123.1622413786073,44.23059245163353,0 -123.1622444106018,44.23059635794845,0 -123.1622460115678,44.23059929873383,0 -123.1622505422833,44.23060513461355,0 -123.1622548898683,44.23060898307852,0 -123.1622578953652,44.2306128561322,0 -123.1622608117188,44.2306157396759,0 -123.1622638060113,44.23061959916643,0 -123.1622681239986,44.23062341870391,0 -123.162271024644,44.23062628639308,0 -123.1622740800371,44.23063109920365,0 -123.1622845206577,44.23064825746765,0 -123.1622863196205,44.23065284898502,0 -123.1622865833619,44.23065631229016,0 -123.1622899058133,44.23066200208564,0 -123.1622930475659,44.23066538059692,0 -123.1622949152674,44.23067108065481,0 -123.162299567729,44.2306755529682,0 -123.1623027744354,44.23068005038151,0 -123.1623045400934,44.23068457286441,0 -123.1623091671125,44.23068901612727,0 -123.1623109220721,44.23069351920456,0 -123.1623126732525,44.23069801256312,0 -123.1623158486416,44.23070246167762,0 -123.1623190172041,44.23070690123564,0 -123.1623207540716,44.23071136577569,0 -123.1623224872117,44.23071582077203,0 -123.1623227947884,44.23072030066425,0 -123.1623245220399,44.23072473657762,0 -123.1623248267876,44.23072919739955,0 -123.1623252068062,44.2307347600177,0 -123.1623252826887,44.23073587076654,0 -123.1623258882932,44.23074473545427,0 -123.1623262654897,44.23075025676168,0 -123.1623266416837,44.23075576339318,0 -123.1623282755864,44.23075902623874,0 -123.1623286483232,44.23076450960701,0 -123.1623290200743,44.23076997847487,0 -123.1623307939213,44.23077539889512,0 -123.1623310883519,44.23077975210791,0 -123.1623315288349,44.23078626473371,0 -123.1623318948419,44.23079167621587,0 -123.162333510424,44.23079488242914,0 -123.1623350513066,44.23079700582956,0 -123.1623367339645,44.23080127972214,0 -123.1623414097451,44.23080869533088,0 -123.162343080905,44.23081294468581,0 -123.162344679272,44.23081611744892,0 -123.1623478684834,44.23082244807825,0 -123.1623495951082,44.23082773085105,0 -123.1623512499074,44.23083194045351,0 -123.1623529012626,44.230836141294,0 -123.1623546155109,44.23084138843203,0 -123.1623577040023,44.23084658853958,0 -123.1623580306867,44.23085184191158,0 -123.1623583565256,44.23085708168631,0 -123.1623587464209,44.23086335154419,0 -123.1623604416242,44.23086852835734,0 -123.1623607630122,44.23087372501666,0 -123.1623610195271,44.23087787271318,0 -123.1623614033096,44.23088407825376,0 -123.1623617222252,44.23088923493445,0 -123.1623620403231,44.23089437839141,0 -123.1623623576063,44.23089950867545,0 -123.162362674078,44.23090462583713,0 -123.1623629897413,44.23090972992674,0 -123.162363241692,44.23091380382072,0 -123.1623634931289,44.2309178694061,0 -123.1623637440535,44.23092192670827,0 -123.1623639944672,44.23092597574968,0 -123.162364244372,44.23093001656121,0 -123.1623644937691,44.23093404916508,0 -123.1623648669165,44.23094008273479,0 -123.1623651770067,44.2309450967066,0 -123.1623654245141,44.23094909875281,0 -123.162362986606,44.23095315778157,0 -123.1623618321204,44.23095618041685,0 -123.1623608678121,44.23096217950832,0 -123.1623612438054,44.23096812806578,0 -123.1623601577935,44.23097211617915,0 -123.1623604086653,44.23097606392805,0 -123.1623607215471,44.23098098747204,0 -123.1623583079001,44.23098498197253,0 -123.162357229451,44.23098893622836,0 -123.1623548241276,44.23099291477873,0 -123.1623536873108,44.23099587737997,0 -123.1623526164387,44.23099980989122,0 -123.1623488969384,44.23100379879563,0 -123.1623437944935,44.23100684142771,0 -123.1623386321315,44.23100891009587,0 -123.16233354371,44.23101194512211,0 -123.1623263130724,44.23102179470361,0 -123.1623239581194,44.23102570807082,0 -123.1623229246812,44.23102958176909,0 -123.1623232088244,44.23103341590569,0 -123.1623221781662,44.23103727431185,0 -123.1623223914582,44.23104013923174,0 -123.1623215057874,44.23104588813494,0 -123.1623204801121,44.23104972187211,0 -123.1623195279627,44.23105449549062,0 -123.1623197422662,44.23105733500666,0 -123.162317487066,44.23106212153082,0 -123.1623165416282,44.23106686469612,0 -123.1623155263672,44.23107065716646,0 -123.1623158867785,44.23107534788262,0 -123.1623162463081,44.23108002712343,0 -123.1623166049592,44.23108469493095,0 -123.1623142974155,44.23108848383446,0 -123.1623132900382,44.23109223395526,0 -123.1623135068127,44.23109501820438,0 -123.1623125742713,44.23109968093101,0 -123.1623129355543,44.2311043010211,0 -123.1623148008349,44.23111163860464,0 -123.1623151582822,44.23111622965194,0 -123.1623155148644,44.23112080958736,0 -123.1623169425533,44.2311226073132,0 -123.162315511092,44.23113723700592,0 -123.1623158652747,44.23114176629526,0 -123.162316148009,44.23114538190131,0 -123.1623165006613,44.23114989161945,0 -123.1623167821752,44.23115349161925,0 -123.1623170631493,44.23115708471531,0 -123.1623174136085,44.23116156638714,0 -123.162318964234,44.23116511322198,0 -123.1623205118819,44.23116865325641,0 -123.1623221252704,44.23117307650204,0 -123.1623224681921,44.23117751988038,0 -123.1623240073552,44.23118103631101,0 -123.1623255435768,44.2311845460482,0 -123.1623270768874,44.23118804909065,0 -123.1623273454799,44.23119157607839,0 -123.1623276805023,44.23119597538117,0 -123.1623279479498,44.23119948733271,0 -123.1623281482015,44.23120211691032,0 -123.1623285478553,44.23120736491171,0 -123.1623288800334,44.2312117268638,0 -123.1623291452127,44.23121520903,0 -123.1623294098919,44.2312186846287,0 -123.1623309911487,44.23122298957846,0 -123.1623312535306,44.23122645049661,0 -123.1623315808127,44.2312307674759,0 -123.162331776814,44.23123335280943,0 -123.1623322330768,44.23123937109327,0 -123.1623322981352,44.23124022923884,0 -123.1623347897646,44.23126365626623,0 -123.1623351083049,44.23126807643608,0 -123.1623355055271,44.23127358842129,0 -123.1623372315915,44.231277953355,0 -123.162337625056,44.23128343913294,0 -123.1623379390779,44.23128781730239,0 -123.1623384088669,44.23129436721434,0 -123.1623387992215,44.23129980963255,0 -123.1623391885477,44.23130523771169,0 -123.1623394992707,44.2313095698865,0 -123.162339964131,44.23131605107891,0 -123.162340273224,44.23132036052776,0 -123.1623407356489,44.23132680776533,0 -123.1623411966218,44.23133323475793,0 -123.1623401143461,44.2313375418735,0 -123.162340421668,44.23134180636856,0 -123.1623408814493,44.23134818643957,0 -123.162341263503,44.23135348793534,0 -123.1623416445631,44.23135877564507,0 -123.1623421005295,44.2313651027771,0 -123.1623424794176,44.23137036034613,0 -123.1623428573246,44.2313756043,0 -123.1623432342537,44.23138083468562,0 -123.1623436102098,44.23138605156736,0 -123.1623439102764,44.23139021538435,0 -123.1623444339048,44.2313974814123,0 -123.1623448067706,44.23140265541269,0 -123.1623451043733,44.23140678503799,0 -123.1623468390017,44.2314119021047,0 -123.1623484959264,44.23141597971362,0 -123.1623487156074,44.23141905717417,0 -123.162349080993,44.23142417577503,0 -123.1623495182234,44.2314303008326,0 -123.1623499541157,44.23143640714563,0 -123.1623503163415,44.23144148148136,0 -123.1623506776458,44.23144654290721,0 -123.1623510380321,44.23145159147239,0 -123.1623526742854,44.23145558841391,0 -123.1623530313187,44.23146061399449,0 -123.1623560778253,44.23146556164736,0 -123.1623577031924,44.23146953030023,0 -123.162359325268,44.23147349093118,0 -123.1623636263028,44.23147737855741,0 -123.1623665788999,44.23148129081142,0 -123.1623695255408,44.23148519518066,0 -123.1623724662558,44.23148909168833,0 -123.1623740653307,44.23149301273305,0 -123.1623756611991,44.23149692589926,0 -123.1623785868971,44.23150079890198,0 -123.1623801750325,44.23150469641492,0 -123.1623817599807,44.23150858612044,0 -123.1623820127193,44.23151250024983,0 -123.1623821388992,44.23151445438139,0 -123.162385169456,44.23152024076926,0 -123.1623868048351,44.23152507093577,0 -123.1623897592229,44.23152985701012,0 -123.1623913243893,44.23153369652045,0 -123.1623928864375,44.23153752839152,0 -123.1623944453836,44.23154135265681,0 -123.1623973190725,44.23154513738866,0 -123.1623988705348,44.23154894652559,0 -123.1624017917211,44.23155367344263,0 -123.162403278181,44.2315565103517,0 -123.1624048758491,44.23156125039252,0 -123.1624076684162,44.23156404430794,0 -123.1624106223897,44.23156968320882,0 -123.1624148210709,44.23157432731109,0 -123.1624163434931,44.23157807869894,0 -123.1624178629272,44.2315818227247,0 -123.1624193266058,44.23158461800561,0 -123.1624208928508,44.23158928872402,0 -123.1624211542101,44.23159397953772,0 -123.1624227661427,44.23159956188912,0 -123.1624230245126,44.23160422755662,0 -123.1624232307546,44.23160795189245,0 -123.1624235393641,44.23161352479122,0 -123.1624237958503,44.23161815644134,0 -123.1624240517132,44.23162277683497,0 -123.1624242559562,44.2316264650707,0 -123.1624205935664,44.23163023985363,0 -123.1624195132678,44.2316339449098,0 -123.1624158625635,44.23163770514888,0 -123.1624147889346,44.23164139581402,0 -123.1624150541304,44.23164596023528,0 -123.1624153186864,44.23165051364379,0 -123.162415529872,44.23165414846612,0 -123.1624194324295,44.23167261589504,0 -123.1624196306394,44.23167615169208,0 -123.16242002608,44.23168320581557,0 -123.1624202889862,44.23168789570656,0 -123.1624206822663,44.23169491128779,0 -123.1624223943411,44.23169954043202,0 -123.1624226536601,44.23170419459451,0 -123.1624244240635,44.2317099629393,0 -123.1624261260115,44.23171455932958,0 -123.1624264438566,44.23172033447342,0 -123.1624280764874,44.23172375709265,0 -123.1624297689376,44.23172832353579,0 -123.1624314577183,44.23173288010856,0 -123.1624317051929,44.23173746166061,0 -123.162433449494,44.23174313984997,0 -123.1624365625363,44.23174762967518,0 -123.1624382362511,44.23175214451062,0 -123.1624399656531,44.23175778307777,0 -123.1624416904033,44.23176340645585,0 -123.1624434105248,44.23176901475677,0 -123.1624437011013,44.23177464252601,0 -123.1624467226412,44.23177794294823,0 -123.1624470081639,44.2317835467209,0 -123.1624486563915,44.23178798454795,0 -123.1624488822571,44.23179244728153,0 -123.1624505808601,44.23179797794149,0 -123.162452385585,44.23180570985218,0 -123.1624526616845,44.23181123949618,0 -123.1624542382957,44.23181451602665,0 -123.1624545113507,44.23182002222957,0 -123.1624546748371,44.23182331896027,0 -123.1624579736585,44.23183310963977,0 -123.1624595907089,44.23183744232858,0 -123.1624597494824,44.23184071132957,0 -123.1624614140633,44.23184611423901,0 -123.1624631779445,44.23185366798636,0 -123.1624647814483,44.23185795742277,0 -123.1624663815841,44.23186223784899,0 -123.1624679783631,44.23186650930544,0 -123.1624681294188,44.23186973231964,0 -123.1624697214408,44.23187398808719,0 -123.1624713594947,44.23187930369839,0 -123.1624716059201,44.23188463905402,0 -123.1624731885014,44.23188886372552,0 -123.162473383325,44.23189311315686,0 -123.1624737232896,44.23190052836058,0 -123.162473917,44.23190475351053,0 -123.1624754893786,44.23190893647424,0 -123.1624770110195,44.23191205963977,0 -123.1624772954992,44.23191835811741,0 -123.1624789528178,44.23192460375187,0 -123.1624805122766,44.23192874566665,0 -123.1624807901652,44.2319349923354,0 -123.162481021083,44.23194018314244,0 -123.1624812514068,44.23194536059715,0 -123.162481481139,44.23195052475099,0 -123.1624817102818,44.23195567565512,0 -123.1624819388375,44.23196081336051,0 -123.1624821212607,44.23196491405348,0 -123.1624824396044,44.23197207010151,0 -123.1624826210043,44.2319761477896,0 -123.162482847234,44.23198123320412,0 -123.1624831179494,44.23198731861403,0 -123.1624832979676,44.23199136523869,0 -123.1624835224758,44.23199641195584,0 -123.1624837464148,44.23200144587388,0 -123.1624839697865,44.23200646704006,0 -123.1624842815581,44.23201347534192,0 -123.1624844592182,44.23201746895746,0 -123.1624846807891,44.23202244964146,0 -123.1624848576439,44.23202642515021,0 -123.1624851222583,44.23203237340578,0 -123.1624853421608,44.23203731658114,0 -123.1624841836286,44.23204129451887,0 -123.1624830718267,44.23204624764299,0 -123.1624832935257,44.23205115611028,0 -123.1624835146702,44.23205605229906,0 -123.1624836470916,44.2320589841389,0 -123.162481214558,44.23206392507324,0 -123.1624813930181,44.23206781756377,0 -123.1624803817024,44.23207464282477,0 -123.1624805158361,44.23207754693146,0 -123.162479463695,44.23208337414214,0 -123.1624782793871,44.23208629722324,0 -123.1624771875821,44.23209113807784,0 -123.1624774140406,44.23209593506101,0 -123.1624763260054,44.2321007520267,0 -123.1624766888776,44.23210838359149,0 -123.1624755142163,44.23211126942414,0 -123.1624744328087,44.23211604851858,0 -123.162473308105,44.23211986966209,0 -123.162473537661,44.23212459596611,0 -123.1624723702248,44.23212745779908,0 -123.1624683077968,44.23213964926865,0 -123.1624672374375,44.23214613365525,0 -123.1624675068943,44.23215149366388,0 -123.1624649436093,44.23215583891539,0 -123.1624637734007,44.23216014145353,0 -123.1624640464615,44.2321654650157,0 -123.1624643188109,44.23217077470916,0 -123.1624631535165,44.23217504603542,0 -123.1624633718713,44.23217927499014,0 -123.162462209979,44.23218352860013,0 -123.1624624288597,44.23218773997512,0 -123.1624613801127,44.23219407403521,0 -123.1624602244922,44.23219829691801,0 -123.1624604995979,44.23220352165069,0 -123.1624579759704,44.23220775821451,0 -123.1624568277353,44.23221195282323,0 -123.1624556818649,44.23221613878678,0 -123.1624531143669,44.23221931404074,0 -123.1624470324428,44.2322328958467,0 -123.162445960713,44.2322380650664,0 -123.1624447748498,44.23224117343436,0 -123.1624423495736,44.23224635442368,0 -123.1624412281581,44.23225046994677,0 -123.1624401090289,44.23225457707074,0 -123.1624376377161,44.23225870864553,0 -123.162436524524,44.23226279900886,0 -123.1624342442178,44.23226994530908,0 -123.162436437317,44.23228399878185,0 -123.1624380214379,44.23228797249455,0 -123.1624396613812,44.23229293647185,0 -123.1624412386467,44.23229689212751,0 -123.1624428127327,44.23230083980111,0 -123.1624457224132,44.23230474706983,0 -123.1624472888152,44.23230867888422,0 -123.1624515242178,44.23231253802599,0 -123.1624530816422,44.23231645410871,0 -123.162454635937,44.23232036233041,0 -123.1624575191724,44.2323242304289,0 -123.1624590659105,44.23232812302604,0 -123.1624606095529,44.23233200783412,0 -123.1624634781683,44.23233585268613,0 -123.1624636875841,44.23233975416822,0 -123.1624652219927,44.23234361573796,0 -123.1624654292529,44.23234750170569,0 -123.1624657393692,44.23235331614424,0 -123.1624672663982,44.23235715079415,0 -123.1624674198176,44.2323600457647,0 -123.1624689931881,44.23236482919805,0 -123.1624691955796,44.23236867294489,0 -123.1624694984152,44.23237442428793,0 -123.1624711133185,44.23238012675927,0 -123.1624713626301,44.23238489240077,0 -123.1624716113268,44.23238964628916,0 -123.1624719089553,44.23239533551778,0 -123.162472205706,44.23240100796663,0 -123.1624724523305,44.2324057222412,0 -123.1624726983503,44.23241042495732,0 -123.1624729437677,44.23241511615743,0 -123.1624731885849,44.23241979588382,0 -123.1624707875881,44.23242359435855,0 -123.1624709851644,44.23242732254847,0 -123.1624699362324,44.232432003958,0 -123.1624688401067,44.23243574715718,0 -123.1624690389535,44.23243945172524,0 -123.1624693860055,44.23244591739373,0 -123.1624696331782,44.23245052228673,0 -123.1624698797521,44.23245511602087,0 -123.1624713139886,44.23245783574577,0 -123.1624741762208,44.2324632633479,0 -123.1624769354124,44.232466852267,0 -123.1624796892788,44.23247043425702,0 -123.1624811105389,44.23247313173921,0 -123.1624851810921,44.23247757754024,0 -123.1624878744879,44.23248023366509,0 -123.1624893744813,44.23248472429434,0 -123.1624933792439,44.23248824097046,0 -123.1624961014713,44.23249178181466,0 -123.162498860256,44.23249621375395,0 -123.1625015713682,44.23249973931242,0 -123.1625030064092,44.23250328894689,0 -123.1625057483774,44.23250769335522,0 -123.162508444503,44.23251119703435,0 -123.1625085623498,44.23251386647782,0 -123.1625112512957,44.23251735840902,0 -123.1625127084795,44.232521759971,0 -123.1625153877292,44.23252523692206,0 -123.162516799757,44.23252873787574,0 -123.1625194700367,44.23253220160143,0 -123.1625208394042,44.2325348103678,0 -123.1625260191101,44.23253820159223,0 -123.1625312225994,44.23254246204903,0 -123.1625350926645,44.23254499522687,0 -123.1625402442184,44.23254836719165,0 -123.1625453558807,44.23255086159756,0 -123.1625505181717,44.23255509207631,0 -123.162554360918,44.23255760735151,0 -123.1625582252972,44.23256098586798,0 -123.1625621085213,44.23256522276764,0 -123.1625659322634,44.23256772382798,0 -123.1625685766688,44.23257283625544,0 -123.1625711658521,44.23257621640477,0 -123.1625725057855,44.23257962040125,0 -123.1625726235028,44.23258390407627,0 -123.1625727174791,44.2325873238233,0 -123.162572834702,44.23259158950691,0 -123.1625728581139,44.23259244145279,0 -123.1625713690017,44.2326026438199,0 -123.1625715755213,44.23260940604295,0 -123.1625717471146,44.23261502464245,0 -123.1625733059613,44.2326194742065,0 -123.162573441092,44.23262394870599,0 -123.1625749947934,44.23262837925594,0 -123.1625750945995,44.23263172170824,0 -123.1625767091924,44.23263835632654,0 -123.1625768727693,44.2326438975205,0 -123.1625770033184,44.23264831989182,0 -123.1625771986218,44.23265493582143,0 -123.1625773933048,44.23266153072993,0 -123.1625775873698,44.23266810470504,0 -123.1625763125405,44.23267250979701,0 -123.1625736380144,44.23267693957763,0 -123.1625709691363,44.23268136002594,0 -123.1625683058748,44.23268577114739,0 -123.1625656482254,44.23269017298329,0 -123.1625630320721,44.2326956453492,0 -123.1625589915792,44.23270006022068,0 -123.1625563527545,44.23270443206309,0 -123.1625537194595,44.23270879475584,0 -123.1625497013999,44.2327131820002,0 -123.1625470805618,44.23271752640849,0 -123.1625431187089,44.2327229609711,0 -123.1625405108909,44.23272728498146,0 -123.1625378663559,44.23273053886052,0 -123.1625339288633,44.2327359395188,0 -123.1625312949631,44.232739179865,0 -123.1625272846454,44.23274244861915,0 -123.1625233721202,44.2327478184077,0 -123.1625179986256,44.2327511070629,0 -123.1625153866594,44.2327543238651,0 -123.1625100277124,44.23275760235854,0 -123.162506051534,44.23276084243885,0 -123.1624993347504,44.23276414407229,0 -123.1624953202372,44.23276633122594,0 -123.1624886204341,44.23276962434581,0 -123.1624833015509,44.23277287914497,0 -123.1624793035845,44.23277505728817,0 -123.1624726299663,44.23277833686952,0 -123.162468642642,44.23278050939723,0 -123.1624619858368,44.23278378055022,0 -123.1624567052691,44.2327870135566,0 -123.1624541626802,44.23279017541855,0 -123.162448960628,44.2327944277188,0 -123.1624451313621,44.23279863829081,0 -123.1624412437574,44.23280181529562,0 -123.1624387221485,44.2328049544535,0 -123.1624349131455,44.23280914349049,0 -123.1624338264254,44.23281325817236,0 -123.1624301677419,44.23281946372116,0 -123.1624290196661,44.23282254297033,0 -123.1624253767001,44.23282872012951,0 -123.1624243049191,44.23283279503236,0 -123.1624220270201,44.23283890821238,0 -123.1624210320079,44.23284396656096,0 -123.1624213847412,44.23284897949966,0 -123.1624217365825,44.2328539797621,0 -123.1624222276683,44.23286095892473,0 -123.1624226472198,44.23286692146323,0 -123.1624229262167,44.23287088648096,0 -123.162423204652,44.2328748435186,0 -123.1624236212562,44.23288076416969,0 -123.1624239674684,44.23288568442975,0 -123.1624242438136,44.23288961176215,0 -123.1624258496787,44.2328934989938,0 -123.1624274523249,44.23289737844839,0 -123.162429051768,44.23290125014636,0 -123.1624305808642,44.23290414081119,0 -123.1624309163285,44.23290900248288,0 -123.1624313177837,44.23291482051722,0 -123.1624329062212,44.23291865752915,0 -123.1624332375478,44.23292348305787,0 -123.1624348862406,44.23292826466685,0 -123.1624364656355,44.23293207504086,0 -123.1624367263183,44.23293590974608,0 -123.1624383653973,44.23294066061661,0 -123.1624386881001,44.23294543155823,0 -123.1624390100068,44.23295019073026,0 -123.1624392669608,44.23295398962094,0 -123.1624408952481,44.23295869602123,0 -123.1624425195386,44.23296339085098,0 -123.162444139835,44.23296807415309,0 -123.162444515736,44.23297371684694,0 -123.1624460671225,44.23297743788432,0 -123.1624476154782,44.23298115163725,0 -123.1624492220242,44.23298579148806,0 -123.162449466622,44.23298952037305,0 -123.1624523630788,44.23299410843354,0 -123.1624538985039,44.23299778965513,0 -123.1624541975196,44.23300242027473,0 -123.1624544958086,44.23300703964036,0 -123.1624560239437,44.23301069579014,0 -123.1624577251793,44.2330171004097,0 -123.1624580765303,44.23302259951364,0 -123.1624596529571,44.23302713879196,0 -123.1624599427159,44.23303169820201,0 -123.1624601740203,44.23303533781966,0 -123.1624604625232,44.23303987746667,0 -123.1624607503312,44.2330444061795,0 -123.1624609800806,44.23304802132726,0 -123.1624612666454,44.23305253047611,0 -123.1624616096177,44.23305792720771,0 -123.1624618946738,44.23306241261669,0 -123.1624621222286,44.23306599323332,0 -123.1624635628969,44.23306864341438,0 -123.1624653865175,44.23308647015057,0 -123.1624655253352,44.23308873959049,0 -123.1624659408903,44.23309553323337,0 -123.1624677819809,44.2331022704255,0 -123.162468124229,44.23310789694268,0 -123.1624683291385,44.23311126563048,0 -123.1624702271322,44.23311907040856,0 -123.1624719839986,44.2331246175697,0 -123.1624736696629,44.23312903774383,0 -123.162475351731,44.23313344851704,0 -123.1624769647066,44.23313674185506,0 -123.162477291921,44.23314227613155,0 -123.1624804409389,44.23314772732095,0 -123.1624807626747,44.23315323234428,0 -123.1624824274213,44.23315759174272,0 -123.1624827457631,44.23316307061274,0 -123.1624829998311,44.23316744328958,0 -123.1624847194251,44.23317286213756,0 -123.1624849708073,44.23317721409272,0 -123.1624866837328,44.23318260722661,0 -123.1624883304221,44.23318690473779,0 -123.1624899736459,44.23319119321238,0 -123.1624902794936,44.23319658339613,0 -123.1624907063344,44.2332041059311,0 -123.1624923401929,44.23320835843666,0 -123.1624939706341,44.23321260204698,0 -123.1624942696663,44.23321793612784,0 -123.1624958942636,44.23322215978187,0 -123.1624975742207,44.23322743536018,0 -123.1624991915741,44.23323163924493,0 -123.1625021868196,44.23323580089786,0 -123.1625038529352,44.23324104096096,0 -123.1625068924043,44.2332462340466,0 -123.1625084925643,44.23325039884073,0 -123.1625115189564,44.23325556773118,0 -123.1625117375707,44.23325974646804,0 -123.1625120102041,44.23326495775882,0 -123.1625135436562,44.23326804487426,0 -123.1625138134022,44.23327323474042,0 -123.1625140286991,44.2332773770166,0 -123.1625156091866,44.23328147768273,0 -123.162517186426,44.2332855699197,0 -123.1625188128054,44.23329068166841,0 -123.1625205387276,44.2332978293177,0 -123.162523412082,44.23330083300326,0 -123.1625277886677,44.2333068594504,0 -123.1625293434203,44.2333108996861,0 -123.1625308950026,44.23331493168391,0 -123.1625324434248,44.23331895546901,0 -123.1625339886965,44.23332297106646,0 -123.1625370698266,44.23333097779539,0 -123.1625413463287,44.23333590838007,0 -123.1625428759302,44.23333988951448,0 -123.1625457466478,44.23334383001222,0 -123.162548655628,44.23334876070106,0 -123.1625501728308,44.2333527157943,0 -123.1625530267779,44.23335663043619,0 -123.1625559170685,44.23336152886269,0 -123.1625559591404,44.23336252003764,0 -123.1625616353265,44.23337030206824,0 -123.1625631311181,44.23337421368935,0 -123.1625646239105,44.23337811746007,0 -123.1625674447889,44.23338198114802,0 -123.1625702600197,44.23338583710002,0 -123.1625730321214,44.23338870789938,0 -123.1625771642686,44.23339251820952,0 -123.1625799263588,44.23339537898791,0 -123.1625840790656,44.23340014813957,0 -123.1625868304796,44.23340299751266,0 -123.1625895777838,44.23340584262929,0 -123.1625923209906,44.23340868349893,0 -123.1625964438556,44.23341341953392,0 -123.1626005260929,44.2334171807159,0 -123.1626046002264,44.23342093444176,0 -123.1626060048254,44.23342378473378,0 -123.1626114369855,44.23342940890848,0 -123.1626168005592,44.23343310664448,0 -123.1626221784447,44.23343775033915,0 -123.1626261852394,44.23344051199687,0 -123.1626302318531,44.23344516914482,0 -123.1626342248022,44.23344791987789,0 -123.1626382118639,44.2334506665608,0 -123.16264349926,44.2334533775215,0 -123.1626474921584,44.23345705972543,0 -123.162652798107,44.23346164442347,0 -123.162655471037,44.23346534197191,0 -123.1626581546245,44.23346996947541,0 -123.1626595172446,44.23347368222333,0 -123.1626634730417,44.23347732479748,0 -123.1626648136177,44.23348009135216,0 -123.1626713488935,44.23348365865613,0 -123.1626739761708,44.23348638447891,0 -123.1626766109231,44.23349003362005,0 -123.1626792298869,44.23349275015878,0 -123.1626844282511,44.23349540011218,0 -123.1626870114591,44.23349533749969,0 -123.1626806358621,44.23350287482389,0 -123.1626754794613,44.23350299980567,0 -123.1626703230605,44.2335031247872,0 -123.1626625884775,44.23350331225856,0 -123.1626574320769,44.23350343723942,0 -123.1626522585083,44.23350264136281,0 -123.1626470640029,44.23350092335721,0 -123.1626405737758,44.23349923496517,0 -123.1626353472229,44.23349658973883,0 -123.1626288434111,44.23349489718478,0 -123.1626236261307,44.23349317165743,0 -123.1626184037637,44.23349144443925,0 -123.1626118821951,44.23348974691461,0 -123.162606677365,44.23348894458763,0 -123.1626014700045,44.23348814186921,0 -123.162594996243,44.23348829877644,0 -123.1625898172295,44.23348842430203,0 -123.1625846044874,44.23348762126034,0 -123.1625793892068,44.23348681782673,0 -123.1625728390595,44.23348511555817,0 -123.1625662825167,44.23348341161707,0 -123.1625610563975,44.23348260617436,0 -123.1625557460466,44.23347993583403,0 -123.1625492564681,44.23348009312167,0 -123.1625426787856,44.23347838422536,0 -123.1625373938559,44.23347664217956,0 -123.1625320570395,44.23347396287525,0 -123.1625227600639,44.23347043692426,0 -123.162517453717,44.23346868714015,0 -123.1625120904511,44.23346599606844,0 -123.1625068254031,44.23346518239926,0 -123.1625027533339,44.23346245450271,0 -123.1624987303589,44.2334606652914,0 -123.1624920355374,44.23345799401153,0 -123.1624853308334,44.23345531878901,0 -123.1624799838694,44.2334535542313,0 -123.1624759397788,44.23345175623123,0 -123.1624732620129,44.23345087243356,0 -123.1624665934033,44.23344913523802,0 -123.1624599830561,44.2334483453364,0 -123.162454745336,44.23344847227769,0 -123.1624481981873,44.23344863095391,0 -123.1624375820572,44.2334469866291,0 -123.1624309596702,44.23344619561093,0 -123.1624255713566,44.23344442176373,0 -123.1624202524634,44.23344359774435,0 -123.162416166892,44.23344178950185,0 -123.1624094519561,44.23344004309827,0 -123.1624027303809,44.23343829496215,0 -123.162394688189,44.23343657694605,0 -123.1623879526565,44.23343482536883,0 -123.1623839249178,44.23343396486107,0 -123.1623771790399,44.23343221068868,0 -123.1623718297323,44.23343138079004,0 -123.1623637562845,44.23342965593353,0 -123.1623583092705,44.23342786552577,0 -123.1623528568648,44.23342607334101,0 -123.162346174014,44.23342527241831,0 -123.1623392974204,44.23342254757142,0 -123.1623339240793,44.23342171299846,0 -123.1623284500606,44.23341991463787,0 -123.1623243905169,44.2334190467859,0 -123.1623124384802,44.23341241012795,0 -123.1623080886608,44.23341011001185,0 -123.1623032863317,44.23340868258023,0 -123.1622937097531,44.23340583606258,0 -123.162286551751,44.2334037084358,0 -123.1622806026792,44.23340194014805,0 -123.1622746680309,44.23340017614714,0 -123.1622694728078,44.23339963033641,0 -123.1622647450555,44.23339822410355,0 -123.1622583913553,44.23339733057217,0 -123.1622532281636,44.23339678921424,0 -123.1622461856757,44.23339469160045,0 -123.1622207513376,44.23338902402981,0 -123.1622116163575,44.2333867213414,0 -123.162202523255,44.23338442920827,0 -123.1621934717428,44.23338214755805,0 -123.1621844615363,44.23337987631894,0 -123.1621754923532,44.23337761541987,0 -123.1621683463496,44.23337581409655,0 -123.1621576759417,44.23337312436063,0 -123.1621488281618,44.23337089406145,0 -123.1621400203023,44.2333686738243,0 -123.1621312520935,44.23336646358121,0 -123.1621225232684,44.23336426326485,0 -123.1621138335621,44.23336207280849,0 -123.1621069097803,44.23336032749668,0 -123.1620965704587,44.23335772121186,0 -123.1620879965438,44.23335555994107,0 -123.1620811648431,44.23335383783855,0 -123.1620726592955,44.23335169379996,0 -123.162067574043,44.23335041193295,0 -123.1620580107577,44.23334679091445,0 -123.1620501742386,44.23334361050937,0 -123.1620440427487,44.23334086360789,0 -123.1620373692446,44.23333918773153,0 -123.162029060261,44.23333710114647,0 -123.1620257468511,44.23333626906955,0 -123.1620153156927,44.23333125845085,0 -123.1620087445836,44.23332961245276,0 -123.1620005628328,44.23332756300415,0 -123.1619913480262,44.23332406736345,0 -123.1619864807067,44.23332284968905,0 -123.1619789510928,44.23331978283784,0 -123.1619714539478,44.23331672920426,0 -123.1619655899399,44.23331408769054,0 -123.161959194641,44.23331249383063,0 -123.161953371789,44.23330986864683,0 -123.1619475688864,44.23330725245045,0 -123.1619412372062,44.23330567845218,0 -123.161931780187,44.23330332752214,0 -123.1619239362164,44.23330137758068,0 -123.1619094354484,44.2332954543698,0 -123.1618982227673,44.23328690168735,0 -123.1618920649626,44.23328538453288,0 -123.1618843968294,44.23328349526439,0 -123.1618788242217,44.23328097495677,0 -123.1618727324688,44.23327947599778,0 -123.161865146442,44.23327760935167,0 -123.1618575920713,44.23327575049431,0 -123.1618469656256,44.23327654853697,0 -123.1618408719349,44.23327845341932,0 -123.1618333032994,44.23327998264548,0 -123.1618257597518,44.23328150680216,0 -123.1618187720734,44.23328202599723,0 -123.1618118074951,44.23328254348541,0 -123.1618039274878,44.23328169363947,0 -123.1617966077527,44.2332798531372,0 -123.1617893180609,44.23327802018851,0 -123.1617829819012,44.23327754972248,0 -123.1617757468982,44.23327572822836,0 -123.161768541421,44.23327391416707,0 -123.1617613652892,44.23327210749326,0 -123.1617542183238,44.23327030816183,0 -123.1617490424308,44.23326789311523,0 -123.1617444032669,44.23326450664135,0 -123.1617397790959,44.2332611311253,0 -123.1617341333354,44.23325971868925,0 -123.1617295406592,44.23325636178004,0 -123.1617238609377,44.23324614019967,0 -123.1617193050147,44.23324281991174,0 -123.1617142494051,44.23324047892518,0 -123.1617086964407,44.23323911253192,0 -123.1617031612215,44.23323775050482,0 -123.1616962670535,44.23323605408663,0 -123.1616907714514,44.23323470180716,0 -123.1616839265388,44.23323301750808,0 -123.1616779611044,44.23323263354215,0 -123.1616682866659,44.23323349446158,0 -123.1616623695121,44.23323311125353,0 -123.1616546198324,44.23323334870189,0 -123.1616487451601,44.23323296708024,0 -123.1616433934111,44.23323163666563,0 -123.161637554799,44.23323125893297,0 -123.1616304079219,44.23323055176253,0 -123.1616264344776,44.23322956147087,0 -123.1616193316292,44.23322885982186,0 -123.1616127565853,44.23322721905733,0 -123.161607514944,44.23322591103542,0 -123.1616027881656,44.23322366815561,0 -123.1615985737979,44.23322049474975,0 -123.1615938754829,44.23321826719963,0 -123.1615891917293,44.23321604654637,0 -123.1615840269455,44.23321476587385,0 -123.1615793728211,44.23321255746129,0 -123.1615742390538,44.23321128610215,0 -123.1615691210681,44.23321001865094,0 -123.1615627456966,44.23320843981216,0 -123.1615576629542,44.23320718108816,0 -123.1615513314092,44.23320561310201,0 -123.1615467733417,44.23320344056811,0 -123.161540973104,44.23320096438497,0 -123.1615364463934,44.23319880636266,0 -123.1615319334391,44.23319665488728,0 -123.1615269475619,44.23319542645028,0 -123.1615244602763,44.23319481362447,0 -123.1615066436578,44.23319134521419,0 -123.1614981844818,44.233189226227,0 -123.161489762614,44.23318711658457,0 -123.161481377806,44.23318501622464,0 -123.1614746964835,44.23318334258022,0 -123.1614663777757,44.2331812587767,0 -123.1614580954519,44.23317918408642,0 -123.161451495629,44.23317753085558,0 -123.1614416390051,44.23317506180741,0 -123.1614334644119,44.23317301410093,0 -123.1614237016662,44.23317056856688,0 -123.1614156047452,44.23316854031534,0 -123.1614075427642,44.2331665208154,0 -123.1614011181835,44.23316491147838,0 -123.1613947157054,44.2331633076775,0 -123.1613883352203,44.23316170938535,0 -123.1613803903587,44.23315971922096,0 -123.161363578127,44.23315434012463,0 -123.1613557400155,44.23315237918252,0 -123.1613479351814,44.23315042656507,0 -123.1613401634133,44.23314848221936,0 -123.1613324245013,44.23314654609297,0 -123.1613247182376,44.23314461813385,0 -123.1613170444161,44.23314269829046,0 -123.1613094028322,44.23314078651165,0 -123.1613017932833,44.23313888274669,0 -123.1612947524924,44.2331359757454,0 -123.161285699627,44.23313371375644,0 -123.1612781901321,44.23313183740016,0 -123.1612722050175,44.23313034193193,0 -123.1612647515544,44.23312847957482,0 -123.1612558481111,44.23312625491808,0 -123.1612484622836,44.23312440945934,0 -123.1612425755503,44.23312293857112,0 -123.1612337817591,44.23312074131034,0 -123.1612264866881,44.23311891852661,0 -123.1612192214978,44.23311710320844,0 -123.1612119860049,44.23311529531001,0 -123.1612047800278,44.23311349478595,0 -123.1611976033861,44.23311170159122,0 -123.1611904559011,44.23310991568115,0 -123.1611833373956,44.23310813701144,0 -123.1611762476935,44.23310636553815,0 -123.1611691866203,44.2331046012177,0 -123.1611635582615,44.23310319488308,0 -123.1611551496859,44.23310109386658,0 -123.1611495664571,44.23309969880753,0 -123.1611426126231,44.23309796128033,0 -123.1611370695628,44.23309657625721,0 -123.1611320569094,44.23309423009917,0 -123.1611265484047,44.2330928554543,0 -123.1611215684742,44.23309052269987,0 -123.1611147283024,44.23308881790289,0 -123.1611097849137,44.23308649988532,0 -123.1611029924487,44.23308480912753,0 -123.1610975777871,44.23308346132762,0 -123.161092180224,44.23308211778345,0 -123.1610854572217,44.23308044431474,0 -123.161080097835,44.23307911027258,0 -123.1610734222999,44.23307744861833,0 -123.1610694295245,44.23307645474838,0 -123.1610627957617,44.23307480349115,0 -123.161059329605,44.23307287102675,0 -123.1610501060857,44.23307057805217,0 -123.1610453575733,44.23306833263156,0 -123.1610406238228,44.23306609419097,0 -123.1610354068222,44.23306480053942,0 -123.1610312003646,44.23306163812295,0 -123.1610265105204,44.23305942043107,0 -123.1610213394691,44.23305814307572,0 -123.1610171741706,44.23305500556362,0 -123.1610125275939,44.23305280833044,0 -123.1610078952732,44.23305061785556,0 -123.1610037698335,44.2330475063447,0 -123.1609991651398,44.23304533071219,0 -123.1609945745464,44.23304316173061,0 -123.1609904883734,44.23304007588716,0 -123.1609854354122,44.2330388436398,0 -123.1609791408827,44.23303730861525,0 -123.1609741224659,44.23303608479145,0 -123.1609683579121,44.23303364304338,0 -123.1609596441304,44.23303152078681,0 -123.1609497419107,44.23302910908308,0 -123.1609411263788,44.23302701075359,0 -123.1609295319089,44.23302085044909,0 -123.1609229362004,44.23301918513613,0 -123.1609163716214,44.23301752768241,0 -123.1609141785468,44.23301606820566,0 -123.1609102280696,44.23301236032164,0 -123.1609032749132,44.23300881193025,0 -123.1608998130009,44.23300704521383,0 -123.1608942049006,44.23300384772043,0 -123.1608890656948,44.23300256523809,0 -123.1608843645838,44.23300049852554,0 -123.1608800991399,44.23299765195814,0 -123.1608775545778,44.23299701945119,0 -123.160869102148,44.23299403064215,0 -123.160863632339,44.23299090160504,0 -123.1608586111261,44.23298965837155,0 -123.1608552714824,44.23298794902643,0 -123.1608490372387,44.23298640747731,0 -123.1608440704258,44.23298517932703,0 -123.1608391217996,44.23298395567351,0 -123.1608321432854,44.23298135540712,0 -123.1608260156507,44.23297984220933,0 -123.1608211335981,44.23297863660334,0 -123.1608150559438,44.2329771357473,0 -123.160810620824,44.23297517309413,0 -123.1608049978963,44.23297292102949,0 -123.1608001933752,44.23297173769025,0 -123.1607946166663,44.23296950247799,0 -123.160788661272,44.23296803761523,0 -123.1607827325499,44.23296657931268,0 -123.1607784107527,44.23296466009973,0 -123.160772929895,44.23296245960839,0 -123.1607682423943,44.23296130965427,0 -123.1607624064441,44.23295987795817,0 -123.1607565963647,44.23295845260839,0 -123.1607473536229,44.23295618514459,0 -123.1607416100079,44.23295477609909,0 -123.1607374290323,44.23295290806211,0 -123.1607328677238,44.23295179054391,0 -123.1607271885736,44.2329503991547,0 -123.1607226631383,44.23294929042484,0 -123.1607140517356,44.23294634612098,0 -123.1607110826687,44.23294478636729,0 -123.1607055001851,44.23294342228058,0 -123.1607014416882,44.23294160067227,0 -123.1606947967107,44.23293997911696,0 -123.1606896737317,44.23293790311927,0 -123.1606867656342,44.23293636974887,0 -123.160680585218,44.2329340431657,0 -123.1606755234965,44.23293199237003,0 -123.1606704834451,44.23292995035377,0 -123.1606669281898,44.23292745431598,0 -123.1606630013188,44.23292568948193,0 -123.160659087837,44.23292393067083,0 -123.1606534336053,44.23292094384525,0 -123.1606495529566,44.23291920053723,0 -123.1606460662668,44.2329167459543,0 -123.1606411544592,44.23291476289027,0 -123.1606383691411,44.23291329116334,0 -123.1606338688155,44.23291060879907,0 -123.1606300553118,44.23290889825521,0 -123.1606266320816,44.23290648259773,0 -123.1606228434995,44.23290478470446,0 -123.1606186913956,44.23290380097948,0 -123.1606163378667,44.23290165014911,0 -123.1606115535474,44.23289972500173,0 -123.1606088423088,44.23289829167122,0 -123.1606026930208,44.23289684268178,0 -123.1606000029218,44.23289541827923,0 -123.1605942706298,44.23289328095312,0 -123.1605902171813,44.23289232842269,0 -123.1605865480268,44.23289068048813,0 -123.1605815158974,44.2328894995912,0 -123.1605798786873,44.23288833204762,0 -123.1605631362993,44.23288315124046,0 -123.1605562158299,44.23288149154786,0 -123.1605515708893,44.23287853599774,0 -123.1605478823942,44.2328767346032,0 -123.1605405372619,44.23287314738548,0 -123.1605359513117,44.2328702262404,0 -123.1605305225415,44.23286893654503,0 -123.1605255438758,44.2328668431832,0 -123.1605196684612,44.23286363270028,0 -123.1605147317318,44.23286155837734,0 -123.1605098137397,44.232859491927,0 -123.1605031603087,44.23285792199885,0 -123.1604965382947,44.23285635948324,0 -123.1604916870396,44.23285431647319,0 -123.1604868540528,44.23285228114556,0 -123.1604833468532,44.23285056074804,0 -123.1604754824481,44.23284603657478,0 -123.1604694163514,44.23284372738999,0 -123.160465087062,44.23284094009427,0 -123.1604590705387,44.2328386524292,0 -123.1604543609511,44.2328366726484,0 -123.1604500856498,44.23283391522903,0 -123.1604449940648,44.23283273507406,0 -123.1604441399753,44.23283165754608,0 -123.1604373731168,44.23282833726959,0 -123.1604314867698,44.23282610383998,0 -123.1604281332138,44.23282445745228,0 -123.1604222896215,44.23282224110974,0 -123.1604168840505,44.23281926031725,0 -123.1604110927818,44.23281706594155,0 -123.1604069702918,44.23281439194734,0 -123.1604008165543,44.2328129872478,0 -123.1603975458332,44.23281137889207,0 -123.1603898130673,44.23280789841665,0 -123.1603853582787,44.23280602870183,0 -123.1603809195517,44.23280416572796,0 -123.1603752924815,44.23280203686445,0 -123.16037088976,44.23280018858345,0 -123.1603637112795,44.23279856599286,0 -123.1603593489325,44.23279673217434,0 -123.1603550021492,44.23279490490668,0 -123.1603494903624,44.23279281843557,0 -123.1603451784873,44.23279100542267,0 -123.1603408819037,44.23278919884827,0 -123.160335433067,44.23278713700397,0 -123.1603300082891,44.23278508426305,0 -123.1603265269395,44.23278430510985,0 -123.1603215365789,44.2327815205619,0 -123.1603180786346,44.23278074884494,0 -123.1599084874374,44.23348651014053,0 -123.1599217443671,44.23349076380087,0 -123.1599267870294,44.23349222555635,0 -123.15993175456,44.23349256472582,0 -123.1599383625771,44.23349301589376,0 -123.15994415906,44.23349396762282,0 -123.1599491471826,44.23349541790435,0 -123.1599541221799,44.23349686437761,0 -123.1599582931108,44.23349880681258,0 -123.1599624530607,44.23350074412849,0 -123.1599658132278,44.2335031748205,0 -123.1599715762321,44.2335052089425,0 -123.1599757477882,44.23350823007031,0 -123.159979860481,44.233510143686,0 -123.1599831782098,44.23351254784311,0 -123.1599888369954,44.2335134610983,0 -123.1599920933064,44.2335147624635,0 -123.1599961647336,44.23351665826142,0 -123.1600034219288,44.23351875354132,0 -123.1600082800468,44.23352123138636,0 -123.1600090941026,44.23352182436043,0 -123.1600147442836,44.23352488327252,0 -123.1600195653477,44.23352734162874,0 -123.1600227912829,44.23352969418115,0 -123.1600275854345,44.23353213769196,0 -123.1600315920285,44.23353506123888,0 -123.1600363567004,44.23353748831054,0 -123.1600410813891,44.23353884058852,0 -123.1600450484773,44.23354174033474,0 -123.1600489807589,44.23354356839084,0 -123.1600521362556,44.23354587623763,0 -123.1600552636242,44.23354711925407,0 -123.1600607358921,44.23355008127121,0 -123.1600646440752,44.23355294292074,0 -123.1600677616981,44.23355522570616,0 -123.160072408788,44.23355759012581,0 -123.1600762812314,44.23356042724585,0 -123.1600801293966,44.23356221091585,0 -123.1600847364929,44.23356455389457,0 -123.1600900946054,44.23356745132267,0 -123.1600939072809,44.23356921776212,0 -123.1600969491665,44.23357042046894,0 -123.1601022574612,44.23357226124614,0 -123.1601083014957,44.2335736208971,0 -123.1601120711429,44.23357537024796,0 -123.1601158305935,44.23357608647485,0 -123.1601210821682,44.23357688144829,0 -123.1601263181749,44.23357870013974,0 -123.160130794338,44.23357996204683,0 -123.1601345126288,44.23358169265349,0 -123.1601397067198,44.23358349654458,0 -123.1601419288742,44.23358412237426,0 -123.1601485694917,44.23358701136533,0 -123.1601529877486,44.23358825443584,0 -123.1601566416209,44.23359097515888,0 -123.1601610376938,44.23359220989585,0 -123.1601646690759,44.23359491700621,0 -123.1601683046372,44.23359661010235,0 -123.1601726522148,44.23359883709928,0 -123.1601762502506,44.23360152245938,0 -123.160180553378,44.2336047340576,0 -123.1601841473554,44.23360640482488,0 -123.1601884442809,44.23360860332299,0 -123.1601912868321,44.23361072729303,0 -123.1601948303,44.23361337499173,0 -123.1601983630144,44.23361601465498,0 -123.160202613668,44.23361818592936,0 -123.1602061239182,44.23362081032684,0 -123.1602089244808,44.23362290413452,0 -123.160211020462,44.23362447117007,0 -123.1602159551541,44.23362616054228,0 -123.1602187639885,44.23362726324423,0 -123.160222952002,44.23362940127499,0 -123.1602271601081,44.23363055942747,0 -123.1602306366798,44.23363217062837,0 -123.1602341049275,44.23363377796507,0 -123.1602375648666,44.23363538144992,0 -123.1602410165241,44.23363698110388,0 -123.1602458197963,44.23363960011196,0 -123.1602499680226,44.23364073712532,0 -123.1602533905342,44.23364232373233,0 -123.1602568049004,44.233643906562,0 -123.160258908086,44.23364351133274,0 -123.1602663308285,44.23364812742659,0 -123.1602697147034,44.23364969635887,0 -123.1602730905806,44.23365126157552,0 -123.1602764584816,44.23365282309392,0 -123.1602811889972,44.23365443379045,0 -123.1602852466837,44.23365553993399,0 -123.160289294819,44.23365664346409,0 -123.160293333431,44.2336577444039,0 -123.1602973625598,44.23365884275838,0 -123.1603013286078,44.23366087999231,0 -123.1603046338655,44.23366241653299,0 -123.1603079313923,44.23366394948895,0 -123.1603105189583,44.23366592257047,0 -123.1603138019219,44.23366744784789,0 -123.1603178477481,44.23367271023434,0 -123.1603204750188,44.23367446397771,0 -123.1603229723119,44.23367492890774,0 -123.1603259863052,44.23367574193054,0 -123.1603289922319,44.23367655278812,0 -123.160331529452,44.23367765257451,0 -123.1603345200123,44.23367845873437,0 -123.1603365836457,44.23367984338649,0 -123.1603391007017,44.23368093443225,0 -123.160343039359,44.2336817876357,0 -123.1603476813561,44.23368550507245,0 -123.160350168027,44.23368658182511,0 -123.1603531035465,44.23368736800712,0 -123.1603560313594,44.23368815212971,0 -123.1603589514905,44.23368893417503,0 -123.160361410327,44.23369000079519,0 -123.1603638627413,44.23369106461136,0 -123.1603667611589,44.23369183979052,0 -123.1603687483252,44.23369318391073,0 -123.160371181562,44.23369423940507,0 -123.1603731577938,44.23369557689794,0 -123.1603755789749,44.23369662654057,0 -123.1603775443477,44.23369795744929,0 -123.1603809314822,44.23369966391398,0 -123.160383331612,44.233700703499,0 -123.1603857255362,44.23370174040765,0 -123.1603881132792,44.23370277462867,0 -123.1603904948538,44.23370380618667,0 -123.1603923884743,44.23370450768231,0 -123.1603956847858,44.23370558007848,0 -123.1603980474556,44.23370660405836,0 -123.1603999600385,44.23370790593977,0 -123.1604027871908,44.23370924851153,0 -123.1604051626961,44.23371086643112,0 -123.1604079725073,44.23371219999476,0 -123.1604103021693,44.23371320801625,0 -123.1604126259038,44.23371421346416,0 -123.1604153839211,44.23371493823439,0 -123.1604186018461,44.23371598044474,0 -123.1604213444223,44.23371670090257,0 -123.1604240800349,44.23371741953613,0 -123.1604277086757,44.23371817699626,0 -123.1604304284785,44.23371889171653,0 -123.1604322454517,44.23371956454066,0 -123.160434495319,44.23371996042117,0 -123.1604358475095,44.23372031575744,0 -123.1604407843559,44.23372141846926,0 -123.1604430369661,44.23372239940345,0 -123.1604452839277,44.23372337787848,0 -123.1604470738539,44.23372404163249,0 -123.1604501938908,44.23372505396041,0 -123.160452423493,44.2337260254446,0 -123.160455541674,44.23372761446211,0 -123.1604577576623,44.23372857973587,0 -123.1604608426625,44.23372957902157,0 -123.1604630458691,44.23373053915487,0 -123.160465684906,44.23373180375761,0 -123.1604678872901,44.23373333516416,0 -123.1604700722545,44.23373428649057,0 -123.1604722617459,44.23373580980899,0 -123.1604752977538,44.23373678932961,0 -123.160477038058,44.23373800152509,0 -123.1604796328798,44.2337392437667,0 -123.1604817879802,44.23374018112247,0 -123.160483937794,44.23374111617898,0 -123.1604869408366,44.23374264829152,0 -123.1604895008874,44.2337433101459,0 -123.1604916320979,44.2337442373779,0 -123.160495030069,44.23374549073846,0 -123.1604971480588,44.23374641249235,0 -123.1604992608889,44.233747332009,0 -123.160501368586,44.23374824929167,0 -123.1605034711768,44.23374916434373,0 -123.160505149398,44.23375034207906,0 -123.1605068235573,44.23375151696389,0 -123.1605089119209,44.23375242475209,0 -123.1605109932597,44.23375388622703,0 -123.1605134853189,44.23375507983857,0 -123.1605151403739,44.23375624265501,0 -123.160517207447,44.23375713984479,0 -123.1605192650933,44.23375858634855,0 -123.1605217313155,44.23375976647863,0 -123.160523367581,44.23376091741874,0 -123.1605262281511,44.23376237741637,0 -123.1605282671828,44.23376326085611,0 -123.1605294837802,44.23376411759043,0 -123.1605319186381,44.23376528175697,0 -123.16053394362,44.23376615859606,0 -123.1605359637957,44.23376703334524,0 -123.1605379791694,44.2337679060232,0 -123.160540399848,44.23376851754079,0 -123.160543610769,44.23376969073907,0 -123.1605456087782,44.23377055666236,0 -123.1605472063068,44.23377114024218,0 -123.160549195945,44.2337720026738,0 -123.1605515745581,44.23377314220567,0 -123.1605543383193,44.23377455662126,0 -123.1605563108239,44.23377541124447,0 -123.1605578729627,44.23377652022037,0 -123.1605598367138,44.23377737053664,0 -123.1605617790893,44.23377875024076,0 -123.1605674523247,44.23378196081523,0 -123.1605698007076,44.23378299382144,0 -123.1605725870663,44.23378374364373,0 -123.1605782217696,44.23378705372727,0 -123.1605805421376,44.23378807396325,0 -123.1605823888932,44.23378876769985,0 -123.1605856059102,44.23378982815234,0 -123.1605879080266,44.23379084096401,0 -123.1605906439499,44.23379157342858,0 -123.1605933729155,44.23379230403552,0 -123.1605956784223,44.23379390714041,0 -123.1605979554192,44.23379490933765,0 -123.1606011416167,44.23379654594851,0 -123.160603860292,44.2337978591155,0 -123.1606065704178,44.23379916814374,0 -123.1606088370722,44.23380074786654,0 -123.160611514072,44.23380145915691,0 -123.1606133166477,44.23380271689206,0 -123.1606159967057,44.23380401094254,0 -123.1606182212417,44.23380498860673,0 -123.160620440219,44.23380596382716,0 -123.1606217635509,44.23380631410365,0 -123.1606253049987,44.2338082172468,0 -123.1606275178731,44.23380976571667,0 -123.1606297129068,44.23381072955591,0 -123.1606314733464,44.23381196214186,0 -123.1606336580496,44.23381292086695,0 -123.1606349718564,44.23381384126916,0 -123.1606375836825,44.23381510135032,0 -123.1606397527445,44.23381605265422,0 -123.1606414899589,44.23381727108197,0 -123.1606436422844,44.23381764448941,0 -123.1606458024831,44.23381916133133,0 -123.1606479507959,44.2338201029757,0 -123.1606509513232,44.23382164509946,0 -123.1606539374221,44.23382261371382,0 -123.1606556429599,44.23382381406562,0 -123.1606577668053,44.23382474456233,0 -123.1606611537009,44.23382600284662,0 -123.1606636855539,44.23382666174084,0 -123.1606657905751,44.2338275848203,0 -123.1606683106476,44.23382824019266,0 -123.160670404953,44.23382915911855,0 -123.1606729133303,44.2338298109962,0 -123.1606749969981,44.23383072579721,0 -123.160677075638,44.2338316383826,0 -123.1606795668727,44.23383228491189,0 -123.1606816349902,44.2338331934163,0 -123.1606841090044,44.23383439176372,0 -123.1606865820558,44.23383503245112,0 -123.1606886265994,44.23383648723428,0 -123.1606910797578,44.23383767561837,0 -123.1606931198459,44.23383857141876,0 -123.1606951550647,44.23383946507335,0 -123.1606971854118,44.23384035659635,0 -123.1606992109167,44.23384124599376,0 -123.1607012316001,44.23384213326509,0 -123.1607024461458,44.23384244594914,0 -123.1607056698395,44.23384364162671,0 -123.1607084843684,44.23384454828453,0 -123.1607104838759,44.23384542716988,0 -123.160712874198,44.23384658755269,0 -123.1607148631878,44.23384746169329,0 -123.1607168321986,44.23384887408565,0 -123.1607188271019,44.23384920378579,0 -123.1607208020473,44.2338500717539,0 -123.160722772352,44.23385093767424,0 -123.1607247380171,44.23385180156362,0 -123.1607274931937,44.23385268613428,0 -123.1607298537639,44.23385328941549,0 -123.1607322088175,44.23385389128213,0 -123.1607341536744,44.23385474742241,0 -123.1607368814295,44.23385562330146,0 -123.160739219352,44.23385622016036,0 -123.1607411486754,44.23385707034478,0 -123.1607434761895,44.23385766413016,0 -123.1607454194318,44.23385798147206,0 -123.1607481149992,44.23385884757177,0 -123.1607504263281,44.2338594372345,0 -123.1607531331175,44.2338597722898,0 -123.1607554332984,44.23386035951309,0 -123.1607577281667,44.23386094538202,0 -123.1607600177247,44.23386152989984,0 -123.1607619309707,44.23386184132723,0 -123.1607642110821,44.23386242363259,0 -123.1607668840931,44.23386275303072,0 -123.1607691532618,44.23386333295403,0 -123.1607710808376,44.23386312015655,0 -123.1607741040354,44.23386371768446,0 -123.1607759931155,44.23386402527073,0 -123.1607790349711,44.23386410087305,0 -123.1607812785751,44.23386467626583,0 -123.160783912253,44.23386500065092,0 -123.1607853899801,44.23386555529827,0 -123.1607876193026,44.23386612723147,0 -123.1607905957379,44.23386671588882,0 -123.1607928134377,44.23386728503905,0 -123.1607950261038,44.23386785289411,0 -123.160796841225,44.233868667453,0 -123.1607986522441,44.23386948016944,0 -123.1608004591556,44.2338702910401,0 -123.1608030053604,44.23387111674664,0 -123.160804842223,44.23387141355188,0 -123.1608070263323,44.23387197290241,0 -123.160808815672,44.23387277731532,0 -123.1608106009759,44.23387357991155,0 -123.1608134657995,44.23387465762142,0 -123.160815240875,44.2338754558552,0 -123.1608173571843,44.2338765123928,0 -123.1608225801738,44.23387909347979,0 -123.1608246823542,44.23388009566388,0 -123.1608267793435,44.23388109537343,0 -123.1608288711556,44.23388209261923,0 -123.1608313840589,44.23388281810017,0 -123.1608334650565,44.23388381077119,0 -123.1608363913273,44.23388426371658,0 -123.1608384610757,44.23388525217466,0 -123.1608405257489,44.23388623820873,0 -123.160842600633,44.23388664147907,0 -123.1608438406073,44.23388699910391,0 -123.1608479572898,44.23388838085599,0 -123.1608512486874,44.23388913570316,0 -123.1608533030316,44.23388953423435,0 -123.160856578295,44.23389028548807,0 -123.1608594233256,44.23389130000363,0 -123.1608610422221,44.23389196029419,0 -123.1608638951598,44.23389239718337,0 -123.1608671375508,44.23389314024105,0 -123.1608691388521,44.23389410303397,0 -123.1608715530706,44.23389479955953,0 -123.1608743787105,44.23389523078518,0 -123.1608763640622,44.2338961875784,0 -123.1608787608744,44.23389687908417,0 -123.1608811519274,44.23389756892598,0 -123.1608827337669,44.23389821643908,0 -123.1608842853035,44.23389942746952,0 -123.1608862755072,44.23389981007013,0 -123.1608893599185,44.23390222036292,0 -123.1608913096098,44.23390316024665,0 -123.1608936671732,44.23390383725469,0 -123.1608960191174,44.23390451264974,0 -123.1608975735767,44.23390514818703,0 -123.1609002951981,44.23390611833178,0 -123.1609034191871,44.23390682627713,0 -123.1609057477369,44.23390749472971,0 -123.1609081049094,44.23390760685253,0 -123.160910797299,44.23390856848904,0 -123.1609131088859,44.23390923251632,0 -123.1609142626358,44.23390956394394,0 -123.1609165660539,44.23391022562276,0 -123.1609192341147,44.23391117916277,0 -123.160923443848,44.23391220133824,0 -123.1609249527374,44.23391282134515,0 -123.1609280021789,44.23391351076344,0 -123.1609302733433,44.23391416317671,0 -123.1609329026731,44.23391510427932,0 -123.1609351621519,44.23391575311964,0 -123.160937055055,44.23391611129043,0 -123.160939305091,44.23391675763497,0 -123.1609419524495,44.23391714813209,0 -123.1609434311728,44.23391775806364,0 -123.1609468271085,44.23391818016248,0 -123.1609494565371,44.23391856765175,0 -123.1609520798749,44.23391895424373,0 -123.1609539433073,44.23391930683574,0 -123.1609568611864,44.23392051520431,0 -123.1609586677634,44.23392140253058,0 -123.1609608204821,44.23392257178012,0 -123.1609637630861,44.23392323467986,0 -123.1609655544702,44.23392411531532,0 -123.1609673417342,44.23392499392281,0 -123.1609698674823,44.23392590144266,0 -123.1609723859958,44.23392680635936,0 -123.1609741583065,44.23392767838116,0 -123.1609770592034,44.23392832888533,0 -123.160978874703,44.23392866843346,0 -123.1609796106876,44.23392869839787,0 -123.1609839089779,44.23392993229545,0 -123.1609863889615,44.23393082481149,0 -123.160988861904,44.23393171478993,0 -123.1609902638743,44.23393229712752,0 -123.1609941782151,44.23393323990822,0 -123.1609962963323,44.23393384754537,0 -123.1609988001777,44.23393420706855,0 -123.1610023504491,44.23393486800254,0 -123.1610054995319,44.23393577260383,0 -123.1610075930293,44.23393637398058,0 -123.1610104584703,44.23393648329886,0 -123.1610125417124,44.23393708253147,0 -123.1610157202197,44.23393746257879,0 -123.1610188898524,44.23393784156875,0 -123.1610203098605,44.23393789516744,0 -123.1610234668954,44.2339382728078,0 -123.161025588333,44.23393835266478,0 -123.161029050408,44.23393899857949,0 -123.1610311618804,44.23393907763121,0 -123.1610332698337,44.23393915655112,0 -123.161038750927,44.23394100524792,0 -123.161041262978,44.23394120937857,0 -123.1610437703178,44.23394141312489,0 -123.1610458405946,44.23394188966363,0 -123.1610483389525,44.23394209239122,0 -123.1610504010777,44.23394256740215,0 -123.1610537192801,44.23394283627163,0 -123.161056598741,44.23394337645613,0 -123.1610590411008,44.23394418694802,0 -123.1610610836644,44.23394465779434,0 -123.1610643731873,44.23394492282365,0 -123.1610667975988,44.23394572863806,0 -123.161068397932,44.23394646692518,0 -123.1610708121281,44.23394726908962,0 -123.1610732203679,44.23394806927044,0 -123.1610760491694,44.23394859801024,0 -123.1610776335623,44.23394933023961,0 -123.1610804095465,44.23395045801271,0 -123.1610836018054,44.23395131392968,0 -123.1610855973428,44.23395177259166,0 -123.1610884372494,44.23395169460392,0 -123.1610892414259,44.23395175791499,0 -123.1610941467021,44.23395094079453,0 -123.1610973485764,44.2339511943368,0 -123.1611005426373,44.23395144725713,0 -123.1611021367435,44.2339515734872,0 -123.1611053191329,44.23395182548331,0 -123.1611076516728,44.23395260892267,0 -123.1611096076888,44.23395306235989,0 -123.1611127197926,44.23395390471254,0 -123.1611146664571,44.23395435586826,0 -123.1611181823731,44.23395492948494,0 -123.1611204852506,44.23395570442857,0 -123.1611232005561,44.23395621340489,0 -123.1611254918212,44.23395698492934,0 -123.1611277775635,44.233957754594,0 -123.161130113176,44.23395793578936,0 -123.1611323885418,44.2339587026953,0 -123.1611335241817,44.23395908545246,0 -123.1611350740593,44.23395920516298,0 -123.1611392398006,44.23396040913065,0 -123.1611415525309,44.23396058696564,0 -123.1611441566092,44.23396166689578,0 -123.1611452787691,44.23396204570769,0 -123.1611494020895,44.23396323764855,0 -123.1611516328032,44.23396399092587,0 -123.1611538581991,44.2339647424137,0 -123.1611556671482,44.23396575189292,0 -123.1611586407684,44.23396655643004,0 -123.1611620155295,44.23396709957272,0 -123.1611642167864,44.23396784337917,0 -123.1611664128469,44.23396858542228,0 -123.1611697631934,44.23396912348577,0 -123.1611715389968,44.23397011976643,0 -123.1611730368067,44.23397023068544,0 -123.1611763665798,44.23397076458347,0 -123.161177790364,44.23397144391452,0 -123.1611811053387,44.23397197478377,0 -123.1611840050977,44.23397276030246,0 -123.161185821913,44.23397317931398,0 -123.1611891125514,44.23397370562909,0 -123.1611916573287,44.23397417663445,0 -123.1611941238404,44.23397520998486,0 -123.161196253088,44.2339759326415,0 -123.1611984507787,44.23397609190402,0 -123.161200168458,44.23397706619366,0 -123.1612022838882,44.23397778438732,0 -123.1612036665401,44.23397844874384,0 -123.1612060992326,44.23397946902443,0 -123.1612085248826,44.23398048635911,0 -123.1612102205067,44.23398144965286,0 -123.1612123115149,44.23398215844389,0 -123.1612139988647,44.23398311758915,0 -123.1612156823178,44.23398407452688,0 -123.1612177598372,44.23398477784861,0 -123.1612198325759,44.23398547955903,0 -123.1612219005581,44.23398617964757,0 -123.161223963807,44.23398687813798,0 -123.1612363424535,44.23399197760976,0 -123.1612414957484,44.23399545115566,0 -123.1612470826483,44.23399594803833,0 -123.1612526582445,44.23399644389284,0 -123.1612579936988,44.23399841837747,0 -123.1612635451404,44.23399891057625,0 -123.1612690853684,44.23399940177204,0 -123.1612735769882,44.2340005474657,0 -123.1612798970924,44.23400185324196,0 -123.161281733409,44.23400201554185,0 -123.1612916917836,44.23400364017242,0 -123.1612953466375,44.23400396271312,0 -123.1613036733188,44.2340039547565,0 -123.161308100317,44.23400508824025,0 -123.1613135479298,44.23400556898515,0 -123.1613207945178,44.23400620849972,0 -123.1613269950749,44.23400749503421,0 -123.1613324039456,44.23400797162194,0 -123.1613367773564,44.23400909470858,0 -123.1613419128222,44.23401101972233,0 -123.1613490786545,44.23401164818814,0 -123.1613552049117,44.23401291987116,0 -123.1613602956785,44.23401483218723,0 -123.1613646141217,44.2340159414215,0 -123.1613714536429,44.2340179993853,0 -123.1613765029638,44.23401989748981,0 -123.1613825529543,44.23402114998044,0 -123.1613878397032,44.23402160718187,0 -123.1613938609582,44.23402285455792,0 -123.1613998664501,44.23402409866794,0 -123.161405856224,44.23402533950703,0 -123.1614100862963,44.23402642724381,0 -123.1614160490696,44.23402766221284,0 -123.1614219963257,44.23402889398179,0 -123.1614261955083,44.234029974356,0 -123.1614345693531,44.23403212874837,0 -123.1614394664038,44.2340339820551,0 -123.1614558575391,44.23403802718347,0 -123.1614616212848,44.23404227035577,0 -123.1614684920124,44.2340457853067,0 -123.1614753067353,44.23404617947718,0 -123.1614821195296,44.23404812549309,0 -123.1614889020038,44.23404851610438,0 -123.1614945469668,44.23404961520779,0 -123.1615035543691,44.2340516777441,0 -123.1615114082082,44.23405289817124,0 -123.1615170042072,44.23405398773194,0 -123.1615237025035,44.23405590697219,0 -123.1615303860259,44.23405628604396,0 -123.1615381541303,44.23405902563345,0 -123.1615436816529,44.23406163151662,0 -123.1615524976401,44.23406517596385,0 -123.1615557836025,44.23406764239031,0 -123.1615634561458,44.23407034396784,0 -123.1615688935771,44.23407443074029,0 -123.1615743520167,44.23407548244283,0 -123.1615808777145,44.23407734500093,0 -123.1615895582625,44.23407931851145,0 -123.1615960414656,44.23408116964703,0 -123.1616057629821,44.23408243784215,0 -123.1616122360173,44.2340827817016,0 -123.161618695301,44.23408312483222,0 -123.1616293908566,44.23408518749063,0 -123.1616357697787,44.23408701662718,0 -123.1616419119268,44.23409625941104,0 -123.1616471596893,44.23409874981126,0 -123.1616534756383,44.23410054900675,0 -123.1616586924868,44.23410302641246,0 -123.1616638947324,44.23410549689586,0 -123.1616691353367,44.23410649323534,0 -123.1616763541095,44.23411052014738,0 -123.1616804898803,44.23411218756433,0 -123.1616867067253,44.23411395303929,0 -123.1616929063098,44.23411571360568,0 -123.1616970712779,44.23411591496225,0 -123.1617053188852,44.23411776897489,0 -123.1617195964621,44.23412280495874,0 -123.1617247125291,44.23412377067261,0 -123.1617318719967,44.23412483119186,0 -123.16173901176,44.23412588879182,0 -123.1617450712956,44.2341276135993,0 -123.1617500550719,44.23413000287002,0 -123.1617571405627,44.23413104903295,0 -123.1617611211847,44.23413266626144,0 -123.1617701124129,44.23413522455961,0 -123.1617751208995,44.23413616700492,0 -123.1617811714382,44.23413644267243,0 -123.1617882608133,44.23413605358841,0 -123.1617932354521,44.23413699231307,0 -123.1617992490079,44.23413726628655,0 -123.1618062003982,44.23413829264423,0 -123.1618131329373,44.23413931622186,0 -123.161819001915,44.23414099716826,0 -123.1618248550111,44.23414267356243,0 -123.1618306923031,44.2341443454297,0 -123.1618375544357,44.23414535532302,0 -123.1618433589097,44.23414701907648,0 -123.1618471829618,44.23414859191811,0 -123.161852848319,44.23415164280824,0 -123.161856652562,44.23415320677915,0 -123.1618633205251,44.23415558872575,0 -123.1618669872554,44.23415853203486,0 -123.1618706442116,44.23416146749785,0 -123.1618753208672,44.23416374466397,0 -123.1618820412928,44.23416471661307,0 -123.1618877171018,44.2341663346944,0 -123.1618933778081,44.23416794846039,0 -123.1618990235149,44.23416955795932,0 -123.1619037594496,44.23417043909005,0 -123.1619103999746,44.23417139606449,0 -123.1619151136862,44.23417227334873,0 -123.1619217238489,44.23417322567204,0 -123.1619274337416,44.23417345574958,0 -123.1619321150825,44.23417432810616,0 -123.1619414500333,44.23417606763861,0 -123.1619471179723,44.23417629400686,0 -123.1619517614734,44.23417716011629,0 -123.1619565397292,44.23417667028105,0 -123.1619631895725,44.23417625630812,0 -123.1619718475549,44.23417456609707,0 -123.161976600143,44.2341740792241,0 -123.1619850781034,44.23417374469369,0 -123.161990820723,44.23417262246709,0 -123.1619938446079,44.2341707118909,0 -123.1620005850582,44.23416895593464,0 -123.1620044554743,44.23416776069673,0 -123.1620091697616,44.23416728000475,0 -123.1620185799572,44.23416632053006,0 -123.1620249545744,44.23416726605191,0 -123.1620304766904,44.23416749840269,0 -123.1620356519885,44.23417041476224,0 -123.1620419796937,44.23417135129169,0 -123.1620462940399,44.23417354717983,0 -123.1620515944475,44.2341751073266,0 -123.1620577029097,44.23417736635741,0 -123.1620629732596,44.2341789170578,0 -123.1620682300289,44.23418046375171,0 -123.1620708533463,44.2341812356192,0 -123.1620839334345,44.23419242555352,0 -123.1620907100516,44.23419476086521,0 -123.1620985745464,44.23419803518536,0 -123.1621064602191,44.2341996252742,0 -123.1621120709043,44.23420099675797,0 -123.162122161045,44.23420279122967,0 -123.1621288865236,44.23420342912168,0 -123.1621344492449,44.2342047907557,0 -123.1621422289532,44.23420636018412,0 -123.1621499855974,44.23420792496289,0 -123.1621555022359,44.23420927604873,0 -123.1621632191654,44.23421083247094,0 -123.1621698469882,44.23421145649779,0 -123.162177598985,44.23421135957894,0 -123.1621841177688,44.23421362568764,0 -123.1621918340518,44.23421352662775,0 -123.1621962120568,44.23421393882789,0 -123.1622071289697,44.23421496667233,0 -123.1622136599038,44.23421558157327,0 -123.1622212154072,44.23421711336157,0 -123.1622277141716,44.23421772433251,0 -123.1622352298373,44.23421924907479,0 -123.1622416966751,44.23421985614779,0 -123.1622460000385,44.23422026012582,0 -123.1622545879741,44.23422106631947,0 -123.1622620290727,44.23422257900043,0 -123.1622684362046,44.23422317957747,0 -123.1622737099706,44.23422448613989,0 -123.1622812086983,44.23422437681807,0 -123.1622885762944,44.23422587759423,0 -123.1622949245692,44.23422647176756,0 -123.1623033675378,44.23422726200982,0 -123.1623096837959,44.2342278531934,0 -123.1623170977782,44.23422774090087,0 -123.1623224017393,44.23422743227189,0 -123.1623296598582,44.23422891840992,0 -123.1623370284125,44.23422880531874,0 -123.1623423009622,44.2342284969208,0 -123.1623485369197,44.23422908317377,0 -123.1623557264936,44.23423056056922,0 -123.1623598652711,44.23423094909833,0 -123.1623670232755,44.23423242066496,0 -123.1623743045552,44.23423230456279,0 -123.1623814241575,44.23423377053032,0 -123.1623886719641,44.23423365326149,0 -123.1623948075452,44.23423422922604,0 -123.1624020256518,44.23423411173275,0 -123.162407348823,44.23423222731986,0 -123.162414700567,44.23423053698613,0 -123.1624220418953,44.23422884904952,0 -123.1624273485508,44.23422696983574,0 -123.1624345091366,44.2342268604155,0 -123.1624403977769,44.23422901172998,0 -123.1624462697967,44.2342311569703,0 -123.1624521252538,44.23423329618235,0 -123.162459964214,44.23423561876614,0 -123.1624659556963,44.23423618617975,0 -123.1624717588997,44.23423830931123,0 -123.1624786272306,44.23423974323249,0 -123.1624845760593,44.23424030413089,0 -123.1624914096805,44.23424173176026,0 -123.1624985923279,44.23424006016214,0 -123.1625025331942,44.23424043283531,0 -123.162511474225,44.23424049690816,0 -123.1625175478864,44.23423951005836,0 -123.1625246873479,44.23423784582089,0 -123.1625328903704,44.23423550562628,0 -123.1625400092245,44.23423384649635,0 -123.1625451735342,44.23423200143208,0 -123.1625520747947,44.23423188884959,0 -123.1625652171731,44.23423627578924,0 -123.162572069046,44.23423615925033,0 -123.1625846656434,44.23423659954283,0 -123.1625914761628,44.23423648301937,0 -123.1625974257585,44.23423551012601,0 -123.1626031497248,44.23423606573375,0 -123.1626080201058,44.23423576515754,0 -123.1626139440252,44.23423479508531,0 -123.1626169029192,44.2342343105659,0 -123.1626238737634,44.23423267331443,0 -123.1626300025496,44.23423018307049,0 -123.1626358991885,44.23422921885224,0 -123.1626436721037,44.23422844277577,0 -123.1626493173037,44.23422900260098,0 -123.1626560056868,44.23422889482708,0 -123.1626616266969,44.23422945304206,0 -123.1626664206292,44.23422915921938,0 -123.1626720214166,44.23422971621233,0 -123.1626797124652,44.23422894411545,0 -123.1626873877828,44.23422817361788,0 -123.1626931953656,44.2342272189278,0 -123.162699795924,44.23422711366193,0 -123.1627053361659,44.23422767008926,0 -123.1627111158293,44.23422671831795,0 -123.1627179331489,44.23422510727094,0 -123.1627273637833,44.23422453047578,0 -123.1627341562951,44.23422292417321,0 -123.1627404165899,44.23421896866573,0 -123.1627464148949,44.2342165200723,0 -123.1627513664097,44.23421473196179,0 -123.162754494442,44.23421275554325,0 -123.1627602175201,44.23421181770055,0 -123.16276643765,44.23421323318435,0 -123.1627718713963,44.23421379969427,0 -123.1627772941673,44.23421436505098,0 -123.1627837434476,44.23421427378295,0 -123.1627912160713,44.23421352786989,0 -123.1627986736757,44.23421278347598,0 -123.1628035711963,44.23421100978836,0 -123.1628107252386,44.23421176380185,0 -123.1628171107194,44.23421167557411,0 -123.1628231987483,44.23421307848719,0 -123.1628335565597,44.23421568705571,0 -123.1628378340058,44.23421689408251,0 -123.1628431296547,44.23421744996392,0 -123.1628491487263,44.23421883726342,0 -123.1628533964595,44.23422003714859,0 -123.1628593879619,44.23422141780014,0 -123.162865363619,44.23422279481468,0 -123.162869579862,44.2342239863863,0 -123.1628775667554,44.23422406878128,0 -123.1628817611511,44.23422525636453,0 -123.162887679773,44.23422662196942,0 -123.1628953099619,44.23422816352728,0 -123.1629004845916,44.23422870154054,0 -123.1629087788096,44.23423105352966,0 -123.162914936178,44.2342309481776,0 -123.162918750865,44.23423357316048,0 -123.1629235641839,44.23423555403213,0 -123.1629276697718,44.23423671793941,0 -123.162932460464,44.23423869017205,0 -123.1629372386956,44.23424065728624,0 -123.162941316255,44.23424181204987,0 -123.1629467579469,44.23424457614286,0 -123.1629498142361,44.23424635684027,0 -123.1629572276415,44.23424784299566,0 -123.1629639399457,44.23424852373667,0 -123.1629689627782,44.23424903314316,0 -123.1629838684091,44.23425260346431,0 -123.1629913684135,44.2342522608762,0 -123.1629977639228,44.23425260685443,0 -123.1630020200744,44.23425283710271,0 -123.1630094280756,44.23425398302176,0 -123.1630157842946,44.23425432608674,0 -123.1630231547659,44.23425546709817,0 -123.1630294224115,44.23425728865237,0 -123.1630367531466,44.23425842231927,0 -123.1630440633758,44.23425955281084,0 -123.1630502755683,44.23426136103177,0 -123.163058554334,44.23426327436904,0 -123.1630647269122,44.2342650717472,0 -123.1630698095716,44.23426754193521,0 -123.1630780171235,44.2342694359219,0 -123.1630851272198,44.23427199881031,0 -123.1630912246101,44.23427377292951,0 -123.1630962390801,44.23427621573906,0 -123.1631023043321,44.23427797915478,0 -123.1631083528682,44.23427973769996,0 -123.1631154464441,44.23428082059097,0 -123.1631225205305,44.23428190050622,0 -123.163129483645,44.23428441654404,0 -123.1631344959278,44.23428538758772,0 -123.1631454480826,44.23428808990286,0 -123.1631513820108,44.23428981844655,0 -123.1631583516892,44.23429087764047,0 -123.1631642519009,44.23429259768339,0 -123.1631690870204,44.23429497588777,0 -123.1631769451996,44.23429678156885,0 -123.1631827942304,44.23429848603479,0 -123.1631876930161,44.2342994312881,0 -123.1631935136798,44.2343011281383,0 -123.1632022152321,44.23430366483188,0 -123.1632069568573,44.23430600729557,0 -123.1632127241896,44.23430768730512,0 -123.1632174389615,44.23431001807624,0 -123.1632221410594,44.23431234257493,0 -123.1632268305753,44.23431466085981,0 -123.1632325404261,44.23431632028471,0 -123.163237203508,44.23431862705548,0 -123.1632418541414,44.23432092766837,0 -123.1632446895173,44.23432175042557,0 -123.1632540701566,44.23432494598443,0 -123.1632597039678,44.23432658016098,0 -123.1632653228456,44.234328210015,0 -123.163269015565,44.23432975285979,0 -123.1632746090728,44.23433137471891,0 -123.1632800497704,44.23433436301985,0 -123.1632845931656,44.23433661778139,0 -123.1632910185298,44.2343389458355,0 -123.1632964071616,44.23434190790235,0 -123.1633027920235,44.23434421962247,0 -123.1633082898469,44.23434580760498,0 -123.1633137732849,44.23434739144039,0 -123.1633182324209,44.23434960923683,0 -123.1633246971413,44.23435054667819,0 -123.163330137696,44.23435211812605,0 -123.1633355640465,44.23435368546256,0 -123.1633418249771,44.23435595621191,0 -123.1633472202737,44.23435751397505,0 -123.1633517585926,44.23435836308234,0 -123.1633658311312,44.23436426578442,0 -123.1633719946838,44.23436650184791,0 -123.1633763140691,44.23436866283801,0 -123.1633806223333,44.23437081825864,0 -123.1633859122062,44.23437234087678,0 -123.1633921799508,44.23437323315628,0 -123.1633984315946,44.23437412313034,0 -123.1634054822133,44.23437570088667,0 -123.1634115232709,44.23437789721808,0 -123.1634167365407,44.23437940010981,0 -123.1634211301574,44.23438021364222,0 -123.1634347077914,44.23438617290199,0 -123.1634424420746,44.23438767567654,0 -123.1634501535971,44.23438917403185,0 -123.1634556386906,44.23439047413014,0 -123.1634621780419,44.23439268040083,0 -123.163468698221,44.23439488019429,0 -123.1634762569891,44.23439797764318,0 -123.163483862769,44.23439944999491,0 -123.1634903204002,44.23440162948238,0 -123.1634967592114,44.23440380262247,0 -123.1635053425331,44.23440615560263,0 -123.1635117384931,44.23440831506701,0 -123.1635181159194,44.23441046826463,0 -123.163523357466,44.23441332126197,0 -123.1635296996533,44.23441546099376,0 -123.163538158524,44.23441777511237,0 -123.163542329154,44.23441972196333,0 -123.1635507409641,44.23442202175635,0 -123.1635570050646,44.23442413592421,0 -123.1635632511996,44.23442624401802,0 -123.1635704809981,44.23442921987176,0 -123.1635766877497,44.23443131391591,0 -123.1635849721942,44.23443357495983,0 -123.163593227123,44.23443582794717,0 -123.1635993706001,44.23443790214833,0 -123.1636024357782,44.23443893704474,0 -123.1636085530912,44.23444100241056,0 -123.1636157474733,44.23444237041464,0 -123.1636248627203,44.23444545022322,0 -123.163629827523,44.23444818524796,0 -123.1636338142867,44.23445005935992,0 -123.1636408026513,44.23445294503903,0 -123.163646810032,44.2344549718016,0 -123.1636517160964,44.23445767807654,0 -123.1636586412284,44.23446053723517,0 -123.1636645962673,44.23446254414237,0 -123.1636694551577,44.23446522751129,0 -123.1636743004703,44.23446790339491,0 -123.1636802087501,44.23446989162874,0 -123.1636859590557,44.23447338762325,0 -123.1636938348657,44.23447551584204,0 -123.1637035309688,44.23447929436067,0 -123.1637093558253,44.23448125236611,0 -123.1637151645833,44.23448320494997,0 -123.163720043648,44.2344843290497,0 -123.1637276437828,44.23448791470037,0 -123.1637334013797,44.23448984937618,0 -123.163738985248,44.23449326544431,0 -123.1637445499565,44.23449666980246,0 -123.1637493603924,44.2344977712059,0 -123.1637559479928,44.23450049139596,0 -123.163762678075,44.23450172811399,0 -123.1637676167855,44.23450134653345,0 -123.1637752005138,44.23450338577601,0 -123.1637808287305,44.23450527766597,0 -123.1637853925852,44.23450782726476,0 -123.1637899440699,44.2345103699292,0 -123.1637944831956,44.23451290571221,0 -123.1638000548433,44.23451477447784,0 -123.1638045680281,44.23451729744946,0 -123.1638099319785,44.23452060612502,0 -123.1638154583898,44.23452245631615,0 -123.1638206057881,44.2345271900844,0 -123.1638259158,44.23453046548374,0 -123.1638303580219,44.23453294710821,0 -123.1638358219145,44.23453476902181,0 -123.1638402389868,44.23453723823445,0 -123.1638448330093,44.23453827139973,0 -123.1638510966854,44.23454085600162,0 -123.1638536107675,44.23454318242253,0 -123.1638579821253,44.2345456281452,0 -123.1638615095244,44.23454729606488,0 -123.1638830975573,44.23455835037413,0 -123.1638970360358,44.23456235532648,0 -123.1639090282223,44.23456753284621,0 -123.163916068962,44.23456817011878,0 -123.163931737833,44.23457094508434,0 -123.1639438478326,44.23457339310387,0 -123.1639540433721,44.23457701497395,0 -123.1639642027527,44.23458062402128,0 -123.1639708658774,44.23458391183382,0 -123.1639825523873,44.23458898014309,0 -123.1639891677978,44.23459224533995,0 -123.1639991983818,44.23459580378514,0 -123.1640089094274,44.23460198935851,0 -123.1640188658816,44.23460551670036,0 -123.1640287875427,44.23460903168028,0 -123.1640368324181,44.23461369834656,0 -123.1640448493028,44.23461834873913,0 -123.16405620731,44.23462326945323,0 -123.1640644644755,44.23462528529619,0 -123.1640739120669,44.23463132927503,0 -123.1640896723439,44.23464048483625,0 -123.1640975116735,44.23464503891585,0 -123.1641071400343,44.23464842991468,0 -123.1641134327536,44.23465153849573,0 -123.1641241607003,44.23465887460661,0 -123.1641348335768,44.23466617309969,0 -123.1641425188903,44.23467063864501,0 -123.1641548960973,44.23467674079183,0 -123.1641578110655,44.23467952409427,0 -123.1641686594348,44.23468419799453,0 -123.1641729995246,44.23468834927412,0 -123.1641852156708,44.23469436525259,0 -123.1641927315749,44.23469873412864,0 -123.1641987966677,44.23470172010523,0 -123.1642091062028,44.23470879078382,0 -123.1642165409715,44.23471311164093,0 -123.1642271254093,44.23471765444665,0 -123.1642341369503,44.23472440790415,0 -123.1642414864927,44.23472867743941,0 -123.1642501995594,44.23473427195605,0 -123.1642585034314,44.2347422841451,0 -123.1642643910248,44.23474516882259,0 -123.1642743755512,44.2347520204077,0 -123.164278476895,44.23475598460148,0 -123.1642856713803,44.23476015440691,0 -123.1642928420887,44.2347643104579,0 -123.1643026866937,44.23477106696011,0 -123.1643111420258,44.23477648963001,0 -123.1643178352551,44.23478298167741,0 -123.1643323275525,44.23478876075468,0 -123.164340663969,44.23479410988424,0 -123.1643476519148,44.23479815661129,0 -123.1643563306896,44.23480110753931,0 -123.1643576395884,44.23480238489098,0 -123.1643804233776,44.23481777946244,0 -123.1643988455196,44.23482521995594,0 -123.1644089672845,44.23483148161135,0 -123.1644191515264,44.23483450649587,0 -123.1644310722964,44.23484580974242,0 -123.1644451205193,44.23485254422587,0 -123.1644529812456,44.23486001072511,0 -123.1644667882509,44.23486984507028,0 -123.1644784463188,44.23488092810034,0 -123.1644803826749,44.23488276894454,0 -123.1644997825743,44.23489795554033,0 -123.1645112537348,44.23490887036452,0 -123.1645131590955,44.23491068331725,0 -123.164526444919,44.23492332478707,0 -123.1645377612862,44.23493409231152,0 -123.1645471416258,44.23494301770123,0 -123.1645564768901,44.23495190019774,0 -123.1645620565444,44.23495720923239,0 -123.164571320361,44.23496602374021,0 -123.1645805399387,44.23497479615078,0 -123.1645897155934,44.23498352676497,0 -123.1645952000332,44.23498874519485,0 -123.1646079363841,44.23500086379359,0 -123.1646115598273,44.23500431148727,0 -123.1646205884691,44.23501290220624,0 -123.1646331571225,44.23502486122675,0 -123.1646403020679,44.23503165960884,0 -123.1646564883517,44.23504393094645,0 -123.1646653107691,44.23505233273898,0 -123.1646723390772,44.2350590259571,0 -123.1646810876688,44.23506735743734,0 -123.164689795646,44.23507565023601,0 -123.1647004180261,44.23508266950633,0 -123.1647124791832,44.23509416560922,0 -123.1647176244223,44.2350990697966,0 -123.164727872311,44.23510883757334,0 -123.1647380638263,44.23511855161305,0 -123.1647481994227,44.23512821234893,0 -123.1647566033654,44.23513622255682,0 -123.1647649690573,44.23514419630285,0 -123.1647732967591,44.23515213383544,0 -123.1647874112186,44.23517465095306,0 -123.1647956245568,44.23518245904647,0 -123.1648038009658,44.23519023202965,0 -123.1648119406941,44.23519797013894,0 -123.1648184262286,44.23520413567114,0 -123.1648281110916,44.23521334267043,0 -123.1648361422468,44.23522097755478,0 -123.1648441376934,44.23522857848952,0 -123.164852097669,44.2352361457006,0 -123.1648600224092,44.235243679412,0 -123.1648679121474,44.23525117984568,0 -123.1648757671151,44.23525864722168,0 -123.1648835875415,44.23526608175808,0 -123.1648944785315,44.2352764353398,0 -123.164902216983,44.23528379193959,0 -123.164911458563,44.23529257749288,0 -123.1649172856994,44.2353010246364,0 -123.1649200358703,44.23530653906278,0 -123.1649258241442,44.23531492662293,0 -123.1649300711718,44.23532184145538,0 -123.1649346158586,44.23532614686483,0 -123.1649418492549,44.23533587461428,0 -123.1649430393276,44.23533987231797,0 -123.1649520405451,44.23534838479419,0 -123.1649591856886,44.23535799692421,0 -123.1649633265412,44.23536475811015,0 -123.1649689333333,44.23537289231606,0 -123.1649730416681,44.23537960214355,0 -123.1649756643525,44.23538490340449,0 -123.1649812163694,44.23539295334826,0 -123.1649867448427,44.23540096910023,0 -123.1649907934484,44.2354075830852,0 -123.1649966120841,44.23541304764728,0 -123.1650006303059,44.2354196189101,0 -123.1650025244203,44.23542976677284,0 -123.1650065175346,44.23543628504292,0 -123.1650101624038,44.23544524109104,0 -123.1650141276764,44.23545170887374,0 -123.165016315356,44.23545926988387,0 -123.1650220185362,44.23546457973255,0 -123.1650241857743,44.23547209403664,0 -123.1650263457998,44.23547958338472,0 -123.1650302512429,44.23548594040984,0 -123.1656346674417,44.2351821533022,0 -123.1656198094584,44.23515680458517,0 -123.1656147587604,44.23514965213055,0 -123.1656046827913,44.23513538322106,0 -123.1655996574399,44.23512826665253,0 -123.1655896319728,44.23511406924484,0 -123.165582966901,44.23510463060214,0 -123.1655746564338,44.23509286185077,0 -123.1655680246383,44.23508347032149,0 -123.165559755592,44.23507176021483,0 -123.1655515094339,44.2350600825138,0 -123.1655449289268,44.23505076359993,0 -123.1655350854029,44.23503682379184,0 -123.1655285411538,44.23502755621307,0 -123.1655218203421,44.23501279916756,0 -123.165513682994,44.2350012827222,0 -123.1655086279968,44.23498890644854,0 -123.1655068247736,44.23498114067117,0 -123.1654971220261,44.23496742590438,0 -123.1654890607282,44.2349560313078,0 -123.165479416218,44.23494239884112,0 -123.1654714032326,44.23493107251915,0 -123.1654650085601,44.23492203367113,0 -123.1654554426229,44.23490851224292,0 -123.1654474948212,44.23489727803781,0 -123.1654395685705,44.23488607428864,0 -123.1654316637835,44.23487490087168,0 -123.165423780373,44.23486375766387,0 -123.1654174889809,44.23485486477095,0 -123.1654096438301,44.23484377563165,0 -123.1653986961086,44.23482830099054,0 -123.1653893451358,44.23481508334921,0 -123.1653815756733,44.23480410117267,0 -123.1653693961082,44.23479707842931,0 -123.1653647592091,44.2347905159485,0 -123.1653571450054,44.23478483352134,0 -123.1653449332007,44.23477262788359,0 -123.1653342906997,44.23476263085194,0 -123.1653191800186,44.23475136206967,0 -123.1653101225161,44.23474358129357,0 -123.1653010841743,44.23473581710113,0 -123.1652920650424,44.23472806940728,0 -123.165284515338,44.23471733082769,0 -123.1652754820902,44.23470448207176,0 -123.165266525967,44.23469679825333,0 -123.1652575451011,44.23468401597731,0 -123.165248592664,44.23467127415511,0 -123.1652411539182,44.2346606867326,0 -123.1652337347428,44.23465012715832,0 -123.1652248574565,44.23463749227452,0 -123.1652174810653,44.2346269935816,0 -123.1652101239991,44.23461652238807,0 -123.1652027861822,44.23460607858597,0 -123.1651969297365,44.23459774319277,0 -123.1651910855277,44.23458942521251,0 -123.1651852535092,44.234581124579,0 -123.1651721743204,44.23456748558709,0 -123.1651620330144,44.23455801510176,0 -123.1651548128935,44.23454772587788,0 -123.1651490502768,44.23453951370497,0 -123.1651418638071,44.23452927242676,0 -123.1651332645852,44.23451701785987,0 -123.1651246660434,44.23450970839735,0 -123.1651146619314,44.2345003833073,0 -123.1651032655755,44.23448905753816,0 -123.1650961860958,44.23447894967241,0 -123.1650877147271,44.234466854503,0 -123.1650848967493,44.23446283107604,0 -123.1650750052129,44.23445362347408,0 -123.1650609434741,44.23443844154623,0 -123.1650539651365,44.23442846552351,0 -123.1650470046138,44.23441851496361,0 -123.1650358337315,44.23440743559541,0 -123.1650261535368,44.23439358834532,0 -123.1650192601908,44.23438372759886,0 -123.1650080978035,44.23437750598588,0 -123.1650012430763,44.23436768811961,0 -123.1649929481039,44.23436067430265,0 -123.1649874907587,44.23435285294192,0 -123.1649792264273,44.23434586833912,0 -123.1649724375618,44.2343361325271,0 -123.1649407069918,44.23431215250507,0 -123.1649312667817,44.23430373475254,0 -123.1649187780071,44.23429622969022,0 -123.1649078033589,44.23428553218572,0 -123.1648984330035,44.23427717372274,0 -123.1648890831395,44.2342688335922,0 -123.1648828088512,44.23425962178219,0 -123.1648734966467,44.23425131913817,0 -123.1648656943838,44.2342398566304,0 -123.1648579782742,44.23423388121548,0 -123.1648471733108,44.23422335335621,0 -123.1648363978377,44.23421285415363,0 -123.1648241584329,44.23420553576296,0 -123.1648180058991,44.23419646786466,0 -123.1648103340163,44.23418516067147,0 -123.1648011887943,44.23417701755258,0 -123.1647935583778,44.23416576423966,0 -123.1647829340718,44.23415541953089,0 -123.1647723384008,44.23414510276917,0 -123.1647587649667,44.23413568961946,0 -123.1647497343872,44.23412765245534,0 -123.1647392233393,44.2341174118718,0 -123.1647272397089,44.23411028652634,0 -123.1647182745533,44.2341023046626,0 -123.1647063391107,44.23409521081429,0 -123.1646974155545,44.2340872621909,0 -123.1646929733267,44.23408065995868,0 -123.1646751729543,44.23407009083542,0 -123.1646633376948,44.23406306355785,0 -123.1646545004631,44.23405518525037,0 -123.1646442225918,44.23404514475396,0 -123.1646354268032,44.23403730438516,0 -123.1646266497731,44.23402948067125,0 -123.1646178913784,44.23402167356309,0 -123.1646121077345,44.2340130218342,0 -123.1646033832557,44.23400524872286,0 -123.164594677299,44.2339974920444,0 -123.1645830429045,44.23399061023134,0 -123.1645743768233,44.23398288539527,0 -123.1645642125219,44.23397817356043,0 -123.164552742333,44.23396620567188,0 -123.1645382705144,44.23396024217215,0 -123.1645296902373,44.23395258377494,0 -123.1645152730347,44.23394664710685,0 -123.1645008860853,44.23394072289111,0 -123.1644865292958,44.23393481109154,0 -123.1644735921653,44.23393102314158,0 -123.1644606753393,44.23392724113006,0 -123.1644448642844,44.23392431409199,0 -123.1644333663942,44.2339226481293,0 -123.1644131462805,44.23392352832915,0 -123.1643972228733,44.23392566390738,0 -123.1643842176494,44.23392695067266,0 -123.1643712191622,44.23392823678691,0 -123.1643611358678,44.2339286749655,0 -123.1643407772633,44.23393460572862,0 -123.1643291437827,44.23393799473223,0 -123.164314601891,44.23394223099697,0 -123.1643058767668,44.23394477275178,0 -123.1642884265181,44.23394985625946,0 -123.1642767930097,44.23395324526578,0 -123.1642651595283,44.23395663426305,0 -123.1642477092786,44.23396171776474,0 -123.1642331673854,44.23396595401949,0 -123.164218378464,44.23397031582689,0 
						</coordinates>
					</LinearRing>
				</outerBoundaryIs>
			</Polygon>
		</Placemark>
	</Folder>
</Document>
</kml>
