date.time,tag.id,receiver.site,antenna.number,temp.sd,temp.strong,lat,long,strength
7/25/2021 0:40,26,1,1,NA,13.2,44.2333796,-123.1625399,71
7/25/2021 0:50,26,1,1,1.13137085,12.4,44.2333796,-123.1625399,73
7/25/2021 1:00,26,1,1,0.682242292,14,44.2333796,-123.1625399,77
7/25/2021 1:20,26,1,1,0,13.2,44.2333796,-123.1625399,76
7/25/2021 1:40,26,1,1,NA,13.2,44.2333796,-123.1625399,79
7/25/2021 2:00,26,1,1,0.46687366,13.2,44.2333796,-123.1625399,78
7/25/2021 2:10,26,1,1,0.266666667,13.2,44.2333796,-123.1625399,87
7/25/2021 2:20,26,1,1,0.653197265,13.2,44.2333796,-123.1625399,74
7/25/2021 2:30,26,1,1,0.602218122,13.2,44.2333796,-123.1625399,76
7/25/2021 2:40,26,1,1,0.461880215,12.4,44.2333796,-123.1625399,75
7/25/2021 2:50,26,1,1,0.76325887,14,44.2333796,-123.1625399,78
7/25/2021 3:00,26,1,1,0.512410092,12.4,44.2333796,-123.1625399,83
7/25/2021 3:10,26,1,1,0.444575144,13.2,44.2333796,-123.1625399,80
7/25/2021 3:20,26,1,1,NA,14,44.2333796,-123.1625399,72
7/25/2021 3:30,26,1,2,0.776114,14,44.2333796,-123.1625399,85
7/25/2021 3:40,26,1,1,0.631633627,13.2,44.2333796,-123.1625399,80
7/25/2021 3:50,26,1,1,0.357770876,13.2,44.2333796,-123.1625399,81
7/25/2021 4:00,26,1,1,0.448180545,13.2,44.2333796,-123.1625399,100
7/25/2021 4:10,26,1,1,0.526361356,14,44.2333796,-123.1625399,82
7/25/2021 4:20,26,1,1,0.41194292,13.2,44.2333796,-123.1625399,78
7/25/2021 4:30,26,1,1,0.431052725,13.2,44.2333796,-123.1625399,82
7/25/2021 4:40,26,1,1,0.44817579,13.2,44.2333796,-123.1625399,93
7/25/2021 4:50,26,1,1,0.715541753,13.2,44.2333796,-123.1625399,83
7/25/2021 5:00,26,1,1,0.479315752,12.4,44.2333796,-123.1625399,76
7/25/2021 5:10,26,1,1,0.4,13.2,44.2333796,-123.1625399,80
7/25/2021 5:20,26,1,1,0.282842712,13.2,44.2333796,-123.1625399,81
7/25/2021 5:30,26,1,1,0,13.2,44.2333796,-123.1625399,88
7/25/2021 5:40,26,1,1,0.357770876,13.2,44.2333796,-123.1625399,83
7/25/2021 5:50,26,1,2,NA,12.4,44.2333796,-123.1625399,67
7/25/2021 15:10,26,2,1,0.565685425,14,44.23122,-123.1629,78
7/25/2021 15:50,26,2,1,0.923760431,14.8,44.23122,-123.1629,82
7/25/2021 16:00,26,2,1,0.56051924,14.8,44.23122,-123.1629,84
7/25/2021 16:10,26,2,1,1.508073511,15.6,44.23122,-123.1629,78
7/25/2021 16:20,26,2,1,2.166410241,10.8,44.23122,-123.1629,84
7/25/2021 16:30,26,2,1,0.60764362,14,44.23122,-123.1629,86
7/25/2021 17:00,26,2,1,NA,13.2,44.23122,-123.1629,74
7/25/2021 17:10,26,2,1,0.674619234,14,44.23122,-123.1629,82
7/25/2021 17:20,26,2,1,NA,13.2,44.23122,-123.1629,77
7/25/2021 18:00,26,2,1,0.667618368,13.2,44.23122,-123.1629,83
7/25/2021 18:20,26,2,1,0.565685425,13.2,44.23122,-123.1629,79
7/25/2021 18:30,26,2,1,1.13137085,14,44.23122,-123.1629,75
7/25/2021 19:10,26,2,1,0.48074017,12.4,44.23122,-123.1629,81
7/25/2021 19:20,26,2,1,0.461880215,13.2,44.23122,-123.1629,80
7/25/2021 20:20,26,2,1,0.461880215,14,44.23122,-123.1629,75
7/25/2021 21:20,26,2,1,NA,13.2,44.23122,-123.1629,76
7/25/2021 21:50,26,1,1,NA,14,44.2333796,-123.1625399,74
7/25/2021 22:10,26,1,1,1.071323169,14,44.2333796,-123.1625399,89
7/25/2021 22:20,26,2,2,0.8,16.4,44.23122,-123.1629,82
7/25/2021 22:30,26,2,1,5.414055781,23.6,44.23122,-123.1629,101
7/25/2021 22:40,26,1,1,0.427617987,14.8,44.2333796,-123.1625399,81
7/25/2021 22:50,26,1,1,0.625388768,13.2,44.2333796,-123.1625399,78
7/26/2021 0:20,26,1,1,NA,13.2,44.2333796,-123.1625399,77
7/26/2021 0:30,26,1,1,NA,13.2,44.2333796,-123.1625399,83
7/26/2021 0:40,26,1,1,0.461880215,14,44.2333796,-123.1625399,85
7/26/2021 0:50,26,1,1,NA,14,44.2333796,-123.1625399,50
7/26/2021 1:00,26,1,1,0.427617987,14,44.2333796,-123.1625399,80
7/26/2021 1:10,26,1,1,0.469714359,14,44.2333796,-123.1625399,77
7/26/2021 1:20,26,1,1,0.421089085,14,44.2333796,-123.1625399,90
7/26/2021 1:30,26,4,1,0.837456467,15.6,44.2303277,-123.1622552,111
7/26/2021 1:40,26,4,1,0.311399578,15.6,44.2303277,-123.1622552,118
7/26/2021 1:50,26,4,1,0.565685425,15.6,44.2303277,-123.1622552,103
7/26/2021 2:00,26,4,1,0.901281139,10,44.2303277,-123.1622552,106
7/26/2021 2:10,26,1,1,0.4,13.2,44.2333796,-123.1625399,78
7/26/2021 2:20,26,1,1,0.721950221,13.2,44.2333796,-123.1625399,79
7/26/2021 2:30,26,1,1,0.498671636,14,44.2333796,-123.1625399,81
7/26/2021 2:40,26,1,1,0.419412008,13.2,44.2333796,-123.1625399,83
7/26/2021 2:50,26,1,1,0.548275533,13.2,44.2333796,-123.1625399,80
7/26/2021 3:00,26,1,1,0.664238,14,44.2333796,-123.1625399,78
7/26/2021 3:10,26,1,1,0.525970685,14,44.2333796,-123.1625399,83
7/26/2021 3:20,26,1,2,0.54060089,14,44.2333796,-123.1625399,92
7/26/2021 3:30,26,1,1,0.529905505,14,44.2333796,-123.1625399,84
7/26/2021 3:40,26,1,1,0.50351422,14,44.2333796,-123.1625399,85
7/26/2021 3:50,26,1,1,0.407954043,14,44.2333796,-123.1625399,84
7/26/2021 4:00,26,1,2,0.709193434,14,44.2333796,-123.1625399,102
7/26/2021 4:10,26,1,1,0.385010248,14.8,44.2333796,-123.1625399,102
7/26/2021 4:20,26,1,1,0.538159978,16.4,44.2333796,-123.1625399,106
7/26/2021 4:30,26,1,1,0.837815901,15.6,44.2333796,-123.1625399,120
7/26/2021 4:40,26,1,1,0.748641821,14.8,44.2333796,-123.1625399,123
7/26/2021 4:50,26,1,1,0.521071158,14,44.2333796,-123.1625399,109
7/26/2021 5:00,26,1,2,0.589861431,13.2,44.2333796,-123.1625399,102
7/26/2021 5:10,26,1,1,0.569954809,14.8,44.2333796,-123.1625399,102
7/26/2021 5:20,26,1,1,0.557560257,14,44.2333796,-123.1625399,113
7/26/2021 5:30,26,1,1,0.709124208,15.6,44.2333796,-123.1625399,107
7/26/2021 5:40,26,1,1,0.795669792,14,44.2333796,-123.1625399,120
7/26/2021 5:50,26,1,1,1.317469301,14.8,44.2333796,-123.1625399,123
7/26/2021 6:00,26,1,1,0.588714375,14,44.2333796,-123.1625399,96
7/26/2021 6:10,26,1,1,0.590758765,14.8,44.2333796,-123.1625399,107
7/26/2021 6:20,26,1,1,0.545124928,14,44.2333796,-123.1625399,109
7/26/2021 6:30,26,1,1,0.590030595,13.2,44.2333796,-123.1625399,103
7/26/2021 6:40,26,1,1,0.353871091,14,44.2333796,-123.1625399,104
7/26/2021 6:50,26,1,1,0.762256648,14.8,44.2333796,-123.1625399,98
7/26/2021 7:00,26,1,1,0.430915177,14,44.2333796,-123.1625399,105
7/26/2021 7:10,26,1,1,0.43301864,13.2,44.2333796,-123.1625399,109
7/26/2021 7:20,26,1,1,0.36000227,14,44.2333796,-123.1625399,100
7/26/2021 7:30,26,1,1,0.486027297,13.2,44.2333796,-123.1625399,98
7/26/2021 7:40,26,1,1,0.500217291,13.2,44.2333796,-123.1625399,108
7/26/2021 7:50,26,1,2,0.70251737,13.2,44.2333796,-123.1625399,90
7/26/2021 8:00,26,1,1,1.222020185,14,44.2333796,-123.1625399,75
7/26/2021 8:10,26,1,1,0.629436634,13.2,44.2333796,-123.1625399,77
7/26/2021 8:20,26,1,1,0.438178046,12.4,44.2333796,-123.1625399,76
7/26/2021 9:30,26,2,1,0.876356092,14,44.23122,-123.1629,75
7/26/2021 9:40,26,2,1,0.594225082,11.6,44.23122,-123.1629,118
7/26/2021 9:50,26,3,1,0.483713236,13.2,44.23065,-123.16275,101
7/26/2021 10:00,26,3,1,0.36615727,13.2,44.23065,-123.16275,114
7/26/2021 10:10,26,3,1,0.469714359,12.4,44.23065,-123.16275,119
7/26/2021 10:20,26,3,1,0.389587803,14,44.23065,-123.16275,126
7/26/2021 10:30,26,3,1,0.166811531,13.2,44.23065,-123.16275,128
7/26/2021 10:40,26,3,1,0.24688536,13.2,44.23065,-123.16275,119
7/26/2021 10:50,26,3,1,0.47978915,13.2,44.23065,-123.16275,126
7/26/2021 11:00,26,3,1,0.31004271,13.2,44.23065,-123.16275,125
7/26/2021 11:10,26,3,1,0.857978136,14.8,44.23065,-123.16275,124
7/26/2021 11:20,26,3,1,0.592010296,13.2,44.23065,-123.16275,115
7/26/2021 11:30,26,3,1,0.678169168,15.6,44.23065,-123.16275,125
7/26/2021 11:40,26,3,1,0.341121146,14,44.23065,-123.16275,122
7/26/2021 11:50,26,3,1,0.341121146,13.2,44.23065,-123.16275,118
7/26/2021 12:00,26,3,1,0.573457719,14,44.23065,-123.16275,118
7/26/2021 12:10,26,3,1,0.582213305,14,44.23065,-123.16275,122
7/26/2021 12:20,26,3,1,0.831019185,14,44.23065,-123.16275,127
7/26/2021 12:30,26,3,1,0.629118013,14,44.23065,-123.16275,120
7/26/2021 12:40,26,3,1,0.4062996,14,44.23065,-123.16275,107
7/26/2021 12:50,26,2,2,0.734824051,14,44.23122,-123.1629,92
7/26/2021 13:00,26,2,2,0.68969245,13.2,44.23122,-123.1629,97
7/26/2021 13:10,26,2,2,0.917781336,14,44.23122,-123.1629,95
7/26/2021 13:20,26,2,2,0.662145589,14.8,44.23122,-123.1629,99
7/26/2021 13:30,26,2,1,0.574646402,14.8,44.23122,-123.1629,96
7/26/2021 13:40,26,2,2,0.546640038,14,44.23122,-123.1629,119
7/26/2021 13:50,26,2,2,0.396958131,14,44.23122,-123.1629,110
7/26/2021 14:00,26,2,2,1.009980959,14.8,44.23122,-123.1629,108
7/26/2021 14:10,26,2,2,0.654591497,14,44.23122,-123.1629,100
7/26/2021 14:20,26,2,2,0.813914087,14,44.23122,-123.1629,118
7/26/2021 14:30,26,2,2,0.729014395,14,44.23122,-123.1629,96
7/26/2021 14:40,26,2,2,1.01954751,14,44.23122,-123.1629,103
7/26/2021 14:50,26,2,2,0.797137737,13.2,44.23122,-123.1629,89
7/26/2021 15:00,26,2,2,0.853253965,14,44.23122,-123.1629,113
7/26/2021 15:10,26,2,2,0.627932202,13.2,44.23122,-123.1629,90
7/26/2021 15:20,26,2,2,0.715541753,13.2,44.23122,-123.1629,102
7/26/2021 15:30,26,2,2,0.814680124,14.8,44.23122,-123.1629,92
7/26/2021 15:40,26,3,1,0.878014289,13.2,44.23065,-123.16275,100
7/26/2021 15:50,26,3,1,0.460966505,13.2,44.23065,-123.16275,104
7/26/2021 16:00,26,3,1,0.558385952,13.2,44.23065,-123.16275,99
7/26/2021 16:10,26,3,1,0.28149262,13.2,44.23065,-123.16275,97
7/26/2021 16:20,26,3,1,0.27026557,13.2,44.23065,-123.16275,101
7/26/2021 16:30,26,3,1,0.421089085,12.4,44.23065,-123.16275,109
7/26/2021 16:40,26,3,1,0.492469609,13.2,44.23065,-123.16275,113
7/26/2021 16:50,26,3,1,0.499274836,13.2,44.23065,-123.16275,105
7/26/2021 17:00,26,3,1,0.341121146,12.4,44.23065,-123.16275,104
7/26/2021 17:10,26,3,1,0.523090039,13.2,44.23065,-123.16275,112
7/26/2021 17:20,26,3,1,0.333623062,13.2,44.23065,-123.16275,116
7/26/2021 17:30,26,3,1,0.31522757,13.2,44.23065,-123.16275,105
7/26/2021 17:40,26,3,1,0.333623062,13.2,44.23065,-123.16275,129
7/26/2021 17:50,26,3,1,0.431166745,13.2,44.23065,-123.16275,137
7/26/2021 18:00,26,3,1,0.333623062,13.2,44.23065,-123.16275,105
7/26/2021 18:10,26,3,1,0.286912601,13.2,44.23065,-123.16275,118
7/26/2021 18:20,26,3,1,0.543739068,13.2,44.23065,-123.16275,113
7/26/2021 18:30,26,3,1,0.418518691,13.2,44.23065,-123.16275,112
7/26/2021 18:40,26,3,1,0.526404264,13.2,44.23065,-123.16275,111
7/26/2021 18:50,26,3,1,0.460623396,14,44.23065,-123.16275,122
7/26/2021 19:00,26,3,1,0.337392934,13.2,44.23065,-123.16275,110
7/26/2021 19:10,26,3,1,0.409413053,13.2,44.23065,-123.16275,92
7/26/2021 19:20,26,3,1,0.349148624,13.2,44.23065,-123.16275,115
7/26/2021 19:30,26,3,1,0.293271044,13.2,44.23065,-123.16275,113
7/26/2021 19:40,26,3,1,0.402888124,13.2,44.23065,-123.16275,108
7/26/2021 19:50,26,3,1,0.358741763,13.2,44.23065,-123.16275,113
7/26/2021 20:00,26,3,1,0.300072141,13.2,44.23065,-123.16275,109
7/26/2021 20:10,26,3,1,0.225863881,13.2,44.23065,-123.16275,117
7/26/2021 20:20,26,3,1,0,13.2,44.23065,-123.16275,111
7/26/2021 20:30,26,3,1,0.326598632,13.2,44.23065,-123.16275,106
7/26/2021 20:40,26,3,1,0.573825202,13.2,44.23065,-123.16275,117
7/26/2021 20:50,26,3,1,0.326598632,13.2,44.23065,-123.16275,110
7/26/2021 21:00,26,3,1,0.470583973,13.2,44.23065,-123.16275,107
7/26/2021 21:10,26,3,1,0.23590713,12.4,44.23065,-123.16275,102
7/26/2021 21:20,26,3,1,0.225863881,12.4,44.23065,-123.16275,102
7/26/2021 21:30,26,3,1,0.23590713,12.4,44.23065,-123.16275,105
7/26/2021 21:40,26,3,1,0.341121146,12.4,44.23065,-123.16275,98
7/26/2021 21:50,26,3,1,0.230483252,12.4,44.23065,-123.16275,100
7/26/2021 22:00,26,3,1,0.225863881,12.4,44.23065,-123.16275,96
7/26/2021 22:10,26,3,1,0.230940108,13.2,44.23065,-123.16275,101
7/26/2021 22:20,26,3,1,0.326598632,12.4,44.23065,-123.16275,110
7/26/2021 22:30,26,3,1,0.27026557,13.2,44.23065,-123.16275,100
7/26/2021 22:40,26,3,1,0.349148624,12.4,44.23065,-123.16275,100
7/26/2021 22:50,26,3,1,0.304554795,12.4,44.23065,-123.16275,103
7/26/2021 23:00,26,3,1,0.166811531,12.4,44.23065,-123.16275,105
7/26/2021 23:10,26,4,1,0.429357457,11.6,44.2303277,-123.1622552,93
7/26/2021 23:20,26,3,1,0.230483252,11.6,44.23065,-123.16275,100
7/26/2021 23:30,26,4,1,0.982206223,10,44.2303277,-123.1622552,120
7/26/2021 23:40,26,4,1,0,12.4,44.2303277,-123.1622552,95
7/26/2021 23:50,26,4,1,0,11.6,44.2303277,-123.1622552,95
7/27/2021 0:00,26,3,1,0,12.4,44.23065,-123.16275,101
7/27/2021 0:10,26,3,1,0.252982213,11.6,44.23065,-123.16275,91
7/27/2021 0:20,26,4,1,0.335083127,12.4,44.2303277,-123.1622552,101
7/27/2021 0:30,26,4,1,0.358741763,11.6,44.2303277,-123.1622552,98
7/27/2021 0:40,26,3,1,0.333623062,11.6,44.23065,-123.16275,84
7/27/2021 0:50,26,3,1,0.499274836,12.4,44.23065,-123.16275,115
7/27/2021 1:00,26,4,1,0.300072141,11.6,44.2303277,-123.1622552,101
7/27/2021 1:10,26,4,1,0.22627417,11.6,44.2303277,-123.1622552,91
7/27/2021 1:20,26,3,1,0.442005001,11.6,44.23065,-123.16275,103
7/27/2021 1:30,26,4,1,0.331880894,11.6,44.2303277,-123.1622552,98
7/27/2021 1:40,26,3,1,0.163299316,11.6,44.23065,-123.16275,106
7/27/2021 1:50,26,3,1,0.241209076,11.6,44.23065,-123.16275,94
7/27/2021 2:00,26,4,1,0.281000069,11.6,44.2303277,-123.1622552,103
7/27/2021 2:10,26,4,1,0.286854866,11.6,44.2303277,-123.1622552,100
7/27/2021 2:20,26,3,1,0.252982213,11.6,44.23065,-123.16275,101
7/27/2021 2:30,26,4,1,0.576848007,13.2,44.2303277,-123.1622552,115
7/27/2021 2:40,26,4,1,0.166811531,11.6,44.2303277,-123.1622552,97
7/27/2021 2:50,26,4,1,0.293271044,11.6,44.2303277,-123.1622552,105
7/27/2021 3:00,26,3,1,0.230483252,11.6,44.23065,-123.16275,91
7/27/2021 3:10,26,4,1,0.300072141,11.6,44.2303277,-123.1622552,98
7/27/2021 3:20,26,4,1,0.357770876,11.6,44.2303277,-123.1622552,89
7/27/2021 3:30,26,4,1,0.286912601,11.6,44.2303277,-123.1622552,99
7/27/2021 3:40,26,4,1,0.359182207,11.6,44.2303277,-123.1622552,102
7/27/2021 3:50,26,4,1,0.300072141,12.4,44.2303277,-123.1622552,106
7/27/2021 4:00,26,4,1,0.408603135,11.6,44.2303277,-123.1622552,87
7/27/2021 4:10,26,4,1,0,11.6,44.2303277,-123.1622552,92
7/27/2021 4:20,26,4,1,0.36615727,11.6,44.2303277,-123.1622552,104
7/27/2021 4:30,26,4,1,4.618062631,23.6,44.2303277,-123.1622552,127
7/27/2021 4:40,26,4,1,0.38523473,12.4,44.2303277,-123.1622552,99
7/27/2021 4:50,26,4,1,0.230483252,11.6,44.2303277,-123.1622552,100
7/27/2021 5:00,26,4,1,0.286912601,11.6,44.2303277,-123.1622552,107
7/27/2021 5:10,26,4,1,0.358741763,12.4,44.2303277,-123.1622552,109
7/27/2021 5:20,26,3,1,0.225863881,11.6,44.23065,-123.16275,96
7/27/2021 5:30,26,3,1,0.331880894,11.6,44.23065,-123.16275,116
7/27/2021 5:40,26,3,1,0.225863881,11.6,44.23065,-123.16275,131
7/27/2021 5:50,26,3,1,0.408603135,11.6,44.23065,-123.16275,130
7/27/2021 6:00,26,3,1,0.252241414,11.6,44.23065,-123.16275,135
7/27/2021 6:10,26,3,1,0.170560573,11.6,44.23065,-123.16275,117
7/27/2021 6:20,26,3,1,0.38523473,11.6,44.23065,-123.16275,127
7/27/2021 6:30,26,3,1,0.321899126,11.6,44.23065,-123.16275,128
7/27/2021 6:40,26,3,1,0.27026557,12.4,44.23065,-123.16275,121
7/27/2021 6:50,26,3,1,0.163299316,11.6,44.23065,-123.16275,119
7/27/2021 7:00,26,3,1,0.433282048,11.6,44.23065,-123.16275,115
7/27/2021 7:10,26,3,1,0.281000069,12.4,44.23065,-123.16275,124
7/27/2021 7:20,26,3,1,0.286912601,11.6,44.23065,-123.16275,129
7/27/2021 7:30,26,3,1,0.358741763,12.4,44.23065,-123.16275,123
7/27/2021 7:40,26,3,1,0.299332591,13.2,44.23065,-123.16275,119
7/27/2021 7:50,26,4,1,1.247657341,14.8,44.2303277,-123.1622552,147
7/27/2021 8:00,26,3,1,0.326598632,12.4,44.23065,-123.16275,128
7/27/2021 8:10,26,3,1,0.163299316,12.4,44.23065,-123.16275,125
7/27/2021 8:20,26,3,1,0.230483252,12.4,44.23065,-123.16275,128
7/27/2021 8:30,26,3,1,0.417786374,12.4,44.23065,-123.16275,124
7/27/2021 8:40,26,3,1,0.379723219,12.4,44.23065,-123.16275,136
7/27/2021 8:50,26,3,1,0.293271044,12.4,44.23065,-123.16275,118
7/27/2021 9:00,26,3,1,0.225863881,12.4,44.23065,-123.16275,122
7/27/2021 9:10,26,3,1,0.23590713,12.4,44.23065,-123.16275,116
7/27/2021 9:20,26,3,1,0.230483252,12.4,44.23065,-123.16275,131
7/27/2021 9:30,26,3,1,0.417786374,12.4,44.23065,-123.16275,129
7/27/2021 9:40,26,3,1,0.275480177,12.4,44.23065,-123.16275,128
7/27/2021 9:50,26,3,1,0.36615727,12.4,44.23065,-123.16275,120
7/27/2021 10:00,26,3,1,0.333623062,12.4,44.23065,-123.16275,116
7/27/2021 10:10,26,3,1,0.358741763,12.4,44.23065,-123.16275,115
7/27/2021 10:20,26,3,1,0.163299316,12.4,44.23065,-123.16275,121
7/27/2021 10:30,26,3,1,0.163299316,13.2,44.23065,-123.16275,127
7/27/2021 10:40,26,3,1,0.304554795,13.2,44.23065,-123.16275,119
7/27/2021 10:50,26,3,1,0.286912601,12.4,44.23065,-123.16275,133
7/27/2021 11:00,26,3,1,0.525101157,12.4,44.23065,-123.16275,118
7/27/2021 11:10,26,3,1,0.449857246,12.4,44.23065,-123.16275,128
7/27/2021 11:20,26,4,1,0.22150997,13.2,44.2303277,-123.1622552,150
7/27/2021 11:30,26,3,1,0.555532718,12.4,44.23065,-123.16275,122
7/27/2021 11:40,26,3,1,0.573825202,13.2,44.23065,-123.16275,123
7/27/2021 11:50,26,3,1,0.170560573,13.2,44.23065,-123.16275,124
7/27/2021 12:00,26,3,1,0.331880894,13.2,44.23065,-123.16275,105
7/27/2021 12:10,26,3,1,0.225863881,13.2,44.23065,-123.16275,113
7/27/2021 12:20,26,3,1,0.163299316,13.2,44.23065,-123.16275,116
7/27/2021 12:30,26,3,1,0.448180545,12.4,44.23065,-123.16275,118
7/27/2021 12:40,26,3,1,0.225863881,13.2,44.23065,-123.16275,114
7/27/2021 12:50,26,3,1,0.170560573,13.2,44.23065,-123.16275,106
7/27/2021 13:00,26,3,1,0.333623062,13.2,44.23065,-123.16275,102
7/27/2021 13:10,26,3,1,0.178885438,13.2,44.23065,-123.16275,95
7/27/2021 13:20,26,3,1,0.359182207,13.2,44.23065,-123.16275,113
7/27/2021 13:30,26,3,1,0.166811531,13.2,44.23065,-123.16275,110
7/27/2021 13:40,26,3,1,0.293271044,13.2,44.23065,-123.16275,104
7/27/2021 13:50,26,3,1,0.402888124,13.2,44.23065,-123.16275,103
7/27/2021 14:00,26,3,1,0.333623062,13.2,44.23065,-123.16275,110
7/27/2021 14:10,26,3,1,0.225863881,13.2,44.23065,-123.16275,104
7/27/2021 14:20,26,3,1,0.374050023,13.2,44.23065,-123.16275,102
7/27/2021 14:30,26,3,1,0.349148624,13.2,44.23065,-123.16275,107
7/27/2021 14:40,26,3,1,0.286912601,13.2,44.23065,-123.16275,99
7/27/2021 14:50,26,3,1,0.163299316,13.2,44.23065,-123.16275,103
7/27/2021 15:00,26,3,1,0.23590713,13.2,44.23065,-123.16275,104
7/27/2021 15:10,26,3,1,0.27026557,13.2,44.23065,-123.16275,98
7/27/2021 15:20,26,3,1,0.402888124,13.2,44.23065,-123.16275,104
7/27/2021 15:30,26,3,1,0.341121146,14,44.23065,-123.16275,97
7/27/2021 15:40,26,3,1,0.304554795,13.2,44.23065,-123.16275,107
7/27/2021 15:50,26,3,1,0.333623062,13.2,44.23065,-123.16275,104
7/27/2021 16:00,26,3,1,0.458214441,12.4,44.23065,-123.16275,101
7/27/2021 16:10,26,3,1,0.38523473,13.2,44.23065,-123.16275,97
7/27/2021 16:20,26,3,1,0.431166745,13.2,44.23065,-123.16275,96
7/27/2021 16:30,26,3,1,0.275480177,12.4,44.23065,-123.16275,108
7/27/2021 16:40,26,3,1,0.355409327,12.4,44.23065,-123.16275,105
7/27/2021 16:50,26,3,1,0.44002635,13.2,44.23065,-123.16275,102
7/27/2021 17:00,26,3,1,0,12.4,44.23065,-123.16275,98
7/27/2021 17:10,26,3,1,0.371444497,13.2,44.23065,-123.16275,100
7/27/2021 17:20,26,3,1,0.331880894,12.4,44.23065,-123.16275,103
7/27/2021 17:30,26,3,1,1.384100189,12.4,44.23065,-123.16275,103
7/27/2021 17:40,26,4,1,0.44002635,12.4,44.2303277,-123.1622552,110
7/27/2021 17:50,26,3,1,0.561571295,14,44.23065,-123.16275,114
7/27/2021 18:00,26,3,1,0.304554795,12.4,44.23065,-123.16275,101
7/27/2021 18:10,26,3,1,0.293271044,13.2,44.23065,-123.16275,105
7/27/2021 18:20,26,3,1,0.349148624,12.4,44.23065,-123.16275,102
7/27/2021 18:30,26,3,1,0.166811531,12.4,44.23065,-123.16275,107
7/27/2021 18:40,26,3,1,0.235395955,13.2,44.23065,-123.16275,104
7/27/2021 18:50,26,3,1,0.23590713,12.4,44.23065,-123.16275,99
7/27/2021 19:00,26,3,1,0.23590713,12.4,44.23065,-123.16275,101
7/27/2021 19:10,26,3,1,0.333623062,12.4,44.23065,-123.16275,109
7/27/2021 19:20,26,3,1,0.241209076,12.4,44.23065,-123.16275,104
7/27/2021 19:30,26,3,1,0.353860695,12.4,44.23065,-123.16275,100
7/27/2021 19:40,26,3,1,0.326598632,12.4,44.23065,-123.16275,102
7/27/2021 19:50,26,3,1,0.495353908,14,44.23065,-123.16275,98
7/27/2021 20:00,26,3,1,0.225863881,12.4,44.23065,-123.16275,110
7/27/2021 20:10,26,3,1,0.407181902,13.2,44.23065,-123.16275,105
7/27/2021 20:20,26,3,1,0.286912601,13.2,44.23065,-123.16275,100
7/27/2021 20:30,26,3,1,0.371444497,14,44.23065,-123.16275,106
7/27/2021 20:40,26,3,1,0.451727762,13.2,44.23065,-123.16275,107
7/27/2021 20:50,26,3,1,0.225863881,13.2,44.23065,-123.16275,106
7/27/2021 21:00,26,4,1,0.509617646,11.6,44.2303277,-123.1622552,97
7/27/2021 21:10,26,3,1,0.163299316,12.4,44.23065,-123.16275,101
7/27/2021 21:20,26,3,1,0.170560573,12.4,44.23065,-123.16275,112
7/27/2021 21:30,26,4,1,1.771672523,18.8,44.2303277,-123.1622552,120
7/27/2021 21:40,26,3,1,0.31004271,12.4,44.23065,-123.16275,97
7/27/2021 21:50,26,4,1,0.408603135,12.4,44.2303277,-123.1622552,100
7/27/2021 22:00,26,3,1,0.392820952,12.4,44.23065,-123.16275,76
7/27/2021 22:10,26,4,1,0.163299316,12.4,44.2303277,-123.1622552,96
7/27/2021 22:20,26,3,1,0.24688536,12.4,44.23065,-123.16275,87
7/27/2021 22:30,26,3,1,0.27026557,12.4,44.23065,-123.16275,94
7/27/2021 22:40,26,4,1,0.225863881,12.4,44.2303277,-123.1622552,97
7/27/2021 22:50,26,4,1,0.333623062,12.4,44.2303277,-123.1622552,105
7/27/2021 23:00,26,4,1,0.225863881,12.4,44.2303277,-123.1622552,105
7/27/2021 23:10,26,4,1,0.293271044,12.4,44.2303277,-123.1622552,102
7/27/2021 23:20,26,4,1,0.337392934,11.6,44.2303277,-123.1622552,106
7/27/2021 23:30,26,4,1,0.341121146,11.6,44.2303277,-123.1622552,97
7/27/2021 23:40,26,4,1,0.275480177,11.6,44.2303277,-123.1622552,100
7/27/2021 23:50,26,4,1,0.333623062,12.4,44.2303277,-123.1622552,96
7/28/2021 0:00,26,4,1,0.331880894,12.4,44.2303277,-123.1622552,100
7/28/2021 0:10,26,3,1,0.326598632,11.6,44.23065,-123.16275,104
7/28/2021 0:20,26,4,1,0,11.6,44.2303277,-123.1622552,95
7/28/2021 0:30,26,3,1,0.225863881,11.6,44.23065,-123.16275,100
7/28/2021 0:40,26,4,1,0.371444497,11.6,44.2303277,-123.1622552,96
7/28/2021 0:50,26,3,1,0.280950767,11.6,44.23065,-123.16275,103
7/28/2021 1:00,26,4,1,0.163299316,12.4,44.2303277,-123.1622552,102
7/28/2021 1:10,26,4,1,0.23590713,11.6,44.2303277,-123.1622552,106
7/28/2021 1:20,26,3,1,0.341121146,11.6,44.23065,-123.16275,96
7/28/2021 1:30,26,3,1,0.225863881,11.6,44.23065,-123.16275,89
7/28/2021 1:40,26,3,1,0.333623062,11.6,44.23065,-123.16275,95
7/28/2021 1:50,26,3,1,0.27026557,11.6,44.23065,-123.16275,90
7/28/2021 2:00,26,4,1,0.23590713,11.6,44.2303277,-123.1622552,98
7/28/2021 2:10,26,4,1,0.225863881,11.6,44.2303277,-123.1622552,92
7/28/2021 2:20,26,3,1,0.23590713,11.6,44.23065,-123.16275,99
7/28/2021 2:30,26,4,1,0.300072141,11.6,44.2303277,-123.1622552,94
7/28/2021 2:40,26,3,1,0.163299316,12.4,44.23065,-123.16275,107
7/28/2021 2:50,26,3,1,0.315816814,12.4,44.23065,-123.16275,104
7/28/2021 3:00,26,3,1,0.358741763,11.6,44.23065,-123.16275,94
7/28/2021 3:10,26,3,1,0.38523473,11.6,44.23065,-123.16275,94
7/28/2021 3:20,26,4,1,0.402888124,12.4,44.2303277,-123.1622552,101
7/28/2021 3:30,26,3,1,0.27026557,11.6,44.23065,-123.16275,103
7/28/2021 3:40,26,3,1,0.331880894,12.4,44.23065,-123.16275,100
7/28/2021 3:50,26,3,1,0.451727762,12.4,44.23065,-123.16275,108
7/28/2021 4:00,26,3,1,0.304554795,11.6,44.23065,-123.16275,95
7/28/2021 4:10,26,3,1,0.470583973,12.4,44.23065,-123.16275,97
7/28/2021 4:20,26,3,1,0.326598632,12.4,44.23065,-123.16275,97
7/28/2021 4:30,26,4,1,0.477145663,11.6,44.2303277,-123.1622552,96
7/28/2021 4:40,26,3,1,0.293271044,12.4,44.23065,-123.16275,98
7/28/2021 4:50,26,3,1,0.300072141,11.6,44.23065,-123.16275,106
7/28/2021 5:00,26,3,1,0.300072141,10.8,44.23065,-123.16275,100
7/28/2021 5:10,26,3,1,0.230483252,11.6,44.23065,-123.16275,108
7/28/2021 5:20,26,3,1,0.326598632,10.8,44.23065,-123.16275,107
7/28/2021 5:30,26,3,1,0.358741763,11.6,44.23065,-123.16275,102
7/28/2021 5:40,26,3,1,0.163299316,11.6,44.23065,-123.16275,101
7/28/2021 5:50,26,3,1,0.326598632,11.6,44.23065,-123.16275,101
7/28/2021 6:00,26,3,1,0.304554795,11.6,44.23065,-123.16275,106
7/28/2021 6:10,26,3,1,0.286912601,11.6,44.23065,-123.16275,99
7/28/2021 6:20,26,3,1,0.163299316,11.6,44.23065,-123.16275,103
7/28/2021 6:30,26,3,1,0.286912601,11.6,44.23065,-123.16275,102
7/28/2021 6:40,26,3,1,0.31004271,11.6,44.23065,-123.16275,95
7/28/2021 6:50,26,3,1,0.166811531,12.4,44.23065,-123.16275,122
7/28/2021 7:00,26,3,1,0.520261412,11.6,44.23065,-123.16275,118
7/28/2021 7:10,26,3,1,0.281000069,12.4,44.23065,-123.16275,110
7/28/2021 7:20,26,3,1,0.529896701,12.4,44.23065,-123.16275,104
7/28/2021 7:30,26,1,1,1.148216008,17.2,44.2333796,-123.1625399,104
7/28/2021 7:40,26,3,1,0.333623062,11.6,44.23065,-123.16275,100
7/28/2021 7:50,26,4,1,0.230483252,11.6,44.2303277,-123.1622552,92
7/28/2021 8:00,26,3,1,0.31004271,11.6,44.23065,-123.16275,110
7/28/2021 8:10,26,3,1,0.46642192,11.6,44.23065,-123.16275,99
7/28/2021 8:20,26,3,1,0.440385506,11.6,44.23065,-123.16275,98
7/28/2021 8:30,26,3,1,0.358741763,12.4,44.23065,-123.16275,100
7/28/2021 8:40,26,3,1,0.523090039,11.6,44.23065,-123.16275,107
7/28/2021 8:50,26,3,1,0.536785365,12.4,44.23065,-123.16275,109
7/28/2021 9:00,26,3,1,0.290509216,11.6,44.23065,-123.16275,119
7/28/2021 9:10,26,3,1,0.166811531,12.4,44.23065,-123.16275,128
7/28/2021 9:20,26,3,1,0.321899126,12.4,44.23065,-123.16275,118
7/28/2021 9:30,26,3,1,0.286912601,12.4,44.23065,-123.16275,117
7/28/2021 9:40,26,3,1,0.357770876,13.2,44.23065,-123.16275,114
7/28/2021 9:50,26,3,1,0.456879045,13.2,44.23065,-123.16275,105
7/28/2021 10:00,26,3,1,0.275480177,13.2,44.23065,-123.16275,109
7/28/2021 10:10,26,3,1,0.615735686,13.2,44.23065,-123.16275,112
7/28/2021 10:20,26,3,1,0.407181902,13.2,44.23065,-123.16275,127
7/28/2021 10:30,26,3,1,0.358741763,13.2,44.23065,-123.16275,120
7/28/2021 10:40,26,3,1,0.23590713,13.2,44.23065,-123.16275,117
7/28/2021 10:50,26,3,1,0.333623062,13.2,44.23065,-123.16275,131
7/28/2021 11:00,26,3,1,0.46687366,13.2,44.23065,-123.16275,136
7/28/2021 11:10,26,3,1,0.23590713,13.2,44.23065,-123.16275,102
7/28/2021 11:20,26,3,1,0.326598632,13.2,44.23065,-123.16275,117
7/28/2021 11:30,26,3,1,0.343145622,14,44.23065,-123.16275,114
7/28/2021 11:40,26,3,1,0.286912601,13.2,44.23065,-123.16275,113
7/28/2021 11:50,26,3,1,0.451727762,13.2,44.23065,-123.16275,109
7/28/2021 12:00,26,3,1,0.333623062,13.2,44.23065,-123.16275,117
7/28/2021 12:10,26,3,1,0.225863881,13.2,44.23065,-123.16275,105
7/28/2021 12:20,26,3,1,0.163299316,13.2,44.23065,-123.16275,111
7/28/2021 12:30,26,3,1,0.440385506,13.2,44.23065,-123.16275,113
7/28/2021 12:40,26,3,1,0.414747888,13.2,44.23065,-123.16275,100
7/28/2021 12:50,26,3,1,0.286912601,13.2,44.23065,-123.16275,104
7/28/2021 13:00,26,3,1,0.341121146,14,44.23065,-123.16275,101
7/28/2021 13:10,26,3,1,0.374050023,13.2,44.23065,-123.16275,107
7/28/2021 13:20,26,3,1,0.488127441,13.2,44.23065,-123.16275,104
7/28/2021 13:30,26,3,1,0.359182207,14,44.23065,-123.16275,110
7/28/2021 13:40,26,3,1,0.163299316,13.2,44.23065,-123.16275,113
7/28/2021 13:50,26,3,1,0.326598632,13.2,44.23065,-123.16275,124
7/28/2021 14:00,26,3,1,0.333623062,13.2,44.23065,-123.16275,118
7/28/2021 14:10,26,3,1,0.27026557,13.2,44.23065,-123.16275,101
7/28/2021 14:20,26,3,1,0.27026557,13.2,44.23065,-123.16275,112
7/28/2021 14:30,26,3,1,0,13.2,44.23065,-123.16275,115
7/28/2021 14:40,26,3,1,0.392820952,13.2,44.23065,-123.16275,109
7/28/2021 14:50,26,3,1,0.275480177,13.2,44.23065,-123.16275,108
7/28/2021 15:00,26,3,1,0.449857246,13.2,44.23065,-123.16275,99
7/28/2021 15:10,26,3,1,0.225863881,13.2,44.23065,-123.16275,104
7/28/2021 15:20,26,3,1,0.353860695,13.2,44.23065,-123.16275,105
7/28/2021 15:30,26,3,1,0.225863881,13.2,44.23065,-123.16275,106
7/28/2021 15:40,26,3,1,0.46687366,13.2,44.23065,-123.16275,115
7/28/2021 15:50,26,3,1,0.225863881,13.2,44.23065,-123.16275,111
7/28/2021 16:00,26,3,1,0.286912601,13.2,44.23065,-123.16275,112
7/28/2021 16:10,26,3,1,0.333623062,13.2,44.23065,-123.16275,119
7/28/2021 16:20,26,3,1,0.47978915,13.2,44.23065,-123.16275,103
7/28/2021 16:30,26,3,1,0.358741763,13.2,44.23065,-123.16275,115
7/28/2021 16:40,26,3,1,0.31004271,14,44.23065,-123.16275,110
7/28/2021 16:50,26,3,1,0.333623062,13.2,44.23065,-123.16275,104
7/28/2021 17:00,26,3,1,0.364673845,13.2,44.23065,-123.16275,98
7/28/2021 17:10,26,3,1,0.304554795,13.2,44.23065,-123.16275,103
7/28/2021 17:20,26,3,1,0.241209076,13.2,44.23065,-123.16275,97
7/28/2021 17:30,26,3,1,0.275480177,14,44.23065,-123.16275,89
7/28/2021 17:40,26,3,1,0.23590713,13.2,44.23065,-123.16275,98
7/28/2021 17:50,26,3,1,0.36615727,13.2,44.23065,-123.16275,111
7/28/2021 18:00,26,3,1,0.163299316,13.2,44.23065,-123.16275,105
7/28/2021 18:10,26,3,1,0.27026557,13.2,44.23065,-123.16275,113
7/28/2021 18:20,26,3,1,0.38523473,13.2,44.23065,-123.16275,114
7/28/2021 18:30,26,3,1,0.27026557,13.2,44.23065,-123.16275,111
7/28/2021 18:40,26,3,1,0.371444497,14,44.23065,-123.16275,113
7/28/2021 18:50,26,3,1,0.23590713,13.2,44.23065,-123.16275,115
7/28/2021 19:00,26,3,1,0.307369794,14,44.23065,-123.16275,117
7/28/2021 19:10,26,3,1,0.286912601,13.2,44.23065,-123.16275,103
7/28/2021 19:20,26,3,1,0.341121146,13.2,44.23065,-123.16275,98
7/28/2021 19:30,26,3,1,0.230940108,13.2,44.23065,-123.16275,88
7/28/2021 19:40,26,3,1,0.300072141,13.2,44.23065,-123.16275,91
7/28/2021 19:50,26,3,1,0.460623396,13.2,44.23065,-123.16275,100
7/28/2021 20:00,26,3,1,0.307369794,13.2,44.23065,-123.16275,120
7/28/2021 20:10,26,3,1,0,13.2,44.23065,-123.16275,127
7/28/2021 20:20,26,3,1,0.535234706,13.2,44.23065,-123.16275,130
7/28/2021 20:30,26,3,1,0.281000069,12.4,44.23065,-123.16275,124
7/28/2021 20:40,26,3,1,0.333623062,12.4,44.23065,-123.16275,115
7/28/2021 20:50,26,3,1,0.300072141,12.4,44.23065,-123.16275,115
7/28/2021 21:00,26,3,1,0.371444497,12.4,44.23065,-123.16275,106
7/28/2021 21:10,26,3,1,0.225863881,12.4,44.23065,-123.16275,98
7/28/2021 21:20,26,3,1,0.230483252,12.4,44.23065,-123.16275,88
7/28/2021 21:30,26,3,1,0.379723219,13.2,44.23065,-123.16275,103
7/28/2021 21:40,26,3,1,0.36615727,11.6,44.23065,-123.16275,87
7/28/2021 21:50,26,3,1,0.293271044,12.4,44.23065,-123.16275,97
7/28/2021 22:00,26,3,1,0.31004271,12.4,44.23065,-123.16275,103
7/28/2021 22:10,26,3,1,0.188561808,12.4,44.23065,-123.16275,99
7/28/2021 22:20,26,3,1,0,12.4,44.23065,-123.16275,96
7/28/2021 22:30,26,3,1,0.358741763,12.4,44.23065,-123.16275,100
7/28/2021 22:40,26,3,1,0.286912601,12.4,44.23065,-123.16275,103
7/28/2021 22:50,26,4,1,0.166811531,12.4,44.2303277,-123.1622552,104
7/28/2021 23:00,26,3,1,0.379723219,13.2,44.23065,-123.16275,96
7/28/2021 23:10,26,3,1,0.166811531,12.4,44.23065,-123.16275,99
7/28/2021 23:20,26,3,1,0.379723219,12.4,44.23065,-123.16275,94
7/28/2021 23:30,26,3,1,0.27026557,11.6,44.23065,-123.16275,102
7/28/2021 23:40,26,3,1,0.27026557,11.6,44.23065,-123.16275,103
7/28/2021 23:50,26,4,1,0.225863881,10.8,44.2303277,-123.1622552,101
7/29/2021 0:00,26,3,1,0.286912601,11.6,44.23065,-123.16275,89
7/29/2021 0:10,26,3,1,0.286912601,11.6,44.23065,-123.16275,99
7/29/2021 0:20,26,4,1,0.286912601,11.6,44.2303277,-123.1622552,106
7/29/2021 0:30,26,4,1,0.331880894,11.6,44.2303277,-123.1622552,93
7/29/2021 0:40,26,4,1,0.341121146,11.6,44.2303277,-123.1622552,90
7/29/2021 0:50,26,4,1,0.225863881,11.6,44.2303277,-123.1622552,98
7/29/2021 1:00,26,4,1,0.281000069,11.6,44.2303277,-123.1622552,98
7/29/2021 1:10,26,4,1,0.225863881,11.6,44.2303277,-123.1622552,88
7/29/2021 1:20,26,3,1,0.333623062,11.6,44.23065,-123.16275,93
7/29/2021 1:30,26,4,1,0.286912601,10.8,44.2303277,-123.1622552,88
7/29/2021 1:40,26,4,1,0.27325202,12.4,44.2303277,-123.1622552,97
7/29/2021 1:50,26,4,1,0.286912601,11.6,44.2303277,-123.1622552,101
7/29/2021 2:00,26,3,1,0.27026557,11.6,44.23065,-123.16275,91
7/29/2021 2:10,26,4,1,0.304554795,11.6,44.2303277,-123.1622552,104
7/29/2021 2:20,26,4,1,0.163299316,11.6,44.2303277,-123.1622552,105
7/29/2021 2:30,26,4,1,0.286912601,11.6,44.2303277,-123.1622552,95
7/29/2021 2:40,26,4,1,0.225863881,11.6,44.2303277,-123.1622552,94
7/29/2021 2:50,26,4,1,0.225863881,11.6,44.2303277,-123.1622552,94
7/29/2021 3:00,26,4,1,0.23590713,11.6,44.2303277,-123.1622552,95
7/29/2021 3:10,26,3,1,0.326598632,11.6,44.23065,-123.16275,96
7/29/2021 3:20,26,4,1,0.27026557,11.6,44.2303277,-123.1622552,98
7/29/2021 3:30,26,4,1,0.357770876,11.6,44.2303277,-123.1622552,87
7/29/2021 3:40,26,3,1,0.286912601,11.6,44.23065,-123.16275,90
7/29/2021 3:50,26,3,1,0.307369794,12.4,44.23065,-123.16275,90
7/29/2021 4:00,26,3,1,0.333623062,11.6,44.23065,-123.16275,102
7/29/2021 4:10,26,3,1,0.371444497,11.6,44.23065,-123.16275,109
7/29/2021 4:20,26,3,1,0.27026557,11.6,44.23065,-123.16275,109
7/29/2021 4:30,26,3,1,0.286912601,11.6,44.23065,-123.16275,111
7/29/2021 4:40,26,3,1,0.407181902,12.4,44.23065,-123.16275,114
7/29/2021 4:50,26,3,1,0.23590713,11.6,44.23065,-123.16275,112
7/29/2021 5:00,26,3,1,0.371444497,12.4,44.23065,-123.16275,107
7/29/2021 5:10,26,3,1,0.178885438,12.4,44.23065,-123.16275,117
7/29/2021 5:20,26,3,1,0.163299316,12.4,44.23065,-123.16275,117
7/29/2021 5:30,26,3,1,0.300072141,11.6,44.23065,-123.16275,128
7/29/2021 5:40,26,3,1,0.337392934,11.6,44.23065,-123.16275,138
7/29/2021 5:50,26,3,1,0.293271044,11.6,44.23065,-123.16275,134
7/29/2021 6:00,26,3,1,0.23590713,12.4,44.23065,-123.16275,105
7/29/2021 6:10,26,3,1,0.27026557,11.6,44.23065,-123.16275,122
7/29/2021 6:20,26,3,1,0.398090681,12.4,44.23065,-123.16275,129
7/29/2021 6:30,26,3,1,0.286912601,11.6,44.23065,-123.16275,122
7/29/2021 6:40,26,3,1,0.265684466,11.6,44.23065,-123.16275,125
7/29/2021 6:50,26,3,1,0.286912601,11.6,44.23065,-123.16275,121
7/29/2021 7:00,26,3,1,0.321899126,11.6,44.23065,-123.16275,114
7/29/2021 7:10,26,3,1,0,11.6,44.23065,-123.16275,122
7/29/2021 7:20,26,3,1,0.23590713,11.6,44.23065,-123.16275,127
7/29/2021 7:30,26,3,1,0.402888124,11.6,44.23065,-123.16275,117
7/29/2021 7:40,26,3,1,0.286912601,12.4,44.23065,-123.16275,113
7/29/2021 7:50,26,3,1,0.382473155,11.6,44.23065,-123.16275,125
7/29/2021 8:00,26,3,1,1.77568766,11.6,44.23065,-123.16275,127
7/29/2021 8:10,26,3,1,0.23590713,11.6,44.23065,-123.16275,119
7/29/2021 8:20,26,3,1,0.38523473,12.4,44.23065,-123.16275,123
7/29/2021 8:30,26,3,1,0.38523473,11.6,44.23065,-123.16275,116
7/29/2021 8:40,26,3,1,0.225863881,12.4,44.23065,-123.16275,120
7/29/2021 8:50,26,3,1,0.293271044,12.4,44.23065,-123.16275,119
7/29/2021 9:00,26,3,1,0.388581614,12.4,44.23065,-123.16275,129
7/29/2021 9:10,26,3,1,0.993847742,12.4,44.23065,-123.16275,104
7/29/2021 9:20,26,3,1,0.331880894,12.4,44.23065,-123.16275,102
7/29/2021 9:30,26,3,1,0.723627227,12.4,44.23065,-123.16275,92
7/29/2021 9:40,26,3,1,0.356392178,12.4,44.23065,-123.16275,90
7/29/2021 9:50,26,3,1,0.588590474,12.4,44.23065,-123.16275,86
7/29/2021 10:00,26,3,1,0.428048837,12.4,44.23065,-123.16275,93
7/29/2021 10:10,26,2,2,0.50304818,12.4,44.23122,-123.1629,84
7/29/2021 10:20,26,2,2,0.540898723,12.4,44.23122,-123.1629,85
7/29/2021 10:30,26,2,2,0.437787339,12.4,44.23122,-123.1629,100
7/29/2021 10:40,26,3,1,0.48725697,12.4,44.23065,-123.16275,93
7/29/2021 10:50,26,3,1,0.636194218,11.6,44.23065,-123.16275,115
7/29/2021 11:00,26,3,1,0.265684466,13.2,44.23065,-123.16275,90
7/29/2021 11:10,26,3,1,0.388581614,13.2,44.23065,-123.16275,118
7/29/2021 11:20,26,3,1,0.421089085,13.2,44.23065,-123.16275,126
7/29/2021 11:30,26,3,1,0.447036796,14,44.23065,-123.16275,114
7/29/2021 11:40,26,3,1,0.374050023,13.2,44.23065,-123.16275,119
7/29/2021 11:50,26,3,1,0.241209076,13.2,44.23065,-123.16275,117
7/29/2021 12:00,26,3,1,0.388581614,13.2,44.23065,-123.16275,109
7/29/2021 12:10,26,3,1,0.333623062,13.2,44.23065,-123.16275,104
7/29/2021 12:20,26,3,1,0.293271044,13.2,44.23065,-123.16275,105
7/29/2021 12:30,26,3,1,0.286912601,13.2,44.23065,-123.16275,106
7/29/2021 12:40,26,3,1,0.333623062,14,44.23065,-123.16275,99
7/29/2021 12:50,26,3,1,0.286912601,13.2,44.23065,-123.16275,105
7/29/2021 13:00,26,3,1,0.470791909,13.2,44.23065,-123.16275,102
7/29/2021 13:10,26,3,1,0.349148624,13.2,44.23065,-123.16275,108
7/29/2021 13:20,26,3,1,0.402888124,13.2,44.23065,-123.16275,106
7/29/2021 13:30,26,3,1,0.536785365,14,44.23065,-123.16275,106
7/29/2021 13:40,26,3,1,0.27026557,13.2,44.23065,-123.16275,90
7/29/2021 13:50,26,3,1,0.499904753,14,44.23065,-123.16275,122
7/29/2021 14:00,26,3,1,0.589767825,14,44.23065,-123.16275,111
7/29/2021 14:10,26,3,1,0.392820952,13.2,44.23065,-123.16275,109
7/29/2021 14:20,26,3,1,0.24688536,13.2,44.23065,-123.16275,109
7/29/2021 14:30,26,3,1,0.38523473,13.2,44.23065,-123.16275,94
7/29/2021 14:40,26,3,1,0.358741763,14,44.23065,-123.16275,111
7/29/2021 14:50,26,3,1,0.286912601,14,44.23065,-123.16275,110
7/29/2021 15:00,26,3,1,0.275480177,13.2,44.23065,-123.16275,113
7/29/2021 15:10,26,3,1,0.460966505,13.2,44.23065,-123.16275,103
7/29/2021 15:20,26,3,1,0.326598632,13.2,44.23065,-123.16275,108
7/29/2021 15:30,26,3,1,0.240634083,13.2,44.23065,-123.16275,108
7/29/2021 15:40,26,3,1,0.293271044,13.2,44.23065,-123.16275,102
7/29/2021 15:50,26,3,1,0.225863881,13.2,44.23065,-123.16275,107
7/29/2021 16:00,26,3,1,0.23590713,13.2,44.23065,-123.16275,103
7/29/2021 16:10,26,3,1,0.371444497,13.2,44.23065,-123.16275,96
7/29/2021 16:20,26,3,1,0.477145663,13.2,44.23065,-123.16275,100
7/29/2021 16:30,26,3,1,0.315816814,13.2,44.23065,-123.16275,97
7/29/2021 16:40,26,3,1,0.358741763,13.2,44.23065,-123.16275,98
7/29/2021 16:50,26,3,1,0.286854866,13.2,44.23065,-123.16275,105
7/29/2021 17:00,26,3,1,0.407181902,14,44.23065,-123.16275,117
7/29/2021 17:10,26,3,1,0.337392934,14,44.23065,-123.16275,95
7/29/2021 17:20,26,3,1,0.293271044,13.2,44.23065,-123.16275,105
7/29/2021 17:30,26,3,1,0.275480177,13.2,44.23065,-123.16275,102
7/29/2021 17:40,26,3,1,0.304554795,14,44.23065,-123.16275,106
7/29/2021 17:50,26,3,1,0.286912601,13.2,44.23065,-123.16275,112
7/29/2021 18:00,26,3,1,0.27026557,13.2,44.23065,-123.16275,112
7/29/2021 18:10,26,3,1,0.241209076,13.2,44.23065,-123.16275,108
7/29/2021 18:20,26,3,1,0.23590713,13.2,44.23065,-123.16275,108
7/29/2021 18:30,26,3,1,0.174574312,13.2,44.23065,-123.16275,101
7/29/2021 18:40,26,3,1,0.358741763,13.2,44.23065,-123.16275,105
7/29/2021 18:50,26,3,1,0,13.2,44.23065,-123.16275,97
7/29/2021 19:00,26,3,1,0.333623062,13.2,44.23065,-123.16275,112
7/29/2021 19:10,26,3,1,0.300072141,14,44.23065,-123.16275,109
7/29/2021 19:20,26,3,1,0.293271044,12.4,44.23065,-123.16275,94
7/29/2021 19:30,26,3,1,0.225863881,13.2,44.23065,-123.16275,103
7/29/2021 19:40,26,3,1,0.225863881,13.2,44.23065,-123.16275,108
7/29/2021 19:50,26,3,1,0.388581614,13.2,44.23065,-123.16275,97
7/29/2021 20:00,26,3,1,0.27026557,13.2,44.23065,-123.16275,94
7/29/2021 20:10,26,3,1,0.333623062,14,44.23065,-123.16275,104
7/29/2021 20:20,26,3,1,0.499274836,13.2,44.23065,-123.16275,105
7/29/2021 20:30,26,3,1,0.623222109,12.4,44.23065,-123.16275,106
7/29/2021 20:40,26,3,1,0.23590713,13.2,44.23065,-123.16275,94
7/29/2021 20:50,26,3,1,0.225863881,12.4,44.23065,-123.16275,106
7/29/2021 21:00,26,3,1,0.470583973,13.2,44.23065,-123.16275,96
7/29/2021 21:10,26,3,1,0.409413053,13.2,44.23065,-123.16275,98
7/29/2021 21:20,26,3,1,0.478091444,12.4,44.23065,-123.16275,103
7/29/2021 21:30,26,3,1,0.225863881,13.2,44.23065,-123.16275,100
7/29/2021 21:40,26,3,1,0.371444497,12.4,44.23065,-123.16275,100
7/29/2021 21:50,26,3,1,0.23590713,12.4,44.23065,-123.16275,103
7/29/2021 22:00,26,3,1,0.225863881,12.4,44.23065,-123.16275,123
7/29/2021 22:10,26,3,1,0.225863881,13.2,44.23065,-123.16275,106
7/29/2021 22:20,26,3,1,0.358741763,12.4,44.23065,-123.16275,114
7/29/2021 22:30,26,3,1,1.044208011,12.4,44.23065,-123.16275,110
7/29/2021 22:40,26,3,1,0.252241414,13.2,44.23065,-123.16275,113
7/29/2021 22:50,26,3,1,0.497008595,12.4,44.23065,-123.16275,103
7/29/2021 23:00,26,3,1,0.166811531,12.4,44.23065,-123.16275,103
7/29/2021 23:10,26,3,1,0.266666667,12.4,44.23065,-123.16275,100
7/29/2021 23:20,26,3,1,0.230483252,12.4,44.23065,-123.16275,106
7/29/2021 23:30,26,3,1,0.333623062,13.2,44.23065,-123.16275,102
7/29/2021 23:40,26,3,1,0.326598632,12.4,44.23065,-123.16275,103
7/29/2021 23:50,26,3,1,0.166811531,12.4,44.23065,-123.16275,109
7/30/2021 0:00,26,3,1,0.286912601,12.4,44.23065,-123.16275,103
7/30/2021 0:10,26,3,1,0.333623062,12.4,44.23065,-123.16275,104
7/30/2021 0:20,26,3,1,0.275480177,12.4,44.23065,-123.16275,105
7/30/2021 0:30,26,3,1,0.230483252,12.4,44.23065,-123.16275,93
7/30/2021 0:40,26,3,1,0.230483252,12.4,44.23065,-123.16275,106
7/30/2021 0:50,26,3,1,0.85416626,14.8,44.23065,-123.16275,124
7/30/2021 1:00,26,3,1,0.27026557,12.4,44.23065,-123.16275,125
7/30/2021 1:10,26,3,1,0.27026557,12.4,44.23065,-123.16275,114
7/30/2021 1:20,26,3,1,0.286912601,12.4,44.23065,-123.16275,102
7/30/2021 1:30,26,3,1,0.23590713,13.2,44.23065,-123.16275,118
7/30/2021 1:40,26,3,1,0.358741763,10.8,44.23065,-123.16275,114
7/30/2021 1:50,26,3,1,0.235395955,11.6,44.23065,-123.16275,122
7/30/2021 2:00,26,3,1,0.326598632,11.6,44.23065,-123.16275,122
7/30/2021 2:10,26,3,1,0.408603135,11.6,44.23065,-123.16275,119
7/30/2021 2:20,26,3,1,0.23590713,11.6,44.23065,-123.16275,118
7/30/2021 2:30,26,3,1,0.166811531,11.6,44.23065,-123.16275,115
7/30/2021 2:40,26,3,1,0.27026557,11.6,44.23065,-123.16275,108
7/30/2021 2:50,26,3,1,0.23590713,11.6,44.23065,-123.16275,115
7/30/2021 3:00,26,3,1,0,11.6,44.23065,-123.16275,118
7/30/2021 3:10,26,3,1,0,11.6,44.23065,-123.16275,120
7/30/2021 3:20,26,3,1,0.163299316,11.6,44.23065,-123.16275,114
7/30/2021 3:30,26,3,1,0.225863881,11.6,44.23065,-123.16275,121
7/30/2021 3:40,26,3,1,0.47181426,11.6,44.23065,-123.16275,122
7/30/2021 3:50,26,3,1,0.413118224,11.6,44.23065,-123.16275,129
7/30/2021 4:00,26,3,1,0,11.6,44.23065,-123.16275,112
7/30/2021 4:10,26,3,1,NA,11.6,44.23065,-123.16275,133
7/30/2021 4:20,26,3,1,0.438178046,13.2,44.23065,-123.16275,118
7/30/2021 4:30,26,3,1,NA,12.4,44.23065,-123.16275,117
7/30/2021 4:40,26,3,1,0,12.4,44.23065,-123.16275,124
7/30/2021 4:50,26,3,1,0,12.4,44.23065,-123.16275,113
7/30/2021 5:00,26,3,1,0.402888124,12.4,44.23065,-123.16275,126
7/30/2021 5:10,26,3,1,0.379723219,12.4,44.23065,-123.16275,126
7/30/2021 5:20,26,3,1,0.523090039,11.6,44.23065,-123.16275,131
7/30/2021 5:30,26,3,1,0.72026931,12.4,44.23065,-123.16275,132
7/30/2021 5:40,26,3,1,0.379723219,12.4,44.23065,-123.16275,132
7/30/2021 5:50,26,3,1,0.166811531,11.6,44.23065,-123.16275,130
7/30/2021 6:00,26,3,1,0.341121146,11.6,44.23065,-123.16275,129
7/30/2021 6:10,26,3,1,0.281000069,11.6,44.23065,-123.16275,121
7/30/2021 6:20,26,3,1,0.23590713,12.4,44.23065,-123.16275,126
7/30/2021 6:30,26,3,1,0.46687366,12.4,44.23065,-123.16275,126
7/30/2021 6:40,26,3,1,0.326598632,11.6,44.23065,-123.16275,126
7/30/2021 6:50,26,3,1,0.293271044,11.6,44.23065,-123.16275,134
7/30/2021 7:00,26,3,1,0.225863881,11.6,44.23065,-123.16275,136
7/30/2021 7:10,26,3,1,0.382473155,11.6,44.23065,-123.16275,120
7/30/2021 7:20,26,3,1,0.326598632,12.4,44.23065,-123.16275,108
7/30/2021 7:30,26,3,1,0.23590713,11.6,44.23065,-123.16275,118
7/30/2021 7:40,26,3,1,0.29879309,11.6,44.23065,-123.16275,127
7/30/2021 7:50,26,3,1,0.464869763,11.6,44.23065,-123.16275,132
7/30/2021 8:00,26,3,1,0.323721055,11.6,44.23065,-123.16275,112
7/30/2021 8:10,26,3,1,0.438178046,12.4,44.23065,-123.16275,99
7/30/2021 8:20,26,3,1,0.411686976,12.4,44.23065,-123.16275,108
7/30/2021 8:30,26,3,1,0.377123617,12.4,44.23065,-123.16275,107
7/30/2021 8:40,26,3,1,0.4,12.4,44.23065,-123.16275,108
7/30/2021 8:50,26,3,1,0.326598632,12.4,44.23065,-123.16275,109
7/30/2021 9:00,26,3,1,0.470583973,13.2,44.23065,-123.16275,108
7/30/2021 9:10,26,3,1,0.333623062,12.4,44.23065,-123.16275,108
7/30/2021 9:20,26,3,1,0,12.4,44.23065,-123.16275,109
7/30/2021 9:30,26,3,1,0.225863881,12.4,44.23065,-123.16275,109
7/30/2021 9:40,26,3,1,0.326598632,12.4,44.23065,-123.16275,109
7/30/2021 9:50,26,3,1,0.23590713,12.4,44.23065,-123.16275,109
7/30/2021 10:00,26,3,1,0.286912601,12.4,44.23065,-123.16275,109
7/30/2021 10:10,26,3,1,0.429357457,13.2,44.23065,-123.16275,109
7/30/2021 10:20,26,3,1,0.371444497,12.4,44.23065,-123.16275,109
7/30/2021 10:30,26,3,1,0.304554795,12.4,44.23065,-123.16275,110
7/30/2021 10:40,26,3,1,0.293271044,12.4,44.23065,-123.16275,110
7/30/2021 10:50,26,3,1,0.341121146,12.4,44.23065,-123.16275,110
7/30/2021 11:00,26,3,1,0.337392934,12.4,44.23065,-123.16275,112
7/30/2021 11:10,26,3,1,0.333623062,12.4,44.23065,-123.16275,112
7/30/2021 11:20,26,3,1,0.286912601,12.4,44.23065,-123.16275,109
7/30/2021 11:30,26,3,1,0.326598632,12.4,44.23065,-123.16275,110
7/30/2021 11:40,26,3,1,0.163299316,12.4,44.23065,-123.16275,111
7/30/2021 11:50,26,3,1,0.438466606,12.4,44.23065,-123.16275,111
7/30/2021 12:00,26,3,1,0.326598632,12.4,44.23065,-123.16275,110
7/30/2021 12:10,26,3,1,0.357770876,12.4,44.23065,-123.16275,111
7/30/2021 12:20,26,3,1,0.358741763,13.2,44.23065,-123.16275,109
7/30/2021 12:30,26,3,1,0.333623062,12.4,44.23065,-123.16275,111
7/30/2021 12:40,26,3,1,0.163299316,12.4,44.23065,-123.16275,109
7/30/2021 12:50,26,3,1,0.27026557,12.4,44.23065,-123.16275,109
7/30/2021 13:00,26,3,1,0.371444497,12.4,44.23065,-123.16275,109
7/30/2021 13:10,26,3,1,0.331880894,11.6,44.23065,-123.16275,109
7/30/2021 13:20,26,3,1,0.286912601,11.6,44.23065,-123.16275,108
7/30/2021 13:30,26,3,1,0.44002635,12.4,44.23065,-123.16275,109
7/30/2021 13:40,26,3,1,0.402888124,11.6,44.23065,-123.16275,108
7/30/2021 13:50,26,3,1,0.304554795,11.6,44.23065,-123.16275,108
7/30/2021 14:00,26,3,1,0.27026557,11.6,44.23065,-123.16275,110
7/30/2021 14:10,26,3,1,0.333623062,11.6,44.23065,-123.16275,109
7/30/2021 14:20,26,3,1,0.23590713,11.6,44.23065,-123.16275,108
7/30/2021 14:30,26,3,1,0.286912601,11.6,44.23065,-123.16275,108
7/30/2021 14:40,26,3,1,0.36615727,12.4,44.23065,-123.16275,108
7/30/2021 14:50,26,3,1,0.333623062,11.6,44.23065,-123.16275,108
7/30/2021 15:00,26,3,1,0.23590713,11.6,44.23065,-123.16275,109
7/30/2021 15:10,26,3,1,0.357770876,11.6,44.23065,-123.16275,108
7/30/2021 15:20,26,3,1,0.326598632,12.4,44.23065,-123.16275,108
7/30/2021 15:30,26,3,1,0.225863881,11.6,44.23065,-123.16275,108
7/30/2021 15:40,26,3,1,0.44002635,11.6,44.23065,-123.16275,107
7/30/2021 15:50,26,3,1,0.23590713,11.6,44.23065,-123.16275,108
7/30/2021 16:00,26,3,1,0.286912601,11.6,44.23065,-123.16275,108
7/30/2021 16:10,26,3,1,0,11.6,44.23065,-123.16275,108
7/30/2021 16:20,26,3,1,0.163299316,11.6,44.23065,-123.16275,108
7/30/2021 16:30,26,3,1,0.286912601,11.6,44.23065,-123.16275,108
7/30/2021 16:40,26,3,1,0.27026557,11.6,44.23065,-123.16275,108
7/30/2021 16:50,26,3,1,0.326598632,11.6,44.23065,-123.16275,108
7/30/2021 17:00,26,3,1,0,11.6,44.23065,-123.16275,108
7/30/2021 17:10,26,3,1,0.38523473,11.6,44.23065,-123.16275,108
7/30/2021 17:20,26,3,1,0.23590713,12.4,44.23065,-123.16275,108
7/30/2021 17:30,26,3,1,0.429357457,12.4,44.23065,-123.16275,107
7/30/2021 17:40,26,3,1,0.429357457,12.4,44.23065,-123.16275,108
7/30/2021 17:50,26,3,1,0.27026557,12.4,44.23065,-123.16275,107
7/30/2021 18:00,26,3,1,0.331880894,12.4,44.23065,-123.16275,108
7/30/2021 18:10,26,3,1,0.371444497,12.4,44.23065,-123.16275,107
7/30/2021 18:20,26,3,1,0.225863881,12.4,44.23065,-123.16275,109
7/30/2021 18:30,26,3,1,0.225863881,12.4,44.23065,-123.16275,108
7/30/2021 18:40,26,3,1,0.44002635,12.4,44.23065,-123.16275,108
7/30/2021 18:50,26,3,1,0.427617987,12.4,44.23065,-123.16275,108
7/30/2021 19:00,26,3,1,0.333623062,11.6,44.23065,-123.16275,108
7/30/2021 19:10,26,3,1,0.36615727,11.6,44.23065,-123.16275,108
7/30/2021 19:20,26,3,1,0.293271044,11.6,44.23065,-123.16275,108
7/30/2021 19:30,26,3,1,0.163299316,11.6,44.23065,-123.16275,108
7/30/2021 19:40,26,3,1,0.44956119,11.6,44.23065,-123.16275,108
7/30/2021 19:50,26,3,1,0.411686976,11.6,44.23065,-123.16275,108
7/30/2021 20:00,26,3,1,0.293271044,12.4,44.23065,-123.16275,108
7/30/2021 20:10,26,3,1,0.225863881,12.4,44.23065,-123.16275,108
7/30/2021 20:20,26,3,1,0.341121146,11.6,44.23065,-123.16275,108
7/30/2021 20:30,26,3,1,0.438466606,12.4,44.23065,-123.16275,108
7/30/2021 20:40,26,3,1,0.326598632,11.6,44.23065,-123.16275,108
7/30/2021 20:50,26,3,1,0.358741763,11.6,44.23065,-123.16275,108
7/30/2021 21:00,26,3,1,0.230483252,11.6,44.23065,-123.16275,108
7/30/2021 21:10,26,3,1,0.477145663,10.8,44.23065,-123.16275,108
7/30/2021 21:20,26,3,1,0.241209076,11.6,44.23065,-123.16275,108
7/30/2021 21:30,26,3,1,0.341121146,11.6,44.23065,-123.16275,108
7/30/2021 21:40,26,3,1,0.402888124,11.6,44.23065,-123.16275,108
7/30/2021 21:50,26,3,1,0.286854866,12.4,44.23065,-123.16275,108
7/30/2021 22:00,26,3,1,0.286912601,11.6,44.23065,-123.16275,108
7/30/2021 22:10,26,3,1,0.307369794,11.6,44.23065,-123.16275,108
7/30/2021 22:20,26,3,1,0.358741763,11.6,44.23065,-123.16275,108
7/30/2021 22:30,26,3,1,0.371444497,11.6,44.23065,-123.16275,107
7/30/2021 22:40,26,3,1,0.286912601,11.6,44.23065,-123.16275,108
7/30/2021 22:50,26,3,1,0.44002635,11.6,44.23065,-123.16275,108
7/30/2021 23:00,26,3,1,0.333623062,11.6,44.23065,-123.16275,108
7/30/2021 23:10,26,3,1,0.286912601,11.6,44.23065,-123.16275,108
7/30/2021 23:20,26,3,1,0.402888124,12.4,44.23065,-123.16275,108
7/30/2021 23:30,26,3,1,0.326598632,11.6,44.23065,-123.16275,108
7/30/2021 23:40,26,3,1,0.371444497,11.6,44.23065,-123.16275,108
7/30/2021 23:50,26,3,1,0.331880894,11.6,44.23065,-123.16275,108
7/31/2021 0:00,26,3,1,0.23590713,11.6,44.23065,-123.16275,108
7/31/2021 0:10,26,3,1,0.23590713,11.6,44.23065,-123.16275,108
7/31/2021 0:20,26,3,1,0.235395955,11.6,44.23065,-123.16275,109
7/31/2021 0:30,26,3,1,0.38523473,11.6,44.23065,-123.16275,109
7/31/2021 0:40,26,3,1,0.392820952,11.6,44.23065,-123.16275,108
7/31/2021 0:50,26,3,1,0.326598632,11.6,44.23065,-123.16275,109
7/31/2021 1:00,26,3,1,0.225863881,11.6,44.23065,-123.16275,108
7/31/2021 1:10,26,3,1,0.27026557,11.6,44.23065,-123.16275,109
7/31/2021 1:20,26,3,1,0.304554795,12.4,44.23065,-123.16275,109
7/31/2021 1:30,26,3,1,0.358741763,11.6,44.23065,-123.16275,109
7/31/2021 1:40,26,3,1,0.371444497,11.6,44.23065,-123.16275,108
7/31/2021 1:50,26,3,1,0.44002635,12.4,44.23065,-123.16275,109
7/31/2021 2:00,26,3,1,0.166811531,11.6,44.23065,-123.16275,109
7/31/2021 2:10,26,3,1,0.398090681,11.6,44.23065,-123.16275,108
7/31/2021 2:20,26,3,1,0.512410092,12.4,44.23065,-123.16275,108
7/31/2021 2:30,26,3,1,0.481712345,12.4,44.23065,-123.16275,108
7/31/2021 2:40,26,3,1,0.402888124,12.4,44.23065,-123.16275,109
7/31/2021 2:50,26,3,1,0.23590713,11.6,44.23065,-123.16275,109
7/31/2021 3:00,26,3,1,0.333623062,11.6,44.23065,-123.16275,109
7/31/2021 3:10,26,3,1,0.27026557,11.6,44.23065,-123.16275,109
7/31/2021 3:20,26,3,1,0.371444497,11.6,44.23065,-123.16275,108
7/31/2021 3:30,26,3,1,0.47181426,12.4,44.23065,-123.16275,109
7/31/2021 3:40,26,3,1,0.371444497,11.6,44.23065,-123.16275,109
7/31/2021 3:50,26,3,1,0.358741763,11.6,44.23065,-123.16275,109
7/31/2021 4:00,26,3,1,0.23590713,11.6,44.23065,-123.16275,108
7/31/2021 4:10,26,3,1,0.392820952,12.4,44.23065,-123.16275,109
7/31/2021 4:20,26,3,1,0,11.6,44.23065,-123.16275,109
7/31/2021 4:30,26,3,1,0.333623062,11.6,44.23065,-123.16275,109
7/31/2021 4:40,26,3,1,0.230940108,11.6,44.23065,-123.16275,109
7/31/2021 4:50,26,3,1,0.31522757,11.6,44.23065,-123.16275,109
7/31/2021 5:00,26,3,1,0.392820952,11.6,44.23065,-123.16275,109
7/31/2021 5:10,26,3,1,0.409413053,11.6,44.23065,-123.16275,109
7/31/2021 5:20,26,3,1,0.44002635,11.6,44.23065,-123.16275,108
7/31/2021 5:30,26,3,1,0.371444497,11.6,44.23065,-123.16275,108
7/31/2021 5:40,26,3,1,0.27026557,11.6,44.23065,-123.16275,109
7/31/2021 5:50,26,3,1,0.358741763,11.6,44.23065,-123.16275,108
7/31/2021 6:00,26,3,1,0.23590713,11.6,44.23065,-123.16275,109
7/31/2021 6:10,26,3,1,0.408603135,11.6,44.23065,-123.16275,108
7/31/2021 6:20,26,3,1,0.371444497,11.6,44.23065,-123.16275,108
7/31/2021 6:30,26,3,1,0.23590713,11.6,44.23065,-123.16275,108
7/31/2021 6:40,26,3,1,0.326598632,11.6,44.23065,-123.16275,109
7/31/2021 6:50,26,3,1,0.275480177,11.6,44.23065,-123.16275,108
7/31/2021 7:00,26,3,1,0.38523473,11.6,44.23065,-123.16275,108
7/31/2021 7:10,26,3,1,0.313785816,11.6,44.23065,-123.16275,108
7/31/2021 7:20,26,3,1,0.379723219,12.4,44.23065,-123.16275,108
7/31/2021 7:30,26,3,1,0.342234106,11.6,44.23065,-123.16275,108
7/31/2021 7:40,26,3,1,0.411686976,12.4,44.23065,-123.16275,108
7/31/2021 7:50,26,3,1,0.286912601,11.6,44.23065,-123.16275,108
7/31/2021 8:00,26,3,1,0.163299316,11.6,44.23065,-123.16275,108
7/31/2021 8:10,26,3,1,0.27026557,12.4,44.23065,-123.16275,108
7/31/2021 8:20,26,3,1,0.349148624,12.4,44.23065,-123.16275,108
7/31/2021 8:30,26,3,1,0.23590713,12.4,44.23065,-123.16275,108
7/31/2021 8:40,26,3,1,0.38523473,12.4,44.23065,-123.16275,108
7/31/2021 8:50,26,3,1,0.304554795,12.4,44.23065,-123.16275,108
7/31/2021 9:00,26,3,1,0.286912601,12.4,44.23065,-123.16275,108
7/31/2021 9:10,26,3,1,0.23590713,12.4,44.23065,-123.16275,108
7/31/2021 9:20,26,3,1,0.225863881,12.4,44.23065,-123.16275,107
7/31/2021 9:30,26,3,1,0.286912601,12.4,44.23065,-123.16275,107
7/31/2021 9:40,26,3,1,0.225863881,12.4,44.23065,-123.16275,107
7/31/2021 9:50,26,3,1,0.371444497,12.4,44.23065,-123.16275,107
7/31/2021 10:00,26,3,1,0.23590713,12.4,44.23065,-123.16275,107
7/31/2021 10:10,26,3,1,0.31004271,12.4,44.23065,-123.16275,108
7/31/2021 10:20,26,3,1,0,12.4,44.23065,-123.16275,108
7/31/2021 10:30,26,3,1,0.561571295,12.4,44.23065,-123.16275,108
7/31/2021 10:40,26,3,1,0.333623062,13.2,44.23065,-123.16275,107
7/31/2021 10:50,26,3,1,0.235395955,13.2,44.23065,-123.16275,107
7/31/2021 11:00,26,3,1,0.460966505,14,44.23065,-123.16275,109
7/31/2021 11:10,26,3,1,0.392820952,14,44.23065,-123.16275,108
7/31/2021 11:20,26,3,1,0.163299316,13.2,44.23065,-123.16275,108
7/31/2021 11:30,26,3,1,0.27026557,14,44.23065,-123.16275,109
7/31/2021 11:40,26,3,1,0.577852095,13.2,44.23065,-123.16275,109
7/31/2021 11:50,26,3,1,0.163299316,12.4,44.23065,-123.16275,109
7/31/2021 12:00,26,3,1,0.358741763,12.4,44.23065,-123.16275,109
7/31/2021 12:10,26,3,1,0.371444497,11.6,44.23065,-123.16275,108
7/31/2021 12:20,26,3,1,0.286912601,12.4,44.23065,-123.16275,108
7/31/2021 12:30,26,3,1,0.371444497,12.4,44.23065,-123.16275,108
7/31/2021 12:40,26,3,1,0.371444497,12.4,44.23065,-123.16275,109
7/31/2021 12:50,26,3,1,0.225863881,12.4,44.23065,-123.16275,108
7/31/2021 13:00,26,3,1,0.326598632,12.4,44.23065,-123.16275,108
7/31/2021 13:10,26,3,1,0.225863881,12.4,44.23065,-123.16275,108
7/31/2021 13:20,26,3,1,0,12.4,44.23065,-123.16275,108
7/31/2021 13:30,26,3,1,0.333623062,12.4,44.23065,-123.16275,108
7/31/2021 13:40,26,3,1,0.286912601,12.4,44.23065,-123.16275,108
7/31/2021 13:50,26,3,1,0.286912601,12.4,44.23065,-123.16275,109
7/31/2021 14:00,26,3,1,0.225863881,12.4,44.23065,-123.16275,108
7/31/2021 14:10,26,3,1,0.286912601,11.6,44.23065,-123.16275,108
7/31/2021 14:20,26,3,1,0.402888124,12.4,44.23065,-123.16275,109
7/31/2021 14:30,26,3,1,0.286912601,12.4,44.23065,-123.16275,109
7/31/2021 14:40,26,3,1,0.286912601,12.4,44.23065,-123.16275,108
7/31/2021 14:50,26,3,1,0.408603135,12.4,44.23065,-123.16275,108
7/31/2021 15:00,26,3,1,0.341121146,12.4,44.23065,-123.16275,108
7/31/2021 15:10,26,3,1,0.225863881,13.2,44.23065,-123.16275,108
7/31/2021 15:20,26,3,1,0.331880894,12.4,44.23065,-123.16275,109
7/31/2021 15:30,26,3,1,0.27026557,12.4,44.23065,-123.16275,109
7/31/2021 15:40,26,3,1,0.23590713,12.4,44.23065,-123.16275,108
7/31/2021 15:50,26,3,1,0.402888124,12.4,44.23065,-123.16275,109
7/31/2021 16:00,26,3,1,0.23590713,12.4,44.23065,-123.16275,109
7/31/2021 16:10,26,3,1,0.371444497,11.6,44.23065,-123.16275,112
7/31/2021 16:20,26,3,1,0.27026557,12.4,44.23065,-123.16275,110
7/31/2021 16:30,26,3,1,0.46687366,12.4,44.23065,-123.16275,111
7/31/2021 16:40,26,3,1,0.402888124,12.4,44.23065,-123.16275,111
7/31/2021 16:50,26,3,1,0.27026557,12.4,44.23065,-123.16275,108
7/31/2021 17:00,26,3,1,0.47181426,12.4,44.23065,-123.16275,108
7/31/2021 17:10,26,3,1,0.178885438,12.4,44.23065,-123.16275,108
7/31/2021 17:20,26,3,1,0.286912601,12.4,44.23065,-123.16275,110
7/31/2021 17:30,26,3,1,0.419412008,13.2,44.23065,-123.16275,112
7/31/2021 17:40,26,3,1,0.392820952,12.4,44.23065,-123.16275,108
7/31/2021 17:50,26,3,1,0.517824577,13.2,44.23065,-123.16275,110
7/31/2021 18:00,26,3,1,0.374050023,12.4,44.23065,-123.16275,112
7/31/2021 18:10,26,3,1,0.458214441,12.4,44.23065,-123.16275,109
7/31/2021 18:20,26,3,1,0.409413053,11.6,44.23065,-123.16275,109
7/31/2021 18:30,26,3,1,0.408603135,11.6,44.23065,-123.16275,109
7/31/2021 18:40,26,3,1,0.163299316,11.6,44.23065,-123.16275,109
7/31/2021 18:50,26,3,1,0.326598632,12.4,44.23065,-123.16275,109
7/31/2021 19:00,26,3,1,0.163299316,12.4,44.23065,-123.16275,107
7/31/2021 19:10,26,3,1,0.623222109,13.2,44.23065,-123.16275,109
7/31/2021 19:20,26,3,1,0.523090039,11.6,44.23065,-123.16275,109
7/31/2021 19:30,26,3,1,0.534846339,12.4,44.23065,-123.16275,108
7/31/2021 19:40,26,3,1,0.230940108,11.6,44.23065,-123.16275,109
7/31/2021 19:50,26,3,1,0.300427046,11.6,44.23065,-123.16275,108
7/31/2021 20:00,26,3,1,0.230940108,11.6,44.23065,-123.16275,108
7/31/2021 20:10,26,3,1,0.361813613,11.6,44.23065,-123.16275,108
7/31/2021 20:20,26,3,1,0.41194292,11.6,44.23065,-123.16275,108
7/31/2021 20:30,26,3,1,0.57419245,11.6,44.23065,-123.16275,108
7/31/2021 20:40,26,3,1,0.357770876,11.6,44.23065,-123.16275,108
7/31/2021 20:50,26,3,1,0.230940108,11.6,44.23065,-123.16275,109
7/31/2021 21:00,26,3,1,0.230940108,11.6,44.23065,-123.16275,108
7/31/2021 21:10,26,3,1,0.482418151,11.6,44.23065,-123.16275,109
7/31/2021 21:20,26,3,1,0.337309617,11.6,44.23065,-123.16275,108
7/31/2021 21:30,26,4,1,3.03956812,22.8,44.2303277,-123.1622552,130
7/31/2021 21:40,26,3,1,0.341121146,11.6,44.23065,-123.16275,109
7/31/2021 21:50,26,3,1,0,11.6,44.23065,-123.16275,108
7/31/2021 22:00,26,3,1,0.350823208,12.4,44.23065,-123.16275,109
7/31/2021 22:10,26,3,1,0.366190167,11.6,44.23065,-123.16275,109
7/31/2021 22:20,26,3,1,0.47181426,11.6,44.23065,-123.16275,108
7/31/2021 22:30,26,3,1,0.371444497,11.6,44.23065,-123.16275,109
7/31/2021 22:40,26,3,1,0.235395955,11.6,44.23065,-123.16275,109
7/31/2021 22:50,26,3,1,0.27026557,11.6,44.23065,-123.16275,109
7/31/2021 23:00,26,3,1,0.230940108,11.6,44.23065,-123.16275,109
7/31/2021 23:10,26,3,1,0.354024481,11.6,44.23065,-123.16275,109
7/31/2021 23:20,26,4,1,1.098471809,16.4,44.2303277,-123.1622552,134
7/31/2021 23:30,26,3,1,0.163299316,11.6,44.23065,-123.16275,108
7/31/2021 23:40,26,3,1,0.163299316,11.6,44.23065,-123.16275,108
7/31/2021 23:50,26,3,1,0.311399578,11.6,44.23065,-123.16275,108
8/1/2021 0:00,26,3,1,0,11.6,44.23065,-123.16275,108
8/1/2021 0:10,26,3,1,0.580008842,11.6,44.23065,-123.16275,109
8/1/2021 0:20,26,3,1,0.550041321,11.6,44.23065,-123.16275,109
8/1/2021 0:30,26,3,1,0.37032804,11.6,44.23065,-123.16275,108
8/1/2021 0:40,26,3,1,0.311399578,11.6,44.23065,-123.16275,109
8/1/2021 0:50,26,3,1,0.311399578,11.6,44.23065,-123.16275,109
8/1/2021 1:00,26,3,1,0.311399578,11.6,44.23065,-123.16275,109
8/1/2021 1:10,26,3,1,0.565685425,11.6,44.23065,-123.16275,108
8/1/2021 1:20,26,3,1,NA,11.6,44.23065,-123.16275,107
8/1/2021 2:00,26,3,1,0.230940108,11.6,44.23065,-123.16275,109
8/1/2021 2:10,26,3,1,0.497265248,10.8,44.23065,-123.16275,109
8/1/2021 2:20,26,3,1,0.49531135,11.6,44.23065,-123.16275,110
8/1/2021 2:30,26,3,1,0.311399578,12.4,44.23065,-123.16275,109
8/1/2021 2:40,26,3,1,0.482418151,11.6,44.23065,-123.16275,109
8/1/2021 2:50,26,3,1,0.311399578,11.6,44.23065,-123.16275,109
8/1/2021 3:00,26,3,1,0.341121146,11.6,44.23065,-123.16275,109
8/1/2021 3:10,26,3,1,0.311399578,12.4,44.23065,-123.16275,109
8/1/2021 3:20,26,3,1,0.290509216,11.6,44.23065,-123.16275,109
8/1/2021 3:30,26,3,1,0.230940108,11.6,44.23065,-123.16275,109
8/1/2021 3:40,26,3,1,0.393892771,12.4,44.23065,-123.16275,109
8/1/2021 3:50,26,3,1,0.311399578,12.4,44.23065,-123.16275,109
8/1/2021 4:00,26,3,1,0.431487912,12.4,44.23065,-123.16275,109
8/1/2021 4:10,26,3,1,0.373679493,12.4,44.23065,-123.16275,109
8/1/2021 4:20,26,3,1,0.230940108,12.4,44.23065,-123.16275,109
8/1/2021 4:30,26,3,1,0.213808994,11.6,44.23065,-123.16275,108
8/1/2021 4:40,26,3,1,0.230940108,11.6,44.23065,-123.16275,108
8/1/2021 4:50,26,3,1,0.422875312,11.6,44.23065,-123.16275,109
8/1/2021 5:00,26,3,1,0.27325202,11.6,44.23065,-123.16275,108
8/1/2021 5:10,26,3,1,0.230940108,11.6,44.23065,-123.16275,109
8/1/2021 5:20,26,3,1,0.394838493,11.6,44.23065,-123.16275,109
8/1/2021 5:30,26,3,1,0,11.6,44.23065,-123.16275,108
8/1/2021 5:40,26,3,1,0,11.6,44.23065,-123.16275,109
8/1/2021 5:50,26,3,1,0.341121146,12.4,44.23065,-123.16275,109
8/1/2021 6:00,26,3,1,0.241209076,11.6,44.23065,-123.16275,108
8/1/2021 6:10,26,3,1,0.352766841,11.6,44.23065,-123.16275,109
8/1/2021 6:20,26,3,1,0.300427046,11.6,44.23065,-123.16275,109
8/1/2021 6:30,26,3,1,0.230940108,12.4,44.23065,-123.16275,109
8/1/2021 6:40,26,3,1,0,11.6,44.23065,-123.16275,109
8/1/2021 6:50,26,3,1,0.230940108,11.6,44.23065,-123.16275,108
8/1/2021 7:00,26,3,1,0.311399578,11.6,44.23065,-123.16275,109
8/1/2021 7:10,26,3,1,0.341121146,11.6,44.23065,-123.16275,108
8/1/2021 7:20,26,3,1,0.230940108,11.6,44.23065,-123.16275,109
8/1/2021 7:30,26,3,1,0.341121146,11.6,44.23065,-123.16275,109
8/1/2021 7:40,26,3,1,0.461880215,11.6,44.23065,-123.16275,109
8/1/2021 7:50,26,3,1,0.41194292,11.6,44.23065,-123.16275,109
8/1/2021 8:00,26,3,1,0.497265248,11.6,44.23065,-123.16275,109
8/1/2021 8:10,26,3,1,0.41194292,12.4,44.23065,-123.16275,109
8/1/2021 8:20,26,3,1,0.341121146,12.4,44.23065,-123.16275,108
8/1/2021 8:30,26,3,1,0.241209076,12.4,44.23065,-123.16275,108
8/1/2021 8:40,26,3,1,0.230940108,12.4,44.23065,-123.16275,109
8/1/2021 8:50,26,3,1,0.230940108,12.4,44.23065,-123.16275,108
8/1/2021 9:00,26,3,1,0.311399578,13.2,44.23065,-123.16275,109
8/1/2021 9:10,26,3,1,0,12.4,44.23065,-123.16275,108
8/1/2021 9:20,26,3,1,0.341121146,12.4,44.23065,-123.16275,109
8/1/2021 9:30,26,3,1,0.361813613,12.4,44.23065,-123.16275,108
8/1/2021 9:40,26,3,1,0.461880215,12.4,44.23065,-123.16275,108
8/1/2021 9:50,26,3,1,0.386436713,13.2,44.23065,-123.16275,108
8/1/2021 10:00,26,3,1,0,12.4,44.23065,-123.16275,109
8/1/2021 10:10,26,3,1,0.230940108,12.4,44.23065,-123.16275,109
8/1/2021 10:20,26,3,1,0,12.4,44.23065,-123.16275,108
8/1/2021 10:30,26,3,1,0.311399578,12.4,44.23065,-123.16275,110
8/1/2021 10:40,26,3,1,0.311399578,13.2,44.23065,-123.16275,110
8/1/2021 10:50,26,3,1,0.230940108,13.2,44.23065,-123.16275,110
8/1/2021 11:00,26,3,1,0.337309617,13.2,44.23065,-123.16275,110
8/1/2021 11:10,26,3,1,0,13.2,44.23065,-123.16275,113
8/1/2021 11:20,26,3,1,0,13.2,44.23065,-123.16275,109
8/1/2021 11:30,26,3,1,0.427617987,14,44.23065,-123.16275,113
8/1/2021 11:40,26,3,1,0.41194292,14,44.23065,-123.16275,110
8/1/2021 11:50,26,3,1,0.311399578,13.2,44.23065,-123.16275,109
8/1/2021 12:00,26,3,1,0.482418151,14,44.23065,-123.16275,109
8/1/2021 12:10,26,3,1,0.311399578,12.4,44.23065,-123.16275,110
8/1/2021 12:20,26,3,1,0,12.4,44.23065,-123.16275,111
8/1/2021 12:30,26,3,1,0.311399578,12.4,44.23065,-123.16275,113
8/1/2021 12:40,26,3,1,0.230940108,12.4,44.23065,-123.16275,110
8/1/2021 12:50,26,3,1,0.341121146,13.2,44.23065,-123.16275,110
8/1/2021 13:00,26,3,1,0.361813613,13.2,44.23065,-123.16275,111
8/1/2021 13:10,26,3,1,0.482418151,12.4,44.23065,-123.16275,110
8/1/2021 13:20,26,3,1,0.230940108,12.4,44.23065,-123.16275,109
8/1/2021 13:30,26,3,1,0.311399578,13.2,44.23065,-123.16275,110
8/1/2021 13:40,26,3,1,0,12.4,44.23065,-123.16275,111
8/1/2021 13:50,26,3,1,0,12.4,44.23065,-123.16275,111
8/1/2021 14:00,26,3,1,0.41194292,12.4,44.23065,-123.16275,110
8/1/2021 14:10,26,3,1,0,12.4,44.23065,-123.16275,113
8/1/2021 14:20,26,3,1,0.230940108,12.4,44.23065,-123.16275,111
8/1/2021 14:30,26,3,1,0.357770876,12.4,44.23065,-123.16275,112
8/1/2021 14:40,26,3,1,0.45411697,12.4,44.23065,-123.16275,112
8/1/2021 14:50,26,3,1,0,12.4,44.23065,-123.16275,110
8/1/2021 15:00,26,3,1,0,12.4,44.23065,-123.16275,109
8/1/2021 15:10,26,3,1,0.230940108,12.4,44.23065,-123.16275,110
8/1/2021 15:20,26,3,1,0.311399578,12.4,44.23065,-123.16275,112
8/1/2021 15:30,26,3,1,0.341121146,12.4,44.23065,-123.16275,111
8/1/2021 15:40,26,3,1,0.230940108,12.4,44.23065,-123.16275,113
8/1/2021 15:50,26,3,1,0,12.4,44.23065,-123.16275,112
8/1/2021 16:00,26,3,1,0.252982213,12.4,44.23065,-123.16275,111
8/1/2021 16:10,26,3,1,0,12.4,44.23065,-123.16275,110
8/1/2021 16:20,26,3,1,0.431487912,12.4,44.23065,-123.16275,112
8/1/2021 16:30,26,3,1,0.230940108,12.4,44.23065,-123.16275,110
8/1/2021 16:40,26,3,1,0.311399578,13.2,44.23065,-123.16275,112
8/1/2021 16:50,26,3,1,0.341121146,12.4,44.23065,-123.16275,112
8/1/2021 17:00,26,3,1,0.230940108,11.6,44.23065,-123.16275,112
8/1/2021 17:10,26,3,1,0.41194292,11.6,44.23065,-123.16275,112
8/1/2021 17:20,26,3,1,0.311399578,12.4,44.23065,-123.16275,115
8/1/2021 17:30,26,3,1,0.311399578,12.4,44.23065,-123.16275,113
8/1/2021 17:40,26,3,1,0,12.4,44.23065,-123.16275,114
8/1/2021 17:50,26,3,1,0.28149262,12.4,44.23065,-123.16275,113
8/1/2021 18:00,26,3,1,0.757570487,12.4,44.23065,-123.16275,112
8/1/2021 18:10,26,3,1,0.311399578,12.4,44.23065,-123.16275,114
8/1/2021 18:20,26,3,1,0,12.4,44.23065,-123.16275,113
8/1/2021 18:30,26,3,1,0.230940108,12.4,44.23065,-123.16275,109
8/1/2021 18:40,26,3,1,0.230940108,12.4,44.23065,-123.16275,113
8/1/2021 18:50,26,3,1,0.41194292,12.4,44.23065,-123.16275,111
8/1/2021 19:00,26,3,1,0.311399578,12.4,44.23065,-123.16275,110
8/1/2021 19:10,26,3,1,0.230940108,12.4,44.23065,-123.16275,113
8/1/2021 19:20,26,3,1,0.311399578,12.4,44.23065,-123.16275,113
8/1/2021 19:30,26,3,1,0.479315752,12.4,44.23065,-123.16275,111
8/1/2021 19:40,26,3,1,0.230940108,12.4,44.23065,-123.16275,109
8/1/2021 19:50,26,3,1,0.505964426,12.4,44.23065,-123.16275,108
8/1/2021 20:00,26,4,1,2.037882978,20.4,44.2303277,-123.1622552,135
8/1/2021 20:30,26,3,1,0.302371578,12.4,44.23065,-123.16275,108
8/1/2021 20:40,26,3,1,0.56051924,11.6,44.23065,-123.16275,108
8/1/2021 20:50,26,3,1,0,12.4,44.23065,-123.16275,108
8/1/2021 21:00,26,3,1,0,12.4,44.23065,-123.16275,108
8/1/2021 21:10,26,3,1,0.45411697,12.4,44.23065,-123.16275,108
8/1/2021 21:20,26,3,1,0.427617987,12.4,44.23065,-123.16275,108
8/1/2021 21:30,26,3,1,0,12.4,44.23065,-123.16275,108
8/1/2021 21:40,26,3,1,0.230940108,13.2,44.23065,-123.16275,109
8/1/2021 21:50,26,3,1,0,12.4,44.23065,-123.16275,109
8/1/2021 22:00,26,3,1,0.4,12.4,44.23065,-123.16275,108
8/1/2021 22:10,26,3,1,0,12.4,44.23065,-123.16275,110
8/1/2021 22:20,26,3,1,0.341121146,12.4,44.23065,-123.16275,114
8/1/2021 22:30,26,3,1,0.323615934,12.4,44.23065,-123.16275,115
8/1/2021 22:40,26,3,1,0.45411697,12.4,44.23065,-123.16275,109
8/1/2021 22:50,26,3,1,0.521071158,13.2,44.23065,-123.16275,113
8/1/2021 23:00,26,3,1,0.37032804,12.4,44.23065,-123.16275,111
8/1/2021 23:10,26,3,1,0,12.4,44.23065,-123.16275,113
8/1/2021 23:20,26,3,1,0,12.4,44.23065,-123.16275,110
8/1/2021 23:30,26,3,1,0.230940108,12.4,44.23065,-123.16275,109
8/1/2021 23:40,26,3,1,0.326598632,12.4,44.23065,-123.16275,109
8/1/2021 23:50,26,3,1,0.357770876,12.4,44.23065,-123.16275,109
8/2/2021 0:00,26,3,1,0.230940108,12.4,44.23065,-123.16275,109
8/2/2021 0:10,26,3,1,0.230940108,12.4,44.23065,-123.16275,109
8/2/2021 0:20,26,3,1,0.41194292,12.4,44.23065,-123.16275,109
8/2/2021 0:30,26,3,1,0.230940108,11.6,44.23065,-123.16275,110
8/2/2021 0:40,26,3,1,0.252982213,11.6,44.23065,-123.16275,111
8/2/2021 0:50,26,3,1,0.461880215,12.4,44.23065,-123.16275,110
8/2/2021 1:00,26,3,1,0.357770876,12.4,44.23065,-123.16275,113
8/2/2021 1:20,26,3,1,0.37032804,12.4,44.23065,-123.16275,114
8/2/2021 1:30,26,3,1,0.590839157,12.4,44.23065,-123.16275,112
8/2/2021 2:00,26,3,1,NA,13.2,44.23065,-123.16275,110
8/2/2021 2:10,26,3,1,0,13.2,44.23065,-123.16275,113
8/2/2021 3:10,26,4,1,NA,18,44.2303277,-123.1622552,74
8/2/2021 3:20,26,4,1,0,10,44.2303277,-123.1622552,85
8/2/2021 4:00,26,3,1,NA,12.4,44.23065,-123.16275,108
8/2/2021 5:10,26,3,1,NA,11.6,44.23065,-123.16275,108
8/2/2021 5:20,26,3,1,0.41194292,12.4,44.23065,-123.16275,111
8/2/2021 5:30,26,3,1,0.669328021,13.2,44.23065,-123.16275,112
8/2/2021 5:40,26,3,1,0,12.4,44.23065,-123.16275,111
8/2/2021 5:50,26,3,1,0.230940108,12.4,44.23065,-123.16275,114
8/2/2021 6:00,26,3,1,0.230940108,12.4,44.23065,-123.16275,113
8/2/2021 6:10,26,3,1,0,12.4,44.23065,-123.16275,112
8/2/2021 6:20,26,3,1,0.357770876,13.2,44.23065,-123.16275,113
8/2/2021 6:30,26,3,1,0.230940108,12.4,44.23065,-123.16275,111
8/2/2021 6:40,26,3,1,0.230940108,12.4,44.23065,-123.16275,111
8/2/2021 6:50,26,3,1,0.241209076,12.4,44.23065,-123.16275,114
8/2/2021 7:00,26,3,1,0.341121146,12.4,44.23065,-123.16275,112
8/2/2021 7:10,26,3,1,0.323615934,12.4,44.23065,-123.16275,111
8/2/2021 7:20,26,3,1,0,12.4,44.23065,-123.16275,112
8/2/2021 7:30,26,3,1,0,12.4,44.23065,-123.16275,110
8/2/2021 7:40,26,3,1,0.241209076,12.4,44.23065,-123.16275,114
8/2/2021 7:50,26,3,1,0.394838493,12.4,44.23065,-123.16275,115
8/2/2021 8:00,26,3,1,0.53935989,11.6,44.23065,-123.16275,112
8/2/2021 8:10,26,3,1,0.341121146,12.4,44.23065,-123.16275,112
8/2/2021 8:20,26,3,1,0.341121146,12.4,44.23065,-123.16275,114
8/2/2021 8:30,26,3,1,1.113092251,12.4,44.23065,-123.16275,113
8/2/2021 8:40,26,3,1,0.241209076,12.4,44.23065,-123.16275,112
8/2/2021 8:50,26,3,1,0.230940108,12.4,44.23065,-123.16275,114
8/2/2021 9:00,26,3,1,0.230940108,12.4,44.23065,-123.16275,111
8/2/2021 9:10,26,3,1,0.41194292,12.4,44.23065,-123.16275,114
8/2/2021 9:20,26,3,1,0.41194292,12.4,44.23065,-123.16275,111
8/2/2021 9:30,26,3,1,0,12.4,44.23065,-123.16275,111
8/2/2021 9:40,26,3,1,0.230940108,12.4,44.23065,-123.16275,111
8/2/2021 10:10,26,3,1,0,12.4,44.23065,-123.16275,111
8/2/2021 10:20,26,3,1,0,12.4,44.23065,-123.16275,112
8/2/2021 10:30,26,3,1,0.4,12.4,44.23065,-123.16275,112
8/2/2021 10:40,26,3,1,0.565685425,12.4,44.23065,-123.16275,110
8/2/2021 10:50,26,3,1,NA,12.4,44.23065,-123.16275,110
8/2/2021 11:00,26,3,1,NA,11.6,44.23065,-123.16275,111
8/2/2021 11:40,26,3,1,NA,12.4,44.23065,-123.16275,112
8/2/2021 11:50,26,3,1,0.438178046,12.4,44.23065,-123.16275,110
8/2/2021 12:00,26,3,1,0.282842712,12.4,44.23065,-123.16275,110
8/2/2021 12:10,26,3,1,0.595219047,12.4,44.23065,-123.16275,109
8/2/2021 12:20,26,3,1,0.241209076,12.4,44.23065,-123.16275,110
8/2/2021 12:30,26,3,1,0.357770876,12.4,44.23065,-123.16275,110
8/2/2021 12:40,26,3,1,0.266666667,12.4,44.23065,-123.16275,110
8/2/2021 12:50,26,3,1,0,12.4,44.23065,-123.16275,110
8/2/2021 13:00,26,3,1,0.252982213,12.4,44.23065,-123.16275,109
8/2/2021 13:10,26,3,1,0,12.4,44.23065,-123.16275,110
8/2/2021 13:20,26,3,1,0.4,12.4,44.23065,-123.16275,109
8/2/2021 13:30,26,3,1,0.241209076,12.4,44.23065,-123.16275,109
8/2/2021 13:40,26,3,1,0,12.4,44.23065,-123.16275,109
8/2/2021 13:50,26,4,1,3.112215842,18.8,44.2303277,-123.1622552,136
8/2/2021 14:00,26,3,1,0.311399578,12.4,44.23065,-123.16275,109
8/2/2021 14:10,26,3,1,0,12.4,44.23065,-123.16275,109
8/2/2021 14:20,26,3,1,0.390360029,12.4,44.23065,-123.16275,108
8/2/2021 14:30,26,3,1,0.505964426,12.4,44.23065,-123.16275,110
8/2/2021 14:40,26,3,1,0.311399578,13.2,44.23065,-123.16275,110
8/2/2021 14:50,26,3,1,0.241209076,12.4,44.23065,-123.16275,108
8/2/2021 15:00,26,3,1,0,12.4,44.23065,-123.16275,108
8/2/2021 15:10,26,3,1,0,12.4,44.23065,-123.16275,108
8/2/2021 15:20,26,3,1,0,12.4,44.23065,-123.16275,108
8/2/2021 15:30,26,3,1,0,12.4,44.23065,-123.16275,109
8/2/2021 15:40,26,4,1,3.353987294,24.4,44.2303277,-123.1622552,112
8/2/2021 15:50,26,3,1,0.252982213,12.4,44.23065,-123.16275,108
8/2/2021 16:00,26,3,1,0.230940108,12.4,44.23065,-123.16275,109
8/2/2021 16:10,26,3,1,0,12.4,44.23065,-123.16275,106
8/2/2021 16:20,26,3,1,1.72116944,12.4,44.23065,-123.16275,108
8/2/2021 16:30,26,3,1,4.539061238,12.4,44.23065,-123.16275,106
8/2/2021 16:40,26,3,1,0.266666667,12.4,44.23065,-123.16275,106
8/2/2021 16:50,26,3,1,0.241209076,12.4,44.23065,-123.16275,108
8/2/2021 17:00,26,3,1,0.341121146,12.4,44.23065,-123.16275,106
8/2/2021 17:10,26,3,1,0.241209076,12.4,44.23065,-123.16275,107
8/2/2021 17:20,26,3,1,0.282842712,12.4,44.23065,-123.16275,107
8/2/2021 17:30,26,3,1,0.230940108,12.4,44.23065,-123.16275,107
8/2/2021 17:40,26,3,1,0.252982213,12.4,44.23065,-123.16275,107
8/2/2021 17:50,26,3,1,0,12.4,44.23065,-123.16275,107
8/2/2021 18:00,26,3,1,0,12.4,44.23065,-123.16275,107
8/2/2021 18:10,26,3,1,0.602218122,13.2,44.23065,-123.16275,107
8/2/2021 18:20,26,3,1,0,12.4,44.23065,-123.16275,107
8/2/2021 18:30,26,3,1,0.48074017,13.2,44.23065,-123.16275,107
8/2/2021 18:40,26,3,1,0.252982213,12.4,44.23065,-123.16275,107
8/2/2021 18:50,26,3,1,0,12.4,44.23065,-123.16275,107
8/2/2021 19:00,26,3,1,0.341121146,12.4,44.23065,-123.16275,107
8/2/2021 19:10,26,3,1,0.41194292,13.2,44.23065,-123.16275,107
8/2/2021 19:20,26,3,1,3.869539163,12.4,44.23065,-123.16275,106
8/2/2021 19:30,26,3,1,0,12.4,44.23065,-123.16275,107
8/2/2021 19:40,26,3,1,0.41194292,13.2,44.23065,-123.16275,107
8/2/2021 19:50,26,3,1,0.311399578,12.4,44.23065,-123.16275,107
8/2/2021 20:00,26,3,1,0.4,12.4,44.23065,-123.16275,107
8/2/2021 20:10,26,3,1,0,12.4,44.23065,-123.16275,107
8/2/2021 20:20,26,3,1,0.565685425,12.4,44.23065,-123.16275,108
8/2/2021 20:30,26,3,1,0,12.4,44.23065,-123.16275,107
8/2/2021 20:40,26,3,1,0.230940108,12.4,44.23065,-123.16275,108
8/2/2021 20:50,26,3,1,0,12.4,44.23065,-123.16275,108
8/2/2021 21:00,26,3,1,0.45411697,12.4,44.23065,-123.16275,109
8/2/2021 21:10,26,3,1,0.421637021,13.2,44.23065,-123.16275,112
8/2/2021 21:20,26,3,1,0.266666667,12.4,44.23065,-123.16275,108
8/2/2021 21:30,26,3,1,0.282842712,12.4,44.23065,-123.16275,108
8/2/2021 21:40,26,3,1,0.241209076,12.4,44.23065,-123.16275,109
8/2/2021 21:50,26,3,1,0.241209076,12.4,44.23065,-123.16275,108
8/2/2021 22:00,26,3,1,0.241209076,12.4,44.23065,-123.16275,108
8/2/2021 22:10,26,3,1,0.241209076,12.4,44.23065,-123.16275,109
8/2/2021 22:30,26,3,1,0.4,12.4,44.23065,-123.16275,108
8/2/2021 22:40,26,3,1,0,12.4,44.23065,-123.16275,108
8/2/2021 22:50,26,3,1,0,12.4,44.23065,-123.16275,108
8/2/2021 23:00,26,3,1,0.357770876,12.4,44.23065,-123.16275,109
8/2/2021 23:10,26,3,1,0,12.4,44.23065,-123.16275,108
8/2/2021 23:20,26,3,1,0,12.4,44.23065,-123.16275,108
8/2/2021 23:30,26,3,1,0,12.4,44.23065,-123.16275,108
8/2/2021 23:40,26,3,1,0.323615934,12.4,44.23065,-123.16275,109
8/2/2021 23:50,26,3,1,0.282842712,12.4,44.23065,-123.16275,109
8/3/2021 0:00,26,3,1,0.337309617,13.2,44.23065,-123.16275,109
8/3/2021 0:10,26,3,1,1.331280471,12.4,44.23065,-123.16275,108
8/3/2021 0:20,26,3,1,2.653299832,12.4,44.23065,-123.16275,109
8/3/2021 0:30,26,3,1,0,12.4,44.23065,-123.16275,109
8/3/2021 0:40,26,3,1,0.311399578,13.2,44.23065,-123.16275,111
8/3/2021 0:50,26,3,1,0.438178046,14,44.23065,-123.16275,113
8/3/2021 1:00,26,3,1,0.461880215,13.2,44.23065,-123.16275,110
8/3/2021 1:10,26,3,1,0.718973627,12.4,44.23065,-123.16275,110
8/3/2021 1:20,26,3,1,0.252982213,12.4,44.23065,-123.16275,110
8/3/2021 1:30,26,3,1,0.461880215,12.4,44.23065,-123.16275,108
8/3/2021 1:40,26,3,1,0.357770876,12.4,44.23065,-123.16275,109
8/3/2021 1:50,26,3,1,0.373679493,12.4,44.23065,-123.16275,109
8/3/2021 2:00,26,3,1,0,12.4,44.23065,-123.16275,109
8/3/2021 2:10,26,3,1,0,12.4,44.23065,-123.16275,109
8/3/2021 2:40,26,3,1,0,12.4,44.23065,-123.16275,109
8/3/2021 3:00,26,3,1,0.431487912,12.4,44.23065,-123.16275,110
8/3/2021 3:10,26,3,1,0,12.4,44.23065,-123.16275,109
8/3/2021 3:20,26,3,1,0.311399578,12.4,44.23065,-123.16275,109
8/3/2021 3:30,26,3,1,0,12.4,44.23065,-123.16275,109
8/3/2021 3:40,26,3,1,0.361813613,13.2,44.23065,-123.16275,109
8/3/2021 3:50,26,3,1,0.417786374,12.4,44.23065,-123.16275,109
8/3/2021 4:00,26,3,1,0.341121146,11.6,44.23065,-123.16275,109
8/3/2021 4:10,26,3,1,0.41194292,12.4,44.23065,-123.16275,109
8/3/2021 4:20,26,3,1,0.230940108,11.6,44.23065,-123.16275,109
8/3/2021 4:30,26,3,1,0.230940108,11.6,44.23065,-123.16275,109
8/3/2021 4:40,26,3,1,0.41194292,11.6,44.23065,-123.16275,109
8/3/2021 4:50,26,3,1,0,11.6,44.23065,-123.16275,108
8/3/2021 5:00,26,3,1,0.266666667,11.6,44.23065,-123.16275,109
8/3/2021 5:10,26,3,1,0.565685425,11.6,44.23065,-123.16275,109
8/3/2021 5:20,26,3,1,0,11.6,44.23065,-123.16275,110
8/3/2021 5:30,26,3,1,0,11.6,44.23065,-123.16275,109
8/3/2021 5:40,26,3,1,0.230940108,11.6,44.23065,-123.16275,110
8/3/2021 5:50,26,3,1,0.41194292,12.4,44.23065,-123.16275,109
8/3/2021 6:00,26,3,1,0.230940108,11.6,44.23065,-123.16275,109
8/3/2021 6:10,26,3,1,0.230940108,11.6,44.23065,-123.16275,110
8/3/2021 6:20,26,3,1,0.311399578,11.6,44.23065,-123.16275,109
8/3/2021 6:30,26,3,1,0,11.6,44.23065,-123.16275,110
8/3/2021 6:40,26,3,1,0.230940108,11.6,44.23065,-123.16275,110
8/3/2021 6:50,26,3,1,0,11.6,44.23065,-123.16275,109
8/3/2021 7:00,26,3,1,0.230940108,11.6,44.23065,-123.16275,109
8/3/2021 7:10,26,3,1,0,11.6,44.23065,-123.16275,109
8/3/2021 7:20,26,3,1,0,11.6,44.23065,-123.16275,110
8/3/2021 7:30,26,3,1,0,11.6,44.23065,-123.16275,109
8/3/2021 7:40,26,3,1,0.41194292,11.6,44.23065,-123.16275,109
8/3/2021 7:50,26,3,1,0.341121146,11.6,44.23065,-123.16275,110
8/3/2021 8:00,26,3,1,0.41194292,12.4,44.23065,-123.16275,110
8/3/2021 8:10,26,3,1,0.311399578,13.2,44.23065,-123.16275,110
8/3/2021 8:20,26,3,1,0,12.4,44.23065,-123.16275,109
8/3/2021 8:30,26,3,1,0.311399578,12.4,44.23065,-123.16275,109
8/3/2021 8:40,26,3,1,0.41194292,12.4,44.23065,-123.16275,110
8/3/2021 8:50,26,3,1,0.341121146,12.4,44.23065,-123.16275,109
8/3/2021 9:00,26,3,1,0,12.4,44.23065,-123.16275,109
8/3/2021 9:10,26,3,1,0.341121146,12.4,44.23065,-123.16275,109
8/3/2021 9:20,26,3,1,0,12.4,44.23065,-123.16275,109
8/3/2021 9:30,26,3,1,0,12.4,44.23065,-123.16275,109
8/3/2021 9:40,26,3,1,0.230940108,12.4,44.23065,-123.16275,109
8/3/2021 9:50,26,3,1,0.230940108,12.4,44.23065,-123.16275,109
8/3/2021 10:00,26,3,1,0.393892771,13.2,44.23065,-123.16275,109
8/3/2021 10:10,26,3,1,1.892399659,13.2,44.23065,-123.16275,109
8/3/2021 10:20,26,3,1,NA,12.4,44.23065,-123.16275,112
8/3/2021 10:30,26,3,1,0.512695956,14.8,44.23065,-123.16275,111
8/3/2021 10:40,26,3,1,0.311399578,13.2,44.23065,-123.16275,109
8/3/2021 10:50,26,3,1,0,13.2,44.23065,-123.16275,109
8/3/2021 11:00,26,3,1,0.41194292,14,44.23065,-123.16275,109
8/3/2021 11:10,26,3,1,0.311399578,13.2,44.23065,-123.16275,109
8/3/2021 11:20,26,3,1,0,13.2,44.23065,-123.16275,109
8/3/2021 11:30,26,3,1,0.341121146,13.2,44.23065,-123.16275,109
8/3/2021 11:40,26,3,1,0.357770876,13.2,44.23065,-123.16275,109
8/3/2021 11:50,26,3,1,0.252982213,13.2,44.23065,-123.16275,109
8/3/2021 12:00,26,3,1,0.357770876,13.2,44.23065,-123.16275,111
8/3/2021 12:10,26,3,1,0.230940108,13.2,44.23065,-123.16275,110
8/3/2021 12:20,26,3,1,0.241209076,13.2,44.23065,-123.16275,110
8/3/2021 12:30,26,3,1,0.41194292,13.2,44.23065,-123.16275,109
8/3/2021 12:40,26,3,1,0.341121146,13.2,44.23065,-123.16275,108
8/3/2021 12:50,26,3,1,0,13.2,44.23065,-123.16275,109
8/3/2021 13:00,26,3,1,0.41194292,13.2,44.23065,-123.16275,108
8/3/2021 13:10,26,3,1,0.241209076,13.2,44.23065,-123.16275,109
8/3/2021 13:20,26,3,1,0.241209076,13.2,44.23065,-123.16275,109
8/3/2021 13:30,26,3,1,0.311399578,13.2,44.23065,-123.16275,108
8/3/2021 13:40,26,3,1,0.230940108,13.2,44.23065,-123.16275,109
8/3/2021 13:50,26,3,1,0.311399578,13.2,44.23065,-123.16275,108
8/3/2021 14:00,26,3,1,0.311399578,14,44.23065,-123.16275,109
8/3/2021 14:10,26,3,1,0.41194292,13.2,44.23065,-123.16275,109
8/3/2021 14:20,26,3,1,0,13.2,44.23065,-123.16275,108
8/3/2021 14:30,26,3,1,0,13.2,44.23065,-123.16275,111
8/3/2021 14:40,26,3,1,0.230940108,12.4,44.23065,-123.16275,109
8/3/2021 14:50,26,3,1,0.341121146,12.4,44.23065,-123.16275,108
8/3/2021 15:00,26,3,1,0.361813613,12.4,44.23065,-123.16275,110
8/3/2021 15:10,26,3,1,0.230940108,12.4,44.23065,-123.16275,108
8/3/2021 15:20,26,3,1,0.361813613,12.4,44.23065,-123.16275,108
8/3/2021 15:30,26,3,1,0,12.4,44.23065,-123.16275,108
8/3/2021 15:40,26,3,1,0.311399578,13.2,44.23065,-123.16275,107
8/3/2021 15:50,26,3,1,0,12.4,44.23065,-123.16275,107
8/3/2021 16:00,26,3,1,0.230940108,12.4,44.23065,-123.16275,107
8/3/2021 16:10,26,3,1,0.230940108,12.4,44.23065,-123.16275,107
8/3/2021 16:20,26,3,1,0,12.4,44.23065,-123.16275,108
8/3/2021 16:30,26,3,1,0.230940108,12.4,44.23065,-123.16275,108
8/3/2021 16:40,26,3,1,0.230940108,12.4,44.23065,-123.16275,107
8/3/2021 16:50,26,3,1,0.341121146,12.4,44.23065,-123.16275,106
8/3/2021 17:00,26,3,1,0.230940108,13.2,44.23065,-123.16275,106
8/3/2021 17:10,26,3,1,0,12.4,44.23065,-123.16275,106
8/3/2021 17:20,26,3,1,0.252982213,12.4,44.23065,-123.16275,105
8/3/2021 17:30,26,3,1,0,12.4,44.23065,-123.16275,107
8/3/2021 17:40,26,3,1,0.311399578,12.4,44.23065,-123.16275,106
8/3/2021 17:50,26,3,1,0.230940108,12.4,44.23065,-123.16275,106
8/3/2021 18:00,26,3,1,0,12.4,44.23065,-123.16275,107
8/3/2021 18:10,26,3,1,0,12.4,44.23065,-123.16275,106
8/3/2021 18:20,26,3,1,0,12.4,44.23065,-123.16275,106
8/3/2021 18:30,26,3,1,0.241209076,12.4,44.23065,-123.16275,107
8/3/2021 18:40,26,3,1,0,12.4,44.23065,-123.16275,107
8/3/2021 18:50,26,3,1,0.230940108,12.4,44.23065,-123.16275,107
8/3/2021 19:00,26,3,1,0,12.4,44.23065,-123.16275,105
8/3/2021 19:10,26,3,1,0.300427046,12.4,44.23065,-123.16275,105
8/3/2021 19:20,26,3,1,0.41194292,12.4,44.23065,-123.16275,106
8/3/2021 19:30,26,3,1,0.230940108,12.4,44.23065,-123.16275,106
8/3/2021 19:40,26,3,1,0.230940108,12.4,44.23065,-123.16275,106
8/3/2021 19:50,26,3,1,0.230940108,12.4,44.23065,-123.16275,106
8/3/2021 20:00,26,3,1,0.230940108,12.4,44.23065,-123.16275,106
8/3/2021 20:10,26,3,1,0.230940108,12.4,44.23065,-123.16275,107
8/3/2021 20:20,26,3,1,0,12.4,44.23065,-123.16275,107
8/3/2021 20:30,26,3,1,0.311399578,12.4,44.23065,-123.16275,107
8/3/2021 20:40,26,3,1,0.230940108,12.4,44.23065,-123.16275,108
8/3/2021 20:50,26,3,1,0.230940108,13.2,44.23065,-123.16275,109
8/3/2021 21:00,26,3,1,0.230940108,12.4,44.23065,-123.16275,108
8/3/2021 21:10,26,3,1,0.230940108,12.4,44.23065,-123.16275,107
8/3/2021 21:20,26,3,1,0.230940108,12.4,44.23065,-123.16275,107
8/3/2021 21:30,26,3,1,0.230940108,12.4,44.23065,-123.16275,107
8/3/2021 21:40,26,3,1,0,12.4,44.23065,-123.16275,107
8/3/2021 21:50,26,3,1,0,12.4,44.23065,-123.16275,109
8/3/2021 22:00,26,3,1,0.482418151,12.4,44.23065,-123.16275,109
8/3/2021 22:10,26,3,1,0.241209076,12.4,44.23065,-123.16275,109
8/3/2021 22:20,26,3,1,0,12.4,44.23065,-123.16275,109
8/3/2021 22:30,26,3,1,0.230940108,12.4,44.23065,-123.16275,108
8/3/2021 22:40,26,3,1,0,12.4,44.23065,-123.16275,108
8/3/2021 22:50,26,3,1,0.230940108,13.2,44.23065,-123.16275,108
8/3/2021 23:00,26,3,1,0.230940108,13.2,44.23065,-123.16275,108
8/3/2021 23:10,26,3,1,0,12.4,44.23065,-123.16275,108
8/3/2021 23:20,26,3,1,0.341121146,12.4,44.23065,-123.16275,108
8/3/2021 23:30,26,3,1,0.241209076,12.4,44.23065,-123.16275,108
8/3/2021 23:40,26,3,1,0.323615934,12.4,44.23065,-123.16275,108
8/3/2021 23:50,26,3,1,0.241209076,13.2,44.23065,-123.16275,109
8/4/2021 0:00,26,3,1,0.341121146,12.4,44.23065,-123.16275,108
8/4/2021 0:10,26,3,1,0.230940108,12.4,44.23065,-123.16275,108
8/4/2021 0:20,26,3,1,0,12.4,44.23065,-123.16275,108
8/4/2021 0:30,26,3,1,0.341121146,11.6,44.23065,-123.16275,108
8/4/2021 0:40,26,3,1,0.311399578,13.2,44.23065,-123.16275,108
8/4/2021 0:50,26,3,1,0.341121146,12.4,44.23065,-123.16275,109
8/4/2021 1:00,26,3,1,0.230940108,12.4,44.23065,-123.16275,108
8/4/2021 1:10,26,3,1,0,12.4,44.23065,-123.16275,109
8/4/2021 1:20,26,3,1,0,12.4,44.23065,-123.16275,108
8/4/2021 1:30,26,3,1,0,12.4,44.23065,-123.16275,108
8/4/2021 1:40,26,3,1,0,12.4,44.23065,-123.16275,109
8/4/2021 1:50,26,3,1,0.323615934,12.4,44.23065,-123.16275,108
8/4/2021 2:00,26,3,1,0.230940108,12.4,44.23065,-123.16275,108
8/4/2021 2:10,26,3,1,0.311399578,13.2,44.23065,-123.16275,109
8/4/2021 2:20,26,3,1,0,12.4,44.23065,-123.16275,109
8/4/2021 2:30,26,3,1,0.230940108,12.4,44.23065,-123.16275,109
8/4/2021 2:40,26,3,1,0.230940108,12.4,44.23065,-123.16275,108
8/4/2021 2:50,26,3,1,0,12.4,44.23065,-123.16275,109
8/4/2021 3:00,26,3,1,0,12.4,44.23065,-123.16275,109
8/4/2021 3:10,26,3,1,0.230940108,12.4,44.23065,-123.16275,109
8/4/2021 3:20,26,3,1,0.341121146,13.2,44.23065,-123.16275,109
8/4/2021 3:30,26,3,1,0.341121146,12.4,44.23065,-123.16275,109
8/4/2021 3:40,26,3,1,0,12.4,44.23065,-123.16275,109
8/4/2021 3:50,26,3,1,0,12.4,44.23065,-123.16275,109
8/4/2021 4:00,26,3,1,0.311399578,12.4,44.23065,-123.16275,109
8/4/2021 4:10,26,3,1,0.311399578,12.4,44.23065,-123.16275,108
8/4/2021 4:20,26,3,1,0,12.4,44.23065,-123.16275,108
8/4/2021 4:30,26,3,1,0.230940108,12.4,44.23065,-123.16275,108
8/4/2021 4:40,26,3,1,0,12.4,44.23065,-123.16275,109
8/4/2021 4:50,26,3,1,0.311399578,12.4,44.23065,-123.16275,108
8/4/2021 5:00,26,3,1,0.230940108,12.4,44.23065,-123.16275,109
8/4/2021 5:10,26,3,1,0,12.4,44.23065,-123.16275,108
8/4/2021 5:20,26,3,1,0.341121146,12.4,44.23065,-123.16275,109
8/4/2021 5:30,26,3,1,0,12.4,44.23065,-123.16275,109
8/4/2021 5:40,26,3,1,0,12.4,44.23065,-123.16275,108
8/4/2021 5:50,26,3,1,0.230940108,12.4,44.23065,-123.16275,108
8/4/2021 6:00,26,3,1,0.230940108,12.4,44.23065,-123.16275,108
8/4/2021 6:10,26,3,1,0.461880215,12.4,44.23065,-123.16275,107
8/4/2021 6:20,26,3,1,0.230940108,12.4,44.23065,-123.16275,108
8/4/2021 6:30,26,3,1,0.311399578,12.4,44.23065,-123.16275,108
8/4/2021 6:40,26,3,1,0,12.4,44.23065,-123.16275,108
8/4/2021 6:50,26,3,1,0.311399578,12.4,44.23065,-123.16275,109
8/4/2021 7:00,26,3,1,0.361813613,12.4,44.23065,-123.16275,109
8/4/2021 7:10,26,3,1,0.230940108,12.4,44.23065,-123.16275,109
8/4/2021 7:20,26,3,1,0,12.4,44.23065,-123.16275,109
8/4/2021 7:30,26,3,1,0.41194292,12.4,44.23065,-123.16275,110
8/4/2021 7:40,26,3,1,0.241209076,12.4,44.23065,-123.16275,113
8/4/2021 7:50,26,3,1,0.357770876,12.4,44.23065,-123.16275,111
8/4/2021 8:00,26,3,1,0,12.4,44.23065,-123.16275,111
8/4/2021 8:10,26,3,1,0.230940108,12.4,44.23065,-123.16275,112
8/4/2021 8:20,26,3,1,0.230940108,12.4,44.23065,-123.16275,112
8/4/2021 8:30,26,3,1,0,12.4,44.23065,-123.16275,111
8/4/2021 8:40,26,3,1,0.311399578,12.4,44.23065,-123.16275,114
8/4/2021 8:50,26,3,1,0.41194292,12.4,44.23065,-123.16275,112
8/4/2021 9:00,26,3,1,0.361813613,12.4,44.23065,-123.16275,109
8/4/2021 9:10,26,3,1,0.230940108,12.4,44.23065,-123.16275,111
8/4/2021 9:20,26,3,1,0.230940108,13.2,44.23065,-123.16275,112
8/4/2021 9:30,26,3,1,0.311399578,13.2,44.23065,-123.16275,113
8/4/2021 9:40,26,3,1,0.361813613,12.4,44.23065,-123.16275,110
8/4/2021 9:50,26,3,1,0,13.2,44.23065,-123.16275,111
8/4/2021 10:00,26,3,1,0.341121146,13.2,44.23065,-123.16275,113
8/4/2021 10:10,26,3,1,0,13.2,44.23065,-123.16275,112
8/4/2021 10:20,26,3,1,0.230940108,13.2,44.23065,-123.16275,111
8/4/2021 10:30,26,3,1,0.230940108,13.2,44.23065,-123.16275,109
8/4/2021 10:40,26,3,1,0.341121146,13.2,44.23065,-123.16275,111
8/4/2021 10:50,26,3,1,0.230940108,13.2,44.23065,-123.16275,110
8/4/2021 11:00,26,3,1,0.311399578,14,44.23065,-123.16275,108
8/4/2021 11:10,26,3,1,0.341121146,13.2,44.23065,-123.16275,109
8/4/2021 11:20,26,3,1,0.311399578,13.2,44.23065,-123.16275,108
8/4/2021 11:30,26,3,1,0.41194292,13.2,44.23065,-123.16275,109
8/4/2021 11:40,26,3,1,0.230940108,13.2,44.23065,-123.16275,106
8/4/2021 11:50,26,3,1,0.311399578,13.2,44.23065,-123.16275,108
8/4/2021 12:00,26,3,1,0,13.2,44.23065,-123.16275,104
8/4/2021 12:10,26,3,1,0.361813613,12.4,44.23065,-123.16275,107
8/4/2021 12:20,26,3,1,0,12.4,44.23065,-123.16275,107
8/4/2021 12:30,26,3,1,0.41194292,12.4,44.23065,-123.16275,104
8/4/2021 12:40,26,3,1,0.252982213,12.4,44.23065,-123.16275,106
8/4/2021 12:50,26,3,1,0.41194292,13.2,44.23065,-123.16275,107
8/4/2021 13:00,26,3,1,0.230940108,12.4,44.23065,-123.16275,104
8/4/2021 13:10,26,3,1,0.230940108,12.4,44.23065,-123.16275,105
8/4/2021 13:20,26,3,1,0.311399578,12.4,44.23065,-123.16275,107
8/4/2021 13:30,26,3,1,0.230940108,12.4,44.23065,-123.16275,108
8/4/2021 13:40,26,3,1,0,12.4,44.23065,-123.16275,106
8/4/2021 13:50,26,3,1,0.341121146,12.4,44.23065,-123.16275,106
8/4/2021 14:00,26,3,1,0,12.4,44.23065,-123.16275,107
8/4/2021 14:10,26,3,1,0.323615934,11.6,44.23065,-123.16275,105
8/4/2021 14:20,26,3,1,0.241209076,12.4,44.23065,-123.16275,109
8/4/2021 14:30,26,3,1,0,12.4,44.23065,-123.16275,108
8/4/2021 14:40,26,3,1,0.311399578,12.4,44.23065,-123.16275,106
8/4/2021 14:50,26,3,1,0.341121146,12.4,44.23065,-123.16275,108
8/4/2021 15:00,26,3,1,0.461880215,12.4,44.23065,-123.16275,107
8/4/2021 15:10,26,3,1,0.341121146,13.2,44.23065,-123.16275,106
8/4/2021 15:20,26,3,1,0.230940108,12.4,44.23065,-123.16275,111
8/4/2021 15:30,26,3,1,0.311399578,12.4,44.23065,-123.16275,108
8/4/2021 15:40,26,3,1,0.311399578,12.4,44.23065,-123.16275,112
8/4/2021 15:50,26,3,1,0.341121146,12.4,44.23065,-123.16275,108
8/4/2021 16:00,26,3,1,0.241209076,12.4,44.23065,-123.16275,110
8/4/2021 16:10,26,3,1,0,12.4,44.23065,-123.16275,107
8/4/2021 16:20,26,3,1,0.241209076,12.4,44.23065,-123.16275,106
8/4/2021 16:30,26,3,1,0.393892771,12.4,44.23065,-123.16275,107
8/4/2021 16:40,26,3,1,0.311399578,12.4,44.23065,-123.16275,107
8/4/2021 16:50,26,3,1,0.311399578,12.4,44.23065,-123.16275,106
8/4/2021 17:00,26,3,1,0.230940108,12.4,44.23065,-123.16275,109
8/4/2021 17:10,26,3,1,0,12.4,44.23065,-123.16275,110
8/4/2021 17:20,26,3,1,0.241209076,12.4,44.23065,-123.16275,109
8/4/2021 17:30,26,3,1,0,12.4,44.23065,-123.16275,107
8/4/2021 17:40,26,3,1,0.323615934,12.4,44.23065,-123.16275,107
8/4/2021 17:50,26,3,1,0,12.4,44.23065,-123.16275,106
8/4/2021 18:00,26,3,1,0.230940108,12.4,44.23065,-123.16275,103
8/4/2021 18:10,26,3,1,0.361813613,12.4,44.23065,-123.16275,104
8/4/2021 18:20,26,3,1,0,12.4,44.23065,-123.16275,105
8/4/2021 18:30,26,3,1,0.241209076,12.4,44.23065,-123.16275,103
8/4/2021 18:40,26,3,1,0,12.4,44.23065,-123.16275,101
8/4/2021 18:50,26,3,1,0.311399578,12.4,44.23065,-123.16275,101
8/4/2021 19:00,26,3,1,0.230940108,12.4,44.23065,-123.16275,101
8/4/2021 19:10,26,3,1,0,12.4,44.23065,-123.16275,101
8/4/2021 19:20,26,3,1,0.341121146,12.4,44.23065,-123.16275,101
8/4/2021 19:30,26,3,1,0.41194292,12.4,44.23065,-123.16275,101
8/4/2021 19:40,26,3,1,0,12.4,44.23065,-123.16275,101
8/4/2021 19:50,26,3,1,0.230940108,12.4,44.23065,-123.16275,102
8/4/2021 20:00,26,3,1,0.311399578,12.4,44.23065,-123.16275,101
8/4/2021 20:10,26,3,1,0.230940108,12.4,44.23065,-123.16275,103
8/4/2021 20:20,26,3,1,0.230940108,12.4,44.23065,-123.16275,103
8/4/2021 20:30,26,3,1,0.341121146,12.4,44.23065,-123.16275,102
8/4/2021 20:40,26,3,1,0.230940108,12.4,44.23065,-123.16275,103
8/4/2021 20:50,26,3,1,0,12.4,44.23065,-123.16275,103
8/4/2021 21:00,26,3,1,0.230940108,12.4,44.23065,-123.16275,103
8/4/2021 21:10,26,3,1,0.230940108,12.4,44.23065,-123.16275,104
8/4/2021 21:20,26,3,1,0.311399578,12.4,44.23065,-123.16275,103
8/4/2021 21:30,26,3,1,0.230940108,13.2,44.23065,-123.16275,104
8/4/2021 21:40,26,3,1,0.341121146,12.4,44.23065,-123.16275,103
8/4/2021 21:50,26,3,1,0,12.4,44.23065,-123.16275,103
8/4/2021 22:00,26,3,1,0.311399578,12.4,44.23065,-123.16275,104
8/4/2021 22:10,26,3,1,0,12.4,44.23065,-123.16275,104
8/4/2021 22:20,26,3,1,0.341121146,12.4,44.23065,-123.16275,104
8/4/2021 22:30,26,3,1,0,12.4,44.23065,-123.16275,103
8/4/2021 22:40,26,3,1,0,12.4,44.23065,-123.16275,104
8/4/2021 22:50,26,3,1,0.230940108,12.4,44.23065,-123.16275,105
8/4/2021 23:00,26,3,1,0.230940108,12.4,44.23065,-123.16275,105
8/4/2021 23:10,26,3,1,0.241209076,12.4,44.23065,-123.16275,104
8/4/2021 23:20,26,3,1,0.337309617,12.4,44.23065,-123.16275,104
8/4/2021 23:30,26,3,1,0.341121146,12.4,44.23065,-123.16275,105
8/4/2021 23:40,26,3,1,0,12.4,44.23065,-123.16275,104
8/4/2021 23:50,26,3,1,0.341121146,12.4,44.23065,-123.16275,105
8/5/2021 0:00,26,3,1,0.482418151,12.4,44.23065,-123.16275,105
8/5/2021 0:10,26,3,1,0.341121146,12.4,44.23065,-123.16275,106
8/5/2021 0:20,26,3,1,0,12.4,44.23065,-123.16275,106
8/5/2021 0:30,26,3,1,0,12.4,44.23065,-123.16275,106
8/5/2021 0:40,26,3,1,0,12.4,44.23065,-123.16275,106
8/5/2021 0:50,26,3,1,0.230940108,12.4,44.23065,-123.16275,106
8/5/2021 1:00,26,3,1,0.497265248,12.4,44.23065,-123.16275,106
8/5/2021 1:10,26,3,1,0,12.4,44.23065,-123.16275,106
8/5/2021 1:20,26,3,1,0,12.4,44.23065,-123.16275,106
8/5/2021 1:30,26,3,1,0,12.4,44.23065,-123.16275,107
8/5/2021 1:40,26,3,1,0,12.4,44.23065,-123.16275,107
8/5/2021 1:50,26,3,1,0,12.4,44.23065,-123.16275,107
8/5/2021 2:00,26,3,1,0.443760157,12.4,44.23065,-123.16275,107
8/5/2021 2:10,26,3,1,0,12.4,44.23065,-123.16275,107
8/5/2021 2:20,26,3,1,0.41194292,13.2,44.23065,-123.16275,109
8/5/2021 2:30,26,3,1,0,12.4,44.23065,-123.16275,107
8/5/2021 2:40,26,3,1,0.341121146,12.4,44.23065,-123.16275,107
8/5/2021 2:50,26,3,1,0.311399578,13.2,44.23065,-123.16275,107
8/5/2021 3:00,26,3,1,0,12.4,44.23065,-123.16275,107
8/5/2021 3:10,26,3,1,0.230940108,12.4,44.23065,-123.16275,107
8/5/2021 3:20,26,3,1,0.230940108,12.4,44.23065,-123.16275,107
8/5/2021 3:30,26,3,1,0.241209076,12.4,44.23065,-123.16275,107
8/5/2021 3:40,26,3,1,0.311399578,12.4,44.23065,-123.16275,107
8/5/2021 3:50,26,3,1,0.230940108,12.4,44.23065,-123.16275,107
8/5/2021 4:00,26,3,1,0,12.4,44.23065,-123.16275,107
8/5/2021 4:10,26,3,1,0,12.4,44.23065,-123.16275,107
8/5/2021 4:20,26,3,1,0.311399578,12.4,44.23065,-123.16275,108
8/5/2021 4:30,26,3,1,0,12.4,44.23065,-123.16275,107
8/5/2021 4:40,26,3,1,0.505964426,12.4,44.23065,-123.16275,107
8/5/2021 4:50,26,3,1,0,12.4,44.23065,-123.16275,107
8/5/2021 5:00,26,3,1,0.230940108,12.4,44.23065,-123.16275,107
8/5/2021 5:10,26,3,1,0.230940108,12.4,44.23065,-123.16275,108
8/5/2021 5:20,26,3,1,0.230940108,12.4,44.23065,-123.16275,107
8/5/2021 5:30,26,3,1,0.230940108,13.2,44.23065,-123.16275,108
8/5/2021 5:40,26,3,1,0.341121146,12.4,44.23065,-123.16275,107
8/5/2021 5:50,26,3,1,0.361813613,12.4,44.23065,-123.16275,108
8/5/2021 6:00,26,3,1,0.41194292,11.6,44.23065,-123.16275,108
8/5/2021 6:10,26,3,1,0.311399578,11.6,44.23065,-123.16275,107
8/5/2021 6:20,26,3,1,0.361813613,11.6,44.23065,-123.16275,108
8/5/2021 6:30,26,3,1,0.417786374,12.4,44.23065,-123.16275,108
8/5/2021 6:40,26,3,1,0.56051924,13.2,44.23065,-123.16275,108
8/5/2021 6:50,26,3,1,0,12.4,44.23065,-123.16275,108
8/5/2021 7:00,26,3,1,0.230940108,12.4,44.23065,-123.16275,107
8/5/2021 7:10,26,3,1,0.230940108,12.4,44.23065,-123.16275,108
8/5/2021 7:20,26,3,1,0.311399578,12.4,44.23065,-123.16275,108
8/5/2021 7:30,26,3,1,0.41194292,13.2,44.23065,-123.16275,108
8/5/2021 7:40,26,3,1,0,12.4,44.23065,-123.16275,108
8/5/2021 7:50,26,3,1,0.230940108,12.4,44.23065,-123.16275,108
8/5/2021 8:00,26,3,1,0,12.4,44.23065,-123.16275,108
8/5/2021 8:10,26,3,1,0.311399578,13.2,44.23065,-123.16275,108
8/5/2021 8:20,26,3,1,0.230940108,12.4,44.23065,-123.16275,108
8/5/2021 8:30,26,3,1,0,12.4,44.23065,-123.16275,108
8/5/2021 8:40,26,3,1,0.311399578,12.4,44.23065,-123.16275,108
8/5/2021 8:50,26,3,1,0,12.4,44.23065,-123.16275,108
8/5/2021 9:00,26,3,1,0.252982213,12.4,44.23065,-123.16275,108
8/5/2021 9:10,26,3,1,0.357770876,12.4,44.23065,-123.16275,108
8/5/2021 9:20,26,3,1,0,12.4,44.23065,-123.16275,108
8/5/2021 9:30,26,3,1,0.341121146,12.4,44.23065,-123.16275,109
8/5/2021 9:40,26,3,1,0.311399578,12.4,44.23065,-123.16275,108
8/5/2021 9:50,26,3,1,0.230940108,12.4,44.23065,-123.16275,108
8/5/2021 10:00,26,3,1,0.461880215,12.4,44.23065,-123.16275,108
8/5/2021 10:10,26,3,1,0,12.4,44.23065,-123.16275,107
8/5/2021 10:20,26,3,1,0.230940108,12.4,44.23065,-123.16275,108
8/5/2021 10:30,26,3,1,0.311399578,12.4,44.23065,-123.16275,107
8/5/2021 10:40,26,3,1,0,12.4,44.23065,-123.16275,107
8/5/2021 10:50,26,3,1,0.230940108,12.4,44.23065,-123.16275,107
8/5/2021 11:00,26,3,1,0.230940108,12.4,44.23065,-123.16275,108
8/5/2021 11:10,26,3,1,0.311399578,13.2,44.23065,-123.16275,107
8/5/2021 11:20,26,3,1,0.311399578,12.4,44.23065,-123.16275,107
8/5/2021 11:30,26,3,1,0.230940108,12.4,44.23065,-123.16275,107
8/5/2021 11:40,26,3,1,0,12.4,44.23065,-123.16275,107
8/5/2021 11:50,26,3,1,0.311399578,12.4,44.23065,-123.16275,108
8/5/2021 12:00,26,3,1,0.230940108,12.4,44.23065,-123.16275,108
8/5/2021 12:10,26,3,1,0.311399578,12.4,44.23065,-123.16275,108
8/5/2021 12:20,26,3,1,0.341121146,12.4,44.23065,-123.16275,107
8/5/2021 12:30,26,3,1,0.230940108,12.4,44.23065,-123.16275,107
8/5/2021 12:40,26,3,1,0.461880215,12.4,44.23065,-123.16275,107
8/5/2021 12:50,26,3,1,0.482418151,12.4,44.23065,-123.16275,107
8/5/2021 13:00,26,3,1,0.230940108,12.4,44.23065,-123.16275,106
8/5/2021 13:10,26,3,1,0.311399578,12.4,44.23065,-123.16275,106
8/5/2021 13:20,26,3,1,0,12.4,44.23065,-123.16275,107
8/5/2021 13:30,26,3,1,0.230940108,12.4,44.23065,-123.16275,107
8/5/2021 13:40,26,3,1,0.241209076,12.4,44.23065,-123.16275,107
8/5/2021 13:50,26,3,1,0.341121146,12.4,44.23065,-123.16275,107
8/5/2021 14:00,26,3,1,0.311399578,12.4,44.23065,-123.16275,105
8/5/2021 14:10,26,3,1,0.361813613,13.2,44.23065,-123.16275,106
8/5/2021 14:20,26,3,1,0.41194292,12.4,44.23065,-123.16275,106
8/5/2021 14:30,26,3,1,0.230940108,12.4,44.23065,-123.16275,106
8/5/2021 14:40,26,3,1,0,12.4,44.23065,-123.16275,105
8/5/2021 14:50,26,3,1,0,12.4,44.23065,-123.16275,105
8/5/2021 15:00,26,3,1,0,12.4,44.23065,-123.16275,105
8/5/2021 15:10,26,3,1,0.230940108,12.4,44.23065,-123.16275,107
8/5/2021 15:20,26,3,1,0.230940108,12.4,44.23065,-123.16275,107
8/5/2021 15:30,26,3,1,0.311399578,12.4,44.23065,-123.16275,107
8/5/2021 15:40,26,3,1,0.341121146,12.4,44.23065,-123.16275,106
8/5/2021 15:50,26,3,1,0.230940108,12.4,44.23065,-123.16275,107
8/5/2021 16:00,26,3,1,0.41194292,12.4,44.23065,-123.16275,107
8/5/2021 16:10,26,3,1,0.230940108,12.4,44.23065,-123.16275,107
8/5/2021 16:20,26,3,1,0.41194292,12.4,44.23065,-123.16275,106
8/5/2021 16:30,26,3,1,0,12.4,44.23065,-123.16275,107
8/5/2021 16:40,26,3,1,0.230940108,12.4,44.23065,-123.16275,108
8/5/2021 16:50,26,3,1,0.341121146,12.4,44.23065,-123.16275,108
8/5/2021 17:00,26,3,1,0,12.4,44.23065,-123.16275,107
8/5/2021 17:10,26,3,1,0.341121146,13.2,44.23065,-123.16275,108
8/5/2021 17:20,26,3,1,0.230940108,12.4,44.23065,-123.16275,107
8/5/2021 17:30,26,3,1,0.230940108,13.2,44.23065,-123.16275,108
8/5/2021 17:40,26,3,1,0.230940108,12.4,44.23065,-123.16275,107
8/5/2021 17:50,26,3,1,0.230940108,12.4,44.23065,-123.16275,108
8/5/2021 18:00,26,3,1,0.230940108,12.4,44.23065,-123.16275,107
8/5/2021 18:10,26,3,1,0,12.4,44.23065,-123.16275,108
8/5/2021 18:20,26,3,1,0.497265248,12.4,44.23065,-123.16275,109
8/5/2021 18:30,26,3,1,0,12.4,44.23065,-123.16275,108
8/5/2021 18:40,26,3,1,0.41194292,12.4,44.23065,-123.16275,108
8/5/2021 18:50,26,3,1,0.230940108,12.4,44.23065,-123.16275,107
8/5/2021 19:00,26,3,1,0,12.4,44.23065,-123.16275,106
8/5/2021 19:10,26,3,1,0,12.4,44.23065,-123.16275,107
8/5/2021 19:20,26,3,1,0.241209076,12.4,44.23065,-123.16275,106
8/5/2021 19:30,26,3,1,0.230940108,12.4,44.23065,-123.16275,106
8/5/2021 19:40,26,3,1,0,12.4,44.23065,-123.16275,106
8/5/2021 19:50,26,3,1,0,12.4,44.23065,-123.16275,105
8/5/2021 20:00,26,3,1,0.230940108,12.4,44.23065,-123.16275,105
8/5/2021 20:10,26,3,1,0.41194292,12.4,44.23065,-123.16275,105
8/5/2021 20:20,26,3,1,0,12.4,44.23065,-123.16275,106
8/5/2021 20:30,26,3,1,0.230940108,12.4,44.23065,-123.16275,107
8/5/2021 20:40,26,3,1,NA,12.4,44.23065,-123.16275,106
8/5/2021 20:50,26,3,1,0.357770876,11.6,44.23065,-123.16275,106
8/5/2021 21:30,26,3,1,0.361813613,12.4,44.23065,-123.16275,108
8/5/2021 21:40,26,3,1,0.311399578,12.4,44.23065,-123.16275,107
8/5/2021 21:50,26,3,1,0.341121146,13.2,44.23065,-123.16275,107
8/5/2021 22:00,26,3,1,0.361813613,12.4,44.23065,-123.16275,108
8/5/2021 22:10,26,3,1,0.341121146,11.6,44.23065,-123.16275,107
8/5/2021 22:20,26,3,1,0.230940108,12.4,44.23065,-123.16275,108
8/5/2021 22:30,26,3,1,0,11.6,44.23065,-123.16275,107
8/5/2021 22:40,26,3,1,0.230940108,11.6,44.23065,-123.16275,108
8/5/2021 22:50,26,3,1,0.230940108,11.6,44.23065,-123.16275,108
8/5/2021 23:00,26,3,1,0.230940108,11.6,44.23065,-123.16275,108
8/5/2021 23:10,26,3,1,0.311399578,11.6,44.23065,-123.16275,107
8/5/2021 23:20,26,3,1,0.241209076,12.4,44.23065,-123.16275,108
8/5/2021 23:30,26,3,1,0.241209076,11.6,44.23065,-123.16275,108
8/5/2021 23:40,26,3,1,0.266666667,11.6,44.23065,-123.16275,107
8/5/2021 23:50,26,3,1,0,11.6,44.23065,-123.16275,107
8/6/2021 0:00,26,3,1,0.461880215,11.6,44.23065,-123.16275,107
8/6/2021 0:10,26,3,1,0.41194292,12.4,44.23065,-123.16275,108
8/6/2021 0:20,26,3,1,0.311399578,11.6,44.23065,-123.16275,109
8/6/2021 0:30,26,3,1,0,11.6,44.23065,-123.16275,109
8/6/2021 0:40,26,3,1,0,11.6,44.23065,-123.16275,109
8/6/2021 0:50,26,3,1,0.230940108,11.6,44.23065,-123.16275,109
8/6/2021 1:00,26,3,1,0.230940108,11.6,44.23065,-123.16275,109
8/6/2021 1:10,26,3,1,0.241209076,11.6,44.23065,-123.16275,109
8/6/2021 1:20,26,3,1,0.230940108,11.6,44.23065,-123.16275,109
8/6/2021 1:30,26,3,1,0.323615934,11.6,44.23065,-123.16275,109
8/6/2021 1:40,26,3,1,0.393892771,12.4,44.23065,-123.16275,109
8/6/2021 1:50,26,3,1,0.230940108,11.6,44.23065,-123.16275,109
8/6/2021 2:00,26,3,1,NA,11.6,44.23065,-123.16275,108
8/6/2021 2:10,26,3,1,0,11.6,44.23065,-123.16275,109
8/6/2021 2:20,26,3,1,0.341121146,11.6,44.23065,-123.16275,109
8/6/2021 2:30,26,3,1,0.357770876,11.6,44.23065,-123.16275,109
8/6/2021 2:40,26,3,1,0,11.6,44.23065,-123.16275,109
8/6/2021 2:50,26,3,1,0,11.6,44.23065,-123.16275,109
8/6/2021 3:00,26,3,1,0.230940108,11.6,44.23065,-123.16275,108
8/6/2021 3:10,26,3,1,0,11.6,44.23065,-123.16275,108
8/6/2021 3:20,26,3,1,0.311399578,11.6,44.23065,-123.16275,108
8/6/2021 3:30,26,3,1,0,11.6,44.23065,-123.16275,108
8/6/2021 3:40,26,3,1,0.341121146,11.6,44.23065,-123.16275,109
8/6/2021 3:50,26,3,1,0.326598632,11.6,44.23065,-123.16275,108
8/6/2021 4:00,26,3,1,0.311399578,11.6,44.23065,-123.16275,110
8/6/2021 4:10,26,3,1,0.427617987,13.2,44.23065,-123.16275,112
8/6/2021 4:20,26,3,1,0.230940108,11.6,44.23065,-123.16275,109
8/6/2021 4:30,26,3,1,0.241209076,11.6,44.23065,-123.16275,109
8/6/2021 4:40,26,3,1,0.282842712,11.6,44.23065,-123.16275,108
8/6/2021 4:50,26,3,1,0.241209076,11.6,44.23065,-123.16275,109
8/6/2021 5:00,26,3,1,0,11.6,44.23065,-123.16275,109
8/6/2021 5:10,26,3,1,0.230940108,11.6,44.23065,-123.16275,109
8/6/2021 5:20,26,3,1,0.311399578,11.6,44.23065,-123.16275,109
8/6/2021 5:30,26,3,1,0,11.6,44.23065,-123.16275,109
8/6/2021 5:40,26,3,1,0.230940108,11.6,44.23065,-123.16275,109
8/6/2021 5:50,26,3,1,0.311399578,11.6,44.23065,-123.16275,109
8/6/2021 6:00,26,3,1,0.482418151,12.4,44.23065,-123.16275,109
8/6/2021 6:10,26,3,1,0,11.6,44.23065,-123.16275,109
8/6/2021 6:20,26,3,1,0.361813613,11.6,44.23065,-123.16275,108
8/6/2021 6:30,26,3,1,0.341121146,11.6,44.23065,-123.16275,109
8/6/2021 6:40,26,3,1,0.461880215,12.4,44.23065,-123.16275,109
8/6/2021 6:50,26,3,1,0.534846339,12.4,44.23065,-123.16275,109
8/6/2021 7:00,26,3,1,0.230940108,11.6,44.23065,-123.16275,109
8/6/2021 7:10,26,3,1,0.230940108,11.6,44.23065,-123.16275,109
8/6/2021 7:20,26,3,1,0.41194292,11.6,44.23065,-123.16275,109
8/6/2021 7:30,26,3,1,0.341121146,10.8,44.23065,-123.16275,109
8/6/2021 7:40,26,3,1,0,11.6,44.23065,-123.16275,109
8/6/2021 7:50,26,3,1,0,11.6,44.23065,-123.16275,109
8/6/2021 8:00,26,3,1,0,12.4,44.23065,-123.16275,109
8/6/2021 8:10,26,3,1,0.230940108,12.4,44.23065,-123.16275,108
8/6/2021 8:20,26,3,1,0.230940108,12.4,44.23065,-123.16275,108
8/6/2021 8:30,26,3,1,0.230940108,12.4,44.23065,-123.16275,108
8/6/2021 8:40,26,3,1,0.230940108,13.2,44.23065,-123.16275,108
8/6/2021 8:50,26,3,1,0.230940108,12.4,44.23065,-123.16275,109
8/6/2021 9:00,26,3,1,0.241209076,12.4,44.23065,-123.16275,108
8/6/2021 9:10,26,3,1,0.361813613,13.2,44.23065,-123.16275,109
8/6/2021 9:20,26,3,1,0.252982213,12.4,44.23065,-123.16275,109
8/6/2021 9:30,26,3,1,0,12.4,44.23065,-123.16275,109
8/6/2021 9:40,26,3,1,0,12.4,44.23065,-123.16275,109
8/6/2021 9:50,26,3,1,0,12.4,44.23065,-123.16275,108
8/6/2021 10:00,26,3,1,0.230940108,12.4,44.23065,-123.16275,108
8/6/2021 10:10,26,3,1,0,13.2,44.23065,-123.16275,108
8/6/2021 10:20,26,3,1,0.230940108,13.2,44.23065,-123.16275,109
8/6/2021 10:30,26,3,1,0.311399578,13.2,44.23065,-123.16275,108
8/6/2021 10:40,26,3,1,0.311399578,14,44.23065,-123.16275,109
8/6/2021 10:50,26,3,1,0.311399578,14,44.23065,-123.16275,108
8/6/2021 11:00,26,3,1,0,13.2,44.23065,-123.16275,107
8/6/2021 11:10,26,3,1,0.311399578,13.2,44.23065,-123.16275,107
8/6/2021 11:20,26,3,1,0.311399578,13.2,44.23065,-123.16275,108
8/6/2021 11:30,26,3,1,0.241209076,13.2,44.23065,-123.16275,108
8/6/2021 11:40,26,3,1,0.482418151,14.8,44.23065,-123.16275,108
8/6/2021 11:50,26,3,1,0.323615934,14,44.23065,-123.16275,107
8/6/2021 12:00,26,3,1,0.341121146,14,44.23065,-123.16275,108
8/6/2021 12:10,26,3,1,0.311399578,14.8,44.23065,-123.16275,108
8/6/2021 12:20,26,3,1,0.230940108,14,44.23065,-123.16275,107
8/6/2021 12:30,26,3,1,0.341121146,13.2,44.23065,-123.16275,106
8/6/2021 12:40,26,3,1,0.230940108,14,44.23065,-123.16275,107
8/6/2021 12:50,26,3,1,0.341121146,14,44.23065,-123.16275,107
8/6/2021 13:00,26,3,1,0,14,44.23065,-123.16275,108
8/6/2021 13:10,26,3,1,0.311399578,14,44.23065,-123.16275,108
8/6/2021 13:20,26,3,1,0.341121146,14,44.23065,-123.16275,108
8/6/2021 13:30,26,3,1,0.361813613,14,44.23065,-123.16275,107
8/6/2021 13:40,26,3,1,0.230940108,14,44.23065,-123.16275,107
8/6/2021 13:50,26,3,1,0.311399578,13.2,44.23065,-123.16275,106
8/6/2021 14:00,26,3,1,0,13.2,44.23065,-123.16275,108
8/6/2021 14:10,26,3,1,0,13.2,44.23065,-123.16275,106
8/6/2021 14:20,26,3,1,0.241209076,13.2,44.23065,-123.16275,106
8/6/2021 14:30,26,3,1,0.311399578,13.2,44.23065,-123.16275,105
8/6/2021 14:40,26,3,1,0,13.2,44.23065,-123.16275,105
8/6/2021 14:50,26,3,1,0.230940108,12.4,44.23065,-123.16275,105
8/6/2021 15:00,26,3,1,0,12.4,44.23065,-123.16275,105
8/6/2021 15:10,26,3,1,0.311399578,12.4,44.23065,-123.16275,105
8/6/2021 15:20,26,3,1,0.461880215,13.2,44.23065,-123.16275,105
8/6/2021 15:30,26,3,1,0.241209076,13.2,44.23065,-123.16275,106
8/6/2021 15:40,26,3,1,0,12.4,44.23065,-123.16275,105
8/6/2021 15:50,26,3,1,0.230940108,12.4,44.23065,-123.16275,105
8/6/2021 16:00,26,3,1,0.341121146,12.4,44.23065,-123.16275,105
8/6/2021 16:10,26,3,1,0,12.4,44.23065,-123.16275,104
8/6/2021 16:20,26,3,1,0.230940108,12.4,44.23065,-123.16275,104
8/6/2021 16:30,26,3,1,0.230940108,12.4,44.23065,-123.16275,103
8/6/2021 16:40,26,3,1,0.230940108,12.4,44.23065,-123.16275,102
8/6/2021 16:50,26,3,1,0.230940108,12.4,44.23065,-123.16275,102
8/6/2021 17:00,26,3,1,0.41194292,12.4,44.23065,-123.16275,102
8/6/2021 17:10,26,3,1,0.230940108,12.4,44.23065,-123.16275,102
8/6/2021 17:20,26,3,1,0.311399578,13.2,44.23065,-123.16275,101
8/6/2021 17:30,26,3,1,0.341121146,12.4,44.23065,-123.16275,102
8/6/2021 17:40,26,3,1,0.341121146,12.4,44.23065,-123.16275,101
8/6/2021 17:50,26,3,1,0.461880215,12.4,44.23065,-123.16275,102
8/6/2021 18:00,26,3,1,0,12.4,44.23065,-123.16275,101
8/6/2021 18:10,26,3,1,0.41194292,13.2,44.23065,-123.16275,103
8/6/2021 18:20,26,3,1,0.41194292,12.4,44.23065,-123.16275,102
8/6/2021 18:30,26,3,1,0,12.4,44.23065,-123.16275,103
8/6/2021 18:40,26,3,1,0.230940108,12.4,44.23065,-123.16275,105
8/6/2021 18:50,26,3,1,0.230940108,12.4,44.23065,-123.16275,107
8/6/2021 19:00,26,3,1,0,12.4,44.23065,-123.16275,109
8/6/2021 19:10,26,3,1,0,12.4,44.23065,-123.16275,110
8/6/2021 19:20,26,3,1,0.252982213,12.4,44.23065,-123.16275,107
8/6/2021 19:30,26,3,1,0.341121146,12.4,44.23065,-123.16275,105
8/6/2021 19:40,26,3,1,0.230940108,12.4,44.23065,-123.16275,107
8/6/2021 19:50,26,3,1,0.241209076,12.4,44.23065,-123.16275,107
8/6/2021 20:00,26,3,1,0.230940108,12.4,44.23065,-123.16275,107
8/6/2021 20:10,26,3,1,0.230940108,12.4,44.23065,-123.16275,108
8/6/2021 20:20,26,3,1,0.41194292,13.2,44.23065,-123.16275,106
8/6/2021 20:30,26,3,1,0.41194292,12.4,44.23065,-123.16275,107
8/6/2021 20:40,26,3,1,0.230940108,12.4,44.23065,-123.16275,105
8/6/2021 20:50,26,3,1,0.230940108,12.4,44.23065,-123.16275,107
8/6/2021 21:00,26,3,1,0.230940108,12.4,44.23065,-123.16275,105
8/6/2021 21:10,26,3,1,0.230940108,12.4,44.23065,-123.16275,107
8/6/2021 21:20,26,3,1,0.230940108,12.4,44.23065,-123.16275,103
8/6/2021 21:30,26,3,1,0.361813613,12.4,44.23065,-123.16275,104
8/6/2021 21:40,26,3,1,0.230940108,12.4,44.23065,-123.16275,103
8/6/2021 21:50,26,3,1,0.230940108,12.4,44.23065,-123.16275,104
8/6/2021 22:00,26,3,1,0.230940108,12.4,44.23065,-123.16275,105
8/6/2021 22:10,26,3,1,0.41194292,13.2,44.23065,-123.16275,106
8/6/2021 22:20,26,3,1,0.230940108,12.4,44.23065,-123.16275,104
8/6/2021 22:30,26,3,1,0.230940108,12.4,44.23065,-123.16275,104
8/6/2021 22:40,26,3,1,0.311399578,12.4,44.23065,-123.16275,104
8/6/2021 22:50,26,3,1,0,12.4,44.23065,-123.16275,104
8/6/2021 23:00,26,3,1,0.41194292,12.4,44.23065,-123.16275,105
8/6/2021 23:10,26,3,1,0.341121146,12.4,44.23065,-123.16275,105
8/6/2021 23:20,26,3,1,0.230940108,12.4,44.23065,-123.16275,104
8/6/2021 23:30,26,3,1,0,12.4,44.23065,-123.16275,105
8/6/2021 23:40,26,3,1,0,12.4,44.23065,-123.16275,104
8/6/2021 23:50,26,3,1,0.230940108,12.4,44.23065,-123.16275,105
8/7/2021 0:00,26,3,1,0.241209076,12.4,44.23065,-123.16275,105
8/7/2021 0:10,26,3,1,0.311399578,12.4,44.23065,-123.16275,104
8/7/2021 0:20,26,3,1,0.311399578,12.4,44.23065,-123.16275,105
8/7/2021 0:30,26,3,1,0.252982213,12.4,44.23065,-123.16275,104
8/7/2021 0:40,26,3,1,0,12.4,44.23065,-123.16275,104
8/7/2021 0:50,26,3,1,0,12.4,44.23065,-123.16275,105
8/7/2021 1:00,26,3,1,0.341121146,12.4,44.23065,-123.16275,105
8/7/2021 1:10,26,3,1,0.230940108,12.4,44.23065,-123.16275,106
8/7/2021 1:20,26,3,1,0.311399578,12.4,44.23065,-123.16275,105
8/7/2021 1:30,26,3,1,0.311399578,12.4,44.23065,-123.16275,105
8/7/2021 1:40,26,3,1,0.341121146,12.4,44.23065,-123.16275,106
8/7/2021 1:50,26,3,1,0.41194292,12.4,44.23065,-123.16275,106
8/7/2021 2:00,26,3,1,0.230940108,12.4,44.23065,-123.16275,106
8/7/2021 2:10,26,3,1,0,12.4,44.23065,-123.16275,107
8/7/2021 2:20,26,3,1,0.241209076,12.4,44.23065,-123.16275,107
8/7/2021 2:30,26,3,1,0.230940108,12.4,44.23065,-123.16275,107
8/7/2021 2:40,26,3,1,0,12.4,44.23065,-123.16275,107
8/7/2021 2:50,26,3,1,0.230940108,12.4,44.23065,-123.16275,107
8/7/2021 3:00,26,3,1,0,12.4,44.23065,-123.16275,106
8/7/2021 3:10,26,3,1,0.341121146,12.4,44.23065,-123.16275,107
8/7/2021 3:20,26,3,1,0.230940108,12.4,44.23065,-123.16275,105
8/7/2021 3:30,26,3,1,0,12.4,44.23065,-123.16275,106
8/7/2021 3:40,26,3,1,0.361813613,12.4,44.23065,-123.16275,106
8/7/2021 3:50,26,3,1,0.311399578,13.2,44.23065,-123.16275,106
8/7/2021 4:00,26,3,1,0,12.4,44.23065,-123.16275,105
8/7/2021 4:10,26,3,1,0.311399578,12.4,44.23065,-123.16275,106
8/7/2021 4:20,26,3,1,0,12.4,44.23065,-123.16275,106
8/7/2021 4:30,26,3,1,0.230940108,12.4,44.23065,-123.16275,105
8/7/2021 4:40,26,3,1,0.230940108,12.4,44.23065,-123.16275,106
8/7/2021 4:50,26,3,1,0,12.4,44.23065,-123.16275,105
8/7/2021 5:00,26,3,1,0.252982213,12.4,44.23065,-123.16275,106
8/7/2021 5:10,26,3,1,0.230940108,13.2,44.23065,-123.16275,106
8/7/2021 5:20,26,3,1,0.252982213,12.4,44.23065,-123.16275,107
8/7/2021 5:30,26,3,1,0.230940108,13.2,44.23065,-123.16275,107
8/7/2021 5:40,26,3,1,0.230940108,12.4,44.23065,-123.16275,107
8/7/2021 5:50,26,3,1,0.230940108,12.4,44.23065,-123.16275,107
8/7/2021 6:00,26,3,1,0.230940108,12.4,44.23065,-123.16275,108
8/7/2021 6:10,26,3,1,0.241209076,12.4,44.23065,-123.16275,108
8/7/2021 6:20,26,3,1,0.230940108,12.4,44.23065,-123.16275,108
8/7/2021 6:30,26,3,1,0.341121146,12.4,44.23065,-123.16275,108
8/7/2021 6:40,26,3,1,0,12.4,44.23065,-123.16275,108
8/7/2021 6:50,26,3,1,0,12.4,44.23065,-123.16275,109
8/7/2021 7:00,26,3,1,0.230940108,12.4,44.23065,-123.16275,109
8/7/2021 7:10,26,3,1,0.41194292,12.4,44.23065,-123.16275,109
8/7/2021 7:20,26,3,1,0.230940108,12.4,44.23065,-123.16275,108
8/7/2021 7:30,26,3,1,0.230940108,12.4,44.23065,-123.16275,109
8/7/2021 7:40,26,3,1,0.230940108,12.4,44.23065,-123.16275,108
8/7/2021 7:50,26,3,1,0,12.4,44.23065,-123.16275,108
8/7/2021 8:00,26,3,1,0.230940108,11.6,44.23065,-123.16275,108
8/7/2021 8:10,26,3,1,0.230940108,12.4,44.23065,-123.16275,108
8/7/2021 8:20,26,3,1,0,12.4,44.23065,-123.16275,108
8/7/2021 8:30,26,3,1,0.341121146,12.4,44.23065,-123.16275,107
8/7/2021 8:40,26,3,1,0.361813613,12.4,44.23065,-123.16275,108
8/7/2021 8:50,26,3,1,0,12.4,44.23065,-123.16275,107
8/7/2021 9:00,26,3,1,0.311399578,12.4,44.23065,-123.16275,107
8/7/2021 9:10,26,3,1,0.230940108,12.4,44.23065,-123.16275,106
8/7/2021 9:20,26,3,1,0.497265248,12.4,44.23065,-123.16275,107
8/7/2021 9:30,26,3,1,0.393892771,13.2,44.23065,-123.16275,106
8/7/2021 9:40,26,3,1,0.311399578,13.2,44.23065,-123.16275,107
8/7/2021 9:50,26,3,1,0.311399578,12.4,44.23065,-123.16275,106
8/7/2021 10:00,26,3,1,0,13.2,44.23065,-123.16275,107
8/7/2021 10:10,26,3,1,0.230940108,13.2,44.23065,-123.16275,107
8/7/2021 10:20,26,3,1,0.230940108,13.2,44.23065,-123.16275,105
8/7/2021 10:30,26,3,1,0.323615934,13.2,44.23065,-123.16275,104
8/7/2021 10:40,26,3,1,0,13.2,44.23065,-123.16275,105
8/7/2021 10:50,26,3,1,0.337309617,13.2,44.23065,-123.16275,106
8/7/2021 11:00,26,3,1,0.521071158,14,44.23065,-123.16275,106
8/7/2021 11:10,26,3,1,0.252982213,14,44.23065,-123.16275,106
8/7/2021 11:20,26,3,1,0,14,44.23065,-123.16275,106
8/7/2021 11:30,26,3,1,0.230940108,14,44.23065,-123.16275,105
8/7/2021 11:40,26,3,1,0.341121146,14,44.23065,-123.16275,104
8/7/2021 11:50,26,3,1,0,14,44.23065,-123.16275,104
8/7/2021 12:00,26,3,1,0,14,44.23065,-123.16275,103
8/7/2021 12:10,26,3,1,0,14,44.23065,-123.16275,105
8/7/2021 12:20,26,3,1,0.230940108,14,44.23065,-123.16275,105
8/7/2021 12:30,26,3,1,0.311399578,14,44.23065,-123.16275,105
8/7/2021 12:40,26,3,1,0.230940108,14,44.23065,-123.16275,105
8/7/2021 12:50,26,3,1,0.230940108,14,44.23065,-123.16275,103
8/7/2021 13:00,26,3,1,0.230940108,14,44.23065,-123.16275,103
8/7/2021 13:10,26,3,1,0.41194292,14,44.23065,-123.16275,103
8/7/2021 13:20,26,3,1,0.341121146,14,44.23065,-123.16275,104
8/7/2021 13:30,26,3,1,0,13.2,44.23065,-123.16275,104
8/7/2021 13:40,26,3,1,0,13.2,44.23065,-123.16275,104
8/7/2021 13:50,26,3,1,0.230940108,13.2,44.23065,-123.16275,103
8/7/2021 14:00,26,3,1,0,13.2,44.23065,-123.16275,103
8/7/2021 14:10,26,3,1,0.311399578,13.2,44.23065,-123.16275,103
8/7/2021 14:20,26,3,1,0.230940108,13.2,44.23065,-123.16275,102
8/7/2021 14:30,26,3,1,0,13.2,44.23065,-123.16275,103
8/7/2021 14:40,26,3,1,0.361813613,13.2,44.23065,-123.16275,104
8/7/2021 14:50,26,3,1,0,13.2,44.23065,-123.16275,104
8/7/2021 15:00,26,3,1,0.337309617,14,44.23065,-123.16275,103
8/7/2021 15:10,26,3,1,0.41194292,13.2,44.23065,-123.16275,102
8/7/2021 15:20,26,3,1,0.517335833,12.4,44.23065,-123.16275,102
8/7/2021 15:30,26,3,1,0.41194292,12.4,44.23065,-123.16275,102
8/7/2021 15:40,26,3,1,0,13.2,44.23065,-123.16275,102
8/7/2021 15:50,26,3,1,0.550041321,13.2,44.23065,-123.16275,102
8/7/2021 16:00,26,3,1,0,12.4,44.23065,-123.16275,102
8/7/2021 16:10,26,3,1,0.361813613,13.2,44.23065,-123.16275,102
8/7/2021 16:20,26,3,1,0.230940108,12.4,44.23065,-123.16275,102
8/7/2021 16:30,26,3,1,0.461880215,12.4,44.23065,-123.16275,102
8/7/2021 16:40,26,3,1,0.323615934,12.4,44.23065,-123.16275,104
8/7/2021 16:50,26,3,1,0.431487912,13.2,44.23065,-123.16275,108
8/7/2021 17:00,26,3,1,0.357770876,12.4,44.23065,-123.16275,106
8/7/2021 17:10,26,3,1,0.623890829,12.4,44.23065,-123.16275,105
8/7/2021 17:20,26,3,1,0.230940108,12.4,44.23065,-123.16275,106
8/7/2021 17:30,26,3,1,0.311399578,11.6,44.23065,-123.16275,108
8/7/2021 17:40,26,3,1,0.230940108,12.4,44.23065,-123.16275,108
8/7/2021 17:50,26,3,1,0.230940108,12.4,44.23065,-123.16275,102
8/7/2021 18:00,26,3,1,0,12.4,44.23065,-123.16275,105
8/7/2021 18:10,26,3,1,0.311399578,12.4,44.23065,-123.16275,102
8/7/2021 18:20,26,3,1,0.341121146,12.4,44.23065,-123.16275,103
8/7/2021 18:30,26,3,1,0,12.4,44.23065,-123.16275,102
8/7/2021 18:40,26,3,1,0.230940108,12.4,44.23065,-123.16275,104
8/7/2021 18:50,26,3,1,0.311399578,12.4,44.23065,-123.16275,103
8/7/2021 19:00,26,3,1,0.230940108,12.4,44.23065,-123.16275,102
8/7/2021 19:10,26,3,1,0.230940108,12.4,44.23065,-123.16275,104
8/7/2021 19:20,26,3,1,0,12.4,44.23065,-123.16275,102
8/7/2021 19:30,26,3,1,0.361813613,12.4,44.23065,-123.16275,106
8/7/2021 19:40,26,3,1,0.230940108,12.4,44.23065,-123.16275,104
8/7/2021 19:50,26,3,1,0.230940108,12.4,44.23065,-123.16275,105
8/7/2021 20:00,26,3,1,0,12.4,44.23065,-123.16275,103
8/7/2021 20:10,26,3,1,0.311399578,12.4,44.23065,-123.16275,103
8/7/2021 20:20,26,3,1,0.337309617,12.4,44.23065,-123.16275,103
8/7/2021 20:30,26,3,1,0.230940108,12.4,44.23065,-123.16275,103
8/7/2021 20:40,26,3,1,0,12.4,44.23065,-123.16275,103
8/7/2021 20:50,26,3,1,0.230940108,12.4,44.23065,-123.16275,103
8/7/2021 21:00,26,3,1,0.230940108,12.4,44.23065,-123.16275,103
8/7/2021 21:10,26,3,1,0.230940108,12.4,44.23065,-123.16275,104
8/7/2021 21:20,26,3,1,0.311399578,13.2,44.23065,-123.16275,103
8/7/2021 21:30,26,3,1,0.230940108,12.4,44.23065,-123.16275,103
8/7/2021 21:40,26,3,1,0.41194292,12.4,44.23065,-123.16275,103
8/7/2021 21:50,26,3,1,0.230940108,12.4,44.23065,-123.16275,103
8/7/2021 22:00,26,3,1,0.4,12.4,44.23065,-123.16275,102
8/7/2021 22:10,26,3,1,0.230940108,12.4,44.23065,-123.16275,103
8/7/2021 22:20,26,3,1,0,12.4,44.23065,-123.16275,103
8/7/2021 22:30,26,3,1,0.230940108,12.4,44.23065,-123.16275,103
8/7/2021 22:40,26,3,1,0.311399578,12.4,44.23065,-123.16275,102
8/7/2021 22:50,26,3,1,0.230940108,12.4,44.23065,-123.16275,104
8/7/2021 23:00,26,3,1,0.41194292,12.4,44.23065,-123.16275,104
8/7/2021 23:10,26,3,1,0,12.4,44.23065,-123.16275,103
8/7/2021 23:20,26,3,1,0.311399578,12.4,44.23065,-123.16275,103
8/7/2021 23:30,26,3,1,0.230940108,12.4,44.23065,-123.16275,103
8/7/2021 23:40,26,3,1,0.341121146,12.4,44.23065,-123.16275,105
8/7/2021 23:50,26,3,1,0.311399578,12.4,44.23065,-123.16275,103
8/8/2021 0:00,26,3,1,0.341121146,12.4,44.23065,-123.16275,103
8/8/2021 0:10,26,3,1,0,12.4,44.23065,-123.16275,104
8/8/2021 0:20,26,3,1,0.311399578,12.4,44.23065,-123.16275,105
8/8/2021 0:30,26,3,1,0,12.4,44.23065,-123.16275,104
8/8/2021 0:40,26,3,1,0.230940108,12.4,44.23065,-123.16275,105
8/8/2021 0:50,26,3,1,0,12.4,44.23065,-123.16275,105
8/8/2021 1:00,26,3,1,0.230940108,11.6,44.23065,-123.16275,105
8/8/2021 1:10,26,3,1,0,12.4,44.23065,-123.16275,104
8/8/2021 1:20,26,3,1,0.230940108,13.2,44.23065,-123.16275,105
8/8/2021 1:30,26,3,1,0.252982213,12.4,44.23065,-123.16275,104
8/8/2021 1:40,26,3,1,0.230940108,12.4,44.23065,-123.16275,105
8/8/2021 1:50,26,3,1,0,12.4,44.23065,-123.16275,105
8/8/2021 2:00,26,3,1,0.241209076,12.4,44.23065,-123.16275,106
8/8/2021 2:10,26,3,1,0,12.4,44.23065,-123.16275,106
8/8/2021 2:20,26,3,1,0.41194292,12.4,44.23065,-123.16275,104
8/8/2021 2:30,26,3,1,0.311399578,12.4,44.23065,-123.16275,104
8/8/2021 2:40,26,3,1,0.361813613,11.6,44.23065,-123.16275,104
8/8/2021 2:50,26,3,1,0.341121146,12.4,44.23065,-123.16275,104
8/8/2021 3:00,26,3,1,0,12.4,44.23065,-123.16275,107
8/8/2021 3:10,26,3,1,0.341121146,12.4,44.23065,-123.16275,108
8/8/2021 3:20,26,3,1,0,12.4,44.23065,-123.16275,105
8/8/2021 3:30,26,3,1,0.311399578,13.2,44.23065,-123.16275,105
8/8/2021 3:40,26,3,1,0,12.4,44.23065,-123.16275,106
8/8/2021 3:50,26,3,1,0,12.4,44.23065,-123.16275,105
8/8/2021 4:00,26,3,1,0.482418151,13.2,44.23065,-123.16275,106
8/8/2021 4:10,26,3,1,0,12.4,44.23065,-123.16275,106
8/8/2021 4:20,26,3,1,0.230940108,12.4,44.23065,-123.16275,105
8/8/2021 4:30,26,3,1,0,12.4,44.23065,-123.16275,106
8/8/2021 4:40,26,3,1,0,12.4,44.23065,-123.16275,106
8/8/2021 4:50,26,3,1,0.41194292,12.4,44.23065,-123.16275,106
8/8/2021 5:00,26,3,1,0.341121146,12.4,44.23065,-123.16275,106
8/8/2021 5:10,26,3,1,0,12.4,44.23065,-123.16275,106
8/8/2021 5:20,26,3,1,0.361813613,12.4,44.23065,-123.16275,106
8/8/2021 5:30,26,3,1,0,12.4,44.23065,-123.16275,107
8/8/2021 5:40,26,3,1,0.41194292,12.4,44.23065,-123.16275,107
8/8/2021 5:50,26,3,1,0.311399578,12.4,44.23065,-123.16275,106
8/8/2021 6:00,26,3,1,0.361813613,12.4,44.23065,-123.16275,107
8/8/2021 6:10,26,3,1,0.341121146,12.4,44.23065,-123.16275,107
8/8/2021 6:20,26,3,1,0.241209076,12.4,44.23065,-123.16275,107
8/8/2021 6:30,26,3,1,0,12.4,44.23065,-123.16275,106
8/8/2021 6:40,26,3,1,0.230940108,12.4,44.23065,-123.16275,106
8/8/2021 6:50,26,3,1,0.361813613,12.4,44.23065,-123.16275,107
8/8/2021 7:00,26,3,1,0.230940108,12.4,44.23065,-123.16275,106
8/8/2021 7:10,26,3,1,0.241209076,12.4,44.23065,-123.16275,106
8/8/2021 7:20,26,3,1,0.241209076,12.4,44.23065,-123.16275,107
8/8/2021 7:30,26,3,1,0.357770876,11.6,44.23065,-123.16275,106
8/8/2021 7:40,26,3,1,0.341121146,12.4,44.23065,-123.16275,107
8/8/2021 7:50,26,3,1,0.230940108,12.4,44.23065,-123.16275,107
8/8/2021 8:00,26,3,1,0.311399578,12.4,44.23065,-123.16275,107
8/8/2021 8:10,26,3,1,0,12.4,44.23065,-123.16275,107
8/8/2021 8:20,26,3,1,0.230940108,12.4,44.23065,-123.16275,107
8/8/2021 8:30,26,3,1,0.311399578,13.2,44.23065,-123.16275,107
8/8/2021 8:40,26,3,1,0.230940108,13.2,44.23065,-123.16275,107
8/8/2021 8:50,26,3,1,0.230940108,12.4,44.23065,-123.16275,106
8/8/2021 9:00,26,3,1,0.311399578,13.2,44.23065,-123.16275,108
8/8/2021 9:10,26,3,1,0.41194292,13.2,44.23065,-123.16275,107
8/8/2021 9:20,26,3,1,0.230940108,13.2,44.23065,-123.16275,106
8/8/2021 9:30,26,3,1,0.311399578,14,44.23065,-123.16275,107
8/8/2021 9:40,26,3,1,0.311399578,14,44.23065,-123.16275,109
8/8/2021 9:50,26,3,1,0.311399578,13.2,44.23065,-123.16275,107
8/8/2021 10:00,26,3,1,0,13.2,44.23065,-123.16275,107
8/8/2021 10:10,26,3,1,0.41194292,13.2,44.23065,-123.16275,109
8/8/2021 10:20,26,3,1,0,13.2,44.23065,-123.16275,110
8/8/2021 10:30,26,3,1,0,13.2,44.23065,-123.16275,106
8/8/2021 10:40,26,3,1,0.230940108,13.2,44.23065,-123.16275,106
8/8/2021 10:50,26,3,1,0.230940108,13.2,44.23065,-123.16275,110
8/8/2021 11:00,26,3,1,0.41194292,14,44.23065,-123.16275,106
8/8/2021 11:10,26,3,1,0.230940108,14,44.23065,-123.16275,109
8/8/2021 11:20,26,3,1,0,14,44.23065,-123.16275,108
8/8/2021 11:30,26,3,1,0.241209076,13.2,44.23065,-123.16275,108
8/8/2021 11:40,26,3,1,0.230940108,13.2,44.23065,-123.16275,109
8/8/2021 11:50,26,3,1,0.41194292,14,44.23065,-123.16275,109
8/8/2021 12:00,26,3,1,0,13.2,44.23065,-123.16275,106
8/8/2021 12:10,26,3,1,0.241209076,13.2,44.23065,-123.16275,105
8/8/2021 12:20,26,3,1,0.461880215,14,44.23065,-123.16275,106
8/8/2021 12:30,26,3,1,0.341121146,13.2,44.23065,-123.16275,108
8/8/2021 12:40,26,3,1,0,13.2,44.23065,-123.16275,110
8/8/2021 12:50,26,3,1,0.41194292,13.2,44.23065,-123.16275,108
8/8/2021 13:00,26,3,1,0,13.2,44.23065,-123.16275,107
8/8/2021 13:10,26,3,1,0,14,44.23065,-123.16275,108
8/8/2021 13:20,26,3,1,0.230940108,14,44.23065,-123.16275,109
8/8/2021 13:30,26,3,1,0.311399578,14,44.23065,-123.16275,107
8/8/2021 13:40,26,3,1,0.41194292,13.2,44.23065,-123.16275,105
8/8/2021 13:50,26,3,1,0.341121146,13.2,44.23065,-123.16275,110
8/8/2021 14:00,26,3,1,0.311399578,13.2,44.23065,-123.16275,109
8/8/2021 14:10,26,3,1,0,14,44.23065,-123.16275,108
8/8/2021 14:20,26,3,1,0.341121146,14,44.23065,-123.16275,109
8/8/2021 14:30,26,3,1,0.361813613,14,44.23065,-123.16275,109
8/8/2021 14:40,26,3,1,0.230940108,13.2,44.23065,-123.16275,108
8/8/2021 14:50,26,3,1,0.41194292,14,44.23065,-123.16275,106
8/8/2021 15:00,26,3,1,0.311399578,13.2,44.23065,-123.16275,106
8/8/2021 15:10,26,3,1,0,13.2,44.23065,-123.16275,107
8/8/2021 15:20,26,3,1,0.361813613,13.2,44.23065,-123.16275,107
8/8/2021 15:30,26,3,1,0.311399578,13.2,44.23065,-123.16275,111
8/8/2021 15:40,26,3,1,0.311399578,13.2,44.23065,-123.16275,112
8/8/2021 15:50,26,3,1,0,13.2,44.23065,-123.16275,108
8/8/2021 16:00,26,3,1,0.230940108,13.2,44.23065,-123.16275,108
8/8/2021 16:10,26,3,1,0.230940108,13.2,44.23065,-123.16275,112
8/8/2021 16:20,26,3,1,0.230940108,13.2,44.23065,-123.16275,107
8/8/2021 16:30,26,3,1,0.311399578,13.2,44.23065,-123.16275,112
8/8/2021 16:40,26,3,1,0,13.2,44.23065,-123.16275,111
8/8/2021 16:50,26,3,1,0.357770876,13.2,44.23065,-123.16275,112
8/8/2021 17:00,26,3,1,0.252982213,13.2,44.23065,-123.16275,110
8/8/2021 17:10,26,3,1,0,13.2,44.23065,-123.16275,109
8/8/2021 17:20,26,3,1,0,13.2,44.23065,-123.16275,108
8/8/2021 17:30,26,3,1,0.41194292,13.2,44.23065,-123.16275,111
8/8/2021 17:40,26,3,1,0,13.2,44.23065,-123.16275,111
8/8/2021 17:50,26,3,1,0.230940108,13.2,44.23065,-123.16275,108
8/8/2021 18:00,26,3,1,0,13.2,44.23065,-123.16275,111
8/8/2021 18:10,26,3,1,0.230940108,13.2,44.23065,-123.16275,108
8/8/2021 18:20,26,3,1,0,13.2,44.23065,-123.16275,111
8/8/2021 18:30,26,3,1,0.361813613,13.2,44.23065,-123.16275,107
8/8/2021 18:40,26,3,1,0,13.2,44.23065,-123.16275,108
8/8/2021 18:50,26,3,1,0,13.2,44.23065,-123.16275,107
8/8/2021 19:00,26,3,1,0,13.2,44.23065,-123.16275,111
8/8/2021 19:10,26,3,1,0.230940108,13.2,44.23065,-123.16275,112
8/8/2021 19:20,26,3,1,0.311399578,13.2,44.23065,-123.16275,110
8/8/2021 19:30,26,3,1,0.230940108,13.2,44.23065,-123.16275,110
8/8/2021 19:40,26,3,1,0.323615934,13.2,44.23065,-123.16275,111
8/8/2021 19:50,26,3,1,0,13.2,44.23065,-123.16275,110
8/8/2021 20:00,26,3,1,0.373679493,13.2,44.23065,-123.16275,110
8/8/2021 20:10,26,3,1,0.230940108,13.2,44.23065,-123.16275,107
8/8/2021 20:20,26,3,1,0,13.2,44.23065,-123.16275,107
8/8/2021 20:30,26,3,1,0,13.2,44.23065,-123.16275,105
8/8/2021 20:40,26,3,1,0.230940108,13.2,44.23065,-123.16275,104
8/8/2021 20:50,26,3,1,0.230940108,13.2,44.23065,-123.16275,104
8/8/2021 21:00,26,3,1,0.311399578,13.2,44.23065,-123.16275,107
8/8/2021 21:10,26,3,1,0.417786374,12.4,44.23065,-123.16275,105
8/8/2021 21:20,26,3,1,0.431487912,12.4,44.23065,-123.16275,105
8/8/2021 21:30,26,3,1,0.311399578,12.4,44.23065,-123.16275,104
8/8/2021 21:40,26,3,1,0.241209076,12.4,44.23065,-123.16275,104
8/8/2021 21:50,26,3,1,0.341121146,12.4,44.23065,-123.16275,107
8/8/2021 22:00,26,3,1,0.341121146,12.4,44.23065,-123.16275,107
8/8/2021 22:10,26,3,1,0.461880215,11.6,44.23065,-123.16275,107
8/8/2021 22:20,26,3,1,0,12.4,44.23065,-123.16275,108
8/8/2021 22:30,26,3,1,0.311399578,12.4,44.23065,-123.16275,107
8/8/2021 22:40,26,3,1,0.230940108,12.4,44.23065,-123.16275,106
8/8/2021 22:50,26,3,1,0.41194292,12.4,44.23065,-123.16275,106
8/8/2021 23:00,26,3,1,0,12.4,44.23065,-123.16275,107
8/8/2021 23:10,26,3,1,0,12.4,44.23065,-123.16275,110
8/8/2021 23:20,26,3,1,0.230940108,12.4,44.23065,-123.16275,106
8/8/2021 23:30,26,3,1,0.311399578,12.4,44.23065,-123.16275,106
8/8/2021 23:40,26,3,1,0,12.4,44.23065,-123.16275,110
8/8/2021 23:50,26,3,1,0,12.4,44.23065,-123.16275,109
8/9/2021 0:00,26,3,1,0.230940108,12.4,44.23065,-123.16275,112
8/9/2021 0:10,26,3,1,0,12.4,44.23065,-123.16275,111
8/9/2021 0:20,26,3,1,0.311399578,13.2,44.23065,-123.16275,110
8/9/2021 0:30,26,3,1,0.230940108,11.6,44.23065,-123.16275,113
8/9/2021 0:40,26,3,1,0,12.4,44.23065,-123.16275,111
8/9/2021 0:50,26,3,1,0.230940108,13.2,44.23065,-123.16275,110
8/9/2021 1:00,26,3,1,0.230940108,12.4,44.23065,-123.16275,111
8/9/2021 1:10,26,3,1,0.230940108,12.4,44.23065,-123.16275,109
8/9/2021 1:20,26,3,1,0.230940108,12.4,44.23065,-123.16275,109
8/9/2021 1:30,26,3,1,0.41194292,12.4,44.23065,-123.16275,109
8/9/2021 1:40,26,3,1,0,12.4,44.23065,-123.16275,110
8/9/2021 1:50,26,3,1,0.230940108,12.4,44.23065,-123.16275,107
8/9/2021 2:00,26,3,1,0.230940108,12.4,44.23065,-123.16275,110
8/9/2021 2:10,26,3,1,0.323615934,13.2,44.23065,-123.16275,109
8/9/2021 2:20,26,3,1,0.482418151,13.2,44.23065,-123.16275,104
8/9/2021 2:30,26,3,1,0.337309617,12.4,44.23065,-123.16275,109
8/9/2021 2:40,26,3,1,0.377123617,12.4,44.23065,-123.16275,105
8/9/2021 2:50,26,3,1,0.377123617,12.4,44.23065,-123.16275,106
8/9/2021 3:00,26,3,1,0.431487912,12.4,44.23065,-123.16275,107
8/9/2021 3:10,26,3,1,0.230940108,12.4,44.23065,-123.16275,108
8/9/2021 3:20,26,3,1,0.230940108,12.4,44.23065,-123.16275,107
8/9/2021 3:30,26,3,1,0.41194292,12.4,44.23065,-123.16275,108
8/9/2021 3:40,26,3,1,0.311399578,13.2,44.23065,-123.16275,105
8/9/2021 3:50,26,3,1,0.41194292,12.4,44.23065,-123.16275,106
8/9/2021 4:00,26,3,1,0.341121146,12.4,44.23065,-123.16275,105
8/9/2021 4:10,26,3,1,0.341121146,12.4,44.23065,-123.16275,106
8/9/2021 4:20,26,3,1,0.341121146,12.4,44.23065,-123.16275,105
8/9/2021 4:30,26,3,1,0,12.4,44.23065,-123.16275,106
8/9/2021 4:40,26,3,1,0.341121146,12.4,44.23065,-123.16275,106
8/9/2021 4:50,26,3,1,0.230940108,12.4,44.23065,-123.16275,105
8/9/2021 5:00,26,3,1,0.230940108,12.4,44.23065,-123.16275,108
8/9/2021 5:10,26,3,1,0.341121146,12.4,44.23065,-123.16275,111
8/9/2021 5:20,26,3,1,0.461880215,12.4,44.23065,-123.16275,109
8/9/2021 5:30,26,3,1,0.311399578,12.4,44.23065,-123.16275,109
8/9/2021 5:40,26,3,1,0.230940108,12.4,44.23065,-123.16275,108
8/9/2021 5:50,26,3,1,0.361813613,13.2,44.23065,-123.16275,110
8/9/2021 6:00,26,3,1,0.241209076,12.4,44.23065,-123.16275,109
8/9/2021 6:10,26,3,1,0.357770876,12.4,44.23065,-123.16275,107
8/9/2021 6:20,26,3,1,0.241209076,13.2,44.23065,-123.16275,109
8/9/2021 6:30,26,3,1,0.341121146,12.4,44.23065,-123.16275,108
8/9/2021 6:40,26,3,1,0.302371578,13.2,44.23065,-123.16275,110
8/9/2021 6:50,26,3,1,0.41194292,12.4,44.23065,-123.16275,108
8/9/2021 7:00,26,3,1,0,12.4,44.23065,-123.16275,110
8/9/2021 7:10,26,3,1,0,12.4,44.23065,-123.16275,114
8/9/2021 7:20,26,3,1,0.361813613,12.4,44.23065,-123.16275,112
8/9/2021 7:30,26,3,1,0.221880078,12.4,44.23065,-123.16275,112
8/9/2021 7:40,26,3,1,0,12.4,44.23065,-123.16275,111
8/9/2021 7:50,26,3,1,0,12.4,44.23065,-123.16275,112
8/9/2021 8:00,26,3,1,0.393892771,12.4,44.23065,-123.16275,115
8/9/2021 8:10,26,3,1,0.230940108,12.4,44.23065,-123.16275,111
8/9/2021 8:20,26,3,1,0.482418151,12.4,44.23065,-123.16275,111
8/9/2021 8:30,26,3,1,0.221880078,12.4,44.23065,-123.16275,113
8/9/2021 8:40,26,3,1,0.311399578,12.4,44.23065,-123.16275,114
8/9/2021 8:50,26,3,1,0.230940108,12.4,44.23065,-123.16275,113
8/9/2021 9:00,26,3,1,0.230940108,13.2,44.23065,-123.16275,112
8/9/2021 9:10,26,3,1,0.311399578,12.4,44.23065,-123.16275,114
8/9/2021 9:20,26,3,1,0.230940108,12.4,44.23065,-123.16275,113
8/9/2021 9:30,26,3,1,0,12.4,44.23065,-123.16275,114
8/9/2021 9:40,26,3,1,0.341121146,12.4,44.23065,-123.16275,114
8/9/2021 9:50,26,3,1,0.393892771,12.4,44.23065,-123.16275,110
8/9/2021 10:00,26,3,1,0.341121146,13.2,44.23065,-123.16275,114
8/9/2021 10:10,26,3,1,0.341121146,14,44.23065,-123.16275,110
8/9/2021 10:20,26,3,1,0.230940108,13.2,44.23065,-123.16275,112
8/9/2021 10:30,26,3,1,0.311399578,13.2,44.23065,-123.16275,111
8/9/2021 10:40,26,3,1,0.361813613,13.2,44.23065,-123.16275,111
8/9/2021 10:50,26,3,1,0.230940108,13.2,44.23065,-123.16275,110
8/9/2021 11:00,26,3,1,0.311399578,13.2,44.23065,-123.16275,108
8/9/2021 11:10,26,3,1,0.230940108,13.2,44.23065,-123.16275,108
8/9/2021 11:20,26,3,1,0.230940108,13.2,44.23065,-123.16275,110
8/9/2021 11:30,26,3,1,0.230940108,14,44.23065,-123.16275,108
8/9/2021 11:40,26,3,1,0.417786374,14,44.23065,-123.16275,110
8/9/2021 11:50,26,3,1,0.230940108,14,44.23065,-123.16275,107
8/9/2021 12:00,26,3,1,0,13.2,44.23065,-123.16275,110
8/9/2021 12:10,26,3,1,0.41194292,13.2,44.23065,-123.16275,110
8/9/2021 12:20,26,3,1,0.41194292,13.2,44.23065,-123.16275,110
8/9/2021 12:30,26,3,1,0.341121146,13.2,44.23065,-123.16275,107
8/9/2021 12:40,26,3,1,0.41194292,13.2,44.23065,-123.16275,110
8/9/2021 12:50,26,3,1,0.230940108,13.2,44.23065,-123.16275,108
8/9/2021 13:00,26,3,1,0.945705543,14,44.23065,-123.16275,109
8/9/2021 13:10,26,3,1,0.230940108,13.2,44.23065,-123.16275,109
8/9/2021 13:20,26,3,1,0.41194292,13.2,44.23065,-123.16275,111
8/9/2021 13:30,26,3,1,0.41194292,13.2,44.23065,-123.16275,110
8/9/2021 13:40,26,3,1,0.230940108,13.2,44.23065,-123.16275,108
8/9/2021 13:50,26,3,1,0.230940108,13.2,44.23065,-123.16275,110
8/9/2021 14:00,26,3,1,0,13.2,44.23065,-123.16275,110
8/9/2021 14:10,26,3,1,0.311399578,13.2,44.23065,-123.16275,110
8/9/2021 14:20,26,3,1,0.230940108,13.2,44.23065,-123.16275,107
8/9/2021 14:30,26,3,1,0.311399578,13.2,44.23065,-123.16275,110
8/9/2021 14:40,26,3,1,0.230940108,13.2,44.23065,-123.16275,115
8/9/2021 14:50,26,3,1,0.230940108,13.2,44.23065,-123.16275,108
8/9/2021 15:00,26,3,1,0.311399578,13.2,44.23065,-123.16275,108
8/9/2021 15:10,26,3,1,0.230940108,13.2,44.23065,-123.16275,113
8/9/2021 15:20,26,3,1,0,13.2,44.23065,-123.16275,111
8/9/2021 15:30,26,3,1,0.311399578,13.2,44.23065,-123.16275,110
8/9/2021 15:40,26,3,1,0,13.2,44.23065,-123.16275,109
8/9/2021 15:50,26,3,1,0,13.2,44.23065,-123.16275,110
8/9/2021 16:00,26,3,1,0.393892771,14,44.23065,-123.16275,114
8/9/2021 16:10,26,3,1,0.341121146,13.2,44.23065,-123.16275,114
8/9/2021 16:20,26,3,1,0,13.2,44.23065,-123.16275,111
8/9/2021 16:30,26,3,1,0,13.2,44.23065,-123.16275,112
8/9/2021 16:40,26,3,1,0.323615934,13.2,44.23065,-123.16275,110
8/9/2021 16:50,26,3,1,0.241209076,13.2,44.23065,-123.16275,111
8/9/2021 17:00,26,3,1,0.230940108,13.2,44.23065,-123.16275,114
8/9/2021 17:10,26,3,1,0.4,13.2,44.23065,-123.16275,105
8/9/2021 17:20,26,3,1,0.311399578,13.2,44.23065,-123.16275,110
8/9/2021 17:30,26,3,1,0.357770876,13.2,44.23065,-123.16275,109
8/9/2021 17:40,26,3,1,0.311399578,13.2,44.23065,-123.16275,112
8/9/2021 17:50,26,3,1,0,13.2,44.23065,-123.16275,108
8/9/2021 18:00,26,3,1,0.341121146,13.2,44.23065,-123.16275,109
8/9/2021 18:10,26,3,1,0.482418151,12.4,44.23065,-123.16275,109
8/9/2021 18:20,26,3,1,0.311399578,13.2,44.23065,-123.16275,108
8/9/2021 18:30,26,3,1,0,13.2,44.23065,-123.16275,110
8/9/2021 18:40,26,3,1,0,13.2,44.23065,-123.16275,110
8/9/2021 18:50,26,3,1,0.361813613,14,44.23065,-123.16275,109
8/9/2021 19:00,26,3,1,0.311399578,13.2,44.23065,-123.16275,111
8/9/2021 19:10,26,3,1,0.230940108,13.2,44.23065,-123.16275,110
8/9/2021 19:20,26,3,1,0.311399578,13.2,44.23065,-123.16275,107
8/9/2021 19:30,26,3,1,0.482418151,13.2,44.23065,-123.16275,109
8/9/2021 19:40,26,3,1,0,13.2,44.23065,-123.16275,106
8/9/2021 19:50,26,3,1,0.341121146,14,44.23065,-123.16275,110
8/9/2021 20:40,26,3,1,NA,13.2,44.23065,-123.16275,102
8/9/2021 20:50,26,3,1,0.230940108,13.2,44.23065,-123.16275,103
8/9/2021 21:00,26,3,1,0.311399578,13.2,44.23065,-123.16275,103
8/9/2021 21:10,26,3,1,0,13.2,44.23065,-123.16275,103
8/9/2021 21:20,26,3,1,0.323615934,13.2,44.23065,-123.16275,103
8/9/2021 21:30,26,3,1,0.230940108,12.4,44.23065,-123.16275,102
8/9/2021 21:40,26,3,1,0,12.4,44.23065,-123.16275,106
8/9/2021 21:50,26,3,1,0.230940108,13.2,44.23065,-123.16275,104
8/9/2021 22:00,26,3,1,0.311399578,12.4,44.23065,-123.16275,105
8/9/2021 22:10,26,3,1,0.252982213,12.4,44.23065,-123.16275,105
8/9/2021 22:20,26,3,1,0.230940108,12.4,44.23065,-123.16275,106
8/9/2021 22:30,26,3,1,0,12.4,44.23065,-123.16275,107
8/9/2021 22:40,26,3,1,0.230940108,12.4,44.23065,-123.16275,108
8/9/2021 22:50,26,3,1,0.230940108,12.4,44.23065,-123.16275,108
8/9/2021 23:00,26,3,1,0.252982213,12.4,44.23065,-123.16275,109
8/9/2021 23:10,26,3,1,0,12.4,44.23065,-123.16275,109
8/9/2021 23:20,26,3,1,0,12.4,44.23065,-123.16275,110
8/9/2021 23:30,26,3,1,0,12.4,44.23065,-123.16275,110
8/9/2021 23:40,26,3,1,0.230940108,12.4,44.23065,-123.16275,110
8/9/2021 23:50,26,3,1,0,12.4,44.23065,-123.16275,110
8/10/2021 0:00,26,3,1,0.230940108,12.4,44.23065,-123.16275,111
8/10/2021 0:10,26,3,1,0.341121146,12.4,44.23065,-123.16275,110
8/10/2021 0:20,26,3,1,0.341121146,12.4,44.23065,-123.16275,110
8/10/2021 0:30,26,3,1,0,12.4,44.23065,-123.16275,110
8/10/2021 0:40,26,3,1,0.230940108,13.2,44.23065,-123.16275,109
8/10/2021 0:50,26,3,1,0,12.4,44.23065,-123.16275,109
8/10/2021 1:00,26,3,1,0.311399578,12.4,44.23065,-123.16275,109
8/10/2021 1:10,26,3,1,0.230940108,12.4,44.23065,-123.16275,109
8/10/2021 1:20,26,3,1,0,12.4,44.23065,-123.16275,110
8/10/2021 1:30,26,3,1,0,12.4,44.23065,-123.16275,110
8/10/2021 1:40,26,3,1,0,12.4,44.23065,-123.16275,110
8/10/2021 1:50,26,3,1,0.230940108,12.4,44.23065,-123.16275,110
8/10/2021 2:00,26,3,1,0.230940108,12.4,44.23065,-123.16275,110
8/10/2021 2:10,26,3,1,0.230940108,13.2,44.23065,-123.16275,110
8/10/2021 2:20,26,3,1,0.311399578,12.4,44.23065,-123.16275,110
8/10/2021 2:30,26,3,1,0.311399578,13.2,44.23065,-123.16275,110
8/10/2021 2:40,26,3,1,0.361813613,12.4,44.23065,-123.16275,110
8/10/2021 2:50,26,3,1,0.373679493,13.2,44.23065,-123.16275,109
8/10/2021 3:00,26,3,1,0.241209076,12.4,44.23065,-123.16275,110
8/10/2021 3:10,26,3,1,0.431487912,12.4,44.23065,-123.16275,109
8/10/2021 3:20,26,3,1,0.461880215,13.2,44.23065,-123.16275,109
8/10/2021 3:30,26,3,1,0,12.4,44.23065,-123.16275,108
8/10/2021 3:40,26,3,1,0.512695956,12.4,44.23065,-123.16275,108
8/10/2021 3:50,26,3,1,0.461880215,12.4,44.23065,-123.16275,108
8/10/2021 4:00,26,3,1,0.323615934,13.2,44.23065,-123.16275,107
8/10/2021 4:10,26,3,1,0,12.4,44.23065,-123.16275,107
8/10/2021 4:20,26,3,1,0,12.4,44.23065,-123.16275,107
8/10/2021 4:30,26,3,1,0,12.4,44.23065,-123.16275,106
8/10/2021 4:40,26,3,1,0.230940108,12.4,44.23065,-123.16275,107
8/10/2021 4:50,26,3,1,0,12.4,44.23065,-123.16275,107
8/10/2021 5:00,26,3,1,0,12.4,44.23065,-123.16275,107
8/10/2021 5:10,26,3,1,0.41194292,12.4,44.23065,-123.16275,108
8/10/2021 5:20,26,3,1,2.88444102,12.4,44.23065,-123.16275,108
8/10/2021 5:30,26,3,1,0.341121146,12.4,44.23065,-123.16275,108
8/10/2021 5:40,26,3,1,0.41194292,12.4,44.23065,-123.16275,108
8/10/2021 5:50,26,3,1,0,12.4,44.23065,-123.16275,108
8/10/2021 6:00,26,3,1,0.230940108,12.4,44.23065,-123.16275,107
8/10/2021 6:10,26,3,1,0.311399578,12.4,44.23065,-123.16275,107
8/10/2021 6:20,26,3,1,0.341121146,12.4,44.23065,-123.16275,107
8/10/2021 6:30,26,3,1,0.341121146,12.4,44.23065,-123.16275,107
8/10/2021 6:40,26,3,1,0.341121146,13.2,44.23065,-123.16275,107
8/10/2021 6:50,26,3,1,0.361813613,12.4,44.23065,-123.16275,107
8/10/2021 7:00,26,3,1,0.341121146,12.4,44.23065,-123.16275,107
8/10/2021 7:10,26,3,1,0,12.4,44.23065,-123.16275,108
8/10/2021 7:20,26,3,1,0.41194292,12.4,44.23065,-123.16275,107
8/10/2021 7:30,26,3,1,0.41194292,12.4,44.23065,-123.16275,107
8/10/2021 7:40,26,3,1,0,12.4,44.23065,-123.16275,106
8/10/2021 7:50,26,3,1,0.230940108,12.4,44.23065,-123.16275,106
8/10/2021 8:00,26,3,1,0.230940108,12.4,44.23065,-123.16275,107
8/10/2021 8:10,26,3,1,0.4,12.4,44.23065,-123.16275,106
8/10/2021 8:20,26,3,1,0.230940108,12.4,44.23065,-123.16275,106
8/10/2021 8:30,26,3,1,0.357770876,13.2,44.23065,-123.16275,106
8/10/2021 8:40,26,3,1,0,12.4,44.23065,-123.16275,105
8/10/2021 8:50,26,3,1,0.230940108,12.4,44.23065,-123.16275,105
8/10/2021 9:00,26,3,1,0,12.4,44.23065,-123.16275,105
8/10/2021 9:10,26,3,1,0.311399578,12.4,44.23065,-123.16275,104
8/10/2021 9:20,26,3,1,0.311399578,14,44.23065,-123.16275,104
8/10/2021 9:30,26,3,1,0,13.2,44.23065,-123.16275,109
8/10/2021 9:40,26,3,1,0,13.2,44.23065,-123.16275,105
8/10/2021 9:50,26,3,1,0.341121146,13.2,44.23065,-123.16275,110
8/10/2021 10:00,26,3,1,0.461880215,13.2,44.23065,-123.16275,109
8/10/2021 10:10,26,3,1,0.461880215,13.2,44.23065,-123.16275,109
8/10/2021 10:20,26,3,1,0.230940108,13.2,44.23065,-123.16275,110
8/10/2021 10:30,26,3,1,0,13.2,44.23065,-123.16275,107
8/10/2021 10:40,26,3,1,0,13.2,44.23065,-123.16275,107
8/10/2021 10:50,26,3,1,0,13.2,44.23065,-123.16275,108
8/10/2021 11:00,26,3,1,0,13.2,44.23065,-123.16275,107
8/10/2021 11:10,26,3,1,0.341121146,13.2,44.23065,-123.16275,107
8/10/2021 11:20,26,3,1,0.311399578,13.2,44.23065,-123.16275,109
8/10/2021 11:30,26,3,1,0.230940108,13.2,44.23065,-123.16275,112
8/10/2021 11:40,26,3,1,0.230940108,14,44.23065,-123.16275,109
8/10/2021 11:50,26,3,1,0,14,44.23065,-123.16275,108
8/10/2021 12:00,26,3,1,0.230940108,14,44.23065,-123.16275,106
8/10/2021 12:10,26,3,1,0.311399578,14,44.23065,-123.16275,109
8/10/2021 12:20,26,3,1,0.311399578,14,44.23065,-123.16275,110
8/10/2021 12:30,26,3,1,0,14,44.23065,-123.16275,111
8/10/2021 12:40,26,3,1,0.230940108,14,44.23065,-123.16275,109
8/10/2021 12:50,26,3,1,0.311399578,13.2,44.23065,-123.16275,110
8/10/2021 13:00,26,3,1,0.230940108,13.2,44.23065,-123.16275,111
8/10/2021 13:10,26,3,1,0.377123617,13.2,44.23065,-123.16275,109
8/10/2021 13:20,26,3,1,0.357770876,13.2,44.23065,-123.16275,108
8/10/2021 13:30,26,3,1,0.252982213,13.2,44.23065,-123.16275,111
8/10/2021 13:40,26,3,1,0.403619983,13.2,44.23065,-123.16275,107
8/10/2021 13:50,26,3,1,0.323615934,13.2,44.23065,-123.16275,108
8/10/2021 14:00,26,3,1,0.230940108,13.2,44.23065,-123.16275,113
8/10/2021 14:10,26,3,1,0.230940108,13.2,44.23065,-123.16275,111
8/10/2021 14:20,26,3,1,0.230940108,12.4,44.23065,-123.16275,114
8/10/2021 14:30,26,3,1,0.311399578,13.2,44.23065,-123.16275,109
8/10/2021 14:40,26,3,1,0.230940108,13.2,44.23065,-123.16275,107
8/10/2021 14:50,26,3,1,0.482418151,12.4,44.23065,-123.16275,107
8/10/2021 15:00,26,3,1,0.41194292,13.2,44.23065,-123.16275,112
8/10/2021 15:10,26,3,1,0.230940108,13.2,44.23065,-123.16275,106
8/10/2021 15:20,26,3,1,0.230940108,14,44.23065,-123.16275,110
8/10/2021 15:30,26,3,1,0.311399578,14,44.23065,-123.16275,108
8/10/2021 15:40,26,3,1,0.230940108,14,44.23065,-123.16275,108
8/10/2021 15:50,26,3,1,0.41194292,13.2,44.23065,-123.16275,113
8/10/2021 16:00,26,3,1,0.41194292,13.2,44.23065,-123.16275,108
8/10/2021 16:10,26,3,1,0.266666667,13.2,44.23065,-123.16275,111
8/10/2021 16:20,26,3,1,0,13.2,44.23065,-123.16275,111
8/10/2021 16:30,26,3,1,0.311399578,14,44.23065,-123.16275,106
8/10/2021 16:40,26,3,1,0.311399578,14,44.23065,-123.16275,109
8/10/2021 16:50,26,3,1,0.341121146,13.2,44.23065,-123.16275,108
8/10/2021 17:00,26,3,1,0.341121146,13.2,44.23065,-123.16275,107
8/10/2021 17:10,26,3,1,0.482418151,13.2,44.23065,-123.16275,108
8/10/2021 17:20,26,3,1,0.230940108,13.2,44.23065,-123.16275,108
8/10/2021 17:30,26,3,1,0.311399578,14,44.23065,-123.16275,111
8/10/2021 17:40,26,3,1,0.311399578,13.2,44.23065,-123.16275,113
8/10/2021 17:50,26,3,1,0,13.2,44.23065,-123.16275,110
8/10/2021 18:00,26,3,1,0.230940108,13.2,44.23065,-123.16275,107
8/10/2021 18:10,26,3,1,0.230940108,14,44.23065,-123.16275,109
8/10/2021 18:20,26,3,1,0.230940108,13.2,44.23065,-123.16275,112
8/10/2021 18:30,26,3,1,0.241209076,13.2,44.23065,-123.16275,110
8/10/2021 18:40,26,3,1,0.311399578,13.2,44.23065,-123.16275,107
8/10/2021 18:50,26,3,1,0.311399578,13.2,44.23065,-123.16275,111
8/10/2021 19:00,26,3,1,0.230940108,13.2,44.23065,-123.16275,110
8/10/2021 19:10,26,3,1,0.41194292,13.2,44.23065,-123.16275,107
8/10/2021 19:20,26,3,1,0.361813613,13.2,44.23065,-123.16275,109
8/10/2021 19:30,26,3,1,0.230940108,14,44.23065,-123.16275,108
8/10/2021 19:40,26,3,1,0.341121146,13.2,44.23065,-123.16275,107
8/10/2021 19:50,26,3,1,0.230940108,13.2,44.23065,-123.16275,109
8/10/2021 20:00,26,3,1,0,13.2,44.23065,-123.16275,105
8/10/2021 20:10,26,3,1,0.431487912,13.2,44.23065,-123.16275,104
8/10/2021 20:20,26,3,1,0.241209076,13.2,44.23065,-123.16275,102
8/10/2021 20:30,26,3,1,0,13.2,44.23065,-123.16275,102
8/10/2021 20:40,26,3,1,0.311399578,13.2,44.23065,-123.16275,102
8/10/2021 20:50,26,3,1,0.230940108,14,44.23065,-123.16275,101
8/10/2021 21:00,26,3,1,0.230940108,13.2,44.23065,-123.16275,102
8/10/2021 21:10,26,3,1,0.311399578,12.4,44.23065,-123.16275,105
8/10/2021 21:20,26,3,1,0.230940108,12.4,44.23065,-123.16275,104
8/10/2021 21:30,26,3,1,0.230940108,12.4,44.23065,-123.16275,105
8/10/2021 21:40,26,3,1,0.230940108,12.4,44.23065,-123.16275,105
8/10/2021 21:50,26,3,1,0.230940108,12.4,44.23065,-123.16275,106
8/10/2021 22:00,26,3,1,0.230940108,12.4,44.23065,-123.16275,107
8/10/2021 22:10,26,3,1,0.41194292,13.2,44.23065,-123.16275,107
8/10/2021 22:20,26,3,1,0.230940108,12.4,44.23065,-123.16275,107
8/10/2021 22:30,26,3,1,0.341121146,13.2,44.23065,-123.16275,107
8/10/2021 22:40,26,3,1,0.230940108,12.4,44.23065,-123.16275,107
8/10/2021 22:50,26,3,1,0,12.4,44.23065,-123.16275,107
8/10/2021 23:00,26,3,1,0,12.4,44.23065,-123.16275,107
8/10/2021 23:10,26,3,1,0.230940108,12.4,44.23065,-123.16275,108
8/10/2021 23:20,26,3,1,0.41194292,12.4,44.23065,-123.16275,109
8/10/2021 23:30,26,3,1,0.230940108,13.2,44.23065,-123.16275,108
8/10/2021 23:40,26,3,1,0.341121146,12.4,44.23065,-123.16275,107
8/10/2021 23:50,26,3,1,0.230940108,12.4,44.23065,-123.16275,107
8/11/2021 0:00,26,3,1,0.252982213,13.2,44.23065,-123.16275,106
8/11/2021 0:10,26,3,1,0.230940108,12.4,44.23065,-123.16275,106
8/11/2021 0:20,26,3,1,0.341121146,12.4,44.23065,-123.16275,105
8/11/2021 0:30,26,3,1,0.230940108,12.4,44.23065,-123.16275,103
8/11/2021 0:40,26,3,1,0.41194292,12.4,44.23065,-123.16275,102
8/11/2021 0:50,26,3,1,0.230940108,12.4,44.23065,-123.16275,102
8/11/2021 1:00,26,3,1,0,12.4,44.23065,-123.16275,102
8/11/2021 1:10,26,3,1,0.311399578,12.4,44.23065,-123.16275,101
8/11/2021 1:20,26,3,1,0.230940108,12.4,44.23065,-123.16275,102
8/11/2021 1:30,26,3,1,0.230940108,12.4,44.23065,-123.16275,102
8/11/2021 1:40,26,3,1,0,12.4,44.23065,-123.16275,103
8/11/2021 1:50,26,3,1,0.230940108,12.4,44.23065,-123.16275,105
8/11/2021 2:00,26,3,1,0,12.4,44.23065,-123.16275,106
8/11/2021 2:10,26,3,1,0.230940108,12.4,44.23065,-123.16275,106
8/11/2021 2:20,26,3,1,0.230940108,12.4,44.23065,-123.16275,106
8/11/2021 2:30,26,3,1,0.41194292,12.4,44.23065,-123.16275,107
8/11/2021 2:40,26,3,1,0.230940108,12.4,44.23065,-123.16275,108
8/11/2021 2:50,26,3,1,0.311399578,12.4,44.23065,-123.16275,109
8/11/2021 3:00,26,3,1,0.461880215,12.4,44.23065,-123.16275,109
8/11/2021 3:10,26,3,1,0,12.4,44.23065,-123.16275,109
8/11/2021 3:20,26,3,1,0.311399578,12.4,44.23065,-123.16275,108
8/11/2021 3:30,26,3,1,0,12.4,44.23065,-123.16275,109
8/11/2021 3:40,26,3,1,0.230940108,12.4,44.23065,-123.16275,109
8/11/2021 3:50,26,3,1,0.341121146,12.4,44.23065,-123.16275,109
8/11/2021 4:00,26,3,1,0.341121146,12.4,44.23065,-123.16275,109
8/11/2021 4:10,26,3,1,0,12.4,44.23065,-123.16275,109
8/11/2021 4:20,26,3,1,0.41194292,12.4,44.23065,-123.16275,109
8/11/2021 4:30,26,3,1,0,12.4,44.23065,-123.16275,109
8/11/2021 4:40,26,3,1,0.311399578,12.4,44.23065,-123.16275,109
8/11/2021 4:50,26,3,1,0,12.4,44.23065,-123.16275,109
8/11/2021 5:00,26,3,1,0.230940108,12.4,44.23065,-123.16275,109
8/11/2021 5:10,26,3,1,0.357770876,12.4,44.23065,-123.16275,109
8/11/2021 5:20,26,3,1,0.461880215,12.4,44.23065,-123.16275,109
8/11/2021 5:30,26,3,1,0.311399578,12.4,44.23065,-123.16275,108
8/11/2021 5:40,26,3,1,0.41194292,13.2,44.23065,-123.16275,109
8/11/2021 5:50,26,3,1,0.230940108,12.4,44.23065,-123.16275,109
8/11/2021 6:00,26,3,1,0,12.4,44.23065,-123.16275,109
8/11/2021 6:10,26,3,1,0.230940108,12.4,44.23065,-123.16275,109
8/11/2021 6:20,26,3,1,0.230940108,12.4,44.23065,-123.16275,109
8/11/2021 6:30,26,3,1,0.311399578,12.4,44.23065,-123.16275,108
8/11/2021 6:40,26,3,1,0.230940108,12.4,44.23065,-123.16275,108
8/11/2021 6:50,26,3,1,0.230940108,12.4,44.23065,-123.16275,111
8/11/2021 7:00,26,3,1,0.230940108,12.4,44.23065,-123.16275,108
8/11/2021 7:10,26,3,1,0.230940108,12.4,44.23065,-123.16275,108
8/11/2021 7:20,26,3,1,0.311399578,12.4,44.23065,-123.16275,107
8/11/2021 7:30,26,3,1,0.230940108,12.4,44.23065,-123.16275,107
8/11/2021 7:40,26,3,1,0.230940108,12.4,44.23065,-123.16275,108
8/11/2021 7:50,26,3,1,0.311399578,12.4,44.23065,-123.16275,108
8/11/2021 8:00,26,3,1,0,12.4,44.23065,-123.16275,107
8/11/2021 8:10,26,3,1,0.230940108,12.4,44.23065,-123.16275,108
8/11/2021 8:20,26,3,1,0.230940108,12.4,44.23065,-123.16275,108
8/11/2021 8:30,26,3,1,0.41194292,12.4,44.23065,-123.16275,108
8/11/2021 8:40,26,3,1,0,12.4,44.23065,-123.16275,107
8/11/2021 8:50,26,3,1,0.241209076,12.4,44.23065,-123.16275,108
8/11/2021 9:00,26,3,1,0.323615934,12.4,44.23065,-123.16275,109
8/11/2021 9:10,26,3,1,0.341121146,12.4,44.23065,-123.16275,109
8/11/2021 9:20,26,3,1,0,13.2,44.23065,-123.16275,109
8/11/2021 9:30,26,3,1,0,13.2,44.23065,-123.16275,110
8/11/2021 9:40,26,3,1,0,13.2,44.23065,-123.16275,109
8/11/2021 9:50,26,3,1,0.45411697,14,44.23065,-123.16275,109
8/11/2021 10:00,26,3,1,0,13.2,44.23065,-123.16275,113
8/11/2021 10:10,26,3,1,0.230940108,13.2,44.23065,-123.16275,111
8/11/2021 10:20,26,3,1,0,13.2,44.23065,-123.16275,111
8/11/2021 10:30,26,3,1,0.230940108,13.2,44.23065,-123.16275,109
8/11/2021 10:40,26,3,1,0.311399578,13.2,44.23065,-123.16275,110
8/11/2021 10:50,26,3,1,0.230940108,14,44.23065,-123.16275,110
8/11/2021 11:00,26,3,1,0,13.2,44.23065,-123.16275,114
8/11/2021 11:10,26,3,1,0.341121146,13.2,44.23065,-123.16275,111
8/11/2021 11:20,26,3,1,0.230940108,13.2,44.23065,-123.16275,111
8/11/2021 11:30,26,3,1,0.230940108,14,44.23065,-123.16275,110
8/11/2021 11:40,26,3,1,0.497265248,13.2,44.23065,-123.16275,109
8/11/2021 11:50,26,3,1,0.230940108,13.2,44.23065,-123.16275,109
8/11/2021 12:00,26,3,1,0.361813613,13.2,44.23065,-123.16275,111
8/11/2021 12:10,26,3,1,0.230940108,13.2,44.23065,-123.16275,109
8/11/2021 12:20,26,3,1,0.311399578,13.2,44.23065,-123.16275,110
8/11/2021 12:30,26,3,1,0.230940108,13.2,44.23065,-123.16275,110
8/11/2021 12:40,26,3,1,0.230940108,13.2,44.23065,-123.16275,110
8/11/2021 12:50,26,3,1,0.341121146,14,44.23065,-123.16275,109
8/11/2021 13:00,26,3,1,0.41194292,12.4,44.23065,-123.16275,109
8/11/2021 13:10,26,3,1,0.311399578,13.2,44.23065,-123.16275,110
8/11/2021 13:20,26,3,1,0.230940108,13.2,44.23065,-123.16275,109
8/11/2021 13:30,26,3,1,0.461880215,12.4,44.23065,-123.16275,109
8/11/2021 13:40,26,3,1,0.230940108,13.2,44.23065,-123.16275,109
8/11/2021 13:50,26,3,1,0,13.2,44.23065,-123.16275,109
8/11/2021 14:00,26,3,1,0.311399578,13.2,44.23065,-123.16275,109
8/11/2021 14:10,26,3,1,0,13.2,44.23065,-123.16275,109
8/11/2021 14:20,26,3,1,0.230940108,13.2,44.23065,-123.16275,108
8/11/2021 14:30,26,3,1,0.45411697,13.2,44.23065,-123.16275,109
8/11/2021 14:40,26,3,1,0.341121146,12.4,44.23065,-123.16275,108
8/11/2021 14:50,26,3,1,0.431487912,12.4,44.23065,-123.16275,109
8/11/2021 15:00,26,3,1,0.311399578,12.4,44.23065,-123.16275,109
8/11/2021 15:10,26,3,1,0,12.4,44.23065,-123.16275,108
8/11/2021 15:20,26,3,1,0.341121146,13.2,44.23065,-123.16275,108
8/11/2021 15:30,26,3,1,0.341121146,12.4,44.23065,-123.16275,110
8/11/2021 15:40,26,3,1,0,12.4,44.23065,-123.16275,109
8/11/2021 15:50,26,3,1,0.311399578,12.4,44.23065,-123.16275,108
8/11/2021 16:00,26,3,1,0.230940108,11.6,44.23065,-123.16275,107
8/11/2021 16:10,26,3,1,0.230940108,12.4,44.23065,-123.16275,108
8/11/2021 16:20,26,3,1,0.534846339,12.4,44.23065,-123.16275,108
8/11/2021 16:30,26,3,1,0.230940108,12.4,44.23065,-123.16275,108
8/11/2021 16:40,26,3,1,0.311399578,13.2,44.23065,-123.16275,108
8/11/2021 16:50,26,3,1,0.230940108,13.2,44.23065,-123.16275,107
8/11/2021 17:00,26,3,1,0.482418151,12.4,44.23065,-123.16275,107
8/11/2021 17:10,26,3,1,0.311399578,12.4,44.23065,-123.16275,107
8/11/2021 17:20,26,3,1,0.230940108,12.4,44.23065,-123.16275,109
8/11/2021 17:30,26,3,1,0.230940108,12.4,44.23065,-123.16275,108
8/11/2021 17:40,26,3,1,0.361813613,12.4,44.23065,-123.16275,107
8/11/2021 17:50,26,3,1,0,12.4,44.23065,-123.16275,107
8/11/2021 18:00,26,3,1,0,12.4,44.23065,-123.16275,108
8/11/2021 18:10,26,3,1,0.41194292,12.4,44.23065,-123.16275,107
8/11/2021 18:20,26,3,1,0,12.4,44.23065,-123.16275,108
8/11/2021 18:30,26,3,1,0.341121146,12.4,44.23065,-123.16275,107
8/11/2021 18:40,26,3,1,0,12.4,44.23065,-123.16275,107
8/11/2021 18:50,26,3,1,0,12.4,44.23065,-123.16275,108
8/11/2021 19:00,26,3,1,0,12.4,44.23065,-123.16275,107
8/11/2021 19:10,26,3,1,0.357770876,11.6,44.23065,-123.16275,107
8/11/2021 19:20,26,3,1,0.357770876,12.4,44.23065,-123.16275,108
8/11/2021 19:30,26,3,1,0,12.4,44.23065,-123.16275,108
8/11/2021 19:40,26,3,1,0,12.4,44.23065,-123.16275,108
8/11/2021 19:50,26,3,1,0,12.4,44.23065,-123.16275,108
8/11/2021 20:00,26,3,1,0.461880215,13.2,44.23065,-123.16275,107
8/11/2021 20:10,26,3,1,0,12.4,44.23065,-123.16275,107
8/11/2021 20:20,26,3,1,0.230940108,12.4,44.23065,-123.16275,107
8/11/2021 20:30,26,3,1,0.252982213,12.4,44.23065,-123.16275,107
8/11/2021 20:40,26,3,1,0,12.4,44.23065,-123.16275,108
8/11/2021 20:50,26,3,1,0.230940108,12.4,44.23065,-123.16275,107
8/11/2021 21:00,26,3,1,0,12.4,44.23065,-123.16275,107
8/11/2021 21:10,26,3,1,0.230940108,12.4,44.23065,-123.16275,107
8/11/2021 21:20,26,3,1,0.230940108,12.4,44.23065,-123.16275,107
8/11/2021 21:30,26,3,1,0.230940108,13.2,44.23065,-123.16275,109
8/11/2021 21:40,26,3,1,0.230940108,13.2,44.23065,-123.16275,108
8/11/2021 21:50,26,3,1,0.341121146,12.4,44.23065,-123.16275,108
8/11/2021 22:00,26,3,1,0,12.4,44.23065,-123.16275,108
8/11/2021 22:10,26,3,1,0.311399578,13.2,44.23065,-123.16275,107
8/11/2021 22:20,26,3,1,0.311399578,13.2,44.23065,-123.16275,108
8/11/2021 22:30,26,3,1,0.361813613,12.4,44.23065,-123.16275,107
8/11/2021 22:40,26,3,1,0.230940108,12.4,44.23065,-123.16275,107
8/11/2021 22:50,26,3,1,0.341121146,12.4,44.23065,-123.16275,107
8/11/2021 23:00,26,3,1,0.341121146,12.4,44.23065,-123.16275,107
8/11/2021 23:10,26,3,1,0.230940108,12.4,44.23065,-123.16275,107
8/11/2021 23:20,26,3,1,0.41194292,12.4,44.23065,-123.16275,107
8/11/2021 23:30,26,3,1,0.361813613,12.4,44.23065,-123.16275,106
8/11/2021 23:40,26,3,1,0.230940108,12.4,44.23065,-123.16275,106
8/11/2021 23:50,26,3,1,0.41194292,12.4,44.23065,-123.16275,106
8/12/2021 0:00,26,3,1,0.341121146,13.2,44.23065,-123.16275,106
8/12/2021 0:10,26,3,1,0,12.4,44.23065,-123.16275,106
8/12/2021 0:20,26,3,1,0,12.4,44.23065,-123.16275,106
8/12/2021 0:30,26,3,1,0.357770876,13.2,44.23065,-123.16275,106
8/12/2021 0:40,26,3,1,0.230940108,13.2,44.23065,-123.16275,106
8/12/2021 0:50,26,3,1,0.241209076,12.4,44.23065,-123.16275,106
8/12/2021 1:00,26,3,1,0.230940108,12.4,44.23065,-123.16275,106
8/12/2021 1:10,26,3,1,0.241209076,12.4,44.23065,-123.16275,107
8/12/2021 1:20,26,3,1,0,12.4,44.23065,-123.16275,106
8/12/2021 1:30,26,3,1,0.311399578,12.4,44.23065,-123.16275,106
8/12/2021 1:40,26,3,1,0.230940108,11.6,44.23065,-123.16275,106
8/12/2021 1:50,26,3,1,0.230940108,12.4,44.23065,-123.16275,107
8/12/2021 2:00,26,3,1,0,12.4,44.23065,-123.16275,107
8/12/2021 2:10,26,3,1,0,12.4,44.23065,-123.16275,107
8/12/2021 2:20,26,3,1,0,12.4,44.23065,-123.16275,107
8/12/2021 2:30,26,3,1,0.230940108,12.4,44.23065,-123.16275,107
8/12/2021 2:40,26,3,1,0,12.4,44.23065,-123.16275,107
8/12/2021 2:50,26,3,1,0.230940108,12.4,44.23065,-123.16275,107
8/12/2021 3:00,26,3,1,0.311399578,12.4,44.23065,-123.16275,107
8/12/2021 3:10,26,3,1,0,12.4,44.23065,-123.16275,107
8/12/2021 3:20,26,3,1,0.230940108,12.4,44.23065,-123.16275,107
8/12/2021 3:30,26,3,1,0.230940108,12.4,44.23065,-123.16275,107
8/12/2021 3:40,26,3,1,0.230940108,12.4,44.23065,-123.16275,107
8/12/2021 3:50,26,3,1,0.341121146,12.4,44.23065,-123.16275,107
8/12/2021 4:00,26,3,1,0.341121146,12.4,44.23065,-123.16275,107
8/12/2021 4:10,26,3,1,0.230940108,12.4,44.23065,-123.16275,107
8/12/2021 4:20,26,3,1,0.311399578,12.4,44.23065,-123.16275,106
8/12/2021 4:30,26,3,1,0,12.4,44.23065,-123.16275,107
8/12/2021 4:40,26,3,1,0.41194292,12.4,44.23065,-123.16275,106
8/12/2021 4:50,26,3,1,0.41194292,12.4,44.23065,-123.16275,107
8/12/2021 5:00,26,3,1,0,12.4,44.23065,-123.16275,107
8/12/2021 5:10,26,3,1,0,12.4,44.23065,-123.16275,107
8/12/2021 5:20,26,3,1,0.311399578,12.4,44.23065,-123.16275,107
8/12/2021 5:30,26,3,1,0.337309617,12.4,44.23065,-123.16275,107
8/12/2021 5:40,26,3,1,0,12.4,44.23065,-123.16275,108
8/12/2021 5:50,26,3,1,0.241209076,12.4,44.23065,-123.16275,107
8/12/2021 6:00,26,3,1,0.230940108,12.4,44.23065,-123.16275,107
8/12/2021 6:10,26,3,1,0.230940108,12.4,44.23065,-123.16275,108
8/12/2021 6:20,26,3,1,0.230940108,12.4,44.23065,-123.16275,107
8/12/2021 6:30,26,3,1,0.230940108,12.4,44.23065,-123.16275,107
8/12/2021 6:40,26,3,1,0.311399578,12.4,44.23065,-123.16275,108
8/12/2021 6:50,26,3,1,0.230940108,12.4,44.23065,-123.16275,107
8/12/2021 7:00,26,3,1,0,12.4,44.23065,-123.16275,107
8/12/2021 7:10,26,3,1,0,12.4,44.23065,-123.16275,108
8/12/2021 7:20,26,3,1,0,12.4,44.23065,-123.16275,107
8/12/2021 7:30,26,3,1,0.341121146,12.4,44.23065,-123.16275,107
8/12/2021 7:40,26,3,1,0.230940108,12.4,44.23065,-123.16275,107
8/12/2021 7:50,26,3,1,0.311399578,13.2,44.23065,-123.16275,107
8/12/2021 8:00,26,3,1,0,12.4,44.23065,-123.16275,107
8/12/2021 8:10,26,3,1,0.361813613,12.4,44.23065,-123.16275,107
8/12/2021 8:20,26,3,1,0.230940108,12.4,44.23065,-123.16275,106
8/12/2021 8:30,26,3,1,0.230940108,12.4,44.23065,-123.16275,107
8/12/2021 8:40,26,3,1,0.311399578,12.4,44.23065,-123.16275,107
8/12/2021 8:50,26,3,1,0.230940108,12.4,44.23065,-123.16275,107
8/12/2021 9:00,26,3,1,0.230940108,12.4,44.23065,-123.16275,106
8/12/2021 9:10,26,3,1,0.311399578,12.4,44.23065,-123.16275,106
8/12/2021 9:20,26,3,1,0,12.4,44.23065,-123.16275,106
8/12/2021 9:30,26,3,1,0.341121146,12.4,44.23065,-123.16275,105
8/12/2021 9:40,26,3,1,0.341121146,12.4,44.23065,-123.16275,106
8/12/2021 9:50,26,3,1,0,12.4,44.23065,-123.16275,107
8/12/2021 10:00,26,3,1,0,13.2,44.23065,-123.16275,106
8/12/2021 10:10,26,3,1,0.230940108,13.2,44.23065,-123.16275,106
8/12/2021 10:20,26,3,1,0.41194292,13.2,44.23065,-123.16275,105
8/12/2021 10:30,26,3,1,0.311399578,13.2,44.23065,-123.16275,106
8/12/2021 10:40,26,3,1,0.230940108,13.2,44.23065,-123.16275,107
8/12/2021 10:50,26,3,1,0.230940108,13.2,44.23065,-123.16275,106
8/12/2021 11:00,26,3,1,0.431487912,13.2,44.23065,-123.16275,106
8/12/2021 11:10,26,3,1,0,13.2,44.23065,-123.16275,107
8/12/2021 11:20,26,3,1,0.241209076,13.2,44.23065,-123.16275,108
8/12/2021 11:30,26,3,1,0.311399578,13.2,44.23065,-123.16275,107
8/12/2021 11:40,26,3,1,0,13.2,44.23065,-123.16275,107
8/12/2021 11:50,26,3,1,0,13.2,44.23065,-123.16275,107
8/12/2021 12:00,26,3,1,0,13.2,44.23065,-123.16275,108
8/12/2021 12:10,26,3,1,0.230940108,13.2,44.23065,-123.16275,108
8/12/2021 12:20,26,3,1,0,13.2,44.23065,-123.16275,109
8/12/2021 12:30,26,3,1,0.230940108,14,44.23065,-123.16275,108
8/12/2021 12:40,26,3,1,0.230940108,13.2,44.23065,-123.16275,108
8/12/2021 12:50,26,3,1,0.534846339,13.2,44.23065,-123.16275,107
8/12/2021 13:00,26,3,1,0,13.2,44.23065,-123.16275,108
8/12/2021 13:10,26,3,1,0.230940108,13.2,44.23065,-123.16275,108
8/12/2021 13:20,26,3,1,0.341121146,14,44.23065,-123.16275,109
8/12/2021 13:30,26,3,1,0.341121146,13.2,44.23065,-123.16275,107
8/12/2021 13:40,26,3,1,0.534846339,14,44.23065,-123.16275,108
8/12/2021 13:50,26,3,1,0.230940108,14,44.23065,-123.16275,107
8/12/2021 14:00,26,3,1,0.41194292,13.2,44.23065,-123.16275,108
8/12/2021 14:10,26,3,1,0.230940108,13.2,44.23065,-123.16275,107
8/12/2021 14:20,26,3,1,0.311399578,13.2,44.23065,-123.16275,107
8/12/2021 14:30,26,3,1,0.230940108,13.2,44.23065,-123.16275,108
8/12/2021 14:40,26,3,1,0,13.2,44.23065,-123.16275,108
8/12/2021 14:50,26,3,1,0.230940108,13.2,44.23065,-123.16275,107
8/12/2021 15:00,26,3,1,0.230940108,13.2,44.23065,-123.16275,107
8/12/2021 15:10,26,3,1,0.361813613,13.2,44.23065,-123.16275,107
8/12/2021 15:20,26,3,1,0.311399578,13.2,44.23065,-123.16275,107
8/12/2021 15:30,26,3,1,0.361813613,13.2,44.23065,-123.16275,107
8/12/2021 15:40,26,3,1,0.230940108,13.2,44.23065,-123.16275,106
8/12/2021 15:50,26,3,1,0,13.2,44.23065,-123.16275,105
8/12/2021 16:00,26,3,1,0.241209076,13.2,44.23065,-123.16275,107
8/12/2021 16:10,26,3,1,0.252982213,12.4,44.23065,-123.16275,106
8/12/2021 16:20,26,3,1,0,12.4,44.23065,-123.16275,105
8/12/2021 16:30,26,3,1,0,12.4,44.23065,-123.16275,106
8/12/2021 16:40,26,3,1,0.230940108,12.4,44.23065,-123.16275,106
8/12/2021 16:50,26,3,1,0,12.4,44.23065,-123.16275,106
8/12/2021 17:00,26,3,1,0,12.4,44.23065,-123.16275,105
8/12/2021 17:10,26,3,1,0,12.4,44.23065,-123.16275,105
8/12/2021 17:20,26,3,1,0.311399578,12.4,44.23065,-123.16275,105
8/12/2021 17:30,26,3,1,0,12.4,44.23065,-123.16275,105
8/12/2021 17:40,26,3,1,0.41194292,12.4,44.23065,-123.16275,106
8/12/2021 17:50,26,3,1,0.683880331,12.4,44.23065,-123.16275,106
8/12/2021 18:00,26,3,1,0.311399578,12.4,44.23065,-123.16275,106
8/12/2021 18:10,26,3,1,0.341121146,12.4,44.23065,-123.16275,106
8/12/2021 18:20,26,3,1,0.230940108,12.4,44.23065,-123.16275,106
8/12/2021 18:30,26,3,1,0.311399578,12.4,44.23065,-123.16275,106
8/12/2021 18:40,26,3,1,0,12.4,44.23065,-123.16275,107
8/12/2021 18:50,26,3,1,0.341121146,12.4,44.23065,-123.16275,107
8/12/2021 19:00,26,3,1,0.361813613,12.4,44.23065,-123.16275,106
8/12/2021 19:10,26,3,1,0.311399578,12.4,44.23065,-123.16275,106
8/12/2021 19:20,26,3,1,0.230940108,12.4,44.23065,-123.16275,105
8/12/2021 19:30,26,3,1,0.311399578,12.4,44.23065,-123.16275,104
8/12/2021 19:40,26,3,1,0.311399578,13.2,44.23065,-123.16275,104
8/12/2021 19:50,26,3,1,0.230940108,13.2,44.23065,-123.16275,105
8/12/2021 20:00,26,3,1,0.311399578,12.4,44.23065,-123.16275,105
8/12/2021 20:10,26,3,1,0.41194292,12.4,44.23065,-123.16275,104
8/12/2021 20:20,26,3,1,0.230940108,12.4,44.23065,-123.16275,105
8/12/2021 20:30,26,3,1,0.230940108,12.4,44.23065,-123.16275,105
8/12/2021 20:40,26,3,1,0,12.4,44.23065,-123.16275,106
8/12/2021 20:50,26,3,1,0,12.4,44.23065,-123.16275,106
8/12/2021 21:00,26,3,1,0.361813613,12.4,44.23065,-123.16275,106
8/12/2021 21:10,26,3,1,0.357770876,12.4,44.23065,-123.16275,106
8/12/2021 21:20,26,3,1,0,12.4,44.23065,-123.16275,106
8/12/2021 21:30,26,3,1,0.427617987,11.6,44.23065,-123.16275,106
8/12/2021 21:40,26,3,1,0.252982213,12.4,44.23065,-123.16275,106
8/12/2021 21:50,26,3,1,0.230940108,12.4,44.23065,-123.16275,106
8/12/2021 22:00,26,3,1,0.252982213,12.4,44.23065,-123.16275,106
8/12/2021 22:10,26,3,1,0.341121146,12.4,44.23065,-123.16275,107
8/12/2021 22:20,26,3,1,0,12.4,44.23065,-123.16275,107
8/12/2021 22:30,26,3,1,0.41194292,11.6,44.23065,-123.16275,107
8/12/2021 22:40,26,3,1,0,12.4,44.23065,-123.16275,107
8/12/2021 22:50,26,3,1,0,12.4,44.23065,-123.16275,108
8/12/2021 23:00,26,3,1,0,12.4,44.23065,-123.16275,107
8/12/2021 23:10,26,3,1,0.41194292,12.4,44.23065,-123.16275,108
8/12/2021 23:20,26,3,1,0.230940108,12.4,44.23065,-123.16275,108
8/12/2021 23:30,26,3,1,0.497265248,12.4,44.23065,-123.16275,107
8/12/2021 23:40,26,3,1,0.361813613,13.2,44.23065,-123.16275,107
8/12/2021 23:50,26,3,1,0.361813613,12.4,44.23065,-123.16275,108
8/13/2021 0:00,26,3,1,0.230940108,12.4,44.23065,-123.16275,107
8/13/2021 0:10,26,3,1,0.230940108,12.4,44.23065,-123.16275,107
8/13/2021 0:20,26,3,1,0.311399578,12.4,44.23065,-123.16275,108
8/13/2021 0:30,26,3,1,0.311399578,13.2,44.23065,-123.16275,107
8/13/2021 0:40,26,3,1,0.230940108,12.4,44.23065,-123.16275,108
8/13/2021 0:50,26,3,1,0.41194292,13.2,44.23065,-123.16275,108
8/13/2021 1:00,26,3,1,0.311399578,12.4,44.23065,-123.16275,108
8/13/2021 1:10,26,3,1,0.230940108,12.4,44.23065,-123.16275,108
8/13/2021 1:20,26,3,1,0.341121146,12.4,44.23065,-123.16275,108
8/13/2021 1:30,26,3,1,0.230940108,12.4,44.23065,-123.16275,108
8/13/2021 1:40,26,3,1,0.311399578,13.2,44.23065,-123.16275,108
8/13/2021 1:50,26,3,1,0.323615934,12.4,44.23065,-123.16275,109
8/13/2021 2:00,26,3,1,0,12.4,44.23065,-123.16275,108
8/13/2021 2:10,26,3,1,0,12.4,44.23065,-123.16275,108
8/13/2021 2:20,26,3,1,0.241209076,12.4,44.23065,-123.16275,108
8/13/2021 2:30,26,3,1,0,12.4,44.23065,-123.16275,108
8/13/2021 2:40,26,3,1,0,12.4,44.23065,-123.16275,108
8/13/2021 2:50,26,3,1,0.230940108,12.4,44.23065,-123.16275,108
8/13/2021 3:00,26,3,1,0.230940108,13.2,44.23065,-123.16275,108
8/13/2021 3:10,26,3,1,0,12.4,44.23065,-123.16275,108
8/13/2021 3:20,26,3,1,0.311399578,12.4,44.23065,-123.16275,108
8/13/2021 3:30,26,3,1,0.230940108,12.4,44.23065,-123.16275,108
8/13/2021 3:40,26,3,1,0.461880215,12.4,44.23065,-123.16275,108
8/13/2021 3:50,26,3,1,0.230940108,12.4,44.23065,-123.16275,108
8/13/2021 4:00,26,3,1,0.311399578,12.4,44.23065,-123.16275,108
8/13/2021 4:10,26,3,1,0,12.4,44.23065,-123.16275,108
8/13/2021 4:20,26,3,1,0.341121146,12.4,44.23065,-123.16275,108
8/13/2021 4:30,26,3,1,0.361813613,13.2,44.23065,-123.16275,108
8/13/2021 4:40,26,3,1,0,12.4,44.23065,-123.16275,108
8/13/2021 4:50,26,3,1,0.230940108,12.4,44.23065,-123.16275,109
8/13/2021 5:00,26,3,1,0.230940108,13.2,44.23065,-123.16275,109
8/13/2021 5:10,26,3,1,0.230940108,12.4,44.23065,-123.16275,108
8/13/2021 5:20,26,3,1,0.230940108,12.4,44.23065,-123.16275,108
8/13/2021 5:40,26,3,1,0,12.4,44.23065,-123.16275,108
8/13/2021 5:50,26,3,1,0.230940108,12.4,44.23065,-123.16275,108
8/13/2021 6:00,26,3,1,0.361813613,12.4,44.23065,-123.16275,108
8/13/2021 6:10,26,3,1,0.230940108,12.4,44.23065,-123.16275,108
8/13/2021 6:20,26,3,1,0.230940108,13.2,44.23065,-123.16275,108
8/13/2021 6:30,26,3,1,0.341121146,12.4,44.23065,-123.16275,109
8/13/2021 6:40,26,3,1,0,12.4,44.23065,-123.16275,109
8/13/2021 6:50,26,3,1,0,12.4,44.23065,-123.16275,109
8/13/2021 7:00,26,3,1,0.230940108,12.4,44.23065,-123.16275,109
8/13/2021 7:10,26,3,1,0,12.4,44.23065,-123.16275,109
8/13/2021 7:20,26,3,1,0.241209076,13.2,44.23065,-123.16275,109
8/13/2021 7:30,26,3,1,0.230940108,12.4,44.23065,-123.16275,108
8/13/2021 7:40,26,3,1,0.341121146,12.4,44.23065,-123.16275,109
8/13/2021 7:50,26,3,1,0,12.4,44.23065,-123.16275,109
8/13/2021 8:00,26,3,1,0.311399578,12.4,44.23065,-123.16275,108
8/13/2021 8:10,26,3,1,0.482418151,12.4,44.23065,-123.16275,108
8/13/2021 8:20,26,3,1,0.230940108,12.4,44.23065,-123.16275,108
8/13/2021 8:30,26,3,1,0.230940108,12.4,44.23065,-123.16275,108
8/13/2021 8:40,26,3,1,0.311399578,12.4,44.23065,-123.16275,108
8/13/2021 8:50,26,3,1,0,12.4,44.23065,-123.16275,108
8/13/2021 9:00,26,3,1,0.41194292,12.4,44.23065,-123.16275,108
8/13/2021 9:10,26,3,1,0,12.4,44.23065,-123.16275,108
8/13/2021 9:20,26,3,1,0.361813613,12.4,44.23065,-123.16275,108
8/13/2021 9:30,26,3,1,0.534846339,12.4,44.23065,-123.16275,109
8/13/2021 9:40,26,3,1,0,12.4,44.23065,-123.16275,108
8/13/2021 9:50,26,3,1,0.230940108,13.2,44.23065,-123.16275,108
8/13/2021 10:00,26,3,1,0.230940108,13.2,44.23065,-123.16275,108
8/13/2021 10:10,26,3,1,0.230940108,13.2,44.23065,-123.16275,107
8/13/2021 10:20,26,3,1,0.230940108,13.2,44.23065,-123.16275,108
8/13/2021 10:30,26,3,1,0.311399578,14,44.23065,-123.16275,108
8/13/2021 10:40,26,3,1,0.41194292,13.2,44.23065,-123.16275,108
8/13/2021 10:50,26,3,1,0.230940108,13.2,44.23065,-123.16275,107
8/13/2021 11:00,26,3,1,0.230940108,13.2,44.23065,-123.16275,107
8/13/2021 11:10,26,3,1,0.461880215,14,44.23065,-123.16275,108
8/13/2021 11:20,26,3,1,0.230940108,13.2,44.23065,-123.16275,107
8/13/2021 11:30,26,3,1,0.341121146,13.2,44.23065,-123.16275,106
8/13/2021 11:40,26,3,1,0.341121146,13.2,44.23065,-123.16275,107
8/13/2021 11:50,26,3,1,0.41194292,13.2,44.23065,-123.16275,107
8/13/2021 12:00,26,3,1,0.230940108,13.2,44.23065,-123.16275,107
8/13/2021 12:10,26,3,1,0,13.2,44.23065,-123.16275,107
8/13/2021 12:20,26,3,1,0.230940108,13.2,44.23065,-123.16275,106
8/13/2021 12:30,26,3,1,0.230940108,13.2,44.23065,-123.16275,106
8/13/2021 12:40,26,3,1,0.431487912,13.2,44.23065,-123.16275,105
8/13/2021 12:50,26,3,1,0.241209076,13.2,44.23065,-123.16275,106
8/13/2021 13:00,26,3,1,0.241209076,13.2,44.23065,-123.16275,105
8/13/2021 13:10,26,3,1,0.41194292,13.2,44.23065,-123.16275,106
8/13/2021 13:20,26,3,1,0.341121146,13.2,44.23065,-123.16275,107
8/13/2021 13:30,26,3,1,0.282842712,13.2,44.23065,-123.16275,106
8/13/2021 13:40,26,3,1,0.332940946,13.2,44.23065,-123.16275,105
8/13/2021 13:50,26,3,1,0.435124503,13.2,44.23065,-123.16275,106
8/13/2021 14:00,26,3,1,0.230940108,13.2,44.23065,-123.16275,106
8/13/2021 14:10,26,3,1,0.361813613,13.2,44.23065,-123.16275,106
8/13/2021 14:20,26,3,1,0.361813613,13.2,44.23065,-123.16275,107
8/13/2021 14:30,26,3,1,0.34299717,13.2,44.23065,-123.16275,106
8/13/2021 14:40,26,3,1,0.230940108,13.2,44.23065,-123.16275,106
8/13/2021 14:50,26,3,1,0.331231468,13.2,44.23065,-123.16275,105
8/13/2021 15:00,26,3,1,0.230940108,13.2,44.23065,-123.16275,104
8/13/2021 15:10,26,3,1,0,13.2,44.23065,-123.16275,108
8/13/2021 15:20,26,3,1,0.311399578,13.2,44.23065,-123.16275,105
8/13/2021 15:30,26,3,1,0.361813613,14,44.23065,-123.16275,105
8/13/2021 15:40,26,3,1,0.361813613,13.2,44.23065,-123.16275,105
8/13/2021 15:50,26,3,1,0.230940108,13.2,44.23065,-123.16275,106
8/13/2021 16:00,26,3,1,0,13.2,44.23065,-123.16275,106
8/13/2021 16:10,26,3,1,0.230940108,14,44.23065,-123.16275,106
8/13/2021 16:20,26,3,1,0.230940108,13.2,44.23065,-123.16275,105
8/13/2021 16:30,26,3,1,0.361813613,13.2,44.23065,-123.16275,105
8/13/2021 16:40,26,3,1,0,13.2,44.23065,-123.16275,106
8/13/2021 16:50,26,3,1,0,13.2,44.23065,-123.16275,106
8/13/2021 17:00,26,3,1,0.230940108,13.2,44.23065,-123.16275,106
8/13/2021 17:10,26,3,1,0.252982213,13.2,44.23065,-123.16275,105
8/13/2021 17:20,26,3,1,0.230940108,14,44.23065,-123.16275,106
8/13/2021 17:30,26,3,1,0.241209076,13.2,44.23065,-123.16275,106
8/13/2021 17:40,26,3,1,0,13.2,44.23065,-123.16275,105
8/13/2021 17:50,26,3,1,0.311399578,12.4,44.23065,-123.16275,106
8/13/2021 18:00,26,3,1,0.341121146,12.4,44.23065,-123.16275,106
8/13/2021 18:10,26,3,1,0.41194292,13.2,44.23065,-123.16275,105
8/13/2021 18:20,26,3,1,0.341121146,13.2,44.23065,-123.16275,106
8/13/2021 18:30,26,3,1,0,12.4,44.23065,-123.16275,105
8/13/2021 18:40,26,3,1,0,12.4,44.23065,-123.16275,105
8/13/2021 18:50,26,3,1,0.230940108,12.4,44.23065,-123.16275,105
8/13/2021 19:00,26,3,1,0.230940108,12.4,44.23065,-123.16275,105
8/13/2021 19:10,26,3,1,0.230940108,12.4,44.23065,-123.16275,106
8/13/2021 19:20,26,3,1,0,12.4,44.23065,-123.16275,106
8/13/2021 19:30,26,3,1,0,12.4,44.23065,-123.16275,105
8/13/2021 19:40,26,3,1,0.230940108,12.4,44.23065,-123.16275,105
8/13/2021 19:50,26,3,1,0.341121146,12.4,44.23065,-123.16275,106
8/13/2021 20:00,26,3,1,0.230940108,12.4,44.23065,-123.16275,106
8/13/2021 20:10,26,3,1,0.230940108,12.4,44.23065,-123.16275,106
8/13/2021 20:20,26,3,1,0.230940108,12.4,44.23065,-123.16275,107
8/13/2021 20:30,26,3,1,0.230940108,12.4,44.23065,-123.16275,106
8/13/2021 20:40,26,3,1,0.230940108,12.4,44.23065,-123.16275,106
8/13/2021 20:50,26,3,1,0.230940108,12.4,44.23065,-123.16275,106
8/13/2021 21:00,26,3,1,0.230940108,12.4,44.23065,-123.16275,107
8/13/2021 21:10,26,3,1,0.230940108,12.4,44.23065,-123.16275,106
8/13/2021 21:20,26,3,1,0.461880215,12.4,44.23065,-123.16275,107
8/13/2021 21:30,26,3,1,NA,12.4,44.23065,-123.16275,106
8/13/2021 21:40,26,3,1,0.241209076,12.4,44.23065,-123.16275,107
8/13/2021 21:50,26,3,1,0.230940108,12.4,44.23065,-123.16275,107
8/13/2021 22:00,26,3,1,0.230940108,12.4,44.23065,-123.16275,106
8/13/2021 22:10,26,3,1,0.266666667,12.4,44.23065,-123.16275,106
8/13/2021 22:20,26,3,1,0.230940108,12.4,44.23065,-123.16275,106
8/13/2021 22:30,26,3,1,0.230940108,13.2,44.23065,-123.16275,106
8/13/2021 22:40,26,3,1,0.241209076,12.4,44.23065,-123.16275,106
8/13/2021 22:50,26,3,1,0.252982213,12.4,44.23065,-123.16275,107
8/13/2021 23:00,26,3,1,0.241209076,12.4,44.23065,-123.16275,107
8/13/2021 23:10,26,3,1,0.230940108,12.4,44.23065,-123.16275,107
8/13/2021 23:20,26,3,1,0.461880215,12.4,44.23065,-123.16275,107
8/13/2021 23:30,26,3,1,0.341121146,13.2,44.23065,-123.16275,107
8/13/2021 23:40,26,3,1,0,12.4,44.23065,-123.16275,108
8/13/2021 23:50,26,3,1,0.361813613,12.4,44.23065,-123.16275,108
8/14/2021 0:00,26,3,1,0.41194292,13.2,44.23065,-123.16275,108
8/14/2021 0:10,26,3,1,0.230940108,12.4,44.23065,-123.16275,108
8/14/2021 0:20,26,3,1,0.341121146,12.4,44.23065,-123.16275,108
8/14/2021 0:30,26,3,1,0.393892771,13.2,44.23065,-123.16275,108
8/14/2021 0:40,26,3,1,0,12.4,44.23065,-123.16275,107
8/14/2021 0:50,26,3,1,0.230940108,12.4,44.23065,-123.16275,108
8/14/2021 1:00,26,3,1,0,12.4,44.23065,-123.16275,107
8/14/2021 1:10,26,3,1,0,12.4,44.23065,-123.16275,108
8/14/2021 1:20,26,3,1,0.241209076,12.4,44.23065,-123.16275,108
8/14/2021 1:30,26,3,1,0.241209076,12.4,44.23065,-123.16275,108
8/14/2021 1:40,26,3,1,0.230940108,12.4,44.23065,-123.16275,108
8/14/2021 1:50,26,3,1,0.311399578,12.4,44.23065,-123.16275,108
8/14/2021 2:00,26,3,1,0,12.4,44.23065,-123.16275,108
8/14/2021 2:10,26,3,1,0.341121146,12.4,44.23065,-123.16275,108
8/14/2021 2:20,26,3,1,0,12.4,44.23065,-123.16275,108
8/14/2021 2:30,26,3,1,0,12.4,44.23065,-123.16275,108
8/14/2021 2:40,26,3,1,0,12.4,44.23065,-123.16275,109
8/14/2021 2:50,26,3,1,0.230940108,12.4,44.23065,-123.16275,109
8/14/2021 3:00,26,3,1,0.341121146,11.6,44.23065,-123.16275,108
8/14/2021 3:10,26,3,1,0,12.4,44.23065,-123.16275,108
8/14/2021 3:20,26,3,1,0,12.4,44.23065,-123.16275,108
8/14/2021 3:30,26,3,1,0.377123617,12.4,44.23065,-123.16275,109
8/14/2021 3:40,26,3,1,0,12.4,44.23065,-123.16275,108
8/14/2021 3:50,26,3,1,0,12.4,44.23065,-123.16275,109
8/14/2021 4:00,26,3,1,0,12.4,44.23065,-123.16275,109
8/14/2021 4:10,26,3,1,0.230940108,12.4,44.23065,-123.16275,109
8/14/2021 4:20,26,3,1,0.230940108,12.4,44.23065,-123.16275,109
8/14/2021 4:30,26,3,1,0.230940108,12.4,44.23065,-123.16275,109
8/14/2021 4:40,26,3,1,0.341121146,12.4,44.23065,-123.16275,109
8/14/2021 4:50,26,3,1,0.230940108,13.2,44.23065,-123.16275,108
8/14/2021 5:00,26,3,1,0.394838493,12.4,44.23065,-123.16275,109
8/14/2021 5:10,26,3,1,0.311399578,13.2,44.23065,-123.16275,109
8/14/2021 5:20,26,3,1,0.311399578,12.4,44.23065,-123.16275,108
8/14/2021 5:40,26,3,1,0.41194292,12.4,44.23065,-123.16275,109
8/14/2021 5:50,26,3,1,0.341121146,12.4,44.23065,-123.16275,109
8/14/2021 6:00,26,3,1,0.311399578,12.4,44.23065,-123.16275,109
8/14/2021 6:10,26,3,1,0,12.4,44.23065,-123.16275,109
8/14/2021 6:20,26,3,1,0.341121146,12.4,44.23065,-123.16275,109
8/14/2021 6:30,26,3,1,0.230940108,13.2,44.23065,-123.16275,109
8/14/2021 6:40,26,3,1,0.230940108,12.4,44.23065,-123.16275,109
8/14/2021 6:50,26,3,1,0.393892771,13.2,44.23065,-123.16275,109
8/14/2021 7:00,26,3,1,0.230940108,12.4,44.23065,-123.16275,109
8/14/2021 7:10,26,3,1,0,12.4,44.23065,-123.16275,109
8/14/2021 7:20,26,3,1,0.230940108,12.4,44.23065,-123.16275,109
8/14/2021 7:30,26,3,1,0.230940108,12.4,44.23065,-123.16275,108
8/14/2021 7:40,26,3,1,0,12.4,44.23065,-123.16275,109
8/14/2021 7:50,26,3,1,0.230940108,12.4,44.23065,-123.16275,108
8/14/2021 8:00,26,3,1,0.230940108,12.4,44.23065,-123.16275,109
8/14/2021 8:10,26,3,1,0,12.4,44.23065,-123.16275,109
8/14/2021 8:20,26,3,1,0,12.4,44.23065,-123.16275,108
8/14/2021 8:30,26,3,1,0.230940108,12.4,44.23065,-123.16275,109
8/14/2021 8:40,26,3,1,0.230940108,12.4,44.23065,-123.16275,109
8/14/2021 8:50,26,3,1,0.311399578,12.4,44.23065,-123.16275,109
8/14/2021 9:00,26,3,1,0.230940108,12.4,44.23065,-123.16275,108
8/14/2021 9:10,26,3,1,0,12.4,44.23065,-123.16275,108
8/14/2021 9:20,26,3,1,0.230940108,13.2,44.23065,-123.16275,108
8/14/2021 9:30,26,3,1,0.230940108,12.4,44.23065,-123.16275,109
8/14/2021 9:40,26,3,1,0.230940108,13.2,44.23065,-123.16275,109
8/14/2021 9:50,26,3,1,0.230940108,12.4,44.23065,-123.16275,109
8/14/2021 10:00,26,3,1,0.230940108,13.2,44.23065,-123.16275,108
8/14/2021 10:10,26,3,1,0.341121146,13.2,44.23065,-123.16275,109
8/14/2021 10:20,26,3,1,0.230940108,13.2,44.23065,-123.16275,109
8/14/2021 10:30,26,3,1,0,13.2,44.23065,-123.16275,110
8/14/2021 10:40,26,3,1,0.341121146,13.2,44.23065,-123.16275,108
8/14/2021 10:50,26,3,1,0,13.2,44.23065,-123.16275,109
8/14/2021 11:00,26,3,1,0.361813613,13.2,44.23065,-123.16275,108
8/14/2021 11:10,26,3,1,0.311399578,13.2,44.23065,-123.16275,108
8/14/2021 11:20,26,3,1,0.230940108,13.2,44.23065,-123.16275,108
8/14/2021 11:30,26,3,1,0.41194292,13.2,44.23065,-123.16275,109
8/14/2021 11:40,26,3,1,0,13.2,44.23065,-123.16275,108
8/14/2021 11:50,26,3,1,0.230940108,13.2,44.23065,-123.16275,108
8/14/2021 12:00,26,3,1,0.230940108,13.2,44.23065,-123.16275,108
8/14/2021 12:10,26,3,1,0.311399578,13.2,44.23065,-123.16275,108
8/14/2021 12:20,26,3,1,0,13.2,44.23065,-123.16275,108
8/14/2021 12:30,26,3,1,0.41194292,13.2,44.23065,-123.16275,107
8/14/2021 12:40,26,3,1,0.252982213,13.2,44.23065,-123.16275,108
8/14/2021 12:50,26,3,1,0.230940108,13.2,44.23065,-123.16275,107
8/14/2021 13:00,26,3,1,0.266666667,14,44.23065,-123.16275,107
8/14/2021 13:10,26,3,1,0.230940108,13.2,44.23065,-123.16275,107
8/14/2021 13:20,26,3,1,0.230940108,13.2,44.23065,-123.16275,107
8/14/2021 13:30,26,3,1,0.230940108,13.2,44.23065,-123.16275,106
8/14/2021 13:40,26,3,1,0,13.2,44.23065,-123.16275,106
8/14/2021 13:50,26,3,1,0.311399578,13.2,44.23065,-123.16275,107
8/14/2021 14:00,26,3,1,0,13.2,44.23065,-123.16275,107
8/14/2021 14:10,26,3,1,0.41194292,13.2,44.23065,-123.16275,106
8/14/2021 14:20,26,3,1,0,13.2,44.23065,-123.16275,106
8/14/2021 14:30,26,3,1,0.311399578,13.2,44.23065,-123.16275,107
8/14/2021 14:40,26,3,1,0.230940108,13.2,44.23065,-123.16275,107
8/14/2021 14:50,26,3,1,0.341121146,13.2,44.23065,-123.16275,108
8/14/2021 15:00,26,3,1,0.311399578,13.2,44.23065,-123.16275,106
8/14/2021 15:10,26,3,1,0.230940108,13.2,44.23065,-123.16275,105
8/14/2021 15:20,26,3,1,0.230940108,13.2,44.23065,-123.16275,107
8/14/2021 15:30,26,3,1,0.230940108,13.2,44.23065,-123.16275,106
8/14/2021 15:40,26,3,1,0,13.2,44.23065,-123.16275,106
8/14/2021 15:50,26,3,1,0.241209076,13.2,44.23065,-123.16275,106
8/14/2021 16:00,26,3,1,0,13.2,44.23065,-123.16275,105
8/14/2021 16:10,26,3,1,0.41194292,12.4,44.23065,-123.16275,105
8/14/2021 16:20,26,3,1,0.230940108,12.4,44.23065,-123.16275,104
8/14/2021 16:30,26,3,1,0.311399578,12.4,44.23065,-123.16275,106
8/14/2021 16:40,26,3,1,0.311399578,13.2,44.23065,-123.16275,104
8/14/2021 16:50,26,3,1,0.341121146,13.2,44.23065,-123.16275,104
8/14/2021 17:00,26,3,1,0.230940108,12.4,44.23065,-123.16275,105
8/14/2021 17:10,26,3,1,0.230940108,12.4,44.23065,-123.16275,105
8/14/2021 17:20,26,3,1,0.230940108,12.4,44.23065,-123.16275,105
8/14/2021 17:30,26,3,1,0.230940108,11.6,44.23065,-123.16275,107
8/14/2021 17:40,26,3,1,0,12.4,44.23065,-123.16275,107
8/14/2021 17:50,26,3,1,0,12.4,44.23065,-123.16275,106
8/14/2021 18:00,26,3,1,0.266666667,12.4,44.23065,-123.16275,105
8/14/2021 18:10,26,3,1,0.357770876,12.4,44.23065,-123.16275,106
8/14/2021 18:20,26,3,1,0.41194292,12.4,44.23065,-123.16275,105
8/14/2021 18:30,26,3,1,0.241209076,12.4,44.23065,-123.16275,104
8/14/2021 18:40,26,3,1,0.230940108,13.2,44.23065,-123.16275,105
8/14/2021 18:50,26,3,1,0.341121146,12.4,44.23065,-123.16275,106
8/14/2021 19:00,26,3,1,0.230940108,12.4,44.23065,-123.16275,105
8/14/2021 19:10,26,3,1,0.230940108,12.4,44.23065,-123.16275,105
8/14/2021 19:20,26,3,1,0.230940108,12.4,44.23065,-123.16275,105
8/14/2021 19:30,26,3,1,0.41194292,13.2,44.23065,-123.16275,105
8/14/2021 19:40,26,3,1,0.311399578,12.4,44.23065,-123.16275,105
8/14/2021 19:50,26,3,1,0.230940108,12.4,44.23065,-123.16275,105
8/14/2021 20:00,26,3,1,0.311399578,13.2,44.23065,-123.16275,104
8/14/2021 20:10,26,3,1,0.230940108,12.4,44.23065,-123.16275,105
8/14/2021 20:20,26,3,1,0.896717661,12.4,44.23065,-123.16275,105
8/14/2021 20:30,26,3,1,0.311399578,12.4,44.23065,-123.16275,106
8/14/2021 20:40,26,3,1,0.230940108,13.2,44.23065,-123.16275,106
8/14/2021 20:50,26,3,1,0,12.4,44.23065,-123.16275,106
8/14/2021 21:00,26,3,1,0.230940108,12.4,44.23065,-123.16275,106
8/14/2021 21:10,26,3,1,0,12.4,44.23065,-123.16275,106
8/14/2021 21:20,26,3,1,0.230940108,12.4,44.23065,-123.16275,106
8/14/2021 21:30,26,3,1,0.311399578,12.4,44.23065,-123.16275,107
8/14/2021 21:40,26,3,1,0.230940108,11.6,44.23065,-123.16275,107
8/14/2021 21:50,26,3,1,0.311399578,12.4,44.23065,-123.16275,106
8/14/2021 22:00,26,3,1,0.230940108,12.4,44.23065,-123.16275,107
8/14/2021 22:10,26,3,1,0.361813613,12.4,44.23065,-123.16275,108
8/14/2021 22:20,26,3,1,0.341121146,12.4,44.23065,-123.16275,107
8/14/2021 22:30,26,3,1,0.41194292,12.4,44.23065,-123.16275,108
8/14/2021 22:40,26,3,1,0.377123617,12.4,44.23065,-123.16275,108
8/14/2021 22:50,26,3,1,0.341121146,12.4,44.23065,-123.16275,107
8/14/2021 23:00,26,3,1,0.241209076,12.4,44.23065,-123.16275,107
8/14/2021 23:10,26,3,1,0,12.4,44.23065,-123.16275,107
8/14/2021 23:20,26,3,1,0.252982213,12.4,44.23065,-123.16275,107
8/14/2021 23:30,26,3,1,0.230940108,12.4,44.23065,-123.16275,108
8/14/2021 23:40,26,3,1,0.241209076,12.4,44.23065,-123.16275,107
8/14/2021 23:50,26,3,1,0.230940108,12.4,44.23065,-123.16275,107
8/15/2021 0:00,26,3,1,0.357770876,12.4,44.23065,-123.16275,107
8/15/2021 0:10,26,3,1,0.230940108,12.4,44.23065,-123.16275,107
8/15/2021 0:20,26,3,1,0,12.4,44.23065,-123.16275,108
8/15/2021 0:30,26,3,1,0.230940108,12.4,44.23065,-123.16275,107
8/15/2021 0:40,26,3,1,0.230940108,13.2,44.23065,-123.16275,107
8/15/2021 0:50,26,3,1,0.230940108,12.4,44.23065,-123.16275,108
8/15/2021 1:00,26,3,1,0,12.4,44.23065,-123.16275,107
8/15/2021 1:10,26,3,1,0.311399578,12.4,44.23065,-123.16275,107
8/15/2021 1:20,26,3,1,0.41194292,12.4,44.23065,-123.16275,107
8/15/2021 1:30,26,3,1,0.311399578,12.4,44.23065,-123.16275,108
8/15/2021 1:40,26,3,1,0,12.4,44.23065,-123.16275,107
8/15/2021 1:50,26,3,1,0.230940108,12.4,44.23065,-123.16275,107
8/15/2021 2:00,26,3,1,0.230940108,12.4,44.23065,-123.16275,108
8/15/2021 2:10,26,3,1,0.41194292,12.4,44.23065,-123.16275,108
8/15/2021 2:20,26,3,1,0.341121146,12.4,44.23065,-123.16275,107
8/15/2021 2:30,26,3,1,0,12.4,44.23065,-123.16275,108
8/15/2021 2:40,26,3,1,0.230940108,12.4,44.23065,-123.16275,108
8/15/2021 2:50,26,3,1,0.230940108,12.4,44.23065,-123.16275,108
8/15/2021 3:00,26,3,1,0.341121146,11.6,44.23065,-123.16275,108
8/15/2021 3:10,26,3,1,0.230940108,12.4,44.23065,-123.16275,108
8/15/2021 3:20,26,3,1,0.230940108,12.4,44.23065,-123.16275,108
8/15/2021 3:30,26,3,1,0,12.4,44.23065,-123.16275,108
8/15/2021 3:40,26,3,1,0,12.4,44.23065,-123.16275,108
8/15/2021 3:50,26,3,1,0.311399578,12.4,44.23065,-123.16275,108
8/15/2021 4:00,26,3,1,0,12.4,44.23065,-123.16275,108
8/15/2021 4:10,26,3,1,0.230940108,12.4,44.23065,-123.16275,108
8/15/2021 4:20,26,3,1,0,12.4,44.23065,-123.16275,108
8/15/2021 4:30,26,3,1,0.341121146,12.4,44.23065,-123.16275,109
8/15/2021 4:40,26,3,1,0.311399578,13.2,44.23065,-123.16275,109
8/15/2021 4:50,26,3,1,0,12.4,44.23065,-123.16275,109
8/15/2021 5:00,26,3,1,0,12.4,44.23065,-123.16275,108
8/15/2021 5:10,26,3,1,0.341121146,11.6,44.23065,-123.16275,109
8/15/2021 5:20,26,3,1,0.230940108,12.4,44.23065,-123.16275,109
8/15/2021 5:30,26,3,1,0.230940108,12.4,44.23065,-123.16275,109
8/15/2021 5:40,26,3,1,0.311399578,12.4,44.23065,-123.16275,109
8/15/2021 5:50,26,3,1,0.341121146,12.4,44.23065,-123.16275,109
8/15/2021 6:00,26,3,1,0.41194292,12.4,44.23065,-123.16275,109
8/15/2021 6:10,26,3,1,0.230940108,12.4,44.23065,-123.16275,110
8/15/2021 6:20,26,3,1,0.323615934,12.4,44.23065,-123.16275,109
8/15/2021 6:30,26,3,1,0.241209076,12.4,44.23065,-123.16275,109
8/15/2021 6:40,26,3,1,0.41194292,12.4,44.23065,-123.16275,110
8/15/2021 6:50,26,3,1,0,12.4,44.23065,-123.16275,109
8/15/2021 7:00,26,3,1,0,12.4,44.23065,-123.16275,109
8/15/2021 7:10,26,3,1,0,12.4,44.23065,-123.16275,109
8/15/2021 7:20,26,3,1,0.41194292,12.4,44.23065,-123.16275,109
8/15/2021 7:30,26,3,1,0,12.4,44.23065,-123.16275,110
8/15/2021 7:40,26,3,1,0.230940108,12.4,44.23065,-123.16275,109
8/15/2021 7:50,26,3,1,0.230940108,12.4,44.23065,-123.16275,109
8/15/2021 8:00,26,3,1,0.230940108,12.4,44.23065,-123.16275,109
8/15/2021 8:10,26,3,1,0,12.4,44.23065,-123.16275,109
8/15/2021 8:20,26,3,1,0.323615934,12.4,44.23065,-123.16275,109
8/15/2021 8:30,26,3,1,0.241209076,12.4,44.23065,-123.16275,109
8/15/2021 8:40,26,3,1,0.241209076,12.4,44.23065,-123.16275,109
8/15/2021 8:50,26,3,1,0.230940108,12.4,44.23065,-123.16275,109
8/15/2021 9:00,26,3,1,0.517335833,12.4,44.23065,-123.16275,109
8/15/2021 9:10,26,3,1,0.230940108,13.2,44.23065,-123.16275,108
8/15/2021 9:20,26,3,1,0.482418151,13.2,44.23065,-123.16275,108
8/15/2021 9:30,26,3,1,0.41194292,13.2,44.23065,-123.16275,108
8/15/2021 9:40,26,3,1,0.230940108,13.2,44.23065,-123.16275,108
8/15/2021 9:50,26,3,1,0,13.2,44.23065,-123.16275,108
8/15/2021 10:00,26,3,1,0.311399578,13.2,44.23065,-123.16275,108
8/15/2021 10:10,26,3,1,0.361813613,13.2,44.23065,-123.16275,108
8/15/2021 10:20,26,3,1,0.230940108,13.2,44.23065,-123.16275,108
8/15/2021 10:30,26,3,1,0.230940108,13.2,44.23065,-123.16275,108
8/15/2021 10:40,26,3,1,0.482418151,13.2,44.23065,-123.16275,108
8/15/2021 10:50,26,3,1,0.341121146,12.4,44.23065,-123.16275,108
8/15/2021 11:00,26,3,1,0.311399578,13.2,44.23065,-123.16275,107
8/15/2021 11:10,26,3,1,0,13.2,44.23065,-123.16275,108
8/15/2021 11:20,26,3,1,0.311399578,14,44.23065,-123.16275,109
8/15/2021 11:30,26,3,1,0.41194292,13.2,44.23065,-123.16275,109
8/15/2021 11:40,26,3,1,0.230940108,14,44.23065,-123.16275,108
8/15/2021 11:50,26,3,1,0.230940108,14,44.23065,-123.16275,108
8/15/2021 12:00,26,3,1,0.230940108,13.2,44.23065,-123.16275,108
8/15/2021 12:10,26,3,1,0,13.2,44.23065,-123.16275,108
8/15/2021 12:20,26,3,1,0,13.2,44.23065,-123.16275,108
8/15/2021 12:30,26,3,1,0.341121146,13.2,44.23065,-123.16275,108
8/15/2021 12:40,26,3,1,0.341121146,12.4,44.23065,-123.16275,107
8/15/2021 12:50,26,3,1,0.311399578,13.2,44.23065,-123.16275,108
8/15/2021 13:00,26,3,1,0.230940108,13.2,44.23065,-123.16275,106
8/15/2021 13:10,26,3,1,0.230940108,13.2,44.23065,-123.16275,106
8/15/2021 13:20,26,3,1,0.230940108,14,44.23065,-123.16275,106
8/15/2021 13:30,26,3,1,0.361813613,13.2,44.23065,-123.16275,106
8/15/2021 13:40,26,3,1,0.230940108,13.2,44.23065,-123.16275,106
8/15/2021 13:50,26,3,1,0.311399578,14,44.23065,-123.16275,105
8/15/2021 14:00,26,3,1,0.230940108,13.2,44.23065,-123.16275,106
8/15/2021 14:10,26,3,1,0.230940108,13.2,44.23065,-123.16275,106
8/15/2021 14:20,26,3,1,0.241209076,13.2,44.23065,-123.16275,105
8/15/2021 14:30,26,3,1,0.230940108,13.2,44.23065,-123.16275,105
8/15/2021 14:40,26,3,1,0.341121146,13.2,44.23065,-123.16275,106
8/15/2021 14:50,26,3,1,0.341121146,14,44.23065,-123.16275,105
8/15/2021 15:00,26,3,1,0.311399578,13.2,44.23065,-123.16275,104
8/15/2021 15:10,26,3,1,0.230940108,13.2,44.23065,-123.16275,113
8/15/2021 15:20,26,3,1,0.311399578,14,44.23065,-123.16275,104
8/15/2021 15:30,26,3,1,0.311399578,13.2,44.23065,-123.16275,105
8/15/2021 15:40,26,3,1,0,13.2,44.23065,-123.16275,105
8/15/2021 15:50,26,3,1,0.230940108,13.2,44.23065,-123.16275,104
8/15/2021 16:00,26,3,1,0.461880215,13.2,44.23065,-123.16275,106
8/15/2021 16:10,26,3,1,0.311399578,13.2,44.23065,-123.16275,106
8/15/2021 16:20,26,3,1,0.230940108,13.2,44.23065,-123.16275,106
8/15/2021 16:30,26,3,1,0.341121146,13.2,44.23065,-123.16275,105
8/15/2021 16:40,26,3,1,0.361813613,13.2,44.23065,-123.16275,105
8/15/2021 16:50,26,3,1,0.230940108,13.2,44.23065,-123.16275,105
8/15/2021 17:00,26,3,1,0.41194292,14,44.23065,-123.16275,106
8/15/2021 17:10,26,3,1,0.230940108,13.2,44.23065,-123.16275,104
8/15/2021 17:20,26,3,1,0.230940108,13.2,44.23065,-123.16275,105
8/15/2021 17:30,26,3,1,0.361813613,13.2,44.23065,-123.16275,107
8/15/2021 17:40,26,3,1,0.230940108,13.2,44.23065,-123.16275,105
8/15/2021 17:50,26,3,1,0.230940108,13.2,44.23065,-123.16275,106
8/15/2021 18:00,26,3,1,0.341121146,13.2,44.23065,-123.16275,105
8/15/2021 18:10,26,3,1,0.230940108,13.2,44.23065,-123.16275,104
8/15/2021 18:20,26,3,1,0.361813613,14,44.23065,-123.16275,105
8/15/2021 18:30,26,3,1,0,13.2,44.23065,-123.16275,105
8/15/2021 18:40,26,3,1,0.341121146,13.2,44.23065,-123.16275,104
8/15/2021 18:50,26,3,1,0,13.2,44.23065,-123.16275,103
8/15/2021 19:00,26,3,1,0.41194292,14,44.23065,-123.16275,101
8/15/2021 19:10,26,3,1,0.361813613,14,44.23065,-123.16275,101
8/15/2021 19:20,26,3,1,0,13.2,44.23065,-123.16275,103
8/15/2021 19:30,26,3,1,0.41194292,13.2,44.23065,-123.16275,103
8/15/2021 19:40,26,3,1,0,13.2,44.23065,-123.16275,103
8/15/2021 19:50,26,3,1,0.311399578,13.2,44.23065,-123.16275,104
8/15/2021 20:00,26,3,1,0.311399578,13.2,44.23065,-123.16275,104
8/15/2021 20:10,26,3,1,0.341121146,14,44.23065,-123.16275,105
8/15/2021 20:20,26,3,1,0.461880215,14,44.23065,-123.16275,106
8/15/2021 20:30,26,3,1,0.417786374,13.2,44.23065,-123.16275,106
8/15/2021 20:40,26,3,1,0,12.4,44.23065,-123.16275,105
8/15/2021 20:50,26,3,1,0,12.4,44.23065,-123.16275,106
8/15/2021 21:00,26,3,1,0.323615934,13.2,44.23065,-123.16275,107
8/15/2021 21:10,26,3,1,0.323615934,12.4,44.23065,-123.16275,106
8/15/2021 21:20,26,3,1,0.41194292,12.4,44.23065,-123.16275,108
8/15/2021 21:30,26,3,1,0.230940108,12.4,44.23065,-123.16275,107
8/15/2021 21:40,26,3,1,0.341121146,12.4,44.23065,-123.16275,107
8/15/2021 21:50,26,3,1,0.300427046,12.4,44.23065,-123.16275,108
8/15/2021 22:00,26,3,1,0,12.4,44.23065,-123.16275,108
8/15/2021 22:10,26,3,1,0.230940108,12.4,44.23065,-123.16275,109
8/15/2021 22:20,26,3,1,0.230940108,13.2,44.23065,-123.16275,109
8/15/2021 22:30,26,3,1,0,12.4,44.23065,-123.16275,109
8/15/2021 22:40,26,3,1,0,12.4,44.23065,-123.16275,110
8/15/2021 22:50,26,3,1,0.230940108,12.4,44.23065,-123.16275,109
8/15/2021 23:00,26,3,1,0.241209076,12.4,44.23065,-123.16275,108
8/15/2021 23:10,26,3,1,0,12.4,44.23065,-123.16275,107
8/15/2021 23:20,26,3,1,0.230940108,12.4,44.23065,-123.16275,107
8/15/2021 23:30,26,3,1,0.230940108,12.4,44.23065,-123.16275,108
8/15/2021 23:40,26,3,1,0.230940108,12.4,44.23065,-123.16275,108
8/15/2021 23:50,26,3,1,0.377123617,12.4,44.23065,-123.16275,108
8/16/2021 0:00,26,3,1,0.230940108,12.4,44.23065,-123.16275,109
8/16/2021 0:10,26,3,1,0,12.4,44.23065,-123.16275,109
8/16/2021 0:20,26,3,1,0.482418151,12.4,44.23065,-123.16275,110
8/16/2021 0:30,26,3,1,0.357770876,12.4,44.23065,-123.16275,110
8/16/2021 0:40,26,3,1,0,12.4,44.23065,-123.16275,110
8/16/2021 0:50,26,3,1,0.241209076,12.4,44.23065,-123.16275,110
8/16/2021 1:00,26,3,1,0.323615934,12.4,44.23065,-123.16275,107
8/16/2021 1:10,26,3,1,0,12.4,44.23065,-123.16275,106
8/16/2021 1:20,26,3,1,0.341121146,12.4,44.23065,-123.16275,103
8/16/2021 1:30,26,3,1,0,12.4,44.23065,-123.16275,102
8/16/2021 1:40,26,3,1,0,12.4,44.23065,-123.16275,101
8/16/2021 1:50,26,3,1,0.311399578,12.4,44.23065,-123.16275,102
8/16/2021 2:00,26,3,1,0.230940108,12.4,44.23065,-123.16275,102
8/16/2021 2:10,26,3,1,0.361813613,12.4,44.23065,-123.16275,103
8/16/2021 2:20,26,3,1,0,12.4,44.23065,-123.16275,102
8/16/2021 2:30,26,3,1,0.461880215,12.4,44.23065,-123.16275,102
8/16/2021 2:40,26,3,1,0.230940108,12.4,44.23065,-123.16275,101
8/16/2021 2:50,26,3,1,0.311399578,12.4,44.23065,-123.16275,102
8/16/2021 3:00,26,3,1,0.41194292,12.4,44.23065,-123.16275,102
8/16/2021 3:10,26,3,1,0.230940108,12.4,44.23065,-123.16275,103
8/16/2021 3:20,26,3,1,0.32249031,12.4,44.23065,-123.16275,105
8/16/2021 3:30,26,3,1,0.421089085,12.4,44.23065,-123.16275,106
8/16/2021 3:40,26,3,1,0.252241414,13.2,44.23065,-123.16275,108
8/16/2021 3:50,26,3,1,0.413118224,12.4,44.23065,-123.16275,109
8/16/2021 4:00,26,3,1,0.341121146,12.4,44.23065,-123.16275,109
8/16/2021 4:10,26,3,1,0.230940108,13.2,44.23065,-123.16275,110
8/16/2021 4:20,26,3,1,0.230940108,12.4,44.23065,-123.16275,110
8/16/2021 4:30,26,3,1,0,12.4,44.23065,-123.16275,111
8/16/2021 4:40,26,3,1,0.230940108,12.4,44.23065,-123.16275,110
8/16/2021 4:50,26,3,1,0,12.4,44.23065,-123.16275,110
8/16/2021 5:00,26,3,1,0.230940108,12.4,44.23065,-123.16275,110
8/16/2021 5:10,26,3,1,0,12.4,44.23065,-123.16275,110
8/16/2021 5:20,26,3,1,0.41194292,13.2,44.23065,-123.16275,110
8/16/2021 5:30,26,3,1,0,12.4,44.23065,-123.16275,109
8/16/2021 5:40,26,3,1,0,12.4,44.23065,-123.16275,109
8/16/2021 5:50,26,3,1,0.230940108,12.4,44.23065,-123.16275,110
8/16/2021 6:00,26,3,1,0,12.4,44.23065,-123.16275,109
8/16/2021 6:10,26,3,1,0.230940108,12.4,44.23065,-123.16275,109
8/16/2021 6:20,26,3,1,0.230940108,12.4,44.23065,-123.16275,109
8/16/2021 6:30,26,3,1,0.341121146,12.4,44.23065,-123.16275,108
8/16/2021 6:40,26,3,1,0.230940108,13.2,44.23065,-123.16275,109
8/16/2021 6:50,26,3,1,0,12.4,44.23065,-123.16275,109
8/16/2021 7:00,26,3,1,0,12.4,44.23065,-123.16275,108
8/16/2021 7:10,26,3,1,0.230940108,12.4,44.23065,-123.16275,108
8/16/2021 7:20,26,3,1,0.311399578,12.4,44.23065,-123.16275,108
8/16/2021 7:30,26,3,1,0.230940108,12.4,44.23065,-123.16275,108
8/16/2021 7:40,26,3,1,0,12.4,44.23065,-123.16275,107
8/16/2021 7:50,26,3,1,0.230940108,12.4,44.23065,-123.16275,108
8/16/2021 8:00,26,3,1,0.230940108,12.4,44.23065,-123.16275,108
8/16/2021 8:10,26,3,1,0.341121146,12.4,44.23065,-123.16275,107
8/16/2021 8:20,26,3,1,0.311399578,12.4,44.23065,-123.16275,107
8/16/2021 8:30,26,3,1,0.230940108,12.4,44.23065,-123.16275,107
8/16/2021 8:40,26,3,1,0.230940108,13.2,44.23065,-123.16275,107
8/16/2021 8:50,26,3,1,0.461880215,14,44.23065,-123.16275,107
8/16/2021 9:00,26,3,1,0,13.2,44.23065,-123.16275,107
8/16/2021 9:10,26,3,1,0.230940108,13.2,44.23065,-123.16275,107
8/16/2021 9:20,26,3,1,0.230940108,13.2,44.23065,-123.16275,107
8/16/2021 9:30,26,3,1,0.230940108,13.2,44.23065,-123.16275,107
8/16/2021 9:40,26,3,1,0.230940108,13.2,44.23065,-123.16275,107
8/16/2021 9:50,26,3,1,0.341121146,13.2,44.23065,-123.16275,106
8/16/2021 10:00,26,3,1,0,13.2,44.23065,-123.16275,107
8/16/2021 10:10,26,3,1,0.241209076,13.2,44.23065,-123.16275,107
8/16/2021 10:20,26,3,1,0.230940108,14.8,44.23065,-123.16275,107
8/16/2021 10:30,26,3,1,0.252982213,13.2,44.23065,-123.16275,108
8/16/2021 10:40,26,3,1,0,14,44.23065,-123.16275,107
8/16/2021 10:50,26,3,1,0.230940108,14,44.23065,-123.16275,107
8/16/2021 11:00,26,3,1,0.311399578,14,44.23065,-123.16275,107
8/16/2021 11:10,26,3,1,0.311399578,14,44.23065,-123.16275,107
8/16/2021 11:20,26,3,1,0.393892771,14.8,44.23065,-123.16275,107
8/16/2021 11:30,26,3,1,0.323615934,14,44.23065,-123.16275,107
8/16/2021 11:40,26,3,1,0.241209076,14,44.23065,-123.16275,108
8/16/2021 11:50,26,3,1,0.373679493,14,44.23065,-123.16275,108
8/16/2021 12:00,26,3,1,0,14,44.23065,-123.16275,107
8/16/2021 12:10,26,3,1,0.230940108,14,44.23065,-123.16275,108
8/16/2021 12:20,26,3,1,0.341121146,14,44.23065,-123.16275,107
8/16/2021 12:30,26,3,1,0.230940108,14,44.23065,-123.16275,108
8/16/2021 12:40,26,3,1,0.41194292,13.2,44.23065,-123.16275,108
8/16/2021 12:50,26,3,1,0,13.2,44.23065,-123.16275,109
8/16/2021 13:00,26,3,1,0.341121146,13.2,44.23065,-123.16275,108
8/16/2021 13:10,26,3,1,0.230940108,13.2,44.23065,-123.16275,109
8/16/2021 13:20,26,3,1,0.311399578,13.2,44.23065,-123.16275,109
8/16/2021 13:30,26,3,1,0.357770876,14,44.23065,-123.16275,109
8/16/2021 13:40,26,3,1,0.241209076,14,44.23065,-123.16275,110
8/16/2021 13:50,26,3,1,0.482418151,14,44.23065,-123.16275,110
8/16/2021 14:00,26,3,1,0.230940108,13.2,44.23065,-123.16275,110
8/16/2021 14:10,26,3,1,0.230940108,13.2,44.23065,-123.16275,111
8/16/2021 14:20,26,3,1,0.361813613,13.2,44.23065,-123.16275,110
8/16/2021 14:30,26,3,1,0.393892771,13.2,44.23065,-123.16275,110
8/16/2021 14:40,26,3,1,0,13.2,44.23065,-123.16275,111
8/16/2021 14:50,26,3,1,0.230940108,13.2,44.23065,-123.16275,110
8/16/2021 15:00,26,3,1,0.413118224,14,44.23065,-123.16275,110
8/16/2021 15:10,26,3,1,0.41194292,13.2,44.23065,-123.16275,110
8/16/2021 15:20,26,3,1,0.323615934,13.2,44.23065,-123.16275,110
8/16/2021 15:30,26,3,1,0.41194292,13.2,44.23065,-123.16275,111
8/16/2021 15:40,26,3,1,0.341121146,12.4,44.23065,-123.16275,110
8/16/2021 15:50,26,3,1,0.230940108,13.2,44.23065,-123.16275,111
8/16/2021 16:00,26,3,1,0,13.2,44.23065,-123.16275,110
8/16/2021 16:10,26,3,1,0.230940108,13.2,44.23065,-123.16275,112
8/16/2021 16:20,26,3,1,0.230940108,13.2,44.23065,-123.16275,111
8/16/2021 16:30,26,3,1,0,13.2,44.23065,-123.16275,112
8/16/2021 16:40,26,3,1,0.361813613,13.2,44.23065,-123.16275,110
8/16/2021 16:50,26,3,1,0.311399578,13.2,44.23065,-123.16275,111
8/16/2021 17:00,26,3,1,0.311399578,13.2,44.23065,-123.16275,110
8/16/2021 17:10,26,3,1,0.311399578,13.2,44.23065,-123.16275,110
8/16/2021 17:20,26,3,1,0.311399578,13.2,44.23065,-123.16275,110
8/16/2021 17:30,26,3,1,0.230940108,13.2,44.23065,-123.16275,109
8/16/2021 17:40,26,3,1,0.230940108,13.2,44.23065,-123.16275,110
8/16/2021 17:50,26,3,1,0.311399578,13.2,44.23065,-123.16275,109
8/16/2021 18:00,26,3,1,0,13.2,44.23065,-123.16275,110
8/16/2021 18:10,26,3,1,0.311399578,13.2,44.23065,-123.16275,109
8/16/2021 18:20,26,3,1,0.534846339,13.2,44.23065,-123.16275,109
8/16/2021 18:30,26,3,1,0.311399578,13.2,44.23065,-123.16275,110
8/16/2021 18:40,26,3,1,0.341121146,13.2,44.23065,-123.16275,110
8/16/2021 18:50,26,3,1,0,13.2,44.23065,-123.16275,109
8/16/2021 19:00,26,3,1,0.311399578,13.2,44.23065,-123.16275,109
8/16/2021 19:10,26,3,1,0.341121146,14,44.23065,-123.16275,109
8/16/2021 19:20,26,3,1,0.341121146,13.2,44.23065,-123.16275,108
8/16/2021 19:30,26,3,1,0.41194292,13.2,44.23065,-123.16275,109
8/16/2021 19:40,26,3,1,0.311399578,13.2,44.23065,-123.16275,108
8/16/2021 19:50,26,3,1,0.41194292,13.2,44.23065,-123.16275,108
8/16/2021 20:00,26,3,1,0,13.2,44.23065,-123.16275,108
8/16/2021 20:10,26,3,1,0.311399578,12.4,44.23065,-123.16275,108
8/16/2021 20:20,26,3,1,0,13.2,44.23065,-123.16275,108
8/16/2021 20:30,26,3,1,0,13.2,44.23065,-123.16275,108
8/16/2021 20:40,26,3,1,0,13.2,44.23065,-123.16275,108
8/16/2021 20:50,26,3,1,0.230940108,13.2,44.23065,-123.16275,108
8/16/2021 21:00,26,3,1,0.461880215,14,44.23065,-123.16275,108
8/16/2021 21:10,26,3,1,0.230940108,13.2,44.23065,-123.16275,108
8/16/2021 21:20,26,3,1,0,13.2,44.23065,-123.16275,109
8/16/2021 21:30,26,3,1,0.41194292,13.2,44.23065,-123.16275,109
8/16/2021 21:40,26,3,1,0.230940108,13.2,44.23065,-123.16275,109
8/16/2021 21:50,26,3,1,0.341121146,12.4,44.23065,-123.16275,109
8/16/2021 22:00,26,3,1,0.41194292,13.2,44.23065,-123.16275,109
8/16/2021 22:10,26,3,1,0.230940108,13.2,44.23065,-123.16275,110
8/16/2021 22:20,26,3,1,0.311399578,13.2,44.23065,-123.16275,110
8/16/2021 22:30,26,3,1,0.341121146,13.2,44.23065,-123.16275,109
8/16/2021 22:40,26,3,1,0,13.2,44.23065,-123.16275,110
8/16/2021 22:50,26,3,1,0.341121146,13.2,44.23065,-123.16275,110
8/16/2021 23:00,26,3,1,0.230940108,13.2,44.23065,-123.16275,110
8/16/2021 23:10,26,3,1,0.718973627,13.2,44.23065,-123.16275,110
8/16/2021 23:20,26,3,1,0.311399578,13.2,44.23065,-123.16275,110
8/16/2021 23:30,26,3,1,0.230940108,13.2,44.23065,-123.16275,110
8/16/2021 23:40,26,3,1,0.230940108,13.2,44.23065,-123.16275,109
8/16/2021 23:50,26,3,1,0.311399578,14,44.23065,-123.16275,110
8/17/2021 0:00,26,3,1,0.241209076,13.2,44.23065,-123.16275,110
8/17/2021 0:10,26,3,1,0.482418151,13.2,44.23065,-123.16275,109
8/17/2021 0:20,26,3,1,0.241209076,13.2,44.23065,-123.16275,109
8/17/2021 0:30,26,3,1,0.41194292,13.2,44.23065,-123.16275,109
8/17/2021 0:40,26,3,1,0.41194292,13.2,44.23065,-123.16275,110
8/17/2021 0:50,26,3,1,0,13.2,44.23065,-123.16275,110
8/17/2021 1:00,26,3,1,0.341121146,13.2,44.23065,-123.16275,110
8/17/2021 1:10,26,3,1,0.57419245,12.4,44.23065,-123.16275,110
8/17/2021 1:20,26,3,1,0.482418151,12.4,44.23065,-123.16275,109
8/17/2021 1:30,26,3,1,0.230940108,12.4,44.23065,-123.16275,110
8/17/2021 1:40,26,3,1,0,12.4,44.23065,-123.16275,111
8/17/2021 1:50,26,3,1,0.230940108,12.4,44.23065,-123.16275,110
8/17/2021 2:00,26,3,1,0,12.4,44.23065,-123.16275,110
8/17/2021 2:10,26,3,1,0.377123617,12.4,44.23065,-123.16275,110
8/17/2021 2:20,26,3,1,0,12.4,44.23065,-123.16275,111
8/17/2021 2:30,26,3,1,0,12.4,44.23065,-123.16275,110
8/17/2021 2:40,26,3,1,0,12.4,44.23065,-123.16275,110
8/17/2021 2:50,26,3,1,0,12.4,44.23065,-123.16275,111
8/17/2021 3:00,26,3,1,0.230940108,13.2,44.23065,-123.16275,113
8/17/2021 3:10,26,3,1,0,12.4,44.23065,-123.16275,111
8/17/2021 3:20,26,3,1,0.341121146,12.4,44.23065,-123.16275,111
8/17/2021 3:30,26,3,1,0.230940108,12.4,44.23065,-123.16275,111
8/17/2021 3:40,26,3,1,0.311399578,12.4,44.23065,-123.16275,112
8/17/2021 3:50,26,3,1,0.341121146,12.4,44.23065,-123.16275,112
8/17/2021 4:00,26,3,1,0.230940108,12.4,44.23065,-123.16275,111
8/17/2021 4:10,26,3,1,0,12.4,44.23065,-123.16275,112
8/17/2021 4:20,26,3,1,0.311399578,12.4,44.23065,-123.16275,112
8/17/2021 4:30,26,3,1,0,12.4,44.23065,-123.16275,111
8/17/2021 4:40,26,3,1,0.311399578,12.4,44.23065,-123.16275,111
8/17/2021 4:50,26,3,1,0,12.4,44.23065,-123.16275,111
8/17/2021 5:00,26,3,1,0.230940108,12.4,44.23065,-123.16275,111
8/17/2021 5:10,26,3,1,0.461880215,12.4,44.23065,-123.16275,111
8/17/2021 5:20,26,3,1,0,12.4,44.23065,-123.16275,111
8/17/2021 5:30,26,3,1,0,12.4,44.23065,-123.16275,111
8/17/2021 5:40,26,3,1,0,12.4,44.23065,-123.16275,111
8/17/2021 5:50,26,3,1,0.311399578,12.4,44.23065,-123.16275,111
8/17/2021 6:00,26,3,1,0.230940108,12.4,44.23065,-123.16275,111
8/17/2021 6:10,26,3,1,0,12.4,44.23065,-123.16275,111
8/17/2021 6:20,26,3,1,0.311399578,12.4,44.23065,-123.16275,111
8/17/2021 6:30,26,3,1,0.252982213,12.4,44.23065,-123.16275,111
8/17/2021 6:40,26,3,1,0,12.4,44.23065,-123.16275,111
8/17/2021 6:50,26,3,1,0.512410092,12.4,44.23065,-123.16275,110
8/17/2021 7:00,26,3,1,0.230940108,12.4,44.23065,-123.16275,111
8/17/2021 7:10,26,3,1,0,12.4,44.23065,-123.16275,110
8/17/2021 7:20,26,3,1,0.311399578,12.4,44.23065,-123.16275,110
8/17/2021 7:30,26,3,1,0.335083127,12.4,44.23065,-123.16275,110
8/17/2021 7:40,26,3,1,0.221880078,12.4,44.23065,-123.16275,111
8/17/2021 7:50,26,3,1,0.313785816,12.4,44.23065,-123.16275,110
8/17/2021 8:00,26,3,1,0.341121146,13.2,44.23065,-123.16275,109
8/17/2021 8:10,26,3,1,0.382970843,13.2,44.23065,-123.16275,109
8/17/2021 8:20,26,3,1,0.443760157,13.2,44.23065,-123.16275,109
8/17/2021 8:30,26,3,1,0.394838493,13.2,44.23065,-123.16275,109
8/17/2021 8:40,26,3,1,0.331231468,13.2,44.23065,-123.16275,109
8/17/2021 8:50,26,3,1,0.290509216,13.2,44.23065,-123.16275,109
8/17/2021 9:00,26,3,1,0.331231468,14,44.23065,-123.16275,109
8/17/2021 9:10,26,3,1,0.32249031,13.2,44.23065,-123.16275,109
8/17/2021 9:20,26,3,1,0.366190167,13.2,44.23065,-123.16275,109
8/17/2021 9:30,26,3,1,0.213808994,13.2,44.23065,-123.16275,109
8/17/2021 9:40,26,3,1,0,13.2,44.23065,-123.16275,108
8/17/2021 9:50,26,3,1,0.442005001,14,44.23065,-123.16275,109
8/17/2021 10:00,26,3,1,0.366190167,13.2,44.23065,-123.16275,109
8/17/2021 10:10,26,3,1,0.300427046,13.2,44.23065,-123.16275,111
8/17/2021 10:20,26,3,1,0.230940108,13.2,44.23065,-123.16275,108
8/17/2021 10:30,26,3,1,0.354024481,13.2,44.23065,-123.16275,108
8/17/2021 10:40,26,3,1,0,13.2,44.23065,-123.16275,108
8/17/2021 10:50,26,3,1,0.206559112,13.2,44.23065,-123.16275,107
8/17/2021 11:00,26,3,1,0,13.2,44.23065,-123.16275,106
8/17/2021 11:10,26,3,1,0.252982213,13.2,44.23065,-123.16275,107
8/17/2021 11:20,26,3,1,0.230940108,13.2,44.23065,-123.16275,105
8/17/2021 11:30,26,3,1,0,13.2,44.23065,-123.16275,106
8/17/2021 11:40,26,3,1,0.230940108,13.2,44.23065,-123.16275,106
8/17/2021 11:50,26,3,1,0,13.2,44.23065,-123.16275,106
8/17/2021 12:00,26,3,1,0,13.2,44.23065,-123.16275,106
8/17/2021 12:10,26,3,1,0.311399578,13.2,44.23065,-123.16275,106
8/17/2021 12:20,26,3,1,0.230940108,13.2,44.23065,-123.16275,104
8/17/2021 12:30,26,3,1,0.431443844,12.4,44.23065,-123.16275,105
8/17/2021 12:40,26,3,1,0.28149262,13.2,44.23065,-123.16275,106
8/17/2021 12:50,26,3,1,0,13.2,44.23065,-123.16275,106
8/17/2021 13:00,26,3,1,0.230940108,13.2,44.23065,-123.16275,106
8/17/2021 13:10,26,3,1,0.230940108,13.2,44.23065,-123.16275,105
8/17/2021 13:20,26,3,1,0,13.2,44.23065,-123.16275,105
8/17/2021 13:30,26,3,1,0.230940108,13.2,44.23065,-123.16275,105
8/17/2021 13:40,26,3,1,0.341121146,13.2,44.23065,-123.16275,107
8/17/2021 13:50,26,3,1,0.341121146,14,44.23065,-123.16275,106
8/17/2021 14:00,26,3,1,0.393892771,14,44.23065,-123.16275,106
8/17/2021 14:10,26,3,1,0.230940108,13.2,44.23065,-123.16275,106
8/17/2021 14:20,26,3,1,0.230940108,13.2,44.23065,-123.16275,106
8/17/2021 14:30,26,3,1,0.230940108,13.2,44.23065,-123.16275,107
8/17/2021 14:40,26,3,1,0.230940108,13.2,44.23065,-123.16275,105
8/17/2021 14:50,26,3,1,0,13.2,44.23065,-123.16275,105
8/17/2021 15:00,26,3,1,0.341121146,13.2,44.23065,-123.16275,105
8/17/2021 15:10,26,3,1,0.230940108,13.2,44.23065,-123.16275,105
8/17/2021 15:20,26,3,1,0,13.2,44.23065,-123.16275,107
8/17/2021 15:30,26,3,1,0,13.2,44.23065,-123.16275,106
8/17/2021 15:40,26,3,1,0.230940108,13.2,44.23065,-123.16275,106
8/17/2021 15:50,26,3,1,0,13.2,44.23065,-123.16275,105
8/17/2021 16:00,26,3,1,0.311399578,13.2,44.23065,-123.16275,106
8/17/2021 16:10,26,3,1,0.230940108,13.2,44.23065,-123.16275,107
8/17/2021 16:20,26,3,1,0.394838493,13.2,44.23065,-123.16275,105
8/17/2021 16:30,26,3,1,0.230940108,13.2,44.23065,-123.16275,106
8/17/2021 16:40,26,3,1,0.366190167,13.2,44.23065,-123.16275,106
8/17/2021 16:50,26,3,1,0.480196038,13.2,44.23065,-123.16275,106
8/17/2021 17:00,26,3,1,0,13.2,44.23065,-123.16275,106
8/17/2021 17:10,26,3,1,0,13.2,44.23065,-123.16275,109
8/20/2021 8:10,26,1,1,1.13650181,18.8,44.2333796,-123.1625399,72
8/20/2021 8:20,26,1,1,1.043072385,13.2,44.2333796,-123.1625399,72
8/22/2021 21:10,26,1,1,NA,15.6,44.2333796,-123.1625399,76
