date.time,tag.id,receiver.site,antenna.number,temp.sd,temp.strong,lat,long,strength
7/25/2021 2:00,31,3,1,NA,10.8,44.23065,-123.16275,55
7/25/2021 3:30,31,3,1,0.461880215,11.6,44.23065,-123.16275,62
7/25/2021 5:10,31,3,1,NA,11.6,44.23065,-123.16275,71
7/25/2021 6:20,31,3,1,0.461880215,12.4,44.23065,-123.16275,124
7/25/2021 7:20,31,3,1,NA,11.6,44.23065,-123.16275,88
7/25/2021 8:10,31,3,1,0,12.4,44.23065,-123.16275,105
7/25/2021 9:50,31,2,2,NA,13.2,44.23122,-123.1629,64
7/25/2021 10:30,31,4,1,NA,13.2,44.2303277,-123.1622552,80
7/25/2021 11:40,31,4,1,NA,13.2,44.2303277,-123.1622552,65
7/25/2021 12:20,31,2,2,0.259554274,11.6,44.23122,-123.1629,119
7/25/2021 12:30,31,2,1,0.337309617,11.6,44.23122,-123.1629,107
7/25/2021 12:40,31,2,1,0.565685425,12.4,44.23122,-123.1629,85
7/25/2021 12:50,31,2,1,NA,12.4,44.23122,-123.1629,78
7/25/2021 13:00,31,2,1,0.302371578,11.6,44.23122,-123.1629,87
7/25/2021 13:10,31,2,1,0.565685425,11.6,44.23122,-123.1629,92
7/25/2021 13:20,31,2,1,1.13137085,10.8,44.23122,-123.1629,84
7/25/2021 13:30,31,2,1,1.032795559,13.2,44.23122,-123.1629,81
7/25/2021 13:40,31,2,1,0.923760431,12.4,44.23122,-123.1629,89
7/25/2021 14:10,31,2,1,NA,13.2,44.23122,-123.1629,78
7/25/2021 14:40,31,2,1,NA,11.6,44.23122,-123.1629,67
7/25/2021 15:00,31,2,1,1.222020185,13.2,44.23122,-123.1629,76
7/25/2021 15:10,31,2,1,0.461880215,12.4,44.23122,-123.1629,86
7/25/2021 15:20,31,2,1,0.461880215,11.6,44.23122,-123.1629,78
7/25/2021 15:40,31,2,1,NA,12.4,44.23122,-123.1629,77
7/25/2021 15:50,31,2,1,0,13.2,44.23122,-123.1629,75
7/25/2021 16:00,31,2,1,0.8,11.6,44.23122,-123.1629,83
7/25/2021 16:10,31,2,1,1.032795559,14,44.23122,-123.1629,86
7/25/2021 16:20,31,2,1,0.357770876,12.4,44.23122,-123.1629,86
7/25/2021 16:30,31,2,1,0.923760431,14,44.23122,-123.1629,81
7/25/2021 16:40,31,2,1,0.876356092,11.6,44.23122,-123.1629,84
7/25/2021 16:50,31,2,1,0.326598632,12.4,44.23122,-123.1629,92
7/25/2021 17:00,31,2,1,0.604743157,13.2,44.23122,-123.1629,91
7/25/2021 17:10,31,2,1,1.032795559,12.4,44.23122,-123.1629,77
7/25/2021 17:20,31,2,1,1.385640646,12.4,44.23122,-123.1629,83
7/25/2021 17:30,31,2,1,0.692820323,13.2,44.23122,-123.1629,90
7/25/2021 17:40,31,2,1,0.742368582,13.2,44.23122,-123.1629,82
7/25/2021 17:50,31,2,1,0.505964426,13.2,44.23122,-123.1629,89
7/25/2021 18:00,31,2,1,0.505964426,13.2,44.23122,-123.1629,88
7/25/2021 18:10,31,2,1,0.421637021,14,44.23122,-123.1629,90
7/25/2021 18:20,31,2,1,0,13.2,44.23122,-123.1629,98
7/25/2021 18:30,31,2,1,0.534846339,14,44.23122,-123.1629,100
7/25/2021 18:40,31,2,1,0.692820323,13.2,44.23122,-123.1629,99
7/25/2021 18:50,31,2,1,0.667618368,13.2,44.23122,-123.1629,82
7/25/2021 19:00,31,2,1,0.634369169,13.2,44.23122,-123.1629,85
7/25/2021 19:10,31,2,1,0.438178046,14,44.23122,-123.1629,86
7/25/2021 19:20,31,2,1,0.421637021,14,44.23122,-123.1629,96
7/25/2021 19:30,31,2,1,0.482418151,13.2,44.23122,-123.1629,102
7/25/2021 19:40,31,2,1,0.461880215,12.4,44.23122,-123.1629,83
7/25/2021 19:50,31,2,1,0.311399578,13.2,44.23122,-123.1629,90
7/25/2021 20:00,31,2,1,0.482418151,13.2,44.23122,-123.1629,92
7/25/2021 20:10,31,2,1,0.728468714,13.2,44.23122,-123.1629,102
7/25/2021 20:30,31,2,1,0.739533022,13.2,44.23122,-123.1629,76
7/25/2021 20:40,31,2,1,0.59029183,13.2,44.23122,-123.1629,98
7/25/2021 21:00,31,1,1,0.84002442,15.6,44.2333796,-123.1625399,86
7/25/2021 21:10,31,1,1,0.662860932,16.4,44.2333796,-123.1625399,103
7/25/2021 21:20,31,1,1,0.876356092,15.6,44.2333796,-123.1625399,86
7/25/2021 21:30,31,1,1,0.8,15.6,44.2333796,-123.1625399,78
7/25/2021 21:40,31,2,1,0.266666667,14,44.23122,-123.1629,88
7/25/2021 21:50,31,2,1,0.438466606,14,44.23122,-123.1629,97
7/25/2021 22:00,31,2,1,0.24688536,14,44.23122,-123.1629,114
7/25/2021 22:10,31,2,1,0.413118224,14,44.23122,-123.1629,89
7/25/2021 22:20,31,2,1,0.358741763,14,44.23122,-123.1629,102
7/25/2021 22:30,31,2,1,0.230940108,14,44.23122,-123.1629,92
7/25/2021 22:40,31,2,1,0,13.2,44.23122,-123.1629,96
7/25/2021 22:50,31,2,1,0.393892771,14,44.23122,-123.1629,88
7/25/2021 23:00,31,2,1,0,13.2,44.23122,-123.1629,90
7/25/2021 23:10,31,2,1,0.41194292,13.2,44.23122,-123.1629,82
7/25/2021 23:20,31,2,1,0.373679493,13.2,44.23122,-123.1629,79
7/25/2021 23:30,31,2,1,0.533333333,14,44.23122,-123.1629,98
7/25/2021 23:40,31,2,1,0.595219047,13.2,44.23122,-123.1629,72
7/25/2021 23:50,31,2,2,0,13.2,44.23122,-123.1629,74
7/26/2021 0:10,31,2,1,0.357770876,13.2,44.23122,-123.1629,93
7/26/2021 0:20,31,2,1,0.828078671,13.2,44.23122,-123.1629,95
7/26/2021 0:30,31,2,1,0.565685425,12.4,44.23122,-123.1629,88
7/26/2021 0:40,31,2,1,0.361813613,13.2,44.23122,-123.1629,85
7/26/2021 0:50,31,2,1,0.357770876,13.2,44.23122,-123.1629,103
7/26/2021 1:00,31,2,1,0.505964426,13.2,44.23122,-123.1629,85
7/26/2021 1:10,31,2,1,0.282842712,13.2,44.23122,-123.1629,81
7/26/2021 1:20,31,2,1,0.326598632,13.2,44.23122,-123.1629,89
7/26/2021 1:40,31,2,1,0.653197265,13.2,44.23122,-123.1629,79
7/26/2021 1:50,31,1,1,NA,12.4,44.2333796,-123.1625399,73
7/26/2021 2:00,31,2,1,0.413118224,13.2,44.23122,-123.1629,87
7/26/2021 2:10,31,2,2,1.13137085,12.4,44.23122,-123.1629,71
7/26/2021 2:20,31,2,1,0,13.2,44.23122,-123.1629,96
7/26/2021 2:30,31,2,1,0.91214034,13.2,44.23122,-123.1629,82
7/26/2021 2:40,31,2,1,0.41194292,13.2,44.23122,-123.1629,91
7/26/2021 2:50,31,2,1,0.361813613,13.2,44.23122,-123.1629,82
7/26/2021 3:00,31,1,1,1.13137085,14,44.2333796,-123.1625399,73
7/26/2021 3:20,31,1,1,0.705533683,14,44.2333796,-123.1625399,75
7/26/2021 3:30,31,2,1,0.8,13.2,44.23122,-123.1629,83
7/26/2021 3:40,31,1,1,0.565685425,14.8,44.2333796,-123.1625399,74
7/26/2021 3:50,31,2,1,0.461880215,12.4,44.23122,-123.1629,77
7/26/2021 4:00,31,2,1,0.413118224,13.2,44.23122,-123.1629,74
7/26/2021 4:10,31,2,1,0.8,14,44.23122,-123.1629,85
7/26/2021 4:20,31,1,1,0.461880215,14,44.2333796,-123.1625399,74
7/26/2021 4:30,31,1,1,0.59029183,13.2,44.2333796,-123.1625399,78
7/26/2021 4:40,31,1,1,NA,13.2,44.2333796,-123.1625399,80
7/26/2021 4:50,31,1,1,NA,13.2,44.2333796,-123.1625399,75
7/26/2021 5:00,31,1,1,0,14,44.2333796,-123.1625399,85
7/26/2021 5:10,31,1,1,1.025391911,14,44.2333796,-123.1625399,80
7/26/2021 5:20,31,2,1,0.855235974,13.2,44.23122,-123.1629,82
7/26/2021 5:40,31,1,2,0.8,13.2,44.2333796,-123.1625399,74
7/26/2021 5:50,31,1,1,NA,13.2,44.2333796,-123.1625399,79
7/26/2021 6:00,31,2,1,NA,13.2,44.23122,-123.1629,70
7/26/2021 6:40,31,1,1,NA,14,44.2333796,-123.1625399,73
7/26/2021 7:40,31,2,1,0,12.4,44.23122,-123.1629,84
7/26/2021 7:50,31,1,1,NA,13.2,44.2333796,-123.1625399,84
7/26/2021 8:00,31,2,1,1.002853073,12.4,44.23122,-123.1629,79
7/26/2021 8:40,31,2,1,NA,12.4,44.23122,-123.1629,76
7/26/2021 9:00,31,2,1,0.461880215,12.4,44.23122,-123.1629,81
7/26/2021 9:30,31,2,1,NA,12.4,44.23122,-123.1629,72
7/26/2021 9:40,31,2,1,1.041366623,12.4,44.23122,-123.1629,89
7/26/2021 9:50,31,2,1,0.505964426,12.4,44.23122,-123.1629,88
7/26/2021 10:00,31,2,1,0.653197265,11.6,44.23122,-123.1629,91
7/26/2021 10:10,31,2,1,NA,11.6,44.23122,-123.1629,76
7/26/2021 10:50,31,2,1,NA,11.6,44.23122,-123.1629,73
7/26/2021 11:00,31,2,1,NA,13.2,44.23122,-123.1629,74
7/26/2021 11:50,31,4,1,NA,14,44.2303277,-123.1622552,55
7/26/2021 12:00,31,2,1,0.8,12.4,44.23122,-123.1629,83
7/26/2021 12:10,31,2,1,0.629436634,12.4,44.23122,-123.1629,84
7/26/2021 12:20,31,2,1,0.413118224,12.4,44.23122,-123.1629,89
7/26/2021 12:30,31,2,1,1.1027239,13.2,44.23122,-123.1629,105
7/26/2021 12:40,31,2,1,0.461880215,12.4,44.23122,-123.1629,93
7/26/2021 12:50,31,2,1,0.37032804,11.6,44.23122,-123.1629,89
7/26/2021 13:00,31,2,1,0.4,11.6,44.23122,-123.1629,81
7/26/2021 13:10,31,2,1,1.041976145,12.4,44.23122,-123.1629,87
7/26/2021 13:20,31,2,1,0.595219047,12.4,44.23122,-123.1629,84
7/26/2021 13:30,31,2,1,0.393892771,14,44.23122,-123.1629,86
7/26/2021 13:40,31,2,1,0.482418151,13.2,44.23122,-123.1629,89
7/26/2021 13:50,31,2,1,0.461880215,13.2,44.23122,-123.1629,87
7/26/2021 14:00,31,2,1,0.647231868,14,44.23122,-123.1629,90
7/26/2021 14:10,31,2,1,0.53935989,13.2,44.23122,-123.1629,94
7/26/2021 14:20,31,2,1,0.565685425,13.2,44.23122,-123.1629,78
7/26/2021 14:30,31,2,1,0.497265248,13.2,44.23122,-123.1629,96
7/26/2021 14:40,31,2,1,0.431487912,13.2,44.23122,-123.1629,98
7/26/2021 14:50,31,2,1,0.565685425,14.8,44.23122,-123.1629,81
7/26/2021 15:00,31,2,1,0.512695956,14,44.23122,-123.1629,85
7/26/2021 15:10,31,2,1,0.230940108,13.2,44.23122,-123.1629,93
7/26/2021 15:20,31,2,1,1.02934715,13.2,44.23122,-123.1629,93
7/26/2021 15:30,31,2,1,0.421637021,14,44.23122,-123.1629,83
7/26/2021 15:40,31,2,1,0.900793301,13.2,44.23122,-123.1629,103
7/26/2021 15:50,31,2,1,0.59029183,14,44.23122,-123.1629,91
7/26/2021 16:00,31,2,1,0.361813613,13.2,44.23122,-123.1629,98
7/26/2021 16:10,31,2,1,0.602218122,13.2,44.23122,-123.1629,97
7/26/2021 16:20,31,2,1,0.390360029,13.2,44.23122,-123.1629,98
7/26/2021 16:30,31,2,1,0.634369169,13.2,44.23122,-123.1629,92
7/26/2021 16:40,31,2,1,0.629436634,13.2,44.23122,-123.1629,89
7/26/2021 16:50,31,2,1,0.390360029,13.2,44.23122,-123.1629,90
7/26/2021 17:00,31,2,1,0.241209076,13.2,44.23122,-123.1629,92
7/26/2021 17:10,31,2,1,0.772873426,12.4,44.23122,-123.1629,108
7/26/2021 17:20,31,2,2,NA,13.2,44.23122,-123.1629,82
7/26/2021 17:30,31,2,1,0.266666667,13.2,44.23122,-123.1629,93
7/26/2021 17:40,31,2,1,0.377123617,13.2,44.23122,-123.1629,100
7/26/2021 17:50,31,2,1,0.669328021,13.2,44.23122,-123.1629,99
7/26/2021 18:00,31,2,1,0.91214034,13.2,44.23122,-123.1629,80
7/26/2021 18:10,31,2,1,0.74065608,13.2,44.23122,-123.1629,83
7/26/2021 18:20,31,2,1,0.935236156,13.2,44.23122,-123.1629,83
7/26/2021 18:30,31,2,1,0,13.2,44.23122,-123.1629,70
7/26/2021 18:40,31,2,1,0.230940108,13.2,44.23122,-123.1629,83
7/26/2021 18:50,31,2,1,0.414039336,13.2,44.23122,-123.1629,86
7/26/2021 19:00,31,2,1,0.311399578,13.2,44.23122,-123.1629,88
7/26/2021 19:10,31,2,1,0.59029183,14,44.23122,-123.1629,81
7/26/2021 19:20,31,2,1,0.497265248,13.2,44.23122,-123.1629,88
7/26/2021 19:30,31,2,1,0.505964426,13.2,44.23122,-123.1629,82
7/26/2021 19:40,31,2,1,0.4,14,44.23122,-123.1629,72
7/26/2021 20:00,31,2,1,0.252982213,13.2,44.23122,-123.1629,87
7/26/2021 20:10,31,2,1,0.302371578,13.2,44.23122,-123.1629,86
7/26/2021 20:20,31,4,1,NA,13.2,44.2303277,-123.1622552,54
7/26/2021 20:30,31,1,2,1.2,14.8,44.2333796,-123.1625399,84
7/26/2021 20:40,31,1,2,0.791622806,14.8,44.2333796,-123.1625399,91
7/26/2021 20:50,31,2,1,0.504340138,15.6,44.23122,-123.1629,106
7/26/2021 21:00,31,2,1,0.889685467,14,44.23122,-123.1629,118
7/26/2021 21:10,31,2,1,1.001098298,14.8,44.23122,-123.1629,80
7/26/2021 22:00,31,2,1,0,13.2,44.23122,-123.1629,87
7/26/2021 22:20,31,2,1,0.765941686,12.4,44.23122,-123.1629,81
7/26/2021 22:30,31,2,1,0,13.2,44.23122,-123.1629,82
7/26/2021 22:40,31,2,1,0.326598632,13.2,44.23122,-123.1629,86
7/26/2021 22:50,31,2,1,0.413118224,14,44.23122,-123.1629,88
7/26/2021 23:00,31,2,1,0,13.2,44.23122,-123.1629,88
7/26/2021 23:10,31,2,1,0.352766841,14,44.23122,-123.1629,88
7/26/2021 23:20,31,2,1,0.629436634,12.4,44.23122,-123.1629,78
7/26/2021 23:30,31,2,1,0.230940108,13.2,44.23122,-123.1629,82
7/26/2021 23:40,31,2,1,0.357770876,13.2,44.23122,-123.1629,90
7/26/2021 23:50,31,2,1,0.326598632,13.2,44.23122,-123.1629,79
7/27/2021 0:00,31,2,1,0.461880215,13.2,44.23122,-123.1629,89
7/27/2021 0:10,31,2,1,0.311399578,13.2,44.23122,-123.1629,86
7/27/2021 0:20,31,2,1,0.858469392,13.2,44.23122,-123.1629,76
7/27/2021 0:30,31,2,1,0,13.2,44.23122,-123.1629,84
7/27/2021 0:40,31,2,1,0.581186526,13.2,44.23122,-123.1629,83
7/27/2021 0:50,31,2,1,0.386436713,13.2,44.23122,-123.1629,85
7/27/2021 1:00,31,2,1,NA,13.2,44.23122,-123.1629,79
7/27/2021 1:10,31,2,1,0.230940108,13.2,44.23122,-123.1629,80
7/27/2021 1:20,31,2,1,0.341121146,14,44.23122,-123.1629,84
7/27/2021 1:40,31,2,1,0.302371578,13.2,44.23122,-123.1629,81
7/27/2021 1:50,31,2,1,0.923760431,14,44.23122,-123.1629,56
7/27/2021 2:00,31,2,1,1.13137085,14,44.23122,-123.1629,86
7/27/2021 2:10,31,2,1,0.461880215,13.2,44.23122,-123.1629,71
7/27/2021 2:20,31,2,1,NA,14,44.23122,-123.1629,78
7/27/2021 2:30,31,2,1,0.512410092,13.2,44.23122,-123.1629,89
7/27/2021 3:00,31,2,1,0.709124208,13.2,44.23122,-123.1629,77
7/27/2021 3:20,31,2,1,0,11.6,44.23122,-123.1629,70
7/27/2021 3:30,31,1,1,NA,13.2,44.2333796,-123.1625399,83
7/27/2021 3:40,31,1,1,NA,13.2,44.2333796,-123.1625399,61
7/27/2021 3:50,31,1,1,NA,14,44.2333796,-123.1625399,77
7/27/2021 4:00,31,2,1,0.438178046,12.4,44.23122,-123.1629,83
7/27/2021 4:10,31,2,1,0.653197265,13.2,44.23122,-123.1629,78
7/27/2021 4:20,31,2,1,0.357770876,13.2,44.23122,-123.1629,85
7/27/2021 4:30,31,2,1,0.8,14.8,44.23122,-123.1629,75
7/27/2021 4:40,31,2,1,0.438178046,13.2,44.23122,-123.1629,79
7/27/2021 5:00,31,2,1,1.13137085,16.4,44.23122,-123.1629,77
7/27/2021 5:20,31,1,1,NA,13.2,44.2333796,-123.1625399,71
7/27/2021 5:30,31,1,1,0.757864747,13.2,44.2333796,-123.1625399,82
7/27/2021 5:40,31,1,1,0.700476029,13.2,44.2333796,-123.1625399,82
7/27/2021 6:10,31,1,1,NA,13.2,44.2333796,-123.1625399,72
7/27/2021 6:30,31,1,1,NA,11.6,44.2333796,-123.1625399,75
7/27/2021 6:40,31,1,1,NA,12.4,44.2333796,-123.1625399,75
7/27/2021 6:50,31,1,1,NA,12.4,44.2333796,-123.1625399,75
7/27/2021 8:30,31,2,1,NA,13.2,44.23122,-123.1629,86
7/27/2021 11:10,31,2,1,NA,12.4,44.23122,-123.1629,75
7/27/2021 12:00,31,2,1,NA,12.4,44.23122,-123.1629,55
7/27/2021 13:00,31,2,1,0.461880215,13.2,44.23122,-123.1629,75
7/27/2021 13:10,31,2,1,NA,13.2,44.23122,-123.1629,81
7/27/2021 13:40,31,2,1,0.4,12.4,44.23122,-123.1629,81
7/27/2021 13:50,31,2,2,1.222020185,13.2,44.23122,-123.1629,79
7/27/2021 14:00,31,2,1,NA,12.4,44.23122,-123.1629,77
7/27/2021 14:10,31,2,1,0.565685425,12.4,44.23122,-123.1629,77
7/27/2021 14:20,31,2,1,0,11.6,44.23122,-123.1629,78
7/27/2021 14:30,31,2,1,0.923760431,13.2,44.23122,-123.1629,79
7/27/2021 14:40,31,2,1,NA,12.4,44.23122,-123.1629,84
7/27/2021 14:50,31,2,1,0.715541753,11.6,44.23122,-123.1629,81
7/27/2021 15:10,31,2,1,NA,12.4,44.23122,-123.1629,74
7/27/2021 15:30,31,2,1,NA,13.2,44.23122,-123.1629,83
7/27/2021 16:20,31,2,1,0.565685425,14,44.23122,-123.1629,77
7/27/2021 16:30,31,2,1,0.552052447,12.4,44.23122,-123.1629,83
7/27/2021 16:50,31,2,1,0.565685425,13.2,44.23122,-123.1629,79
7/27/2021 17:00,31,2,1,0.896051947,12.4,44.23122,-123.1629,79
7/27/2021 17:10,31,2,1,0.565685425,13.2,44.23122,-123.1629,91
7/27/2021 17:20,31,2,1,1.043072385,14,44.23122,-123.1629,79
7/27/2021 17:30,31,2,1,NA,12.4,44.23122,-123.1629,83
7/27/2021 18:00,31,2,1,0.505964426,13.2,44.23122,-123.1629,86
7/27/2021 18:10,31,2,1,0.565685425,12.4,44.23122,-123.1629,84
7/27/2021 18:20,31,2,1,0.765941686,13.2,44.23122,-123.1629,83
7/27/2021 18:30,31,2,1,0.438178046,12.4,44.23122,-123.1629,85
7/27/2021 18:40,31,2,1,0.722739885,12.4,44.23122,-123.1629,102
7/27/2021 20:50,31,1,1,NA,13.2,44.2333796,-123.1625399,71
7/27/2021 21:00,31,1,1,0.512695956,12.4,44.2333796,-123.1625399,82
7/27/2021 21:20,31,2,1,0,13.2,44.23122,-123.1629,76
7/27/2021 21:30,31,2,1,0.565685425,14,44.23122,-123.1629,88
7/27/2021 22:00,31,2,1,0.787785542,12.4,44.23122,-123.1629,89
7/27/2021 22:10,31,2,1,0.512695956,16.4,44.23122,-123.1629,100
7/27/2021 22:20,31,2,1,0.414039336,14.8,44.23122,-123.1629,77
7/27/2021 22:40,31,2,1,0.461880215,14,44.23122,-123.1629,100
7/27/2021 22:50,31,2,1,0.241209076,14,44.23122,-123.1629,91
7/27/2021 23:20,31,2,1,0,13.2,44.23122,-123.1629,87
7/27/2021 23:30,31,2,1,2.009209565,14,44.23122,-123.1629,90
7/27/2021 23:50,31,2,1,0,14,44.23122,-123.1629,84
7/28/2021 0:00,31,2,1,0,13.2,44.23122,-123.1629,88
7/28/2021 0:10,31,2,1,0.4,13.2,44.23122,-123.1629,82
7/28/2021 0:20,31,2,1,0.57419245,13.2,44.23122,-123.1629,73
7/28/2021 0:30,31,2,1,0.311399578,13.2,44.23122,-123.1629,83
7/28/2021 1:00,31,2,1,0,13.2,44.23122,-123.1629,83
7/28/2021 1:10,31,2,1,0.361813613,13.2,44.23122,-123.1629,80
7/28/2021 1:20,31,2,1,0.357770876,13.2,44.23122,-123.1629,80
7/28/2021 1:30,31,2,1,0.282842712,13.2,44.23122,-123.1629,84
7/28/2021 1:40,31,2,1,0.715541753,13.2,44.23122,-123.1629,82
7/28/2021 2:00,31,2,1,NA,13.2,44.23122,-123.1629,82
7/28/2021 2:10,31,2,1,1.186591758,13.2,44.23122,-123.1629,88
7/28/2021 2:20,31,2,1,0.923760431,13.2,44.23122,-123.1629,89
7/28/2021 2:30,31,2,1,0,13.2,44.23122,-123.1629,73
7/28/2021 2:40,31,2,1,NA,13.2,44.23122,-123.1629,84
7/28/2021 2:50,31,2,1,0.413118224,13.2,44.23122,-123.1629,75
7/28/2021 3:00,31,2,1,0.373679493,13.2,44.23122,-123.1629,83
7/28/2021 3:10,31,2,1,0.4,13.2,44.23122,-123.1629,88
7/28/2021 3:30,31,2,1,0.302371578,13.2,44.23122,-123.1629,88
7/28/2021 3:40,31,2,1,0.461880215,13.2,44.23122,-123.1629,72
7/28/2021 3:50,31,2,2,0.461880215,13.2,44.23122,-123.1629,78
7/28/2021 4:00,31,2,1,0.4,13.2,44.23122,-123.1629,88
7/28/2021 4:10,31,2,1,0,13.2,44.23122,-123.1629,78
7/28/2021 4:20,31,2,1,0.8,12.4,44.23122,-123.1629,76
7/28/2021 4:30,31,2,1,0.565685425,14,44.23122,-123.1629,84
7/28/2021 5:00,31,1,1,NA,14.8,44.2333796,-123.1625399,79
7/28/2021 5:10,31,1,1,0,13.2,44.2333796,-123.1625399,79
7/28/2021 5:30,31,2,2,0.765941686,12.4,44.23122,-123.1629,81
7/28/2021 7:10,31,1,1,NA,12.4,44.2333796,-123.1625399,83
7/28/2021 8:50,31,2,1,0.653197265,10.8,44.23122,-123.1629,87
7/28/2021 9:10,31,2,1,0.709124208,11.6,44.23122,-123.1629,87
7/28/2021 9:20,31,2,1,0.716064619,11.6,44.23122,-123.1629,103
7/28/2021 9:30,31,2,1,1.006644591,12.4,44.23122,-123.1629,82
7/28/2021 9:40,31,2,1,0.4,12.4,44.23122,-123.1629,81
7/28/2021 12:40,31,2,1,0,12.4,44.23122,-123.1629,74
7/28/2021 12:50,31,2,1,0.311399578,12.4,44.23122,-123.1629,85
7/28/2021 13:00,31,2,1,0.8,12.4,44.23122,-123.1629,80
7/28/2021 13:30,31,2,1,0,12.4,44.23122,-123.1629,73
7/28/2021 13:40,31,2,1,0.565685425,12.4,44.23122,-123.1629,82
7/28/2021 13:50,31,2,1,0.956182887,14,44.23122,-123.1629,80
7/28/2021 14:00,31,2,1,0.565685425,13.2,44.23122,-123.1629,72
7/28/2021 14:20,31,2,1,NA,12.4,44.23122,-123.1629,75
7/28/2021 14:40,31,2,1,0.565685425,13.2,44.23122,-123.1629,74
7/28/2021 14:50,31,2,1,0.8,13.2,44.23122,-123.1629,76
7/28/2021 15:00,31,2,1,0.760951785,12.4,44.23122,-123.1629,75
7/28/2021 15:10,31,2,1,0.357770876,13.2,44.23122,-123.1629,87
7/28/2021 15:20,31,2,1,0.390360029,11.6,44.23122,-123.1629,78
7/28/2021 15:30,31,2,1,0,12.4,44.23122,-123.1629,77
7/28/2021 15:40,31,2,1,NA,12.4,44.23122,-123.1629,83
7/28/2021 15:50,31,2,1,0.461880215,11.6,44.23122,-123.1629,81
7/28/2021 16:00,31,2,1,0,13.2,44.23122,-123.1629,87
7/28/2021 16:20,31,2,1,0.4,12.4,44.23122,-123.1629,87
7/28/2021 16:40,31,2,2,0.565685425,12.4,44.23122,-123.1629,73
7/28/2021 17:30,31,2,1,NA,10.8,44.23122,-123.1629,79
7/28/2021 17:40,31,2,1,0.565685425,12.4,44.23122,-123.1629,73
7/28/2021 17:50,31,2,1,0.565685425,13.2,44.23122,-123.1629,79
7/28/2021 18:20,31,2,2,1.13137085,12.4,44.23122,-123.1629,74
7/28/2021 18:40,31,2,1,1.013843572,14,44.23122,-123.1629,92
7/28/2021 18:50,31,2,1,0.876356092,12.4,44.23122,-123.1629,94
7/28/2021 19:00,31,2,1,0.438178046,13.2,44.23122,-123.1629,86
7/28/2021 19:10,31,2,1,0.311399578,12.4,44.23122,-123.1629,85
7/28/2021 19:20,31,2,1,0.653197265,12.4,44.23122,-123.1629,72
7/28/2021 19:30,31,2,1,0.352766841,12.4,44.23122,-123.1629,86
7/28/2021 19:40,31,2,1,0.252982213,12.4,44.23122,-123.1629,86
7/28/2021 20:00,31,2,2,0.735149267,14,44.23122,-123.1629,77
7/28/2021 20:10,31,2,1,0.653197265,11.6,44.23122,-123.1629,73
7/28/2021 20:20,31,2,1,0.565685425,12.4,44.23122,-123.1629,83
7/28/2021 20:30,31,2,1,0,13.2,44.23122,-123.1629,72
7/28/2021 20:50,31,2,1,0.923760431,14.8,44.23122,-123.1629,79
7/28/2021 21:00,31,2,1,0.719788329,13.2,44.23122,-123.1629,92
7/28/2021 21:10,31,2,1,0.41194292,13.2,44.23122,-123.1629,85
7/28/2021 21:20,31,2,1,0.357770876,14,44.23122,-123.1629,89
7/28/2021 21:30,31,2,1,0.311399578,14,44.23122,-123.1629,99
7/28/2021 21:40,31,2,1,0.640512615,14.8,44.23122,-123.1629,97
7/28/2021 21:50,31,2,1,0.517335833,13.2,44.23122,-123.1629,87
7/28/2021 22:00,31,2,1,0,13.2,44.23122,-123.1629,88
7/28/2021 22:20,31,2,1,0.667618368,13.2,44.23122,-123.1629,80
7/28/2021 22:30,31,2,1,0.37032804,13.2,44.23122,-123.1629,79
7/28/2021 22:40,31,2,1,0.241209076,13.2,44.23122,-123.1629,94
7/28/2021 22:50,31,2,1,0.266666667,13.2,44.23122,-123.1629,83
7/28/2021 23:00,31,2,1,0.427617987,12.4,44.23122,-123.1629,84
7/28/2021 23:10,31,2,1,0.517335833,14,44.23122,-123.1629,94
7/28/2021 23:20,31,2,1,0.664967532,13.2,44.23122,-123.1629,80
7/28/2021 23:30,31,2,1,0.4,13.2,44.23122,-123.1629,77
7/28/2021 23:40,31,2,1,0.505964426,13.2,44.23122,-123.1629,92
7/28/2021 23:50,31,2,1,NA,14,44.23122,-123.1629,81
7/29/2021 0:00,31,2,1,0.754247233,13.2,44.23122,-123.1629,89
7/29/2021 0:10,31,2,1,0.534846339,14,44.23122,-123.1629,82
7/29/2021 0:20,31,2,1,1.447254454,15.6,44.23122,-123.1629,86
7/29/2021 0:30,31,2,1,0.4,18,44.23122,-123.1629,86
7/29/2021 0:40,31,4,1,0.8,18.8,44.2303277,-123.1622552,52
7/29/2021 0:50,31,2,1,0.323615934,14,44.23122,-123.1629,75
7/29/2021 1:00,31,2,1,0.241209076,15.6,44.23122,-123.1629,85
7/29/2021 1:10,31,2,1,0.438178046,14,44.23122,-123.1629,84
7/29/2021 1:20,31,2,1,0.474893472,14,44.23122,-123.1629,78
7/29/2021 1:30,31,2,1,1.463025784,16.4,44.23122,-123.1629,97
7/29/2021 1:40,31,2,1,0.505964426,13.2,44.23122,-123.1629,88
7/29/2021 1:50,31,2,1,NA,14,44.23122,-123.1629,69
7/29/2021 2:00,31,2,1,0.521071158,13.2,44.23122,-123.1629,77
7/29/2021 2:10,31,2,1,0.311399578,13.2,44.23122,-123.1629,95
7/29/2021 2:20,31,2,1,0.331880894,13.2,44.23122,-123.1629,101
7/29/2021 2:30,31,2,1,0.386861136,12.4,44.23122,-123.1629,103
7/29/2021 2:40,31,2,1,0.399569661,13.2,44.23122,-123.1629,106
7/29/2021 2:50,31,2,1,0.366190167,13.2,44.23122,-123.1629,94
7/29/2021 3:00,31,2,1,0.340652251,12.4,44.23122,-123.1629,90
7/29/2021 3:10,31,2,1,0.451727762,12.4,44.23122,-123.1629,99
7/29/2021 3:20,31,2,1,0.371276385,13.2,44.23122,-123.1629,103
7/29/2021 3:30,31,2,1,0.388431753,13.2,44.23122,-123.1629,103
7/29/2021 3:40,31,2,1,0.604743157,13.2,44.23122,-123.1629,91
7/29/2021 3:50,31,2,1,0.634369169,12.4,44.23122,-123.1629,87
7/29/2021 4:00,31,2,1,0.402888124,13.2,44.23122,-123.1629,104
7/29/2021 4:10,31,2,1,0.508747019,14,44.23122,-123.1629,99
7/29/2021 4:20,31,2,1,0.246234805,13.2,44.23122,-123.1629,93
7/29/2021 4:30,31,2,1,0.602218122,14,44.23122,-123.1629,80
7/29/2021 4:40,31,2,1,0.551244925,13.2,44.23122,-123.1629,100
7/29/2021 4:50,31,2,1,0.27325202,13.2,44.23122,-123.1629,81
7/29/2021 5:00,31,2,1,0.67213444,13.2,44.23122,-123.1629,102
7/29/2021 5:10,31,2,1,0,14,44.23122,-123.1629,74
7/29/2021 6:10,31,1,1,NA,13.2,44.2333796,-123.1625399,73
7/29/2021 8:50,31,2,1,0.461880215,11.6,44.23122,-123.1629,87
7/29/2021 9:10,31,2,1,1.11782101,11.6,44.23122,-123.1629,93
7/29/2021 9:20,31,2,1,NA,11.6,44.23122,-123.1629,72
7/29/2021 9:30,31,2,1,1.697056275,10.8,44.23122,-123.1629,74
7/29/2021 10:20,31,2,1,NA,12.4,44.23122,-123.1629,82
7/29/2021 10:40,31,2,1,NA,10.8,44.23122,-123.1629,59
7/29/2021 12:10,31,2,1,0.461880215,12.4,44.23122,-123.1629,75
7/29/2021 12:20,31,2,1,NA,11.6,44.23122,-123.1629,74
7/29/2021 12:30,31,2,1,0.461880215,12.4,44.23122,-123.1629,82
7/29/2021 12:50,31,2,1,1.13137085,13.2,44.23122,-123.1629,73
7/29/2021 14:10,31,2,1,0.461880215,13.2,44.23122,-123.1629,75
7/29/2021 14:40,31,4,1,NA,13.2,44.2303277,-123.1622552,59
7/29/2021 14:50,31,2,1,NA,14,44.23122,-123.1629,76
7/29/2021 15:10,31,2,1,0.565685425,13.2,44.23122,-123.1629,75
7/29/2021 15:30,31,2,1,0.461880215,14,44.23122,-123.1629,81
7/29/2021 15:50,31,2,1,1.314534138,14,44.23122,-123.1629,74
7/29/2021 16:30,31,2,1,NA,12.4,44.23122,-123.1629,84
7/29/2021 16:40,31,2,1,NA,14,44.23122,-123.1629,74
7/29/2021 16:50,31,2,1,0.326598632,13.2,44.23122,-123.1629,90
7/29/2021 17:10,31,2,1,NA,12.4,44.23122,-123.1629,71
7/29/2021 17:30,31,2,1,0,13.2,44.23122,-123.1629,80
7/29/2021 17:40,31,2,1,1.514375559,13.2,44.23122,-123.1629,76
7/29/2021 17:50,31,2,1,NA,13.2,44.23122,-123.1629,63
7/29/2021 18:00,31,2,1,0.48074017,13.2,44.23122,-123.1629,81
7/29/2021 18:10,31,2,1,1.45327217,13.2,44.23122,-123.1629,88
7/29/2021 18:40,31,2,1,0.357770876,13.2,44.23122,-123.1629,87
7/29/2021 18:50,31,2,1,0.482418151,13.2,44.23122,-123.1629,87
7/29/2021 19:10,31,2,1,NA,13.2,44.23122,-123.1629,74
7/29/2021 19:20,31,2,1,0.421637021,13.2,44.23122,-123.1629,83
7/29/2021 19:40,31,2,1,0.357770876,13.2,44.23122,-123.1629,82
7/29/2021 19:50,31,2,1,0.517335833,13.2,44.23122,-123.1629,82
7/29/2021 20:00,31,2,1,0,13.2,44.23122,-123.1629,86
7/29/2021 20:10,31,2,1,0,13.2,44.23122,-123.1629,87
7/29/2021 20:20,31,1,1,0.979795897,15.6,44.2333796,-123.1625399,84
7/29/2021 20:30,31,1,1,1.13137085,14,44.2333796,-123.1625399,74
7/29/2021 20:40,31,2,1,0,14,44.23122,-123.1629,76
7/29/2021 20:50,31,2,1,0.656159626,13.2,44.23122,-123.1629,93
7/29/2021 21:00,31,2,2,1.141427677,13.2,44.23122,-123.1629,98
7/29/2021 21:10,31,4,1,0.358741763,13.2,44.2303277,-123.1622552,110
7/29/2021 21:20,31,4,1,0.230940108,11.6,44.2303277,-123.1622552,121
7/29/2021 21:30,31,4,1,0.341121146,11.6,44.2303277,-123.1622552,112
7/29/2021 21:40,31,4,1,0.311399578,11.6,44.2303277,-123.1622552,115
7/29/2021 21:50,31,4,1,0.300427046,10.8,44.2303277,-123.1622552,123
7/29/2021 22:00,31,4,1,0.31004271,10.8,44.2303277,-123.1622552,113
7/29/2021 22:10,31,4,1,0.323615934,10.8,44.2303277,-123.1622552,105
7/29/2021 22:20,31,4,1,0.411686976,10.8,44.2303277,-123.1622552,121
7/29/2021 22:30,31,4,1,0.290509216,10.8,44.2303277,-123.1622552,96
7/29/2021 22:40,31,4,1,0,10.8,44.2303277,-123.1622552,77
7/29/2021 22:50,31,4,1,0,10.8,44.2303277,-123.1622552,93
7/29/2021 23:00,31,4,1,0.413118224,10.8,44.2303277,-123.1622552,72
7/29/2021 23:10,31,4,1,0.461880215,10.8,44.2303277,-123.1622552,99
7/29/2021 23:20,31,4,1,0.230940108,10.8,44.2303277,-123.1622552,90
7/29/2021 23:30,31,4,1,0.230940108,10.8,44.2303277,-123.1622552,96
7/29/2021 23:40,31,4,1,0.314362099,10.8,44.2303277,-123.1622552,96
7/29/2021 23:50,31,4,1,0.230940108,10.8,44.2303277,-123.1622552,106
7/30/2021 0:00,31,4,1,0.311399578,11.6,44.2303277,-123.1622552,109
7/30/2021 0:10,31,4,1,0.41194292,10.8,44.2303277,-123.1622552,97
7/30/2021 0:20,31,4,1,0,10.8,44.2303277,-123.1622552,91
7/30/2021 0:30,31,4,1,0.41194292,10.8,44.2303277,-123.1622552,94
7/30/2021 0:40,31,4,1,0.293078039,10.8,44.2303277,-123.1622552,116
7/30/2021 0:50,31,4,1,0,10.8,44.2303277,-123.1622552,107
7/30/2021 1:00,31,4,1,0.230940108,10.8,44.2303277,-123.1622552,104
7/30/2021 1:10,31,4,1,0.341121146,10.8,44.2303277,-123.1622552,98
7/30/2021 1:20,31,4,1,0.230940108,10.8,44.2303277,-123.1622552,115
7/30/2021 1:30,31,4,1,0.34299717,10.8,44.2303277,-123.1622552,103
7/30/2021 1:40,31,4,1,0.504482828,11.6,44.2303277,-123.1622552,116
7/30/2021 1:50,31,4,1,0.349789853,10.8,44.2303277,-123.1622552,120
7/30/2021 2:00,31,4,1,0.497008595,10.8,44.2303277,-123.1622552,110
7/30/2021 2:10,31,4,1,0.341121146,10.8,44.2303277,-123.1622552,94
7/30/2021 2:20,31,4,1,0.230940108,10.8,44.2303277,-123.1622552,96
7/30/2021 2:30,31,4,1,0.266666667,10.8,44.2303277,-123.1622552,109
7/30/2021 2:40,31,4,1,0.286854866,10.8,44.2303277,-123.1622552,103
7/30/2021 2:50,31,4,1,0.311399578,11.6,44.2303277,-123.1622552,102
7/30/2021 3:00,31,4,1,0.213808994,10.8,44.2303277,-123.1622552,108
7/30/2021 3:10,31,4,1,0.41194292,10.8,44.2303277,-123.1622552,90
7/30/2021 3:20,31,4,1,0,10.8,44.2303277,-123.1622552,91
7/30/2021 3:30,31,4,1,0,10.8,44.2303277,-123.1622552,98
7/30/2021 3:40,31,4,1,0.230940108,10.8,44.2303277,-123.1622552,103
7/30/2021 3:50,31,4,1,0.241209076,10.8,44.2303277,-123.1622552,109
7/30/2021 4:00,31,4,1,0.341121146,10.8,44.2303277,-123.1622552,104
7/30/2021 4:10,31,4,1,0,10.8,44.2303277,-123.1622552,109
7/30/2021 4:20,31,4,1,0.340652251,10.8,44.2303277,-123.1622552,118
7/30/2021 4:30,31,4,1,0.41194292,11.6,44.2303277,-123.1622552,109
7/30/2021 4:40,31,4,1,0.497265248,10.8,44.2303277,-123.1622552,97
7/30/2021 4:50,31,4,1,0.230940108,10.8,44.2303277,-123.1622552,86
7/30/2021 5:00,31,4,1,0.505964426,10,44.2303277,-123.1622552,113
7/30/2021 5:10,31,4,1,0.311399578,10.8,44.2303277,-123.1622552,115
7/30/2021 5:20,31,4,1,0.803769795,11.6,44.2303277,-123.1622552,126
7/30/2021 5:30,31,2,1,0.627058701,12.4,44.23122,-123.1629,83
7/30/2021 8:30,31,2,1,2.2627417,14,44.23122,-123.1629,78
7/30/2021 9:10,31,2,1,NA,13.2,44.23122,-123.1629,71
7/30/2021 11:40,31,2,1,NA,12.4,44.23122,-123.1629,74
7/30/2021 13:10,31,2,1,0.461880215,14,44.23122,-123.1629,74
7/30/2021 13:20,31,2,1,0.390360029,12.4,44.23122,-123.1629,80
7/30/2021 13:30,31,2,1,NA,12.4,44.23122,-123.1629,77
7/30/2021 13:40,31,2,1,0.482418151,12.4,44.23122,-123.1629,80
7/30/2021 13:50,31,2,1,0.565685425,12.4,44.23122,-123.1629,68
7/30/2021 14:00,31,2,1,0,12.4,44.23122,-123.1629,107
7/30/2021 14:10,31,2,1,0.431487912,12.4,44.23122,-123.1629,84
7/30/2021 14:20,31,2,1,0.505964426,12.4,44.23122,-123.1629,82
7/30/2021 14:30,31,2,1,0.619677335,12.4,44.23122,-123.1629,84
7/30/2021 14:50,31,2,1,0.461880215,12.4,44.23122,-123.1629,79
7/30/2021 15:00,31,2,1,0,12.4,44.23122,-123.1629,72
7/30/2021 15:10,31,2,1,0,12.4,44.23122,-123.1629,80
7/30/2021 15:20,31,2,1,0.282842712,12.4,44.23122,-123.1629,80
7/30/2021 15:30,31,2,1,0.352766841,12.4,44.23122,-123.1629,87
7/30/2021 15:40,31,2,1,NA,12.4,44.23122,-123.1629,49
7/30/2021 15:50,31,2,1,NA,12.4,44.23122,-123.1629,83
7/30/2021 16:00,31,2,1,0,12.4,44.23122,-123.1629,75
7/30/2021 16:20,31,2,1,NA,12.4,44.23122,-123.1629,97
7/30/2021 16:40,31,2,1,0.604743157,13.2,44.23122,-123.1629,73
7/30/2021 16:50,31,2,1,0.438178046,12.4,44.23122,-123.1629,77
7/30/2021 17:00,31,2,1,0,12.4,44.23122,-123.1629,74
7/30/2021 17:20,31,2,1,0.565685425,13.2,44.23122,-123.1629,70
7/30/2021 17:30,31,2,1,0.461880215,13.2,44.23122,-123.1629,93
7/30/2021 17:40,31,2,1,0.41194292,12.4,44.23122,-123.1629,82
7/30/2021 17:50,31,2,1,0,13.2,44.23122,-123.1629,72
7/30/2021 18:00,31,2,1,NA,12.4,44.23122,-123.1629,75
7/30/2021 18:10,31,2,1,0.302371578,12.4,44.23122,-123.1629,76
7/30/2021 18:20,31,2,1,NA,12.4,44.23122,-123.1629,75
7/30/2021 18:30,31,2,1,0,12.4,44.23122,-123.1629,81
7/30/2021 19:50,31,2,2,0,12.4,44.23122,-123.1629,81
7/30/2021 20:10,31,2,1,NA,11.6,44.23122,-123.1629,50
7/30/2021 20:40,31,2,1,0.4,13.2,44.23122,-123.1629,83
7/30/2021 20:50,31,2,1,0.565685425,13.2,44.23122,-123.1629,82
7/30/2021 21:00,31,2,1,0.939030233,13.2,44.23122,-123.1629,98
7/30/2021 21:10,31,2,2,0.379704917,13.2,44.23122,-123.1629,78
7/30/2021 21:20,31,4,1,0.614217517,12.4,44.2303277,-123.1622552,165
7/30/2021 21:30,31,4,1,0.41194292,10.8,44.2303277,-123.1622552,113
7/30/2021 21:40,31,4,1,0.302371578,10.8,44.2303277,-123.1622552,117
7/30/2021 21:50,31,4,1,0.213808994,10.8,44.2303277,-123.1622552,110
7/30/2021 22:00,31,4,1,0,11.6,44.2303277,-123.1622552,102
7/30/2021 22:10,31,4,1,0.520354908,12.4,44.2303277,-123.1622552,88
7/30/2021 22:20,31,4,1,0.427617987,12.4,44.2303277,-123.1622552,93
7/30/2021 22:30,31,4,1,0.402888124,10.8,44.2303277,-123.1622552,109
7/30/2021 22:40,31,4,1,0.341121146,10.8,44.2303277,-123.1622552,111
7/30/2021 22:50,31,4,1,0.379704917,10.8,44.2303277,-123.1622552,114
7/30/2021 23:00,31,4,1,0.341121146,10.8,44.2303277,-123.1622552,81
7/30/2021 23:10,31,4,1,0.311399578,11.6,44.2303277,-123.1622552,76
7/30/2021 23:20,31,4,1,0.323615934,11.6,44.2303277,-123.1622552,86
7/30/2021 23:30,31,4,1,0.311399578,10.8,44.2303277,-123.1622552,85
7/30/2021 23:40,31,4,1,0.230940108,10.8,44.2303277,-123.1622552,79
7/30/2021 23:50,31,4,1,0.447036796,10.8,44.2303277,-123.1622552,112
7/31/2021 0:00,31,4,1,0.326598632,10.8,44.2303277,-123.1622552,108
7/31/2021 0:10,31,4,1,0.595219047,10.8,44.2303277,-123.1622552,67
7/31/2021 0:20,31,4,1,0.230483252,10.8,44.2303277,-123.1622552,118
7/31/2021 0:30,31,4,1,0.230940108,10.8,44.2303277,-123.1622552,92
7/31/2021 0:40,31,4,1,0.349148624,10.8,44.2303277,-123.1622552,106
7/31/2021 0:50,31,4,1,0.448489528,10.8,44.2303277,-123.1622552,101
7/31/2021 1:00,31,4,1,0.408334228,10.8,44.2303277,-123.1622552,117
7/31/2021 1:10,31,4,1,0.355409327,10.8,44.2303277,-123.1622552,114
7/31/2021 1:20,31,4,1,0.393892771,11.6,44.2303277,-123.1622552,87
7/31/2021 1:30,31,4,1,0.328313073,11.6,44.2303277,-123.1622552,108
7/31/2021 1:40,31,4,1,0.311399578,11.6,44.2303277,-123.1622552,91
7/31/2021 1:50,31,4,1,0.230940108,10.8,44.2303277,-123.1622552,109
7/31/2021 2:00,31,4,1,0.373679493,10.8,44.2303277,-123.1622552,95
7/31/2021 2:10,31,4,1,0.377123617,10.8,44.2303277,-123.1622552,92
7/31/2021 2:20,31,4,1,NA,10.8,44.2303277,-123.1622552,94
7/31/2021 2:30,31,4,1,0,10.8,44.2303277,-123.1622552,86
7/31/2021 2:40,31,4,1,0.230940108,10.8,44.2303277,-123.1622552,94
7/31/2021 2:50,31,4,1,0.230940108,10.8,44.2303277,-123.1622552,94
7/31/2021 3:00,31,4,1,0.241209076,10.8,44.2303277,-123.1622552,103
7/31/2021 3:10,31,4,1,0.74065608,10.8,44.2303277,-123.1622552,68
7/31/2021 3:20,31,4,1,0.403619983,10.8,44.2303277,-123.1622552,103
7/31/2021 3:30,31,4,1,0.461880215,10.8,44.2303277,-123.1622552,102
7/31/2021 3:40,31,4,1,0.431487912,10.8,44.2303277,-123.1622552,116
7/31/2021 3:50,31,4,1,0,10.8,44.2303277,-123.1622552,106
7/31/2021 4:00,31,4,1,0.311399578,10.8,44.2303277,-123.1622552,95
7/31/2021 4:10,31,4,1,0.368710879,10.8,44.2303277,-123.1622552,97
7/31/2021 4:20,31,4,1,0.377123617,10.8,44.2303277,-123.1622552,104
7/31/2021 4:30,31,4,1,0.230940108,10.8,44.2303277,-123.1622552,98
7/31/2021 4:40,31,4,1,0.4,10.8,44.2303277,-123.1622552,109
7/31/2021 4:50,31,4,1,0.314362099,10.8,44.2303277,-123.1622552,117
7/31/2021 5:00,31,4,1,0.332940946,10.8,44.2303277,-123.1622552,111
7/31/2021 5:10,31,4,1,0.357770876,10.8,44.2303277,-123.1622552,114
7/31/2021 5:20,31,4,1,0.714521736,12.4,44.2303277,-123.1622552,156
7/31/2021 5:30,31,2,1,0.429357457,12.4,44.23122,-123.1629,91
7/31/2021 5:40,31,2,1,0.4,12.4,44.23122,-123.1629,81
7/31/2021 6:40,31,1,1,NA,13.2,44.2333796,-123.1625399,74
7/31/2021 7:40,31,1,1,NA,12.4,44.2333796,-123.1625399,68
7/31/2021 9:00,31,1,1,NA,13.2,44.2333796,-123.1625399,81
7/31/2021 11:40,31,2,1,NA,13.2,44.23122,-123.1629,80
7/31/2021 11:50,31,2,1,0.461880215,12.4,44.23122,-123.1629,80
7/31/2021 12:40,31,2,1,0.302371578,12.4,44.23122,-123.1629,86
7/31/2021 12:50,31,2,1,0.559434565,12.4,44.23122,-123.1629,83
7/31/2021 13:00,31,2,2,0.461880215,12.4,44.23122,-123.1629,72
7/31/2021 14:00,31,2,1,NA,12.4,44.23122,-123.1629,71
7/31/2021 16:50,31,2,1,NA,12.4,44.23122,-123.1629,72
7/31/2021 17:30,31,2,1,NA,12.4,44.23122,-123.1629,75
7/31/2021 17:50,31,2,1,0.91214034,13.2,44.23122,-123.1629,77
7/31/2021 18:00,31,2,1,0.653197265,12.4,44.23122,-123.1629,90
7/31/2021 18:20,31,2,1,0.323615934,12.4,44.23122,-123.1629,82
7/31/2021 18:30,31,2,1,0,12.4,44.23122,-123.1629,86
7/31/2021 18:40,31,2,1,0.90823394,14,44.23122,-123.1629,93
7/31/2021 18:50,31,2,1,1.011928851,14,44.23122,-123.1629,80
7/31/2021 19:00,31,2,1,0.461880215,12.4,44.23122,-123.1629,85
7/31/2021 19:10,31,2,1,0.461880215,12.4,44.23122,-123.1629,86
7/31/2021 19:20,31,2,1,0,12.4,44.23122,-123.1629,86
7/31/2021 19:30,31,2,1,0.603022689,13.2,44.23122,-123.1629,80
7/31/2021 20:00,31,2,1,0.765941686,11.6,44.23122,-123.1629,90
7/31/2021 20:10,31,2,1,0.653197265,12.4,44.23122,-123.1629,83
7/31/2021 20:30,31,2,1,0.565685425,13.2,44.23122,-123.1629,73
7/31/2021 21:00,31,1,1,0.777460253,14.8,44.2333796,-123.1625399,81
7/31/2021 21:10,31,2,1,1.017662205,13.2,44.23122,-123.1629,100
7/31/2021 21:20,31,2,2,0.840050124,11.6,44.23122,-123.1629,94
7/31/2021 21:30,31,4,1,1.420349008,13.2,44.2303277,-123.1622552,117
7/31/2021 21:40,31,4,1,0.300427046,12.4,44.2303277,-123.1622552,120
7/31/2021 21:50,31,4,1,0.4,10,44.2303277,-123.1622552,108
7/31/2021 22:00,31,4,1,0.354024481,11.6,44.2303277,-123.1622552,114
7/31/2021 22:10,31,4,1,0.379704917,10.8,44.2303277,-123.1622552,113
7/31/2021 22:20,31,4,1,0.692820323,12.4,44.2303277,-123.1622552,107
7/31/2021 22:30,31,4,1,0.230940108,10.8,44.2303277,-123.1622552,90
7/31/2021 22:40,31,4,1,0.350823208,10.8,44.2303277,-123.1622552,91
7/31/2021 22:50,31,4,1,0.221880078,10.8,44.2303277,-123.1622552,97
7/31/2021 23:00,31,4,1,NA,10.8,44.2303277,-123.1622552,86
7/31/2021 23:10,31,4,1,0,10.8,44.2303277,-123.1622552,100
7/31/2021 23:20,31,4,1,0.386436713,10.8,44.2303277,-123.1622552,103
7/31/2021 23:30,31,4,1,0.492582341,10.8,44.2303277,-123.1622552,99
7/31/2021 23:40,31,4,1,0.341121146,10.8,44.2303277,-123.1622552,91
7/31/2021 23:50,31,4,1,0.393892771,11.6,44.2303277,-123.1622552,107
8/1/2021 0:00,31,4,1,0.37032804,10.8,44.2303277,-123.1622552,75
8/1/2021 0:10,31,4,1,0.431487912,10.8,44.2303277,-123.1622552,83
8/1/2021 0:20,31,4,1,0.382473155,10.8,44.2303277,-123.1622552,118
8/1/2021 0:30,31,4,1,0.634369169,10.8,44.2303277,-123.1622552,106
8/1/2021 0:40,31,4,1,0.5820855,10.8,44.2303277,-123.1622552,108
8/1/2021 0:50,31,4,1,0.230940108,10.8,44.2303277,-123.1622552,104
8/1/2021 1:00,31,4,1,0.221880078,10.8,44.2303277,-123.1622552,100
8/1/2021 1:10,31,4,1,0.230940108,10.8,44.2303277,-123.1622552,104
8/1/2021 1:20,31,4,1,0.230940108,10.8,44.2303277,-123.1622552,100
8/1/2021 1:30,31,4,1,0.311399578,10.8,44.2303277,-123.1622552,82
8/1/2021 1:40,31,4,1,0.361813613,10.8,44.2303277,-123.1622552,86
8/1/2021 1:50,31,4,1,0.340652251,10.8,44.2303277,-123.1622552,101
8/1/2021 2:00,31,4,1,0.311399578,10.8,44.2303277,-123.1622552,101
8/1/2021 2:10,31,4,1,0,10.8,44.2303277,-123.1622552,100
8/1/2021 2:20,31,4,1,0.230940108,10,44.2303277,-123.1622552,100
8/1/2021 2:30,31,4,1,0.311399578,10.8,44.2303277,-123.1622552,107
8/1/2021 2:40,31,4,1,0.230940108,10.8,44.2303277,-123.1622552,100
8/1/2021 2:50,31,4,1,0.41194292,10.8,44.2303277,-123.1622552,102
8/1/2021 3:00,31,4,1,0,10.8,44.2303277,-123.1622552,96
8/1/2021 3:10,31,4,1,0.230940108,10.8,44.2303277,-123.1622552,92
8/1/2021 3:20,31,4,1,0.41194292,10.8,44.2303277,-123.1622552,78
8/1/2021 3:30,31,4,1,0.323615934,10.8,44.2303277,-123.1622552,92
8/1/2021 3:40,31,4,1,0.221880078,10.8,44.2303277,-123.1622552,103
8/1/2021 3:50,31,4,1,0.453704698,10.8,44.2303277,-123.1622552,108
8/1/2021 4:00,31,4,1,0.311399578,10.8,44.2303277,-123.1622552,112
8/1/2021 4:10,31,4,1,0.323615934,11.6,44.2303277,-123.1622552,101
8/1/2021 4:20,31,4,1,0.241209076,10.8,44.2303277,-123.1622552,101
8/1/2021 4:30,31,4,1,0.386436713,10.8,44.2303277,-123.1622552,99
8/1/2021 4:40,31,4,1,0.341121146,10.8,44.2303277,-123.1622552,85
8/1/2021 4:50,31,4,1,0.534846339,11.6,44.2303277,-123.1622552,95
8/1/2021 5:00,31,4,1,0.361813613,10.8,44.2303277,-123.1622552,109
8/1/2021 5:10,31,4,1,0.241209076,10.8,44.2303277,-123.1622552,114
8/1/2021 5:20,31,3,1,0.22790794,12.4,44.23065,-123.16275,131
8/1/2021 5:30,31,4,1,0.565685425,12.4,44.2303277,-123.1622552,61
8/1/2021 10:40,31,2,1,NA,12.4,44.23122,-123.1629,53
8/1/2021 12:30,31,2,1,NA,13.2,44.23122,-123.1629,88
8/1/2021 12:50,31,2,1,NA,12.4,44.23122,-123.1629,79
8/1/2021 13:10,31,2,1,0,12.4,44.23122,-123.1629,80
8/1/2021 13:30,31,2,1,0.461880215,12.4,44.23122,-123.1629,79
8/1/2021 13:40,31,2,1,NA,12.4,44.23122,-123.1629,74
8/1/2021 14:00,31,2,1,NA,12.4,44.23122,-123.1629,88
8/1/2021 14:20,31,2,1,0.461880215,14,44.23122,-123.1629,82
8/1/2021 14:30,31,2,1,NA,13.2,44.23122,-123.1629,76
8/1/2021 14:40,31,2,1,NA,13.2,44.23122,-123.1629,86
8/1/2021 15:40,31,2,1,NA,13.2,44.23122,-123.1629,87
8/1/2021 16:30,31,2,1,0,13.2,44.23122,-123.1629,81
8/1/2021 16:40,31,2,1,NA,13.2,44.23122,-123.1629,74
8/1/2021 17:00,31,2,1,0.565685425,14,44.23122,-123.1629,84
8/1/2021 17:20,31,2,1,0.565685425,13.2,44.23122,-123.1629,72
8/1/2021 17:40,31,2,1,0.923760431,14,44.23122,-123.1629,75
8/1/2021 18:30,31,2,1,NA,13.2,44.23122,-123.1629,79
8/1/2021 18:40,31,2,1,NA,12.4,44.23122,-123.1629,77
8/1/2021 19:00,31,2,1,0.565685425,14,44.23122,-123.1629,79
8/1/2021 19:10,31,2,1,0.876356092,13.2,44.23122,-123.1629,86
8/1/2021 19:20,31,2,2,0.715541753,12.4,44.23122,-123.1629,73
8/1/2021 19:30,31,2,1,0.461880215,14,44.23122,-123.1629,81
8/1/2021 19:50,31,2,1,0.565685425,13.2,44.23122,-123.1629,77
8/1/2021 20:10,31,2,1,0.565685425,13.2,44.23122,-123.1629,73
8/1/2021 20:20,31,2,1,0.565685425,13.2,44.23122,-123.1629,80
8/1/2021 20:30,31,2,1,0,13.2,44.23122,-123.1629,82
8/1/2021 20:50,31,2,2,0.421637021,13.2,44.23122,-123.1629,98
8/1/2021 21:00,31,4,1,0.382473155,14,44.2303277,-123.1622552,112
8/1/2021 21:10,31,4,1,0.715541753,12.4,44.2303277,-123.1622552,109
8/1/2021 21:20,31,4,1,0.230940108,11.6,44.2303277,-123.1622552,115
8/1/2021 21:30,31,4,1,0.326598632,11.6,44.2303277,-123.1622552,106
8/1/2021 21:40,31,4,1,0.326598632,10.8,44.2303277,-123.1622552,105
8/1/2021 21:50,31,4,1,0.355409327,10.8,44.2303277,-123.1622552,125
8/1/2021 22:00,31,4,1,0.337309617,11.6,44.2303277,-123.1622552,89
8/1/2021 22:10,31,4,1,0.461880215,11.6,44.2303277,-123.1622552,110
8/1/2021 22:20,31,4,1,NA,10.8,44.2303277,-123.1622552,76
8/1/2021 22:30,31,4,1,0.559364719,10.8,44.2303277,-123.1622552,108
8/1/2021 22:40,31,4,1,0.431487912,10.8,44.2303277,-123.1622552,103
8/1/2021 22:50,31,4,1,0,10.8,44.2303277,-123.1622552,97
8/1/2021 23:00,31,4,1,0,10.8,44.2303277,-123.1622552,112
8/1/2021 23:10,31,4,1,0.341121146,10.8,44.2303277,-123.1622552,96
8/1/2021 23:20,31,4,1,0.252982213,10.8,44.2303277,-123.1622552,105
8/1/2021 23:30,31,4,1,0,10.8,44.2303277,-123.1622552,90
8/1/2021 23:40,31,4,1,0.311399578,10.8,44.2303277,-123.1622552,105
8/1/2021 23:50,31,4,1,0.230940108,11.6,44.2303277,-123.1622552,106
8/2/2021 0:00,31,4,1,0.53935989,10,44.2303277,-123.1622552,94
8/2/2021 0:10,31,4,1,0.549066193,10.8,44.2303277,-123.1622552,101
8/2/2021 0:20,31,4,1,0.361813613,11.6,44.2303277,-123.1622552,106
8/2/2021 0:30,31,4,1,0.265684466,10.8,44.2303277,-123.1622552,95
8/2/2021 0:40,31,4,1,0.230940108,10.8,44.2303277,-123.1622552,113
8/2/2021 0:50,31,4,1,0.230940108,10.8,44.2303277,-123.1622552,103
8/2/2021 1:00,31,4,1,0,10.8,44.2303277,-123.1622552,92
8/2/2021 1:10,31,4,1,0.622035453,11.6,44.2303277,-123.1622552,117
8/2/2021 1:20,31,4,1,0.258704667,10.8,44.2303277,-123.1622552,110
8/2/2021 1:30,31,4,1,0.443760157,10.8,44.2303277,-123.1622552,109
8/2/2021 1:40,31,4,1,0.300427046,10.8,44.2303277,-123.1622552,117
8/2/2021 1:50,31,4,1,0.463147379,10.8,44.2303277,-123.1622552,101
8/2/2021 2:00,31,4,1,0,10.8,44.2303277,-123.1622552,108
8/2/2021 2:10,31,4,1,0.41194292,10.8,44.2303277,-123.1622552,98
8/2/2021 2:20,31,4,1,0.461880215,10.8,44.2303277,-123.1622552,89
8/2/2021 2:30,31,4,1,0.403619983,11.6,44.2303277,-123.1622552,101
8/2/2021 2:40,31,4,1,0.266666667,10,44.2303277,-123.1622552,100
8/2/2021 2:50,31,4,1,0.302371578,10.8,44.2303277,-123.1622552,101
8/2/2021 3:00,31,4,1,NA,10.8,44.2303277,-123.1622552,98
8/2/2021 3:10,31,4,1,0.390360029,10.8,44.2303277,-123.1622552,110
8/2/2021 3:20,31,4,1,0.45411697,10.8,44.2303277,-123.1622552,113
8/2/2021 3:30,31,4,1,0.323615934,11.6,44.2303277,-123.1622552,105
8/2/2021 3:40,31,4,1,0.230940108,10.8,44.2303277,-123.1622552,106
8/2/2021 3:50,31,4,1,0.361813613,11.6,44.2303277,-123.1622552,108
8/2/2021 4:00,31,4,1,0.292118697,10.8,44.2303277,-123.1622552,114
8/2/2021 4:10,31,4,1,0.311399578,11.6,44.2303277,-123.1622552,115
8/2/2021 4:20,31,4,1,0.373679493,10.8,44.2303277,-123.1622552,109
8/2/2021 4:30,31,4,1,0.241209076,10.8,44.2303277,-123.1622552,112
8/2/2021 4:40,31,4,1,0.577852095,10.8,44.2303277,-123.1622552,125
8/2/2021 4:50,31,4,1,0.482418151,10.8,44.2303277,-123.1622552,108
8/2/2021 5:00,31,4,1,0.386436713,10.8,44.2303277,-123.1622552,106
8/2/2021 5:10,31,4,1,0.565685425,11.6,44.2303277,-123.1622552,110
8/2/2021 5:20,31,4,1,1.105186821,11.6,44.2303277,-123.1622552,122
8/2/2021 5:30,31,2,2,0.789015497,12.4,44.23122,-123.1629,128
8/2/2021 5:40,31,4,1,0.357770876,12.4,44.2303277,-123.1622552,61
8/2/2021 8:20,31,1,1,NA,12.4,44.2333796,-123.1625399,71
8/2/2021 12:00,31,1,1,3.233161507,17.2,44.2333796,-123.1625399,79
8/2/2021 12:20,31,2,1,NA,12.4,44.23122,-123.1629,71
8/2/2021 12:50,31,2,1,NA,13.2,44.23122,-123.1629,77
8/2/2021 13:30,31,2,1,0.732900305,13.2,44.23122,-123.1629,75
8/2/2021 15:50,31,2,1,NA,14,44.23122,-123.1629,74
8/2/2021 16:00,31,2,2,NA,12.4,44.23122,-123.1629,73
8/2/2021 16:20,31,2,1,NA,13.2,44.23122,-123.1629,81
8/2/2021 16:30,31,2,1,0,13.2,44.23122,-123.1629,73
8/2/2021 16:40,31,2,1,0.282842712,13.2,44.23122,-123.1629,89
8/2/2021 16:50,31,2,2,NA,13.2,44.23122,-123.1629,82
8/2/2021 17:00,31,2,1,0.266666667,13.2,44.23122,-123.1629,78
8/2/2021 17:10,31,2,1,0,13.2,44.23122,-123.1629,94
8/2/2021 17:30,31,2,1,0.4,13.2,44.23122,-123.1629,81
8/2/2021 18:00,31,2,1,0.4,13.2,44.23122,-123.1629,92
8/2/2021 18:10,31,2,1,0,13.2,44.23122,-123.1629,76
8/2/2021 18:20,31,2,1,NA,14,44.23122,-123.1629,75
8/2/2021 18:30,31,2,1,0,14,44.23122,-123.1629,82
8/2/2021 18:40,31,2,1,0.8,11.6,44.23122,-123.1629,80
8/2/2021 19:00,31,2,1,0.715541753,14,44.23122,-123.1629,78
8/2/2021 19:10,31,2,1,0.719788329,14,44.23122,-123.1629,72
8/2/2021 19:40,31,2,1,0,12.4,44.23122,-123.1629,68
8/2/2021 19:50,31,2,1,0.252982213,13.2,44.23122,-123.1629,94
8/2/2021 20:00,31,2,2,0.4,13.2,44.23122,-123.1629,79
8/2/2021 20:10,31,2,1,0.461880215,13.2,44.23122,-123.1629,85
8/2/2021 20:30,31,2,1,0.552052447,14,44.23122,-123.1629,82
8/2/2021 21:00,31,2,1,0.505964426,13.2,44.23122,-123.1629,95
8/2/2021 21:10,31,3,1,0.623910305,13.2,44.23065,-123.16275,114
8/2/2021 21:20,31,4,1,0.230940108,12.4,44.2303277,-123.1622552,139
8/2/2021 21:30,31,4,1,0.341121146,11.6,44.2303277,-123.1622552,115
8/2/2021 21:40,31,4,1,0.230940108,10.8,44.2303277,-123.1622552,111
8/2/2021 21:50,31,4,1,0.539958846,11.6,44.2303277,-123.1622552,107
8/2/2021 22:00,31,4,1,0.230940108,10.8,44.2303277,-123.1622552,106
8/2/2021 22:10,31,4,1,0,10.8,44.2303277,-123.1622552,109
8/2/2021 22:20,31,4,1,0.230940108,10.8,44.2303277,-123.1622552,105
8/2/2021 22:30,31,4,1,0.565685425,10.8,44.2303277,-123.1622552,75
8/2/2021 22:40,31,4,1,0.311399578,11.6,44.2303277,-123.1622552,122
8/2/2021 22:50,31,4,1,0.41194292,10.8,44.2303277,-123.1622552,114
8/2/2021 23:00,31,4,1,0.311399578,10.8,44.2303277,-123.1622552,109
8/2/2021 23:10,31,4,1,0,10.8,44.2303277,-123.1622552,99
8/2/2021 23:20,31,4,1,0.361813613,10.8,44.2303277,-123.1622552,89
8/2/2021 23:30,31,4,1,0.323615934,10.8,44.2303277,-123.1622552,111
8/2/2021 23:40,31,4,1,0.341121146,10.8,44.2303277,-123.1622552,100
8/2/2021 23:50,31,4,1,0.341121146,10.8,44.2303277,-123.1622552,110
8/3/2021 0:00,31,4,1,0.230940108,10.8,44.2303277,-123.1622552,97
8/3/2021 0:10,31,4,1,0.230940108,10.8,44.2303277,-123.1622552,99
8/3/2021 0:30,31,4,1,0.377123617,11.6,44.2303277,-123.1622552,115
8/3/2021 0:40,31,4,1,0,10.8,44.2303277,-123.1622552,106
8/3/2021 0:50,31,4,1,0.341121146,10.8,44.2303277,-123.1622552,105
8/3/2021 1:00,31,4,1,0.311399578,10.8,44.2303277,-123.1622552,109
8/3/2021 1:10,31,4,1,0.311399578,10.8,44.2303277,-123.1622552,106
8/3/2021 1:20,31,4,1,0.311399578,11.6,44.2303277,-123.1622552,100
8/3/2021 1:30,31,4,1,0.241209076,10.8,44.2303277,-123.1622552,110
8/3/2021 1:40,31,4,1,0,10.8,44.2303277,-123.1622552,119
8/3/2021 1:50,31,4,1,0.341121146,10.8,44.2303277,-123.1622552,110
8/3/2021 2:00,31,4,1,0.230940108,10.8,44.2303277,-123.1622552,106
8/3/2021 2:10,31,4,1,0,10.8,44.2303277,-123.1622552,110
8/3/2021 2:20,31,4,1,0.230940108,10.8,44.2303277,-123.1622552,102
8/3/2021 2:30,31,4,1,0.4,10.8,44.2303277,-123.1622552,85
8/3/2021 2:40,31,4,1,0,10.8,44.2303277,-123.1622552,104
8/3/2021 2:50,31,4,1,0.341121146,10.8,44.2303277,-123.1622552,98
8/3/2021 3:00,31,4,1,0,10.8,44.2303277,-123.1622552,109
8/3/2021 3:10,31,4,1,0.230940108,10.8,44.2303277,-123.1622552,116
8/3/2021 3:20,31,4,1,0.41194292,10.8,44.2303277,-123.1622552,98
8/3/2021 3:30,31,4,1,0.361813613,11.6,44.2303277,-123.1622552,111
8/3/2021 3:40,31,4,1,0,10.8,44.2303277,-123.1622552,113
8/3/2021 3:50,31,4,1,0.393892771,10.8,44.2303277,-123.1622552,111
8/3/2021 4:00,31,4,1,0,10.8,44.2303277,-123.1622552,110
8/3/2021 4:10,31,4,1,0.604743157,10.8,44.2303277,-123.1622552,86
8/3/2021 4:20,31,4,1,0,10.8,44.2303277,-123.1622552,97
8/3/2021 4:30,31,4,1,0.230940108,10.8,44.2303277,-123.1622552,110
8/3/2021 4:40,31,4,1,0.311399578,10.8,44.2303277,-123.1622552,107
8/3/2021 4:50,31,4,1,0,10.8,44.2303277,-123.1622552,105
8/3/2021 5:00,31,4,1,0.48074017,10.8,44.2303277,-123.1622552,102
8/3/2021 5:10,31,4,1,0.461880215,10.8,44.2303277,-123.1622552,102
8/3/2021 5:20,31,4,1,0.323615934,10.8,44.2303277,-123.1622552,120
8/3/2021 5:30,31,2,1,0.400864866,13.2,44.23122,-123.1629,121
8/3/2021 5:50,31,2,1,0.4,13.2,44.23122,-123.1629,85
8/3/2021 7:50,31,2,1,NA,12.4,44.23122,-123.1629,67
8/3/2021 8:10,31,2,1,NA,12.4,44.23122,-123.1629,84
8/3/2021 11:40,31,2,1,NA,13.2,44.23122,-123.1629,77
8/3/2021 15:10,31,2,1,NA,12.4,44.23122,-123.1629,68
8/3/2021 15:20,31,2,1,1.13137085,12.4,44.23122,-123.1629,74
8/3/2021 15:40,31,2,1,0.361813613,13.2,44.23122,-123.1629,82
8/3/2021 15:50,31,2,1,0,13.2,44.23122,-123.1629,85
8/3/2021 16:10,31,2,1,0.41194292,14,44.23122,-123.1629,78
8/3/2021 16:30,31,2,1,0.858469392,15.6,44.23122,-123.1629,80
8/3/2021 16:40,31,2,2,NA,14,44.23122,-123.1629,72
8/3/2021 16:50,31,2,1,0.311399578,13.2,44.23122,-123.1629,84
8/3/2021 17:10,31,2,1,0.653197265,14,44.23122,-123.1629,74
8/3/2021 17:20,31,2,1,0.653197265,13.2,44.23122,-123.1629,92
8/3/2021 17:50,31,2,1,0.692820323,12.4,44.23122,-123.1629,78
8/3/2021 18:00,31,2,1,0.8,13.2,44.23122,-123.1629,75
8/3/2021 18:10,31,2,1,0.604743157,13.2,44.23122,-123.1629,87
8/3/2021 18:20,31,2,1,1.2,13.2,44.23122,-123.1629,74
8/3/2021 18:30,31,2,1,0.326598632,13.2,44.23122,-123.1629,88
8/3/2021 18:40,31,2,1,0.337309617,13.2,44.23122,-123.1629,80
8/3/2021 18:50,31,2,1,0.855235974,13.2,44.23122,-123.1629,74
8/3/2021 19:10,31,2,1,0.45411697,13.2,44.23122,-123.1629,81
8/3/2021 19:20,31,2,1,0.41194292,14,44.23122,-123.1629,79
8/3/2021 19:30,31,2,1,NA,13.2,44.23122,-123.1629,66
8/3/2021 19:40,31,2,1,0.629436634,14,44.23122,-123.1629,76
8/3/2021 20:20,31,2,1,0.735149267,12.4,44.23122,-123.1629,89
8/3/2021 20:30,31,3,1,0.394838493,13.2,44.23065,-123.16275,119
8/3/2021 20:40,31,4,1,0,11.6,44.2303277,-123.1622552,116
8/3/2021 20:50,31,4,1,0.311399578,11.6,44.2303277,-123.1622552,114
8/3/2021 21:00,31,4,1,0.311399578,11.6,44.2303277,-123.1622552,119
8/3/2021 21:10,31,4,1,0.311399578,11.6,44.2303277,-123.1622552,118
8/3/2021 21:20,31,4,1,0.311399578,11.6,44.2303277,-123.1622552,117
8/3/2021 21:30,31,4,1,0.634369169,11.6,44.2303277,-123.1622552,113
8/3/2021 21:40,31,4,1,0.373679493,12.4,44.2303277,-123.1622552,105
8/3/2021 21:50,31,4,1,0.241209076,11.6,44.2303277,-123.1622552,102
8/3/2021 22:00,31,4,1,0.48074017,11.6,44.2303277,-123.1622552,96
8/3/2021 22:10,31,4,1,0,11.6,44.2303277,-123.1622552,108
8/3/2021 22:20,31,4,1,0.341121146,11.6,44.2303277,-123.1622552,113
8/3/2021 22:30,31,4,1,0.521071158,11.6,44.2303277,-123.1622552,108
8/3/2021 22:40,31,4,1,0.323615934,11.6,44.2303277,-123.1622552,105
8/3/2021 22:50,31,4,1,0.361813613,11.6,44.2303277,-123.1622552,110
8/3/2021 23:00,31,4,1,0.311399578,11.6,44.2303277,-123.1622552,94
8/3/2021 23:10,31,4,1,0.482418151,10.8,44.2303277,-123.1622552,109
8/3/2021 23:20,31,4,1,0.230940108,11.6,44.2303277,-123.1622552,99
8/3/2021 23:30,31,4,1,0.341121146,11.6,44.2303277,-123.1622552,106
8/3/2021 23:40,31,4,1,0.41194292,11.6,44.2303277,-123.1622552,114
8/3/2021 23:50,31,4,1,0.53935989,10.8,44.2303277,-123.1622552,96
8/4/2021 0:00,31,4,1,0.230940108,10.8,44.2303277,-123.1622552,105
8/4/2021 0:10,31,4,1,0.41194292,11.6,44.2303277,-123.1622552,100
8/4/2021 0:20,31,4,1,0.230940108,11.6,44.2303277,-123.1622552,115
8/4/2021 0:30,31,4,1,0.361813613,10.8,44.2303277,-123.1622552,95
8/4/2021 0:40,31,4,1,0.311399578,10.8,44.2303277,-123.1622552,98
8/4/2021 0:50,31,4,1,0.41194292,10.8,44.2303277,-123.1622552,95
8/4/2021 1:00,31,4,1,0.230940108,10.8,44.2303277,-123.1622552,102
8/4/2021 1:10,31,4,1,0.311399578,10.8,44.2303277,-123.1622552,104
8/4/2021 1:20,31,4,1,0.41194292,10.8,44.2303277,-123.1622552,90
8/4/2021 1:30,31,4,1,0.352766841,10.8,44.2303277,-123.1622552,107
8/4/2021 1:40,31,4,1,0.361813613,10.8,44.2303277,-123.1622552,111
8/4/2021 1:50,31,4,1,0.521071158,10.8,44.2303277,-123.1622552,109
8/4/2021 2:00,31,4,1,0,10.8,44.2303277,-123.1622552,105
8/4/2021 2:10,31,4,1,0,10.8,44.2303277,-123.1622552,106
8/4/2021 2:20,31,4,1,0.252982213,10.8,44.2303277,-123.1622552,101
8/4/2021 2:30,31,4,1,0.241209076,10.8,44.2303277,-123.1622552,101
8/4/2021 2:40,31,4,1,0.41194292,10.8,44.2303277,-123.1622552,106
8/4/2021 2:50,31,4,1,0,10.8,44.2303277,-123.1622552,100
8/4/2021 3:00,31,4,1,0.230940108,10.8,44.2303277,-123.1622552,104
8/4/2021 3:10,31,4,1,0.393892771,10.8,44.2303277,-123.1622552,112
8/4/2021 3:20,31,4,1,0.230940108,10.8,44.2303277,-123.1622552,107
8/4/2021 3:30,31,4,1,NA,10.8,44.2303277,-123.1622552,89
8/4/2021 3:40,31,4,1,0.241209076,10.8,44.2303277,-123.1622552,86
8/4/2021 3:50,31,4,1,0.431487912,10.8,44.2303277,-123.1622552,90
8/4/2021 4:00,31,4,1,0.323615934,10.8,44.2303277,-123.1622552,84
8/4/2021 4:10,31,4,1,0.323615934,10.8,44.2303277,-123.1622552,87
8/4/2021 4:20,31,4,1,0.341121146,10.8,44.2303277,-123.1622552,90
8/4/2021 4:30,31,4,1,0.252982213,10.8,44.2303277,-123.1622552,89
8/4/2021 4:40,31,4,1,0.41194292,10.8,44.2303277,-123.1622552,98
8/4/2021 4:50,31,4,1,0.653197265,10.8,44.2303277,-123.1622552,87
8/4/2021 5:00,31,4,1,0.427617987,10.8,44.2303277,-123.1622552,102
8/4/2021 5:10,31,4,1,0.603022689,11.6,44.2303277,-123.1622552,101
8/4/2021 5:20,31,4,1,0.252982213,11.6,44.2303277,-123.1622552,107
8/4/2021 5:30,31,4,1,0.47448745,11.6,44.2303277,-123.1622552,149
8/4/2021 5:40,31,2,1,0.534846339,11.6,44.23122,-123.1629,94
8/4/2021 7:50,31,2,1,0.431487912,12.4,44.23122,-123.1629,77
8/4/2021 8:00,31,2,1,NA,13.2,44.23122,-123.1629,79
8/4/2021 8:40,31,2,1,2.2627417,14.8,44.23122,-123.1629,76
8/4/2021 9:10,31,2,1,NA,12.4,44.23122,-123.1629,75
8/4/2021 10:30,31,2,1,1.063328109,12.4,44.23122,-123.1629,86
8/4/2021 10:50,31,2,1,NA,12.4,44.23122,-123.1629,72
8/4/2021 11:30,31,2,1,0.461880215,12.4,44.23122,-123.1629,81
8/4/2021 11:40,31,2,1,0.8,13.2,44.23122,-123.1629,73
8/4/2021 11:50,31,2,1,0.715541753,13.2,44.23122,-123.1629,82
8/4/2021 12:00,31,2,1,0.461880215,12.4,44.23122,-123.1629,81
8/4/2021 12:10,31,2,1,0.461880215,12.4,44.23122,-123.1629,88
8/4/2021 12:20,31,2,1,0.427617987,13.2,44.23122,-123.1629,84
8/4/2021 12:40,31,2,1,NA,13.2,44.23122,-123.1629,78
8/4/2021 12:50,31,2,1,0.674619234,14.8,44.23122,-123.1629,83
8/4/2021 13:00,31,2,1,0.431487912,13.2,44.23122,-123.1629,82
8/4/2021 13:10,31,2,1,0.377123617,14,44.23122,-123.1629,88
8/4/2021 13:20,31,2,1,0.595219047,14,44.23122,-123.1629,92
8/4/2021 13:30,31,2,1,0.56051924,13.2,44.23122,-123.1629,80
8/4/2021 13:40,31,2,1,0.86409876,13.2,44.23122,-123.1629,97
8/4/2021 13:50,31,2,1,0.754247233,14.8,44.23122,-123.1629,84
8/4/2021 14:00,31,2,1,0.900793301,13.2,44.23122,-123.1629,88
8/4/2021 14:10,31,2,1,0.311399578,13.2,44.23122,-123.1629,88
8/4/2021 14:20,31,2,1,0.710100292,14,44.23122,-123.1629,94
8/4/2021 14:30,31,2,1,0.595219047,14,44.23122,-123.1629,82
8/4/2021 14:40,31,2,1,0.604743157,13.2,44.23122,-123.1629,94
8/4/2021 14:50,31,2,1,0.604743157,13.2,44.23122,-123.1629,87
8/4/2021 15:00,31,2,1,0.595219047,12.4,44.23122,-123.1629,97
8/4/2021 15:10,31,2,1,0.28149262,13.2,44.23122,-123.1629,95
8/4/2021 15:20,31,2,1,0.534846339,13.2,44.23122,-123.1629,92
8/4/2021 15:30,31,2,1,0.461880215,14,44.23122,-123.1629,94
8/4/2021 15:40,31,2,1,0.482418151,13.2,44.23122,-123.1629,87
8/4/2021 15:50,31,2,1,0.45411697,13.2,44.23122,-123.1629,101
8/4/2021 16:00,31,2,1,0.653197265,13.2,44.23122,-123.1629,81
8/4/2021 16:10,31,2,1,0.692820323,13.2,44.23122,-123.1629,86
8/4/2021 16:30,31,2,1,1.514375559,14,44.23122,-123.1629,79
8/4/2021 16:40,31,2,1,1.222020185,13.2,44.23122,-123.1629,74
8/4/2021 16:50,31,2,1,0,13.2,44.23122,-123.1629,91
8/4/2021 17:00,31,2,1,0.45411697,13.2,44.23122,-123.1629,91
8/4/2021 17:10,31,2,1,0.45411697,13.2,44.23122,-123.1629,88
8/4/2021 17:20,31,2,1,0.653197265,14,44.23122,-123.1629,80
8/4/2021 17:30,31,2,1,0.311399578,13.2,44.23122,-123.1629,86
8/4/2021 17:40,31,2,1,0.667618368,14,44.23122,-123.1629,78
8/4/2021 17:50,31,2,1,0.357770876,13.2,44.23122,-123.1629,84
8/4/2021 18:00,31,2,1,0.461880215,13.2,44.23122,-123.1629,81
8/4/2021 18:10,31,2,1,0.719788329,14,44.23122,-123.1629,77
8/4/2021 18:20,31,2,1,0,14,44.23122,-123.1629,75
8/4/2021 18:40,31,2,1,0.461880215,13.2,44.23122,-123.1629,75
8/4/2021 18:50,31,2,1,0,13.2,44.23122,-123.1629,89
8/4/2021 19:00,31,2,1,0.386436713,13.2,44.23122,-123.1629,96
8/4/2021 19:10,31,2,1,0.427617987,13.2,44.23122,-123.1629,89
8/4/2021 19:20,31,2,1,0.266666667,13.2,44.23122,-123.1629,79
8/4/2021 19:30,31,2,1,0.413118224,13.2,44.23122,-123.1629,89
8/4/2021 19:40,31,2,1,0.373679493,13.2,44.23122,-123.1629,89
8/4/2021 19:50,31,2,1,0.682242292,13.2,44.23122,-123.1629,76
8/4/2021 20:00,31,2,1,0.326598632,13.2,44.23122,-123.1629,93
8/4/2021 20:10,31,3,1,0.341121146,13.2,44.23065,-123.16275,122
8/4/2021 20:20,31,3,1,0.300427046,13.2,44.23065,-123.16275,128
8/4/2021 20:30,31,3,1,0.743026185,14,44.23065,-123.16275,112
8/4/2021 20:40,31,4,1,0.556681899,13.2,44.2303277,-123.1622552,97
8/4/2021 20:50,31,4,1,0.341121146,11.6,44.2303277,-123.1622552,118
8/4/2021 21:00,31,4,1,0.311399578,11.6,44.2303277,-123.1622552,119
8/4/2021 21:10,31,4,1,0.341121146,11.6,44.2303277,-123.1622552,102
8/4/2021 21:20,31,4,1,0.41194292,11.6,44.2303277,-123.1622552,102
8/4/2021 21:30,31,4,1,0.252982213,11.6,44.2303277,-123.1622552,105
8/4/2021 21:40,31,4,1,0.431487912,11.6,44.2303277,-123.1622552,101
8/4/2021 21:50,31,4,1,0.252982213,11.6,44.2303277,-123.1622552,97
8/4/2021 22:00,31,4,1,0,11.6,44.2303277,-123.1622552,99
8/4/2021 22:10,31,4,1,0.230940108,11.6,44.2303277,-123.1622552,111
8/4/2021 22:20,31,4,1,0.57419245,11.6,44.2303277,-123.1622552,100
8/4/2021 22:30,31,4,1,0.341121146,11.6,44.2303277,-123.1622552,117
8/4/2021 22:40,31,4,1,0.230940108,11.6,44.2303277,-123.1622552,103
8/4/2021 22:50,31,4,1,0,11.6,44.2303277,-123.1622552,113
8/4/2021 23:00,31,4,1,0.628996314,11.6,44.2303277,-123.1622552,117
8/4/2021 23:10,31,4,1,0.230940108,10.8,44.2303277,-123.1622552,108
8/4/2021 23:20,31,4,1,0,10.8,44.2303277,-123.1622552,94
8/4/2021 23:30,31,4,1,0.341121146,11.6,44.2303277,-123.1622552,110
8/4/2021 23:40,31,4,1,0.282842712,10.8,44.2303277,-123.1622552,118
8/4/2021 23:50,31,4,1,0,10.8,44.2303277,-123.1622552,107
8/5/2021 0:00,31,4,1,0.230940108,10.8,44.2303277,-123.1622552,111
8/5/2021 0:10,31,4,1,0.311399578,10.8,44.2303277,-123.1622552,116
8/5/2021 0:20,31,4,1,0.361813613,10.8,44.2303277,-123.1622552,111
8/5/2021 0:30,31,4,1,0.241209076,10.8,44.2303277,-123.1622552,109
8/5/2021 0:40,31,4,1,0.482418151,10.8,44.2303277,-123.1622552,86
8/5/2021 0:50,31,4,1,0,10.8,44.2303277,-123.1622552,98
8/5/2021 1:00,31,4,1,0.341121146,10.8,44.2303277,-123.1622552,99
8/5/2021 1:10,31,4,1,0.622799155,10.8,44.2303277,-123.1622552,93
8/5/2021 1:20,31,4,1,0.386436713,10.8,44.2303277,-123.1622552,88
8/5/2021 1:30,31,4,1,0.230940108,10.8,44.2303277,-123.1622552,104
8/5/2021 1:40,31,4,1,0.461880215,10.8,44.2303277,-123.1622552,97
8/5/2021 1:50,31,4,1,0.266666667,10.8,44.2303277,-123.1622552,85
8/5/2021 2:00,31,4,1,0.252982213,10.8,44.2303277,-123.1622552,95
8/5/2021 2:10,31,4,1,0.393892771,10.8,44.2303277,-123.1622552,99
8/5/2021 2:20,31,4,1,0.361813613,10.8,44.2303277,-123.1622552,88
8/5/2021 2:30,31,4,1,0.326598632,10.8,44.2303277,-123.1622552,90
8/5/2021 2:40,31,4,1,0.311399578,11.6,44.2303277,-123.1622552,99
8/5/2021 2:50,31,4,1,0.230940108,10.8,44.2303277,-123.1622552,102
8/5/2021 3:00,31,4,1,0.230940108,10.8,44.2303277,-123.1622552,103
8/5/2021 3:10,31,4,1,0.230940108,10.8,44.2303277,-123.1622552,108
8/5/2021 3:20,31,4,1,0.431487912,10.8,44.2303277,-123.1622552,83
8/5/2021 3:30,31,4,1,0.534846339,10.8,44.2303277,-123.1622552,102
8/5/2021 3:40,31,4,1,0.230940108,11.6,44.2303277,-123.1622552,101
8/5/2021 3:50,31,4,1,0.37032804,10.8,44.2303277,-123.1622552,97
8/5/2021 4:00,31,4,1,0.252982213,10.8,44.2303277,-123.1622552,94
8/5/2021 4:10,31,4,1,0.4,10.8,44.2303277,-123.1622552,88
8/5/2021 4:20,31,4,1,0.461880215,10.8,44.2303277,-123.1622552,82
8/5/2021 4:30,31,4,1,0,10.8,44.2303277,-123.1622552,91
8/5/2021 4:40,31,4,1,0.230940108,10.8,44.2303277,-123.1622552,109
8/5/2021 4:50,31,4,1,0.252982213,10.8,44.2303277,-123.1622552,102
8/5/2021 5:00,31,4,1,0.230940108,10.8,44.2303277,-123.1622552,103
8/5/2021 5:10,31,4,1,0.8,10.8,44.2303277,-123.1622552,78
8/5/2021 5:20,31,4,1,0,10.8,44.2303277,-123.1622552,97
8/5/2021 5:30,31,4,1,0.41194292,11.6,44.2303277,-123.1622552,126
8/5/2021 5:40,31,2,1,1.185092589,10.8,44.23122,-123.1629,122
8/5/2021 6:10,31,2,2,NA,11.6,44.23122,-123.1629,60
8/5/2021 10:20,31,1,1,NA,14,44.2333796,-123.1625399,77
8/5/2021 10:40,31,1,1,NA,14,44.2333796,-123.1625399,82
8/5/2021 18:50,31,2,1,1.13137085,13.2,44.23122,-123.1629,75
8/5/2021 19:20,31,1,1,0.565685425,11.6,44.2333796,-123.1625399,74
8/5/2021 20:20,31,1,1,NA,11.6,44.2333796,-123.1625399,72
8/5/2021 20:40,31,1,1,NA,13.2,44.2333796,-123.1625399,78
8/5/2021 20:50,31,2,1,0.505964426,13.2,44.23122,-123.1629,91
8/5/2021 21:00,31,2,2,1.032795559,12.4,44.23122,-123.1629,106
8/5/2021 21:10,31,4,1,0.300427046,12.4,44.2303277,-123.1622552,129
8/5/2021 21:20,31,4,1,0.41194292,10.8,44.2303277,-123.1622552,117
8/5/2021 21:30,31,4,1,0.230940108,10.8,44.2303277,-123.1622552,124
8/5/2021 21:40,31,4,1,0.230940108,10.8,44.2303277,-123.1622552,114
8/5/2021 21:50,31,4,1,0,10.8,44.2303277,-123.1622552,101
8/5/2021 22:00,31,4,1,0.230940108,10.8,44.2303277,-123.1622552,116
8/5/2021 22:10,31,4,1,0.521071158,11.6,44.2303277,-123.1622552,90
8/5/2021 22:20,31,4,1,0.361813613,10.8,44.2303277,-123.1622552,103
8/5/2021 22:30,31,4,1,0.311399578,11.6,44.2303277,-123.1622552,95
8/5/2021 22:40,31,4,1,0,10.8,44.2303277,-123.1622552,90
8/5/2021 22:50,31,4,1,0.230940108,10.8,44.2303277,-123.1622552,100
8/5/2021 23:00,31,4,1,0.230940108,10.8,44.2303277,-123.1622552,106
8/5/2021 23:10,31,4,1,0.361813613,10.8,44.2303277,-123.1622552,87
8/5/2021 23:20,31,4,1,0.323615934,10.8,44.2303277,-123.1622552,98
8/5/2021 23:30,31,4,1,0.323615934,10.8,44.2303277,-123.1622552,104
8/5/2021 23:40,31,4,1,0.311399578,10.8,44.2303277,-123.1622552,101
8/5/2021 23:50,31,4,1,0.361813613,10.8,44.2303277,-123.1622552,114
8/6/2021 0:00,31,4,1,0.230940108,10.8,44.2303277,-123.1622552,97
8/6/2021 0:10,31,4,1,0.311399578,10.8,44.2303277,-123.1622552,104
8/6/2021 0:20,31,4,1,0.482418151,10.8,44.2303277,-123.1622552,103
8/6/2021 0:30,31,4,1,0.266666667,10.8,44.2303277,-123.1622552,98
8/6/2021 0:40,31,4,1,0.252982213,10.8,44.2303277,-123.1622552,101
8/6/2021 0:50,31,4,1,0.323615934,10.8,44.2303277,-123.1622552,98
8/6/2021 1:00,31,4,1,0.57419245,10.8,44.2303277,-123.1622552,92
8/6/2021 1:10,31,4,1,0.512695956,10.8,44.2303277,-123.1622552,87
8/6/2021 1:20,31,4,1,0,10.8,44.2303277,-123.1622552,96
8/6/2021 1:30,31,4,1,0.386436713,10.8,44.2303277,-123.1622552,94
8/6/2021 1:40,31,4,1,0.461880215,10.8,44.2303277,-123.1622552,97
8/6/2021 1:50,31,4,1,0.241209076,10.8,44.2303277,-123.1622552,102
8/6/2021 2:00,31,4,1,0.230940108,10.8,44.2303277,-123.1622552,106
8/6/2021 2:10,31,4,1,0.41194292,10,44.2303277,-123.1622552,107
8/6/2021 2:20,31,4,1,0.361813613,11.6,44.2303277,-123.1622552,108
8/6/2021 2:30,31,4,1,0.41194292,10.8,44.2303277,-123.1622552,108
8/6/2021 2:40,31,4,1,0.505964426,10.8,44.2303277,-123.1622552,86
8/6/2021 2:50,31,4,1,0,10.8,44.2303277,-123.1622552,109
8/6/2021 3:00,31,4,1,0.230940108,10.8,44.2303277,-123.1622552,109
8/6/2021 3:10,31,4,1,0.361813613,10.8,44.2303277,-123.1622552,107
8/6/2021 3:20,31,4,1,0.311399578,10.8,44.2303277,-123.1622552,107
8/6/2021 3:30,31,4,1,0,10.8,44.2303277,-123.1622552,104
8/6/2021 3:40,31,4,1,0,10.8,44.2303277,-123.1622552,107
8/6/2021 3:50,31,4,1,0.41194292,10.8,44.2303277,-123.1622552,104
8/6/2021 4:00,31,4,1,0,10.8,44.2303277,-123.1622552,94
8/6/2021 4:10,31,4,1,0.230940108,10.8,44.2303277,-123.1622552,88
8/6/2021 4:20,31,4,1,0.230940108,10.8,44.2303277,-123.1622552,100
8/6/2021 4:30,31,4,1,0.431487912,10.8,44.2303277,-123.1622552,103
8/6/2021 4:40,31,4,1,0.311399578,10.8,44.2303277,-123.1622552,98
8/6/2021 4:50,31,4,1,0,10.8,44.2303277,-123.1622552,108
8/6/2021 5:00,31,4,1,0.230940108,10.8,44.2303277,-123.1622552,94
8/6/2021 5:10,31,4,1,0.266666667,10.8,44.2303277,-123.1622552,106
8/6/2021 5:20,31,4,1,0.361813613,10.8,44.2303277,-123.1622552,112
8/6/2021 5:30,31,4,1,0.332940946,11.6,44.2303277,-123.1622552,147
8/6/2021 5:40,31,2,2,0.311399578,12.4,44.23122,-123.1629,99
8/6/2021 14:10,31,2,2,NA,12.4,44.23122,-123.1629,47
8/6/2021 14:40,31,2,1,1.222020185,14,44.23122,-123.1629,80
8/6/2021 16:40,31,2,1,0.4,14,44.23122,-123.1629,78
8/6/2021 20:40,31,2,2,0,13.2,44.23122,-123.1629,82
8/6/2021 20:50,31,3,1,1.040279683,13.2,44.23065,-123.16275,91
8/6/2021 21:00,31,4,1,0,12.4,44.2303277,-123.1622552,145
8/6/2021 21:10,31,4,1,0.302371578,11.6,44.2303277,-123.1622552,90
8/6/2021 21:20,31,4,1,0.230940108,11.6,44.2303277,-123.1622552,111
8/6/2021 21:30,31,4,1,0.241209076,11.6,44.2303277,-123.1622552,106
8/6/2021 21:40,31,4,1,0.41194292,11.6,44.2303277,-123.1622552,114
8/6/2021 21:50,31,4,1,0.41194292,11.6,44.2303277,-123.1622552,113
8/6/2021 22:00,31,4,1,0.311399578,11.6,44.2303277,-123.1622552,108
8/6/2021 22:10,31,4,1,0.252982213,11.6,44.2303277,-123.1622552,114
8/6/2021 22:20,31,4,1,0.461880215,10.8,44.2303277,-123.1622552,103
8/6/2021 22:30,31,4,1,0.230940108,10.8,44.2303277,-123.1622552,108
8/6/2021 22:40,31,4,1,0.533333333,10.8,44.2303277,-123.1622552,89
8/6/2021 22:50,31,4,1,0.41194292,10.8,44.2303277,-123.1622552,98
8/6/2021 23:00,31,4,1,0.230940108,11.6,44.2303277,-123.1622552,115
8/6/2021 23:10,31,4,1,0.692820323,11.6,44.2303277,-123.1622552,96
8/6/2021 23:20,31,4,1,0.521071158,11.6,44.2303277,-123.1622552,114
8/6/2021 23:30,31,4,1,0.230940108,10.8,44.2303277,-123.1622552,97
8/6/2021 23:40,31,4,1,0.311399578,12.4,44.2303277,-123.1622552,103
8/6/2021 23:50,31,4,1,0.230940108,10.8,44.2303277,-123.1622552,101
8/7/2021 0:00,31,4,1,0.323615934,10.8,44.2303277,-123.1622552,94
8/7/2021 0:10,31,4,1,0.311399578,10.8,44.2303277,-123.1622552,112
8/7/2021 0:20,31,4,1,0.230940108,10.8,44.2303277,-123.1622552,101
8/7/2021 0:30,31,4,1,0.323615934,11.6,44.2303277,-123.1622552,101
8/7/2021 0:40,31,4,1,0.373679493,11.6,44.2303277,-123.1622552,94
8/7/2021 0:50,31,4,1,0,10.8,44.2303277,-123.1622552,97
8/7/2021 1:00,31,4,1,0,10.8,44.2303277,-123.1622552,103
8/7/2021 1:10,31,4,1,0.361813613,10.8,44.2303277,-123.1622552,104
8/7/2021 1:20,31,4,1,0.323615934,10.8,44.2303277,-123.1622552,104
8/7/2021 1:30,31,4,1,0.311399578,10.8,44.2303277,-123.1622552,106
8/7/2021 1:40,31,4,1,2.719477074,10.8,44.2303277,-123.1622552,102
8/7/2021 1:50,31,4,1,2.2054478,15.6,44.2303277,-123.1622552,101
8/7/2021 2:00,31,4,1,2.883240121,17.2,44.2303277,-123.1622552,116
8/7/2021 2:10,31,4,1,0.230940108,11.6,44.2303277,-123.1622552,100
8/7/2021 2:20,31,4,1,0.534846339,11.6,44.2303277,-123.1622552,101
8/7/2021 2:30,31,4,1,0.41194292,10.8,44.2303277,-123.1622552,96
8/7/2021 2:40,31,4,1,0.534846339,11.6,44.2303277,-123.1622552,102
8/7/2021 2:50,31,4,1,0.282842712,10.8,44.2303277,-123.1622552,94
8/7/2021 3:00,31,4,1,0.230940108,10.8,44.2303277,-123.1622552,110
8/7/2021 3:10,31,4,1,0,10.8,44.2303277,-123.1622552,84
8/7/2021 3:20,31,4,1,0.534846339,10.8,44.2303277,-123.1622552,102
8/7/2021 3:30,31,4,1,0.311399578,10.8,44.2303277,-123.1622552,98
8/7/2021 3:40,31,4,1,0.341121146,10.8,44.2303277,-123.1622552,104
8/7/2021 3:50,31,4,1,0.252982213,10.8,44.2303277,-123.1622552,106
8/7/2021 4:00,31,4,1,0.377123617,10.8,44.2303277,-123.1622552,97
8/7/2021 4:10,31,4,1,0.326598632,11.6,44.2303277,-123.1622552,92
8/7/2021 4:20,31,4,1,0.352766841,10.8,44.2303277,-123.1622552,102
8/7/2021 4:30,31,4,1,0.604743157,10.8,44.2303277,-123.1622552,93
8/7/2021 4:40,31,4,1,0.230940108,10.8,44.2303277,-123.1622552,113
8/7/2021 4:50,31,4,1,0.41194292,10.8,44.2303277,-123.1622552,103
8/7/2021 5:00,31,4,1,0.311399578,10.8,44.2303277,-123.1622552,88
8/7/2021 5:10,31,4,1,0.361813613,10.8,44.2303277,-123.1622552,98
8/7/2021 5:20,31,4,1,0.534846339,11.6,44.2303277,-123.1622552,113
8/7/2021 5:30,31,2,2,0.661625965,13.2,44.23122,-123.1629,105
8/7/2021 11:40,31,2,1,0.8,14,44.23122,-123.1629,71
8/7/2021 20:30,31,2,2,0,14,44.23122,-123.1629,75
8/7/2021 20:40,31,2,2,NA,13.2,44.23122,-123.1629,72
8/7/2021 20:50,31,3,1,0.732380333,13.2,44.23065,-123.16275,117
8/7/2021 21:00,31,4,1,0.241209076,12.4,44.2303277,-123.1622552,141
8/7/2021 21:10,31,4,1,0.302371578,11.6,44.2303277,-123.1622552,114
8/7/2021 21:20,31,4,1,0,11.6,44.2303277,-123.1622552,115
8/7/2021 21:30,31,4,1,0.241209076,11.6,44.2303277,-123.1622552,97
8/7/2021 21:40,31,4,1,0.357770876,11.6,44.2303277,-123.1622552,97
8/7/2021 21:50,31,4,1,0.230940108,11.6,44.2303277,-123.1622552,99
8/7/2021 22:00,31,4,1,0,11.6,44.2303277,-123.1622552,99
8/7/2021 22:10,31,4,1,0.230940108,11.6,44.2303277,-123.1622552,108
8/7/2021 22:20,31,4,1,0.361813613,11.6,44.2303277,-123.1622552,110
8/7/2021 22:30,31,4,1,0.230940108,11.6,44.2303277,-123.1622552,107
8/7/2021 22:40,31,4,1,0.390360029,11.6,44.2303277,-123.1622552,101
8/7/2021 22:50,31,4,1,0.230940108,11.6,44.2303277,-123.1622552,106
8/7/2021 23:00,31,4,1,0.311399578,11.6,44.2303277,-123.1622552,107
8/7/2021 23:10,31,4,1,0.8,13.2,44.2303277,-123.1622552,78
8/7/2021 23:20,31,4,1,0.311399578,12.4,44.2303277,-123.1622552,112
8/7/2021 23:30,31,4,1,0,11.6,44.2303277,-123.1622552,102
8/7/2021 23:40,31,4,1,0.361813613,11.6,44.2303277,-123.1622552,98
8/7/2021 23:50,31,4,1,0,11.6,44.2303277,-123.1622552,97
8/8/2021 0:00,31,4,1,0.341121146,11.6,44.2303277,-123.1622552,96
8/8/2021 0:10,31,4,1,0.230940108,11.6,44.2303277,-123.1622552,95
8/8/2021 0:20,31,4,1,0.230940108,11.6,44.2303277,-123.1622552,109
8/8/2021 0:30,31,4,1,0.53935989,10.8,44.2303277,-123.1622552,109
8/8/2021 0:40,31,4,1,0,10.8,44.2303277,-123.1622552,92
8/8/2021 0:50,31,4,1,0.341121146,11.6,44.2303277,-123.1622552,104
8/8/2021 1:00,31,4,1,0.230940108,11.6,44.2303277,-123.1622552,99
8/8/2021 1:10,31,4,1,0.497265248,11.6,44.2303277,-123.1622552,101
8/8/2021 1:20,31,4,1,0.361813613,11.6,44.2303277,-123.1622552,96
8/8/2021 1:30,31,4,1,0,10.8,44.2303277,-123.1622552,102
8/8/2021 1:40,31,4,1,0.323615934,10.8,44.2303277,-123.1622552,109
8/8/2021 1:50,31,4,1,0.230940108,10.8,44.2303277,-123.1622552,107
8/8/2021 2:00,31,4,1,0.230940108,11.6,44.2303277,-123.1622552,108
8/8/2021 2:10,31,4,1,0.53935989,11.6,44.2303277,-123.1622552,107
8/8/2021 2:20,31,4,1,0.230940108,10.8,44.2303277,-123.1622552,107
8/8/2021 2:30,31,4,1,0.41194292,11.6,44.2303277,-123.1622552,104
8/8/2021 2:40,31,4,1,0.252982213,10.8,44.2303277,-123.1622552,107
8/8/2021 2:50,31,4,1,0.373679493,10.8,44.2303277,-123.1622552,110
8/8/2021 3:00,31,4,1,0,10.8,44.2303277,-123.1622552,99
8/8/2021 3:10,31,4,1,0.373679493,10.8,44.2303277,-123.1622552,109
8/8/2021 3:20,31,4,1,0.230940108,10.8,44.2303277,-123.1622552,106
8/8/2021 3:30,31,4,1,0.311399578,10.8,44.2303277,-123.1622552,112
8/8/2021 3:40,31,4,1,0.41194292,10,44.2303277,-123.1622552,93
8/8/2021 3:50,31,4,1,0,10.8,44.2303277,-123.1622552,85
8/8/2021 4:00,31,4,1,0.230940108,10.8,44.2303277,-123.1622552,92
8/8/2021 4:10,31,4,1,0.337309617,10.8,44.2303277,-123.1622552,96
8/8/2021 4:20,31,4,1,0.41194292,10.8,44.2303277,-123.1622552,81
8/8/2021 4:30,31,4,1,0.230940108,10.8,44.2303277,-123.1622552,89
8/8/2021 4:40,31,4,1,0.341121146,10.8,44.2303277,-123.1622552,83
8/8/2021 4:50,31,4,1,0.482418151,10.8,44.2303277,-123.1622552,113
8/8/2021 5:00,31,4,1,0,10.8,44.2303277,-123.1622552,103
8/8/2021 5:10,31,4,1,0.393892771,10.8,44.2303277,-123.1622552,100
8/8/2021 5:20,31,4,1,0.241209076,10.8,44.2303277,-123.1622552,110
8/8/2021 5:30,31,4,1,0.302371578,10.8,44.2303277,-123.1622552,111
8/8/2021 5:40,31,4,1,0,10.8,44.2303277,-123.1622552,108
8/8/2021 5:50,31,2,2,0.646180979,12.4,44.23122,-123.1629,129
8/8/2021 20:20,31,2,2,NA,14.8,44.23122,-123.1629,74
8/8/2021 20:40,31,2,2,0.517335833,13.2,44.23122,-123.1629,101
8/8/2021 21:10,31,4,1,NA,11.6,44.2303277,-123.1622552,113
8/9/2021 5:40,31,4,1,0,11.6,44.2303277,-123.1622552,115
8/9/2021 5:50,31,2,2,0.662462937,14,44.23122,-123.1629,105
8/9/2021 6:10,31,1,1,NA,13.2,44.2333796,-123.1625399,75
8/9/2021 8:40,31,1,1,NA,13.2,44.2333796,-123.1625399,73
8/9/2021 9:00,31,1,1,NA,13.2,44.2333796,-123.1625399,75
8/9/2021 9:20,31,1,1,NA,14,44.2333796,-123.1625399,77
8/9/2021 9:50,31,1,1,0.874325137,14,44.2333796,-123.1625399,79
8/9/2021 10:00,31,1,1,1.093008082,14,44.2333796,-123.1625399,86
8/9/2021 10:20,31,1,1,0.629861212,14,44.2333796,-123.1625399,82
8/9/2021 10:30,31,1,1,0.526922251,13.2,44.2333796,-123.1625399,86
8/9/2021 10:40,31,1,1,0,13.2,44.2333796,-123.1625399,82
8/9/2021 11:00,31,1,1,0.894427191,14.8,44.2333796,-123.1625399,81
8/9/2021 11:10,31,1,1,NA,13.2,44.2333796,-123.1625399,76
8/9/2021 12:20,31,2,2,NA,13.2,44.23122,-123.1629,73
8/9/2021 14:10,31,2,2,NA,13.2,44.23122,-123.1629,79
8/9/2021 20:30,31,2,2,0.565685425,13.2,44.23122,-123.1629,71
8/9/2021 20:40,31,3,1,0.647442111,13.2,44.23065,-123.16275,115
8/9/2021 20:50,31,4,1,0.311399578,11.6,44.2303277,-123.1622552,115
8/9/2021 21:00,31,4,1,0.311399578,11.6,44.2303277,-123.1622552,117
8/9/2021 21:10,31,4,1,0.230940108,11.6,44.2303277,-123.1622552,121
8/9/2021 21:20,31,4,1,0.361813613,12.4,44.2303277,-123.1622552,95
8/9/2021 21:30,31,4,1,0.341121146,11.6,44.2303277,-123.1622552,115
8/9/2021 21:40,31,4,1,0.352766841,11.6,44.2303277,-123.1622552,89
8/9/2021 21:50,31,4,1,0.41194292,11.6,44.2303277,-123.1622552,91
8/9/2021 22:00,31,4,1,0,11.6,44.2303277,-123.1622552,95
8/9/2021 22:10,31,4,1,0.241209076,11.6,44.2303277,-123.1622552,99
8/9/2021 22:20,31,4,1,0.377123617,10.8,44.2303277,-123.1622552,103
8/9/2021 22:30,31,4,1,0.461880215,12.4,44.2303277,-123.1622552,101
8/9/2021 22:40,31,4,1,0.230940108,10.8,44.2303277,-123.1622552,103
8/9/2021 22:50,31,4,1,0.230940108,11.6,44.2303277,-123.1622552,104
8/9/2021 23:00,31,4,1,0.252982213,11.6,44.2303277,-123.1622552,106
8/9/2021 23:10,31,4,1,0.357770876,11.6,44.2303277,-123.1622552,106
8/9/2021 23:20,31,4,1,0.230940108,11.6,44.2303277,-123.1622552,109
8/9/2021 23:30,31,4,1,0.241209076,11.6,44.2303277,-123.1622552,108
8/9/2021 23:40,31,4,1,0.230940108,11.6,44.2303277,-123.1622552,102
8/9/2021 23:50,31,4,1,0,11.6,44.2303277,-123.1622552,111
8/10/2021 0:00,31,4,1,0.341121146,11.6,44.2303277,-123.1622552,108
8/10/2021 0:10,31,4,1,0.361813613,12.4,44.2303277,-123.1622552,96
8/10/2021 0:20,31,4,1,0.311399578,11.6,44.2303277,-123.1622552,92
8/10/2021 0:30,31,4,1,0.979795897,11.6,44.2303277,-123.1622552,82
8/10/2021 0:40,31,4,1,0.482418151,11.6,44.2303277,-123.1622552,112
8/10/2021 0:50,31,4,1,0.230940108,11.6,44.2303277,-123.1622552,98
8/10/2021 1:00,31,4,1,0.282842712,11.6,44.2303277,-123.1622552,100
8/10/2021 1:10,31,4,1,0.534846339,11.6,44.2303277,-123.1622552,111
8/10/2021 1:20,31,4,1,0.230940108,10.8,44.2303277,-123.1622552,94
8/10/2021 1:30,31,4,1,0.311399578,10.8,44.2303277,-123.1622552,104
8/10/2021 1:40,31,4,1,0.357770876,10,44.2303277,-123.1622552,96
8/10/2021 1:50,31,4,1,0.230940108,10.8,44.2303277,-123.1622552,103
8/10/2021 2:00,31,4,1,0.241209076,10.8,44.2303277,-123.1622552,109
8/10/2021 2:10,31,4,1,0.230940108,10.8,44.2303277,-123.1622552,91
8/10/2021 2:20,31,4,1,0.497265248,10.8,44.2303277,-123.1622552,90
8/10/2021 2:30,31,4,1,0.341121146,10.8,44.2303277,-123.1622552,106
8/10/2021 2:40,31,4,1,0,10.8,44.2303277,-123.1622552,107
8/10/2021 2:50,31,4,1,0.373679493,10.8,44.2303277,-123.1622552,99
8/10/2021 3:00,31,4,1,0.482418151,11.6,44.2303277,-123.1622552,108
8/10/2021 3:10,31,4,1,0.393892771,10.8,44.2303277,-123.1622552,111
8/10/2021 3:20,31,4,1,0.341121146,10.8,44.2303277,-123.1622552,109
8/10/2021 3:30,31,4,1,0.337309617,10.8,44.2303277,-123.1622552,108
8/10/2021 3:40,31,4,1,0.337309617,11.6,44.2303277,-123.1622552,98
8/10/2021 3:50,31,4,1,0.230940108,11.6,44.2303277,-123.1622552,121
8/10/2021 4:00,31,4,1,0.230940108,12.4,44.2303277,-123.1622552,101
8/10/2021 4:10,31,4,1,0.461880215,11.6,44.2303277,-123.1622552,99
8/10/2021 4:20,31,4,1,0.41194292,10.8,44.2303277,-123.1622552,104
8/10/2021 4:30,31,4,1,0.230940108,10.8,44.2303277,-123.1622552,97
8/10/2021 4:40,31,4,1,0.361813613,10.8,44.2303277,-123.1622552,96
8/10/2021 4:50,31,4,1,0.241209076,10.8,44.2303277,-123.1622552,96
8/10/2021 5:00,31,4,1,0.482418151,10.8,44.2303277,-123.1622552,108
8/10/2021 5:10,31,4,1,0.505964426,11.6,44.2303277,-123.1622552,111
8/10/2021 5:20,31,4,1,0.311399578,10.8,44.2303277,-123.1622552,111
8/10/2021 5:30,31,4,1,0.41194292,12.4,44.2303277,-123.1622552,117
8/10/2021 5:40,31,4,1,0.71367593,13.2,44.2303277,-123.1622552,136
8/10/2021 5:50,31,2,2,0.403619983,13.2,44.23122,-123.1629,87
8/10/2021 10:50,31,2,1,0.565685425,13.2,44.23122,-123.1629,81
8/10/2021 11:00,31,2,1,NA,12.4,44.23122,-123.1629,73
8/10/2021 11:10,31,2,1,0.653197265,14,44.23122,-123.1629,80
8/10/2021 11:20,31,2,1,0.604743157,14,44.23122,-123.1629,78
8/10/2021 11:30,31,2,1,0.629436634,13.2,44.23122,-123.1629,92
8/10/2021 11:50,31,2,1,1.076148335,14,44.23122,-123.1629,77
8/10/2021 12:10,31,2,1,0.326598632,13.2,44.23122,-123.1629,87
8/10/2021 12:20,31,2,1,0,13.2,44.23122,-123.1629,94
8/10/2021 12:30,31,2,2,NA,12.4,44.23122,-123.1629,77
8/10/2021 14:40,31,2,1,NA,12.4,44.23122,-123.1629,85
8/10/2021 15:20,31,2,1,NA,13.2,44.23122,-123.1629,59
8/10/2021 15:30,31,2,1,0.461880215,13.2,44.23122,-123.1629,77
8/10/2021 16:20,31,2,1,0.461880215,14.8,44.23122,-123.1629,89
8/10/2021 16:50,31,2,1,0.602218122,14,44.23122,-123.1629,82
8/10/2021 17:00,31,2,1,0.565685425,13.2,44.23122,-123.1629,82
8/10/2021 17:20,31,2,1,1.025391911,16.4,44.23122,-123.1629,76
8/10/2021 17:30,31,2,1,0.669328021,14,44.23122,-123.1629,89
8/10/2021 17:40,31,2,1,0.709124208,14,44.23122,-123.1629,79
8/10/2021 17:50,31,2,1,0.91214034,14.8,44.23122,-123.1629,75
8/10/2021 18:20,31,2,1,0.386436713,14,44.23122,-123.1629,97
8/10/2021 18:30,31,2,1,0.765941686,15.6,44.23122,-123.1629,84
8/10/2021 18:40,31,2,2,NA,14.8,44.23122,-123.1629,81
8/10/2021 18:50,31,2,1,0,14,44.23122,-123.1629,81
8/10/2021 19:00,31,2,1,0.386436713,14.8,44.23122,-123.1629,85
8/10/2021 19:40,31,2,1,0.565685425,14.8,44.23122,-123.1629,73
8/10/2021 20:00,31,2,1,NA,14,44.23122,-123.1629,81
8/10/2021 20:10,31,2,1,0.302371578,14.8,44.23122,-123.1629,83
8/10/2021 20:20,31,2,1,0.512695956,13.2,44.23122,-123.1629,80
8/10/2021 20:30,31,3,1,0.508839247,13.2,44.23065,-123.16275,122
8/10/2021 20:40,31,4,1,0.390360029,14,44.2303277,-123.1622552,106
8/10/2021 20:50,31,4,1,0.311399578,13.2,44.2303277,-123.1622552,139
8/10/2021 21:00,31,4,1,0.497265248,12.4,44.2303277,-123.1622552,135
8/10/2021 21:10,31,4,1,0.497265248,11.6,44.2303277,-123.1622552,124
8/10/2021 21:20,31,4,1,0,11.6,44.2303277,-123.1622552,93
8/10/2021 21:30,31,4,1,0.565685425,10.8,44.2303277,-123.1622552,83
8/10/2021 21:40,31,4,1,0.326598632,11.6,44.2303277,-123.1622552,92
8/10/2021 21:50,31,4,1,0.431487912,12.4,44.2303277,-123.1622552,110
8/10/2021 22:00,31,4,1,0,11.6,44.2303277,-123.1622552,91
8/10/2021 22:10,31,4,1,0.230940108,11.6,44.2303277,-123.1622552,113
8/10/2021 22:20,31,4,1,0,11.6,44.2303277,-123.1622552,107
8/10/2021 22:30,31,4,1,0.59029183,11.6,44.2303277,-123.1622552,109
8/10/2021 22:40,31,4,1,0,11.6,44.2303277,-123.1622552,111
8/10/2021 22:50,31,4,1,0,11.6,44.2303277,-123.1622552,116
8/10/2021 23:00,31,4,1,0.361813613,12.4,44.2303277,-123.1622552,112
8/10/2021 23:10,31,4,1,0.41194292,11.6,44.2303277,-123.1622552,115
8/10/2021 23:20,31,4,1,0.230940108,12.4,44.2303277,-123.1622552,115
8/10/2021 23:30,31,4,1,0.512695956,12.4,44.2303277,-123.1622552,106
8/10/2021 23:40,31,4,1,0.311399578,11.6,44.2303277,-123.1622552,114
8/10/2021 23:50,31,4,1,0.590839157,11.6,44.2303277,-123.1622552,102
8/11/2021 0:00,31,4,1,0,11.6,44.2303277,-123.1622552,117
8/11/2021 0:10,31,4,1,0.625388768,11.6,44.2303277,-123.1622552,95
8/11/2021 0:20,31,4,1,0.323615934,11.6,44.2303277,-123.1622552,113
8/11/2021 0:30,31,4,1,0.373679493,11.6,44.2303277,-123.1622552,96
8/11/2021 0:40,31,4,1,0,11.6,44.2303277,-123.1622552,98
8/11/2021 0:50,31,4,1,0.361813613,11.6,44.2303277,-123.1622552,105
8/11/2021 1:00,31,4,1,0.311399578,12.4,44.2303277,-123.1622552,102
8/11/2021 1:10,31,4,1,0.311399578,11.6,44.2303277,-123.1622552,108
8/11/2021 1:20,31,4,1,0.230940108,11.6,44.2303277,-123.1622552,93
8/11/2021 1:30,31,4,1,0.4,11.6,44.2303277,-123.1622552,105
8/11/2021 1:40,31,4,1,0,11.6,44.2303277,-123.1622552,98
8/11/2021 1:50,31,4,1,0,11.6,44.2303277,-123.1622552,99
8/11/2021 2:00,31,4,1,0.230940108,11.6,44.2303277,-123.1622552,99
8/11/2021 2:10,31,4,1,0.230940108,11.6,44.2303277,-123.1622552,102
8/11/2021 2:20,31,4,1,0,11.6,44.2303277,-123.1622552,106
8/11/2021 2:30,31,4,1,0.230940108,11.6,44.2303277,-123.1622552,102
8/11/2021 2:40,31,4,1,0.241209076,11.6,44.2303277,-123.1622552,104
8/11/2021 2:50,31,4,1,0.241209076,11.6,44.2303277,-123.1622552,104
8/11/2021 3:00,31,4,1,0.41194292,11.6,44.2303277,-123.1622552,102
8/11/2021 3:10,31,4,1,0.521071158,11.6,44.2303277,-123.1622552,100
8/11/2021 3:20,31,4,1,0,11.6,44.2303277,-123.1622552,106
8/11/2021 3:30,31,4,1,0.341121146,11.6,44.2303277,-123.1622552,113
8/11/2021 3:40,31,4,1,0.311399578,11.6,44.2303277,-123.1622552,112
8/11/2021 3:50,31,4,1,0.431487912,11.6,44.2303277,-123.1622552,99
8/11/2021 4:00,31,4,1,0,11.6,44.2303277,-123.1622552,110
8/11/2021 4:10,31,4,1,0.361813613,12.4,44.2303277,-123.1622552,107
8/11/2021 4:20,31,4,1,0.361813613,11.6,44.2303277,-123.1622552,103
8/11/2021 4:30,31,4,1,0.266666667,11.6,44.2303277,-123.1622552,110
8/11/2021 4:40,31,4,1,0,10.8,44.2303277,-123.1622552,75
8/11/2021 4:50,31,4,1,0.311399578,11.6,44.2303277,-123.1622552,88
8/11/2021 5:00,31,4,1,0.664967532,12.4,44.2303277,-123.1622552,95
8/11/2021 5:10,31,4,1,0.393892771,11.6,44.2303277,-123.1622552,91
8/11/2021 5:20,31,4,1,0.241209076,11.6,44.2303277,-123.1622552,98
8/11/2021 5:30,31,4,1,0.361813613,10.8,44.2303277,-123.1622552,100
8/11/2021 5:40,31,4,1,0.230940108,11.6,44.2303277,-123.1622552,105
8/11/2021 5:50,31,4,1,0.521071158,11.6,44.2303277,-123.1622552,114
8/11/2021 6:00,31,4,1,0.373679493,11.6,44.2303277,-123.1622552,134
8/11/2021 6:10,31,4,1,0,11.6,44.2303277,-123.1622552,102
8/11/2021 6:20,31,4,1,0.413118224,11.6,44.2303277,-123.1622552,114
8/11/2021 6:30,31,3,1,0.399208703,13.2,44.23065,-123.16275,108
8/11/2021 6:40,31,3,1,0.313785816,13.2,44.23065,-123.16275,118
8/11/2021 6:50,31,3,1,0.366190167,13.2,44.23065,-123.16275,142
8/11/2021 7:00,31,3,1,0.326598632,13.2,44.23065,-123.16275,116
8/11/2021 7:10,31,3,1,0.57308032,13.2,44.23065,-123.16275,115
8/11/2021 7:20,31,3,1,0.463147379,13.2,44.23065,-123.16275,115
8/11/2021 7:30,31,3,1,0.31522757,13.2,44.23065,-123.16275,120
8/11/2021 7:40,31,3,1,0.488999876,12.4,44.23065,-123.16275,113
8/11/2021 7:50,31,3,1,0.47181426,13.2,44.23065,-123.16275,112
8/11/2021 8:00,31,3,1,0.4,14,44.23065,-123.16275,121
8/11/2021 8:10,31,3,1,0.429357457,14,44.23065,-123.16275,125
8/11/2021 8:20,31,3,1,0.577799977,13.2,44.23065,-123.16275,126
8/11/2021 8:30,31,3,1,0.384307569,12.4,44.23065,-123.16275,119
8/11/2021 8:40,31,3,1,0.41194292,12.4,44.23065,-123.16275,100
8/11/2021 8:50,31,3,1,0.332940946,12.4,44.23065,-123.16275,118
8/11/2021 9:00,31,3,1,0.302371578,12.4,44.23065,-123.16275,113
8/11/2021 9:10,31,3,1,0.293078039,12.4,44.23065,-123.16275,112
8/11/2021 9:20,31,3,1,0.608708728,13.2,44.23065,-123.16275,122
8/11/2021 9:30,31,3,1,0.419412008,13.2,44.23065,-123.16275,128
8/11/2021 9:40,31,3,1,0.388057,13.2,44.23065,-123.16275,121
8/11/2021 9:50,31,3,1,0.300072141,14,44.23065,-123.16275,119
8/11/2021 10:00,31,3,1,0.213808994,13.2,44.23065,-123.16275,109
8/11/2021 10:10,31,3,1,0.49531135,13.2,44.23065,-123.16275,118
8/11/2021 10:20,31,3,1,0.789676987,13.2,44.23065,-123.16275,113
8/11/2021 10:30,31,3,1,0.366190167,13.2,44.23065,-123.16275,113
8/11/2021 10:40,31,3,1,0.4,13.2,44.23065,-123.16275,122
8/11/2021 10:50,31,3,1,0.530394835,14,44.23065,-123.16275,120
8/11/2021 11:00,31,3,1,0.28149262,13.2,44.23065,-123.16275,112
8/11/2021 11:10,31,3,1,0.311399578,13.2,44.23065,-123.16275,138
8/11/2021 11:20,31,3,1,0.619677335,14,44.23065,-123.16275,116
8/11/2021 11:30,31,3,1,0.311399578,13.2,44.23065,-123.16275,122
8/11/2021 11:40,31,3,1,0.41194292,14,44.23065,-123.16275,103
8/11/2021 11:50,31,3,1,0.266666667,14,44.23065,-123.16275,104
8/11/2021 12:00,31,3,1,0.506658955,14,44.23065,-123.16275,103
8/11/2021 12:10,31,3,1,0.497265248,14,44.23065,-123.16275,108
8/11/2021 12:20,31,3,1,0.570626003,14,44.23065,-123.16275,104
8/11/2021 12:30,31,3,1,0.639046909,14,44.23065,-123.16275,107
8/11/2021 12:40,31,3,1,0.349148624,14,44.23065,-123.16275,113
8/11/2021 12:50,31,3,1,0.367065174,14.8,44.23065,-123.16275,110
8/11/2021 13:00,31,3,1,0.429357457,14,44.23065,-123.16275,102
8/11/2021 13:10,31,3,1,0.414039336,14.8,44.23065,-123.16275,103
8/11/2021 13:20,31,3,1,0.286854866,14,44.23065,-123.16275,97
8/11/2021 13:30,31,3,1,0.379704917,14.8,44.23065,-123.16275,106
8/11/2021 13:40,31,3,1,0.575036231,14,44.23065,-123.16275,98
8/11/2021 13:50,31,3,1,0.265684466,14,44.23065,-123.16275,97
8/11/2021 14:00,31,3,1,0.393892771,14,44.23065,-123.16275,90
8/11/2021 14:10,31,3,1,0.584237395,14.8,44.23065,-123.16275,95
8/11/2021 14:20,31,3,1,0.499904753,14,44.23065,-123.16275,98
8/11/2021 14:30,31,3,1,0.492469609,14.8,44.23065,-123.16275,102
8/11/2021 14:40,31,3,1,0.311399578,14,44.23065,-123.16275,103
8/11/2021 14:50,31,3,1,0.213808994,14,44.23065,-123.16275,106
8/11/2021 15:00,31,3,1,0.443760157,14,44.23065,-123.16275,108
8/11/2021 15:10,31,3,1,0.340652251,14,44.23065,-123.16275,101
8/11/2021 15:20,31,3,1,0.27325202,14,44.23065,-123.16275,104
8/11/2021 15:30,31,3,1,0.311399578,14,44.23065,-123.16275,103
8/11/2021 15:40,31,3,1,0.391488388,14,44.23065,-123.16275,99
8/11/2021 15:50,31,3,1,0.48507125,14,44.23065,-123.16275,109
8/11/2021 16:00,31,3,1,0.355409327,14,44.23065,-123.16275,97
8/11/2021 16:10,31,3,1,0.293078039,14,44.23065,-123.16275,96
8/11/2021 16:20,31,3,1,0.550989785,14,44.23065,-123.16275,106
8/11/2021 16:30,31,3,1,0.492582341,14,44.23065,-123.16275,103
8/11/2021 16:40,31,3,1,0.230940108,14,44.23065,-123.16275,104
8/11/2021 16:50,31,3,1,0.38523473,14,44.23065,-123.16275,104
8/11/2021 17:00,31,3,1,0.443760157,14,44.23065,-123.16275,95
8/11/2021 17:10,31,3,1,0.673517909,14,44.23065,-123.16275,109
8/11/2021 17:20,31,3,1,0.275480177,14,44.23065,-123.16275,105
8/11/2021 17:30,31,3,1,0.230940108,14,44.23065,-123.16275,120
8/11/2021 17:40,31,3,1,0.485581583,13.2,44.23065,-123.16275,103
8/11/2021 17:50,31,3,1,0.361813613,14,44.23065,-123.16275,107
8/11/2021 18:00,31,3,1,0.565685425,13.2,44.23065,-123.16275,118
8/11/2021 18:10,31,3,1,0.341121146,13.2,44.23065,-123.16275,123
8/11/2021 18:20,31,3,1,0.331231468,13.2,44.23065,-123.16275,130
8/11/2021 18:30,31,3,1,0.34299717,14,44.23065,-123.16275,115
8/11/2021 18:40,31,3,1,0.230940108,13.2,44.23065,-123.16275,119
8/11/2021 18:50,31,3,1,0.413118224,13.2,44.23065,-123.16275,97
8/11/2021 19:00,31,3,1,0.350823208,13.2,44.23065,-123.16275,99
8/11/2021 19:10,31,3,1,0.379704917,13.2,44.23065,-123.16275,117
8/11/2021 19:20,31,3,1,0.290509216,13.2,44.23065,-123.16275,110
8/11/2021 19:30,31,3,1,0.565685425,13.2,44.23065,-123.16275,112
8/11/2021 19:40,31,4,1,0.565685425,13.2,44.2303277,-123.1622552,75
8/11/2021 19:50,31,4,1,0.461880215,13.2,44.2303277,-123.1622552,80
8/11/2021 20:00,31,3,1,NA,14,44.23065,-123.16275,80
8/11/2021 20:10,31,4,1,0.565685425,14,44.2303277,-123.1622552,79
8/11/2021 20:20,31,3,1,0.413118224,13.2,44.23065,-123.16275,110
8/11/2021 20:30,31,4,1,0.326598632,13.2,44.2303277,-123.1622552,112
8/11/2021 20:40,31,4,1,NA,12.4,44.2303277,-123.1622552,116
8/11/2021 23:50,31,4,1,NA,10.8,44.2303277,-123.1622552,111
8/12/2021 1:10,31,4,1,0,11.6,44.2303277,-123.1622552,95
8/12/2021 3:20,31,4,1,0.361813613,11.6,44.2303277,-123.1622552,109
8/12/2021 3:40,31,4,1,NA,10,44.2303277,-123.1622552,105
8/12/2021 3:50,31,4,1,0.41194292,11.6,44.2303277,-123.1622552,113
8/12/2021 4:00,31,4,1,0.230940108,11.6,44.2303277,-123.1622552,111
8/12/2021 4:10,31,4,1,0,11.6,44.2303277,-123.1622552,98
8/12/2021 4:20,31,4,1,0.230940108,11.6,44.2303277,-123.1622552,98
8/12/2021 4:30,31,4,1,0,11.6,44.2303277,-123.1622552,112
8/12/2021 4:40,31,4,1,0.266666667,10.8,44.2303277,-123.1622552,97
8/12/2021 4:50,31,4,1,0.241209076,11.6,44.2303277,-123.1622552,93
8/12/2021 5:00,31,4,1,0.311399578,12.4,44.2303277,-123.1622552,94
8/12/2021 5:10,31,4,1,0.230940108,12.4,44.2303277,-123.1622552,104
8/12/2021 5:20,31,4,1,0.41194292,11.6,44.2303277,-123.1622552,91
8/12/2021 5:30,31,4,1,0.337309617,11.6,44.2303277,-123.1622552,98
8/12/2021 5:40,31,4,1,0.373679493,12.4,44.2303277,-123.1622552,115
8/12/2021 5:50,31,4,1,0.300427046,11.6,44.2303277,-123.1622552,127
8/12/2021 6:00,31,4,1,0.453704698,13.2,44.2303277,-123.1622552,102
8/12/2021 6:10,31,3,1,0.342234106,13.2,44.23065,-123.16275,100
8/12/2021 6:20,31,3,1,0.504340138,12.4,44.23065,-123.16275,97
8/12/2021 6:30,31,3,1,0.584237395,13.2,44.23065,-123.16275,109
8/12/2021 6:40,31,3,1,0.517409333,13.2,44.23065,-123.16275,112
8/12/2021 6:50,31,3,1,0.494677554,13.2,44.23065,-123.16275,106
8/12/2021 7:00,31,3,1,0.401167886,13.2,44.23065,-123.16275,106
8/12/2021 7:10,31,3,1,0.46591418,13.2,44.23065,-123.16275,105
8/12/2021 7:20,31,3,1,0.354024481,13.2,44.23065,-123.16275,105
8/12/2021 7:30,31,3,1,0.241209076,12.4,44.23065,-123.16275,111
8/12/2021 7:40,31,3,1,0.230940108,13.2,44.23065,-123.16275,111
8/12/2021 7:50,31,3,1,0.340652251,12.4,44.23065,-123.16275,101
8/12/2021 8:00,31,3,1,0,12.4,44.23065,-123.16275,99
8/12/2021 8:10,31,3,1,0.375734575,13.2,44.23065,-123.16275,105
8/12/2021 8:20,31,3,1,0.506658955,12.4,44.23065,-123.16275,107
8/12/2021 8:30,31,3,1,0,12.4,44.23065,-123.16275,102
8/12/2021 8:40,31,3,1,0.565685425,12.4,44.23065,-123.16275,103
8/12/2021 8:50,31,3,1,0.481712345,12.4,44.23065,-123.16275,108
8/12/2021 9:00,31,3,1,0.508747019,13.2,44.23065,-123.16275,102
8/12/2021 9:10,31,3,1,0.311399578,12.4,44.23065,-123.16275,99
8/12/2021 9:20,31,3,1,0.580008842,13.2,44.23065,-123.16275,107
8/12/2021 9:30,31,3,1,0.41194292,12.4,44.23065,-123.16275,95
8/12/2021 9:40,31,3,1,0.520354908,12.4,44.23065,-123.16275,100
8/12/2021 9:50,31,3,1,0.4,13.2,44.23065,-123.16275,109
8/12/2021 10:00,31,3,1,0.394838493,13.2,44.23065,-123.16275,108
8/12/2021 10:10,31,3,1,0.499411418,13.2,44.23065,-123.16275,100
8/12/2021 10:20,31,3,1,0.511952379,12.4,44.23065,-123.16275,93
8/12/2021 10:30,31,3,1,0.678491619,13.2,44.23065,-123.16275,93
8/12/2021 10:40,31,3,1,0.27325202,13.2,44.23065,-123.16275,114
8/12/2021 10:50,31,3,1,0.28149262,13.2,44.23065,-123.16275,109
8/12/2021 11:00,31,3,1,0.866899736,13.2,44.23065,-123.16275,103
8/12/2021 11:10,31,3,1,0.379704917,12.4,44.23065,-123.16275,107
8/12/2021 11:20,31,3,1,0.366190167,13.2,44.23065,-123.16275,110
8/12/2021 11:30,31,3,1,0.570626003,14,44.23065,-123.16275,102
8/12/2021 11:40,31,3,1,0.384307569,13.2,44.23065,-123.16275,99
8/12/2021 11:50,31,3,1,0.524086507,13.2,44.23065,-123.16275,98
8/12/2021 12:00,31,3,1,0.435124503,13.2,44.23065,-123.16275,100
8/12/2021 12:10,31,3,1,0.480196038,13.2,44.23065,-123.16275,106
8/12/2021 12:20,31,3,1,0.474893472,13.2,44.23065,-123.16275,110
8/12/2021 12:30,31,3,1,0.230940108,13.2,44.23065,-123.16275,100
8/12/2021 12:40,31,3,1,0.306785996,13.2,44.23065,-123.16275,95
8/12/2021 12:50,31,3,1,0.388057,13.2,44.23065,-123.16275,91
8/12/2021 13:00,31,3,1,0.422875312,13.2,44.23065,-123.16275,108
8/12/2021 13:10,31,3,1,0.306785996,13.2,44.23065,-123.16275,95
8/12/2021 13:20,31,3,1,0.512410092,13.2,44.23065,-123.16275,90
8/12/2021 13:30,31,3,1,0.505964426,13.2,44.23065,-123.16275,112
8/12/2021 13:40,31,3,1,0.341121146,12.4,44.23065,-123.16275,90
8/12/2021 13:50,31,3,1,0.266666667,13.2,44.23065,-123.16275,89
8/12/2021 14:00,31,3,1,0.461880215,13.2,44.23065,-123.16275,95
8/12/2021 14:10,31,3,1,0.521071158,13.2,44.23065,-123.16275,96
8/12/2021 14:20,31,3,1,0,13.2,44.23065,-123.16275,91
8/12/2021 14:30,31,3,1,0.559434565,14,44.23065,-123.16275,97
8/12/2021 14:40,31,3,1,0.45411697,14,44.23065,-123.16275,91
8/12/2021 14:50,31,3,1,0.323615934,14,44.23065,-123.16275,114
8/12/2021 15:00,31,3,1,0.435124503,13.2,44.23065,-123.16275,94
8/12/2021 15:10,31,3,1,0.252982213,13.2,44.23065,-123.16275,100
8/12/2021 15:20,31,3,1,0.584036729,13.2,44.23065,-123.16275,89
8/12/2021 15:30,31,3,1,0.366190167,13.2,44.23065,-123.16275,99
8/12/2021 15:40,31,3,1,0,13.2,44.23065,-123.16275,93
8/12/2021 15:50,31,3,1,0.361813613,13.2,44.23065,-123.16275,85
8/12/2021 16:00,31,3,1,0.589430718,14,44.23065,-123.16275,103
8/12/2021 16:10,31,3,1,0.393892771,14,44.23065,-123.16275,112
8/12/2021 16:20,31,3,1,0.29970746,13.2,44.23065,-123.16275,106
8/12/2021 16:30,31,3,1,0.32249031,13.2,44.23065,-123.16275,108
8/12/2021 16:40,31,3,1,0.366190167,13.2,44.23065,-123.16275,87
8/12/2021 16:50,31,3,1,0.386436713,13.2,44.23065,-123.16275,96
8/12/2021 17:00,31,3,1,0.311399578,13.2,44.23065,-123.16275,114
8/12/2021 17:10,31,4,1,0.411596604,13.2,44.2303277,-123.1622552,94
8/12/2021 17:20,31,3,1,0.230940108,13.2,44.23065,-123.16275,101
8/12/2021 17:30,31,3,1,0,13.2,44.23065,-123.16275,98
8/12/2021 17:40,31,4,1,0.53935989,13.2,44.2303277,-123.1622552,96
8/12/2021 17:50,31,3,1,0.2,13.2,44.23065,-123.16275,92
8/12/2021 18:00,31,3,1,0.230940108,12.4,44.23065,-123.16275,111
8/12/2021 18:10,31,3,1,0.357770876,13.2,44.23065,-123.16275,105
8/12/2021 18:20,31,3,1,0.28149262,13.2,44.23065,-123.16275,105
8/12/2021 18:30,31,3,1,0.533333333,13.2,44.23065,-123.16275,116
8/12/2021 18:40,31,4,1,0.367065174,14,44.2303277,-123.1622552,95
8/12/2021 18:50,31,4,1,0.323615934,13.2,44.2303277,-123.1622552,140
8/12/2021 19:00,31,4,1,0.311399578,12.4,44.2303277,-123.1622552,103
8/12/2021 19:10,31,4,1,0.230940108,12.4,44.2303277,-123.1622552,110
8/12/2021 19:20,31,4,1,0.341121146,11.6,44.2303277,-123.1622552,123
8/12/2021 19:30,31,4,1,0.241209076,13.2,44.2303277,-123.1622552,95
8/12/2021 19:40,31,4,1,0.241209076,12.4,44.2303277,-123.1622552,122
8/12/2021 19:50,31,4,1,0.373679493,13.2,44.2303277,-123.1622552,119
8/12/2021 20:00,31,4,1,0.431487912,13.2,44.2303277,-123.1622552,128
8/12/2021 20:10,31,4,1,0.431487912,12.4,44.2303277,-123.1622552,139
8/12/2021 20:20,31,4,1,0.311399578,12.4,44.2303277,-123.1622552,122
8/12/2021 20:30,31,4,1,0.341121146,12.4,44.2303277,-123.1622552,125
8/12/2021 20:40,31,4,1,0.758946638,12.4,44.2303277,-123.1622552,136
8/12/2021 20:50,31,4,1,0.341121146,12.4,44.2303277,-123.1622552,118
8/12/2021 21:00,31,4,1,0.341121146,11.6,44.2303277,-123.1622552,132
8/12/2021 21:10,31,4,1,0.311399578,11.6,44.2303277,-123.1622552,103
8/12/2021 21:20,31,4,1,0.311399578,11.6,44.2303277,-123.1622552,113
8/12/2021 21:30,31,4,1,0,11.6,44.2303277,-123.1622552,112
8/12/2021 21:40,31,4,1,0.311399578,11.6,44.2303277,-123.1622552,105
8/12/2021 21:50,31,4,1,0.352766841,11.6,44.2303277,-123.1622552,105
8/12/2021 22:00,31,4,1,0.323615934,11.6,44.2303277,-123.1622552,111
8/12/2021 22:10,31,4,1,0.323615934,11.6,44.2303277,-123.1622552,115
8/12/2021 22:20,31,4,1,0.241209076,11.6,44.2303277,-123.1622552,110
8/12/2021 22:30,31,4,1,0.230940108,11.6,44.2303277,-123.1622552,118
8/12/2021 22:40,31,4,1,0.461880215,11.6,44.2303277,-123.1622552,99
8/12/2021 22:50,31,4,1,0.230940108,11.6,44.2303277,-123.1622552,105
8/12/2021 23:00,31,4,1,0,11.6,44.2303277,-123.1622552,107
8/12/2021 23:10,31,4,1,0.230940108,11.6,44.2303277,-123.1622552,104
8/12/2021 23:20,31,4,1,0.393892771,11.6,44.2303277,-123.1622552,107
8/12/2021 23:30,31,4,1,0.337309617,11.6,44.2303277,-123.1622552,102
8/12/2021 23:40,31,4,1,0,11.6,44.2303277,-123.1622552,111
8/12/2021 23:50,31,4,1,0.241209076,12.4,44.2303277,-123.1622552,108
8/13/2021 0:00,31,4,1,0.431487912,11.6,44.2303277,-123.1622552,106
8/13/2021 0:10,31,4,1,0.431487912,11.6,44.2303277,-123.1622552,111
8/13/2021 0:20,31,4,1,0,11.6,44.2303277,-123.1622552,113
8/13/2021 0:30,31,4,1,0.230940108,12.4,44.2303277,-123.1622552,103
8/13/2021 0:40,31,4,1,0.230940108,11.6,44.2303277,-123.1622552,115
8/13/2021 0:50,31,4,1,0.311399578,11.6,44.2303277,-123.1622552,111
8/13/2021 1:00,31,4,1,0.373679493,12.4,44.2303277,-123.1622552,103
8/13/2021 1:10,31,4,1,0.59029183,11.6,44.2303277,-123.1622552,100
8/13/2021 1:20,31,4,1,0,11.6,44.2303277,-123.1622552,103
8/13/2021 1:30,31,4,1,0.230940108,11.6,44.2303277,-123.1622552,114
8/13/2021 1:40,31,4,1,0.323615934,11.6,44.2303277,-123.1622552,92
8/13/2021 1:50,31,4,1,0.377123617,10.8,44.2303277,-123.1622552,91
8/13/2021 2:00,31,4,1,0,11.6,44.2303277,-123.1622552,91
8/13/2021 2:10,31,4,1,0,11.6,44.2303277,-123.1622552,106
8/13/2021 2:20,31,4,1,0.230940108,11.6,44.2303277,-123.1622552,104
8/13/2021 2:30,31,4,1,0.431487912,11.6,44.2303277,-123.1622552,116
8/13/2021 2:40,31,4,1,0.41194292,11.6,44.2303277,-123.1622552,98
8/13/2021 2:50,31,4,1,0.230940108,11.6,44.2303277,-123.1622552,105
8/13/2021 3:00,31,4,1,0.230940108,11.6,44.2303277,-123.1622552,108
8/13/2021 3:10,31,4,1,0,11.6,44.2303277,-123.1622552,101
8/13/2021 3:20,31,4,1,0,11.6,44.2303277,-123.1622552,105
8/13/2021 3:30,31,4,1,NA,11.6,44.2303277,-123.1622552,78
8/13/2021 3:40,31,4,1,0.4,11.6,44.2303277,-123.1622552,83
8/13/2021 3:50,31,4,1,0.357770876,11.6,44.2303277,-123.1622552,109
8/13/2021 4:00,31,4,1,0.41194292,11.6,44.2303277,-123.1622552,102
8/13/2021 4:10,31,4,1,0,11.6,44.2303277,-123.1622552,97
8/13/2021 4:20,31,4,1,0.653197265,11.6,44.2303277,-123.1622552,84
8/13/2021 4:30,31,4,1,0.461880215,12.4,44.2303277,-123.1622552,80
8/13/2021 4:40,31,4,1,0.765941686,12.4,44.2303277,-123.1622552,89
8/13/2021 4:50,31,4,1,0.241209076,11.6,44.2303277,-123.1622552,97
8/13/2021 5:00,31,4,1,NA,12.4,44.2303277,-123.1622552,80
8/13/2021 5:10,31,4,1,0.311399578,11.6,44.2303277,-123.1622552,93
8/13/2021 5:20,31,4,1,0.323615934,11.6,44.2303277,-123.1622552,93
8/13/2021 5:30,31,4,1,0.393892771,11.6,44.2303277,-123.1622552,101
8/13/2021 5:40,31,4,1,0.461880215,11.6,44.2303277,-123.1622552,110
8/13/2021 5:50,31,4,1,0.241209076,11.6,44.2303277,-123.1622552,119
8/13/2021 6:00,31,4,1,0.266666667,11.6,44.2303277,-123.1622552,124
8/13/2021 6:10,31,4,1,0.573944043,11.6,44.2303277,-123.1622552,127
8/13/2021 6:20,31,4,1,0.281000069,12.4,44.2303277,-123.1622552,105
8/13/2021 6:30,31,3,1,0.622035453,13.2,44.23065,-123.16275,97
8/13/2021 6:40,31,3,1,0.672952819,14,44.23065,-123.16275,116
8/13/2021 6:50,31,3,1,0.241209076,12.4,44.23065,-123.16275,105
8/13/2021 7:00,31,3,1,0.213808994,12.4,44.23065,-123.16275,102
8/13/2021 7:10,31,3,1,0.230940108,12.4,44.23065,-123.16275,99
8/13/2021 7:20,31,3,1,0.241209076,12.4,44.23065,-123.16275,111
8/13/2021 7:30,31,3,1,0.559434565,12.4,44.23065,-123.16275,106
8/13/2021 7:40,31,3,1,0.357770876,12.4,44.23065,-123.16275,91
8/13/2021 7:50,31,3,1,0.1940285,12.4,44.23065,-123.16275,112
8/13/2021 8:00,31,3,1,0.482418151,12.4,44.23065,-123.16275,107
8/13/2021 8:10,31,3,1,0.313785816,12.4,44.23065,-123.16275,113
8/13/2021 8:20,31,3,1,0.221880078,12.4,44.23065,-123.16275,104
8/13/2021 8:30,31,3,1,0.377123617,12.4,44.23065,-123.16275,107
8/13/2021 8:40,31,3,1,0.366190167,13.2,44.23065,-123.16275,106
8/13/2021 8:50,31,3,1,0,12.4,44.23065,-123.16275,101
8/13/2021 9:00,31,3,1,0.282842712,12.4,44.23065,-123.16275,113
8/13/2021 9:10,31,3,1,0.386436713,12.4,44.23065,-123.16275,111
8/13/2021 9:20,31,3,1,0,12.4,44.23065,-123.16275,115
8/13/2021 9:30,31,3,1,0.463147379,11.6,44.23065,-123.16275,109
8/13/2021 9:40,31,3,1,0.290509216,12.4,44.23065,-123.16275,114
8/13/2021 9:50,31,3,1,0.252982213,12.4,44.23065,-123.16275,112
8/13/2021 10:00,31,3,1,0.292118697,12.4,44.23065,-123.16275,112
8/13/2021 10:10,31,3,1,0.361813613,12.4,44.23065,-123.16275,112
8/13/2021 10:20,31,3,1,0.300427046,13.2,44.23065,-123.16275,111
8/13/2021 10:30,31,3,1,0.221880078,13.2,44.23065,-123.16275,112
8/13/2021 10:40,31,3,1,0.417786374,12.4,44.23065,-123.16275,114
8/13/2021 10:50,31,3,1,0.314362099,13.2,44.23065,-123.16275,108
8/13/2021 11:00,31,3,1,0.311399578,14,44.23065,-123.16275,106
8/13/2021 11:10,31,3,1,0,13.2,44.23065,-123.16275,114
8/13/2021 11:20,31,3,1,0,13.2,44.23065,-123.16275,112
8/13/2021 11:30,31,3,1,0.230940108,13.2,44.23065,-123.16275,110
8/13/2021 11:40,31,3,1,0,13.2,44.23065,-123.16275,102
8/13/2021 11:50,31,3,1,0.230940108,12.4,44.23065,-123.16275,112
8/13/2021 12:00,31,3,1,0.311399578,13.2,44.23065,-123.16275,112
8/13/2021 12:10,31,3,1,0.311399578,13.2,44.23065,-123.16275,117
8/13/2021 12:20,31,3,1,0.2,13.2,44.23065,-123.16275,114
8/13/2021 12:30,31,3,1,0.311399578,14,44.23065,-123.16275,112
8/13/2021 12:40,31,3,1,0.311399578,13.2,44.23065,-123.16275,111
8/13/2021 12:50,31,3,1,0.326598632,13.2,44.23065,-123.16275,133
8/13/2021 13:00,31,3,1,0.300427046,13.2,44.23065,-123.16275,109
8/13/2021 13:10,31,3,1,0.206559112,13.2,44.23065,-123.16275,122
8/13/2021 13:20,31,3,1,0.413118224,13.2,44.23065,-123.16275,114
8/13/2021 13:30,31,3,1,0.350823208,13.2,44.23065,-123.16275,110
8/13/2021 13:40,31,3,1,0.292118697,13.2,44.23065,-123.16275,111
8/13/2021 13:50,31,3,1,0.221880078,13.2,44.23065,-123.16275,111
8/13/2021 14:00,31,3,1,0.41194292,13.2,44.23065,-123.16275,103
8/13/2021 14:10,31,3,1,0.221880078,13.2,44.23065,-123.16275,110
8/13/2021 14:20,31,3,1,0.311399578,13.2,44.23065,-123.16275,111
8/13/2021 14:30,31,3,1,0.366190167,13.2,44.23065,-123.16275,114
8/13/2021 14:40,31,3,1,0.521071158,13.2,44.23065,-123.16275,99
8/13/2021 14:50,31,3,1,0.431487912,13.2,44.23065,-123.16275,109
8/13/2021 15:00,31,3,1,0,13.2,44.23065,-123.16275,105
8/13/2021 15:10,31,3,1,0.550989785,13.2,44.23065,-123.16275,103
8/13/2021 15:20,31,3,1,0.292118697,13.2,44.23065,-123.16275,120
8/13/2021 15:30,31,3,1,0.230940108,13.2,44.23065,-123.16275,111
8/13/2021 15:40,31,3,1,0.311399578,13.2,44.23065,-123.16275,108
8/13/2021 15:50,31,3,1,0.221880078,13.2,44.23065,-123.16275,111
8/13/2021 16:00,31,3,1,0.306785996,13.2,44.23065,-123.16275,104
8/13/2021 16:10,31,3,1,0.282842712,13.2,44.23065,-123.16275,106
8/13/2021 16:20,31,3,1,0.221880078,13.2,44.23065,-123.16275,113
8/13/2021 16:30,31,3,1,0.206559112,13.2,44.23065,-123.16275,110
8/13/2021 16:40,31,3,1,0.31522757,13.2,44.23065,-123.16275,117
8/13/2021 16:50,31,3,1,0.314362099,13.2,44.23065,-123.16275,115
8/13/2021 17:00,31,3,1,0.366190167,13.2,44.23065,-123.16275,113
8/13/2021 17:10,31,3,1,0.246234805,14,44.23065,-123.16275,117
8/13/2021 17:20,31,3,1,0.292118697,13.2,44.23065,-123.16275,115
8/13/2021 17:30,31,3,1,0.506658955,13.2,44.23065,-123.16275,115
8/13/2021 17:40,31,3,1,0.34299717,13.2,44.23065,-123.16275,113
8/13/2021 17:50,31,3,1,0.354024481,13.2,44.23065,-123.16275,109
8/13/2021 18:00,31,3,1,0.393892771,12.4,44.23065,-123.16275,117
8/13/2021 18:10,31,3,1,0.413118224,13.2,44.23065,-123.16275,117
8/13/2021 18:20,31,3,1,0.492582341,12.4,44.23065,-123.16275,106
8/13/2021 18:30,31,3,1,0.435124503,13.2,44.23065,-123.16275,104
8/13/2021 18:40,31,3,1,0.341121146,12.4,44.23065,-123.16275,109
8/13/2021 18:50,31,3,1,0.183532587,12.4,44.23065,-123.16275,106
8/13/2021 19:00,31,3,1,0.311399578,12.4,44.23065,-123.16275,105
8/13/2021 19:10,31,3,1,0.41194292,12.4,44.23065,-123.16275,118
8/13/2021 19:20,31,3,1,0,12.4,44.23065,-123.16275,112
8/13/2021 19:30,31,3,1,0,12.4,44.23065,-123.16275,112
8/13/2021 19:40,31,3,1,0.458569203,13.2,44.23065,-123.16275,112
8/13/2021 19:50,31,3,1,0.408334228,12.4,44.23065,-123.16275,109
8/13/2021 20:00,31,3,1,0.2,12.4,44.23065,-123.16275,119
8/13/2021 20:10,31,3,1,0,12.4,44.23065,-123.16275,103
8/13/2021 20:20,31,4,1,0.505964426,12.4,44.2303277,-123.1622552,100
8/13/2021 20:30,31,4,1,0.241209076,11.6,44.2303277,-123.1622552,113
8/13/2021 20:40,31,4,1,0.41194292,11.6,44.2303277,-123.1622552,122
8/13/2021 20:50,31,4,1,0.341121146,12.4,44.2303277,-123.1622552,128
8/13/2021 21:00,31,4,1,0.337309617,11.6,44.2303277,-123.1622552,125
8/13/2021 21:10,31,4,1,0.266666667,11.6,44.2303277,-123.1622552,98
8/13/2021 21:20,31,4,1,0.534846339,11.6,44.2303277,-123.1622552,82
8/13/2021 21:30,31,4,1,0,11.6,44.2303277,-123.1622552,110
8/13/2021 21:40,31,4,1,0.252982213,11.6,44.2303277,-123.1622552,107
8/13/2021 21:50,31,4,1,0.323615934,11.6,44.2303277,-123.1622552,108
8/13/2021 22:00,31,4,1,0.230940108,11.6,44.2303277,-123.1622552,115
8/13/2021 22:10,31,4,1,0.497265248,12.4,44.2303277,-123.1622552,102
8/13/2021 22:20,31,4,1,0,11.6,44.2303277,-123.1622552,114
8/13/2021 22:30,31,4,1,0,11.6,44.2303277,-123.1622552,108
8/13/2021 22:40,31,4,1,0.48074017,11.6,44.2303277,-123.1622552,89
8/13/2021 22:50,31,4,1,0.282842712,11.6,44.2303277,-123.1622552,112
8/13/2021 23:00,31,4,1,0,11.6,44.2303277,-123.1622552,115
8/13/2021 23:10,31,4,1,0.230940108,11.6,44.2303277,-123.1622552,110
8/13/2021 23:20,31,4,1,0,11.6,44.2303277,-123.1622552,114
8/13/2021 23:30,31,4,1,0.361813613,11.6,44.2303277,-123.1622552,108
8/13/2021 23:40,31,4,1,0.482418151,11.6,44.2303277,-123.1622552,109
8/13/2021 23:50,31,4,1,0.311399578,11.6,44.2303277,-123.1622552,89
8/14/2021 0:00,31,4,1,0.311399578,11.6,44.2303277,-123.1622552,105
8/14/2021 0:10,31,4,1,0,11.6,44.2303277,-123.1622552,98
8/14/2021 0:20,31,4,1,0,11.6,44.2303277,-123.1622552,107
8/14/2021 0:30,31,4,1,0.230940108,11.6,44.2303277,-123.1622552,90
8/14/2021 0:40,31,4,1,0.357770876,11.6,44.2303277,-123.1622552,92
8/14/2021 0:50,31,4,1,0.311399578,11.6,44.2303277,-123.1622552,100
8/14/2021 1:10,31,4,1,0,11.6,44.2303277,-123.1622552,100
8/14/2021 1:20,31,4,1,0.45411697,11.6,44.2303277,-123.1622552,89
8/14/2021 1:30,31,4,1,0,11.6,44.2303277,-123.1622552,97
8/14/2021 1:40,31,4,1,0,11.6,44.2303277,-123.1622552,97
8/14/2021 1:50,31,4,1,0.230940108,11.6,44.2303277,-123.1622552,107
8/14/2021 2:00,31,4,1,0.482418151,11.6,44.2303277,-123.1622552,108
8/14/2021 2:10,31,4,1,0.341121146,11.6,44.2303277,-123.1622552,91
8/14/2021 2:20,31,4,1,0,11.6,44.2303277,-123.1622552,92
8/14/2021 2:30,31,4,1,0.323615934,11.6,44.2303277,-123.1622552,97
8/14/2021 2:40,31,4,1,0.482418151,11.6,44.2303277,-123.1622552,109
8/14/2021 2:50,31,4,1,0.230940108,11.6,44.2303277,-123.1622552,114
8/14/2021 3:00,31,4,1,0.45411697,12.4,44.2303277,-123.1622552,95
8/14/2021 3:10,31,4,1,0.41194292,12.4,44.2303277,-123.1622552,101
8/14/2021 3:20,31,4,1,0.230940108,11.6,44.2303277,-123.1622552,109
8/14/2021 3:30,31,4,1,0,11.6,44.2303277,-123.1622552,109
8/14/2021 3:40,31,4,1,0.230940108,11.6,44.2303277,-123.1622552,94
8/14/2021 3:50,31,4,1,0.37032804,11.6,44.2303277,-123.1622552,89
8/14/2021 4:00,31,4,1,0.230940108,11.6,44.2303277,-123.1622552,109
8/14/2021 4:10,31,4,1,0.735149267,11.6,44.2303277,-123.1622552,106
8/14/2021 4:20,31,4,1,0.311399578,11.6,44.2303277,-123.1622552,107
8/14/2021 4:30,31,4,1,0.373679493,12.4,44.2303277,-123.1622552,98
8/14/2021 4:40,31,4,1,0.45411697,11.6,44.2303277,-123.1622552,102
8/14/2021 4:50,31,4,1,0.45411697,11.6,44.2303277,-123.1622552,99
8/14/2021 5:00,31,4,1,0.393892771,11.6,44.2303277,-123.1622552,102
8/14/2021 5:20,31,4,1,0.230940108,11.6,44.2303277,-123.1622552,106
8/14/2021 5:30,31,4,1,0,11.6,44.2303277,-123.1622552,99
8/14/2021 5:40,31,4,1,0.311399578,11.6,44.2303277,-123.1622552,120
8/14/2021 5:50,31,4,1,0.311399578,11.6,44.2303277,-123.1622552,116
8/14/2021 6:00,31,4,1,0.653197265,11.6,44.2303277,-123.1622552,147
8/14/2021 6:10,31,3,1,0.505964426,13.2,44.23065,-123.16275,85
8/14/2021 6:20,31,4,1,0,12.4,44.2303277,-123.1622552,92
8/14/2021 6:30,31,3,1,0.27325202,12.4,44.23065,-123.16275,106
8/14/2021 6:40,31,3,1,0.332940946,12.4,44.23065,-123.16275,110
8/14/2021 6:50,31,3,1,0.394838493,12.4,44.23065,-123.16275,107
8/14/2021 7:00,31,3,1,0.565685425,12.4,44.23065,-123.16275,113
8/14/2021 7:10,31,3,1,0.354024481,12.4,44.23065,-123.16275,111
8/14/2021 7:20,31,3,1,0.314362099,12.4,44.23065,-123.16275,114
8/14/2021 7:30,31,3,1,0.331231468,12.4,44.23065,-123.16275,114
8/14/2021 7:40,31,3,1,0.311399578,11.6,44.23065,-123.16275,112
8/14/2021 7:50,31,3,1,0.206559112,12.4,44.23065,-123.16275,113
8/14/2021 8:00,31,3,1,0.326598632,12.4,44.23065,-123.16275,117
8/14/2021 8:10,31,3,1,0.241209076,12.4,44.23065,-123.16275,113
8/14/2021 8:20,31,3,1,0.444575144,12.4,44.23065,-123.16275,109
8/14/2021 8:30,31,3,1,0.292118697,12.4,44.23065,-123.16275,116
8/14/2021 8:40,31,3,1,0.366190167,13.2,44.23065,-123.16275,105
8/14/2021 8:50,31,3,1,0.354024481,12.4,44.23065,-123.16275,115
8/14/2021 9:00,31,3,1,0.252241414,12.4,44.23065,-123.16275,118
8/14/2021 9:10,31,3,1,0.221880078,12.4,44.23065,-123.16275,105
8/14/2021 9:20,31,3,1,0.665881891,12.4,44.23065,-123.16275,112
8/14/2021 9:30,31,3,1,0.331231468,12.4,44.23065,-123.16275,124
8/14/2021 9:40,31,3,1,0.526922251,13.2,44.23065,-123.16275,110
8/14/2021 9:50,31,3,1,0.401305061,12.4,44.23065,-123.16275,109
8/14/2021 10:00,31,3,1,0.469714359,13.2,44.23065,-123.16275,110
8/14/2021 10:10,31,3,1,0.290509216,13.2,44.23065,-123.16275,106
8/14/2021 10:20,31,3,1,0.252982213,13.2,44.23065,-123.16275,113
8/14/2021 10:30,31,3,1,0.41194292,13.2,44.23065,-123.16275,111
8/14/2021 10:40,31,3,1,0.28149262,13.2,44.23065,-123.16275,110
8/14/2021 10:50,31,3,1,0.221880078,13.2,44.23065,-123.16275,112
8/14/2021 11:00,31,3,1,0.375045785,14,44.23065,-123.16275,109
8/14/2021 11:10,31,3,1,0,13.2,44.23065,-123.16275,114
8/14/2021 11:20,31,3,1,0.221880078,13.2,44.23065,-123.16275,111
8/14/2021 11:30,31,3,1,0.443760157,13.2,44.23065,-123.16275,112
8/14/2021 11:40,31,3,1,0.342234106,13.2,44.23065,-123.16275,109
8/14/2021 11:50,31,3,1,0.357770876,14,44.23065,-123.16275,103
8/14/2021 12:00,31,3,1,0.350823208,14,44.23065,-123.16275,103
8/14/2021 12:10,31,3,1,0.492582341,13.2,44.23065,-123.16275,101
8/14/2021 12:20,31,3,1,0.323615934,14,44.23065,-123.16275,104
8/14/2021 12:30,31,3,1,0.183532587,13.2,44.23065,-123.16275,115
8/14/2021 12:40,31,3,1,0.331231468,13.2,44.23065,-123.16275,97
8/14/2021 12:50,31,3,1,0.290509216,13.2,44.23065,-123.16275,104
8/14/2021 13:00,31,3,1,0.323615934,13.2,44.23065,-123.16275,106
8/14/2021 13:10,31,3,1,0.361813613,12.4,44.23065,-123.16275,107
8/14/2021 13:20,31,3,1,0.461880215,13.2,44.23065,-123.16275,120
8/14/2021 13:30,31,3,1,0.559434565,13.2,44.23065,-123.16275,93
8/14/2021 13:40,31,3,1,0.458984386,14,44.23065,-123.16275,87
8/14/2021 13:50,31,3,1,0.311399578,14,44.23065,-123.16275,97
8/14/2021 14:00,31,3,1,0,14,44.23065,-123.16275,103
8/14/2021 14:10,31,3,1,0.34299717,14,44.23065,-123.16275,107
8/14/2021 14:20,31,3,1,0.28149262,14,44.23065,-123.16275,102
8/14/2021 14:30,31,3,1,0.41194292,14,44.23065,-123.16275,99
8/14/2021 14:40,31,3,1,0,14,44.23065,-123.16275,95
8/14/2021 14:50,31,3,1,0.323615934,14,44.23065,-123.16275,113
8/14/2021 15:00,31,3,1,0.290509216,14,44.23065,-123.16275,104
8/14/2021 15:10,31,3,1,0.326598632,14,44.23065,-123.16275,92
8/14/2021 15:20,31,3,1,0.427617987,14,44.23065,-123.16275,108
8/14/2021 15:30,31,4,1,0.282842712,14,44.2303277,-123.1622552,97
8/14/2021 15:40,31,3,1,0.91214034,13.2,44.23065,-123.16275,87
8/14/2021 15:50,31,3,1,0.639046909,14.8,44.23065,-123.16275,96
8/14/2021 16:00,31,3,1,0.340652251,14,44.23065,-123.16275,96
8/14/2021 16:10,31,3,1,0.411596604,14,44.23065,-123.16275,96
8/14/2021 16:20,31,3,1,0.290509216,14,44.23065,-123.16275,105
8/14/2021 16:30,31,3,1,0.480196038,14,44.23065,-123.16275,100
8/14/2021 16:40,31,3,1,0.527504379,14,44.23065,-123.16275,98
8/14/2021 16:50,31,3,1,0.665640235,14,44.23065,-123.16275,113
8/14/2021 17:00,31,3,1,0.482418151,13.2,44.23065,-123.16275,110
8/14/2021 17:10,31,3,1,0.221880078,14,44.23065,-123.16275,108
8/14/2021 17:20,31,3,1,0.361813613,14,44.23065,-123.16275,115
8/14/2021 17:30,31,3,1,0.375734575,14,44.23065,-123.16275,114
8/14/2021 17:40,31,3,1,0.230940108,14,44.23065,-123.16275,115
8/14/2021 17:50,31,3,1,0.435124503,14,44.23065,-123.16275,107
8/14/2021 18:00,31,3,1,0.341121146,14,44.23065,-123.16275,114
8/14/2021 18:10,31,3,1,0.311399578,14,44.23065,-123.16275,109
8/14/2021 18:20,31,3,1,0.427617987,14,44.23065,-123.16275,98
8/14/2021 18:30,31,3,1,0.350823208,14,44.23065,-123.16275,124
8/14/2021 18:40,31,3,1,0.526922251,14,44.23065,-123.16275,112
8/14/2021 18:50,31,3,1,0.377123617,14,44.23065,-123.16275,107
8/14/2021 19:00,31,3,1,0.514920243,14,44.23065,-123.16275,128
8/14/2021 19:10,31,3,1,0.366190167,13.2,44.23065,-123.16275,104
8/14/2021 19:20,31,3,1,0.367065174,14,44.23065,-123.16275,94
8/14/2021 19:30,31,3,1,0.230940108,14,44.23065,-123.16275,108
8/14/2021 19:40,31,3,1,0.672952819,13.2,44.23065,-123.16275,110
8/14/2021 19:50,31,3,1,0.375045785,13.2,44.23065,-123.16275,103
8/14/2021 20:00,31,3,1,0.438655104,13.2,44.23065,-123.16275,113
8/14/2021 20:10,31,3,1,0.632455532,13.2,44.23065,-123.16275,104
8/14/2021 20:20,31,3,1,0.41194292,13.2,44.23065,-123.16275,110
8/14/2021 20:30,31,4,1,0.497265248,12.4,44.2303277,-123.1622552,159
8/14/2021 20:40,31,4,1,0.674619234,11.6,44.2303277,-123.1622552,102
8/14/2021 20:50,31,4,1,0.311399578,12.4,44.2303277,-123.1622552,118
8/14/2021 21:00,31,4,1,0,12.4,44.2303277,-123.1622552,109
8/14/2021 21:10,31,4,1,0.373679493,12.4,44.2303277,-123.1622552,111
8/14/2021 21:20,31,4,1,0,11.6,44.2303277,-123.1622552,121
8/14/2021 21:30,31,4,1,0,11.6,44.2303277,-123.1622552,113
8/14/2021 21:40,31,4,1,0.45411697,11.6,44.2303277,-123.1622552,97
8/14/2021 21:50,31,4,1,0.230940108,12.4,44.2303277,-123.1622552,110
8/14/2021 22:00,31,4,1,0.431487912,11.6,44.2303277,-123.1622552,101
8/14/2021 22:10,31,4,1,0.534846339,11.6,44.2303277,-123.1622552,89
8/14/2021 22:20,31,4,1,0.337309617,12.4,44.2303277,-123.1622552,115
8/14/2021 22:30,31,4,1,0.323615934,11.6,44.2303277,-123.1622552,115
8/14/2021 22:40,31,4,1,0.311399578,11.6,44.2303277,-123.1622552,97
8/14/2021 22:50,31,4,1,0.311399578,11.6,44.2303277,-123.1622552,85
8/14/2021 23:00,31,4,1,0.41194292,11.6,44.2303277,-123.1622552,103
8/14/2021 23:10,31,4,1,0,11.6,44.2303277,-123.1622552,112
8/14/2021 23:20,31,4,1,0.230940108,11.6,44.2303277,-123.1622552,108
8/14/2021 23:30,31,4,1,0,11.6,44.2303277,-123.1622552,110
8/14/2021 23:40,31,4,1,0.230940108,11.6,44.2303277,-123.1622552,103
8/14/2021 23:50,31,4,1,0.230940108,11.6,44.2303277,-123.1622552,93
8/15/2021 0:00,31,4,1,0.53935989,11.6,44.2303277,-123.1622552,95
8/15/2021 0:10,31,4,1,0.341121146,11.6,44.2303277,-123.1622552,109
8/15/2021 0:20,31,4,1,0,11.6,44.2303277,-123.1622552,110
8/15/2021 0:30,31,4,1,0.41194292,11.6,44.2303277,-123.1622552,101
8/15/2021 0:40,31,4,1,0.230940108,11.6,44.2303277,-123.1622552,100
8/15/2021 0:50,31,4,1,0.4,11.6,44.2303277,-123.1622552,89
8/15/2021 1:00,31,4,1,0.461880215,11.6,44.2303277,-123.1622552,87
8/15/2021 1:10,31,4,1,0,11.6,44.2303277,-123.1622552,103
8/15/2021 1:20,31,4,1,0.427617987,12.4,44.2303277,-123.1622552,99
8/15/2021 1:30,31,4,1,0.230940108,11.6,44.2303277,-123.1622552,107
8/15/2021 1:40,31,4,1,0.695774794,11.6,44.2303277,-123.1622552,83
8/15/2021 1:50,31,4,1,0.266666667,11.6,44.2303277,-123.1622552,99
8/15/2021 2:00,31,4,1,0.230940108,11.6,44.2303277,-123.1622552,91
8/15/2021 2:10,31,4,1,0,11.6,44.2303277,-123.1622552,99
8/15/2021 2:20,31,4,1,0.497265248,11.6,44.2303277,-123.1622552,101
8/15/2021 2:30,31,4,1,0.45411697,11.6,44.2303277,-123.1622552,91
8/15/2021 2:40,31,4,1,0.4,10.8,44.2303277,-123.1622552,86
8/15/2021 2:50,31,4,1,0.461880215,11.6,44.2303277,-123.1622552,79
8/15/2021 3:00,31,4,1,0.341121146,11.6,44.2303277,-123.1622552,105
8/15/2021 3:10,31,4,1,0.41194292,11.6,44.2303277,-123.1622552,98
8/15/2021 3:20,31,4,1,0.413118224,11.6,44.2303277,-123.1622552,79
8/15/2021 3:30,31,4,1,0.715541753,12.4,44.2303277,-123.1622552,80
8/15/2021 3:40,31,4,1,0.461880215,11.6,44.2303277,-123.1622552,81
8/15/2021 3:50,31,4,1,0.482418151,11.6,44.2303277,-123.1622552,108
8/15/2021 4:00,31,4,1,0.311399578,11.6,44.2303277,-123.1622552,93
8/15/2021 4:10,31,4,1,0.414039336,11.6,44.2303277,-123.1622552,93
8/15/2021 4:20,31,4,1,0.533333333,11.6,44.2303277,-123.1622552,91
8/15/2021 4:30,31,4,1,0.41194292,11.6,44.2303277,-123.1622552,92
8/15/2021 4:50,31,4,1,0.341121146,12.4,44.2303277,-123.1622552,112
8/15/2021 5:00,31,4,1,0.4,12.4,44.2303277,-123.1622552,79
8/15/2021 5:10,31,4,1,0,11.6,44.2303277,-123.1622552,87
8/15/2021 5:20,31,4,1,0,11.6,44.2303277,-123.1622552,108
8/15/2021 5:30,31,4,1,0,11.6,44.2303277,-123.1622552,110
8/15/2021 5:40,31,4,1,0.241209076,11.6,44.2303277,-123.1622552,92
8/15/2021 5:50,31,4,1,0.482418151,11.6,44.2303277,-123.1622552,99
8/15/2021 6:00,31,4,1,0.337309617,11.6,44.2303277,-123.1622552,116
8/15/2021 6:10,31,4,1,0.532900257,12.4,44.2303277,-123.1622552,132
8/15/2021 6:20,31,3,1,0.584381704,13.2,44.23065,-123.16275,108
8/15/2021 6:30,31,3,1,0.601957591,13.2,44.23065,-123.16275,106
8/15/2021 6:40,31,3,1,0.494677554,12.4,44.23065,-123.16275,103
8/15/2021 6:50,31,3,1,0.241209076,13.2,44.23065,-123.16275,111
8/15/2021 7:00,31,3,1,0.388057,13.2,44.23065,-123.16275,110
8/15/2021 7:10,31,3,1,0.511681719,12.4,44.23065,-123.16275,103
8/15/2021 7:20,31,3,1,0.41194292,13.2,44.23065,-123.16275,113
8/15/2021 7:30,31,3,1,0.443760157,13.2,44.23065,-123.16275,113
8/15/2021 7:40,31,3,1,0.528180233,13.2,44.23065,-123.16275,100
8/15/2021 7:50,31,3,1,0.443760157,13.2,44.23065,-123.16275,103
8/15/2021 8:00,31,3,1,0.673517909,12.4,44.23065,-123.16275,103
8/15/2021 8:10,31,3,1,0.480196038,13.2,44.23065,-123.16275,103
8/15/2021 8:20,31,3,1,0.357770876,13.2,44.23065,-123.16275,100
8/15/2021 8:30,31,3,1,0.530394835,13.2,44.23065,-123.16275,110
8/15/2021 8:40,31,3,1,0.388057,13.2,44.23065,-123.16275,112
8/15/2021 8:50,31,3,1,0.665881891,13.2,44.23065,-123.16275,108
8/15/2021 9:00,31,3,1,0.49531135,13.2,44.23065,-123.16275,103
8/15/2021 9:10,31,3,1,0.435124503,13.2,44.23065,-123.16275,107
8/15/2021 9:20,31,3,1,0.394838493,13.2,44.23065,-123.16275,107
8/15/2021 9:30,31,3,1,0.413118224,12.4,44.23065,-123.16275,107
8/15/2021 9:40,31,3,1,0.613571991,13.2,44.23065,-123.16275,103
8/15/2021 9:50,31,3,1,0.393892771,13.2,44.23065,-123.16275,109
8/15/2021 10:00,31,3,1,0.361813613,14,44.23065,-123.16275,97
8/15/2021 10:10,31,3,1,0.453704698,13.2,44.23065,-123.16275,105
8/15/2021 10:20,31,3,1,0.311399578,13.2,44.23065,-123.16275,109
8/15/2021 10:30,31,3,1,0.28149262,13.2,44.23065,-123.16275,109
8/15/2021 10:40,31,3,1,0.230940108,13.2,44.23065,-123.16275,110
8/15/2021 10:50,31,3,1,0.361813613,13.2,44.23065,-123.16275,107
8/15/2021 11:00,31,3,1,0.332940946,13.2,44.23065,-123.16275,116
8/15/2021 11:10,31,3,1,0.307369794,13.2,44.23065,-123.16275,100
8/15/2021 11:20,31,3,1,0,13.2,44.23065,-123.16275,113
8/15/2021 11:30,31,3,1,0.282842712,13.2,44.23065,-123.16275,115
8/15/2021 11:40,31,3,1,0,13.2,44.23065,-123.16275,110
8/15/2021 11:50,31,3,1,0.302371578,13.2,44.23065,-123.16275,114
8/15/2021 12:00,31,3,1,0.302371578,13.2,44.23065,-123.16275,108
8/15/2021 12:10,31,3,1,0.28149262,13.2,44.23065,-123.16275,115
8/15/2021 12:20,31,3,1,0.340652251,13.2,44.23065,-123.16275,114
8/15/2021 12:30,31,3,1,0.230940108,13.2,44.23065,-123.16275,117
8/15/2021 12:40,31,3,1,0.300427046,14,44.23065,-123.16275,116
8/15/2021 12:50,31,3,1,0.311399578,13.2,44.23065,-123.16275,102
8/15/2021 13:00,31,3,1,0.49531135,13.2,44.23065,-123.16275,110
8/15/2021 13:10,31,3,1,0.411596604,12.4,44.23065,-123.16275,110
8/15/2021 13:20,31,3,1,0.474893472,14,44.23065,-123.16275,115
8/15/2021 13:30,31,3,1,0.458984386,14,44.23065,-123.16275,112
8/15/2021 13:40,31,3,1,0.252982213,14,44.23065,-123.16275,108
8/15/2021 13:50,31,3,1,0.541119633,14.8,44.23065,-123.16275,112
8/15/2021 14:00,31,3,1,0.230940108,14,44.23065,-123.16275,104
8/15/2021 14:10,31,3,1,0.361931143,14.8,44.23065,-123.16275,104
8/15/2021 14:20,31,4,1,0.311399578,14,44.2303277,-123.1622552,90
8/15/2021 14:30,31,3,1,0.590839157,14.8,44.23065,-123.16275,102
8/15/2021 14:40,31,3,1,0.524086507,13.2,44.23065,-123.16275,102
8/15/2021 14:50,31,3,1,0.352766841,14,44.23065,-123.16275,89
8/15/2021 15:00,31,3,1,0.311399578,14,44.23065,-123.16275,106
8/15/2021 15:10,31,3,1,0.174574312,14,44.23065,-123.16275,106
8/15/2021 15:20,31,3,1,0.206559112,14,44.23065,-123.16275,96
8/15/2021 15:30,31,3,1,0,14,44.23065,-123.16275,88
8/15/2021 15:40,31,3,1,0.221880078,14,44.23065,-123.16275,94
8/15/2021 15:50,31,3,1,0.337309617,14,44.23065,-123.16275,90
8/15/2021 16:00,31,3,1,0.302371578,14,44.23065,-123.16275,85
8/15/2021 16:10,31,3,1,0.646761667,14.8,44.23065,-123.16275,98
8/15/2021 16:20,31,3,1,0,14,44.23065,-123.16275,99
8/15/2021 16:30,31,3,1,0.598036001,14.8,44.23065,-123.16275,99
8/15/2021 16:40,31,3,1,0,14,44.23065,-123.16275,104
8/15/2021 16:50,31,3,1,0.221880078,14,44.23065,-123.16275,101
8/15/2021 17:00,31,3,1,0.350823208,14,44.23065,-123.16275,108
8/15/2021 17:10,31,3,1,0.302371578,14,44.23065,-123.16275,114
8/15/2021 17:20,31,3,1,0.361813613,13.2,44.23065,-123.16275,117
8/15/2021 17:30,31,3,1,0.221880078,14,44.23065,-123.16275,111
8/15/2021 17:40,31,3,1,0.427617987,14,44.23065,-123.16275,114
8/15/2021 17:50,31,3,1,0.292118697,14,44.23065,-123.16275,114
8/15/2021 18:00,31,3,1,0.535290526,14,44.23065,-123.16275,125
8/15/2021 18:10,31,3,1,0.300427046,14,44.23065,-123.16275,110
8/15/2021 18:20,31,3,1,0.311399578,14,44.23065,-123.16275,109
8/15/2021 18:30,31,3,1,0.331231468,14,44.23065,-123.16275,99
8/15/2021 18:40,31,3,1,0.427617987,14,44.23065,-123.16275,104
8/15/2021 18:50,31,3,1,0.241209076,14,44.23065,-123.16275,114
8/15/2021 19:00,31,3,1,0.323615934,14,44.23065,-123.16275,124
8/15/2021 19:10,31,3,1,0.427617987,14,44.23065,-123.16275,110
8/15/2021 19:20,31,3,1,0.266666667,14,44.23065,-123.16275,106
8/15/2021 19:30,31,3,1,0.565685425,13.2,44.23065,-123.16275,97
8/15/2021 19:40,31,3,1,0.417786374,13.2,44.23065,-123.16275,96
8/15/2021 19:50,31,4,1,0.332940946,13.2,44.2303277,-123.1622552,102
8/15/2021 20:00,31,4,1,0.2,13.2,44.2303277,-123.1622552,95
8/15/2021 20:10,31,4,1,0.367065174,13.2,44.2303277,-123.1622552,118
8/15/2021 20:20,31,4,1,0.393892771,14,44.2303277,-123.1622552,138
8/15/2021 20:30,31,4,1,0.311399578,12.4,44.2303277,-123.1622552,134
8/15/2021 20:40,31,4,1,0.56051924,11.6,44.2303277,-123.1622552,124
8/15/2021 20:50,31,4,1,0.461880215,11.6,44.2303277,-123.1622552,111
8/15/2021 21:00,31,4,1,0.230940108,11.6,44.2303277,-123.1622552,104
8/15/2021 21:10,31,4,1,0.765941686,10.8,44.2303277,-123.1622552,81
8/15/2021 21:20,31,4,1,0.241209076,11.6,44.2303277,-123.1622552,110
8/15/2021 21:30,31,4,1,0.230940108,11.6,44.2303277,-123.1622552,96
8/15/2021 21:40,31,4,1,0.230940108,11.6,44.2303277,-123.1622552,117
8/15/2021 21:50,31,4,1,0.361813613,11.6,44.2303277,-123.1622552,92
8/15/2021 22:00,31,4,1,0.590839157,11.6,44.2303277,-123.1622552,90
8/15/2021 22:10,31,4,1,0.311399578,12.4,44.2303277,-123.1622552,91
8/15/2021 22:20,31,4,1,0.517335833,11.6,44.2303277,-123.1622552,88
8/15/2021 22:30,31,4,1,0,11.6,44.2303277,-123.1622552,95
8/15/2021 22:40,31,4,1,0.361813613,11.6,44.2303277,-123.1622552,93
8/15/2021 22:50,31,4,1,0,11.6,44.2303277,-123.1622552,99
8/15/2021 23:00,31,4,1,0.311399578,11.6,44.2303277,-123.1622552,98
8/15/2021 23:10,31,4,1,0.241209076,11.6,44.2303277,-123.1622552,107
8/15/2021 23:20,31,4,1,0.41194292,13.2,44.2303277,-123.1622552,104
8/15/2021 23:30,31,4,1,0.603022689,16.4,44.2303277,-123.1622552,102
8/15/2021 23:40,31,4,1,0.311399578,13.2,44.2303277,-123.1622552,107
8/15/2021 23:50,31,4,1,0.521071158,11.6,44.2303277,-123.1622552,103
8/16/2021 0:00,31,4,1,0.603022689,11.6,44.2303277,-123.1622552,84
8/16/2021 0:10,31,4,1,0.230940108,12.4,44.2303277,-123.1622552,91
8/16/2021 0:20,31,4,1,0.230940108,11.6,44.2303277,-123.1622552,104
8/16/2021 0:30,31,4,1,0,11.6,44.2303277,-123.1622552,82
8/16/2021 0:50,31,4,1,0.230940108,11.6,44.2303277,-123.1622552,104
8/16/2021 1:00,31,4,1,0.230940108,11.6,44.2303277,-123.1622552,112
8/16/2021 1:10,31,4,1,0.230940108,11.6,44.2303277,-123.1622552,122
8/16/2021 1:20,31,4,1,0.311399578,11.6,44.2303277,-123.1622552,105
8/16/2021 1:30,31,4,1,0.41194292,11.6,44.2303277,-123.1622552,111
8/16/2021 1:40,31,4,1,0.311399578,11.6,44.2303277,-123.1622552,109
8/16/2021 1:50,31,4,1,0,11.6,44.2303277,-123.1622552,103
8/16/2021 2:00,31,4,1,0.230940108,11.6,44.2303277,-123.1622552,103
8/16/2021 2:10,31,4,1,0.230940108,11.6,44.2303277,-123.1622552,103
8/16/2021 2:20,31,4,1,0.241209076,11.6,44.2303277,-123.1622552,92
8/16/2021 2:30,31,4,1,0.241209076,11.6,44.2303277,-123.1622552,99
8/16/2021 2:40,31,4,1,0,11.6,44.2303277,-123.1622552,95
8/16/2021 2:50,31,4,1,0.230940108,11.6,44.2303277,-123.1622552,93
8/16/2021 3:00,31,4,1,0.230940108,11.6,44.2303277,-123.1622552,106
8/16/2021 3:10,31,4,1,0.230940108,11.6,44.2303277,-123.1622552,98
8/16/2021 3:20,31,4,1,0.323615934,11.6,44.2303277,-123.1622552,127
8/16/2021 3:30,31,4,1,0.311399578,11.6,44.2303277,-123.1622552,98
8/16/2021 3:40,31,4,1,0,11.6,44.2303277,-123.1622552,105
8/16/2021 3:50,31,4,1,0.230940108,11.6,44.2303277,-123.1622552,117
8/16/2021 4:00,31,4,1,0.300427046,11.6,44.2303277,-123.1622552,113
8/16/2021 4:10,31,4,1,0.505964426,11.6,44.2303277,-123.1622552,87
8/16/2021 4:20,31,4,1,NA,11.6,44.2303277,-123.1622552,50
8/16/2021 4:30,31,4,1,0.41194292,12.4,44.2303277,-123.1622552,89
8/16/2021 4:40,31,4,1,0.230940108,11.6,44.2303277,-123.1622552,103
8/16/2021 4:50,31,4,1,0.341121146,11.6,44.2303277,-123.1622552,106
8/16/2021 5:00,31,4,1,0.230940108,11.6,44.2303277,-123.1622552,92
8/16/2021 5:10,31,4,1,0.361813613,11.6,44.2303277,-123.1622552,95
8/16/2021 5:20,31,4,1,0.311399578,11.6,44.2303277,-123.1622552,94
8/16/2021 5:30,31,4,1,0.230940108,11.6,44.2303277,-123.1622552,104
8/16/2021 5:40,31,4,1,0.311399578,11.6,44.2303277,-123.1622552,103
8/16/2021 5:50,31,4,1,0.230940108,11.6,44.2303277,-123.1622552,110
8/16/2021 6:00,31,4,1,0.393892771,11.6,44.2303277,-123.1622552,125
8/16/2021 6:10,31,4,1,0.41194292,11.6,44.2303277,-123.1622552,123
8/16/2021 6:20,31,4,1,0.543708605,11.6,44.2303277,-123.1622552,131
8/16/2021 6:30,31,3,1,0.715541753,12.4,44.23065,-123.16275,113
8/16/2021 6:40,31,3,1,0.422875312,13.2,44.23065,-123.16275,112
8/16/2021 6:50,31,3,1,0.448489528,13.2,44.23065,-123.16275,106
8/16/2021 7:00,31,3,1,0.691719734,13.2,44.23065,-123.16275,105
8/16/2021 7:10,31,3,1,0.4,13.2,44.23065,-123.16275,115
8/16/2021 7:20,31,3,1,0.546504041,13.2,44.23065,-123.16275,110
8/16/2021 7:30,31,3,1,0.719476934,12.4,44.23065,-123.16275,107
8/16/2021 7:40,31,3,1,0.290509216,12.4,44.23065,-123.16275,109
8/16/2021 7:50,31,3,1,0.517409333,12.4,44.23065,-123.16275,107
8/16/2021 8:00,31,3,1,0.6,13.2,44.23065,-123.16275,118
8/16/2021 8:10,31,3,1,0.341121146,12.4,44.23065,-123.16275,112
8/16/2021 8:20,31,3,1,0.492582341,12.4,44.23065,-123.16275,110
8/16/2021 8:30,31,3,1,0.530394835,12.4,44.23065,-123.16275,104
8/16/2021 8:40,31,3,1,0.474893472,13.2,44.23065,-123.16275,114
8/16/2021 8:50,31,3,1,0.580008842,13.2,44.23065,-123.16275,107
8/16/2021 9:00,31,3,1,0.368710879,14,44.23065,-123.16275,127
8/16/2021 9:10,31,3,1,0.57419245,13.2,44.23065,-123.16275,108
8/16/2021 9:20,31,3,1,0.505964426,14,44.23065,-123.16275,100
8/16/2021 9:30,31,3,1,0.512410092,13.2,44.23065,-123.16275,99
8/16/2021 9:40,31,3,1,0.335083127,13.2,44.23065,-123.16275,124
8/16/2021 9:50,31,3,1,0.28149262,13.2,44.23065,-123.16275,117
8/16/2021 10:00,31,3,1,0.335083127,13.2,44.23065,-123.16275,118
8/16/2021 10:10,31,3,1,0.282842712,13.2,44.23065,-123.16275,108
8/16/2021 10:20,31,3,1,0.391488388,14,44.23065,-123.16275,110
8/16/2021 10:30,31,3,1,0.461880215,13.2,44.23065,-123.16275,95
8/16/2021 10:40,31,3,1,0.350823208,13.2,44.23065,-123.16275,130
8/16/2021 10:50,31,3,1,0.311399578,13.2,44.23065,-123.16275,115
8/16/2021 11:00,31,3,1,0.241209076,13.2,44.23065,-123.16275,111
8/16/2021 11:10,31,3,1,0.241209076,13.2,44.23065,-123.16275,96
8/16/2021 11:20,31,3,1,0.560272043,14,44.23065,-123.16275,109
8/16/2021 11:30,31,3,1,0.504482828,14,44.23065,-123.16275,104
8/16/2021 11:40,31,3,1,0.520354908,14,44.23065,-123.16275,104
8/16/2021 11:50,31,3,1,0,13.2,44.23065,-123.16275,116
8/16/2021 12:00,31,3,1,0.230940108,14,44.23065,-123.16275,108
8/16/2021 12:10,31,3,1,0.394838493,14,44.23065,-123.16275,112
8/16/2021 12:20,31,3,1,0.463147379,14.8,44.23065,-123.16275,128
8/16/2021 12:30,31,2,2,0.641051767,13.2,44.23122,-123.1629,122
8/16/2021 12:40,31,2,1,0.469714359,12.4,44.23122,-123.1629,107
8/16/2021 12:50,31,2,1,0.252982213,13.2,44.23122,-123.1629,105
8/16/2021 13:00,31,2,1,0.341121146,13.2,44.23122,-123.1629,94
8/16/2021 13:10,31,2,1,0,13.2,44.23122,-123.1629,93
8/16/2021 13:20,31,2,1,NA,13.2,44.23122,-123.1629,70
8/16/2021 13:30,31,2,1,1.13137085,13.2,44.23122,-123.1629,79
8/16/2021 13:50,31,2,1,0.715541753,14.8,44.23122,-123.1629,78
8/16/2021 14:00,31,2,1,0.565685425,14.8,44.23122,-123.1629,74
8/16/2021 14:20,31,2,1,NA,12.4,44.23122,-123.1629,73
8/16/2021 14:30,31,2,1,0.461880215,14,44.23122,-123.1629,77
8/16/2021 14:50,31,2,1,0.427617987,13.2,44.23122,-123.1629,80
8/16/2021 15:00,31,2,1,NA,13.2,44.23122,-123.1629,81
8/16/2021 15:10,31,2,1,0,13.2,44.23122,-123.1629,96
8/16/2021 15:20,31,2,1,0.552052447,13.2,44.23122,-123.1629,85
8/16/2021 15:30,31,2,1,0.565685425,14,44.23122,-123.1629,74
8/16/2021 15:40,31,2,1,0.326598632,14,44.23122,-123.1629,76
8/16/2021 15:50,31,2,1,NA,14,44.23122,-123.1629,49
8/16/2021 16:10,31,2,1,0.505964426,14,44.23122,-123.1629,84
8/16/2021 16:20,31,2,1,0,14,44.23122,-123.1629,89
8/16/2021 16:30,31,2,1,0.4,14,44.23122,-123.1629,82
8/16/2021 16:40,31,2,2,NA,15.6,44.23122,-123.1629,72
8/16/2021 16:50,31,2,1,NA,15.6,44.23122,-123.1629,73
8/16/2021 17:00,31,2,1,0.8,14.8,44.23122,-123.1629,81
8/16/2021 17:20,31,2,1,NA,14,44.23122,-123.1629,45
8/16/2021 17:30,31,2,1,NA,14,44.23122,-123.1629,89
8/16/2021 17:40,31,2,1,0.357770876,14,44.23122,-123.1629,88
8/16/2021 18:00,31,2,1,0.461880215,14,44.23122,-123.1629,84
8/16/2021 18:10,31,2,1,0.785319854,14,44.23122,-123.1629,79
8/16/2021 18:20,31,2,1,0.625388768,14,44.23122,-123.1629,92
8/16/2021 18:30,31,2,1,0.777460253,14.8,44.23122,-123.1629,79
8/16/2021 19:20,31,2,1,0,14,44.23122,-123.1629,87
8/16/2021 19:30,31,2,1,0.715541753,14,44.23122,-123.1629,76
8/16/2021 20:00,31,2,1,0,14,44.23122,-123.1629,72
8/16/2021 20:20,31,2,1,0.53935989,14,44.23122,-123.1629,108
8/16/2021 20:30,31,3,1,0.45411697,13.2,44.23065,-123.16275,100
8/16/2021 20:40,31,4,1,0,13.2,44.2303277,-123.1622552,145
8/16/2021 20:50,31,4,1,0.230940108,11.6,44.2303277,-123.1622552,119
8/16/2021 21:00,31,4,1,0.230940108,12.4,44.2303277,-123.1622552,102
8/16/2021 21:10,31,4,1,0.311399578,12.4,44.2303277,-123.1622552,104
8/16/2021 21:20,31,4,1,0.357770876,12.4,44.2303277,-123.1622552,99
8/16/2021 21:30,31,4,1,0.311399578,11.6,44.2303277,-123.1622552,111
8/16/2021 21:40,31,4,1,0.230940108,11.6,44.2303277,-123.1622552,109
8/16/2021 21:50,31,4,1,0,11.6,44.2303277,-123.1622552,117
8/16/2021 22:00,31,4,1,0.230940108,11.6,44.2303277,-123.1622552,93
8/16/2021 22:10,31,4,1,0.323615934,11.6,44.2303277,-123.1622552,103
8/16/2021 22:20,31,4,1,0.311399578,11.6,44.2303277,-123.1622552,108
8/16/2021 22:30,31,4,1,0.341121146,11.6,44.2303277,-123.1622552,97
8/16/2021 22:40,31,4,1,0.461880215,11.6,44.2303277,-123.1622552,113
8/16/2021 22:50,31,4,1,0.230940108,11.6,44.2303277,-123.1622552,97
8/16/2021 23:00,31,4,1,0.386436713,11.6,44.2303277,-123.1622552,125
8/16/2021 23:10,31,4,1,0.357770876,11.6,44.2303277,-123.1622552,99
8/16/2021 23:20,31,4,1,0.521071158,11.6,44.2303277,-123.1622552,95
8/16/2021 23:30,31,4,1,0.311399578,11.6,44.2303277,-123.1622552,99
8/16/2021 23:40,31,4,1,0,11.6,44.2303277,-123.1622552,91
8/16/2021 23:50,31,4,1,0.41194292,11.6,44.2303277,-123.1622552,89
8/17/2021 0:00,31,4,1,0.341121146,10.8,44.2303277,-123.1622552,92
8/17/2021 0:10,31,4,1,0.565685425,11.6,44.2303277,-123.1622552,74
8/17/2021 0:20,31,4,1,0.341121146,11.6,44.2303277,-123.1622552,94
8/17/2021 0:30,31,4,1,0.56051924,11.6,44.2303277,-123.1622552,81
8/17/2021 0:40,31,4,1,0.341121146,11.6,44.2303277,-123.1622552,115
8/17/2021 0:50,31,4,1,0.230940108,11.6,44.2303277,-123.1622552,89
8/17/2021 1:00,31,4,1,0.427617987,11.6,44.2303277,-123.1622552,81
8/17/2021 1:10,31,4,1,0.552052447,11.6,44.2303277,-123.1622552,104
8/17/2021 1:20,31,4,1,0.45411697,11.6,44.2303277,-123.1622552,106
8/17/2021 1:30,31,4,1,0.550041321,13.2,44.2303277,-123.1622552,103
8/17/2021 1:40,31,4,1,0,11.6,44.2303277,-123.1622552,98
8/17/2021 1:50,31,4,1,0.373679493,11.6,44.2303277,-123.1622552,92
8/17/2021 2:00,31,4,1,0.311399578,11.6,44.2303277,-123.1622552,93
8/17/2021 2:10,31,4,1,0.311399578,11.6,44.2303277,-123.1622552,92
8/17/2021 2:20,31,4,1,0.41194292,11.6,44.2303277,-123.1622552,90
8/17/2021 2:30,31,4,1,0.41194292,12.4,44.2303277,-123.1622552,99
8/17/2021 2:40,31,4,1,0.361813613,12.4,44.2303277,-123.1622552,100
8/17/2021 2:50,31,4,1,0.603022689,11.6,44.2303277,-123.1622552,86
8/17/2021 3:00,31,4,1,0.341121146,11.6,44.2303277,-123.1622552,100
8/17/2021 3:10,31,4,1,0.311399578,11.6,44.2303277,-123.1622552,95
8/17/2021 3:20,31,4,1,0.311399578,11.6,44.2303277,-123.1622552,99
8/17/2021 3:30,31,4,1,0.241209076,11.6,44.2303277,-123.1622552,97
8/17/2021 3:40,31,4,1,0.377123617,11.6,44.2303277,-123.1622552,97
8/17/2021 3:50,31,4,1,0,11.6,44.2303277,-123.1622552,99
8/17/2021 4:00,31,4,1,0.311399578,12.4,44.2303277,-123.1622552,98
8/17/2021 4:10,31,4,1,0.230940108,11.6,44.2303277,-123.1622552,95
8/17/2021 4:20,31,4,1,0,11.6,44.2303277,-123.1622552,93
8/17/2021 4:30,31,4,1,0.311399578,11.6,44.2303277,-123.1622552,86
8/17/2021 4:40,31,4,1,0,11.6,44.2303277,-123.1622552,92
8/17/2021 4:50,31,4,1,0.230940108,11.6,44.2303277,-123.1622552,106
8/17/2021 5:00,31,4,1,0.230940108,11.6,44.2303277,-123.1622552,113
8/17/2021 5:10,31,4,1,0.361813613,11.6,44.2303277,-123.1622552,107
8/17/2021 5:20,31,4,1,0.550041321,12.4,44.2303277,-123.1622552,107
8/17/2021 5:30,31,4,1,0,11.6,44.2303277,-123.1622552,112
8/17/2021 5:40,31,4,1,0,11.6,44.2303277,-123.1622552,102
8/17/2021 5:50,31,4,1,0.415099617,12.4,44.2303277,-123.1622552,117
8/17/2021 6:00,31,4,1,0.477145663,13.2,44.2303277,-123.1622552,125
8/17/2021 6:10,31,2,1,0.373679493,14,44.23122,-123.1629,85
8/17/2021 6:40,31,2,1,NA,13.2,44.23122,-123.1629,82
8/17/2021 11:50,31,2,1,NA,13.2,44.23122,-123.1629,75
8/17/2021 12:10,31,2,1,0.8,13.2,44.23122,-123.1629,91
8/17/2021 12:20,31,2,1,0.4,13.2,44.23122,-123.1629,84
8/17/2021 12:30,31,2,1,NA,13.2,44.23122,-123.1629,81
8/17/2021 12:50,31,2,1,0.461880215,13.2,44.23122,-123.1629,85
8/17/2021 13:00,31,2,1,1.222020185,14.8,44.23122,-123.1629,78
8/17/2021 13:10,31,2,1,NA,14,44.23122,-123.1629,75
8/17/2021 13:40,31,2,1,NA,12.4,44.23122,-123.1629,71
8/17/2021 14:00,31,2,2,NA,14,44.23122,-123.1629,80
8/17/2021 14:10,31,2,1,0.37032804,14,44.23122,-123.1629,83
8/17/2021 14:20,31,2,1,0.565685425,14.8,44.23122,-123.1629,79
8/17/2021 14:30,31,2,1,1.166190379,14,44.23122,-123.1629,79
8/17/2021 14:40,31,2,1,1.697056275,13.2,44.23122,-123.1629,93
8/17/2021 14:50,31,2,1,0.604743157,14,44.23122,-123.1629,86
8/17/2021 15:00,31,2,1,0.326598632,13.2,44.23122,-123.1629,93
8/17/2021 15:10,31,2,1,1.093008082,13.2,44.23122,-123.1629,75
8/17/2021 15:40,31,2,1,0.565685425,14,44.23122,-123.1629,82
8/17/2021 16:10,31,2,1,0.361813613,13.2,44.23122,-123.1629,82
8/17/2021 16:20,31,2,2,1.222020185,12.4,44.23122,-123.1629,80
8/17/2021 17:30,31,2,1,NA,13.2,44.23122,-123.1629,77
8/17/2021 20:30,31,1,1,0.448489528,14,44.2333796,-123.1625399,86
8/17/2021 20:40,31,1,1,0.8,14,44.2333796,-123.1625399,82
8/17/2021 20:50,31,1,1,0,14,44.2333796,-123.1625399,88
8/17/2021 21:00,31,1,1,0.266666667,14.8,44.2333796,-123.1625399,83
8/17/2021 21:10,31,1,1,0.461880215,14,44.2333796,-123.1625399,78
8/18/2021 9:00,31,1,1,NA,13.2,44.2333796,-123.1625399,70
8/18/2021 9:30,31,1,1,NA,13.2,44.2333796,-123.1625399,73
8/23/2021 12:00,31,1,1,NA,13.2,44.2333796,-123.1625399,71
