date.time,tag.id,receiver.site,antenna.number,temp.sd,temp.strong,lat,long,strength
7/25/2021 1:00,32,3,1,1.13137085,16.4,44.23065,-123.16275,52
7/25/2021 1:30,32,3,1,NA,15.6,44.23065,-123.16275,52
7/25/2021 2:00,32,3,1,NA,14,44.23065,-123.16275,57
7/25/2021 2:10,32,3,1,NA,14,44.23065,-123.16275,53
7/25/2021 10:00,32,2,1,0.557353815,12.4,44.23122,-123.1629,129
7/25/2021 10:10,32,2,1,0,12.4,44.23122,-123.1629,87
7/25/2021 10:20,32,2,1,0.438178046,11.6,44.23122,-123.1629,105
7/25/2021 10:30,32,2,1,0.431487912,11.6,44.23122,-123.1629,104
7/25/2021 10:40,32,2,1,0.512695956,12.4,44.23122,-123.1629,87
7/25/2021 10:50,32,2,1,0,13.2,44.23122,-123.1629,82
7/25/2021 12:00,32,1,1,NA,12.4,44.2333796,-123.1625399,72
7/25/2021 12:10,32,2,1,0.4,12.4,44.23122,-123.1629,84
7/25/2021 12:40,32,2,1,NA,11.6,44.23122,-123.1629,72
7/25/2021 12:50,32,2,1,0.625388768,12.4,44.23122,-123.1629,91
7/25/2021 13:20,32,2,1,1.13137085,12.4,44.23122,-123.1629,93
7/25/2021 13:30,32,2,1,NA,12.4,44.23122,-123.1629,64
7/25/2021 13:40,32,2,2,NA,12.4,44.23122,-123.1629,50
7/25/2021 13:50,32,2,1,0.427617987,13.2,44.23122,-123.1629,116
7/25/2021 14:00,32,2,1,0.879826823,14.8,44.23122,-123.1629,130
7/25/2021 14:10,32,2,2,0.604743157,12.4,44.23122,-123.1629,100
7/25/2021 14:20,32,2,1,1.605545944,11.6,44.23122,-123.1629,116
7/25/2021 14:30,32,2,1,0.302371578,14,44.23122,-123.1629,86
7/25/2021 15:40,32,2,1,NA,14,44.23122,-123.1629,75
7/25/2021 21:00,32,1,1,NA,13.2,44.2333796,-123.1625399,74
7/25/2021 21:10,32,2,2,1.2,14.8,44.23122,-123.1629,80
7/25/2021 21:20,32,2,1,0.95328096,14.8,44.23122,-123.1629,124
7/25/2021 21:30,32,3,1,1.017934416,15.6,44.23065,-123.16275,120
7/25/2021 21:40,32,3,1,1.063328109,14.8,44.23065,-123.16275,83
7/26/2021 0:00,32,3,1,0.565685425,12.4,44.23065,-123.16275,52
7/26/2021 1:50,32,3,1,NA,14.8,44.23065,-123.16275,51
7/26/2021 3:20,32,3,1,NA,16.4,44.23065,-123.16275,52
7/26/2021 4:10,32,3,1,NA,14.8,44.23065,-123.16275,61
7/26/2021 5:00,32,2,2,0.880191367,15.6,44.23122,-123.1629,131
7/26/2021 5:10,32,2,1,1.093008082,13.2,44.23122,-123.1629,83
7/26/2021 5:30,32,1,1,0.565685425,15.6,44.2333796,-123.1625399,73
7/26/2021 5:40,32,1,1,NA,13.2,44.2333796,-123.1625399,77
7/26/2021 5:50,32,1,1,NA,13.2,44.2333796,-123.1625399,79
7/26/2021 6:00,32,1,1,0,12.4,44.2333796,-123.1625399,76
7/26/2021 6:30,32,1,2,NA,12.4,44.2333796,-123.1625399,76
7/26/2021 6:40,32,1,1,NA,14,44.2333796,-123.1625399,73
7/26/2021 6:50,32,1,1,NA,15.6,44.2333796,-123.1625399,79
7/26/2021 7:00,32,1,2,NA,14,44.2333796,-123.1625399,76
7/26/2021 9:00,32,1,1,NA,13.2,44.2333796,-123.1625399,86
7/26/2021 12:00,32,2,1,NA,12.4,44.23122,-123.1629,72
7/26/2021 16:30,32,1,1,0.719788329,15.6,44.2333796,-123.1625399,92
7/26/2021 16:40,32,1,1,NA,14.8,44.2333796,-123.1625399,79
7/26/2021 17:20,32,1,1,NA,14.8,44.2333796,-123.1625399,74
7/26/2021 17:50,32,2,1,0.904310664,14,44.23122,-123.1629,95
7/26/2021 18:00,32,2,1,0,14,44.23122,-123.1629,87
7/26/2021 18:10,32,1,1,0,14,44.2333796,-123.1625399,83
7/26/2021 18:20,32,2,1,0.8,14,44.23122,-123.1629,83
7/26/2021 18:30,32,1,1,0,14.8,44.2333796,-123.1625399,80
7/26/2021 18:50,32,1,1,NA,15.6,44.2333796,-123.1625399,75
7/26/2021 20:30,32,1,1,0,14,44.2333796,-123.1625399,83
7/26/2021 20:40,32,1,1,NA,14.8,44.2333796,-123.1625399,83
7/26/2021 21:00,32,1,1,1.13137085,14.8,44.2333796,-123.1625399,77
7/26/2021 21:10,32,1,1,1.035583136,16.4,44.2333796,-123.1625399,94
7/26/2021 21:20,32,1,1,0.848528137,15.6,44.2333796,-123.1625399,81
7/26/2021 21:30,32,2,1,0.427617987,14,44.23122,-123.1629,92
7/26/2021 21:40,32,2,1,NA,14.8,44.23122,-123.1629,75
7/26/2021 21:50,32,2,1,NA,14,44.23122,-123.1629,78
7/26/2021 22:00,32,2,1,0,14,44.23122,-123.1629,80
7/26/2021 22:10,32,2,1,NA,14,44.23122,-123.1629,83
7/26/2021 22:20,32,2,2,1.13137085,14.8,44.23122,-123.1629,83
7/26/2021 22:30,32,2,2,0.565685425,14.8,44.23122,-123.1629,82
7/27/2021 0:20,32,2,1,NA,11.6,44.23122,-123.1629,110
7/27/2021 1:10,32,1,1,NA,14.8,44.2333796,-123.1625399,79
7/27/2021 3:10,32,1,1,NA,13.2,44.2333796,-123.1625399,73
7/27/2021 5:20,32,1,1,NA,14.8,44.2333796,-123.1625399,79
7/27/2021 5:30,32,1,1,0.76662404,14.8,44.2333796,-123.1625399,93
7/27/2021 5:40,32,1,1,0.752899158,14,44.2333796,-123.1625399,99
7/27/2021 5:50,32,1,1,0.602218122,13.2,44.2333796,-123.1625399,81
7/27/2021 6:10,32,1,1,NA,14,44.2333796,-123.1625399,74
7/27/2021 6:40,32,1,2,NA,11.6,44.2333796,-123.1625399,75
7/27/2021 7:20,32,1,1,NA,12.4,44.2333796,-123.1625399,74
7/27/2021 7:40,32,1,1,NA,13.2,44.2333796,-123.1625399,51
7/27/2021 7:50,32,1,1,NA,13.2,44.2333796,-123.1625399,71
7/27/2021 8:20,32,1,1,NA,13.2,44.2333796,-123.1625399,87
7/27/2021 8:30,32,1,1,NA,12.4,44.2333796,-123.1625399,93
7/27/2021 8:40,32,1,1,0.765941686,12.4,44.2333796,-123.1625399,77
7/27/2021 8:50,32,1,1,0.4,13.2,44.2333796,-123.1625399,86
7/27/2021 9:00,32,1,1,0.561510568,14,44.2333796,-123.1625399,80
7/27/2021 9:10,32,1,1,1.162373052,12.4,44.2333796,-123.1625399,77
7/27/2021 9:20,32,1,1,0.461880215,13.2,44.2333796,-123.1625399,82
7/27/2021 9:30,32,1,1,0.565685425,13.2,44.2333796,-123.1625399,84
7/27/2021 9:40,32,1,1,1.032795559,14,44.2333796,-123.1625399,85
7/27/2021 10:00,32,1,1,0.565685425,12.4,44.2333796,-123.1625399,80
7/27/2021 10:10,32,1,1,0,13.2,44.2333796,-123.1625399,88
7/27/2021 10:20,32,1,1,0.669328021,13.2,44.2333796,-123.1625399,83
7/27/2021 10:30,32,1,2,0.461880215,14,44.2333796,-123.1625399,79
7/27/2021 10:40,32,1,2,0.923760431,13.2,44.2333796,-123.1625399,80
7/27/2021 10:50,32,1,1,NA,13.2,44.2333796,-123.1625399,83
7/27/2021 11:20,32,1,1,NA,13.2,44.2333796,-123.1625399,72
7/27/2021 11:50,32,1,1,NA,13.2,44.2333796,-123.1625399,83
7/27/2021 12:00,32,1,2,NA,14,44.2333796,-123.1625399,74
7/27/2021 12:50,32,1,1,NA,12.4,44.2333796,-123.1625399,75
7/27/2021 14:00,32,1,1,1.13137085,13.2,44.2333796,-123.1625399,71
7/27/2021 14:20,32,1,1,NA,14.8,44.2333796,-123.1625399,78
7/27/2021 15:20,32,1,1,0,13.2,44.2333796,-123.1625399,82
7/27/2021 15:40,32,1,1,1.222020185,14,44.2333796,-123.1625399,78
7/27/2021 17:30,32,2,1,NA,13.2,44.23122,-123.1629,94
7/27/2021 17:40,32,2,2,0.604743157,14,44.23122,-123.1629,111
7/27/2021 17:50,32,3,1,0.431487912,13.2,44.23065,-123.16275,109
7/27/2021 18:00,32,3,1,0.373679493,13.2,44.23065,-123.16275,117
7/27/2021 18:10,32,3,1,0.311399578,13.2,44.23065,-123.16275,113
7/27/2021 18:20,32,3,1,0.230940108,13.2,44.23065,-123.16275,122
7/27/2021 18:30,32,3,1,0.266666667,14,44.23065,-123.16275,123
7/27/2021 18:40,32,3,1,0.230940108,13.2,44.23065,-123.16275,122
7/27/2021 18:50,32,3,1,0.241209076,13.2,44.23065,-123.16275,115
7/27/2021 19:00,32,3,1,0,13.2,44.23065,-123.16275,106
7/27/2021 19:10,32,3,1,0.252982213,14,44.23065,-123.16275,113
7/27/2021 19:20,32,3,1,0.421637021,13.2,44.23065,-123.16275,133
7/27/2021 19:30,32,3,1,0.386436713,13.2,44.23065,-123.16275,106
7/27/2021 19:50,32,3,1,0,13.2,44.23065,-123.16275,118
7/27/2021 20:00,32,3,1,0.252982213,13.2,44.23065,-123.16275,141
7/27/2021 20:10,32,3,1,0.533333333,13.2,44.23065,-123.16275,113
7/27/2021 20:20,32,3,1,0.337309617,13.2,44.23065,-123.16275,126
7/27/2021 20:30,32,3,1,0.361813613,13.2,44.23065,-123.16275,105
7/27/2021 20:50,32,3,1,NA,12.4,44.23065,-123.16275,50
7/27/2021 21:00,32,3,1,0,12.4,44.23065,-123.16275,79
7/28/2021 3:20,32,4,1,0.230940108,10,44.2303277,-123.1622552,109
7/28/2021 3:30,32,4,1,0,11.6,44.2303277,-123.1622552,115
7/28/2021 3:40,32,4,1,0.337309617,10.8,44.2303277,-123.1622552,113
7/28/2021 3:50,32,4,1,0.461880215,11.6,44.2303277,-123.1622552,113
7/28/2021 4:00,32,4,1,0.361813613,11.6,44.2303277,-123.1622552,118
7/28/2021 4:10,32,4,1,0.393892771,12.4,44.2303277,-123.1622552,117
7/28/2021 4:20,32,4,1,0.393892771,12.4,44.2303277,-123.1622552,119
7/28/2021 4:30,32,4,1,0.497265248,11.6,44.2303277,-123.1622552,115
7/28/2021 4:40,32,4,1,0.379704917,11.6,44.2303277,-123.1622552,126
7/28/2021 4:50,32,4,1,0.373679493,11.6,44.2303277,-123.1622552,116
7/28/2021 5:00,32,4,1,0.403619983,10.8,44.2303277,-123.1622552,122
7/28/2021 5:10,32,2,1,0.483502514,14,44.23122,-123.1629,121
7/28/2021 5:20,32,2,1,0.667618368,13.2,44.23122,-123.1629,81
7/28/2021 5:30,32,4,1,NA,13.2,44.2303277,-123.1622552,60
7/28/2021 7:20,32,1,1,NA,12.4,44.2333796,-123.1625399,80
7/28/2021 7:30,32,1,2,NA,13.2,44.2333796,-123.1625399,71
7/28/2021 9:20,32,1,1,NA,13.2,44.2333796,-123.1625399,81
7/28/2021 10:10,32,1,1,NA,10.8,44.2333796,-123.1625399,60
7/28/2021 11:10,32,1,1,NA,14,44.2333796,-123.1625399,79
7/28/2021 11:50,32,1,2,0.565685425,13.2,44.2333796,-123.1625399,80
7/28/2021 12:10,32,1,1,NA,14,44.2333796,-123.1625399,73
7/28/2021 12:50,32,1,1,0.8,13.2,44.2333796,-123.1625399,85
7/28/2021 13:00,32,1,1,NA,13.2,44.2333796,-123.1625399,83
7/28/2021 14:50,32,1,1,NA,13.2,44.2333796,-123.1625399,58
7/28/2021 17:00,32,1,1,NA,14.8,44.2333796,-123.1625399,73
7/28/2021 17:10,32,1,1,NA,13.2,44.2333796,-123.1625399,74
7/28/2021 17:40,32,1,1,NA,13.2,44.2333796,-123.1625399,84
7/28/2021 17:50,32,1,2,NA,14,44.2333796,-123.1625399,73
7/28/2021 18:00,32,1,1,NA,14,44.2333796,-123.1625399,77
7/28/2021 18:10,32,1,1,NA,14,44.2333796,-123.1625399,85
7/28/2021 18:20,32,1,2,NA,12.4,44.2333796,-123.1625399,73
7/28/2021 18:40,32,1,1,NA,13.2,44.2333796,-123.1625399,76
7/28/2021 18:50,32,1,1,0.74065608,14,44.2333796,-123.1625399,95
7/28/2021 19:00,32,1,2,0.723627227,14,44.2333796,-123.1625399,89
7/28/2021 19:10,32,1,1,1.13137085,14,44.2333796,-123.1625399,81
7/28/2021 19:20,32,1,1,0,14.8,44.2333796,-123.1625399,83
7/28/2021 19:30,32,1,1,0.765941686,14,44.2333796,-123.1625399,81
7/28/2021 19:40,32,1,1,0.705533683,14,44.2333796,-123.1625399,84
7/28/2021 19:50,32,2,1,NA,13.2,44.23122,-123.1629,72
7/28/2021 20:00,32,1,1,NA,14,44.2333796,-123.1625399,75
7/28/2021 20:10,32,1,1,0.512695956,13.2,44.2333796,-123.1625399,87
7/28/2021 20:20,32,1,1,0.653197265,13.2,44.2333796,-123.1625399,96
7/28/2021 20:30,32,1,1,0.461880215,13.2,44.2333796,-123.1625399,81
7/28/2021 20:40,32,1,1,1.13137085,14.8,44.2333796,-123.1625399,86
7/28/2021 20:50,32,1,1,0.565685425,14,44.2333796,-123.1625399,85
7/28/2021 21:00,32,1,1,1.154700538,14.8,44.2333796,-123.1625399,95
7/28/2021 21:10,32,1,2,1.13137085,15.6,44.2333796,-123.1625399,83
7/28/2021 22:30,32,1,1,NA,13.2,44.2333796,-123.1625399,79
7/29/2021 2:10,32,1,1,NA,14,44.2333796,-123.1625399,74
7/29/2021 2:40,32,1,1,NA,14.8,44.2333796,-123.1625399,72
7/29/2021 4:00,32,1,1,0.4,14.8,44.2333796,-123.1625399,77
7/29/2021 4:10,32,1,1,NA,14.8,44.2333796,-123.1625399,73
7/29/2021 5:00,32,1,1,0.448489528,14,44.2333796,-123.1625399,80
7/29/2021 5:20,32,1,1,1.042142316,14,44.2333796,-123.1625399,99
7/29/2021 5:30,32,1,2,0.674139931,13.2,44.2333796,-123.1625399,109
7/29/2021 5:40,32,1,2,0.634492431,14,44.2333796,-123.1625399,106
7/29/2021 5:50,32,1,1,0.302371578,13.2,44.2333796,-123.1625399,87
7/29/2021 6:00,32,1,2,0.8,13.2,44.2333796,-123.1625399,85
7/29/2021 6:10,32,1,1,0.979795897,13.2,44.2333796,-123.1625399,86
7/29/2021 6:20,32,1,1,0.4,14,44.2333796,-123.1625399,80
7/29/2021 6:30,32,1,1,0.604743157,14,44.2333796,-123.1625399,93
7/29/2021 6:40,32,1,1,0.357770876,14,44.2333796,-123.1625399,87
7/29/2021 6:50,32,1,1,0.732900305,13.2,44.2333796,-123.1625399,84
7/29/2021 7:00,32,1,1,0.634259974,13.2,44.2333796,-123.1625399,79
7/29/2021 7:10,32,1,1,0.723627227,14,44.2333796,-123.1625399,83
7/29/2021 7:20,32,1,1,0.494536749,13.2,44.2333796,-123.1625399,85
7/29/2021 7:30,32,1,1,0.481268166,14,44.2333796,-123.1625399,75
7/29/2021 7:40,32,1,1,0.422052223,14,44.2333796,-123.1625399,82
7/29/2021 7:50,32,1,1,0.565685425,14,44.2333796,-123.1625399,86
7/29/2021 8:00,32,1,1,0,13.2,44.2333796,-123.1625399,85
7/29/2021 8:10,32,1,1,0.565685425,13.2,44.2333796,-123.1625399,80
7/29/2021 8:20,32,1,1,0,13.2,44.2333796,-123.1625399,92
7/29/2021 8:30,32,1,2,0.461880215,13.2,44.2333796,-123.1625399,83
7/29/2021 8:40,32,1,1,0.656626145,13.2,44.2333796,-123.1625399,85
7/29/2021 8:50,32,1,1,0.604743157,12.4,44.2333796,-123.1625399,76
7/29/2021 9:00,32,1,1,0.706972081,12.4,44.2333796,-123.1625399,85
7/29/2021 9:10,32,1,2,0.636194218,13.2,44.2333796,-123.1625399,85
7/29/2021 9:20,32,1,1,0.37032804,12.4,44.2333796,-123.1625399,88
7/29/2021 9:30,32,1,1,0.933333333,12.4,44.2333796,-123.1625399,82
7/29/2021 9:40,32,1,1,0.461880215,12.4,44.2333796,-123.1625399,82
7/29/2021 9:50,32,1,1,0.90252172,12.4,44.2333796,-123.1625399,79
7/29/2021 10:00,32,1,1,0.565685425,13.2,44.2333796,-123.1625399,83
7/29/2021 10:10,32,1,1,0.517335833,14,44.2333796,-123.1625399,89
7/29/2021 10:20,32,1,1,0.634369169,13.2,44.2333796,-123.1625399,87
7/29/2021 10:30,32,1,1,0.64498062,14.8,44.2333796,-123.1625399,90
7/29/2021 10:40,32,1,1,1.047445873,14.8,44.2333796,-123.1625399,83
7/29/2021 10:50,32,1,1,0.622799155,13.2,44.2333796,-123.1625399,86
7/29/2021 11:00,32,1,1,0.670465368,13.2,44.2333796,-123.1625399,87
7/29/2021 11:10,32,1,1,0.67909975,13.2,44.2333796,-123.1625399,91
7/29/2021 11:20,32,1,1,0.526269004,13.2,44.2333796,-123.1625399,87
7/29/2021 11:30,32,1,1,0.634144335,13.2,44.2333796,-123.1625399,90
7/29/2021 11:40,32,1,1,0.584237395,13.2,44.2333796,-123.1625399,87
7/29/2021 11:50,32,1,1,0.780371445,14,44.2333796,-123.1625399,89
7/29/2021 12:00,32,1,1,0.620425287,14.8,44.2333796,-123.1625399,84
7/29/2021 12:10,32,1,1,0.535290526,14.8,44.2333796,-123.1625399,86
7/29/2021 12:20,32,1,1,0,14.8,44.2333796,-123.1625399,76
7/29/2021 12:30,32,1,1,0.600605755,14,44.2333796,-123.1625399,82
7/29/2021 12:40,32,1,1,0.798331594,14,44.2333796,-123.1625399,85
7/29/2021 12:50,32,1,1,0.638179228,14,44.2333796,-123.1625399,87
7/29/2021 13:00,32,1,1,0.584381704,14,44.2333796,-123.1625399,88
7/29/2021 13:10,32,2,1,0.565685425,14,44.23122,-123.1629,81
7/29/2021 13:20,32,1,1,0.660927679,14,44.2333796,-123.1625399,80
7/29/2021 13:30,32,1,1,0.754920368,14,44.2333796,-123.1625399,84
7/29/2021 13:40,32,1,1,0.680229846,14,44.2333796,-123.1625399,82
7/29/2021 13:50,32,1,1,0.461880215,14.8,44.2333796,-123.1625399,81
7/29/2021 14:00,32,1,1,0.4,14,44.2333796,-123.1625399,86
7/29/2021 14:10,32,1,1,0.810596488,14,44.2333796,-123.1625399,88
7/29/2021 14:20,32,1,1,0.49377072,14.8,44.2333796,-123.1625399,88
7/29/2021 14:30,32,1,1,0.811035004,14.8,44.2333796,-123.1625399,81
7/29/2021 14:40,32,1,1,0.464207083,14.8,44.2333796,-123.1625399,91
7/29/2021 14:50,32,1,1,0.603022689,14,44.2333796,-123.1625399,89
7/29/2021 15:00,32,1,1,1.041976145,14,44.2333796,-123.1625399,93
7/29/2021 15:10,32,1,1,0.550041321,14,44.2333796,-123.1625399,92
7/29/2021 15:20,32,1,1,0.451095533,14.8,44.2333796,-123.1625399,97
7/29/2021 15:30,32,1,1,0.511952379,14.8,44.2333796,-123.1625399,87
7/29/2021 15:40,32,1,1,0.540023718,14,44.2333796,-123.1625399,90
7/29/2021 15:50,32,1,1,0.584381704,14,44.2333796,-123.1625399,93
7/29/2021 16:00,32,1,1,0.328150179,14,44.2333796,-123.1625399,89
7/29/2021 16:10,32,1,1,0.375734575,14,44.2333796,-123.1625399,95
7/29/2021 16:20,32,1,1,0.55334987,15.6,44.2333796,-123.1625399,86
7/29/2021 16:30,32,1,1,0.619677335,14,44.2333796,-123.1625399,89
7/29/2021 16:40,32,1,1,0.759446439,14,44.2333796,-123.1625399,85
7/29/2021 16:50,32,1,1,0.792824967,14,44.2333796,-123.1625399,91
7/29/2021 17:00,32,1,1,0.590243252,14,44.2333796,-123.1625399,96
7/29/2021 17:10,32,1,1,0.774774717,14,44.2333796,-123.1625399,98
7/29/2021 17:20,32,1,1,0.427617987,14.8,44.2333796,-123.1625399,87
7/29/2021 17:30,32,1,1,0.802335771,13.2,44.2333796,-123.1625399,88
7/29/2021 17:40,32,1,1,1.029033085,14,44.2333796,-123.1625399,89
7/29/2021 17:50,32,1,2,0.744759469,17.2,44.2333796,-123.1625399,87
7/29/2021 18:00,32,1,2,0.443760157,14.8,44.2333796,-123.1625399,91
7/29/2021 18:10,32,1,1,0.565685425,15.6,44.2333796,-123.1625399,90
7/29/2021 18:20,32,1,1,1.185092589,14.8,44.2333796,-123.1625399,86
7/29/2021 18:30,32,1,2,0,14.8,44.2333796,-123.1625399,89
7/29/2021 18:40,32,1,1,0.414039336,14.8,44.2333796,-123.1625399,85
7/29/2021 18:50,32,1,1,0.735149267,15.6,44.2333796,-123.1625399,89
7/29/2021 19:00,32,1,1,0.601523121,14.8,44.2333796,-123.1625399,91
7/29/2021 19:10,32,1,1,0.37032804,15.6,44.2333796,-123.1625399,88
7/29/2021 19:20,32,1,1,0.418250324,14,44.2333796,-123.1625399,87
7/29/2021 19:30,32,1,2,0.586794245,14.8,44.2333796,-123.1625399,87
7/29/2021 19:40,32,1,1,0.666991791,14.8,44.2333796,-123.1625399,85
7/29/2021 19:50,32,1,1,0.63104851,14.8,44.2333796,-123.1625399,86
7/29/2021 20:00,32,2,1,0.667246125,14.8,44.23122,-123.1629,91
7/29/2021 20:10,32,1,2,0.917968772,14.8,44.2333796,-123.1625399,80
7/29/2021 20:20,32,1,1,0.619677335,14,44.2333796,-123.1625399,84
7/29/2021 20:30,32,1,1,0.405095747,14,44.2333796,-123.1625399,79
7/29/2021 20:40,32,1,1,0.715541753,15.6,44.2333796,-123.1625399,87
7/29/2021 20:50,32,1,1,1.13650181,14,44.2333796,-123.1625399,89
7/29/2021 21:00,32,2,1,0.792824967,13.2,44.23122,-123.1629,116
7/29/2021 21:10,32,3,1,0.555532718,14,44.23065,-123.16275,128
7/29/2021 21:20,32,4,1,0.511681719,12.4,44.2303277,-123.1622552,142
7/29/2021 21:30,32,4,1,0.259554274,12.4,44.2303277,-123.1622552,151
7/29/2021 21:40,32,4,1,0.57419245,12.4,44.2303277,-123.1622552,112
7/29/2021 21:50,32,4,1,0,11.6,44.2303277,-123.1622552,119
7/29/2021 22:00,32,4,1,0.230940108,11.6,44.2303277,-123.1622552,109
7/29/2021 22:10,32,4,1,0.311399578,11.6,44.2303277,-123.1622552,114
7/29/2021 22:20,32,4,1,0.379704917,10.8,44.2303277,-123.1622552,113
7/29/2021 22:30,32,4,1,0.361813613,11.6,44.2303277,-123.1622552,111
7/29/2021 22:40,32,4,1,0.780720058,10.8,44.2303277,-123.1622552,104
7/29/2021 22:50,32,4,1,0.461880215,11.6,44.2303277,-123.1622552,101
7/29/2021 23:00,32,4,1,0.350823208,11.6,44.2303277,-123.1622552,114
7/29/2021 23:10,32,4,1,0.4,11.6,44.2303277,-123.1622552,108
7/29/2021 23:20,32,4,1,0.373679493,11.6,44.2303277,-123.1622552,110
7/29/2021 23:30,32,4,1,0.492582341,10.8,44.2303277,-123.1622552,113
7/29/2021 23:40,32,4,1,0.241209076,10.8,44.2303277,-123.1622552,105
7/29/2021 23:50,32,4,1,0.241209076,12.4,44.2303277,-123.1622552,97
7/30/2021 0:00,32,4,1,0.393892771,10.8,44.2303277,-123.1622552,103
7/30/2021 0:10,32,4,1,0.41194292,11.6,44.2303277,-123.1622552,91
7/30/2021 0:20,32,4,1,0.361813613,11.6,44.2303277,-123.1622552,103
7/30/2021 0:30,32,4,1,0.361813613,10.8,44.2303277,-123.1622552,96
7/30/2021 0:40,32,4,1,0.456992456,10.8,44.2303277,-123.1622552,125
7/30/2021 0:50,32,4,1,0.230940108,10.8,44.2303277,-123.1622552,101
7/30/2021 1:00,32,4,1,0.341121146,10.8,44.2303277,-123.1622552,102
7/30/2021 1:10,32,4,1,0.373679493,11.6,44.2303277,-123.1622552,105
7/30/2021 1:20,32,4,1,0,10.8,44.2303277,-123.1622552,103
7/30/2021 1:30,32,4,1,0.230940108,10.8,44.2303277,-123.1622552,108
7/30/2021 1:40,32,4,1,0.373679493,11.6,44.2303277,-123.1622552,107
7/30/2021 1:50,32,4,1,0.311399578,10.8,44.2303277,-123.1622552,99
7/30/2021 2:00,32,4,1,0.41194292,10.8,44.2303277,-123.1622552,105
7/30/2021 2:10,32,4,1,0.492582341,10.8,44.2303277,-123.1622552,108
7/30/2021 2:20,32,4,1,0.393892771,10.8,44.2303277,-123.1622552,111
7/30/2021 2:30,32,4,1,0.393892771,11.6,44.2303277,-123.1622552,94
7/30/2021 2:40,32,4,1,0.438178046,11.6,44.2303277,-123.1622552,111
7/30/2021 3:00,32,4,1,0.311399578,10.8,44.2303277,-123.1622552,113
7/30/2021 3:20,32,4,1,NA,10.8,44.2303277,-123.1622552,109
7/30/2021 3:40,32,4,1,0,10.8,44.2303277,-123.1622552,106
7/30/2021 3:50,32,4,1,0.311399578,10.8,44.2303277,-123.1622552,110
7/30/2021 4:00,32,4,1,0.403619983,11.6,44.2303277,-123.1622552,109
7/30/2021 4:10,32,4,1,0.361813613,10.8,44.2303277,-123.1622552,110
7/30/2021 4:20,32,4,1,0.384307569,11.6,44.2303277,-123.1622552,112
7/30/2021 4:30,32,4,1,0.311399578,10.8,44.2303277,-123.1622552,103
7/30/2021 4:40,32,4,1,0.311399578,11.6,44.2303277,-123.1622552,110
7/30/2021 4:50,32,4,1,0,11.6,44.2303277,-123.1622552,105
7/30/2021 5:00,32,4,1,0.417786374,11.6,44.2303277,-123.1622552,115
7/30/2021 5:10,32,4,1,1.060458122,11.6,44.2303277,-123.1622552,129
7/30/2021 5:20,32,2,1,0.506658955,14.8,44.23122,-123.1629,82
7/30/2021 5:30,32,1,1,0.500849852,13.2,44.2333796,-123.1625399,86
7/30/2021 5:40,32,1,1,0.72026931,14.8,44.2333796,-123.1625399,89
7/30/2021 5:50,32,1,1,0.873542743,14.8,44.2333796,-123.1625399,82
7/30/2021 6:00,32,1,1,NA,14,44.2333796,-123.1625399,58
7/30/2021 6:10,32,1,1,NA,12.4,44.2333796,-123.1625399,71
7/30/2021 6:50,32,1,2,0,13.2,44.2333796,-123.1625399,76
7/30/2021 7:00,32,1,1,0.461880215,13.2,44.2333796,-123.1625399,80
7/30/2021 7:20,32,1,1,NA,14,44.2333796,-123.1625399,83
7/30/2021 7:30,32,1,1,1.697056275,15.6,44.2333796,-123.1625399,83
7/30/2021 7:40,32,1,1,0.548795472,13.2,44.2333796,-123.1625399,84
7/30/2021 7:50,32,1,2,0.539746389,13.2,44.2333796,-123.1625399,95
7/30/2021 8:00,32,1,1,0.497618796,14,44.2333796,-123.1625399,83
7/30/2021 8:10,32,1,1,0.541119633,13.2,44.2333796,-123.1625399,103
7/30/2021 8:20,32,1,1,1.104104895,13.2,44.2333796,-123.1625399,80
7/30/2021 8:30,32,1,1,NA,14,44.2333796,-123.1625399,73
7/30/2021 8:40,32,1,1,0.730296743,13.2,44.2333796,-123.1625399,92
7/30/2021 8:50,32,1,1,0.461880215,14,44.2333796,-123.1625399,80
7/30/2021 9:00,32,1,1,0.438178046,13.2,44.2333796,-123.1625399,80
7/30/2021 9:10,32,1,1,0.565685425,14,44.2333796,-123.1625399,86
7/30/2021 9:20,32,1,1,0.550041321,13.2,44.2333796,-123.1625399,92
7/30/2021 9:30,32,1,1,0.625388768,13.2,44.2333796,-123.1625399,85
7/30/2021 9:40,32,1,1,0,13.2,44.2333796,-123.1625399,81
7/30/2021 9:50,32,1,1,0.760951785,12.4,44.2333796,-123.1625399,75
7/30/2021 10:00,32,1,1,0.709124208,13.2,44.2333796,-123.1625399,87
7/30/2021 10:10,32,1,1,0.602218122,13.2,44.2333796,-123.1625399,82
7/30/2021 10:20,32,1,1,0.565685425,14,44.2333796,-123.1625399,88
7/30/2021 10:30,32,2,1,0.900793301,13.2,44.23122,-123.1629,81
7/30/2021 10:40,32,1,1,0,13.2,44.2333796,-123.1625399,81
7/30/2021 10:50,32,1,1,NA,13.2,44.2333796,-123.1625399,71
7/30/2021 11:10,32,1,1,0,13.2,44.2333796,-123.1625399,73
7/30/2021 11:20,32,1,1,NA,13.2,44.2333796,-123.1625399,79
7/30/2021 11:30,32,2,1,NA,14,44.23122,-123.1629,76
7/30/2021 11:40,32,1,1,0.518281512,13.2,44.2333796,-123.1625399,86
7/30/2021 11:50,32,1,1,0.530394835,14,44.2333796,-123.1625399,90
7/30/2021 12:00,32,1,1,0.91214034,14,44.2333796,-123.1625399,80
7/30/2021 12:10,32,1,1,0.565685425,14,44.2333796,-123.1625399,99
7/30/2021 12:20,32,1,1,0.56051924,13.2,44.2333796,-123.1625399,75
7/30/2021 12:30,32,1,1,0.552052447,14,44.2333796,-123.1625399,84
7/30/2021 12:40,32,1,1,1.13137085,14,44.2333796,-123.1625399,83
7/30/2021 12:50,32,1,1,0.613293594,13.2,44.2333796,-123.1625399,83
7/30/2021 13:00,32,1,1,0.565685425,14,44.2333796,-123.1625399,78
7/30/2021 13:10,32,1,1,0.729527605,13.2,44.2333796,-123.1625399,82
7/30/2021 13:20,32,1,1,0.352766841,13.2,44.2333796,-123.1625399,84
7/30/2021 13:30,32,1,1,0.669328021,14.8,44.2333796,-123.1625399,84
7/30/2021 13:40,32,1,1,0.4,14.8,44.2333796,-123.1625399,86
7/30/2021 13:50,32,1,1,1.222020185,14,44.2333796,-123.1625399,86
7/30/2021 14:00,32,1,2,0.923760431,14,44.2333796,-123.1625399,79
7/30/2021 14:10,32,1,1,0.565685425,14,44.2333796,-123.1625399,88
7/30/2021 14:20,32,1,2,0.792824967,14.8,44.2333796,-123.1625399,81
7/30/2021 14:30,32,1,1,0.8,13.2,44.2333796,-123.1625399,87
7/30/2021 14:40,32,1,1,0.505964426,13.2,44.2333796,-123.1625399,76
7/30/2021 14:50,32,1,1,0.357770876,13.2,44.2333796,-123.1625399,82
7/30/2021 15:00,32,1,1,0.461880215,13.2,44.2333796,-123.1625399,82
7/30/2021 15:10,32,1,1,0.45411697,13.2,44.2333796,-123.1625399,90
7/30/2021 15:20,32,1,1,0.326598632,13.2,44.2333796,-123.1625399,85
7/30/2021 15:30,32,1,1,0.826236447,13.2,44.2333796,-123.1625399,86
7/30/2021 15:50,32,1,1,0,13.2,44.2333796,-123.1625399,90
7/30/2021 16:00,32,1,1,0.505964426,13.2,44.2333796,-123.1625399,87
7/30/2021 16:10,32,1,1,1.11098412,14,44.2333796,-123.1625399,81
7/30/2021 16:20,32,1,1,0.461880215,13.2,44.2333796,-123.1625399,87
7/30/2021 16:30,32,1,1,0.4,14.8,44.2333796,-123.1625399,82
7/30/2021 16:40,32,1,1,0.826236447,15.6,44.2333796,-123.1625399,85
7/30/2021 16:50,32,1,1,0.461880215,14,44.2333796,-123.1625399,84
7/30/2021 17:00,32,1,1,0.565685425,13.2,44.2333796,-123.1625399,86
7/30/2021 17:10,32,1,1,0.828078671,14,44.2333796,-123.1625399,89
7/30/2021 17:20,32,1,1,0.826236447,13.2,44.2333796,-123.1625399,80
7/30/2021 17:30,32,1,1,0.96148034,13.2,44.2333796,-123.1625399,81
7/30/2021 17:40,32,1,2,0.438178046,13.2,44.2333796,-123.1625399,82
7/30/2021 17:50,32,1,1,0,14,44.2333796,-123.1625399,83
7/30/2021 18:00,32,1,2,0.91214034,13.2,44.2333796,-123.1625399,83
7/30/2021 18:10,32,1,2,0.923760431,14,44.2333796,-123.1625399,87
7/30/2021 18:20,32,1,1,0.282842712,13.2,44.2333796,-123.1625399,89
7/30/2021 18:30,32,1,1,1.002853073,14,44.2333796,-123.1625399,83
7/30/2021 18:40,32,1,1,0.4,13.2,44.2333796,-123.1625399,94
7/30/2021 18:50,32,1,1,0.461880215,12.4,44.2333796,-123.1625399,76
7/30/2021 19:00,32,1,1,0.565685425,13.2,44.2333796,-123.1625399,82
7/30/2021 19:10,32,1,2,1.011928851,14,44.2333796,-123.1625399,87
7/30/2021 19:20,32,1,1,0.8,12.4,44.2333796,-123.1625399,83
7/30/2021 19:30,32,1,1,0.629436634,13.2,44.2333796,-123.1625399,86
7/30/2021 19:40,32,1,1,NA,14,44.2333796,-123.1625399,77
7/30/2021 19:50,32,1,1,0.461880215,13.2,44.2333796,-123.1625399,83
7/30/2021 20:00,32,1,1,0.438178046,14,44.2333796,-123.1625399,87
7/30/2021 20:10,32,1,2,0.715541753,13.2,44.2333796,-123.1625399,79
7/30/2021 20:20,32,1,2,0,13.2,44.2333796,-123.1625399,78
7/30/2021 20:30,32,1,1,0.8,12.4,44.2333796,-123.1625399,84
7/30/2021 20:40,32,1,1,0.828078671,13.2,44.2333796,-123.1625399,96
7/30/2021 20:50,32,2,1,1.597148456,16.4,44.23122,-123.1629,89
7/30/2021 21:00,32,2,2,0.749949493,13.2,44.23122,-123.1629,80
7/30/2021 21:10,32,4,1,0.634202995,12.4,44.2303277,-123.1622552,143
7/30/2021 21:20,32,4,1,0.401167886,11.6,44.2303277,-123.1622552,143
7/30/2021 21:30,32,4,1,0.53935989,12.4,44.2303277,-123.1622552,132
7/30/2021 21:40,32,4,1,0.361813613,12.4,44.2303277,-123.1622552,111
7/30/2021 21:50,32,4,1,0.41194292,11.6,44.2303277,-123.1622552,112
7/30/2021 22:00,32,4,1,0.393892771,11.6,44.2303277,-123.1622552,111
7/30/2021 22:10,32,4,1,0.266666667,11.6,44.2303277,-123.1622552,112
7/30/2021 22:20,32,4,1,0.311399578,11.6,44.2303277,-123.1622552,106
7/30/2021 22:30,32,4,1,0.393892771,11.6,44.2303277,-123.1622552,109
7/30/2021 22:40,32,4,1,0.361813613,11.6,44.2303277,-123.1622552,105
7/30/2021 22:50,32,4,1,0.311399578,10.8,44.2303277,-123.1622552,96
7/30/2021 23:00,32,4,1,0.342234106,11.6,44.2303277,-123.1622552,109
7/30/2021 23:10,32,4,1,0.403619983,10.8,44.2303277,-123.1622552,99
7/30/2021 23:20,32,4,1,0.323615934,11.6,44.2303277,-123.1622552,103
7/30/2021 23:30,32,4,1,0.230940108,10.8,44.2303277,-123.1622552,99
7/30/2021 23:40,32,4,1,0.361813613,10.8,44.2303277,-123.1622552,97
7/30/2021 23:50,32,4,1,0.41194292,11.6,44.2303277,-123.1622552,119
7/31/2021 0:00,32,4,1,0.361813613,11.6,44.2303277,-123.1622552,88
7/31/2021 0:10,32,4,1,0,10.8,44.2303277,-123.1622552,98
7/31/2021 0:20,32,4,1,0.361813613,10.8,44.2303277,-123.1622552,98
7/31/2021 0:30,32,4,1,0.438655104,10.8,44.2303277,-123.1622552,112
7/31/2021 0:40,32,4,1,0.461880215,10.8,44.2303277,-123.1622552,101
7/31/2021 0:50,32,4,1,0.337309617,10.8,44.2303277,-123.1622552,101
7/31/2021 1:00,32,4,1,0.300427046,10.8,44.2303277,-123.1622552,95
7/31/2021 1:10,32,4,1,0.393892771,10.8,44.2303277,-123.1622552,100
7/31/2021 1:20,32,4,1,0.311399578,10.8,44.2303277,-123.1622552,96
7/31/2021 1:30,32,4,1,0.230940108,10.8,44.2303277,-123.1622552,98
7/31/2021 1:40,32,4,1,0.534846339,11.6,44.2303277,-123.1622552,97
7/31/2021 1:50,32,4,1,0.41194292,10.8,44.2303277,-123.1622552,93
7/31/2021 2:00,32,4,1,0.230940108,10.8,44.2303277,-123.1622552,89
7/31/2021 2:10,32,4,1,0.37032804,10.8,44.2303277,-123.1622552,95
7/31/2021 2:20,32,4,1,0.565685425,10.8,44.2303277,-123.1622552,106
7/31/2021 2:30,32,4,1,0.565685425,11.6,44.2303277,-123.1622552,101
7/31/2021 2:40,32,4,1,0.461880215,10.8,44.2303277,-123.1622552,103
7/31/2021 2:50,32,4,1,0.56298524,11.6,44.2303277,-123.1622552,102
7/31/2021 3:00,32,4,1,0.482418151,11.6,44.2303277,-123.1622552,96
7/31/2021 3:10,32,4,1,0.323615934,10.8,44.2303277,-123.1622552,101
7/31/2021 3:20,32,4,1,0.230940108,10.8,44.2303277,-123.1622552,100
7/31/2021 3:30,32,4,1,0.230940108,10.8,44.2303277,-123.1622552,101
7/31/2021 3:40,32,4,1,0.41194292,11.6,44.2303277,-123.1622552,100
7/31/2021 3:50,32,4,1,0.357770876,10.8,44.2303277,-123.1622552,97
7/31/2021 4:00,32,4,1,0.230940108,10.8,44.2303277,-123.1622552,97
7/31/2021 4:10,32,4,1,0.413118224,10.8,44.2303277,-123.1622552,95
7/31/2021 4:20,32,4,1,0.311399578,10.8,44.2303277,-123.1622552,98
7/31/2021 4:30,32,4,1,0.252982213,10.8,44.2303277,-123.1622552,101
7/31/2021 4:40,32,4,1,NA,11.6,44.2303277,-123.1622552,91
7/31/2021 4:50,32,4,1,0.413118224,11.6,44.2303277,-123.1622552,104
7/31/2021 5:00,32,4,1,0.373679493,10.8,44.2303277,-123.1622552,102
7/31/2021 5:10,32,4,1,0.421637021,11.6,44.2303277,-123.1622552,123
7/31/2021 5:20,32,3,1,0.502194912,13.2,44.23065,-123.16275,130
7/31/2021 5:40,32,1,1,0.565685425,13.2,44.2333796,-123.1625399,80
7/31/2021 5:50,32,1,2,0,13.2,44.2333796,-123.1625399,83
7/31/2021 6:00,32,1,2,0.4,14,44.2333796,-123.1625399,85
7/31/2021 6:10,32,1,1,0,14,44.2333796,-123.1625399,96
7/31/2021 6:20,32,1,1,0.661548984,13.2,44.2333796,-123.1625399,91
7/31/2021 6:30,32,1,2,0.565685425,12.4,44.2333796,-123.1625399,85
7/31/2021 6:40,32,1,1,0.8,12.4,44.2333796,-123.1625399,73
7/31/2021 6:50,32,1,1,0.414039336,12.4,44.2333796,-123.1625399,76
7/31/2021 7:00,32,1,1,0.461880215,12.4,44.2333796,-123.1625399,78
7/31/2021 7:10,32,1,2,0,12.4,44.2333796,-123.1625399,73
7/31/2021 7:30,32,1,1,0,13.2,44.2333796,-123.1625399,85
7/31/2021 7:50,32,1,2,NA,12.4,44.2333796,-123.1625399,79
7/31/2021 8:50,32,2,1,1.222020185,13.2,44.23122,-123.1629,78
7/31/2021 9:00,32,1,1,NA,12.4,44.2333796,-123.1625399,81
7/31/2021 9:30,32,1,2,NA,11.6,44.2333796,-123.1625399,71
7/31/2021 9:40,32,1,2,NA,12.4,44.2333796,-123.1625399,80
7/31/2021 10:10,32,1,2,1.006644591,13.2,44.2333796,-123.1625399,75
7/31/2021 10:20,32,1,2,1.697056275,14.8,44.2333796,-123.1625399,80
7/31/2021 10:40,32,1,2,NA,14,44.2333796,-123.1625399,79
7/31/2021 11:00,32,1,1,0,13.2,44.2333796,-123.1625399,76
7/31/2021 11:20,32,1,2,NA,14,44.2333796,-123.1625399,77
7/31/2021 11:30,32,1,2,1.032795559,14.8,44.2333796,-123.1625399,81
7/31/2021 11:40,32,1,2,NA,13.2,44.2333796,-123.1625399,76
7/31/2021 11:50,32,1,1,0.565685425,12.4,44.2333796,-123.1625399,75
7/31/2021 12:00,32,1,1,0.641051767,14,44.2333796,-123.1625399,83
7/31/2021 12:10,32,1,1,1.222020185,13.2,44.2333796,-123.1625399,83
7/31/2021 12:20,32,1,2,0.876356092,13.2,44.2333796,-123.1625399,84
7/31/2021 12:30,32,1,1,0.565685425,14,44.2333796,-123.1625399,89
7/31/2021 12:40,32,1,1,0.772873426,14.8,44.2333796,-123.1625399,83
7/31/2021 12:50,32,1,1,0,13.2,44.2333796,-123.1625399,84
7/31/2021 13:00,32,1,1,NA,12.4,44.2333796,-123.1625399,57
7/31/2021 13:10,32,1,1,0.461880215,13.2,44.2333796,-123.1625399,77
7/31/2021 13:20,32,1,1,1.186591758,13.2,44.2333796,-123.1625399,92
7/31/2021 13:30,32,1,1,NA,14,44.2333796,-123.1625399,82
7/31/2021 13:40,32,1,1,1.13137085,13.2,44.2333796,-123.1625399,90
7/31/2021 13:50,32,1,1,0.715541753,14,44.2333796,-123.1625399,83
7/31/2021 14:00,32,1,1,0,13.2,44.2333796,-123.1625399,84
7/31/2021 14:10,32,1,1,NA,13.2,44.2333796,-123.1625399,87
7/31/2021 14:20,32,1,1,0.4,13.2,44.2333796,-123.1625399,83
7/31/2021 14:30,32,1,1,0.461880215,13.2,44.2333796,-123.1625399,90
7/31/2021 14:40,32,1,1,0.4,13.2,44.2333796,-123.1625399,79
7/31/2021 14:50,32,1,1,1.006644591,13.2,44.2333796,-123.1625399,89
7/31/2021 15:00,32,1,1,0.765941686,14,44.2333796,-123.1625399,87
7/31/2021 15:10,32,1,2,NA,13.2,44.2333796,-123.1625399,73
7/31/2021 15:20,32,1,1,NA,13.2,44.2333796,-123.1625399,79
7/31/2021 15:40,32,1,2,1.13137085,14.8,44.2333796,-123.1625399,82
7/31/2021 16:00,32,1,2,2.2627417,14,44.2333796,-123.1625399,85
7/31/2021 16:10,32,1,1,0.461880215,13.2,44.2333796,-123.1625399,84
7/31/2021 16:30,32,1,2,NA,13.2,44.2333796,-123.1625399,80
7/31/2021 16:50,32,1,1,0.458984386,13.2,44.2333796,-123.1625399,90
7/31/2021 17:00,32,1,1,0.461880215,13.2,44.2333796,-123.1625399,85
7/31/2021 17:10,32,1,1,0.461880215,13.2,44.2333796,-123.1625399,83
7/31/2021 17:20,32,1,1,0.923760431,14,44.2333796,-123.1625399,82
7/31/2021 17:30,32,1,2,0.669328021,14,44.2333796,-123.1625399,81
7/31/2021 17:40,32,1,1,0.390360029,13.2,44.2333796,-123.1625399,87
7/31/2021 17:50,32,1,1,0.461880215,14,44.2333796,-123.1625399,86
7/31/2021 18:00,32,1,1,0.4,13.2,44.2333796,-123.1625399,84
7/31/2021 18:10,32,1,1,0.891712686,13.2,44.2333796,-123.1625399,86
7/31/2021 18:20,32,1,1,0.45411697,13.2,44.2333796,-123.1625399,85
7/31/2021 18:30,32,1,1,0.8,14,44.2333796,-123.1625399,90
7/31/2021 18:40,32,1,1,0.565685425,13.2,44.2333796,-123.1625399,79
7/31/2021 18:50,32,1,1,0,13.2,44.2333796,-123.1625399,81
7/31/2021 19:00,32,1,1,0.602218122,13.2,44.2333796,-123.1625399,84
7/31/2021 19:10,32,1,1,0.565685425,13.2,44.2333796,-123.1625399,89
7/31/2021 19:20,32,1,2,0.91214034,14,44.2333796,-123.1625399,80
7/31/2021 19:30,32,1,1,1.306394529,13.2,44.2333796,-123.1625399,93
7/31/2021 19:40,32,1,2,0.565685425,14,44.2333796,-123.1625399,81
7/31/2021 19:50,32,1,2,0.461880215,14,44.2333796,-123.1625399,86
7/31/2021 20:00,32,1,2,NA,14.8,44.2333796,-123.1625399,80
7/31/2021 20:10,32,1,1,0.565685425,14,44.2333796,-123.1625399,87
7/31/2021 20:20,32,1,2,1.073312629,14,44.2333796,-123.1625399,84
7/31/2021 20:30,32,1,1,1.13137085,12.4,44.2333796,-123.1625399,81
7/31/2021 20:40,32,1,1,0.653197265,13.2,44.2333796,-123.1625399,81
7/31/2021 20:50,32,1,1,0.760951785,14,44.2333796,-123.1625399,83
7/31/2021 21:00,32,2,1,0.70772139,14.8,44.23122,-123.1629,122
7/31/2021 21:10,32,3,1,0.534649233,12.4,44.23065,-123.16275,134
7/31/2021 21:20,32,4,1,0.367065174,12.4,44.2303277,-123.1622552,118
7/31/2021 21:30,32,4,1,0.411686976,12.4,44.2303277,-123.1622552,140
7/31/2021 21:40,32,4,1,0.311399578,11.6,44.2303277,-123.1622552,119
7/31/2021 21:50,32,4,1,1.156475636,12.4,44.2303277,-123.1622552,114
7/31/2021 22:00,32,4,1,0.311399578,11.6,44.2303277,-123.1622552,115
7/31/2021 22:10,32,4,1,0.394838493,11.6,44.2303277,-123.1622552,104
7/31/2021 22:20,32,4,1,0.311399578,12.4,44.2303277,-123.1622552,104
7/31/2021 22:30,32,4,1,0.311399578,12.4,44.2303277,-123.1622552,105
7/31/2021 22:40,32,4,1,0.323615934,11.6,44.2303277,-123.1622552,108
7/31/2021 22:50,32,4,1,0.361813613,12.4,44.2303277,-123.1622552,100
7/31/2021 23:10,32,3,1,0,10.8,44.23065,-123.16275,55
7/31/2021 23:20,32,4,1,0.302371578,10.8,44.2303277,-123.1622552,99
7/31/2021 23:30,32,4,1,0.230940108,10.8,44.2303277,-123.1622552,116
7/31/2021 23:40,32,4,1,0.431487912,10.8,44.2303277,-123.1622552,93
7/31/2021 23:50,32,4,1,0.352766841,10.8,44.2303277,-123.1622552,103
8/1/2021 0:00,32,4,1,0.230940108,10.8,44.2303277,-123.1622552,93
8/1/2021 0:10,32,4,1,0.311399578,10.8,44.2303277,-123.1622552,107
8/1/2021 0:20,32,4,1,0.311399578,10.8,44.2303277,-123.1622552,99
8/1/2021 0:30,32,4,1,0.366190167,10.8,44.2303277,-123.1622552,105
8/1/2021 0:40,32,4,1,0.414747888,10.8,44.2303277,-123.1622552,115
8/1/2021 0:50,32,4,1,0.405095747,11.6,44.2303277,-123.1622552,106
8/1/2021 1:00,32,4,1,0.361813613,10.8,44.2303277,-123.1622552,96
8/1/2021 1:10,32,4,1,0.393892771,10.8,44.2303277,-123.1622552,105
8/1/2021 1:20,32,4,1,0.475270821,10.8,44.2303277,-123.1622552,104
8/1/2021 1:30,32,4,1,0.479315752,10.8,44.2303277,-123.1622552,100
8/1/2021 1:40,32,4,1,0.293078039,10.8,44.2303277,-123.1622552,115
8/1/2021 1:50,32,4,1,0.326598632,10.8,44.2303277,-123.1622552,114
8/1/2021 2:00,32,4,1,0.290509216,11.6,44.2303277,-123.1622552,115
8/1/2021 2:10,32,4,1,0.470791909,11.6,44.2303277,-123.1622552,111
8/1/2021 2:20,32,4,1,0.361813613,10.8,44.2303277,-123.1622552,87
8/1/2021 2:30,32,4,1,0.27325202,11.6,44.2303277,-123.1622552,107
8/1/2021 2:40,32,4,1,0.503322296,10.8,44.2303277,-123.1622552,113
8/1/2021 2:50,32,4,1,0.4,10.8,44.2303277,-123.1622552,111
8/1/2021 3:00,32,4,1,0.393892771,11.6,44.2303277,-123.1622552,105
8/1/2021 3:10,32,4,1,0.584036729,10.8,44.2303277,-123.1622552,111
8/1/2021 3:20,32,4,1,0.405095747,10.8,44.2303277,-123.1622552,120
8/1/2021 3:30,32,4,1,0.521071158,11.6,44.2303277,-123.1622552,112
8/1/2021 3:40,32,4,1,0.252982213,10.8,44.2303277,-123.1622552,104
8/1/2021 3:50,32,4,1,0.230940108,10.8,44.2303277,-123.1622552,105
8/1/2021 4:00,32,4,1,0.341121146,10.8,44.2303277,-123.1622552,109
8/1/2021 4:10,32,4,1,0.300427046,10.8,44.2303277,-123.1622552,108
8/1/2021 4:20,32,4,1,0.300427046,10.8,44.2303277,-123.1622552,114
8/1/2021 4:30,32,4,1,0.581018431,10.8,44.2303277,-123.1622552,106
8/1/2021 4:40,32,4,1,0.361813613,11.6,44.2303277,-123.1622552,91
8/1/2021 4:50,32,4,1,0.27325202,10.8,44.2303277,-123.1622552,112
8/1/2021 5:00,32,4,1,0.393892771,11.6,44.2303277,-123.1622552,108
8/1/2021 5:10,32,4,1,0.366190167,10.8,44.2303277,-123.1622552,116
8/1/2021 5:20,32,4,1,0.361813613,10.8,44.2303277,-123.1622552,95
8/1/2021 5:30,32,2,2,0.524399145,13.2,44.23122,-123.1629,116
8/1/2021 5:40,32,2,1,0.709124208,12.4,44.23122,-123.1629,78
8/1/2021 7:20,32,1,2,NA,12.4,44.2333796,-123.1625399,50
8/1/2021 7:30,32,1,2,NA,12.4,44.2333796,-123.1625399,77
8/1/2021 7:40,32,1,1,NA,12.4,44.2333796,-123.1625399,73
8/1/2021 7:50,32,1,1,0.565685425,12.4,44.2333796,-123.1625399,74
8/1/2021 8:00,32,1,2,NA,13.2,44.2333796,-123.1625399,79
8/1/2021 8:50,32,1,2,NA,12.4,44.2333796,-123.1625399,71
8/1/2021 9:00,32,1,1,NA,13.2,44.2333796,-123.1625399,71
8/1/2021 9:30,32,1,1,0.8,13.2,44.2333796,-123.1625399,82
8/1/2021 9:40,32,1,1,0,14.8,44.2333796,-123.1625399,72
8/1/2021 9:50,32,1,2,NA,14,44.2333796,-123.1625399,81
8/1/2021 10:20,32,1,1,0.715541753,13.2,44.2333796,-123.1625399,82
8/1/2021 10:30,32,1,1,NA,13.2,44.2333796,-123.1625399,86
8/1/2021 10:50,32,1,2,NA,13.2,44.2333796,-123.1625399,81
8/1/2021 11:10,32,2,1,NA,12.4,44.23122,-123.1629,76
8/1/2021 11:20,32,1,1,NA,13.2,44.2333796,-123.1625399,79
8/1/2021 11:30,32,1,2,1.697056275,14,44.2333796,-123.1625399,80
8/1/2021 11:40,32,1,1,0.438178046,13.2,44.2333796,-123.1625399,88
8/1/2021 11:50,32,1,1,NA,13.2,44.2333796,-123.1625399,72
8/1/2021 12:10,32,1,2,0.461880215,14,44.2333796,-123.1625399,79
8/1/2021 12:20,32,1,2,NA,13.2,44.2333796,-123.1625399,74
8/1/2021 12:30,32,1,2,0.4,14,44.2333796,-123.1625399,82
8/1/2021 12:50,32,2,1,0,13.2,44.23122,-123.1629,75
8/1/2021 13:10,32,1,2,NA,13.2,44.2333796,-123.1625399,76
8/1/2021 13:20,32,1,2,NA,13.2,44.2333796,-123.1625399,74
8/1/2021 13:30,32,1,2,0,14,44.2333796,-123.1625399,80
8/1/2021 13:40,32,1,2,NA,14,44.2333796,-123.1625399,70
8/1/2021 13:50,32,1,1,0,13.2,44.2333796,-123.1625399,71
8/1/2021 14:00,32,1,2,0,14,44.2333796,-123.1625399,80
8/1/2021 14:20,32,1,1,0.715541753,14.8,44.2333796,-123.1625399,86
8/1/2021 14:30,32,1,1,0.653197265,14,44.2333796,-123.1625399,84
8/1/2021 14:40,32,1,1,0.63104851,14,44.2333796,-123.1625399,83
8/1/2021 14:50,32,1,1,0.461880215,14.8,44.2333796,-123.1625399,91
8/1/2021 15:00,32,1,1,0.565685425,13.2,44.2333796,-123.1625399,77
8/1/2021 15:10,32,1,2,0.565685425,14,44.2333796,-123.1625399,75
8/1/2021 15:40,32,1,2,NA,14,44.2333796,-123.1625399,79
8/1/2021 15:50,32,1,2,NA,14.8,44.2333796,-123.1625399,87
8/1/2021 16:00,32,1,2,0.765941686,15.6,44.2333796,-123.1625399,81
8/1/2021 16:10,32,1,2,1.13137085,15.6,44.2333796,-123.1625399,77
8/1/2021 16:30,32,1,1,0.550989785,14,44.2333796,-123.1625399,90
8/1/2021 16:40,32,1,2,0.524086507,13.2,44.2333796,-123.1625399,104
8/1/2021 16:50,32,1,2,NA,14.8,44.2333796,-123.1625399,85
8/1/2021 17:00,32,2,1,NA,14.8,44.23122,-123.1629,69
8/1/2021 17:10,32,1,1,0.565685425,13.2,44.2333796,-123.1625399,85
8/1/2021 17:40,32,1,1,NA,13.2,44.2333796,-123.1625399,75
8/1/2021 17:50,32,1,2,NA,12.4,44.2333796,-123.1625399,74
8/1/2021 18:00,32,2,1,0,14.8,44.23122,-123.1629,80
8/1/2021 18:40,32,1,2,NA,13.2,44.2333796,-123.1625399,61
8/1/2021 18:50,32,1,2,1.1027239,14,44.2333796,-123.1625399,83
8/1/2021 19:00,32,1,2,1.032795559,14.8,44.2333796,-123.1625399,75
8/1/2021 19:10,32,1,2,0,14.8,44.2333796,-123.1625399,88
8/1/2021 19:20,32,2,1,0.461880215,14.8,44.23122,-123.1629,78
8/1/2021 19:30,32,1,2,0.8,14.8,44.2333796,-123.1625399,86
8/1/2021 19:40,32,1,2,0.923760431,14.8,44.2333796,-123.1625399,76
8/1/2021 19:50,32,1,1,0.565685425,15.6,44.2333796,-123.1625399,74
8/1/2021 20:00,32,1,2,0.565685425,15.6,44.2333796,-123.1625399,81
8/1/2021 20:10,32,1,2,NA,17.2,44.2333796,-123.1625399,73
8/1/2021 20:20,32,1,2,NA,16.4,44.2333796,-123.1625399,74
8/1/2021 20:30,32,1,1,NA,15.6,44.2333796,-123.1625399,85
8/1/2021 20:50,32,1,1,1.006644591,16.4,44.2333796,-123.1625399,86
8/1/2021 21:00,32,2,2,0.594578682,13.2,44.23122,-123.1629,103
8/1/2021 21:10,32,3,1,0.560272043,13.2,44.23065,-123.16275,96
8/1/2021 21:20,32,4,1,0.366190167,12.4,44.2303277,-123.1622552,140
8/1/2021 21:30,32,4,1,0.311399578,11.6,44.2303277,-123.1622552,114
8/1/2021 21:40,32,4,1,0,11.6,44.2303277,-123.1622552,68
8/1/2021 21:50,32,4,1,0,11.6,44.2303277,-123.1622552,107
8/1/2021 22:00,32,4,1,0.361813613,13.2,44.2303277,-123.1622552,112
8/1/2021 22:10,32,4,1,0,11.6,44.2303277,-123.1622552,103
8/1/2021 22:20,32,4,1,0,11.6,44.2303277,-123.1622552,99
8/1/2021 22:40,32,4,1,0.414039336,11.6,44.2303277,-123.1622552,104
8/1/2021 22:50,32,4,1,0.311399578,11.6,44.2303277,-123.1622552,97
8/1/2021 23:00,32,4,1,0.323615934,10.8,44.2303277,-123.1622552,117
8/1/2021 23:10,32,4,1,0.534846339,11.6,44.2303277,-123.1622552,101
8/1/2021 23:20,32,4,1,0.311399578,10.8,44.2303277,-123.1622552,109
8/1/2021 23:40,32,4,1,0.282842712,11.6,44.2303277,-123.1622552,106
8/2/2021 1:30,32,3,1,NA,11.6,44.23065,-123.16275,51
8/2/2021 2:10,32,3,1,0.565685425,10.8,44.23065,-123.16275,54
8/2/2021 2:20,32,3,1,0,11.6,44.23065,-123.16275,57
8/2/2021 2:50,32,3,1,NA,10.8,44.23065,-123.16275,55
8/2/2021 4:20,32,3,1,NA,12.4,44.23065,-123.16275,60
8/2/2021 5:20,32,2,1,0,13.2,44.23122,-123.1629,106
8/2/2021 5:30,32,1,1,0.565685425,14,44.2333796,-123.1625399,75
8/2/2021 5:40,32,1,1,0.993694405,14.8,44.2333796,-123.1625399,89
8/2/2021 5:50,32,1,1,0.705533683,13.2,44.2333796,-123.1625399,83
8/2/2021 6:00,32,1,1,0.628996314,14,44.2333796,-123.1625399,85
8/2/2021 6:10,32,1,1,0,13.2,44.2333796,-123.1625399,78
8/2/2021 6:20,32,1,1,0.8,14,44.2333796,-123.1625399,75
8/2/2021 6:30,32,1,1,0.923760431,14.8,44.2333796,-123.1625399,74
8/2/2021 6:40,32,1,1,0.669328021,13.2,44.2333796,-123.1625399,77
8/2/2021 6:50,32,1,1,0.565685425,14,44.2333796,-123.1625399,83
8/2/2021 7:00,32,1,1,0.538830846,13.2,44.2333796,-123.1625399,80
8/2/2021 7:10,32,1,1,0.593908472,13.2,44.2333796,-123.1625399,79
8/2/2021 7:20,32,1,1,0.430303719,13.2,44.2333796,-123.1625399,84
8/2/2021 7:30,32,1,1,0.534846339,14,44.2333796,-123.1625399,77
8/2/2021 7:40,32,1,2,1.697056275,14.8,44.2333796,-123.1625399,80
8/2/2021 8:00,32,1,1,0.548795472,13.2,44.2333796,-123.1625399,83
8/2/2021 8:10,32,1,1,0.855235974,13.2,44.2333796,-123.1625399,80
8/2/2021 8:20,32,1,1,0.266666667,14,44.2333796,-123.1625399,83
8/2/2021 8:30,32,1,1,0.653197265,12.4,44.2333796,-123.1625399,78
8/2/2021 8:40,32,1,1,1.366260102,16.4,44.2333796,-123.1625399,78
8/2/2021 8:50,32,1,1,0.8,13.2,44.2333796,-123.1625399,82
8/2/2021 9:00,32,1,2,0.461880215,13.2,44.2333796,-123.1625399,86
8/2/2021 9:20,32,1,1,0.565685425,13.2,44.2333796,-123.1625399,82
8/2/2021 9:30,32,1,1,1.338656042,14.8,44.2333796,-123.1625399,81
8/2/2021 9:40,32,1,2,0.461880215,14,44.2333796,-123.1625399,80
8/2/2021 9:50,32,1,1,0.923760431,13.2,44.2333796,-123.1625399,83
8/2/2021 10:00,32,1,1,0.4,13.2,44.2333796,-123.1625399,83
8/2/2021 10:10,32,1,2,1.006644591,15.6,44.2333796,-123.1625399,84
8/2/2021 10:20,32,1,1,0.565685425,14,44.2333796,-123.1625399,79
8/2/2021 10:30,32,1,1,NA,14,44.2333796,-123.1625399,95
8/2/2021 10:40,32,1,2,NA,14,44.2333796,-123.1625399,83
8/2/2021 10:50,32,1,1,1.032795559,15.6,44.2333796,-123.1625399,88
8/2/2021 11:00,32,1,2,0.565685425,14,44.2333796,-123.1625399,79
8/2/2021 11:10,32,1,1,1.032795559,14.8,44.2333796,-123.1625399,80
8/2/2021 11:20,32,1,1,0.461880215,14,44.2333796,-123.1625399,89
8/2/2021 11:30,32,1,1,1.011928851,14.8,44.2333796,-123.1625399,87
8/2/2021 11:40,32,1,2,NA,14,44.2333796,-123.1625399,73
8/2/2021 11:50,32,1,1,0.669328021,14,44.2333796,-123.1625399,90
8/2/2021 12:00,32,1,1,0.653197265,14,44.2333796,-123.1625399,78
8/2/2021 12:10,32,1,1,0,14,44.2333796,-123.1625399,73
8/2/2021 12:20,32,1,1,0.466386471,14,44.2333796,-123.1625399,84
8/2/2021 12:30,32,1,1,0,14.8,44.2333796,-123.1625399,75
8/2/2021 12:50,32,1,1,0.461880215,14.8,44.2333796,-123.1625399,76
8/2/2021 13:10,32,1,1,NA,15.6,44.2333796,-123.1625399,85
8/2/2021 13:20,32,1,1,0.765941686,14.8,44.2333796,-123.1625399,83
8/2/2021 13:30,32,1,1,1.222020185,14.8,44.2333796,-123.1625399,77
8/2/2021 13:40,32,1,1,0.923760431,13.2,44.2333796,-123.1625399,90
8/2/2021 14:30,32,1,1,NA,14.8,44.2333796,-123.1625399,78
8/2/2021 14:50,32,1,1,0.765941686,14,44.2333796,-123.1625399,81
8/2/2021 15:00,32,1,1,NA,14.8,44.2333796,-123.1625399,79
8/2/2021 15:10,32,1,1,0,14.8,44.2333796,-123.1625399,80
8/2/2021 15:20,32,1,1,0.357770876,14.8,44.2333796,-123.1625399,87
8/2/2021 15:40,32,1,1,0.438178046,14.8,44.2333796,-123.1625399,92
8/2/2021 15:50,32,1,1,0.357770876,14.8,44.2333796,-123.1625399,89
8/2/2021 16:00,32,1,1,NA,14.8,44.2333796,-123.1625399,77
8/2/2021 16:50,32,1,1,NA,13.2,44.2333796,-123.1625399,76
8/2/2021 17:20,32,1,1,1.13137085,15.6,44.2333796,-123.1625399,73
8/2/2021 18:10,32,1,1,NA,15.6,44.2333796,-123.1625399,80
8/2/2021 18:20,32,1,1,NA,15.6,44.2333796,-123.1625399,86
8/2/2021 18:40,32,1,1,NA,14.8,44.2333796,-123.1625399,73
8/2/2021 19:00,32,1,1,NA,14.8,44.2333796,-123.1625399,84
8/2/2021 20:00,32,1,1,NA,14.8,44.2333796,-123.1625399,83
8/2/2021 20:30,32,1,1,NA,13.2,44.2333796,-123.1625399,104
8/2/2021 20:40,32,1,1,NA,14.8,44.2333796,-123.1625399,87
8/2/2021 20:50,32,1,1,1.45327217,16.4,44.2333796,-123.1625399,90
8/2/2021 21:00,32,1,1,0.765941686,14.8,44.2333796,-123.1625399,81
8/2/2021 21:10,32,2,1,0.384307569,13.2,44.23122,-123.1629,102
8/2/2021 21:20,32,3,1,0.534846339,13.2,44.23065,-123.16275,108
8/2/2021 21:30,32,3,1,0.59029183,12.4,44.23065,-123.16275,84
8/2/2021 21:40,32,3,1,0.653197265,12.4,44.23065,-123.16275,81
8/2/2021 22:10,32,3,1,0.357770876,13.2,44.23065,-123.16275,79
8/3/2021 2:00,32,4,1,0.565685425,10.8,44.2303277,-123.1622552,113
8/3/2021 2:10,32,4,1,0.302371578,11.6,44.2303277,-123.1622552,111
8/3/2021 2:20,32,4,1,0.386436713,11.6,44.2303277,-123.1622552,110
8/3/2021 2:30,32,4,1,0.311399578,11.6,44.2303277,-123.1622552,108
8/3/2021 2:40,32,4,1,0.311399578,11.6,44.2303277,-123.1622552,103
8/3/2021 2:50,32,4,1,0.361813613,10.8,44.2303277,-123.1622552,104
8/3/2021 3:00,32,4,1,0.230940108,10.8,44.2303277,-123.1622552,112
8/3/2021 3:10,32,4,1,0.311399578,10.8,44.2303277,-123.1622552,111
8/3/2021 3:20,32,4,1,0,10.8,44.2303277,-123.1622552,105
8/3/2021 3:30,32,4,1,0.373679493,11.6,44.2303277,-123.1622552,113
8/3/2021 3:40,32,4,1,NA,10.8,44.2303277,-123.1622552,77
8/3/2021 3:50,32,4,1,0.230940108,10.8,44.2303277,-123.1622552,117
8/3/2021 4:00,32,4,1,0.241209076,10.8,44.2303277,-123.1622552,115
8/3/2021 4:10,32,4,1,0.361813613,10.8,44.2303277,-123.1622552,97
8/3/2021 4:20,32,4,1,0,10.8,44.2303277,-123.1622552,114
8/3/2021 4:30,32,4,1,0,10.8,44.2303277,-123.1622552,102
8/3/2021 4:40,32,4,1,0.413118224,10.8,44.2303277,-123.1622552,104
8/3/2021 4:50,32,4,1,0.361813613,11.6,44.2303277,-123.1622552,99
8/3/2021 5:00,32,4,1,0.361813613,10.8,44.2303277,-123.1622552,105
8/3/2021 5:10,32,4,1,0,10.8,44.2303277,-123.1622552,118
8/3/2021 5:20,32,2,1,0.483844255,13.2,44.23122,-123.1629,120
8/3/2021 6:10,32,2,1,NA,14,44.23122,-123.1629,72
8/3/2021 7:00,32,1,1,1.13137085,13.2,44.2333796,-123.1625399,84
8/3/2021 7:10,32,1,1,0.413118224,13.2,44.2333796,-123.1625399,75
8/3/2021 7:20,32,2,1,NA,13.2,44.23122,-123.1629,71
8/3/2021 7:40,32,1,1,0.8,14,44.2333796,-123.1625399,88
8/3/2021 8:10,32,1,1,0.552052447,13.2,44.2333796,-123.1625399,82
8/3/2021 8:30,32,1,1,NA,12.4,44.2333796,-123.1625399,71
8/3/2021 8:40,32,2,1,NA,14,44.23122,-123.1629,77
8/3/2021 9:40,32,1,1,NA,13.2,44.2333796,-123.1625399,73
8/3/2021 10:00,32,1,1,NA,14,44.2333796,-123.1625399,78
8/3/2021 10:10,32,1,1,0.4,14.8,44.2333796,-123.1625399,83
8/3/2021 10:30,32,2,1,NA,15.6,44.23122,-123.1629,78
8/3/2021 11:50,32,1,1,NA,14.8,44.2333796,-123.1625399,92
8/3/2021 12:00,32,1,1,NA,12.4,44.2333796,-123.1625399,77
8/3/2021 12:10,32,2,1,NA,13.2,44.23122,-123.1629,77
8/3/2021 13:20,32,2,1,0.643798253,13.2,44.23122,-123.1629,77
8/3/2021 13:30,32,2,1,0.57419245,14.8,44.23122,-123.1629,77
8/3/2021 14:20,32,1,1,0.461880215,14,44.2333796,-123.1625399,79
8/3/2021 15:10,32,1,1,NA,14,44.2333796,-123.1625399,75
8/3/2021 16:10,32,1,1,0.923760431,14.8,44.2333796,-123.1625399,85
8/3/2021 16:20,32,1,1,0.512410092,14.8,44.2333796,-123.1625399,80
8/3/2021 16:30,32,2,1,0.647231868,14,44.23122,-123.1629,76
8/3/2021 16:50,32,1,1,NA,14.8,44.2333796,-123.1625399,83
8/3/2021 19:00,32,1,1,NA,14,44.2333796,-123.1625399,74
8/3/2021 19:20,32,2,1,0.431487912,14.8,44.23122,-123.1629,76
8/3/2021 20:10,32,2,1,NA,14,44.23122,-123.1629,70
8/3/2021 20:40,32,2,1,0.565685425,14,44.23122,-123.1629,91
8/3/2021 20:50,32,2,1,0.400864866,13.2,44.23122,-123.1629,117
8/3/2021 21:00,32,4,1,0.548795472,14,44.2303277,-123.1622552,99
8/3/2021 21:10,32,4,1,0.332940946,12.4,44.2303277,-123.1622552,126
8/3/2021 21:20,32,4,1,0.394838493,12.4,44.2303277,-123.1622552,145
8/3/2021 21:30,32,4,1,0.361813613,13.2,44.2303277,-123.1622552,137
8/3/2021 21:40,32,4,1,0,12.4,44.2303277,-123.1622552,138
8/3/2021 21:50,32,4,1,0.594578682,12.4,44.2303277,-123.1622552,150
8/3/2021 22:00,32,4,1,0.311399578,11.6,44.2303277,-123.1622552,144
8/3/2021 22:10,32,4,1,0.311399578,11.6,44.2303277,-123.1622552,145
8/3/2021 22:20,32,4,1,0.230940108,11.6,44.2303277,-123.1622552,121
8/3/2021 22:30,32,4,1,0.361813613,11.6,44.2303277,-123.1622552,125
8/3/2021 22:40,32,4,1,0.341121146,11.6,44.2303277,-123.1622552,125
8/3/2021 22:50,32,4,1,0,11.6,44.2303277,-123.1622552,130
8/3/2021 23:00,32,4,1,0.361813613,11.6,44.2303277,-123.1622552,124
8/3/2021 23:10,32,4,1,0.252982213,11.6,44.2303277,-123.1622552,112
8/3/2021 23:20,32,4,1,0.390360029,11.6,44.2303277,-123.1622552,121
8/3/2021 23:30,32,4,1,0.361813613,11.6,44.2303277,-123.1622552,105
8/3/2021 23:40,32,4,1,0.393892771,11.6,44.2303277,-123.1622552,107
8/3/2021 23:50,32,4,1,0.431487912,11.6,44.2303277,-123.1622552,112
8/4/2021 0:00,32,4,1,0.230940108,11.6,44.2303277,-123.1622552,116
8/4/2021 0:10,32,4,1,0.230940108,12.4,44.2303277,-123.1622552,115
8/4/2021 0:20,32,4,1,0.311399578,12.4,44.2303277,-123.1622552,118
8/4/2021 0:30,32,4,1,0.311399578,11.6,44.2303277,-123.1622552,110
8/4/2021 0:40,32,4,1,0.393892771,11.6,44.2303277,-123.1622552,120
8/4/2021 0:50,32,4,1,0,11.6,44.2303277,-123.1622552,120
8/4/2021 1:00,32,4,1,0.230940108,11.6,44.2303277,-123.1622552,117
8/4/2021 1:10,32,4,1,0.373679493,12.4,44.2303277,-123.1622552,119
8/4/2021 1:20,32,4,1,0.533333333,12.4,44.2303277,-123.1622552,108
8/4/2021 1:30,32,4,1,0.373679493,11.6,44.2303277,-123.1622552,122
8/4/2021 1:40,32,4,1,0.37032804,12.4,44.2303277,-123.1622552,114
8/4/2021 1:50,32,4,1,0.230940108,11.6,44.2303277,-123.1622552,112
8/4/2021 2:00,32,4,1,0.4,12.4,44.2303277,-123.1622552,116
8/4/2021 2:10,32,4,1,0.361813613,11.6,44.2303277,-123.1622552,120
8/4/2021 2:20,32,4,1,0.341121146,11.6,44.2303277,-123.1622552,113
8/4/2021 2:30,32,4,1,0.41194292,11.6,44.2303277,-123.1622552,120
8/4/2021 2:40,32,4,1,0.53935989,12.4,44.2303277,-123.1622552,111
8/4/2021 2:50,32,4,1,0.230940108,11.6,44.2303277,-123.1622552,113
8/4/2021 3:00,32,4,1,0.41194292,11.6,44.2303277,-123.1622552,120
8/4/2021 3:10,32,4,1,0.337309617,11.6,44.2303277,-123.1622552,104
8/4/2021 3:20,32,4,1,0.311399578,11.6,44.2303277,-123.1622552,111
8/4/2021 3:30,32,4,1,0.311399578,11.6,44.2303277,-123.1622552,117
8/4/2021 3:40,32,4,1,0.311399578,11.6,44.2303277,-123.1622552,117
8/4/2021 3:50,32,4,1,0.230940108,11.6,44.2303277,-123.1622552,116
8/4/2021 4:00,32,4,1,0.341121146,11.6,44.2303277,-123.1622552,111
8/4/2021 4:10,32,4,1,0.534846339,11.6,44.2303277,-123.1622552,120
8/4/2021 4:20,32,4,1,0.357770876,11.6,44.2303277,-123.1622552,118
8/4/2021 4:30,32,4,1,0.361813613,11.6,44.2303277,-123.1622552,121
8/4/2021 4:40,32,4,1,0,11.6,44.2303277,-123.1622552,119
8/4/2021 4:50,32,4,1,0.311399578,11.6,44.2303277,-123.1622552,118
8/4/2021 5:00,32,4,1,0.230940108,12.4,44.2303277,-123.1622552,114
8/4/2021 5:10,32,4,1,0.311399578,11.6,44.2303277,-123.1622552,115
8/4/2021 5:20,32,3,1,0.884115422,13.2,44.23065,-123.16275,124
8/4/2021 5:30,32,2,1,0.57419245,14,44.23122,-123.1629,102
8/4/2021 6:30,32,2,1,0.357770876,13.2,44.23122,-123.1629,76
8/4/2021 7:10,32,2,1,0.413118224,13.2,44.23122,-123.1629,78
8/4/2021 7:20,32,2,1,1.697056275,14,44.23122,-123.1629,70
8/4/2021 8:10,32,2,1,0.565685425,14,44.23122,-123.1629,71
8/4/2021 9:00,32,2,1,NA,13.2,44.23122,-123.1629,78
8/4/2021 9:10,32,1,1,0.565685425,13.2,44.2333796,-123.1625399,82
8/4/2021 9:20,32,1,1,0.923760431,10.8,44.2333796,-123.1625399,84
8/4/2021 9:30,32,1,1,0.461880215,13.2,44.2333796,-123.1625399,83
8/4/2021 9:40,32,1,1,0.653197265,14,44.2333796,-123.1625399,84
8/4/2021 10:00,32,1,1,0,13.2,44.2333796,-123.1625399,84
8/4/2021 10:10,32,1,1,1.697056275,14.8,44.2333796,-123.1625399,75
8/4/2021 10:20,32,2,1,0.461880215,13.2,44.23122,-123.1629,74
8/4/2021 10:30,32,1,1,0.780720058,13.2,44.2333796,-123.1625399,82
8/4/2021 10:40,32,1,1,0.461880215,13.2,44.2333796,-123.1625399,82
8/4/2021 10:50,32,1,1,1.697056275,15.6,44.2333796,-123.1625399,78
8/4/2021 12:30,32,1,1,NA,14.8,44.2333796,-123.1625399,81
8/4/2021 12:50,32,1,1,NA,14.8,44.2333796,-123.1625399,81
8/4/2021 13:00,32,1,1,0.539958846,14.8,44.2333796,-123.1625399,84
8/4/2021 13:10,32,1,1,0.461880215,15.6,44.2333796,-123.1625399,87
8/4/2021 13:20,32,1,1,NA,16.4,44.2333796,-123.1625399,71
8/4/2021 14:20,32,1,1,NA,14,44.2333796,-123.1625399,75
8/4/2021 14:30,32,1,1,NA,14.8,44.2333796,-123.1625399,85
8/4/2021 14:40,32,1,1,1.385640646,16.4,44.2333796,-123.1625399,81
8/4/2021 15:10,32,1,1,0.669328021,16.4,44.2333796,-123.1625399,88
8/4/2021 15:20,32,1,1,0.352766841,14.8,44.2333796,-123.1625399,78
8/4/2021 15:30,32,1,1,0,15.6,44.2333796,-123.1625399,79
8/4/2021 15:40,32,1,1,0.27325202,14.8,44.2333796,-123.1625399,86
8/4/2021 15:50,32,1,1,1.13137085,16.4,44.2333796,-123.1625399,81
8/4/2021 16:00,32,1,1,NA,14.8,44.2333796,-123.1625399,74
8/4/2021 16:10,32,1,1,0.669328021,15.6,44.2333796,-123.1625399,87
8/4/2021 16:20,32,2,1,0.935236156,14.8,44.23122,-123.1629,87
8/4/2021 16:40,32,1,1,0,14.8,44.2333796,-123.1625399,82
8/4/2021 18:10,32,2,1,NA,15.6,44.23122,-123.1629,72
8/4/2021 18:20,32,1,1,NA,14.8,44.2333796,-123.1625399,72
8/4/2021 18:30,32,1,1,0.461880215,14.8,44.2333796,-123.1625399,88
8/4/2021 18:40,32,1,1,0,14.8,44.2333796,-123.1625399,80
8/4/2021 18:50,32,1,1,0.302371578,14.8,44.2333796,-123.1625399,86
8/4/2021 19:00,32,1,1,0.595219047,14.8,44.2333796,-123.1625399,79
8/4/2021 19:10,32,2,1,0.4,15.6,44.23122,-123.1629,70
8/4/2021 19:20,32,1,1,NA,14.8,44.2333796,-123.1625399,78
8/4/2021 19:40,32,1,1,0.386436713,14.8,44.2333796,-123.1625399,89
8/4/2021 19:50,32,1,1,0.357770876,14.8,44.2333796,-123.1625399,79
8/4/2021 20:00,32,1,1,0.578997492,14.8,44.2333796,-123.1625399,90
8/4/2021 20:10,32,1,1,0.413118224,14.8,44.2333796,-123.1625399,87
8/4/2021 20:20,32,1,1,0.282842712,14.8,44.2333796,-123.1625399,84
8/4/2021 20:30,32,1,1,0.357770876,15.6,44.2333796,-123.1625399,87
8/4/2021 20:40,32,1,1,NA,14.8,44.2333796,-123.1625399,75
8/4/2021 20:50,32,2,1,1.64924225,14,44.23122,-123.1629,90
8/4/2021 21:00,32,2,2,0.685994341,14.8,44.23122,-123.1629,92
8/4/2021 21:10,32,3,1,0.241209076,13.2,44.23065,-123.16275,104
8/4/2021 21:20,32,3,1,0.91214034,13.2,44.23065,-123.16275,88
8/4/2021 21:30,32,4,1,0.505964426,12.4,44.2303277,-123.1622552,89
8/4/2021 23:50,32,4,1,NA,11.6,44.2303277,-123.1622552,108
8/5/2021 0:30,32,4,1,0.565685425,11.6,44.2303277,-123.1622552,103
8/5/2021 1:50,32,4,1,NA,11.6,44.2303277,-123.1622552,106
8/5/2021 2:40,32,4,1,NA,11.6,44.2303277,-123.1622552,92
8/5/2021 3:30,32,4,1,0,11.6,44.2303277,-123.1622552,112
8/5/2021 4:10,32,4,1,0,10.8,44.2303277,-123.1622552,110
8/5/2021 4:40,32,4,1,NA,10.8,44.2303277,-123.1622552,112
8/5/2021 4:50,32,4,1,NA,11.6,44.2303277,-123.1622552,111
8/5/2021 5:00,32,4,1,NA,10.8,44.2303277,-123.1622552,95
8/5/2021 5:20,32,3,1,0.302371578,11.6,44.23065,-123.16275,85
8/5/2021 5:30,32,2,1,0.666807003,14.8,44.23122,-123.1629,109
8/5/2021 6:20,32,1,1,0,13.2,44.2333796,-123.1625399,74
8/5/2021 6:40,32,2,1,0.786553664,13.2,44.23122,-123.1629,78
8/5/2021 6:50,32,1,1,NA,13.2,44.2333796,-123.1625399,73
8/5/2021 7:00,32,2,1,0.923760431,14.8,44.23122,-123.1629,77
8/5/2021 7:10,32,2,1,0,14,44.23122,-123.1629,72
8/5/2021 7:40,32,2,1,0.461880215,13.2,44.23122,-123.1629,79
8/5/2021 7:50,32,2,1,NA,14,44.23122,-123.1629,77
8/5/2021 8:00,32,2,1,NA,13.2,44.23122,-123.1629,70
8/5/2021 8:20,32,2,1,NA,12.4,44.23122,-123.1629,62
8/5/2021 8:30,32,1,1,NA,14.8,44.2333796,-123.1625399,76
8/5/2021 8:40,32,2,1,0.4,13.2,44.23122,-123.1629,81
8/5/2021 9:00,32,2,1,NA,13.2,44.23122,-123.1629,80
8/5/2021 9:50,32,2,1,0.565685425,13.2,44.23122,-123.1629,79
8/5/2021 10:10,32,1,1,0,13.2,44.2333796,-123.1625399,80
8/5/2021 11:30,32,2,1,0.935236156,14.8,44.23122,-123.1629,75
8/5/2021 11:40,32,1,1,0.461880215,13.2,44.2333796,-123.1625399,77
8/5/2021 11:50,32,1,1,NA,13.2,44.2333796,-123.1625399,72
8/5/2021 12:00,32,1,1,NA,13.2,44.2333796,-123.1625399,73
8/5/2021 12:10,32,2,1,NA,13.2,44.23122,-123.1629,74
8/5/2021 12:30,32,1,1,0.461880215,14,44.2333796,-123.1625399,81
8/5/2021 12:40,32,1,1,NA,13.2,44.2333796,-123.1625399,86
8/5/2021 12:50,32,1,1,0.461880215,12.4,44.2333796,-123.1625399,75
8/5/2021 13:00,32,1,1,NA,13.2,44.2333796,-123.1625399,75
8/5/2021 13:20,32,1,1,1.13137085,14.8,44.2333796,-123.1625399,77
8/5/2021 13:30,32,1,1,0.796963936,13.2,44.2333796,-123.1625399,82
8/5/2021 13:40,32,1,1,0,13.2,44.2333796,-123.1625399,82
8/5/2021 13:50,32,1,1,0.45254834,13.2,44.2333796,-123.1625399,83
8/5/2021 14:20,32,1,1,NA,13.2,44.2333796,-123.1625399,77
8/5/2021 14:30,32,1,1,NA,12.4,44.2333796,-123.1625399,72
8/5/2021 14:40,32,1,1,NA,13.2,44.2333796,-123.1625399,83
8/5/2021 15:10,32,1,1,0.772873426,14,44.2333796,-123.1625399,85
8/5/2021 15:20,32,1,1,0.7023394,15.6,44.2333796,-123.1625399,90
8/5/2021 15:30,32,1,1,0.581623344,14.8,44.2333796,-123.1625399,78
8/5/2021 15:40,32,1,1,0.692820323,14,44.2333796,-123.1625399,88
8/5/2021 15:50,32,1,1,0.604743157,14,44.2333796,-123.1625399,81
8/5/2021 16:00,32,1,1,0.520354908,14,44.2333796,-123.1625399,87
8/5/2021 16:10,32,1,1,1.446481141,14.8,44.2333796,-123.1625399,91
8/5/2021 16:20,32,1,1,0.692820323,14.8,44.2333796,-123.1625399,94
8/5/2021 16:30,32,1,1,0.619677335,15.6,44.2333796,-123.1625399,86
8/5/2021 16:40,32,1,1,0.451903224,15.6,44.2333796,-123.1625399,93
8/5/2021 16:50,32,1,1,0.377123617,15.6,44.2333796,-123.1625399,87
8/5/2021 17:00,32,1,1,0.876356092,14.8,44.2333796,-123.1625399,82
8/5/2021 17:10,32,1,1,0.629436634,14.8,44.2333796,-123.1625399,86
8/5/2021 17:20,32,1,1,0.37032804,14.8,44.2333796,-123.1625399,79
8/5/2021 17:30,32,1,1,0.565685425,14.8,44.2333796,-123.1625399,88
8/5/2021 17:40,32,1,1,0,14.8,44.2333796,-123.1625399,78
8/5/2021 17:50,32,1,1,NA,15.6,44.2333796,-123.1625399,81
8/5/2021 18:00,32,1,1,0,14,44.2333796,-123.1625399,85
8/5/2021 18:10,32,1,1,NA,14.8,44.2333796,-123.1625399,74
8/5/2021 18:30,32,1,1,0.565685425,14,44.2333796,-123.1625399,79
8/5/2021 19:00,32,1,1,NA,14,44.2333796,-123.1625399,67
8/5/2021 19:10,32,2,1,NA,13.2,44.23122,-123.1629,69
8/5/2021 19:30,32,1,1,NA,12.4,44.2333796,-123.1625399,89
8/5/2021 20:50,32,2,1,1.096256256,14,44.23122,-123.1629,87
8/5/2021 21:00,32,3,1,0.636657941,12.4,44.23065,-123.16275,89
8/5/2021 21:10,32,3,1,0.505964426,13.2,44.23065,-123.16275,107
8/5/2021 21:20,32,4,1,0.311399578,11.6,44.2303277,-123.1622552,145
8/5/2021 21:30,32,4,1,0.361813613,11.6,44.2303277,-123.1622552,136
8/5/2021 21:40,32,4,1,0.361813613,12.4,44.2303277,-123.1622552,160
8/5/2021 21:50,32,4,1,0.311399578,11.6,44.2303277,-123.1622552,128
8/5/2021 22:00,32,4,1,0.230940108,11.6,44.2303277,-123.1622552,126
8/5/2021 22:10,32,4,1,0.230940108,11.6,44.2303277,-123.1622552,120
8/5/2021 22:20,32,4,1,0.393892771,12.4,44.2303277,-123.1622552,111
8/5/2021 22:30,32,4,1,0.230940108,11.6,44.2303277,-123.1622552,115
8/5/2021 22:40,32,4,1,0.386436713,11.6,44.2303277,-123.1622552,116
8/5/2021 22:50,32,4,1,0.230940108,11.6,44.2303277,-123.1622552,125
8/5/2021 23:00,32,4,1,0,11.6,44.2303277,-123.1622552,111
8/5/2021 23:10,32,4,1,0.311399578,11.6,44.2303277,-123.1622552,119
8/5/2021 23:20,32,4,1,0.311399578,11.6,44.2303277,-123.1622552,116
8/5/2021 23:30,32,4,1,0.311399578,11.6,44.2303277,-123.1622552,118
8/5/2021 23:40,32,4,1,0.311399578,11.6,44.2303277,-123.1622552,116
8/5/2021 23:50,32,4,1,0.230940108,11.6,44.2303277,-123.1622552,117
8/6/2021 0:00,32,4,1,0.311399578,11.6,44.2303277,-123.1622552,117
8/6/2021 0:10,32,4,1,0.361813613,11.6,44.2303277,-123.1622552,108
8/6/2021 0:20,32,4,1,0.311399578,12.4,44.2303277,-123.1622552,106
8/6/2021 0:30,32,4,1,0.41194292,10.8,44.2303277,-123.1622552,110
8/6/2021 0:40,32,4,1,0.311399578,11.6,44.2303277,-123.1622552,94
8/6/2021 0:50,32,4,1,0.230940108,11.6,44.2303277,-123.1622552,109
8/6/2021 1:00,32,4,1,0.796963936,11.6,44.2303277,-123.1622552,89
8/6/2021 1:10,32,4,1,0.311399578,11.6,44.2303277,-123.1622552,112
8/6/2021 1:20,32,4,1,0.341121146,11.6,44.2303277,-123.1622552,99
8/6/2021 1:30,32,4,1,NA,11.6,44.2303277,-123.1622552,99
8/6/2021 2:00,32,4,1,0.357770876,11.6,44.2303277,-123.1622552,103
8/6/2021 2:10,32,4,1,0.352766841,11.6,44.2303277,-123.1622552,101
8/6/2021 2:20,32,4,1,0.241209076,11.6,44.2303277,-123.1622552,102
8/6/2021 2:30,32,4,1,0.311399578,12.4,44.2303277,-123.1622552,103
8/6/2021 2:40,32,4,1,0.361813613,11.6,44.2303277,-123.1622552,108
8/6/2021 2:50,32,4,1,0.311399578,12.4,44.2303277,-123.1622552,103
8/6/2021 3:00,32,4,1,0.357770876,11.6,44.2303277,-123.1622552,88
8/6/2021 3:10,32,4,1,0,11.6,44.2303277,-123.1622552,86
8/6/2021 3:20,32,4,1,0.357770876,12.4,44.2303277,-123.1622552,107
8/6/2021 3:30,32,4,1,0.438178046,12.4,44.2303277,-123.1622552,107
8/6/2021 3:40,32,4,1,NA,11.6,44.2303277,-123.1622552,91
8/6/2021 4:00,32,4,1,0,11.6,44.2303277,-123.1622552,106
8/6/2021 4:30,32,4,1,NA,11.6,44.2303277,-123.1622552,108
8/6/2021 4:50,32,4,1,NA,12.4,44.2303277,-123.1622552,89
8/6/2021 5:10,32,4,1,NA,12.4,44.2303277,-123.1622552,108
8/6/2021 5:20,32,3,1,0.413118224,11.6,44.23065,-123.16275,107
8/6/2021 5:30,32,2,1,0.590839157,12.4,44.23122,-123.1629,103
8/6/2021 6:00,32,1,1,0.669328021,12.4,44.2333796,-123.1625399,81
8/6/2021 6:10,32,1,1,0.923760431,12.4,44.2333796,-123.1625399,81
8/6/2021 6:30,32,1,1,0,13.2,44.2333796,-123.1625399,81
8/6/2021 6:40,32,1,1,0.414039336,12.4,44.2333796,-123.1625399,82
8/6/2021 6:50,32,1,1,0.4,12.4,44.2333796,-123.1625399,79
8/6/2021 7:00,32,1,1,0.715541753,12.4,44.2333796,-123.1625399,79
8/6/2021 7:10,32,1,1,0.505964426,12.4,44.2333796,-123.1625399,79
8/6/2021 7:20,32,1,1,0.443760157,12.4,44.2333796,-123.1625399,86
8/6/2021 7:30,32,1,1,0.732900305,12.4,44.2333796,-123.1625399,81
8/6/2021 7:40,32,1,1,0.629436634,12.4,44.2333796,-123.1625399,89
8/6/2021 7:50,32,1,1,0.700476029,13.2,44.2333796,-123.1625399,87
8/6/2021 8:00,32,1,1,0.792824967,12.4,44.2333796,-123.1625399,80
8/6/2021 8:10,32,1,1,0.683880331,13.2,44.2333796,-123.1625399,84
8/6/2021 8:20,32,1,1,0.811035004,14.8,44.2333796,-123.1625399,82
8/6/2021 8:30,32,1,1,1.02934715,13.2,44.2333796,-123.1625399,82
8/6/2021 8:40,32,1,1,0.461880215,13.2,44.2333796,-123.1625399,81
8/6/2021 8:50,32,1,1,0.855235974,13.2,44.2333796,-123.1625399,85
8/6/2021 9:00,32,1,1,0.48507125,13.2,44.2333796,-123.1625399,87
8/6/2021 9:10,32,1,1,0.72026931,14,44.2333796,-123.1625399,87
8/6/2021 9:20,32,1,1,0.292118697,14,44.2333796,-123.1625399,90
8/6/2021 9:30,32,1,1,0.689853199,13.2,44.2333796,-123.1625399,91
8/6/2021 9:40,32,1,1,0.37032804,13.2,44.2333796,-123.1625399,77
8/6/2021 9:50,32,1,1,0.390360029,13.2,44.2333796,-123.1625399,84
8/6/2021 10:00,32,1,1,0.8,14.8,44.2333796,-123.1625399,88
8/6/2021 10:10,32,1,1,0.678491619,14.8,44.2333796,-123.1625399,84
8/6/2021 10:20,32,1,1,0.492582341,14,44.2333796,-123.1625399,82
8/6/2021 10:30,32,1,1,0.53935989,14.8,44.2333796,-123.1625399,84
8/6/2021 10:40,32,1,1,0.458569203,14.8,44.2333796,-123.1625399,85
8/6/2021 10:50,32,1,1,0.706972081,14,44.2333796,-123.1625399,84
8/6/2021 11:00,32,1,1,0.475270821,14,44.2333796,-123.1625399,84
8/6/2021 11:10,32,1,1,0.634560215,14.8,44.2333796,-123.1625399,88
8/6/2021 11:20,32,1,1,0.521071158,14.8,44.2333796,-123.1625399,84
8/6/2021 11:30,32,1,1,0.386436713,15.6,44.2333796,-123.1625399,83
8/6/2021 11:40,32,1,1,0.589430718,14.8,44.2333796,-123.1625399,83
8/6/2021 11:50,32,1,1,0.559434565,14,44.2333796,-123.1625399,85
8/6/2021 12:00,32,1,1,0.497265248,14.8,44.2333796,-123.1625399,85
8/6/2021 12:10,32,1,1,0.923760431,14,44.2333796,-123.1625399,85
8/6/2021 12:20,32,1,1,0.692820323,14,44.2333796,-123.1625399,81
8/6/2021 12:30,32,1,1,0.768615138,14,44.2333796,-123.1625399,87
8/6/2021 12:40,32,1,1,0.595219047,13.2,44.2333796,-123.1625399,80
8/6/2021 12:50,32,1,1,NA,13.2,44.2333796,-123.1625399,74
8/6/2021 13:00,32,1,1,0.828078671,14.8,44.2333796,-123.1625399,76
8/6/2021 13:10,32,1,1,0.728207192,13.2,44.2333796,-123.1625399,83
8/6/2021 13:20,32,1,1,0.742368582,13.2,44.2333796,-123.1625399,80
8/6/2021 13:30,32,1,1,NA,14,44.2333796,-123.1625399,85
8/6/2021 13:40,32,1,1,0.595219047,14.8,44.2333796,-123.1625399,82
8/6/2021 13:50,32,1,1,0.56051924,13.2,44.2333796,-123.1625399,93
8/6/2021 14:00,32,1,1,0.765941686,13.2,44.2333796,-123.1625399,86
8/6/2021 14:10,32,1,1,0.876356092,13.2,44.2333796,-123.1625399,77
8/6/2021 14:20,32,1,1,0.461880215,14,44.2333796,-123.1625399,76
8/6/2021 14:40,32,1,1,0.382970843,14.8,44.2333796,-123.1625399,85
8/6/2021 14:50,32,1,1,0,14,44.2333796,-123.1625399,78
8/6/2021 15:00,32,1,1,0.777460253,13.2,44.2333796,-123.1625399,90
8/6/2021 15:10,32,1,1,0,14,44.2333796,-123.1625399,84
8/6/2021 15:20,32,1,1,0.482418151,14.8,44.2333796,-123.1625399,82
8/6/2021 15:30,32,1,1,0,14,44.2333796,-123.1625399,83
8/6/2021 15:40,32,1,1,0.373679493,14.8,44.2333796,-123.1625399,90
8/6/2021 15:50,32,1,1,0.45378189,14,44.2333796,-123.1625399,85
8/6/2021 16:00,32,1,1,0.701646415,14,44.2333796,-123.1625399,78
8/6/2021 16:10,32,1,1,0.604743157,14,44.2333796,-123.1625399,86
8/6/2021 16:20,32,1,1,0.512695956,14.8,44.2333796,-123.1625399,88
8/6/2021 16:30,32,1,1,0.760951785,14.8,44.2333796,-123.1625399,87
8/6/2021 16:50,32,1,1,0.565685425,14.8,44.2333796,-123.1625399,86
8/6/2021 17:00,32,1,1,0.669328021,14.8,44.2333796,-123.1625399,81
8/6/2021 17:10,32,1,1,0.48074017,14,44.2333796,-123.1625399,81
8/6/2021 17:20,32,1,1,0.765941686,14,44.2333796,-123.1625399,83
8/6/2021 17:30,32,1,1,0,14,44.2333796,-123.1625399,83
8/6/2021 17:40,32,1,1,NA,14,44.2333796,-123.1625399,91
8/6/2021 17:50,32,1,1,0.602218122,14,44.2333796,-123.1625399,86
8/6/2021 18:00,32,1,1,NA,14.8,44.2333796,-123.1625399,72
8/6/2021 18:10,32,1,1,0.602218122,14,44.2333796,-123.1625399,83
8/6/2021 18:20,32,1,1,NA,14.8,44.2333796,-123.1625399,82
8/6/2021 18:30,32,1,1,NA,14,44.2333796,-123.1625399,59
8/6/2021 18:40,32,1,1,0.461880215,13.2,44.2333796,-123.1625399,85
8/6/2021 18:50,32,1,1,1.006644591,13.2,44.2333796,-123.1625399,75
8/6/2021 19:30,32,1,1,NA,13.2,44.2333796,-123.1625399,83
8/6/2021 19:40,32,1,1,0.565685425,14.8,44.2333796,-123.1625399,82
8/6/2021 19:50,32,1,1,1.043072385,14.8,44.2333796,-123.1625399,83
8/6/2021 20:00,32,1,1,1.222020185,15.6,44.2333796,-123.1625399,82
8/6/2021 20:10,32,1,1,0.565685425,14,44.2333796,-123.1625399,75
8/6/2021 20:20,32,1,1,0.653197265,14,44.2333796,-123.1625399,89
8/6/2021 20:30,32,1,1,0.8,14,44.2333796,-123.1625399,80
8/6/2021 20:40,32,1,1,0.828078671,14.8,44.2333796,-123.1625399,93
8/6/2021 20:50,32,1,1,1.171080088,15.6,44.2333796,-123.1625399,88
8/6/2021 21:00,32,1,1,0.629436634,14,44.2333796,-123.1625399,80
8/6/2021 21:20,32,2,1,0.830199235,13.2,44.23122,-123.1629,107
8/6/2021 21:30,32,3,1,0.373679493,13.2,44.23065,-123.16275,111
8/6/2021 21:40,32,3,1,NA,13.2,44.23065,-123.16275,86
8/6/2021 23:40,32,4,1,0,11.6,44.2303277,-123.1622552,105
8/7/2021 0:40,32,4,1,0,11.6,44.2303277,-123.1622552,90
8/7/2021 0:50,32,4,1,NA,11.6,44.2303277,-123.1622552,81
8/7/2021 1:00,32,4,1,0.765941686,11.6,44.2303277,-123.1622552,77
8/7/2021 1:30,32,4,1,0.230940108,10.8,44.2303277,-123.1622552,98
8/7/2021 1:40,32,4,1,0.565685425,10.8,44.2303277,-123.1622552,99
8/7/2021 2:10,32,4,1,NA,11.6,44.2303277,-123.1622552,93
8/7/2021 2:20,32,4,1,0,11.6,44.2303277,-123.1622552,90
8/7/2021 2:40,32,4,1,0,10.8,44.2303277,-123.1622552,94
8/7/2021 3:00,32,4,1,NA,10.8,44.2303277,-123.1622552,96
8/7/2021 3:20,32,4,1,0,10.8,44.2303277,-123.1622552,98
8/7/2021 3:30,32,4,1,NA,10.8,44.2303277,-123.1622552,103
8/7/2021 3:40,32,4,1,0.390360029,11.6,44.2303277,-123.1622552,101
8/7/2021 3:50,32,4,1,NA,10.8,44.2303277,-123.1622552,99
8/7/2021 4:10,32,4,1,NA,11.6,44.2303277,-123.1622552,108
8/7/2021 4:30,32,4,1,NA,10,44.2303277,-123.1622552,95
8/7/2021 5:00,32,4,1,NA,10.8,44.2303277,-123.1622552,95
8/7/2021 5:10,32,4,1,NA,10.8,44.2303277,-123.1622552,94
8/7/2021 5:20,32,3,1,0.389587803,14,44.23065,-123.16275,111
8/7/2021 5:30,32,2,1,0.604743157,13.2,44.23122,-123.1629,89
8/7/2021 5:40,32,2,1,0,13.2,44.23122,-123.1629,84
8/7/2021 5:50,32,1,1,0.890157824,13.2,44.2333796,-123.1625399,79
8/7/2021 6:00,32,1,1,1.13137085,14,44.2333796,-123.1625399,77
8/7/2021 6:10,32,1,1,0.4,13.2,44.2333796,-123.1625399,76
8/7/2021 6:20,32,1,1,NA,13.2,44.2333796,-123.1625399,79
8/7/2021 6:30,32,1,1,0.266666667,14,44.2333796,-123.1625399,89
8/7/2021 6:40,32,1,1,0.565685425,13.2,44.2333796,-123.1625399,83
8/7/2021 6:50,32,1,1,0.282842712,13.2,44.2333796,-123.1625399,82
8/7/2021 7:00,32,1,1,0.412609144,14,44.2333796,-123.1625399,81
8/7/2021 7:10,32,1,1,0.461880215,13.2,44.2333796,-123.1625399,85
8/7/2021 7:20,32,1,1,0,13.2,44.2333796,-123.1625399,79
8/7/2021 7:30,32,1,1,0.826236447,14.8,44.2333796,-123.1625399,86
8/7/2021 7:40,32,1,1,0.357770876,14,44.2333796,-123.1625399,84
8/7/2021 8:00,32,1,1,0.565685425,13.2,44.2333796,-123.1625399,79
8/7/2021 8:20,32,1,1,0.876356092,13.2,44.2333796,-123.1625399,84
8/7/2021 8:30,32,1,1,0.461880215,13.2,44.2333796,-123.1625399,91
8/7/2021 8:40,32,1,1,0.614358118,14,44.2333796,-123.1625399,82
8/7/2021 8:50,32,1,1,0.653197265,13.2,44.2333796,-123.1625399,89
8/7/2021 9:00,32,1,1,0,13.2,44.2333796,-123.1625399,84
8/7/2021 9:20,32,1,1,NA,13.2,44.2333796,-123.1625399,85
8/7/2021 9:30,32,1,1,0,13.2,44.2333796,-123.1625399,72
8/7/2021 9:40,32,1,1,1.13137085,14,44.2333796,-123.1625399,85
8/7/2021 9:50,32,1,1,0.565685425,13.2,44.2333796,-123.1625399,76
8/7/2021 10:00,32,1,1,0.565685425,14,44.2333796,-123.1625399,83
8/7/2021 10:10,32,1,1,1.385640646,13.2,44.2333796,-123.1625399,88
8/7/2021 10:20,32,1,1,NA,13.2,44.2333796,-123.1625399,81
8/7/2021 10:30,32,1,1,0.613571991,13.2,44.2333796,-123.1625399,91
8/7/2021 10:40,32,1,1,0.331231468,13.2,44.2333796,-123.1625399,90
8/7/2021 10:50,32,1,1,0.692820323,14.8,44.2333796,-123.1625399,85
8/7/2021 11:00,32,1,1,1.385640646,13.2,44.2333796,-123.1625399,74
8/7/2021 11:10,32,1,1,0.523722937,14,44.2333796,-123.1625399,87
8/7/2021 11:20,32,1,1,0.332940946,14,44.2333796,-123.1625399,88
8/7/2021 11:30,32,1,1,0.550041321,14,44.2333796,-123.1625399,85
8/7/2021 11:50,32,1,1,0.754718491,14,44.2333796,-123.1625399,83
8/7/2021 12:00,32,1,1,0.489544359,14,44.2333796,-123.1625399,89
8/7/2021 12:10,32,1,1,0.363684845,14,44.2333796,-123.1625399,84
8/7/2021 12:20,32,1,1,0.461880215,14,44.2333796,-123.1625399,81
8/7/2021 12:30,32,1,1,0.728207192,14.8,44.2333796,-123.1625399,79
8/7/2021 12:40,32,1,1,0.414039336,14,44.2333796,-123.1625399,86
8/7/2021 12:50,32,1,1,0.307369794,14,44.2333796,-123.1625399,87
8/7/2021 13:00,32,1,1,0.619677335,14,44.2333796,-123.1625399,95
8/7/2021 13:10,32,1,1,0.561571295,14,44.2333796,-123.1625399,85
8/7/2021 13:20,32,1,1,0.792344321,14,44.2333796,-123.1625399,82
8/7/2021 13:30,32,1,1,0.541443709,14,44.2333796,-123.1625399,89
8/7/2021 13:40,32,1,1,0.458984386,14.8,44.2333796,-123.1625399,84
8/7/2021 13:50,32,1,1,0.470294026,14.8,44.2333796,-123.1625399,85
8/7/2021 14:00,32,1,1,0.543708605,14.8,44.2333796,-123.1625399,89
8/7/2021 14:10,32,1,1,0.481268166,14.8,44.2333796,-123.1625399,86
8/7/2021 14:20,32,1,1,0.461880215,14.8,44.2333796,-123.1625399,81
8/7/2021 14:30,32,1,1,0.732380333,14,44.2333796,-123.1625399,85
8/7/2021 14:40,32,1,1,0.461880215,14,44.2333796,-123.1625399,79
8/7/2021 14:50,32,1,1,0.647231868,14,44.2333796,-123.1625399,84
8/7/2021 15:00,32,1,1,0.533333333,14,44.2333796,-123.1625399,83
8/7/2021 15:10,32,1,1,0.4,14,44.2333796,-123.1625399,84
8/7/2021 15:20,32,1,1,0.8,14,44.2333796,-123.1625399,78
8/7/2021 15:30,32,1,1,0.505964426,14,44.2333796,-123.1625399,87
8/7/2021 15:40,32,1,1,0.355409327,14,44.2333796,-123.1625399,86
8/7/2021 15:50,32,1,1,0.548795472,15.6,44.2333796,-123.1625399,85
8/7/2021 16:00,32,1,1,0.565685425,14.8,44.2333796,-123.1625399,83
8/7/2021 16:10,32,1,1,0.415099617,14.8,44.2333796,-123.1625399,85
8/7/2021 16:20,32,1,1,0.408334228,14,44.2333796,-123.1625399,86
8/7/2021 16:30,32,1,1,0.807239967,14,44.2333796,-123.1625399,84
8/7/2021 16:40,32,1,1,0.438178046,14,44.2333796,-123.1625399,84
8/7/2021 16:50,32,1,1,0.413118224,14,44.2333796,-123.1625399,82
8/7/2021 17:00,32,1,1,0.691719734,14.8,44.2333796,-123.1625399,86
8/7/2021 17:10,32,1,1,0.461880215,15.6,44.2333796,-123.1625399,82
8/7/2021 17:20,32,1,1,0.519108548,14.8,44.2333796,-123.1625399,91
8/7/2021 17:30,32,1,1,0.512410092,14,44.2333796,-123.1625399,84
8/7/2021 17:40,32,1,1,0,14,44.2333796,-123.1625399,81
8/7/2021 17:50,32,1,1,0.697029025,14,44.2333796,-123.1625399,83
8/7/2021 18:00,32,1,1,1.093008082,14.8,44.2333796,-123.1625399,87
8/7/2021 18:10,32,1,1,0.595219047,14,44.2333796,-123.1625399,86
8/7/2021 18:20,32,1,1,0.891499435,14.8,44.2333796,-123.1625399,85
8/7/2021 18:30,32,1,1,0.604743157,14.8,44.2333796,-123.1625399,86
8/7/2021 18:40,32,1,1,NA,14.8,44.2333796,-123.1625399,80
8/7/2021 19:10,32,1,1,0.565685425,14.8,44.2333796,-123.1625399,78
8/7/2021 19:20,32,1,1,0.461880215,14,44.2333796,-123.1625399,85
8/7/2021 19:30,32,1,1,0.565685425,14.8,44.2333796,-123.1625399,83
8/7/2021 19:40,32,1,1,0.661153676,14.8,44.2333796,-123.1625399,87
8/7/2021 19:50,32,1,1,0.56051924,14,44.2333796,-123.1625399,87
8/7/2021 20:00,32,1,1,0,14,44.2333796,-123.1625399,79
8/7/2021 20:10,32,1,1,1.904380914,17.2,44.2333796,-123.1625399,89
8/7/2021 20:20,32,1,1,NA,14.8,44.2333796,-123.1625399,76
8/7/2021 20:30,32,1,1,0.826236447,14,44.2333796,-123.1625399,85
8/7/2021 20:40,32,1,1,0.45411697,14,44.2333796,-123.1625399,79
8/7/2021 20:50,32,1,1,0.56051924,14,44.2333796,-123.1625399,83
8/7/2021 21:00,32,2,1,0.634369169,14.8,44.23122,-123.1629,96
8/7/2021 21:10,32,2,2,0.701646415,14.8,44.23122,-123.1629,105
8/7/2021 21:20,32,3,1,0.741446957,14.8,44.23065,-123.16275,125
8/7/2021 21:30,32,4,1,0.427617987,14,44.2303277,-123.1622552,153
8/7/2021 21:40,32,4,1,0.311399578,11.6,44.2303277,-123.1622552,116
8/7/2021 21:50,32,4,1,0.241209076,11.6,44.2303277,-123.1622552,123
8/7/2021 22:00,32,4,1,0.311399578,11.6,44.2303277,-123.1622552,104
8/7/2021 22:10,32,4,1,0.361813613,11.6,44.2303277,-123.1622552,107
8/7/2021 22:20,32,4,1,0.534846339,11.6,44.2303277,-123.1622552,95
8/7/2021 22:30,32,4,1,0.565685425,10.8,44.2303277,-123.1622552,80
8/7/2021 22:40,32,4,1,0.37032804,12.4,44.2303277,-123.1622552,96
8/7/2021 22:50,32,4,1,0.41194292,12.4,44.2303277,-123.1622552,113
8/7/2021 23:00,32,4,1,0.56051924,11.6,44.2303277,-123.1622552,102
8/7/2021 23:10,32,4,1,0.742368582,11.6,44.2303277,-123.1622552,118
8/7/2021 23:20,32,4,1,0.357770876,14,44.2303277,-123.1622552,92
8/7/2021 23:30,32,4,1,0.438178046,15.6,44.2303277,-123.1622552,102
8/7/2021 23:40,32,4,1,0.461880215,14.8,44.2303277,-123.1622552,88
8/7/2021 23:50,32,4,1,0.4,12.4,44.2303277,-123.1622552,97
8/8/2021 0:00,32,4,1,0.682242292,14,44.2303277,-123.1622552,106
8/8/2021 0:10,32,4,1,0.352766841,13.2,44.2303277,-123.1622552,109
8/8/2021 0:20,32,4,1,0.461880215,14,44.2303277,-123.1622552,98
8/8/2021 0:30,32,4,1,0.72026931,14.8,44.2303277,-123.1622552,104
8/8/2021 0:40,32,4,1,0.53935989,13.2,44.2303277,-123.1622552,110
8/8/2021 0:50,32,4,1,1.146976702,15.6,44.2303277,-123.1622552,116
8/8/2021 1:00,32,4,1,0.431487912,14.8,44.2303277,-123.1622552,111
8/8/2021 1:10,32,4,1,0.517335833,14.8,44.2303277,-123.1622552,113
8/8/2021 1:20,32,4,1,0.505964426,14.8,44.2303277,-123.1622552,117
8/8/2021 1:30,32,4,1,0.735149267,14,44.2303277,-123.1622552,122
8/8/2021 1:40,32,4,1,0.403619983,14.8,44.2303277,-123.1622552,105
8/8/2021 1:50,32,4,1,0.57419245,14,44.2303277,-123.1622552,129
8/8/2021 2:00,32,4,1,0.361813613,14,44.2303277,-123.1622552,97
8/8/2021 2:10,32,4,1,0.361813613,14,44.2303277,-123.1622552,107
8/8/2021 2:20,32,4,1,0.634369169,14,44.2303277,-123.1622552,113
8/8/2021 2:30,32,4,1,0.603022689,14,44.2303277,-123.1622552,112
8/8/2021 2:40,32,4,1,0.230940108,14,44.2303277,-123.1622552,103
8/8/2021 2:50,32,4,1,0.361813613,14,44.2303277,-123.1622552,102
8/8/2021 3:00,32,4,1,0.323615934,14,44.2303277,-123.1622552,98
8/8/2021 3:10,32,4,1,0.352766841,13.2,44.2303277,-123.1622552,116
8/8/2021 3:20,32,4,1,0.241209076,14.8,44.2303277,-123.1622552,119
8/8/2021 3:30,32,4,1,0.417786374,14,44.2303277,-123.1622552,99
8/8/2021 3:40,32,4,1,0.337309617,14,44.2303277,-123.1622552,128
8/8/2021 3:50,32,4,1,0.461880215,14,44.2303277,-123.1622552,122
8/8/2021 4:00,32,4,1,0.311399578,14.8,44.2303277,-123.1622552,117
8/8/2021 4:10,32,4,1,0.417786374,14,44.2303277,-123.1622552,127
8/8/2021 4:20,32,4,1,0.361813613,14,44.2303277,-123.1622552,132
8/8/2021 4:30,32,4,1,0.534846339,14,44.2303277,-123.1622552,145
8/8/2021 4:40,32,4,1,0.622799155,14,44.2303277,-123.1622552,132
8/8/2021 4:50,32,4,1,1.023904757,15.6,44.2303277,-123.1622552,156
8/8/2021 5:00,32,2,2,0.858667538,13.2,44.23122,-123.1629,118
8/8/2021 5:10,32,2,1,1.6,13.2,44.23122,-123.1629,85
8/8/2021 5:20,32,1,1,NA,14,44.2333796,-123.1625399,74
8/8/2021 6:30,32,1,1,1.222020185,15.6,44.2333796,-123.1625399,91
8/8/2021 6:40,32,1,1,0,14,44.2333796,-123.1625399,82
8/8/2021 6:50,32,1,1,0.792824967,13.2,44.2333796,-123.1625399,83
8/8/2021 7:10,32,1,1,0.8,13.2,44.2333796,-123.1625399,76
8/8/2021 7:20,32,1,1,0.444575144,13.2,44.2333796,-123.1625399,83
8/8/2021 7:30,32,1,1,0.480196038,13.2,44.2333796,-123.1625399,83
8/8/2021 7:40,32,1,1,NA,12.4,44.2333796,-123.1625399,66
8/8/2021 7:50,32,1,1,0.461880215,14,44.2333796,-123.1625399,85
8/8/2021 8:00,32,1,1,0.389298786,13.2,44.2333796,-123.1625399,91
8/8/2021 8:10,32,1,1,0.565685425,13.2,44.2333796,-123.1625399,78
8/8/2021 8:20,32,1,1,0.443760157,13.2,44.2333796,-123.1625399,94
8/8/2021 8:30,32,1,1,0.461880215,13.2,44.2333796,-123.1625399,85
8/8/2021 8:40,32,1,1,0.472260842,14,44.2333796,-123.1625399,85
8/8/2021 8:50,32,1,1,0.355409327,13.2,44.2333796,-123.1625399,84
8/8/2021 9:00,32,1,1,0.443363766,13.2,44.2333796,-123.1625399,86
8/8/2021 9:10,32,1,1,0.495353908,13.2,44.2333796,-123.1625399,87
8/8/2021 9:20,32,1,1,0.507960348,13.2,44.2333796,-123.1625399,86
8/8/2021 9:30,32,1,1,0.558241871,13.2,44.2333796,-123.1625399,89
8/8/2021 9:40,32,1,1,0.274397736,13.2,44.2333796,-123.1625399,85
8/8/2021 9:50,32,1,1,0.539958846,14,44.2333796,-123.1625399,87
8/8/2021 10:00,32,1,1,0.732900305,14,44.2333796,-123.1625399,87
8/8/2021 10:10,32,1,1,0.603022689,14,44.2333796,-123.1625399,89
8/8/2021 10:20,32,1,1,0.508747019,14,44.2333796,-123.1625399,89
8/8/2021 10:30,32,1,1,0.72598817,14,44.2333796,-123.1625399,86
8/8/2021 10:40,32,1,1,0.573709732,13.2,44.2333796,-123.1625399,84
8/8/2021 10:50,32,1,1,0.612001188,13.2,44.2333796,-123.1625399,94
8/8/2021 11:00,32,1,1,0.641426981,13.2,44.2333796,-123.1625399,85
8/8/2021 11:10,32,1,1,0.640768769,13.2,44.2333796,-123.1625399,88
8/8/2021 11:20,32,1,1,0.742552769,14,44.2333796,-123.1625399,85
8/8/2021 11:30,32,1,1,0.512695956,14,44.2333796,-123.1625399,86
8/8/2021 11:40,32,1,1,0.768615138,14,44.2333796,-123.1625399,89
8/8/2021 11:50,32,1,1,0.414039336,14,44.2333796,-123.1625399,89
8/8/2021 12:00,32,1,1,0.600854093,14,44.2333796,-123.1625399,87
8/8/2021 12:10,32,1,1,0.466386471,14.8,44.2333796,-123.1625399,83
8/8/2021 12:20,32,1,1,0.628724198,14,44.2333796,-123.1625399,86
8/8/2021 12:30,32,1,1,1.166190379,16.4,44.2333796,-123.1625399,86
8/8/2021 12:40,32,1,1,0.656159626,14.8,44.2333796,-123.1625399,89
8/8/2021 12:50,32,1,1,0.444575144,14,44.2333796,-123.1625399,90
8/8/2021 13:00,32,1,1,0.46687366,14,44.2333796,-123.1625399,87
8/8/2021 13:10,32,1,1,0.448180545,14.8,44.2333796,-123.1625399,90
8/8/2021 13:20,32,1,1,0.581186526,14.8,44.2333796,-123.1625399,85
8/8/2021 13:30,32,1,1,0.689853199,13.2,44.2333796,-123.1625399,84
8/8/2021 13:40,32,1,1,0.53935989,14,44.2333796,-123.1625399,88
8/8/2021 13:50,32,1,1,0.593975355,14,44.2333796,-123.1625399,91
8/8/2021 14:00,32,1,1,0.479315752,14,44.2333796,-123.1625399,86
8/8/2021 14:10,32,1,1,0.70011337,14,44.2333796,-123.1625399,83
8/8/2021 14:20,32,1,1,0,14,44.2333796,-123.1625399,90
8/8/2021 14:30,32,1,1,0.665640235,14,44.2333796,-123.1625399,84
8/8/2021 14:40,32,1,1,0.587311727,14,44.2333796,-123.1625399,84
8/8/2021 14:50,32,1,1,0.601297299,14,44.2333796,-123.1625399,86
8/8/2021 15:00,32,1,1,0.526945877,14.8,44.2333796,-123.1625399,90
8/8/2021 15:10,32,1,1,0.405674042,14,44.2333796,-123.1625399,83
8/8/2021 15:20,32,1,1,0.539857531,14,44.2333796,-123.1625399,85
8/8/2021 15:30,32,1,1,0.87956033,16.4,44.2333796,-123.1625399,78
8/8/2021 15:40,32,1,1,0.500849852,14.8,44.2333796,-123.1625399,93
8/8/2021 15:50,32,1,1,0.679869268,14.8,44.2333796,-123.1625399,92
8/8/2021 16:00,32,1,1,0.826236447,15.6,44.2333796,-123.1625399,83
8/8/2021 16:10,32,1,1,0.45411697,15.6,44.2333796,-123.1625399,86
8/8/2021 16:20,32,1,1,0.451727762,14.8,44.2333796,-123.1625399,89
8/8/2021 16:30,32,1,1,0.971988634,14.8,44.2333796,-123.1625399,88
8/8/2021 16:40,32,1,1,0.561510568,14.8,44.2333796,-123.1625399,85
8/8/2021 16:50,32,1,1,0.758946638,14.8,44.2333796,-123.1625399,84
8/8/2021 17:00,32,1,1,NA,14,44.2333796,-123.1625399,77
8/8/2021 17:10,32,1,1,0.603022689,14,44.2333796,-123.1625399,88
8/8/2021 17:20,32,1,1,0.386436713,14.8,44.2333796,-123.1625399,86
8/8/2021 17:30,32,1,1,0.413118224,15.6,44.2333796,-123.1625399,89
8/8/2021 17:40,32,1,1,0.534846339,14.8,44.2333796,-123.1625399,84
8/8/2021 17:50,32,1,1,0.357770876,14.8,44.2333796,-123.1625399,79
8/8/2021 18:00,32,1,1,0.503322296,14.8,44.2333796,-123.1625399,89
8/8/2021 18:10,32,1,1,0.674619234,15.6,44.2333796,-123.1625399,84
8/8/2021 18:20,32,1,1,0.68941578,15.6,44.2333796,-123.1625399,92
8/8/2021 18:30,32,1,1,1.032795559,15.6,44.2333796,-123.1625399,81
8/8/2021 18:40,32,1,1,0.4,14,44.2333796,-123.1625399,85
8/8/2021 18:50,32,1,1,0.46591418,14,44.2333796,-123.1625399,81
8/8/2021 19:00,32,1,1,0.565685425,14,44.2333796,-123.1625399,76
8/8/2021 19:10,32,1,1,1.13137085,16.4,44.2333796,-123.1625399,83
8/8/2021 19:20,32,1,1,0.653197265,14,44.2333796,-123.1625399,89
8/8/2021 19:30,32,1,1,1.222020185,14,44.2333796,-123.1625399,84
8/8/2021 19:40,32,1,1,0.357770876,14,44.2333796,-123.1625399,86
8/8/2021 19:50,32,1,1,0.629436634,14.8,44.2333796,-123.1625399,83
8/8/2021 20:00,32,1,1,0.461880215,14,44.2333796,-123.1625399,84
8/8/2021 20:10,32,1,1,0.923760431,15.6,44.2333796,-123.1625399,82
8/8/2021 20:20,32,1,1,1.306394529,15.6,44.2333796,-123.1625399,84
8/8/2021 20:30,32,1,1,0.427617987,15.6,44.2333796,-123.1625399,87
8/8/2021 20:40,32,1,1,0.773934338,14.8,44.2333796,-123.1625399,90
8/8/2021 20:50,32,1,1,0.386436713,14.8,44.2333796,-123.1625399,83
8/8/2021 21:00,32,1,1,1.011928851,14.8,44.2333796,-123.1625399,79
8/8/2021 21:20,32,1,1,NA,16.4,44.2333796,-123.1625399,82
8/8/2021 21:30,32,2,1,0.746641604,15.6,44.23122,-123.1629,103
8/8/2021 21:40,32,2,1,0.371444497,14.8,44.23122,-123.1629,111
8/8/2021 21:50,32,2,1,0.331880894,14.8,44.23122,-123.1629,137
8/8/2021 22:00,32,2,1,0.432658845,14.8,44.23122,-123.1629,119
8/8/2021 22:10,32,2,1,0.53935989,15.6,44.23122,-123.1629,142
8/8/2021 22:20,32,2,1,0.386436713,14,44.23122,-123.1629,114
8/8/2021 22:30,32,2,1,0.425287626,13.2,44.23122,-123.1629,124
8/8/2021 22:40,32,2,1,0.590839157,13.2,44.23122,-123.1629,122
8/8/2021 22:50,32,2,1,0.286912601,13.2,44.23122,-123.1629,126
8/8/2021 23:00,32,2,1,0.929403491,13.2,44.23122,-123.1629,124
8/8/2021 23:10,32,2,1,1.223916261,13.2,44.23122,-123.1629,139
8/8/2021 23:50,32,2,1,0.384307569,14.8,44.23122,-123.1629,118
8/9/2021 0:00,32,2,2,0,14,44.23122,-123.1629,118
8/9/2021 0:10,32,3,1,0.57419245,13.2,44.23065,-123.16275,125
8/9/2021 0:20,32,3,1,0.230940108,12.4,44.23065,-123.16275,100
8/9/2021 0:30,32,3,1,0.326598632,12.4,44.23065,-123.16275,105
8/9/2021 0:50,32,3,1,0.427617987,11.6,44.23065,-123.16275,83
8/9/2021 1:00,32,3,1,0.48074017,11.6,44.23065,-123.16275,82
8/9/2021 5:20,32,3,1,0.669328021,12.4,44.23065,-123.16275,85
8/9/2021 5:30,32,2,1,0.230940108,13.2,44.23122,-123.1629,100
8/9/2021 5:40,32,2,1,0.505964426,13.2,44.23122,-123.1629,83
8/9/2021 5:50,32,1,1,0.431487912,13.2,44.2333796,-123.1625399,89
8/9/2021 6:00,32,1,1,0.417786374,13.2,44.2333796,-123.1625399,79
8/9/2021 6:20,32,1,1,0.653197265,14,44.2333796,-123.1625399,81
8/9/2021 6:30,32,1,1,0.302371578,13.2,44.2333796,-123.1625399,84
8/9/2021 6:40,32,1,1,0.427617987,14,44.2333796,-123.1625399,81
8/9/2021 6:50,32,1,1,0.547188454,13.2,44.2333796,-123.1625399,85
8/9/2021 7:00,32,1,1,0.485081994,13.2,44.2333796,-123.1625399,86
8/9/2021 7:10,32,1,1,0.417786374,14,44.2333796,-123.1625399,88
8/9/2021 7:20,32,1,1,0.405839725,13.2,44.2333796,-123.1625399,87
8/9/2021 7:30,32,1,1,0.90252172,13.2,44.2333796,-123.1625399,90
8/9/2021 7:40,32,1,1,0.63265628,13.2,44.2333796,-123.1625399,93
8/9/2021 7:50,32,1,1,0.661548984,13.2,44.2333796,-123.1625399,87
8/9/2021 8:00,32,1,1,0.623222109,13.2,44.2333796,-123.1625399,86
8/9/2021 8:10,32,1,1,0.601957591,13.2,44.2333796,-123.1625399,92
8/9/2021 8:20,32,1,1,0.580008842,13.2,44.2333796,-123.1625399,89
8/9/2021 8:30,32,1,1,0.633949898,13.2,44.2333796,-123.1625399,84
8/9/2021 8:40,32,1,1,0.698083277,14,44.2333796,-123.1625399,91
8/9/2021 8:50,32,1,1,0.565685425,13.2,44.2333796,-123.1625399,88
8/9/2021 9:00,32,1,1,0.828078671,13.2,44.2333796,-123.1625399,84
8/9/2021 9:10,32,1,1,0.4,13.2,44.2333796,-123.1625399,88
8/9/2021 9:30,32,1,1,0.393892771,13.2,44.2333796,-123.1625399,87
8/9/2021 9:40,32,1,1,0.776114,13.2,44.2333796,-123.1625399,87
8/9/2021 9:50,32,1,1,0.553986087,13.2,44.2333796,-123.1625399,89
8/9/2021 10:00,32,1,1,0.530394835,14,44.2333796,-123.1625399,85
8/9/2021 10:10,32,1,1,0.475496442,14,44.2333796,-123.1625399,89
8/9/2021 10:20,32,1,1,0.634560215,14.8,44.2333796,-123.1625399,90
8/9/2021 10:30,32,1,1,0.568465223,14,44.2333796,-123.1625399,87
8/9/2021 10:40,32,1,1,0.458214441,14,44.2333796,-123.1625399,86
8/9/2021 10:50,32,1,1,0.575036231,14,44.2333796,-123.1625399,86
8/9/2021 11:00,32,1,1,0.533333333,14,44.2333796,-123.1625399,88
8/9/2021 11:10,32,1,1,0.603022689,14,44.2333796,-123.1625399,91
8/9/2021 11:20,32,1,1,0.536785365,15.6,44.2333796,-123.1625399,94
8/9/2021 11:30,32,1,1,0.796181362,15.6,44.2333796,-123.1625399,88
8/9/2021 11:40,32,1,1,0.64498062,14.8,44.2333796,-123.1625399,87
8/9/2021 11:50,32,1,1,0.599682456,14.8,44.2333796,-123.1625399,87
8/9/2021 12:00,32,1,1,0.619677335,14.8,44.2333796,-123.1625399,88
8/9/2021 12:10,32,1,1,0.524786334,14,44.2333796,-123.1625399,89
8/9/2021 12:20,32,1,1,0.72026931,14.8,44.2333796,-123.1625399,83
8/9/2021 12:30,32,1,1,0.266666667,14.8,44.2333796,-123.1625399,82
8/9/2021 12:40,32,1,1,0.461880215,14,44.2333796,-123.1625399,94
8/9/2021 12:50,32,1,1,0.693694545,14.8,44.2333796,-123.1625399,88
8/9/2021 13:00,32,1,1,0.735892969,15.6,44.2333796,-123.1625399,92
8/9/2021 13:10,32,1,1,0.877619764,14.8,44.2333796,-123.1625399,84
8/9/2021 13:20,32,1,1,NA,15.6,44.2333796,-123.1625399,75
8/9/2021 13:30,32,1,1,0.331231468,15.6,44.2333796,-123.1625399,93
8/9/2021 13:40,32,1,1,0.656626145,14.8,44.2333796,-123.1625399,85
8/9/2021 13:50,32,1,1,0.461880215,15.6,44.2333796,-123.1625399,81
8/9/2021 14:00,32,1,1,0.798691741,15.6,44.2333796,-123.1625399,87
8/9/2021 14:10,32,1,1,0.600854093,16.4,44.2333796,-123.1625399,82
8/9/2021 14:20,32,1,1,0.8,14.8,44.2333796,-123.1625399,84
8/9/2021 14:30,32,1,1,0.440040121,14.8,44.2333796,-123.1625399,86
8/9/2021 14:40,32,1,1,0.340652251,15.6,44.2333796,-123.1625399,89
8/9/2021 14:50,32,1,1,0.559364719,16.4,44.2333796,-123.1625399,90
8/9/2021 15:00,32,1,1,0.581018431,17.2,44.2333796,-123.1625399,87
8/9/2021 15:10,32,1,1,0.664529909,16.4,44.2333796,-123.1625399,90
8/9/2021 15:20,32,1,1,0.715541753,15.6,44.2333796,-123.1625399,92
8/9/2021 15:30,32,1,1,0.520512568,16.4,44.2333796,-123.1625399,89
8/9/2021 15:40,32,1,1,0.661153676,15.6,44.2333796,-123.1625399,86
8/9/2021 15:50,32,1,1,0.862975824,18.8,44.2333796,-123.1625399,88
8/9/2021 16:00,32,1,1,0.821528509,18,44.2333796,-123.1625399,92
8/9/2021 16:10,32,1,1,0.357770876,15.6,44.2333796,-123.1625399,84
8/9/2021 16:20,32,1,1,0.765941686,16.4,44.2333796,-123.1625399,87
8/9/2021 16:30,32,1,1,0.427617987,15.6,44.2333796,-123.1625399,77
8/9/2021 16:40,32,1,1,0.931600122,16.4,44.2333796,-123.1625399,86
8/9/2021 16:50,32,1,1,0.598665182,15.6,44.2333796,-123.1625399,89
8/9/2021 17:00,32,1,1,0.480196038,15.6,44.2333796,-123.1625399,84
8/9/2021 17:10,32,1,1,1.213260071,16.4,44.2333796,-123.1625399,87
8/9/2021 17:20,32,1,1,0.96148034,17.2,44.2333796,-123.1625399,92
8/9/2021 17:30,32,1,1,0.848528137,16.4,44.2333796,-123.1625399,83
8/9/2021 17:40,32,1,1,0.876356092,15.6,44.2333796,-123.1625399,78
8/9/2021 17:50,32,1,1,0.565685425,16.4,44.2333796,-123.1625399,81
8/9/2021 18:00,32,1,1,0.461880215,17.2,44.2333796,-123.1625399,88
8/9/2021 18:10,32,1,1,0.565685425,17.2,44.2333796,-123.1625399,87
8/9/2021 18:20,32,1,1,0.8,16.4,44.2333796,-123.1625399,80
8/9/2021 18:30,32,1,1,0.595219047,14.8,44.2333796,-123.1625399,85
8/9/2021 18:40,32,1,1,0.600482897,14.8,44.2333796,-123.1625399,88
8/9/2021 18:50,32,1,1,0.755103846,16.4,44.2333796,-123.1625399,87
8/9/2021 19:00,32,1,1,0.521071158,15.6,44.2333796,-123.1625399,86
8/9/2021 19:10,32,1,1,0.406712902,15.6,44.2333796,-123.1625399,88
8/9/2021 19:20,32,1,1,0.37032804,16.4,44.2333796,-123.1625399,91
8/9/2021 19:30,32,1,1,0.343145622,15.6,44.2333796,-123.1625399,87
8/9/2021 19:40,32,1,1,0.691041577,16.4,44.2333796,-123.1625399,88
8/9/2021 19:50,32,1,1,0.643798253,17.2,44.2333796,-123.1625399,86
8/9/2021 20:00,32,1,1,0.848528137,17.2,44.2333796,-123.1625399,91
8/9/2021 20:10,32,1,1,0.653197265,17.2,44.2333796,-123.1625399,94
8/9/2021 20:20,32,1,1,0.505964426,15.6,44.2333796,-123.1625399,89
8/9/2021 20:30,32,1,1,0.821684146,16.4,44.2333796,-123.1625399,95
8/9/2021 20:40,32,1,1,0.639046909,16.4,44.2333796,-123.1625399,83
8/9/2021 20:50,32,1,1,0.604743157,15.6,44.2333796,-123.1625399,81
8/9/2021 21:00,32,1,1,1.222020185,15.6,44.2333796,-123.1625399,83
8/9/2021 21:10,32,2,1,0.461880215,14.8,44.23122,-123.1629,83
8/9/2021 21:20,32,1,1,0.438178046,15.6,44.2333796,-123.1625399,79
8/9/2021 21:40,32,2,1,0.440385506,13.2,44.23122,-123.1629,105
8/9/2021 21:50,32,2,1,0.422730764,14,44.23122,-123.1629,101
8/9/2021 22:00,32,2,1,0.341121146,13.2,44.23122,-123.1629,120
8/9/2021 22:10,32,2,1,0.427617987,13.2,44.23122,-123.1629,114
8/9/2021 22:20,32,2,1,0.704437282,13.2,44.23122,-123.1629,123
8/9/2021 22:30,32,2,2,0.405674042,13.2,44.23122,-123.1629,101
8/9/2021 22:40,32,2,2,0.302371578,14,44.23122,-123.1629,101
8/9/2021 22:50,32,2,2,0.321109189,13.2,44.23122,-123.1629,100
8/9/2021 23:00,32,2,2,0.461262315,13.2,44.23122,-123.1629,98
8/9/2021 23:10,32,3,1,0.559434565,13.2,44.23065,-123.16275,99
8/9/2021 23:30,32,3,1,0.341121146,13.2,44.23065,-123.16275,92
8/9/2021 23:40,32,3,1,0.34299717,13.2,44.23065,-123.16275,88
8/9/2021 23:50,32,3,1,0.41194292,13.2,44.23065,-123.16275,95
8/10/2021 0:00,32,3,1,0.592709328,13.2,44.23065,-123.16275,104
8/10/2021 0:10,32,3,1,0.393892771,14,44.23065,-123.16275,118
8/10/2021 0:20,32,3,1,0.311399578,13.2,44.23065,-123.16275,116
8/10/2021 0:30,32,3,1,0.599682456,13.2,44.23065,-123.16275,118
8/10/2021 0:40,32,3,1,1.034859089,13.2,44.23065,-123.16275,105
8/10/2021 0:50,32,3,1,0.470583973,14,44.23065,-123.16275,105
8/10/2021 1:00,32,3,1,0.504340138,13.2,44.23065,-123.16275,101
8/10/2021 1:10,32,3,1,0.393892771,13.2,44.23065,-123.16275,95
8/10/2021 1:20,32,3,1,0.382473155,13.2,44.23065,-123.16275,89
8/10/2021 1:30,32,3,1,0.386436713,14,44.23065,-123.16275,89
8/10/2021 1:40,32,3,1,0.28149262,13.2,44.23065,-123.16275,91
8/10/2021 1:50,32,3,1,0.369997832,13.2,44.23065,-123.16275,104
8/10/2021 2:00,32,3,1,0.374050023,13.2,44.23065,-123.16275,111
8/10/2021 2:10,32,3,1,0.576848007,13.2,44.23065,-123.16275,108
8/10/2021 2:20,32,3,1,0.438178046,13.2,44.23065,-123.16275,89
8/10/2021 2:30,32,3,1,0.438466606,13.2,44.23065,-123.16275,102
8/10/2021 2:40,32,3,1,0.492469609,13.2,44.23065,-123.16275,110
8/10/2021 2:50,32,3,1,0.622035453,13.2,44.23065,-123.16275,99
8/10/2021 3:00,32,3,1,0.341121146,13.2,44.23065,-123.16275,92
8/10/2021 3:10,32,3,1,0.230940108,13.2,44.23065,-123.16275,93
8/10/2021 3:20,32,3,1,0.311399578,13.2,44.23065,-123.16275,97
8/10/2021 3:30,32,3,1,0.451727762,13.2,44.23065,-123.16275,111
8/10/2021 3:40,32,3,1,0.413118224,13.2,44.23065,-123.16275,88
8/10/2021 3:50,32,3,1,0.718973627,13.2,44.23065,-123.16275,119
8/10/2021 4:00,32,3,1,0.634369169,14,44.23065,-123.16275,87
8/10/2021 4:10,32,3,1,0.904310664,14,44.23065,-123.16275,99
8/10/2021 4:20,32,3,1,0.323615934,13.2,44.23065,-123.16275,114
8/10/2021 4:30,32,3,1,0.311399578,13.2,44.23065,-123.16275,117
8/10/2021 4:40,32,3,1,0.41194292,13.2,44.23065,-123.16275,108
8/10/2021 4:50,32,3,1,0.230940108,13.2,44.23065,-123.16275,138
8/10/2021 5:00,32,3,1,0.230940108,13.2,44.23065,-123.16275,120
8/10/2021 5:10,32,3,1,0.311399578,13.2,44.23065,-123.16275,125
8/10/2021 5:20,32,2,1,0.759446439,15.6,44.23122,-123.1629,122
8/10/2021 6:10,32,1,1,NA,11.6,44.2333796,-123.1625399,58
8/10/2021 6:20,32,1,1,0.715541753,13.2,44.2333796,-123.1625399,81
8/10/2021 6:30,32,1,1,0.428242703,13.2,44.2333796,-123.1625399,85
8/10/2021 6:40,32,1,1,0.383441035,13.2,44.2333796,-123.1625399,88
8/10/2021 6:50,32,1,1,0.503322296,13.2,44.2333796,-123.1625399,81
8/10/2021 7:00,32,1,1,0,14.8,44.2333796,-123.1625399,75
8/10/2021 7:10,32,1,1,0.56298524,14,44.2333796,-123.1625399,84
8/10/2021 7:20,32,1,1,0.772873426,13.2,44.2333796,-123.1625399,89
8/10/2021 7:30,32,1,1,0.752899158,14,44.2333796,-123.1625399,84
8/10/2021 7:40,32,1,1,0.520261412,14,44.2333796,-123.1625399,85
8/10/2021 7:50,32,1,1,0.711269824,14,44.2333796,-123.1625399,87
8/10/2021 8:00,32,1,1,0.700476029,14.8,44.2333796,-123.1625399,87
8/10/2021 8:10,32,1,1,0.32249031,14.8,44.2333796,-123.1625399,83
8/10/2021 8:20,32,1,1,0.689513286,14,44.2333796,-123.1625399,87
8/10/2021 8:30,32,1,1,0.627058701,14,44.2333796,-123.1625399,86
8/10/2021 8:40,32,1,1,0.602218122,14,44.2333796,-123.1625399,78
8/10/2021 8:50,32,1,1,0.811348085,14.8,44.2333796,-123.1625399,83
8/10/2021 9:00,32,1,1,0.79409586,14.8,44.2333796,-123.1625399,81
8/10/2021 9:10,32,1,1,0.311399578,14,44.2333796,-123.1625399,86
8/10/2021 9:20,32,1,1,0.49531135,13.2,44.2333796,-123.1625399,93
8/10/2021 9:30,32,1,1,0.427617987,13.2,44.2333796,-123.1625399,88
8/10/2021 9:40,32,1,1,0.33052396,13.2,44.2333796,-123.1625399,90
8/10/2021 9:50,32,1,1,0.461880215,14,44.2333796,-123.1625399,84
8/10/2021 10:00,32,1,1,0.46591418,13.2,44.2333796,-123.1625399,86
8/10/2021 10:10,32,1,1,0.603022689,14,44.2333796,-123.1625399,87
8/10/2021 10:20,32,1,1,0.826236447,14.8,44.2333796,-123.1625399,79
8/10/2021 10:30,32,1,1,0.449836572,13.2,44.2333796,-123.1625399,84
8/10/2021 10:40,32,1,1,0.393042948,13.2,44.2333796,-123.1625399,85
8/10/2021 10:50,32,1,1,0.798946675,13.2,44.2333796,-123.1625399,80
8/10/2021 11:00,32,1,1,0.565685425,14.8,44.2333796,-123.1625399,83
8/10/2021 11:10,32,1,1,0.585667599,14,44.2333796,-123.1625399,85
8/10/2021 11:20,32,1,1,0.565685425,14,44.2333796,-123.1625399,82
8/10/2021 11:30,32,1,1,0.48507125,14,44.2333796,-123.1625399,90
8/10/2021 11:40,32,1,1,0.814363804,14,44.2333796,-123.1625399,86
8/10/2021 11:50,32,1,1,0.715541753,14,44.2333796,-123.1625399,88
8/10/2021 12:00,32,1,1,0.650182161,14,44.2333796,-123.1625399,85
8/10/2021 12:10,32,1,1,0.508747019,14.8,44.2333796,-123.1625399,84
8/10/2021 12:20,32,1,1,0.532900257,14.8,44.2333796,-123.1625399,85
8/10/2021 12:30,32,1,1,0.550041321,14,44.2333796,-123.1625399,88
8/10/2021 12:40,32,1,1,0.733499815,14,44.2333796,-123.1625399,83
8/10/2021 12:50,32,1,1,0.768615138,15.6,44.2333796,-123.1625399,81
8/10/2021 13:10,32,1,1,0.760951785,14.8,44.2333796,-123.1625399,83
8/10/2021 13:20,32,1,1,0.417786374,14,44.2333796,-123.1625399,86
8/10/2021 13:30,32,1,1,0.2991026,14.8,44.2333796,-123.1625399,93
8/10/2021 13:40,32,1,1,0.478091444,15.6,44.2333796,-123.1625399,87
8/10/2021 13:50,32,1,1,0.326598632,14.8,44.2333796,-123.1625399,86
8/10/2021 14:00,32,1,1,0.53935989,14.8,44.2333796,-123.1625399,82
8/10/2021 14:10,32,1,1,0.335083127,15.6,44.2333796,-123.1625399,87
8/10/2021 14:20,32,1,1,0.302371578,14.8,44.2333796,-123.1625399,85
8/10/2021 14:30,32,1,1,0.415719015,15.6,44.2333796,-123.1625399,89
8/10/2021 14:40,32,1,1,0.48507125,14.8,44.2333796,-123.1625399,92
8/10/2021 14:50,32,1,1,0.48284869,14.8,44.2333796,-123.1625399,87
8/10/2021 15:00,32,1,1,0.74065608,15.6,44.2333796,-123.1625399,82
8/10/2021 15:10,32,1,1,0.844477861,14.8,44.2333796,-123.1625399,90
8/10/2021 15:20,32,1,1,0.326598632,15.6,44.2333796,-123.1625399,85
8/10/2021 15:30,32,1,1,0.533333333,14.8,44.2333796,-123.1625399,87
8/10/2021 15:40,32,1,1,0.433366205,15.6,44.2333796,-123.1625399,86
8/10/2021 15:50,32,1,1,0.535234706,15.6,44.2333796,-123.1625399,93
8/10/2021 16:00,32,1,1,0.604743157,15.6,44.2333796,-123.1625399,86
8/10/2021 16:10,32,1,1,0.565685425,14.8,44.2333796,-123.1625399,85
8/10/2021 16:20,32,1,1,0.550041321,15.6,44.2333796,-123.1625399,91
8/10/2021 16:30,32,1,1,0.302371578,14.8,44.2333796,-123.1625399,84
8/10/2021 16:40,32,1,1,0.669328021,16.4,44.2333796,-123.1625399,80
8/10/2021 16:50,32,1,1,0.302371578,14.8,44.2333796,-123.1625399,84
8/10/2021 17:00,32,1,1,0.461880215,15.6,44.2333796,-123.1625399,93
8/10/2021 17:30,32,1,1,NA,14.8,44.2333796,-123.1625399,79
8/10/2021 17:40,32,1,1,0.709124208,14.8,44.2333796,-123.1625399,84
8/10/2021 17:50,32,1,1,0.625388768,14.8,44.2333796,-123.1625399,92
8/10/2021 18:00,32,1,1,0.629436634,15.6,44.2333796,-123.1625399,81
8/10/2021 18:10,32,1,1,NA,14.8,44.2333796,-123.1625399,82
8/10/2021 18:20,32,1,1,0.565685425,15.6,44.2333796,-123.1625399,75
8/10/2021 18:30,32,1,1,0.706972081,14.8,44.2333796,-123.1625399,81
8/10/2021 18:40,32,1,1,0.715541753,16.4,44.2333796,-123.1625399,86
8/10/2021 18:50,32,1,1,0.964836303,17.2,44.2333796,-123.1625399,91
8/10/2021 19:00,32,1,1,0.504340138,15.6,44.2333796,-123.1625399,82
8/10/2021 19:10,32,1,1,0.326598632,14.8,44.2333796,-123.1625399,83
8/10/2021 19:20,32,1,1,0.393892771,15.6,44.2333796,-123.1625399,83
8/10/2021 19:30,32,1,1,0.252982213,14.8,44.2333796,-123.1625399,89
8/10/2021 19:40,32,1,1,0.528180233,15.6,44.2333796,-123.1625399,87
8/10/2021 19:50,32,1,1,0,14.8,44.2333796,-123.1625399,78
8/10/2021 20:00,32,1,1,0.581950742,15.6,44.2333796,-123.1625399,85
8/10/2021 20:10,32,1,1,0.550041321,14.8,44.2333796,-123.1625399,84
8/10/2021 20:20,32,1,1,0.474893472,14.8,44.2333796,-123.1625399,85
8/10/2021 20:30,32,1,1,0.581186526,15.6,44.2333796,-123.1625399,85
8/10/2021 20:40,32,1,1,1.083205121,16.4,44.2333796,-123.1625399,88
8/10/2021 20:50,32,2,1,0.975009372,14,44.23122,-123.1629,101
8/10/2021 21:00,32,3,1,0.534846339,14.8,44.23065,-123.16275,119
8/10/2021 21:10,32,4,1,0.413118224,13.2,44.2303277,-123.1622552,101
8/10/2021 21:20,32,4,1,0.550041321,13.2,44.2303277,-123.1622552,92
8/10/2021 21:30,32,4,1,0.900370294,13.2,44.2303277,-123.1622552,99
8/10/2021 21:40,32,4,1,0.361813613,12.4,44.2303277,-123.1622552,150
8/10/2021 21:50,32,4,1,0.393892771,12.4,44.2303277,-123.1622552,124
8/10/2021 22:00,32,4,1,0.361813613,12.4,44.2303277,-123.1622552,116
8/10/2021 22:10,32,4,1,0.393892771,11.6,44.2303277,-123.1622552,95
8/10/2021 22:20,32,4,1,0.361813613,11.6,44.2303277,-123.1622552,105
8/10/2021 22:30,32,4,1,0.311399578,11.6,44.2303277,-123.1622552,89
8/10/2021 22:40,32,4,1,0.311399578,11.6,44.2303277,-123.1622552,94
8/10/2021 22:50,32,4,1,0.427617987,11.6,44.2303277,-123.1622552,78
8/10/2021 23:00,32,4,1,0,11.6,44.2303277,-123.1622552,99
8/10/2021 23:10,32,4,1,0.311399578,11.6,44.2303277,-123.1622552,118
8/10/2021 23:20,32,4,1,0.4,11.6,44.2303277,-123.1622552,87
8/10/2021 23:30,32,4,1,0.241209076,11.6,44.2303277,-123.1622552,108
8/10/2021 23:40,32,4,1,0.341121146,11.6,44.2303277,-123.1622552,104
8/10/2021 23:50,32,4,1,0.41194292,12.4,44.2303277,-123.1622552,85
8/11/2021 0:00,32,4,1,0.311399578,11.6,44.2303277,-123.1622552,111
8/11/2021 0:10,32,4,1,0.311399578,11.6,44.2303277,-123.1622552,95
8/11/2021 0:20,32,4,1,0.230940108,11.6,44.2303277,-123.1622552,113
8/11/2021 0:30,32,4,1,0.230940108,11.6,44.2303277,-123.1622552,107
8/11/2021 0:40,32,4,1,0.715541753,11.6,44.2303277,-123.1622552,90
8/11/2021 0:50,32,4,1,0.230940108,11.6,44.2303277,-123.1622552,108
8/11/2021 1:00,32,4,1,0.341121146,11.6,44.2303277,-123.1622552,98
8/11/2021 1:10,32,4,1,0.41194292,11.6,44.2303277,-123.1622552,106
8/11/2021 1:20,32,4,1,0.361813613,11.6,44.2303277,-123.1622552,100
8/11/2021 1:30,32,4,1,0.341121146,11.6,44.2303277,-123.1622552,119
8/11/2021 1:40,32,4,1,0.311399578,11.6,44.2303277,-123.1622552,111
8/11/2021 1:50,32,4,1,0.361813613,11.6,44.2303277,-123.1622552,103
8/11/2021 2:00,32,4,1,0.311399578,12.4,44.2303277,-123.1622552,110
8/11/2021 2:10,32,4,1,0.482418151,11.6,44.2303277,-123.1622552,112
8/11/2021 2:20,32,4,1,0.629436634,12.4,44.2303277,-123.1622552,104
8/11/2021 2:30,32,4,1,0.41194292,11.6,44.2303277,-123.1622552,110
8/11/2021 2:40,32,4,1,0.361813613,11.6,44.2303277,-123.1622552,93
8/11/2021 2:50,32,4,1,0.37032804,11.6,44.2303277,-123.1622552,118
8/11/2021 3:00,32,4,1,0.497265248,12.4,44.2303277,-123.1622552,92
8/11/2021 3:10,32,4,1,0.37032804,11.6,44.2303277,-123.1622552,111
8/11/2021 3:20,32,4,1,0.352766841,11.6,44.2303277,-123.1622552,97
8/11/2021 3:30,32,4,1,NA,11.6,44.2303277,-123.1622552,81
8/11/2021 3:40,32,4,1,0.361813613,11.6,44.2303277,-123.1622552,107
8/11/2021 3:50,32,4,1,0.357770876,10.8,44.2303277,-123.1622552,95
8/11/2021 4:00,32,4,1,0.337309617,11.6,44.2303277,-123.1622552,95
8/11/2021 4:10,32,4,1,0.565685425,11.6,44.2303277,-123.1622552,97
8/11/2021 4:20,32,4,1,0.403619983,11.6,44.2303277,-123.1622552,100
8/11/2021 4:30,32,4,1,0.311399578,11.6,44.2303277,-123.1622552,99
8/11/2021 4:50,32,4,1,0.361813613,11.6,44.2303277,-123.1622552,100
8/11/2021 5:00,32,4,1,0.337309617,12.4,44.2303277,-123.1622552,117
8/11/2021 5:10,32,4,1,0.361813613,11.6,44.2303277,-123.1622552,100
8/11/2021 5:20,32,4,1,0.853589705,11.6,44.2303277,-123.1622552,134
8/11/2021 5:30,32,2,1,0.641051767,14,44.23122,-123.1629,104
8/11/2021 6:00,32,2,1,0.621000021,14,44.23122,-123.1629,86
8/11/2021 6:10,32,1,1,0.488999876,14,44.2333796,-123.1625399,81
8/11/2021 6:20,32,1,1,0.533333333,13.2,44.2333796,-123.1625399,84
8/11/2021 6:30,32,1,1,0.414039336,13.2,44.2333796,-123.1625399,83
8/11/2021 6:40,32,1,1,NA,14,44.2333796,-123.1625399,76
8/11/2021 6:50,32,1,1,0,13.2,44.2333796,-123.1625399,93
8/11/2021 7:00,32,1,1,0.565685425,14,44.2333796,-123.1625399,85
8/11/2021 7:10,32,1,1,NA,14,44.2333796,-123.1625399,71
8/11/2021 7:20,32,1,1,0.427617987,13.2,44.2333796,-123.1625399,87
8/11/2021 7:30,32,1,1,0.461880215,13.2,44.2333796,-123.1625399,85
8/11/2021 7:40,32,1,1,0,13.2,44.2333796,-123.1625399,82
8/11/2021 7:50,32,1,1,NA,12.4,44.2333796,-123.1625399,73
8/11/2021 8:00,32,1,1,1.385640646,14,44.2333796,-123.1625399,77
8/11/2021 8:10,32,1,1,0.53935989,14,44.2333796,-123.1625399,85
8/11/2021 8:20,32,1,1,0.653197265,13.2,44.2333796,-123.1625399,78
8/11/2021 8:30,32,1,1,0.461880215,13.2,44.2333796,-123.1625399,85
8/11/2021 8:40,32,1,1,0.411550407,14,44.2333796,-123.1625399,85
8/11/2021 8:50,32,1,1,0.8,14,44.2333796,-123.1625399,83
8/11/2021 9:00,32,1,1,0.375045785,13.2,44.2333796,-123.1625399,85
8/11/2021 9:10,32,1,1,0.715541753,13.2,44.2333796,-123.1625399,82
8/11/2021 9:20,32,1,1,0.732900305,12.4,44.2333796,-123.1625399,84
8/11/2021 9:30,32,1,1,0.357770876,13.2,44.2333796,-123.1625399,84
8/11/2021 9:40,32,1,1,0.461880215,13.2,44.2333796,-123.1625399,85
8/11/2021 9:50,32,1,1,0.91214034,14.8,44.2333796,-123.1625399,79
8/11/2021 10:00,32,1,1,0.60960061,14.8,44.2333796,-123.1625399,81
8/11/2021 10:10,32,1,1,0.741446957,14,44.2333796,-123.1625399,81
8/11/2021 10:20,32,1,1,0.819756061,14.8,44.2333796,-123.1625399,82
8/11/2021 10:30,32,1,1,0.414039336,14,44.2333796,-123.1625399,86
8/11/2021 10:40,32,1,1,0.581186526,14,44.2333796,-123.1625399,85
8/11/2021 10:50,32,1,1,0.653197265,14.8,44.2333796,-123.1625399,78
8/11/2021 11:00,32,1,1,0.525101157,14,44.2333796,-123.1625399,83
8/11/2021 11:10,32,1,1,0.422875312,14,44.2333796,-123.1625399,85
8/11/2021 11:20,32,1,1,1.006644591,14.8,44.2333796,-123.1625399,82
8/11/2021 11:30,32,1,1,0.414039336,14,44.2333796,-123.1625399,87
8/11/2021 11:40,32,1,1,0.438178046,14,44.2333796,-123.1625399,85
8/11/2021 11:50,32,1,1,0.584036729,14,44.2333796,-123.1625399,84
8/11/2021 12:00,32,1,1,0,14,44.2333796,-123.1625399,84
8/11/2021 12:10,32,1,1,0.669328021,14.8,44.2333796,-123.1625399,79
8/11/2021 12:20,32,1,1,0.481712345,14,44.2333796,-123.1625399,83
8/11/2021 12:30,32,1,1,0.786553664,14.8,44.2333796,-123.1625399,80
8/11/2021 12:40,32,1,1,0.855235974,15.6,44.2333796,-123.1625399,84
8/11/2021 12:50,32,1,1,0.266666667,14.8,44.2333796,-123.1625399,82
8/11/2021 13:00,32,1,1,0.584237395,15.6,44.2333796,-123.1625399,84
8/11/2021 13:10,32,1,1,0.461880215,14.8,44.2333796,-123.1625399,82
8/11/2021 13:20,32,1,1,0.665096189,14.8,44.2333796,-123.1625399,84
8/11/2021 13:30,32,1,1,0.438178046,14.8,44.2333796,-123.1625399,87
8/11/2021 13:40,32,1,1,1.767038269,14.8,44.2333796,-123.1625399,82
8/11/2021 13:50,32,1,1,1.806654367,15.6,44.2333796,-123.1625399,82
8/11/2021 14:00,32,1,1,0.669328021,14.8,44.2333796,-123.1625399,82
8/11/2021 14:10,32,1,1,2.359660993,19.6,44.2333796,-123.1625399,87
8/11/2021 14:20,32,1,1,0.357770876,14.8,44.2333796,-123.1625399,80
8/11/2021 14:30,32,1,1,0,14.8,44.2333796,-123.1625399,78
8/11/2021 14:40,32,1,1,0.397796126,15.6,44.2333796,-123.1625399,78
8/11/2021 14:50,32,1,1,0.417786374,14.8,44.2333796,-123.1625399,85
8/11/2021 15:00,32,1,1,0.413118224,14.8,44.2333796,-123.1625399,83
8/11/2021 15:10,32,1,1,0.520354908,14.8,44.2333796,-123.1625399,87
8/11/2021 15:20,32,1,1,0.337309617,14.8,44.2333796,-123.1625399,83
8/11/2021 15:30,32,1,1,0.413118224,15.6,44.2333796,-123.1625399,95
8/11/2021 15:40,32,1,1,0.4,14.8,44.2333796,-123.1625399,79
8/11/2021 15:50,32,1,1,0.565685425,14.8,44.2333796,-123.1625399,84
8/11/2021 16:00,32,1,1,0.907114735,14.8,44.2333796,-123.1625399,82
8/11/2021 16:10,32,1,1,0.765941686,15.6,44.2333796,-123.1625399,85
8/11/2021 16:20,32,1,1,0.890157824,14.8,44.2333796,-123.1625399,84
8/11/2021 16:30,32,1,1,0.765941686,15.6,44.2333796,-123.1625399,85
8/11/2021 16:40,32,1,1,0.323615934,14.8,44.2333796,-123.1625399,82
8/11/2021 16:50,32,1,1,0.604743157,14.8,44.2333796,-123.1625399,90
8/11/2021 17:00,32,1,1,0,14.8,44.2333796,-123.1625399,75
8/11/2021 17:10,32,1,1,0.37032804,15.6,44.2333796,-123.1625399,84
8/11/2021 17:20,32,1,1,0.614358118,14.8,44.2333796,-123.1625399,81
8/11/2021 17:30,32,1,1,NA,15.6,44.2333796,-123.1625399,78
8/11/2021 17:40,32,1,1,0.565685425,14.8,44.2333796,-123.1625399,79
8/11/2021 17:50,32,1,1,0,14.8,44.2333796,-123.1625399,84
8/11/2021 18:00,32,1,1,0,14.8,44.2333796,-123.1625399,86
8/11/2021 18:10,32,1,1,0.780720058,14.8,44.2333796,-123.1625399,83
8/11/2021 18:20,32,1,1,0.390360029,14.8,44.2333796,-123.1625399,85
8/11/2021 18:30,32,1,1,0.438178046,15.6,44.2333796,-123.1625399,80
8/11/2021 18:40,32,1,1,0.669328021,15.6,44.2333796,-123.1625399,83
8/11/2021 18:50,32,1,1,0.765941686,16.4,44.2333796,-123.1625399,93
8/11/2021 19:00,32,1,1,0.326598632,14.8,44.2333796,-123.1625399,79
8/11/2021 19:10,32,1,1,0.876356092,15.6,44.2333796,-123.1625399,92
8/11/2021 19:20,32,1,1,0.461880215,14.8,44.2333796,-123.1625399,88
8/11/2021 19:30,32,1,1,0.474893472,14.8,44.2333796,-123.1625399,85
8/11/2021 19:40,32,1,1,NA,14.8,44.2333796,-123.1625399,81
8/11/2021 19:50,32,1,1,0.855235974,14.8,44.2333796,-123.1625399,91
8/11/2021 20:00,32,1,1,0.565685425,14,44.2333796,-123.1625399,73
8/11/2021 20:10,32,1,1,0.595219047,14,44.2333796,-123.1625399,87
8/11/2021 20:20,32,1,1,1.446177227,16.4,44.2333796,-123.1625399,94
8/11/2021 20:30,32,1,1,0.565685425,14.8,44.2333796,-123.1625399,82
8/11/2021 20:40,32,1,1,0.565685425,14,44.2333796,-123.1625399,82
8/11/2021 20:50,32,2,1,0.539857531,14,44.23122,-123.1629,119
8/11/2021 21:00,32,4,1,0.890157824,13.2,44.2303277,-123.1622552,89
8/11/2021 21:10,32,4,1,0.323615934,12.4,44.2303277,-123.1622552,111
8/11/2021 21:20,32,4,1,0.230940108,12.4,44.2303277,-123.1622552,145
8/11/2021 21:30,32,4,1,0.393892771,11.6,44.2303277,-123.1622552,124
8/11/2021 21:40,32,4,1,0.361813613,11.6,44.2303277,-123.1622552,109
8/11/2021 21:50,32,4,1,0.393892771,12.4,44.2303277,-123.1622552,107
8/11/2021 22:00,32,4,1,0.323615934,11.6,44.2303277,-123.1622552,95
8/11/2021 22:10,32,4,1,0.311399578,11.6,44.2303277,-123.1622552,91
8/11/2021 22:20,32,4,1,0.230940108,12.4,44.2303277,-123.1622552,115
8/11/2021 22:30,32,4,1,0.311399578,11.6,44.2303277,-123.1622552,111
8/11/2021 22:40,32,4,1,0.230940108,11.6,44.2303277,-123.1622552,99
8/11/2021 22:50,32,4,1,0,11.6,44.2303277,-123.1622552,119
8/11/2021 23:00,32,4,1,0.373679493,11.6,44.2303277,-123.1622552,92
8/11/2021 23:10,32,4,1,0,11.6,44.2303277,-123.1622552,120
8/11/2021 23:20,32,4,1,0.403619983,11.6,44.2303277,-123.1622552,86
8/11/2021 23:30,32,4,1,0.699090318,11.6,44.2303277,-123.1622552,87
8/11/2021 23:40,32,4,1,0.241209076,11.6,44.2303277,-123.1622552,109
8/11/2021 23:50,32,4,1,0.361813613,11.6,44.2303277,-123.1622552,112
8/12/2021 0:00,32,4,1,0.393892771,11.6,44.2303277,-123.1622552,96
8/12/2021 0:10,32,4,1,0.373679493,12.4,44.2303277,-123.1622552,93
8/12/2021 0:20,32,4,1,0.41194292,12.4,44.2303277,-123.1622552,104
8/12/2021 0:30,32,4,1,0,11.6,44.2303277,-123.1622552,120
8/12/2021 0:40,32,4,1,0.41194292,12.4,44.2303277,-123.1622552,107
8/12/2021 0:50,32,4,1,0.666666667,12.4,44.2303277,-123.1622552,97
8/12/2021 1:00,32,4,1,0.45411697,11.6,44.2303277,-123.1622552,124
8/12/2021 1:10,32,4,1,0.266666667,11.6,44.2303277,-123.1622552,112
8/12/2021 1:20,32,4,1,0.323615934,11.6,44.2303277,-123.1622552,119
8/12/2021 1:30,32,4,1,0.302371578,11.6,44.2303277,-123.1622552,104
8/12/2021 1:40,32,4,1,0.373679493,11.6,44.2303277,-123.1622552,112
8/12/2021 1:50,32,4,1,0.326598632,11.6,44.2303277,-123.1622552,93
8/12/2021 2:00,32,4,1,0.413118224,11.6,44.2303277,-123.1622552,84
8/12/2021 2:10,32,4,1,0.8,11.6,44.2303277,-123.1622552,81
8/12/2021 2:20,32,4,1,0.361813613,11.6,44.2303277,-123.1622552,96
8/12/2021 2:30,32,4,1,0.4,11.6,44.2303277,-123.1622552,97
8/12/2021 2:40,32,4,1,0.323615934,11.6,44.2303277,-123.1622552,100
8/12/2021 2:50,32,4,1,0.361813613,11.6,44.2303277,-123.1622552,122
8/12/2021 3:00,32,4,1,0.539958846,12.4,44.2303277,-123.1622552,93
8/12/2021 3:10,32,4,1,0.341121146,12.4,44.2303277,-123.1622552,120
8/12/2021 3:20,32,4,1,0.311399578,11.6,44.2303277,-123.1622552,107
8/12/2021 3:30,32,4,1,0.282842712,11.6,44.2303277,-123.1622552,95
8/12/2021 3:40,32,4,1,0,11.6,44.2303277,-123.1622552,113
8/12/2021 3:50,32,4,1,0.230940108,11.6,44.2303277,-123.1622552,102
8/12/2021 4:00,32,4,1,0,11.6,44.2303277,-123.1622552,103
8/12/2021 4:10,32,4,1,0.230940108,11.6,44.2303277,-123.1622552,98
8/12/2021 4:20,32,4,1,0.505964426,11.6,44.2303277,-123.1622552,93
8/12/2021 4:30,32,4,1,0.461880215,11.6,44.2303277,-123.1622552,101
8/12/2021 4:40,32,4,1,0,11.6,44.2303277,-123.1622552,89
8/12/2021 4:50,32,4,1,0.311399578,11.6,44.2303277,-123.1622552,94
8/12/2021 5:00,32,4,1,0.361813613,11.6,44.2303277,-123.1622552,105
8/12/2021 5:10,32,4,1,0.311399578,11.6,44.2303277,-123.1622552,123
8/12/2021 5:20,32,4,1,0.601447529,12.4,44.2303277,-123.1622552,121
8/12/2021 5:30,32,2,1,0.384307569,14,44.23122,-123.1629,96
8/12/2021 5:50,32,2,1,0.602218122,14.8,44.23122,-123.1629,79
8/12/2021 6:00,32,1,1,0.550161851,13.2,44.2333796,-123.1625399,84
8/12/2021 6:10,32,1,1,0.565685425,13.2,44.2333796,-123.1625399,75
8/12/2021 6:20,32,1,1,0.604743157,13.2,44.2333796,-123.1625399,85
8/12/2021 6:40,32,1,1,0.425287626,13.2,44.2333796,-123.1625399,84
8/12/2021 6:50,32,1,1,0.46133003,13.2,44.2333796,-123.1625399,84
8/12/2021 7:00,32,1,1,0.550597761,14,44.2333796,-123.1625399,83
8/12/2021 7:10,32,1,1,0.511952379,14,44.2333796,-123.1625399,85
8/12/2021 7:20,32,1,1,0.749949493,14,44.2333796,-123.1625399,81
8/12/2021 7:30,32,1,1,0.300427046,13.2,44.2333796,-123.1625399,88
8/12/2021 7:40,32,1,1,0.4,13.2,44.2333796,-123.1625399,85
8/12/2021 7:50,32,1,1,0.388057,13.2,44.2333796,-123.1625399,80
8/12/2021 8:00,32,1,1,0.63104851,13.2,44.2333796,-123.1625399,79
8/12/2021 8:10,32,1,1,0.604743157,14,44.2333796,-123.1625399,85
8/12/2021 8:20,32,1,1,0.653197265,14,44.2333796,-123.1625399,85
8/12/2021 8:30,32,1,1,0.715541753,12.4,44.2333796,-123.1625399,85
8/12/2021 8:40,32,1,1,0.890157824,14,44.2333796,-123.1625399,83
8/12/2021 8:50,32,1,1,0.689513286,13.2,44.2333796,-123.1625399,82
8/12/2021 9:00,32,1,1,0.565685425,13.2,44.2333796,-123.1625399,87
8/12/2021 9:10,32,1,1,0.505964426,13.2,44.2333796,-123.1625399,80
8/12/2021 9:20,32,1,1,0.550041321,13.2,44.2333796,-123.1625399,82
8/12/2021 9:30,32,1,1,0.565685425,14,44.2333796,-123.1625399,74
8/12/2021 9:40,32,1,1,0.684468211,15.6,44.2333796,-123.1625399,86
8/12/2021 9:50,32,1,1,0.734130348,13.2,44.2333796,-123.1625399,80
8/12/2021 10:00,32,1,1,0.835572749,14,44.2333796,-123.1625399,84
8/12/2021 10:10,32,1,1,0.757864747,15.6,44.2333796,-123.1625399,86
8/12/2021 10:20,32,1,1,0.575036231,14.8,44.2333796,-123.1625399,85
8/12/2021 10:30,32,1,1,0.640512615,14,44.2333796,-123.1625399,80
8/12/2021 10:40,32,1,1,0.732900305,14.8,44.2333796,-123.1625399,78
8/12/2021 10:50,32,1,1,0.8,14,44.2333796,-123.1625399,83
8/12/2021 11:00,32,1,1,0.461880215,14,44.2333796,-123.1625399,79
8/12/2021 11:10,32,1,1,0.516397779,14,44.2333796,-123.1625399,88
8/12/2021 11:20,32,1,1,0.689853199,15.6,44.2333796,-123.1625399,89
8/12/2021 11:30,32,1,1,0,14,44.2333796,-123.1625399,84
8/12/2021 11:40,32,1,1,0.68325678,14.8,44.2333796,-123.1625399,82
8/12/2021 12:00,32,1,1,0.61449166,15.6,44.2333796,-123.1625399,83
8/12/2021 12:10,32,1,1,0.505964426,14,44.2333796,-123.1625399,83
8/12/2021 12:20,32,1,1,0.326598632,14,44.2333796,-123.1625399,81
8/12/2021 12:30,32,1,1,0.502057306,14,44.2333796,-123.1625399,83
8/12/2021 12:40,32,1,1,0.397877969,14.8,44.2333796,-123.1625399,84
8/12/2021 12:50,32,1,1,0.673517909,14,44.2333796,-123.1625399,84
8/12/2021 13:00,32,1,1,0.282842712,14,44.2333796,-123.1625399,85
8/12/2021 13:10,32,1,1,0.594578682,14.8,44.2333796,-123.1625399,89
8/12/2021 13:20,32,1,1,0.544445638,14.8,44.2333796,-123.1625399,80
8/12/2021 13:30,32,1,1,0.413118224,14,44.2333796,-123.1625399,83
8/12/2021 13:40,32,1,1,0.755103846,16.4,44.2333796,-123.1625399,82
8/12/2021 13:50,32,1,1,0.653197265,14,44.2333796,-123.1625399,87
8/12/2021 14:00,32,1,1,0.56051924,13.2,44.2333796,-123.1625399,84
8/12/2021 14:10,32,1,1,0.427617987,14.8,44.2333796,-123.1625399,82
8/12/2021 14:20,32,1,1,0.639046909,14.8,44.2333796,-123.1625399,88
8/12/2021 14:30,32,1,1,0.323615934,14.8,44.2333796,-123.1625399,84
8/12/2021 14:40,32,1,1,0.42215564,14.8,44.2333796,-123.1625399,85
8/12/2021 14:50,32,1,1,0.321534781,14.8,44.2333796,-123.1625399,81
8/12/2021 15:00,32,1,1,0.494677554,14.8,44.2333796,-123.1625399,84
8/12/2021 15:10,32,1,1,0.505964426,14.8,44.2333796,-123.1625399,93
8/12/2021 15:20,32,1,1,0.621000021,14.8,44.2333796,-123.1625399,86
8/12/2021 15:30,32,1,1,0.528180233,14,44.2333796,-123.1625399,82
8/12/2021 15:40,32,1,1,0.795543141,14.8,44.2333796,-123.1625399,88
8/12/2021 15:50,32,1,1,0.768615138,14,44.2333796,-123.1625399,88
8/12/2021 16:00,32,1,1,0.511309993,14,44.2333796,-123.1625399,85
8/12/2021 16:10,32,1,1,0.516964938,15.6,44.2333796,-123.1625399,83
8/12/2021 16:20,32,1,1,0.931600122,14,44.2333796,-123.1625399,83
8/12/2021 16:30,32,1,1,0.669328021,14,44.2333796,-123.1625399,81
8/12/2021 16:40,32,1,1,0.427617987,14,44.2333796,-123.1625399,81
8/12/2021 16:50,32,1,1,0.715541753,14.8,44.2333796,-123.1625399,86
8/12/2021 17:00,32,1,1,0.675098197,14,44.2333796,-123.1625399,86
8/12/2021 17:10,32,1,1,0.522701037,14.8,44.2333796,-123.1625399,87
8/12/2021 17:20,32,1,1,NA,14.8,44.2333796,-123.1625399,85
8/12/2021 17:30,32,1,1,0,14,44.2333796,-123.1625399,82
8/12/2021 17:40,32,1,1,0.584850767,14.8,44.2333796,-123.1625399,83
8/12/2021 17:50,32,1,1,0.823885841,14.8,44.2333796,-123.1625399,86
8/12/2021 18:00,32,1,1,0.629436634,14.8,44.2333796,-123.1625399,77
8/12/2021 18:10,32,1,1,1.6,14,44.2333796,-123.1625399,81
8/12/2021 18:20,32,1,1,0.414039336,14,44.2333796,-123.1625399,79
8/12/2021 18:30,32,1,1,0.511952379,14,44.2333796,-123.1625399,92
8/12/2021 18:40,32,1,1,0.448489528,14,44.2333796,-123.1625399,84
8/12/2021 18:50,32,1,1,0.4,14,44.2333796,-123.1625399,78
8/12/2021 19:00,32,1,1,0.550989785,14,44.2333796,-123.1625399,80
8/12/2021 19:10,32,1,1,0.665640235,14,44.2333796,-123.1625399,83
8/12/2021 19:20,32,1,1,0.765941686,14,44.2333796,-123.1625399,88
8/12/2021 19:30,32,1,1,0.565685425,14,44.2333796,-123.1625399,86
8/12/2021 19:40,32,1,1,0.326598632,14,44.2333796,-123.1625399,84
8/12/2021 19:50,32,1,1,0.719788329,14,44.2333796,-123.1625399,84
8/12/2021 20:00,32,1,1,0.323721055,14,44.2333796,-123.1625399,85
8/12/2021 20:10,32,1,1,0.715541753,14,44.2333796,-123.1625399,81
8/12/2021 20:20,32,1,1,1.041976145,14,44.2333796,-123.1625399,88
8/12/2021 20:30,32,1,1,0,14,44.2333796,-123.1625399,88
8/12/2021 20:40,32,2,1,0.235395955,13.2,44.23122,-123.1629,110
8/12/2021 20:50,32,4,1,0.461880215,13.2,44.2303277,-123.1622552,83
8/12/2021 21:00,32,4,1,0.414039336,14,44.2303277,-123.1622552,95
8/12/2021 21:10,32,4,1,0.550041321,13.2,44.2303277,-123.1622552,135
8/12/2021 21:20,32,4,1,0.393892771,13.2,44.2303277,-123.1622552,137
8/12/2021 21:30,32,4,1,0.357770876,11.6,44.2303277,-123.1622552,129
8/12/2021 21:40,32,4,1,0.252982213,11.6,44.2303277,-123.1622552,117
8/12/2021 21:50,32,4,1,0,11.6,44.2303277,-123.1622552,94
8/12/2021 22:00,32,4,1,0.497265248,11.6,44.2303277,-123.1622552,99
8/12/2021 22:10,32,4,1,0.461880215,12.4,44.2303277,-123.1622552,99
8/12/2021 22:20,32,4,1,0.534846339,12.4,44.2303277,-123.1622552,129
8/12/2021 22:30,32,4,1,0.311399578,11.6,44.2303277,-123.1622552,123
8/12/2021 22:40,32,4,1,0.53935989,11.6,44.2303277,-123.1622552,121
8/12/2021 22:50,32,4,1,0.361813613,12.4,44.2303277,-123.1622552,119
8/12/2021 23:00,32,4,1,0.390360029,11.6,44.2303277,-123.1622552,89
8/12/2021 23:10,32,4,1,0.341121146,11.6,44.2303277,-123.1622552,118
8/12/2021 23:20,32,4,1,0.373679493,11.6,44.2303277,-123.1622552,112
8/12/2021 23:30,32,4,1,0.534846339,13.2,44.2303277,-123.1622552,110
8/12/2021 23:40,32,4,1,0.417786374,11.6,44.2303277,-123.1622552,120
8/12/2021 23:50,32,4,1,0.37032804,12.4,44.2303277,-123.1622552,91
8/13/2021 0:00,32,4,1,0.311399578,11.6,44.2303277,-123.1622552,104
8/13/2021 0:10,32,4,1,0,11.6,44.2303277,-123.1622552,90
8/13/2021 0:20,32,4,1,0.719788329,12.4,44.2303277,-123.1622552,98
8/13/2021 0:30,32,4,1,0.241209076,11.6,44.2303277,-123.1622552,114
8/13/2021 0:40,32,4,1,0.742368582,12.4,44.2303277,-123.1622552,111
8/13/2021 0:50,32,4,1,0.373679493,11.6,44.2303277,-123.1622552,100
8/13/2021 1:00,32,4,1,0.341121146,11.6,44.2303277,-123.1622552,97
8/13/2021 1:10,32,4,1,0.361813613,12.4,44.2303277,-123.1622552,92
8/13/2021 1:20,32,4,1,0,11.6,44.2303277,-123.1622552,96
8/13/2021 1:30,32,4,1,0.311399578,11.6,44.2303277,-123.1622552,97
8/13/2021 1:40,32,4,1,0.361813613,12.4,44.2303277,-123.1622552,100
8/13/2021 1:50,32,4,1,NA,11.6,44.2303277,-123.1622552,79
8/13/2021 2:00,32,4,1,0.241209076,11.6,44.2303277,-123.1622552,110
8/13/2021 2:10,32,4,1,0.653197265,11.6,44.2303277,-123.1622552,78
8/13/2021 2:20,32,4,1,0.41194292,11.6,44.2303277,-123.1622552,96
8/13/2021 2:30,32,4,1,0.431487912,11.6,44.2303277,-123.1622552,90
8/13/2021 2:40,32,4,1,0.230940108,11.6,44.2303277,-123.1622552,94
8/13/2021 2:50,32,4,1,0.497265248,11.6,44.2303277,-123.1622552,93
8/13/2021 3:00,32,4,1,0.373679493,11.6,44.2303277,-123.1622552,102
8/13/2021 3:10,32,4,1,0.252982213,11.6,44.2303277,-123.1622552,108
8/13/2021 3:20,32,4,1,0.311399578,11.6,44.2303277,-123.1622552,95
8/13/2021 3:30,32,4,1,0.393892771,11.6,44.2303277,-123.1622552,93
8/13/2021 3:40,32,4,1,0.393892771,12.4,44.2303277,-123.1622552,115
8/13/2021 3:50,32,4,1,0.323615934,11.6,44.2303277,-123.1622552,121
8/13/2021 4:00,32,4,1,0.230940108,11.6,44.2303277,-123.1622552,111
8/13/2021 4:10,32,4,1,0.653197265,12.4,44.2303277,-123.1622552,101
8/13/2021 4:20,32,4,1,0.4,11.6,44.2303277,-123.1622552,105
8/13/2021 4:30,32,4,1,0.56051924,11.6,44.2303277,-123.1622552,106
8/13/2021 4:40,32,4,1,0.517335833,11.6,44.2303277,-123.1622552,99
8/13/2021 4:50,32,4,1,0.431487912,11.6,44.2303277,-123.1622552,91
8/13/2021 5:00,32,4,1,0.482418151,11.6,44.2303277,-123.1622552,117
8/13/2021 5:10,32,4,1,0.361813613,12.4,44.2303277,-123.1622552,102
8/13/2021 5:20,32,4,1,0,11.6,44.2303277,-123.1622552,100
8/13/2021 5:30,32,4,1,0.230940108,11.6,44.2303277,-123.1622552,141
8/13/2021 5:40,32,2,1,0.745180594,14,44.23122,-123.1629,105
8/13/2021 6:00,32,1,1,0.786553664,12.4,44.2333796,-123.1625399,82
8/13/2021 6:10,32,1,1,0.375734575,14,44.2333796,-123.1625399,82
8/13/2021 6:20,32,1,1,0.461880215,12.4,44.2333796,-123.1625399,75
8/13/2021 6:30,32,1,1,0.512410092,14,44.2333796,-123.1625399,81
8/13/2021 6:40,32,1,1,0.625388768,13.2,44.2333796,-123.1625399,84
8/13/2021 6:50,32,1,1,0.438178046,13.2,44.2333796,-123.1625399,80
8/13/2021 7:00,32,1,1,0.49531135,13.2,44.2333796,-123.1625399,85
8/13/2021 7:10,32,1,1,0.302371578,13.2,44.2333796,-123.1625399,88
8/13/2021 7:20,32,1,1,0.375734575,13.2,44.2333796,-123.1625399,83
8/13/2021 7:30,32,1,1,0.653197265,14,44.2333796,-123.1625399,88
8/13/2021 7:40,32,1,1,0.512695956,13.2,44.2333796,-123.1625399,86
8/13/2021 7:50,32,1,1,0,13.2,44.2333796,-123.1625399,76
8/13/2021 8:00,32,1,1,0.876356092,14.8,44.2333796,-123.1625399,87
8/13/2021 8:10,32,1,1,0.581186526,14,44.2333796,-123.1625399,95
8/13/2021 8:20,32,1,1,0,13.2,44.2333796,-123.1625399,80
8/13/2021 8:40,32,1,1,NA,12.4,44.2333796,-123.1625399,81
8/13/2021 8:50,32,1,1,0.57419245,13.2,44.2333796,-123.1625399,85
8/13/2021 9:00,32,1,1,0.357770876,13.2,44.2333796,-123.1625399,83
8/13/2021 9:10,32,1,1,0.357770876,13.2,44.2333796,-123.1625399,88
8/13/2021 9:20,32,1,1,0.512695956,13.2,44.2333796,-123.1625399,80
8/13/2021 9:30,32,1,1,0.535290526,14,44.2333796,-123.1625399,86
8/13/2021 9:40,32,1,1,0.683880331,13.2,44.2333796,-123.1625399,85
8/13/2021 9:50,32,1,1,0.504482828,13.2,44.2333796,-123.1625399,85
8/13/2021 10:00,32,1,1,0.699042895,14,44.2333796,-123.1625399,85
8/13/2021 10:10,32,1,1,0.715541753,13.2,44.2333796,-123.1625399,85
8/13/2021 10:20,32,1,1,0.760951785,14,44.2333796,-123.1625399,84
8/13/2021 10:30,32,1,1,0.505964426,14,44.2333796,-123.1625399,83
8/13/2021 10:40,32,1,1,0,14,44.2333796,-123.1625399,83
8/13/2021 10:50,32,1,1,0.461880215,14,44.2333796,-123.1625399,84
8/13/2021 11:00,32,1,1,0.482418151,13.2,44.2333796,-123.1625399,82
8/13/2021 11:10,32,1,1,0.550041321,14.8,44.2333796,-123.1625399,80
8/13/2021 11:20,32,1,1,0.934198733,14.8,44.2333796,-123.1625399,79
8/13/2021 11:30,32,1,1,0.815239465,13.2,44.2333796,-123.1625399,84
8/13/2021 11:40,32,1,1,0.719788329,14,44.2333796,-123.1625399,85
8/13/2021 11:50,32,1,1,0.700476029,14,44.2333796,-123.1625399,82
8/13/2021 12:00,32,1,1,0.517335833,14,44.2333796,-123.1625399,81
8/13/2021 12:10,32,1,1,0.252982213,14,44.2333796,-123.1625399,92
8/13/2021 12:20,32,1,1,0.828078671,14.8,44.2333796,-123.1625399,76
8/13/2021 12:30,32,1,1,0.732900305,13.2,44.2333796,-123.1625399,84
8/13/2021 12:40,32,1,1,0.604743157,14,44.2333796,-123.1625399,80
8/13/2021 12:50,32,1,1,0.352766841,14,44.2333796,-123.1625399,91
8/13/2021 13:00,32,1,1,0.692820323,14.8,44.2333796,-123.1625399,85
8/13/2021 13:10,32,1,1,0.408334228,13.2,44.2333796,-123.1625399,87
8/13/2021 13:20,32,1,1,0.326598632,14,44.2333796,-123.1625399,81
8/13/2021 13:30,32,1,1,0.979795897,14.8,44.2333796,-123.1625399,83
8/13/2021 13:40,32,1,1,NA,14,44.2333796,-123.1625399,74
8/13/2021 13:50,32,1,1,0.364673845,14,44.2333796,-123.1625399,85
8/13/2021 14:00,32,1,1,0.581186526,14.8,44.2333796,-123.1625399,82
8/13/2021 14:10,32,1,1,0.524086507,14.8,44.2333796,-123.1625399,89
8/13/2021 14:20,32,1,1,0.581018431,14.8,44.2333796,-123.1625399,84
8/13/2021 14:30,32,1,1,0.534846339,14,44.2333796,-123.1625399,79
8/13/2021 14:40,32,1,1,0.552052447,14,44.2333796,-123.1625399,86
8/13/2021 14:50,32,1,1,0.405095747,14,44.2333796,-123.1625399,83
8/13/2021 15:00,32,1,1,0.979795897,13.2,44.2333796,-123.1625399,77
8/13/2021 15:10,32,1,1,1.697056275,15.6,44.2333796,-123.1625399,79
8/13/2021 15:20,32,1,1,0.4,14,44.2333796,-123.1625399,94
8/13/2021 15:30,32,1,1,0,14,44.2333796,-123.1625399,85
8/13/2021 15:40,32,1,1,0.550989785,14.8,44.2333796,-123.1625399,84
8/13/2021 15:50,32,1,1,0.604743157,14.8,44.2333796,-123.1625399,85
8/13/2021 16:00,32,1,1,0.373679493,14,44.2333796,-123.1625399,87
8/13/2021 16:10,32,1,1,0.565685425,13.2,44.2333796,-123.1625399,82
8/13/2021 16:20,32,1,1,0.461880215,14,44.2333796,-123.1625399,76
8/13/2021 16:30,32,1,1,0.653197265,14,44.2333796,-123.1625399,83
8/13/2021 16:40,32,1,1,0.461880215,14.8,44.2333796,-123.1625399,85
8/13/2021 16:50,32,1,1,0.461880215,14,44.2333796,-123.1625399,84
8/13/2021 17:00,32,1,1,0.361813613,14,44.2333796,-123.1625399,84
8/13/2021 17:30,32,1,1,NA,14.8,44.2333796,-123.1625399,73
8/13/2021 17:40,32,1,1,0.41194292,14,44.2333796,-123.1625399,83
8/13/2021 17:50,32,1,1,0.41152624,14,44.2333796,-123.1625399,85
8/13/2021 18:00,32,1,1,0.653197265,14.8,44.2333796,-123.1625399,79
8/13/2021 18:10,32,1,1,0.357770876,14.8,44.2333796,-123.1625399,87
8/13/2021 18:20,32,1,1,0.595219047,13.2,44.2333796,-123.1625399,76
8/13/2021 18:30,32,1,1,0,14,44.2333796,-123.1625399,82
8/13/2021 18:40,32,1,1,0.357770876,14.8,44.2333796,-123.1625399,87
8/13/2021 19:00,32,1,1,0.4,14,44.2333796,-123.1625399,74
8/13/2021 19:10,32,1,1,0.876356092,15.6,44.2333796,-123.1625399,86
8/13/2021 19:20,32,1,1,0.427617987,14.8,44.2333796,-123.1625399,87
8/13/2021 19:30,32,1,1,NA,14.8,44.2333796,-123.1625399,73
8/13/2021 19:40,32,1,1,0.923760431,14,44.2333796,-123.1625399,77
8/13/2021 19:50,32,1,1,0.565685425,13.2,44.2333796,-123.1625399,83
8/13/2021 20:00,32,1,1,0.565685425,12.4,44.2333796,-123.1625399,82
8/13/2021 20:10,32,1,1,1.72819752,14,44.2333796,-123.1625399,81
8/13/2021 20:20,32,1,1,0.923760431,13.2,44.2333796,-123.1625399,88
8/13/2021 20:30,32,1,1,0.326598632,14,44.2333796,-123.1625399,84
8/13/2021 20:40,32,1,1,0.604743157,13.2,44.2333796,-123.1625399,86
8/13/2021 20:50,32,1,1,0.461880215,13.2,44.2333796,-123.1625399,83
8/13/2021 21:00,32,1,1,0.602218122,14,44.2333796,-123.1625399,78
8/13/2021 21:10,32,2,1,NA,13.2,44.23122,-123.1629,77
8/13/2021 21:20,32,2,1,0.722739885,13.2,44.23122,-123.1629,115
8/13/2021 21:30,32,4,1,NA,13.2,44.2303277,-123.1622552,74
8/13/2021 21:40,32,4,1,0.323615934,13.2,44.2303277,-123.1622552,118
8/13/2021 21:50,32,4,1,0.361813613,12.4,44.2303277,-123.1622552,129
8/13/2021 22:00,32,4,1,0.323615934,12.4,44.2303277,-123.1622552,120
8/13/2021 22:10,32,4,1,0.230940108,11.6,44.2303277,-123.1622552,114
8/13/2021 22:20,32,4,1,0.533333333,12.4,44.2303277,-123.1622552,99
8/13/2021 22:30,32,4,1,0.337309617,11.6,44.2303277,-123.1622552,120
8/13/2021 22:40,32,4,1,0.393892771,12.4,44.2303277,-123.1622552,105
8/13/2021 22:50,32,4,1,0.56051924,11.6,44.2303277,-123.1622552,103
8/13/2021 23:00,32,4,1,0.252982213,11.6,44.2303277,-123.1622552,92
8/13/2021 23:10,32,4,1,0.323615934,11.6,44.2303277,-123.1622552,94
8/13/2021 23:20,32,4,1,0.230940108,11.6,44.2303277,-123.1622552,86
8/13/2021 23:30,32,4,1,0.534846339,11.6,44.2303277,-123.1622552,80
8/13/2021 23:40,32,4,1,0.361813613,11.6,44.2303277,-123.1622552,95
8/13/2021 23:50,32,4,1,0.361813613,11.6,44.2303277,-123.1622552,95
8/14/2021 0:00,32,4,1,0.323615934,12.4,44.2303277,-123.1622552,108
8/14/2021 0:10,32,4,1,0.311399578,11.6,44.2303277,-123.1622552,113
8/14/2021 0:20,32,4,1,0,11.6,44.2303277,-123.1622552,99
8/14/2021 0:30,32,4,1,0.341121146,11.6,44.2303277,-123.1622552,97
8/14/2021 0:40,32,4,1,0.311399578,11.6,44.2303277,-123.1622552,100
8/14/2021 0:50,32,4,1,0.431487912,11.6,44.2303277,-123.1622552,101
8/14/2021 1:00,32,4,1,1.006644591,13.2,44.2303277,-123.1622552,76
8/14/2021 1:10,32,4,1,0.377123617,12.4,44.2303277,-123.1622552,85
8/14/2021 1:20,32,4,1,0,11.6,44.2303277,-123.1622552,99
8/14/2021 1:30,32,4,1,0.421637021,12.4,44.2303277,-123.1622552,101
8/14/2021 1:40,32,4,1,0.521071158,12.4,44.2303277,-123.1622552,89
8/14/2021 1:50,32,4,1,0.230940108,11.6,44.2303277,-123.1622552,114
8/14/2021 2:00,32,4,1,0.438178046,11.6,44.2303277,-123.1622552,108
8/14/2021 2:10,32,4,1,0.311399578,11.6,44.2303277,-123.1622552,111
8/14/2021 2:20,32,4,1,0.393892771,12.4,44.2303277,-123.1622552,101
8/14/2021 2:30,32,4,1,0,11.6,44.2303277,-123.1622552,106
8/14/2021 2:40,32,4,1,0.53935989,12.4,44.2303277,-123.1622552,105
8/14/2021 2:50,32,4,1,0.230940108,11.6,44.2303277,-123.1622552,107
8/14/2021 3:00,32,4,1,0,11.6,44.2303277,-123.1622552,87
8/14/2021 3:10,32,4,1,0.48074017,11.6,44.2303277,-123.1622552,90
8/14/2021 3:20,32,4,1,0,11.6,44.2303277,-123.1622552,85
8/14/2021 3:30,32,4,1,0.361813613,11.6,44.2303277,-123.1622552,92
8/14/2021 3:40,32,4,1,0.565685425,12.4,44.2303277,-123.1622552,91
8/14/2021 3:50,32,4,1,0.266666667,11.6,44.2303277,-123.1622552,90
8/14/2021 4:00,32,4,1,0.393892771,11.6,44.2303277,-123.1622552,96
8/14/2021 4:10,32,4,1,0.311399578,11.6,44.2303277,-123.1622552,97
8/14/2021 4:20,32,4,1,NA,11.6,44.2303277,-123.1622552,52
8/14/2021 4:30,32,4,1,NA,13.2,44.2303277,-123.1622552,72
8/14/2021 4:40,32,4,1,NA,11.6,44.2303277,-123.1622552,81
8/14/2021 4:50,32,4,1,0,11.6,44.2303277,-123.1622552,92
8/14/2021 5:00,32,4,1,0.512695956,11.6,44.2303277,-123.1622552,112
8/14/2021 5:10,32,4,1,0.357770876,11.6,44.2303277,-123.1622552,116
8/14/2021 5:20,32,4,1,0.357770876,11.6,44.2303277,-123.1622552,119
8/14/2021 5:30,32,4,1,0.282842712,11.6,44.2303277,-123.1622552,112
8/14/2021 5:40,32,2,1,0.793650693,13.2,44.23122,-123.1629,112
8/14/2021 5:50,32,1,1,0,13.2,44.2333796,-123.1625399,83
8/14/2021 6:00,32,1,1,0.629436634,13.2,44.2333796,-123.1625399,83
8/14/2021 6:10,32,1,1,0.563323471,14,44.2333796,-123.1625399,83
8/14/2021 6:20,32,1,1,1.01505156,14,44.2333796,-123.1625399,78
8/14/2021 6:30,32,1,1,NA,13.2,44.2333796,-123.1625399,82
8/14/2021 6:50,32,1,1,0.461880215,13.2,44.2333796,-123.1625399,79
8/14/2021 7:00,32,1,1,0.282842712,13.2,44.2333796,-123.1625399,79
8/14/2021 7:10,32,1,1,0.603022689,13.2,44.2333796,-123.1625399,83
8/14/2021 7:20,32,1,1,1.13137085,14.8,44.2333796,-123.1625399,84
8/14/2021 7:30,32,1,1,0,13.2,44.2333796,-123.1625399,89
8/14/2021 7:40,32,1,1,0.894427191,13.2,44.2333796,-123.1625399,82
8/14/2021 7:50,32,1,1,NA,13.2,44.2333796,-123.1625399,76
8/14/2021 8:00,32,1,1,0.512695956,14,44.2333796,-123.1625399,87
8/14/2021 8:10,32,1,1,1.13137085,14,44.2333796,-123.1625399,82
8/14/2021 8:20,32,1,1,0.552052447,14,44.2333796,-123.1625399,84
8/14/2021 8:30,32,1,1,0.625388768,13.2,44.2333796,-123.1625399,78
8/14/2021 8:40,32,1,1,0.565685425,13.2,44.2333796,-123.1625399,82
8/14/2021 8:50,32,1,1,0.413118224,14,44.2333796,-123.1625399,82
8/14/2021 9:00,32,1,1,0.8,13.2,44.2333796,-123.1625399,85
8/14/2021 9:10,32,1,1,0.923760431,13.2,44.2333796,-123.1625399,74
8/14/2021 9:20,32,1,1,0.971988634,13.2,44.2333796,-123.1625399,91
8/14/2021 9:30,32,1,1,0.413118224,13.2,44.2333796,-123.1625399,85
8/14/2021 9:40,32,1,1,NA,14,44.2333796,-123.1625399,82
8/14/2021 9:50,32,1,1,0,13.2,44.2333796,-123.1625399,74
8/14/2021 10:00,32,1,1,0.390360029,13.2,44.2333796,-123.1625399,78
8/14/2021 10:10,32,1,1,0.669328021,14,44.2333796,-123.1625399,82
8/14/2021 10:20,32,1,1,0.595219047,13.2,44.2333796,-123.1625399,87
8/14/2021 10:30,32,1,1,NA,13.2,44.2333796,-123.1625399,76
8/14/2021 10:40,32,1,1,0.667877688,13.2,44.2333796,-123.1625399,87
8/14/2021 10:50,32,1,1,0.552052447,14,44.2333796,-123.1625399,83
8/14/2021 11:00,32,1,1,0.715541753,14,44.2333796,-123.1625399,70
8/14/2021 11:10,32,1,1,0,13.2,44.2333796,-123.1625399,82
8/14/2021 11:20,32,1,1,0.565685425,12.4,44.2333796,-123.1625399,52
8/14/2021 11:30,32,1,1,0.427617987,13.2,44.2333796,-123.1625399,85
8/14/2021 11:40,32,1,1,0.4,14,44.2333796,-123.1625399,85
8/14/2021 11:50,32,1,1,0,13.2,44.2333796,-123.1625399,83
8/14/2021 12:00,32,1,1,0.855235974,13.2,44.2333796,-123.1625399,84
8/14/2021 12:10,32,1,1,0,13.2,44.2333796,-123.1625399,71
8/14/2021 12:20,32,1,1,0.705533683,13.2,44.2333796,-123.1625399,83
8/14/2021 12:30,32,1,1,0.604743157,14,44.2333796,-123.1625399,80
8/14/2021 12:40,32,1,1,0.421637021,14.8,44.2333796,-123.1625399,79
8/14/2021 12:50,32,1,1,0.412720803,14,44.2333796,-123.1625399,85
8/14/2021 13:00,32,1,1,0.409047994,14.8,44.2333796,-123.1625399,82
8/14/2021 13:10,32,1,1,0.565685425,14.8,44.2333796,-123.1625399,90
8/14/2021 13:20,32,1,1,0.461880215,14,44.2333796,-123.1625399,84
8/14/2021 13:30,32,1,1,0.461880215,14.8,44.2333796,-123.1625399,78
8/14/2021 13:40,32,1,1,0.664967532,14,44.2333796,-123.1625399,84
8/14/2021 13:50,32,1,1,0.876356092,14,44.2333796,-123.1625399,83
8/14/2021 14:00,32,1,1,1.2,14.8,44.2333796,-123.1625399,91
8/14/2021 14:10,32,1,1,0.653197265,14,44.2333796,-123.1625399,81
8/14/2021 14:20,32,1,1,0.8,14,44.2333796,-123.1625399,74
8/14/2021 14:30,32,1,1,0.414039336,14,44.2333796,-123.1625399,83
8/14/2021 14:40,32,1,1,0.565685425,15.6,44.2333796,-123.1625399,90
8/14/2021 14:50,32,1,1,0.709124208,14.8,44.2333796,-123.1625399,83
8/14/2021 15:00,32,1,1,0.282842712,14,44.2333796,-123.1625399,90
8/14/2021 15:10,32,1,1,0.461880215,14,44.2333796,-123.1625399,80
8/14/2021 15:20,32,1,1,0.934198733,14.8,44.2333796,-123.1625399,88
8/14/2021 15:30,32,1,1,0.414039336,14,44.2333796,-123.1625399,89
8/14/2021 15:40,32,1,1,0.595219047,14.8,44.2333796,-123.1625399,77
8/14/2021 15:50,32,1,1,NA,13.2,44.2333796,-123.1625399,70
8/14/2021 16:00,32,1,1,0.628996314,14,44.2333796,-123.1625399,90
8/14/2021 16:10,32,1,1,0.512695956,14,44.2333796,-123.1625399,87
8/14/2021 16:20,32,1,1,0.653197265,14,44.2333796,-123.1625399,88
8/14/2021 16:30,32,1,1,1.073312629,15.6,44.2333796,-123.1625399,90
8/14/2021 16:40,32,1,1,0.53935989,14,44.2333796,-123.1625399,93
8/14/2021 16:50,32,1,1,0.602218122,13.2,44.2333796,-123.1625399,85
8/14/2021 17:00,32,1,1,0.505964426,14.8,44.2333796,-123.1625399,84
8/14/2021 17:10,32,1,1,0.602218122,14,44.2333796,-123.1625399,84
8/14/2021 17:20,32,1,1,0.565685425,14,44.2333796,-123.1625399,77
8/14/2021 17:30,32,1,1,0.421637021,14.8,44.2333796,-123.1625399,79
8/14/2021 17:40,32,1,1,0.512695956,14,44.2333796,-123.1625399,82
8/14/2021 17:50,32,1,1,0.438178046,14.8,44.2333796,-123.1625399,85
8/14/2021 18:00,32,1,1,0.461880215,14,44.2333796,-123.1625399,89
8/14/2021 18:10,32,1,1,0.461880215,14,44.2333796,-123.1625399,76
8/14/2021 18:20,32,1,1,1.13137085,14,44.2333796,-123.1625399,88
8/14/2021 18:30,32,1,1,0.512695956,14,44.2333796,-123.1625399,80
8/14/2021 18:40,32,1,1,0.653197265,14.8,44.2333796,-123.1625399,89
8/14/2021 18:50,32,1,1,0.48074017,14,44.2333796,-123.1625399,83
8/14/2021 19:00,32,1,1,0.68941578,14,44.2333796,-123.1625399,83
8/14/2021 19:10,32,1,1,0.604743157,14,44.2333796,-123.1625399,91
8/14/2021 19:20,32,1,1,0.59029183,14.8,44.2333796,-123.1625399,82
8/14/2021 19:30,32,1,1,0.74065608,14,44.2333796,-123.1625399,84
8/14/2021 19:40,32,1,1,0.443760157,14.8,44.2333796,-123.1625399,83
8/14/2021 19:50,32,1,1,0.282842712,13.2,44.2333796,-123.1625399,82
8/14/2021 20:00,32,1,1,0.660336245,14,44.2333796,-123.1625399,82
8/14/2021 20:10,32,1,1,0.474893472,14,44.2333796,-123.1625399,84
8/14/2021 20:20,32,1,1,0.669328021,14,44.2333796,-123.1625399,87
8/14/2021 20:30,32,1,1,0.971988634,14.8,44.2333796,-123.1625399,78
8/14/2021 20:40,32,1,1,0.4,14,44.2333796,-123.1625399,81
8/14/2021 20:50,32,1,1,1.13137085,14.8,44.2333796,-123.1625399,87
8/14/2021 21:00,32,1,1,0.777460253,14.8,44.2333796,-123.1625399,86
8/14/2021 21:10,32,1,1,0.510444277,14,44.2333796,-123.1625399,86
8/14/2021 21:20,32,1,1,0.386436713,14,44.2333796,-123.1625399,84
8/14/2021 21:30,32,1,1,0.726316895,15.6,44.2333796,-123.1625399,92
8/14/2021 21:40,32,1,1,NA,14.8,44.2333796,-123.1625399,74
8/14/2021 22:20,32,2,1,1.13137085,14,44.23122,-123.1629,71
8/14/2021 23:00,32,1,1,0.629436634,14,44.2333796,-123.1625399,83
8/14/2021 23:20,32,1,1,0.37032804,13.2,44.2333796,-123.1625399,84
8/14/2021 23:30,32,1,1,0.719788329,13.2,44.2333796,-123.1625399,80
8/15/2021 0:10,32,1,1,0.427617987,13.2,44.2333796,-123.1625399,80
8/15/2021 0:20,32,1,1,0.497265248,14,44.2333796,-123.1625399,78
8/15/2021 0:30,32,1,1,0.461880215,13.2,44.2333796,-123.1625399,80
8/15/2021 0:40,32,1,1,0.719788329,13.2,44.2333796,-123.1625399,81
8/15/2021 1:40,32,2,1,NA,14,44.23122,-123.1629,66
8/15/2021 1:50,32,2,1,0.438178046,13.2,44.23122,-123.1629,72
8/15/2021 2:40,32,2,1,0.715541753,14,44.23122,-123.1629,76
8/15/2021 3:50,32,2,1,0.565685425,13.2,44.23122,-123.1629,71
8/15/2021 4:00,32,2,1,0.565685425,13.2,44.23122,-123.1629,68
8/15/2021 4:10,32,2,1,0,14,44.23122,-123.1629,71
8/15/2021 4:30,32,2,1,0.461880215,13.2,44.23122,-123.1629,74
8/15/2021 4:40,32,2,1,0,13.2,44.23122,-123.1629,78
8/15/2021 5:30,32,2,1,1.006644591,14.8,44.23122,-123.1629,83
8/15/2021 5:40,32,2,1,NA,13.2,44.23122,-123.1629,78
8/15/2021 5:50,32,1,1,0,13.2,44.2333796,-123.1625399,75
8/15/2021 6:00,32,1,1,0.614739589,14,44.2333796,-123.1625399,83
8/15/2021 6:10,32,1,1,0.350823208,13.2,44.2333796,-123.1625399,86
8/15/2021 6:20,32,1,1,0.497265248,14,44.2333796,-123.1625399,86
8/15/2021 6:30,32,1,1,0.670166253,14.8,44.2333796,-123.1625399,88
8/15/2021 6:50,32,1,1,0.337309617,14,44.2333796,-123.1625399,85
8/15/2021 7:00,32,1,1,0.565685425,14,44.2333796,-123.1625399,75
8/15/2021 7:10,32,1,1,0.461880215,13.2,44.2333796,-123.1625399,74
8/15/2021 7:20,32,1,1,0.49959984,13.2,44.2333796,-123.1625399,84
8/15/2021 7:30,32,1,1,1.222020185,13.2,44.2333796,-123.1625399,82
8/15/2021 7:40,32,1,1,0.511747064,13.2,44.2333796,-123.1625399,81
8/15/2021 7:50,32,1,1,0.533333333,13.2,44.2333796,-123.1625399,89
8/15/2021 8:00,32,1,1,0.374560498,14,44.2333796,-123.1625399,87
8/15/2021 8:10,32,1,1,0.575185005,13.2,44.2333796,-123.1625399,85
8/15/2021 8:20,32,1,1,0.634369169,13.2,44.2333796,-123.1625399,83
8/15/2021 8:30,32,1,1,0.499411418,13.2,44.2333796,-123.1625399,84
8/15/2021 8:40,32,1,1,0.580008842,13.2,44.2333796,-123.1625399,82
8/15/2021 8:50,32,1,1,0.732900305,13.2,44.2333796,-123.1625399,92
8/15/2021 9:00,32,1,1,0.733465074,13.2,44.2333796,-123.1625399,84
8/15/2021 9:10,32,1,1,0.550041321,14,44.2333796,-123.1625399,90
8/15/2021 9:20,32,1,1,0.604743157,13.2,44.2333796,-123.1625399,84
8/15/2021 9:30,32,1,1,0.4,13.2,44.2333796,-123.1625399,82
8/15/2021 9:40,32,1,1,0.604743157,14,44.2333796,-123.1625399,84
8/15/2021 9:50,32,1,1,0.667618368,12.4,44.2333796,-123.1625399,84
8/15/2021 10:00,32,1,1,0.282842712,13.2,44.2333796,-123.1625399,87
8/15/2021 10:10,32,1,1,0.67909975,13.2,44.2333796,-123.1625399,88
8/15/2021 10:20,32,1,1,0.302371578,13.2,44.2333796,-123.1625399,87
8/15/2021 10:30,32,1,1,0.8,14,44.2333796,-123.1625399,79
8/15/2021 10:40,32,1,1,0.8,14,44.2333796,-123.1625399,75
8/15/2021 10:50,32,1,1,0.427617987,14,44.2333796,-123.1625399,76
8/15/2021 11:00,32,1,1,0.516964938,13.2,44.2333796,-123.1625399,83
8/15/2021 11:10,32,1,1,0.558385952,14,44.2333796,-123.1625399,85
8/15/2021 11:20,32,1,1,0.511952379,13.2,44.2333796,-123.1625399,81
8/15/2021 11:30,32,1,1,0.53935989,15.6,44.2333796,-123.1625399,92
8/15/2021 11:40,32,1,1,0.430561545,14,44.2333796,-123.1625399,86
8/15/2021 11:50,32,1,1,0.44817579,14,44.2333796,-123.1625399,87
8/15/2021 12:00,32,1,1,0.387664031,14,44.2333796,-123.1625399,82
8/15/2021 12:10,32,1,1,0.438178046,14.8,44.2333796,-123.1625399,84
8/15/2021 12:20,32,1,1,0.625388768,14.8,44.2333796,-123.1625399,80
8/15/2021 12:30,32,1,1,0.666666667,14,44.2333796,-123.1625399,78
8/15/2021 12:40,32,1,1,0.505964426,14,44.2333796,-123.1625399,84
8/15/2021 12:50,32,1,1,0.313785816,14,44.2333796,-123.1625399,92
8/15/2021 13:00,32,1,1,0.434794381,14,44.2333796,-123.1625399,90
8/15/2021 13:10,32,1,1,0.476221363,14,44.2333796,-123.1625399,87
8/15/2021 13:20,32,1,1,0.596193051,14.8,44.2333796,-123.1625399,89
8/15/2021 13:30,32,1,1,0.352766841,14,44.2333796,-123.1625399,88
8/15/2021 13:40,32,1,1,0.543708605,14,44.2333796,-123.1625399,85
8/15/2021 13:50,32,1,1,0.4,14,44.2333796,-123.1625399,84
8/15/2021 14:00,32,1,1,0.45411697,14,44.2333796,-123.1625399,85
8/15/2021 14:10,32,1,1,0.578997492,14.8,44.2333796,-123.1625399,82
8/15/2021 14:20,32,1,1,0.565685425,14.8,44.2333796,-123.1625399,85
8/15/2021 14:30,32,1,1,0.732900305,14,44.2333796,-123.1625399,86
8/15/2021 14:40,32,1,1,0.506658955,14.8,44.2333796,-123.1625399,81
8/15/2021 14:50,32,1,1,0,14.8,44.2333796,-123.1625399,78
8/15/2021 15:00,32,1,1,0.512410092,14.8,44.2333796,-123.1625399,88
8/15/2021 15:10,32,1,1,0.8,15.6,44.2333796,-123.1625399,73
8/15/2021 15:20,32,1,1,0.689853199,15.6,44.2333796,-123.1625399,93
8/15/2021 15:30,32,1,1,0.517409333,14.8,44.2333796,-123.1625399,91
8/15/2021 15:40,32,1,1,NA,14.8,44.2333796,-123.1625399,84
8/15/2021 15:50,32,1,1,0.48074017,14,44.2333796,-123.1625399,89
8/15/2021 16:00,32,1,1,0.674619234,14.8,44.2333796,-123.1625399,83
8/15/2021 16:10,32,1,1,0,14,44.2333796,-123.1625399,81
8/15/2021 16:20,32,1,1,0.715541753,14,44.2333796,-123.1625399,90
8/15/2021 16:30,32,1,1,0.602218122,15.6,44.2333796,-123.1625399,85
8/15/2021 16:40,32,1,1,1.13137085,14.8,44.2333796,-123.1625399,79
8/15/2021 16:50,32,1,1,2.2627417,15.6,44.2333796,-123.1625399,81
8/15/2021 17:00,32,1,1,NA,14.8,44.2333796,-123.1625399,77
8/15/2021 17:10,32,1,1,0.326598632,14,44.2333796,-123.1625399,79
8/15/2021 17:20,32,1,1,0.595219047,14.8,44.2333796,-123.1625399,87
8/15/2021 17:30,32,1,1,0.438178046,14,44.2333796,-123.1625399,83
8/15/2021 17:40,32,1,1,0.4,14,44.2333796,-123.1625399,93
8/15/2021 18:00,32,1,1,NA,14.8,44.2333796,-123.1625399,79
8/15/2021 18:10,32,1,1,0.72026931,14.8,44.2333796,-123.1625399,84
8/15/2021 18:20,32,1,1,0.653197265,14,44.2333796,-123.1625399,82
8/15/2021 18:30,32,1,1,0.786553664,14,44.2333796,-123.1625399,79
8/15/2021 18:40,32,1,1,0.8,14.8,44.2333796,-123.1625399,84
8/15/2021 18:50,32,1,1,0.461880215,14.8,44.2333796,-123.1625399,88
8/15/2021 19:00,32,1,1,0.742368582,14,44.2333796,-123.1625399,85
8/15/2021 19:10,32,1,1,0.765941686,14,44.2333796,-123.1625399,83
8/15/2021 19:20,32,1,1,0.517335833,14,44.2333796,-123.1625399,92
8/15/2021 19:30,32,1,1,0.241209076,14,44.2333796,-123.1625399,84
8/15/2021 19:40,32,1,1,0.377123617,13.2,44.2333796,-123.1625399,80
8/15/2021 19:50,32,1,1,1.000512689,14.8,44.2333796,-123.1625399,86
8/15/2021 20:00,32,2,1,0.935236156,15.6,44.23122,-123.1629,93
8/15/2021 20:20,32,2,1,0.565685425,14,44.23122,-123.1629,82
8/15/2021 20:30,32,1,1,0.848528137,14,44.2333796,-123.1625399,91
8/15/2021 20:40,32,1,1,1.222020185,14,44.2333796,-123.1625399,76
8/15/2021 20:50,32,1,1,0.731098827,14.8,44.2333796,-123.1625399,90
8/15/2021 21:00,32,1,1,0.357770876,14,44.2333796,-123.1625399,90
8/15/2021 21:10,32,1,1,0.661153676,14.8,44.2333796,-123.1625399,92
8/15/2021 21:20,32,1,1,0.696041032,14,44.2333796,-123.1625399,85
8/15/2021 21:30,32,1,1,NA,15.6,44.2333796,-123.1625399,75
8/15/2021 21:40,32,1,1,0.565685425,14,44.2333796,-123.1625399,79
8/15/2021 22:00,32,2,1,0.565685425,14,44.23122,-123.1629,95
8/15/2021 22:20,32,2,1,0.326598632,14,44.23122,-123.1629,93
8/15/2021 22:40,32,2,1,NA,14,44.23122,-123.1629,88
8/15/2021 23:00,32,2,2,0.565685425,14,44.23122,-123.1629,84
8/15/2021 23:10,32,2,1,NA,14.8,44.23122,-123.1629,96
8/15/2021 23:20,32,2,1,0.438178046,14.8,44.23122,-123.1629,78
8/15/2021 23:30,32,2,1,0.565685425,14,44.23122,-123.1629,85
8/15/2021 23:40,32,2,1,0.8,14.8,44.23122,-123.1629,72
8/15/2021 23:50,32,2,1,0.352766841,14,44.23122,-123.1629,74
8/16/2021 0:00,32,2,1,0.266666667,13.2,44.23122,-123.1629,81
8/16/2021 0:10,32,2,1,0,14,44.23122,-123.1629,114
8/16/2021 0:20,32,2,1,0.414039336,14.8,44.23122,-123.1629,112
8/16/2021 0:40,32,2,1,0.48074017,14,44.23122,-123.1629,75
8/16/2021 1:00,32,2,1,0.715541753,14,44.23122,-123.1629,97
8/16/2021 1:10,32,2,1,0.4,14,44.23122,-123.1629,78
8/16/2021 1:20,32,2,1,0.41194292,14,44.23122,-123.1629,85
8/16/2021 1:30,32,2,1,0.413118224,14,44.23122,-123.1629,82
8/16/2021 1:40,32,2,1,0.311399578,14,44.23122,-123.1629,89
8/16/2021 2:00,32,2,1,0.361813613,14,44.23122,-123.1629,87
8/16/2021 2:10,32,2,1,0.427617987,14,44.23122,-123.1629,85
8/16/2021 2:20,32,2,1,0.37032804,14.8,44.23122,-123.1629,111
8/16/2021 2:30,32,2,1,1.076148335,14,44.23122,-123.1629,98
8/16/2021 3:00,32,2,1,NA,13.2,44.23122,-123.1629,79
8/16/2021 3:30,32,2,2,NA,14.8,44.23122,-123.1629,53
8/16/2021 5:30,32,2,1,0.565685425,14,44.23122,-123.1629,73
8/16/2021 6:00,32,1,1,1.13137085,14,44.2333796,-123.1625399,78
8/16/2021 6:10,32,1,1,0.565685425,13.2,44.2333796,-123.1625399,85
8/16/2021 6:20,32,1,1,0.4,13.2,44.2333796,-123.1625399,89
8/16/2021 6:40,32,1,1,0,14,44.2333796,-123.1625399,80
8/16/2021 6:50,32,1,1,NA,12.4,44.2333796,-123.1625399,73
8/16/2021 7:00,32,1,1,NA,13.2,44.2333796,-123.1625399,82
8/16/2021 7:10,32,1,1,NA,14,44.2333796,-123.1625399,80
8/16/2021 7:20,32,1,1,0.427617987,13.2,44.2333796,-123.1625399,81
8/16/2021 7:30,32,2,1,NA,14,44.23122,-123.1629,75
8/16/2021 8:00,32,1,1,0.826236447,14,44.2333796,-123.1625399,85
8/16/2021 8:20,32,1,1,1.13137085,13.2,44.2333796,-123.1625399,76
8/16/2021 8:30,32,1,1,0,14,44.2333796,-123.1625399,83
8/16/2021 8:40,32,1,1,0,14,44.2333796,-123.1625399,78
8/16/2021 8:50,32,1,1,0.461880215,12.4,44.2333796,-123.1625399,81
8/16/2021 9:00,32,1,1,0.461880215,13.2,44.2333796,-123.1625399,78
8/16/2021 9:10,32,1,1,NA,13.2,44.2333796,-123.1625399,58
8/16/2021 9:20,32,1,1,0.8,14.8,44.2333796,-123.1625399,85
8/16/2021 9:30,32,1,1,0.461880215,14,44.2333796,-123.1625399,82
8/16/2021 9:50,32,1,1,0.653197265,14,44.2333796,-123.1625399,78
8/16/2021 10:10,32,1,1,0,14,44.2333796,-123.1625399,79
8/16/2021 10:20,32,1,1,0.390360029,14.8,44.2333796,-123.1625399,84
8/16/2021 10:30,32,1,1,NA,14,44.2333796,-123.1625399,84
8/16/2021 10:40,32,1,1,NA,14,44.2333796,-123.1625399,83
8/16/2021 10:50,32,1,1,0.8,14.8,44.2333796,-123.1625399,74
8/16/2021 11:00,32,1,1,NA,15.6,44.2333796,-123.1625399,73
8/16/2021 11:20,32,1,1,0.565685425,14.8,44.2333796,-123.1625399,80
8/16/2021 11:40,32,1,1,0.461880215,14.8,44.2333796,-123.1625399,81
8/16/2021 11:50,32,1,1,NA,14.8,44.2333796,-123.1625399,77
8/16/2021 12:10,32,1,1,NA,14.8,44.2333796,-123.1625399,73
8/16/2021 12:30,32,1,1,NA,14,44.2333796,-123.1625399,78
8/16/2021 12:40,32,1,1,NA,14,44.2333796,-123.1625399,85
8/16/2021 13:10,32,1,1,0.461880215,14,44.2333796,-123.1625399,90
8/16/2021 13:30,32,1,1,NA,14,44.2333796,-123.1625399,77
8/16/2021 13:40,32,1,1,0.664967532,14,44.2333796,-123.1625399,85
8/16/2021 13:50,32,1,1,0.415099617,14.8,44.2333796,-123.1625399,80
8/16/2021 14:00,32,1,1,0,14,44.2333796,-123.1625399,86
8/16/2021 14:10,32,1,1,0.53935989,14.8,44.2333796,-123.1625399,84
8/16/2021 14:20,32,1,1,1.13137085,14,44.2333796,-123.1625399,80
8/16/2021 14:30,32,1,1,0.282842712,14,44.2333796,-123.1625399,84
8/16/2021 14:40,32,1,1,0.454899256,14.8,44.2333796,-123.1625399,84
8/16/2021 14:50,32,1,1,0.456288991,14,44.2333796,-123.1625399,89
8/16/2021 15:00,32,1,1,0.326598632,15.6,44.2333796,-123.1625399,79
8/16/2021 15:10,32,1,1,0.653197265,15.6,44.2333796,-123.1625399,75
8/16/2021 15:20,32,1,1,0.466386471,14.8,44.2333796,-123.1625399,86
8/16/2021 15:30,32,1,1,0.559364719,14.8,44.2333796,-123.1625399,87
8/16/2021 15:50,32,1,1,0.390360029,14.8,44.2333796,-123.1625399,88
8/16/2021 16:00,32,1,1,0.461880215,14.8,44.2333796,-123.1625399,83
8/16/2021 16:20,32,1,1,0.357770876,14.8,44.2333796,-123.1625399,79
8/16/2021 16:30,32,1,1,0.53935989,14.8,44.2333796,-123.1625399,88
8/16/2021 16:50,32,1,1,NA,14,44.2333796,-123.1625399,72
8/16/2021 17:00,32,1,1,0.565303592,16.4,44.2333796,-123.1625399,86
8/16/2021 17:10,32,1,1,0.474893472,15.6,44.2333796,-123.1625399,83
8/16/2021 17:30,32,1,1,NA,14.8,44.2333796,-123.1625399,71
8/16/2021 17:50,32,1,1,0.534846339,13.2,44.2333796,-123.1625399,87
8/16/2021 18:10,32,1,1,0.461880215,15.6,44.2333796,-123.1625399,91
8/16/2021 18:20,32,1,1,0.461880215,14.8,44.2333796,-123.1625399,84
8/16/2021 18:30,32,1,1,0.427617987,14.8,44.2333796,-123.1625399,89
8/16/2021 18:40,32,1,1,0.357770876,14.8,44.2333796,-123.1625399,93
8/16/2021 18:50,32,1,1,0.565685425,14,44.2333796,-123.1625399,78
8/16/2021 19:00,32,1,1,0,14.8,44.2333796,-123.1625399,84
8/16/2021 19:30,32,1,1,0.923760431,14.8,44.2333796,-123.1625399,96
8/16/2021 19:40,32,1,1,0,14.8,44.2333796,-123.1625399,90
8/16/2021 19:50,32,1,1,0,14.8,44.2333796,-123.1625399,78
8/16/2021 20:00,32,1,1,0.602218122,14.8,44.2333796,-123.1625399,84
8/16/2021 20:10,32,1,1,0.710100292,14,44.2333796,-123.1625399,82
8/16/2021 20:20,32,1,1,0.882970194,14.8,44.2333796,-123.1625399,91
8/16/2021 20:30,32,1,1,0.552052447,15.6,44.2333796,-123.1625399,81
8/16/2021 20:40,32,1,1,1.13137085,14.8,44.2333796,-123.1625399,79
8/16/2021 20:50,32,1,1,0.876356092,14,44.2333796,-123.1625399,81
8/16/2021 21:00,32,1,1,0.694491786,14.8,44.2333796,-123.1625399,87
8/16/2021 21:10,32,1,1,0.826236447,15.6,44.2333796,-123.1625399,88
8/16/2021 21:20,32,1,1,0.461880215,14.8,44.2333796,-123.1625399,83
8/16/2021 21:30,32,1,1,0.461880215,14,44.2333796,-123.1625399,76
8/16/2021 21:40,32,2,1,0,14.8,44.23122,-123.1629,80
8/16/2021 21:50,32,1,1,NA,14.8,44.2333796,-123.1625399,73
8/16/2021 22:00,32,1,1,0.780720058,14,44.2333796,-123.1625399,81
8/16/2021 22:10,32,2,1,0.426995997,14.8,44.23122,-123.1629,86
8/16/2021 22:20,32,2,1,0.428485296,14,44.23122,-123.1629,85
8/16/2021 22:30,32,1,1,0.427296832,14,44.2333796,-123.1625399,83
8/16/2021 22:40,32,2,1,0.509798176,14.8,44.23122,-123.1629,84
8/16/2021 22:50,32,1,1,0.596127856,15.6,44.2333796,-123.1625399,77
8/16/2021 23:10,32,1,1,NA,14,44.2333796,-123.1625399,70
8/16/2021 23:20,32,2,1,0.512695956,14,44.23122,-123.1629,73
8/16/2021 23:30,32,1,1,0.669328021,14.8,44.2333796,-123.1625399,73
8/16/2021 23:40,32,1,1,0.411596604,14,44.2333796,-123.1625399,82
8/16/2021 23:50,32,1,1,0.428242703,14,44.2333796,-123.1625399,85
8/17/2021 0:00,32,1,1,0.669328021,14,44.2333796,-123.1625399,83
8/17/2021 0:20,32,1,1,0.427617987,14.8,44.2333796,-123.1625399,80
8/17/2021 0:30,32,1,1,0.304554795,14,44.2333796,-123.1625399,83
8/17/2021 0:40,32,1,1,0.768989616,14,44.2333796,-123.1625399,80
8/17/2021 0:50,32,1,1,0,14.8,44.2333796,-123.1625399,83
8/17/2021 1:00,32,1,1,0,14.8,44.2333796,-123.1625399,74
8/17/2021 1:10,32,1,1,0.565685425,14.8,44.2333796,-123.1625399,75
8/17/2021 1:40,32,2,1,0.923760431,14.8,44.23122,-123.1629,74
8/17/2021 2:00,32,2,1,0,13.2,44.23122,-123.1629,77
8/17/2021 2:10,32,1,1,2.828427125,12.4,44.2333796,-123.1625399,77
8/17/2021 2:30,32,2,1,0.653197265,16.4,44.23122,-123.1629,89
8/17/2021 3:40,32,2,1,0,14.8,44.23122,-123.1629,85
8/17/2021 3:50,32,1,1,NA,15.6,44.2333796,-123.1625399,73
8/17/2021 4:00,32,1,1,NA,16.4,44.2333796,-123.1625399,82
8/17/2021 4:10,32,2,1,NA,15.6,44.23122,-123.1629,79
8/17/2021 4:50,32,1,1,NA,14.8,44.2333796,-123.1625399,71
8/17/2021 5:10,32,2,1,NA,14,44.23122,-123.1629,79
8/17/2021 5:50,32,1,1,0.628763799,15.6,44.2333796,-123.1625399,93
8/17/2021 6:00,32,1,1,0.860921466,15.6,44.2333796,-123.1625399,93
8/17/2021 6:20,32,1,1,0.4,14,44.2333796,-123.1625399,81
8/17/2021 6:30,32,1,1,0.461880215,14,44.2333796,-123.1625399,73
8/17/2021 6:40,32,1,1,NA,14,44.2333796,-123.1625399,80
8/17/2021 7:10,32,1,1,0.4,14.8,44.2333796,-123.1625399,89
8/17/2021 8:00,32,1,1,NA,14,44.2333796,-123.1625399,85
8/17/2021 8:10,32,1,1,NA,14.8,44.2333796,-123.1625399,76
8/17/2021 8:20,32,1,1,0.581186526,15.6,44.2333796,-123.1625399,84
8/17/2021 8:30,32,1,1,0.876356092,14,44.2333796,-123.1625399,89
8/17/2021 8:40,32,1,1,NA,16.4,44.2333796,-123.1625399,82
8/17/2021 8:50,32,1,1,0.357770876,14.8,44.2333796,-123.1625399,89
8/17/2021 9:00,32,1,1,0.461880215,14,44.2333796,-123.1625399,86
8/17/2021 9:10,32,1,1,1.093008082,14.8,44.2333796,-123.1625399,87
8/17/2021 9:20,32,1,1,0,14,44.2333796,-123.1625399,82
8/17/2021 9:30,32,1,1,1.093008082,14,44.2333796,-123.1625399,86
8/17/2021 9:40,32,1,1,0,14,44.2333796,-123.1625399,84
8/17/2021 9:50,32,1,1,0.600605755,14.8,44.2333796,-123.1625399,86
8/17/2021 10:00,32,1,1,0.979795897,13.2,44.2333796,-123.1625399,86
8/17/2021 10:20,32,1,1,0.765941686,14,44.2333796,-123.1625399,88
8/17/2021 10:30,32,1,1,0.461880215,13.2,44.2333796,-123.1625399,88
8/17/2021 10:50,32,2,1,0.461880215,14,44.23122,-123.1629,80
8/17/2021 11:00,32,1,1,0.565685425,14,44.2333796,-123.1625399,88
8/17/2021 11:10,32,1,1,NA,14.8,44.2333796,-123.1625399,75
8/17/2021 11:20,32,1,1,NA,12.4,44.2333796,-123.1625399,83
8/17/2021 11:30,32,1,1,0,13.2,44.2333796,-123.1625399,92
8/17/2021 11:40,32,1,1,0.826236447,13.2,44.2333796,-123.1625399,81
8/17/2021 11:50,32,1,1,NA,13.2,44.2333796,-123.1625399,76
8/17/2021 12:00,32,1,1,0.968848113,13.2,44.2333796,-123.1625399,78
8/17/2021 12:20,32,1,1,0.34299717,14,44.2333796,-123.1625399,85
8/17/2021 12:30,32,1,1,1.093008082,16.4,44.2333796,-123.1625399,84
8/17/2021 12:40,32,1,1,0.826236447,14.8,44.2333796,-123.1625399,84
8/17/2021 12:50,32,1,1,0.438178046,14.8,44.2333796,-123.1625399,91
8/17/2021 13:00,32,1,1,NA,14,44.2333796,-123.1625399,79
8/17/2021 13:10,32,1,1,NA,14.8,44.2333796,-123.1625399,76
8/17/2021 13:20,32,1,1,0,14,44.2333796,-123.1625399,81
8/17/2021 13:30,32,1,1,NA,14,44.2333796,-123.1625399,74
8/17/2021 13:40,32,1,1,0.91214034,14,44.2333796,-123.1625399,79
8/17/2021 13:50,32,1,1,0.461880215,14,44.2333796,-123.1625399,80
8/17/2021 14:10,32,1,1,0.565685425,14.8,44.2333796,-123.1625399,82
8/17/2021 14:20,32,1,1,NA,13.2,44.2333796,-123.1625399,73
8/17/2021 14:30,32,1,1,0.565685425,14.8,44.2333796,-123.1625399,86
8/17/2021 14:40,32,1,1,0,14,44.2333796,-123.1625399,78
8/17/2021 14:50,32,1,1,0.414039336,14.8,44.2333796,-123.1625399,90
8/17/2021 15:00,32,1,1,0.461880215,14,44.2333796,-123.1625399,84
8/17/2021 15:10,32,1,1,NA,14.8,44.2333796,-123.1625399,85
8/17/2021 15:20,32,1,1,0.935236156,14,44.2333796,-123.1625399,86
8/17/2021 15:30,32,1,1,NA,13.2,44.2333796,-123.1625399,75
8/17/2021 15:40,32,1,1,0,14,44.2333796,-123.1625399,91
8/17/2021 15:50,32,1,1,1.377921139,14,44.2333796,-123.1625399,83
8/17/2021 16:00,32,1,1,NA,14,44.2333796,-123.1625399,85
8/17/2021 16:20,32,1,1,0.602218122,14,44.2333796,-123.1625399,95
8/17/2021 16:30,32,1,1,NA,14.8,44.2333796,-123.1625399,76
8/17/2021 16:40,32,1,1,0.565685425,14.8,44.2333796,-123.1625399,94
8/17/2021 16:50,32,1,1,0.776114,14,44.2333796,-123.1625399,88
8/17/2021 17:00,32,1,1,0.565685425,14,44.2333796,-123.1625399,91
8/17/2021 17:10,32,1,1,0.653197265,14,44.2333796,-123.1625399,88
8/17/2021 17:20,32,1,1,0.438178046,14,44.2333796,-123.1625399,84
8/17/2021 17:30,32,1,1,0.595219047,14.8,44.2333796,-123.1625399,89
8/17/2021 17:40,32,1,1,0.282842712,14,44.2333796,-123.1625399,88
8/17/2021 17:50,32,1,1,1.13137085,15.6,44.2333796,-123.1625399,82
8/17/2021 18:00,32,1,1,0.4,14.8,44.2333796,-123.1625399,88
8/17/2021 18:10,32,1,1,0.4,14.8,44.2333796,-123.1625399,91
8/17/2021 18:20,32,1,1,0.923760431,13.2,44.2333796,-123.1625399,78
8/17/2021 18:30,32,1,1,NA,14,44.2333796,-123.1625399,88
8/17/2021 18:40,32,1,1,0.438178046,14,44.2333796,-123.1625399,84
8/17/2021 18:50,32,1,1,0,14,44.2333796,-123.1625399,91
8/17/2021 19:00,32,1,1,0.602218122,14,44.2333796,-123.1625399,82
8/17/2021 19:10,32,1,1,0.765941686,14.8,44.2333796,-123.1625399,87
8/17/2021 19:20,32,1,1,NA,14,44.2333796,-123.1625399,74
8/17/2021 19:40,32,1,1,0.8,14.8,44.2333796,-123.1625399,78
8/17/2021 19:50,32,1,1,0.4,14,44.2333796,-123.1625399,77
8/17/2021 20:00,32,1,1,0.923760431,14.8,44.2333796,-123.1625399,82
8/17/2021 20:10,32,1,1,0.653197265,15.6,44.2333796,-123.1625399,82
8/17/2021 20:20,32,1,1,0.403619983,14,44.2333796,-123.1625399,88
8/17/2021 20:30,32,1,1,0.742368582,14.8,44.2333796,-123.1625399,82
8/17/2021 20:40,32,1,1,0.594578682,14,44.2333796,-123.1625399,85
8/17/2021 20:50,32,1,1,0.461880215,14.8,44.2333796,-123.1625399,76
8/17/2021 21:00,32,1,1,0.461880215,14,44.2333796,-123.1625399,82
8/17/2021 21:10,32,1,1,0.390360029,14.8,44.2333796,-123.1625399,85
8/17/2021 21:20,32,1,1,1.118729438,14.8,44.2333796,-123.1625399,77
8/17/2021 21:30,32,1,1,0.393892771,14,44.2333796,-123.1625399,85
8/17/2021 21:40,32,1,1,0.4,14,44.2333796,-123.1625399,80
8/17/2021 22:00,32,1,1,0.602218122,14,44.2333796,-123.1625399,78
8/17/2021 22:10,32,1,1,0.433366205,14.8,44.2333796,-123.1625399,81
8/17/2021 22:40,32,1,1,NA,14.8,44.2333796,-123.1625399,73
8/17/2021 22:50,32,1,1,1.13137085,14.8,44.2333796,-123.1625399,85
8/17/2021 23:00,32,1,1,0.461880215,13.2,44.2333796,-123.1625399,74
8/17/2021 23:10,32,1,1,NA,15.6,44.2333796,-123.1625399,78
8/17/2021 23:50,32,1,1,NA,14,44.2333796,-123.1625399,75
8/18/2021 0:00,32,1,1,NA,14,44.2333796,-123.1625399,83
8/18/2021 0:20,32,1,1,0.565685425,15.6,44.2333796,-123.1625399,92
8/18/2021 2:30,32,1,1,0,14,44.2333796,-123.1625399,87
8/18/2021 2:40,32,1,1,0.461880215,14.8,44.2333796,-123.1625399,80
8/18/2021 2:50,32,1,1,0,14.8,44.2333796,-123.1625399,74
8/18/2021 3:00,32,1,1,NA,12.4,44.2333796,-123.1625399,65
8/18/2021 3:30,32,1,1,0.602218122,13.2,44.2333796,-123.1625399,76
8/18/2021 4:10,32,1,1,0.565685425,13.2,44.2333796,-123.1625399,73
8/18/2021 4:30,32,1,1,0,13.2,44.2333796,-123.1625399,81
8/18/2021 5:00,32,1,1,NA,14,44.2333796,-123.1625399,88
8/18/2021 5:20,32,1,1,0.923760431,13.2,44.2333796,-123.1625399,72
8/18/2021 5:30,32,1,1,0.565685425,13.2,44.2333796,-123.1625399,94
8/18/2021 5:40,32,1,1,1.13137085,14,44.2333796,-123.1625399,76
8/18/2021 5:50,32,1,1,1.559487095,13.2,44.2333796,-123.1625399,94
8/18/2021 6:00,32,1,1,1.006644591,14.8,44.2333796,-123.1625399,91
8/18/2021 6:10,32,1,1,0.413118224,13.2,44.2333796,-123.1625399,86
8/18/2021 6:20,32,1,1,1.13137085,13.2,44.2333796,-123.1625399,75
8/18/2021 6:40,32,1,1,NA,14,44.2333796,-123.1625399,64
8/18/2021 6:50,32,1,1,0,14,44.2333796,-123.1625399,88
8/18/2021 7:00,32,1,1,NA,12.4,44.2333796,-123.1625399,80
8/18/2021 7:20,32,1,1,0,14,44.2333796,-123.1625399,83
8/18/2021 7:30,32,1,1,0,13.2,44.2333796,-123.1625399,87
8/18/2021 7:40,32,1,1,0.565685425,14,44.2333796,-123.1625399,76
8/18/2021 7:50,32,1,1,NA,14,44.2333796,-123.1625399,76
8/18/2021 8:00,32,1,1,0.565685425,14,44.2333796,-123.1625399,85
8/18/2021 8:10,32,1,1,0.653197265,14,44.2333796,-123.1625399,75
8/18/2021 8:30,32,1,1,0,13.2,44.2333796,-123.1625399,86
8/18/2021 8:40,32,1,1,0.8,14.8,44.2333796,-123.1625399,80
8/18/2021 8:50,32,1,1,0.765941686,14,44.2333796,-123.1625399,89
8/18/2021 9:00,32,1,1,1.697056275,14,44.2333796,-123.1625399,76
8/18/2021 9:10,32,1,1,0.357770876,13.2,44.2333796,-123.1625399,91
8/18/2021 9:20,32,1,1,0.461880215,13.2,44.2333796,-123.1625399,86
8/18/2021 9:40,32,1,1,NA,13.2,44.2333796,-123.1625399,79
8/18/2021 9:50,32,1,1,0.765941686,13.2,44.2333796,-123.1625399,79
8/18/2021 10:00,32,1,1,0.653197265,13.2,44.2333796,-123.1625399,75
8/18/2021 10:10,32,1,1,1.13137085,14,44.2333796,-123.1625399,81
8/18/2021 10:20,32,1,1,0.63104851,13.2,44.2333796,-123.1625399,87
8/18/2021 10:30,32,1,1,0,14,44.2333796,-123.1625399,84
8/18/2021 10:40,32,1,1,0,13.2,44.2333796,-123.1625399,77
8/18/2021 10:50,32,1,1,0.461880215,14,44.2333796,-123.1625399,75
8/18/2021 11:00,32,1,1,0.8,13.2,44.2333796,-123.1625399,80
8/18/2021 11:10,32,1,1,0.403619983,14,44.2333796,-123.1625399,87
8/18/2021 11:20,32,1,1,0.357770876,14,44.2333796,-123.1625399,93
8/18/2021 11:30,32,1,1,0.843274043,14.8,44.2333796,-123.1625399,89
8/18/2021 11:40,32,1,1,0,14,44.2333796,-123.1625399,82
8/18/2021 11:50,32,1,1,0.461880215,14,44.2333796,-123.1625399,90
8/18/2021 12:00,32,1,1,0.505964426,14,44.2333796,-123.1625399,89
8/18/2021 12:10,32,1,1,0.956182887,14,44.2333796,-123.1625399,81
8/18/2021 12:20,32,1,1,0.431487912,14,44.2333796,-123.1625399,86
8/18/2021 12:30,32,1,1,0.8,14.8,44.2333796,-123.1625399,81
8/18/2021 12:40,32,1,1,0,14,44.2333796,-123.1625399,88
8/18/2021 12:50,32,1,1,0.461880215,14,44.2333796,-123.1625399,83
8/18/2021 13:00,32,1,1,0.461880215,14,44.2333796,-123.1625399,80
8/18/2021 13:10,32,1,1,0.413118224,14,44.2333796,-123.1625399,83
8/18/2021 13:20,32,1,1,0.461880215,14,44.2333796,-123.1625399,85
8/18/2021 13:30,32,1,1,0.478594433,14,44.2333796,-123.1625399,82
8/18/2021 13:40,32,1,1,0.505964426,14,44.2333796,-123.1625399,82
8/18/2021 13:50,32,1,1,0.855235974,14.8,44.2333796,-123.1625399,84
8/18/2021 14:00,32,1,1,0,14,44.2333796,-123.1625399,81
8/18/2021 14:10,32,1,1,1.13137085,14.8,44.2333796,-123.1625399,94
8/18/2021 14:20,32,1,1,0.461880215,14.8,44.2333796,-123.1625399,95
8/18/2021 14:30,32,1,1,0.461880215,15.6,44.2333796,-123.1625399,88
8/18/2021 14:40,32,1,1,0.765941686,15.6,44.2333796,-123.1625399,87
8/18/2021 14:50,32,1,1,1.13137085,17.2,44.2333796,-123.1625399,85
8/18/2021 15:00,32,1,1,0,14.8,44.2333796,-123.1625399,85
8/18/2021 15:10,32,1,1,0.461880215,15.6,44.2333796,-123.1625399,85
8/18/2021 15:20,32,1,1,0.461880215,14.8,44.2333796,-123.1625399,80
8/18/2021 15:30,32,1,1,0.438178046,14.8,44.2333796,-123.1625399,84
8/18/2021 15:40,32,1,1,NA,14,44.2333796,-123.1625399,81
8/18/2021 16:00,32,1,1,0.552052447,14.8,44.2333796,-123.1625399,90
8/18/2021 16:10,32,1,1,0.777460253,14.8,44.2333796,-123.1625399,82
8/18/2021 16:20,32,1,1,0.505964426,14.8,44.2333796,-123.1625399,86
8/18/2021 16:30,32,1,1,NA,16.4,44.2333796,-123.1625399,78
8/18/2021 16:40,32,1,1,NA,15.6,44.2333796,-123.1625399,80
8/18/2021 16:50,32,1,1,0.8,16.4,44.2333796,-123.1625399,84
8/18/2021 17:00,32,1,1,NA,14.8,44.2333796,-123.1625399,85
8/18/2021 17:10,32,1,1,0.715541753,14.8,44.2333796,-123.1625399,79
8/18/2021 17:20,32,1,1,0.4,15.6,44.2333796,-123.1625399,89
8/18/2021 17:30,32,1,1,0.565685425,14.8,44.2333796,-123.1625399,78
8/18/2021 17:40,32,1,1,0.357770876,15.6,44.2333796,-123.1625399,83
8/18/2021 17:50,32,1,1,0.461880215,14.8,44.2333796,-123.1625399,83
8/18/2021 18:00,32,1,1,1.222020185,17.2,44.2333796,-123.1625399,79
8/18/2021 18:10,32,1,1,0.4,15.6,44.2333796,-123.1625399,82
8/18/2021 18:20,32,1,1,0,14.8,44.2333796,-123.1625399,88
8/18/2021 18:40,32,1,1,0.461880215,15.6,44.2333796,-123.1625399,94
8/18/2021 18:50,32,1,1,0.461880215,14.8,44.2333796,-123.1625399,83
8/18/2021 19:10,32,1,1,0.653197265,14,44.2333796,-123.1625399,87
8/18/2021 19:20,32,1,1,0,14.8,44.2333796,-123.1625399,87
8/18/2021 19:30,32,1,1,0.461880215,14.8,44.2333796,-123.1625399,85
8/18/2021 19:40,32,1,1,0.461880215,15.6,44.2333796,-123.1625399,85
8/18/2021 19:50,32,1,1,0,14.8,44.2333796,-123.1625399,93
8/18/2021 20:00,32,1,1,0.669328021,15.6,44.2333796,-123.1625399,89
8/18/2021 20:10,32,1,1,0.326598632,16.4,44.2333796,-123.1625399,93
8/18/2021 20:20,32,1,1,0.709124208,16.4,44.2333796,-123.1625399,92
8/18/2021 20:30,32,1,1,0.904310664,15.6,44.2333796,-123.1625399,84
8/18/2021 20:40,32,1,1,0.4,16.4,44.2333796,-123.1625399,82
8/18/2021 20:50,32,1,1,0.715541753,15.6,44.2333796,-123.1625399,91
8/18/2021 21:00,32,1,1,0.581186526,15.6,44.2333796,-123.1625399,80
8/18/2021 21:10,32,1,1,0.4,15.6,44.2333796,-123.1625399,81
8/18/2021 21:20,32,1,1,0.230940108,15.6,44.2333796,-123.1625399,84
8/18/2021 21:30,32,1,1,NA,15.6,44.2333796,-123.1625399,77
8/18/2021 21:40,32,1,1,0.765941686,14.8,44.2333796,-123.1625399,80
8/18/2021 22:20,32,1,1,NA,14.8,44.2333796,-123.1625399,73
8/18/2021 22:30,32,1,1,0,15.6,44.2333796,-123.1625399,75
8/18/2021 22:50,32,1,1,NA,15.6,44.2333796,-123.1625399,90
8/18/2021 23:00,32,1,1,1.13137085,15.6,44.2333796,-123.1625399,82
8/18/2021 23:20,32,1,1,0,14.8,44.2333796,-123.1625399,73
8/18/2021 23:50,32,1,1,0,14.8,44.2333796,-123.1625399,77
8/19/2021 0:00,32,1,1,0.765941686,14.8,44.2333796,-123.1625399,76
8/19/2021 0:10,32,1,1,0.4,14,44.2333796,-123.1625399,78
8/19/2021 0:30,32,1,1,NA,14,44.2333796,-123.1625399,76
8/19/2021 0:40,32,1,1,0.461880215,15.6,44.2333796,-123.1625399,84
8/19/2021 1:00,32,1,1,0,14,44.2333796,-123.1625399,77
8/19/2021 1:40,32,1,1,0,14,44.2333796,-123.1625399,83
8/19/2021 1:50,32,1,1,0.461880215,14.8,44.2333796,-123.1625399,81
8/19/2021 2:00,32,1,1,0.461880215,14,44.2333796,-123.1625399,80
8/19/2021 2:10,32,1,1,0,14,44.2333796,-123.1625399,87
8/19/2021 2:50,32,1,1,NA,12.4,44.2333796,-123.1625399,76
8/19/2021 3:10,32,1,1,NA,14,44.2333796,-123.1625399,59
8/19/2021 3:40,32,1,1,NA,13.2,44.2333796,-123.1625399,83
8/19/2021 3:50,32,1,1,NA,12.4,44.2333796,-123.1625399,72
8/19/2021 4:00,32,1,1,NA,13.2,44.2333796,-123.1625399,79
8/19/2021 4:10,32,1,1,0.907114735,13.2,44.2333796,-123.1625399,75
8/19/2021 4:20,32,1,1,0.782822111,14.8,44.2333796,-123.1625399,95
8/19/2021 4:30,32,1,1,0,14,44.2333796,-123.1625399,91
8/19/2021 4:40,32,1,1,0.441809553,14,44.2333796,-123.1625399,82
8/19/2021 5:00,32,1,1,1.13137085,14,44.2333796,-123.1625399,84
8/19/2021 5:10,32,1,1,0.880403948,13.2,44.2333796,-123.1625399,79
8/19/2021 5:20,32,1,1,0.4,14,44.2333796,-123.1625399,79
8/19/2021 5:30,32,1,1,1.222020185,16.4,44.2333796,-123.1625399,78
8/19/2021 5:50,32,1,1,0.779969005,16.4,44.2333796,-123.1625399,87
8/19/2021 6:10,32,1,1,NA,14,44.2333796,-123.1625399,83
8/19/2021 6:20,32,1,1,0.565685425,14,44.2333796,-123.1625399,92
8/19/2021 6:30,32,1,1,0,14,44.2333796,-123.1625399,86
8/19/2021 6:50,32,1,1,0.357770876,14,44.2333796,-123.1625399,82
8/19/2021 7:10,32,1,1,0.438178046,14,44.2333796,-123.1625399,84
8/19/2021 7:20,32,1,1,NA,14.8,44.2333796,-123.1625399,83
8/19/2021 7:30,32,1,1,1.697056275,14,44.2333796,-123.1625399,83
8/19/2021 7:40,32,1,1,1.13137085,14.8,44.2333796,-123.1625399,86
8/19/2021 7:50,32,1,1,NA,14,44.2333796,-123.1625399,78
8/19/2021 8:10,32,1,1,0,14,44.2333796,-123.1625399,90
8/19/2021 8:30,32,1,1,0,14,44.2333796,-123.1625399,80
8/19/2021 8:40,32,1,1,NA,14.8,44.2333796,-123.1625399,77
8/19/2021 8:50,32,1,1,0.461880215,14,44.2333796,-123.1625399,83
8/19/2021 9:00,32,1,1,NA,14,44.2333796,-123.1625399,77
8/19/2021 9:10,32,1,1,0.826236447,14.8,44.2333796,-123.1625399,83
8/19/2021 9:20,32,1,1,NA,14.8,44.2333796,-123.1625399,76
8/19/2021 9:30,32,1,1,0.4,14.8,44.2333796,-123.1625399,83
8/19/2021 9:40,32,1,1,NA,14,44.2333796,-123.1625399,82
8/19/2021 9:50,32,1,1,0.461880215,14,44.2333796,-123.1625399,80
8/19/2021 10:00,32,1,1,0.653197265,14.8,44.2333796,-123.1625399,87
8/19/2021 10:10,32,1,1,1.222020185,13.2,44.2333796,-123.1625399,85
8/19/2021 10:20,32,1,1,0.565685425,14,44.2333796,-123.1625399,95
8/19/2021 10:30,32,1,1,0.565685425,14,44.2333796,-123.1625399,82
8/19/2021 10:40,32,1,1,0.8,14,44.2333796,-123.1625399,79
8/19/2021 10:50,32,1,1,0.461880215,14,44.2333796,-123.1625399,80
8/19/2021 11:00,32,1,1,0,14.8,44.2333796,-123.1625399,74
8/19/2021 11:10,32,1,1,1.13137085,15.6,44.2333796,-123.1625399,72
8/19/2021 11:30,32,1,1,0.282842712,14.8,44.2333796,-123.1625399,89
8/19/2021 11:40,32,1,1,0,14,44.2333796,-123.1625399,86
8/19/2021 11:50,32,1,1,0.876356092,14.8,44.2333796,-123.1625399,77
8/19/2021 12:00,32,1,1,0.839047079,14.8,44.2333796,-123.1625399,91
8/19/2021 12:10,32,1,1,0.438178046,14.8,44.2333796,-123.1625399,82
8/19/2021 12:20,32,1,1,0.474893472,14,44.2333796,-123.1625399,88
8/19/2021 12:30,32,1,1,0.8,15.6,44.2333796,-123.1625399,82
8/19/2021 12:40,32,1,1,0.302371578,14.8,44.2333796,-123.1625399,78
8/19/2021 12:50,32,1,1,0.8,15.6,44.2333796,-123.1625399,86
8/19/2021 13:00,32,1,1,0.461880215,15.6,44.2333796,-123.1625399,78
8/19/2021 13:10,32,1,1,0.37032804,15.6,44.2333796,-123.1625399,86
8/19/2021 13:20,32,1,1,0.438178046,15.6,44.2333796,-123.1625399,91
8/19/2021 13:30,32,1,1,0.565685425,15.6,44.2333796,-123.1625399,81
8/19/2021 13:40,32,1,1,0.505964426,14.8,44.2333796,-123.1625399,92
8/19/2021 13:50,32,1,1,0.604743157,15.6,44.2333796,-123.1625399,85
8/19/2021 14:00,32,1,1,0.37032804,15.6,44.2333796,-123.1625399,82
8/19/2021 14:10,32,1,1,0.302371578,14.8,44.2333796,-123.1625399,95
8/19/2021 14:20,32,1,1,0,14.8,44.2333796,-123.1625399,82
8/19/2021 14:30,32,1,1,1.385640646,16.4,44.2333796,-123.1625399,80
8/19/2021 14:40,32,1,1,0.4,14.8,44.2333796,-123.1625399,80
8/19/2021 14:50,32,1,1,0.91214034,14.8,44.2333796,-123.1625399,86
8/19/2021 15:00,32,1,1,0.565685425,15.6,44.2333796,-123.1625399,91
8/19/2021 15:10,32,1,1,0.653197265,14.8,44.2333796,-123.1625399,77
8/19/2021 15:20,32,1,1,1.058300524,16.4,44.2333796,-123.1625399,75
8/19/2021 15:30,32,1,1,0.595219047,15.6,44.2333796,-123.1625399,80
8/19/2021 15:40,32,1,1,0.421637021,14.8,44.2333796,-123.1625399,81
8/19/2021 15:50,32,1,1,0.326598632,14.8,44.2333796,-123.1625399,89
8/19/2021 16:00,32,1,1,0.823885841,15.6,44.2333796,-123.1625399,95
8/19/2021 16:10,32,1,1,0.4,14.8,44.2333796,-123.1625399,86
8/19/2021 16:20,32,1,1,0.4,14.8,44.2333796,-123.1625399,83
8/19/2021 16:30,32,1,1,1.697056275,14.8,44.2333796,-123.1625399,83
8/19/2021 16:40,32,1,1,0.667618368,14.8,44.2333796,-123.1625399,90
8/19/2021 16:50,32,1,1,0.565685425,15.6,44.2333796,-123.1625399,82
8/19/2021 17:00,32,1,1,0.357770876,15.6,44.2333796,-123.1625399,92
8/19/2021 17:10,32,1,1,NA,15.6,44.2333796,-123.1625399,76
8/19/2021 17:20,32,1,1,NA,14.8,44.2333796,-123.1625399,76
8/19/2021 17:30,32,1,1,0.653197265,15.6,44.2333796,-123.1625399,93
8/19/2021 17:40,32,1,1,NA,15.6,44.2333796,-123.1625399,82
8/19/2021 17:50,32,1,1,NA,14.8,44.2333796,-123.1625399,76
8/19/2021 18:30,32,1,1,NA,14,44.2333796,-123.1625399,77
8/19/2021 18:40,32,1,1,NA,14.8,44.2333796,-123.1625399,87
8/19/2021 18:50,32,1,1,0.765941686,15.6,44.2333796,-123.1625399,83
8/19/2021 19:00,32,1,1,NA,14,44.2333796,-123.1625399,81
8/19/2021 19:10,32,1,1,1.697056275,14,44.2333796,-123.1625399,96
8/19/2021 19:20,32,1,1,0.461880215,14.8,44.2333796,-123.1625399,91
8/19/2021 19:30,32,1,1,0.4,15.6,44.2333796,-123.1625399,82
8/19/2021 19:40,32,1,1,0.710100292,15.6,44.2333796,-123.1625399,89
8/20/2021 7:40,32,1,1,0.653197265,14,44.2333796,-123.1625399,84
8/20/2021 7:50,32,1,1,0.241209076,13.2,44.2333796,-123.1625399,84
8/20/2021 8:00,32,1,1,0.426794853,13.2,44.2333796,-123.1625399,84
8/20/2021 8:10,32,1,1,0.293078039,14,44.2333796,-123.1625399,88
8/20/2021 8:20,32,1,1,0.497008595,14,44.2333796,-123.1625399,84
8/20/2021 8:30,32,1,1,0.595957075,13.2,44.2333796,-123.1625399,79
8/20/2021 8:40,32,1,1,0.37674326,13.2,44.2333796,-123.1625399,94
8/20/2021 8:50,32,1,1,0.367065174,13.2,44.2333796,-123.1625399,88
8/20/2021 9:00,32,1,1,0.475270821,13.2,44.2333796,-123.1625399,79
8/20/2021 9:10,32,1,1,0.377123617,14,44.2333796,-123.1625399,87
8/20/2021 9:40,32,1,1,0.539958846,14,44.2333796,-123.1625399,82
8/20/2021 9:50,32,1,1,1.385640646,13.2,44.2333796,-123.1625399,75
8/20/2021 10:00,32,1,1,0.565685425,13.2,44.2333796,-123.1625399,76
8/20/2021 10:10,32,1,1,NA,14,44.2333796,-123.1625399,72
8/20/2021 10:20,32,1,1,1.697056275,14,44.2333796,-123.1625399,70
8/20/2021 10:30,32,1,1,0,14,44.2333796,-123.1625399,83
8/20/2021 10:40,32,1,1,0.565685425,14,44.2333796,-123.1625399,81
8/20/2021 10:50,32,1,1,0.461880215,13.2,44.2333796,-123.1625399,89
8/20/2021 11:00,32,1,1,1.6,14.8,44.2333796,-123.1625399,80
8/20/2021 11:10,32,1,1,0.565685425,13.2,44.2333796,-123.1625399,85
8/20/2021 11:20,32,1,1,0.565685425,14,44.2333796,-123.1625399,87
8/20/2021 11:30,32,1,1,0.914835,14,44.2333796,-123.1625399,82
8/20/2021 11:40,32,1,1,0.667618368,14,44.2333796,-123.1625399,95
8/20/2021 11:50,32,1,1,0.692820323,14.8,44.2333796,-123.1625399,81
8/20/2021 12:00,32,1,1,0.796963936,14.8,44.2333796,-123.1625399,82
8/20/2021 12:10,32,1,1,0.48074017,13.2,44.2333796,-123.1625399,86
8/20/2021 12:20,32,1,1,0.777460253,14,44.2333796,-123.1625399,87
8/20/2021 12:30,32,1,1,0.647165767,14.8,44.2333796,-123.1625399,93
8/20/2021 12:40,32,1,1,0.413118224,14.8,44.2333796,-123.1625399,90
8/20/2021 12:50,32,1,1,0.669328021,14.8,44.2333796,-123.1625399,85
8/20/2021 13:00,32,1,1,0.653197265,14,44.2333796,-123.1625399,83
8/20/2021 13:10,32,1,1,0.340652251,14,44.2333796,-123.1625399,88
8/20/2021 13:20,32,1,1,0.427617987,14,44.2333796,-123.1625399,79
8/20/2021 13:40,32,1,1,0.765941686,14.8,44.2333796,-123.1625399,88
8/20/2021 14:00,32,1,1,0.565685425,14,44.2333796,-123.1625399,89
8/20/2021 14:10,32,1,1,0.8,13.2,44.2333796,-123.1625399,78
8/20/2021 14:20,32,1,1,0.565685425,14,44.2333796,-123.1625399,83
8/20/2021 14:30,32,1,1,0.565685425,14.8,44.2333796,-123.1625399,86
8/20/2021 14:40,32,1,1,0.758946638,14.8,44.2333796,-123.1625399,87
8/20/2021 14:50,32,1,1,0.436237355,14.8,44.2333796,-123.1625399,90
8/20/2021 15:00,32,1,1,0.421637021,14,44.2333796,-123.1625399,83
8/20/2021 15:10,32,1,1,0.666666667,14.8,44.2333796,-123.1625399,87
8/20/2021 15:20,32,1,1,0.581018431,14.8,44.2333796,-123.1625399,85
8/20/2021 15:30,32,1,1,0.629436634,14.8,44.2333796,-123.1625399,92
8/20/2021 15:40,32,1,1,0.282842712,14.8,44.2333796,-123.1625399,87
8/20/2021 15:50,32,1,1,0.461880215,15.6,44.2333796,-123.1625399,91
8/20/2021 16:00,32,1,1,0.461880215,16.4,44.2333796,-123.1625399,86
8/20/2021 16:10,32,1,1,0.550041321,16.4,44.2333796,-123.1625399,82
8/20/2021 16:20,32,1,1,0.760951785,14,44.2333796,-123.1625399,88
8/20/2021 16:30,32,1,1,0.603022689,14,44.2333796,-123.1625399,90
8/20/2021 16:40,32,1,1,1.043072385,14.8,44.2333796,-123.1625399,81
8/20/2021 16:50,32,1,1,0.692820323,14.8,44.2333796,-123.1625399,79
8/20/2021 17:00,32,1,1,0.413118224,14,44.2333796,-123.1625399,87
8/20/2021 17:10,32,1,1,0,14,44.2333796,-123.1625399,75
8/20/2021 17:20,32,1,1,0.669328021,14.8,44.2333796,-123.1625399,75
8/20/2021 17:30,32,1,1,0.8,14.8,44.2333796,-123.1625399,84
8/20/2021 17:40,32,1,1,0.602218122,14,44.2333796,-123.1625399,91
8/20/2021 17:50,32,1,1,0.536830639,14,44.2333796,-123.1625399,86
8/20/2021 18:00,32,1,1,1.171080088,14,44.2333796,-123.1625399,83
8/20/2021 18:10,32,1,1,0.565685425,13.2,44.2333796,-123.1625399,73
8/20/2021 18:20,32,1,1,0.564814469,14.8,44.2333796,-123.1625399,86
8/20/2021 18:30,32,1,1,0.461880215,14,44.2333796,-123.1625399,88
8/20/2021 18:40,32,1,1,0.653197265,14.8,44.2333796,-123.1625399,85
8/20/2021 18:50,32,1,1,0.85997416,14.8,44.2333796,-123.1625399,82
8/20/2021 19:00,32,1,1,0.4,14,44.2333796,-123.1625399,94
8/20/2021 19:10,32,1,1,0.438178046,14,44.2333796,-123.1625399,93
8/20/2021 19:20,32,1,1,0.241209076,14,44.2333796,-123.1625399,82
8/20/2021 19:30,32,1,1,0.438178046,14,44.2333796,-123.1625399,93
8/20/2021 19:40,32,1,1,0,14,44.2333796,-123.1625399,80
8/20/2021 19:50,32,1,1,0.414039336,14.8,44.2333796,-123.1625399,84
8/20/2021 20:00,32,1,1,0.326598632,14,44.2333796,-123.1625399,84
8/20/2021 20:10,32,1,1,0.581018431,14,44.2333796,-123.1625399,91
8/21/2021 6:20,32,1,1,0.357770876,13.2,44.2333796,-123.1625399,83
8/21/2021 6:30,32,1,1,0.357770876,13.2,44.2333796,-123.1625399,89
8/21/2021 6:40,32,1,1,0.8,14,44.2333796,-123.1625399,84
8/21/2021 6:50,32,1,1,0.37806525,13.2,44.2333796,-123.1625399,93
8/21/2021 7:00,32,1,1,0.565685425,13.2,44.2333796,-123.1625399,89
8/21/2021 7:20,32,1,1,NA,14,44.2333796,-123.1625399,71
8/21/2021 7:30,32,1,1,0.461880215,13.2,44.2333796,-123.1625399,78
8/21/2021 7:40,32,1,1,0.255873532,13.2,44.2333796,-123.1625399,85
8/21/2021 8:00,32,1,1,0.8,14,44.2333796,-123.1625399,77
8/21/2021 8:10,32,1,1,0.384307569,13.2,44.2333796,-123.1625399,84
8/21/2021 8:20,32,1,1,0.188561808,13.2,44.2333796,-123.1625399,84
8/21/2021 8:30,32,1,1,0.438655104,13.2,44.2333796,-123.1625399,77
8/21/2021 8:40,32,1,1,NA,12.4,44.2333796,-123.1625399,81
8/21/2021 8:50,32,1,1,0.512695956,13.2,44.2333796,-123.1625399,80
8/21/2021 9:00,32,1,1,0.342036909,13.2,44.2333796,-123.1625399,87
8/21/2021 9:10,32,1,1,0.63104851,13.2,44.2333796,-123.1625399,86
8/21/2021 9:20,32,1,1,0.523722937,13.2,44.2333796,-123.1625399,88
8/21/2021 9:30,32,1,1,0.718973627,13.2,44.2333796,-123.1625399,90
8/21/2021 9:40,32,1,1,0.565685425,14,44.2333796,-123.1625399,86
8/21/2021 9:50,32,1,1,0.390360029,13.2,44.2333796,-123.1625399,86
8/21/2021 10:00,32,1,1,NA,11.6,44.2333796,-123.1625399,76
8/21/2021 10:10,32,1,1,NA,13.2,44.2333796,-123.1625399,86
8/21/2021 10:30,32,1,1,0.461880215,14,44.2333796,-123.1625399,86
8/21/2021 10:40,32,1,1,0.565685425,12.4,44.2333796,-123.1625399,83
8/21/2021 10:50,32,1,1,0.862975824,13.2,44.2333796,-123.1625399,79
8/21/2021 11:00,32,1,1,0.604743157,14,44.2333796,-123.1625399,85
8/21/2021 11:10,32,1,1,0,13.2,44.2333796,-123.1625399,80
8/21/2021 11:30,32,1,1,0.876356092,13.2,44.2333796,-123.1625399,86
8/21/2021 11:40,32,1,1,0.565685425,14.8,44.2333796,-123.1625399,83
8/21/2021 11:50,32,1,1,0.715541753,14,44.2333796,-123.1625399,96
8/21/2021 12:00,32,1,1,0.715541753,14.8,44.2333796,-123.1625399,95
8/21/2021 12:10,32,1,1,0.461880215,14,44.2333796,-123.1625399,82
8/21/2021 12:20,32,1,1,0.438178046,14.8,44.2333796,-123.1625399,87
8/21/2021 12:30,32,1,1,0,14,44.2333796,-123.1625399,76
8/21/2021 12:40,32,1,1,NA,14.8,44.2333796,-123.1625399,76
8/21/2021 12:50,32,1,1,0.565685425,14,44.2333796,-123.1625399,81
8/21/2021 13:00,32,1,1,0.923760431,14,44.2333796,-123.1625399,85
8/21/2021 13:10,32,1,1,NA,14.8,44.2333796,-123.1625399,77
8/21/2021 13:20,32,1,1,0,14,44.2333796,-123.1625399,83
8/21/2021 13:30,32,1,1,NA,14,44.2333796,-123.1625399,79
8/21/2021 13:40,32,1,1,0,14,44.2333796,-123.1625399,89
8/21/2021 13:50,32,1,1,0.565685425,14,44.2333796,-123.1625399,80
8/21/2021 14:00,32,1,1,NA,15.6,44.2333796,-123.1625399,77
8/21/2021 14:10,32,1,1,NA,14,44.2333796,-123.1625399,87
8/21/2021 14:20,32,1,1,NA,14.8,44.2333796,-123.1625399,65
8/21/2021 14:30,32,1,1,NA,14,44.2333796,-123.1625399,74
8/21/2021 14:40,32,1,1,1.043072385,14,44.2333796,-123.1625399,80
8/21/2021 14:50,32,1,1,0.602218122,14,44.2333796,-123.1625399,90
8/21/2021 15:00,32,1,1,0.461311047,14.8,44.2333796,-123.1625399,84
8/21/2021 15:10,32,1,1,0.359182207,14.8,44.2333796,-123.1625399,85
8/21/2021 15:20,32,1,1,0.431487912,14.8,44.2333796,-123.1625399,81
8/21/2021 15:30,32,1,1,0,14,44.2333796,-123.1625399,76
8/21/2021 15:40,32,1,1,0,14,44.2333796,-123.1625399,77
8/21/2021 15:50,32,1,1,0.461880215,14,44.2333796,-123.1625399,73
8/21/2021 16:00,32,1,1,0,14,44.2333796,-123.1625399,90
8/21/2021 16:10,32,1,1,1.697056275,15.6,44.2333796,-123.1625399,83
8/21/2021 16:20,32,1,1,0.8,14,44.2333796,-123.1625399,79
8/21/2021 16:30,32,1,1,0.41194292,14,44.2333796,-123.1625399,81
8/21/2021 16:40,32,1,1,0.652945987,14.8,44.2333796,-123.1625399,79
8/21/2021 16:50,32,1,1,0.569573343,14,44.2333796,-123.1625399,88
8/21/2021 17:00,32,1,1,0.505964426,14,44.2333796,-123.1625399,78
8/21/2021 17:10,32,1,1,0.565685425,14,44.2333796,-123.1625399,76
8/21/2021 17:20,32,1,1,0,14,44.2333796,-123.1625399,81
8/21/2021 17:30,32,1,1,NA,14.8,44.2333796,-123.1625399,82
8/21/2021 17:40,32,1,1,NA,14,44.2333796,-123.1625399,85
8/21/2021 17:50,32,1,1,0.653197265,14.8,44.2333796,-123.1625399,84
8/21/2021 18:00,32,1,1,0.282842712,14,44.2333796,-123.1625399,77
8/21/2021 18:20,32,1,1,0.653197265,14.8,44.2333796,-123.1625399,85
8/21/2021 18:40,32,1,1,NA,14,44.2333796,-123.1625399,76
8/21/2021 18:50,32,1,1,NA,14.8,44.2333796,-123.1625399,74
8/21/2021 19:00,32,1,1,1.13137085,14.8,44.2333796,-123.1625399,77
8/21/2021 19:10,32,1,1,0.461880215,14,44.2333796,-123.1625399,87
8/21/2021 19:20,32,1,1,0,14,44.2333796,-123.1625399,78
8/21/2021 19:30,32,1,1,0.357770876,14,44.2333796,-123.1625399,81
8/21/2021 19:40,32,1,1,0.461880215,14,44.2333796,-123.1625399,82
8/21/2021 19:50,32,1,1,0.565685425,14,44.2333796,-123.1625399,82
8/21/2021 20:00,32,1,1,0.660336245,14,44.2333796,-123.1625399,80
8/21/2021 20:10,32,1,1,NA,14.8,44.2333796,-123.1625399,85
8/21/2021 20:20,32,1,1,0.550041321,15.6,44.2333796,-123.1625399,90
8/21/2021 20:30,32,1,1,0.855235974,16.4,44.2333796,-123.1625399,84
