date.time,tag.id,receiver.site,antenna.number,temp.sd,temp.strong,lat,long,strength
7/25/2021 0:00,35,1,1,1.513419111,18,44.2333796,-123.1625399,119
7/25/2021 0:10,35,1,1,0.697907465,15.6,44.2333796,-123.1625399,119
7/25/2021 0:20,35,1,1,0.610858006,15.6,44.2333796,-123.1625399,111
7/25/2021 0:30,35,1,1,0.67249156,18,44.2333796,-123.1625399,112
7/25/2021 0:40,35,1,1,1.098713982,16.4,44.2333796,-123.1625399,108
7/25/2021 0:50,35,1,1,0.556716673,17.2,44.2333796,-123.1625399,111
7/25/2021 1:00,35,1,1,0.74108727,16.4,44.2333796,-123.1625399,112
7/25/2021 1:10,35,1,1,0.724667776,17.2,44.2333796,-123.1625399,116
7/25/2021 1:20,35,1,1,0.504818412,16.4,44.2333796,-123.1625399,114
7/25/2021 1:30,35,1,1,0.33748167,15.6,44.2333796,-123.1625399,109
7/25/2021 1:40,35,1,1,0.331730687,16.4,44.2333796,-123.1625399,111
7/25/2021 1:50,35,1,1,0.326347692,15.6,44.2333796,-123.1625399,113
7/25/2021 2:00,35,1,1,0.56279415,15.6,44.2333796,-123.1625399,112
7/25/2021 2:10,35,1,1,0.616710487,14.8,44.2333796,-123.1625399,112
7/25/2021 2:20,35,1,1,0.387561713,15.6,44.2333796,-123.1625399,119
7/25/2021 2:30,35,1,1,0.692646138,16.4,44.2333796,-123.1625399,120
7/25/2021 2:40,35,1,1,0.736028107,16.4,44.2333796,-123.1625399,118
7/25/2021 2:50,35,1,1,0.690336854,17.2,44.2333796,-123.1625399,123
7/25/2021 3:00,35,1,1,0.509339619,17.2,44.2333796,-123.1625399,112
7/25/2021 3:10,35,1,1,1.089217406,16.4,44.2333796,-123.1625399,134
7/25/2021 3:20,35,1,1,0.795925765,15.6,44.2333796,-123.1625399,124
7/25/2021 3:30,35,1,1,0.694177465,15.6,44.2333796,-123.1625399,115
7/25/2021 3:40,35,1,1,0.845969872,15.6,44.2333796,-123.1625399,113
7/25/2021 3:50,35,1,1,0.514647004,14.8,44.2333796,-123.1625399,99
7/25/2021 4:00,35,1,1,0.642068729,14.8,44.2333796,-123.1625399,105
7/25/2021 4:10,35,1,1,0.517876544,14,44.2333796,-123.1625399,102
7/25/2021 4:20,35,1,1,0.379704917,14,44.2333796,-123.1625399,87
7/25/2021 4:30,35,1,1,0.534940108,14,44.2333796,-123.1625399,106
7/25/2021 4:40,35,1,1,0.721110255,14,44.2333796,-123.1625399,103
7/25/2021 4:50,35,1,1,0.371444497,14,44.2333796,-123.1625399,101
7/25/2021 5:00,35,1,1,0.5514276,14,44.2333796,-123.1625399,110
7/25/2021 5:10,35,1,2,0.631064315,14.8,44.2333796,-123.1625399,114
7/25/2021 5:20,35,1,1,0.61946631,14,44.2333796,-123.1625399,118
7/25/2021 5:30,35,1,1,0.369878529,13.2,44.2333796,-123.1625399,108
7/25/2021 5:40,35,1,2,0.607688613,13.2,44.2333796,-123.1625399,105
7/25/2021 5:50,35,1,2,0.513130883,13.2,44.2333796,-123.1625399,97
7/25/2021 6:00,35,1,1,0.687171833,14,44.2333796,-123.1625399,98
7/25/2021 6:10,35,1,2,0.64012194,14,44.2333796,-123.1625399,96
7/25/2021 6:20,35,1,1,0.715302561,13.2,44.2333796,-123.1625399,98
7/25/2021 6:30,35,1,1,0.860662966,14.8,44.2333796,-123.1625399,89
7/25/2021 6:40,35,1,1,0.489833905,14,44.2333796,-123.1625399,98
7/25/2021 6:50,35,1,2,0.565045147,14.8,44.2333796,-123.1625399,103
7/25/2021 7:00,35,1,1,0.448221213,14,44.2333796,-123.1625399,100
7/25/2021 7:10,35,1,2,0.51642796,14,44.2333796,-123.1625399,98
7/25/2021 7:20,35,1,1,0.663155114,14,44.2333796,-123.1625399,102
7/25/2021 7:30,35,1,1,0.502105444,14.8,44.2333796,-123.1625399,98
7/25/2021 7:40,35,1,1,0.643206254,13.2,44.2333796,-123.1625399,100
7/25/2021 7:50,35,1,1,0.51642796,13.2,44.2333796,-123.1625399,107
7/25/2021 8:00,35,1,1,0.481261782,14,44.2333796,-123.1625399,97
7/25/2021 8:10,35,1,2,0.537009727,14,44.2333796,-123.1625399,94
7/25/2021 8:20,35,1,1,0.451026888,13.2,44.2333796,-123.1625399,101
7/25/2021 8:30,35,1,1,0.676995259,13.2,44.2333796,-123.1625399,90
7/25/2021 8:40,35,1,1,0.557149405,13.2,44.2333796,-123.1625399,101
7/25/2021 8:50,35,1,1,0.695098594,13.2,44.2333796,-123.1625399,93
7/25/2021 9:00,35,1,1,0.427617987,13.2,44.2333796,-123.1625399,104
7/25/2021 9:10,35,1,1,0.53935989,14,44.2333796,-123.1625399,98
7/25/2021 9:20,35,1,1,0.496978392,13.2,44.2333796,-123.1625399,104
7/25/2021 9:30,35,1,1,0.521490126,13.2,44.2333796,-123.1625399,98
7/25/2021 9:40,35,1,1,0.725484303,13.2,44.2333796,-123.1625399,102
7/25/2021 9:50,35,1,1,0.738149622,13.2,44.2333796,-123.1625399,100
7/25/2021 10:00,35,1,1,0.688038389,14,44.2333796,-123.1625399,104
7/25/2021 10:10,35,1,1,0.574397531,13.2,44.2333796,-123.1625399,107
7/25/2021 10:20,35,1,1,0.567734274,13.2,44.2333796,-123.1625399,107
7/25/2021 10:30,35,1,1,0.741269071,13.2,44.2333796,-123.1625399,106
7/25/2021 10:40,35,1,1,0.659214474,14,44.2333796,-123.1625399,104
7/25/2021 10:50,35,1,1,0.496940132,14.8,44.2333796,-123.1625399,100
7/25/2021 11:00,35,1,1,0.484610625,14,44.2333796,-123.1625399,103
7/25/2021 11:10,35,1,1,0.667210662,14,44.2333796,-123.1625399,100
7/25/2021 11:20,35,1,1,0.672236049,14.8,44.2333796,-123.1625399,101
7/25/2021 11:30,35,1,1,0.539628162,14.8,44.2333796,-123.1625399,104
7/25/2021 11:40,35,1,1,0.501266003,14,44.2333796,-123.1625399,102
7/25/2021 11:50,35,1,1,0.6,14,44.2333796,-123.1625399,101
7/25/2021 12:00,35,1,1,0.863934592,14,44.2333796,-123.1625399,101
7/25/2021 12:10,35,1,1,0.615255123,14,44.2333796,-123.1625399,100
7/25/2021 12:20,35,1,1,0.715052828,14,44.2333796,-123.1625399,102
7/25/2021 12:30,35,1,1,0.661448505,14,44.2333796,-123.1625399,102
7/25/2021 12:40,35,1,1,0.818826105,14,44.2333796,-123.1625399,103
7/25/2021 12:50,35,1,1,0.736606343,14,44.2333796,-123.1625399,101
7/25/2021 13:00,35,1,1,0.502252989,14,44.2333796,-123.1625399,99
7/25/2021 13:10,35,1,1,0.70444741,14.8,44.2333796,-123.1625399,101
7/25/2021 13:20,35,1,1,0.594761714,14,44.2333796,-123.1625399,98
7/25/2021 13:30,35,1,1,0.677854837,14.8,44.2333796,-123.1625399,98
7/25/2021 13:40,35,1,2,0.557048499,15.6,44.2333796,-123.1625399,99
7/25/2021 13:50,35,1,1,0.523722937,14.8,44.2333796,-123.1625399,100
7/25/2021 14:00,35,1,1,0.402099752,15.6,44.2333796,-123.1625399,97
7/25/2021 14:10,35,1,1,0.519014361,14.8,44.2333796,-123.1625399,93
7/25/2021 14:20,35,1,1,0.562691228,14.8,44.2333796,-123.1625399,103
7/25/2021 14:30,35,1,1,0.510568577,14.8,44.2333796,-123.1625399,97
7/25/2021 14:40,35,1,1,0.496402517,14.8,44.2333796,-123.1625399,103
7/25/2021 14:50,35,1,1,0.544765555,14.8,44.2333796,-123.1625399,106
7/25/2021 15:00,35,1,1,0.664811271,14.8,44.2333796,-123.1625399,104
7/25/2021 15:10,35,1,1,0.387272253,14.8,44.2333796,-123.1625399,104
7/25/2021 15:20,35,1,1,0.520480039,14.8,44.2333796,-123.1625399,101
7/25/2021 15:30,35,1,1,0.546900489,14.8,44.2333796,-123.1625399,105
7/25/2021 15:40,35,1,1,0.5264591,14.8,44.2333796,-123.1625399,106
7/25/2021 15:50,35,1,1,0.352136337,15.6,44.2333796,-123.1625399,110
7/25/2021 16:00,35,1,1,0.453989122,14.8,44.2333796,-123.1625399,103
7/25/2021 16:10,35,1,1,0.623714364,14.8,44.2333796,-123.1625399,100
7/25/2021 16:20,35,1,1,0.625700661,14.8,44.2333796,-123.1625399,99
7/25/2021 16:30,35,1,1,0.448051505,14.8,44.2333796,-123.1625399,101
7/25/2021 16:40,35,1,1,0.420525986,14.8,44.2333796,-123.1625399,106
7/25/2021 16:50,35,1,1,0.835896767,15.6,44.2333796,-123.1625399,101
7/25/2021 17:00,35,1,1,0.585185063,14.8,44.2333796,-123.1625399,105
7/25/2021 17:10,35,1,1,0.470055721,15.6,44.2333796,-123.1625399,103
7/25/2021 17:20,35,1,1,0.466767973,16.4,44.2333796,-123.1625399,108
7/25/2021 17:30,35,1,1,0.588784058,15.6,44.2333796,-123.1625399,97
7/25/2021 17:40,35,1,2,0.672021505,16.4,44.2333796,-123.1625399,95
7/25/2021 17:50,35,1,2,0.535211746,15.6,44.2333796,-123.1625399,93
7/25/2021 18:00,35,1,1,0.563266232,15.6,44.2333796,-123.1625399,97
7/25/2021 18:10,35,1,2,0.672021505,15.6,44.2333796,-123.1625399,95
7/25/2021 18:20,35,1,2,0.584381704,14.8,44.2333796,-123.1625399,94
7/25/2021 18:30,35,1,1,0.756462355,15.6,44.2333796,-123.1625399,96
7/25/2021 18:40,35,1,2,0.530294372,14.8,44.2333796,-123.1625399,93
7/25/2021 18:50,35,1,2,0.70772139,14.8,44.2333796,-123.1625399,100
7/25/2021 19:00,35,1,1,1.094654465,16.4,44.2333796,-123.1625399,96
7/25/2021 19:10,35,1,1,0.684468211,14.8,44.2333796,-123.1625399,92
7/25/2021 19:20,35,1,1,0.550161851,14.8,44.2333796,-123.1625399,98
7/25/2021 19:30,35,1,1,0.680229846,14.8,44.2333796,-123.1625399,95
7/25/2021 19:40,35,1,1,0.545830591,14.8,44.2333796,-123.1625399,96
7/25/2021 19:50,35,1,1,0.597311986,14.8,44.2333796,-123.1625399,98
7/25/2021 20:00,35,1,1,0.585540044,16.4,44.2333796,-123.1625399,99
7/25/2021 20:10,35,1,1,0.755407436,15.6,44.2333796,-123.1625399,103
7/25/2021 20:20,35,1,1,0.481214039,15.6,44.2333796,-123.1625399,102
7/25/2021 20:30,35,1,1,0.661005877,16.4,44.2333796,-123.1625399,101
7/25/2021 20:40,35,1,1,0.688530373,16.4,44.2333796,-123.1625399,102
7/25/2021 20:50,35,1,1,0.626923467,15.6,44.2333796,-123.1625399,100
7/25/2021 21:00,35,1,2,0.498656845,16.4,44.2333796,-123.1625399,97
7/25/2021 21:10,35,1,1,1.042058485,18,44.2333796,-123.1625399,108
7/25/2021 21:20,35,1,1,0.890355185,15.6,44.2333796,-123.1625399,110
7/25/2021 21:30,35,1,1,1.052910818,18.8,44.2333796,-123.1625399,104
7/25/2021 21:40,35,1,2,0.772163272,15.6,44.2333796,-123.1625399,104
7/25/2021 21:50,35,1,1,1.250683091,16.4,44.2333796,-123.1625399,94
7/25/2021 22:00,35,4,1,2.610629161,10,44.2303277,-123.1622552,147
7/25/2021 22:10,35,1,1,0.599929524,15.6,44.2333796,-123.1625399,104
7/25/2021 22:20,35,1,1,0.523090039,15.6,44.2333796,-123.1625399,98
7/25/2021 22:30,35,1,1,0.756676377,14.8,44.2333796,-123.1625399,97
7/25/2021 22:40,35,1,1,0.945682711,16.4,44.2333796,-123.1625399,95
7/25/2021 22:50,35,1,1,0,14.8,44.2333796,-123.1625399,73
7/25/2021 23:00,35,1,1,0.718973627,14.8,44.2333796,-123.1625399,94
7/25/2021 23:10,35,1,1,0.876356092,17.2,44.2333796,-123.1625399,112
7/25/2021 23:20,35,1,2,0.60764362,15.6,44.2333796,-123.1625399,92
7/25/2021 23:30,35,1,2,0.333623062,15.6,44.2333796,-123.1625399,86
7/25/2021 23:40,35,1,1,0.868236138,14.8,44.2333796,-123.1625399,86
7/25/2021 23:50,35,1,1,0.408334228,14,44.2333796,-123.1625399,103
7/26/2021 0:00,35,1,2,0.661153676,14.8,44.2333796,-123.1625399,92
7/26/2021 0:10,35,1,1,0.588435562,14.8,44.2333796,-123.1625399,89
7/26/2021 0:20,35,1,2,0.73652983,14.8,44.2333796,-123.1625399,95
7/26/2021 0:30,35,1,2,0.497265248,14.8,44.2333796,-123.1625399,81
7/26/2021 0:40,35,1,1,1.44547977,15.6,44.2333796,-123.1625399,92
7/26/2021 0:50,35,1,1,0.823539598,14.8,44.2333796,-123.1625399,100
7/26/2021 1:00,35,1,2,0.694703843,14.8,44.2333796,-123.1625399,97
7/26/2021 1:10,35,1,1,0.607909562,14,44.2333796,-123.1625399,94
7/26/2021 1:20,35,1,1,0.563482061,14,44.2333796,-123.1625399,94
7/26/2021 1:30,35,1,1,0.574890402,14,44.2333796,-123.1625399,96
7/26/2021 1:40,35,1,1,0.577117052,14,44.2333796,-123.1625399,99
7/26/2021 1:50,35,1,1,0.526942905,14,44.2333796,-123.1625399,95
7/26/2021 2:00,35,1,2,0.34486443,14,44.2333796,-123.1625399,100
7/26/2021 2:10,35,1,1,0.67032677,13.2,44.2333796,-123.1625399,90
7/26/2021 2:20,35,1,1,0.604743157,13.2,44.2333796,-123.1625399,83
7/26/2021 2:30,35,1,1,0.632455532,14,44.2333796,-123.1625399,92
7/26/2021 2:40,35,1,1,0.757864747,13.2,44.2333796,-123.1625399,93
7/26/2021 2:50,35,1,1,0.520354908,13.2,44.2333796,-123.1625399,86
7/26/2021 3:00,35,1,2,0.47346713,14,44.2333796,-123.1625399,88
7/26/2021 3:10,35,1,1,0.466476152,13.2,44.2333796,-123.1625399,89
7/26/2021 3:20,35,1,1,0.481239641,14,44.2333796,-123.1625399,103
7/26/2021 3:30,35,1,1,0.417786374,13.2,44.2333796,-123.1625399,98
7/26/2021 3:40,35,1,1,0.433923789,14,44.2333796,-123.1625399,102
7/26/2021 3:50,35,1,1,0.41799637,13.2,44.2333796,-123.1625399,95
7/26/2021 4:00,35,1,2,0.510627791,14,44.2333796,-123.1625399,92
7/26/2021 4:10,35,1,1,0.483421614,13.2,44.2333796,-123.1625399,109
7/26/2021 4:20,35,1,1,0.532482314,13.2,44.2333796,-123.1625399,104
7/26/2021 4:30,35,1,2,0.366804382,13.2,44.2333796,-123.1625399,93
7/26/2021 4:40,35,1,1,0.548485331,14,44.2333796,-123.1625399,101
7/26/2021 4:50,35,1,1,0.540257245,13.2,44.2333796,-123.1625399,100
7/26/2021 5:00,35,1,2,0.411937754,13.2,44.2333796,-123.1625399,98
7/26/2021 5:10,35,1,1,0.435799247,13.2,44.2333796,-123.1625399,100
7/26/2021 5:20,35,1,1,0.718456395,13.2,44.2333796,-123.1625399,106
7/26/2021 5:30,35,1,1,0.692820323,14,44.2333796,-123.1625399,103
7/26/2021 5:40,35,1,2,0.520704335,13.2,44.2333796,-123.1625399,97
7/26/2021 5:50,35,1,1,0.513901779,13.2,44.2333796,-123.1625399,101
7/26/2021 6:00,35,1,1,0.533216259,13.2,44.2333796,-123.1625399,106
7/26/2021 6:10,35,1,1,0.643611365,13.2,44.2333796,-123.1625399,102
7/26/2021 6:20,35,1,1,0.525431662,13.2,44.2333796,-123.1625399,98
7/26/2021 6:30,35,1,1,0.496580439,13.2,44.2333796,-123.1625399,100
7/26/2021 6:40,35,1,1,0.647129563,14,44.2333796,-123.1625399,92
7/26/2021 6:50,35,1,1,0.486335007,13.2,44.2333796,-123.1625399,99
7/26/2021 7:00,35,1,1,0.615840287,14,44.2333796,-123.1625399,100
7/26/2021 7:10,35,1,1,0.568290283,13.2,44.2333796,-123.1625399,98
7/26/2021 7:20,35,1,1,0.613654789,13.2,44.2333796,-123.1625399,100
7/26/2021 7:30,35,1,1,0.613935661,13.2,44.2333796,-123.1625399,101
7/26/2021 7:40,35,1,1,0.342893216,13.2,44.2333796,-123.1625399,106
7/26/2021 7:50,35,1,1,0.609518002,13.2,44.2333796,-123.1625399,100
7/26/2021 8:00,35,1,1,0.578997492,13.2,44.2333796,-123.1625399,106
7/26/2021 8:10,35,1,1,0.75849313,13.2,44.2333796,-123.1625399,92
7/26/2021 8:20,35,1,2,0.798277716,13.2,44.2333796,-123.1625399,95
7/26/2021 8:30,35,1,2,0.78946915,13.2,44.2333796,-123.1625399,97
7/26/2021 8:40,35,1,1,0.815435506,14,44.2333796,-123.1625399,99
7/26/2021 8:50,35,1,1,0.571159722,13.2,44.2333796,-123.1625399,97
7/26/2021 9:00,35,1,1,0.721246868,13.2,44.2333796,-123.1625399,90
7/26/2021 9:10,35,1,2,0.596284794,14,44.2333796,-123.1625399,96
7/26/2021 9:20,35,1,1,0.512249939,13.2,44.2333796,-123.1625399,100
7/26/2021 9:30,35,1,1,0.61655644,13.2,44.2333796,-123.1625399,96
7/26/2021 9:40,35,1,1,0.6234292,14,44.2333796,-123.1625399,99
7/26/2021 9:50,35,1,1,0.624695048,13.2,44.2333796,-123.1625399,99
7/26/2021 10:00,35,1,1,0.661448505,13.2,44.2333796,-123.1625399,98
7/26/2021 10:10,35,1,1,0.761922078,13.2,44.2333796,-123.1625399,93
7/26/2021 10:20,35,1,1,0.816873075,13.2,44.2333796,-123.1625399,98
7/26/2021 10:30,35,1,1,0.646886032,14,44.2333796,-123.1625399,97
7/26/2021 10:40,35,1,1,0.54816768,14,44.2333796,-123.1625399,94
7/26/2021 10:50,35,1,1,0.555069873,14,44.2333796,-123.1625399,100
7/26/2021 11:00,35,1,1,0.499904753,14,44.2333796,-123.1625399,98
7/26/2021 11:10,35,1,1,0.8231499,14,44.2333796,-123.1625399,94
7/26/2021 11:20,35,1,1,0.535265707,14,44.2333796,-123.1625399,103
7/26/2021 11:30,35,1,1,0.554334011,14,44.2333796,-123.1625399,104
7/26/2021 11:40,35,1,1,0.485142521,14,44.2333796,-123.1625399,100
7/26/2021 11:50,35,1,1,0.666918192,14,44.2333796,-123.1625399,95
7/26/2021 12:00,35,1,1,0.635975279,14,44.2333796,-123.1625399,105
7/26/2021 12:10,35,1,1,0.611932094,14,44.2333796,-123.1625399,101
7/26/2021 12:20,35,1,1,0.757429725,14.8,44.2333796,-123.1625399,96
7/26/2021 12:30,35,1,1,0.601044387,14,44.2333796,-123.1625399,101
7/26/2021 12:40,35,1,1,0.619259058,14,44.2333796,-123.1625399,102
7/26/2021 12:50,35,1,1,0.912278995,14,44.2333796,-123.1625399,97
7/26/2021 13:00,35,1,1,0.37032804,14,44.2333796,-123.1625399,92
7/26/2021 13:10,35,1,1,0.835204249,14.8,44.2333796,-123.1625399,104
7/26/2021 13:20,35,1,1,0.510704896,14.8,44.2333796,-123.1625399,84
7/26/2021 13:30,35,1,1,0.894867687,14.8,44.2333796,-123.1625399,98
7/26/2021 13:40,35,1,1,0.354024481,14.8,44.2333796,-123.1625399,101
7/26/2021 13:50,35,1,1,0.392820952,14.8,44.2333796,-123.1625399,101
7/26/2021 14:00,35,1,2,0.37032804,14.8,44.2333796,-123.1625399,95
7/26/2021 14:10,35,1,1,0.387689348,14.8,44.2333796,-123.1625399,99
7/26/2021 14:20,35,1,1,0.494677554,14.8,44.2333796,-123.1625399,91
7/26/2021 14:30,35,1,1,0.462235371,14.8,44.2333796,-123.1625399,106
7/26/2021 14:40,35,1,1,0.370613413,14.8,44.2333796,-123.1625399,102
7/26/2021 14:50,35,1,1,0.504016017,14.8,44.2333796,-123.1625399,108
7/26/2021 15:00,35,1,1,0.407050243,15.6,44.2333796,-123.1625399,100
7/26/2021 15:10,35,1,1,0.405312318,14.8,44.2333796,-123.1625399,102
7/26/2021 15:20,35,1,1,0.548596309,14.8,44.2333796,-123.1625399,105
7/26/2021 15:30,35,1,1,0.497859826,15.6,44.2333796,-123.1625399,109
7/26/2021 15:40,35,1,1,0.418984514,15.6,44.2333796,-123.1625399,100
7/26/2021 15:50,35,1,1,0.632957282,14.8,44.2333796,-123.1625399,101
7/26/2021 16:00,35,1,1,0.426464599,14.8,44.2333796,-123.1625399,102
7/26/2021 16:10,35,1,1,0.704193235,14.8,44.2333796,-123.1625399,108
7/26/2021 16:20,35,1,1,0.487194685,16.4,44.2333796,-123.1625399,101
7/26/2021 16:30,35,1,1,0.459867656,14.8,44.2333796,-123.1625399,99
7/26/2021 16:40,35,1,1,0.50238866,14.8,44.2333796,-123.1625399,105
7/26/2021 16:50,35,1,1,0.577404478,16.4,44.2333796,-123.1625399,102
7/26/2021 17:00,35,1,1,0.596025483,15.6,44.2333796,-123.1625399,106
7/26/2021 17:10,35,1,1,0.437095359,15.6,44.2333796,-123.1625399,103
7/26/2021 17:20,35,1,1,0.736184932,15.6,44.2333796,-123.1625399,102
7/26/2021 17:30,35,1,1,0.579182312,16.4,44.2333796,-123.1625399,105
7/26/2021 17:40,35,1,1,0.483784236,15.6,44.2333796,-123.1625399,105
7/26/2021 17:50,35,1,1,0.375935823,15.6,44.2333796,-123.1625399,104
7/26/2021 18:00,35,1,1,0.744258521,15.6,44.2333796,-123.1625399,105
7/26/2021 18:10,35,1,1,0.607540006,14.8,44.2333796,-123.1625399,102
7/26/2021 18:20,35,1,1,0.439988707,14.8,44.2333796,-123.1625399,104
7/26/2021 18:30,35,1,1,0.391770549,14.8,44.2333796,-123.1625399,102
7/26/2021 18:40,35,1,1,0.734913302,15.6,44.2333796,-123.1625399,109
7/26/2021 18:50,35,1,1,0.425287626,14.8,44.2333796,-123.1625399,106
7/26/2021 19:00,35,1,1,0.615081396,15.6,44.2333796,-123.1625399,98
7/26/2021 19:10,35,1,2,0.648969406,16.4,44.2333796,-123.1625399,93
7/26/2021 19:20,35,1,1,0.54438468,15.6,44.2333796,-123.1625399,99
7/26/2021 19:30,35,1,1,0.604743157,15.6,44.2333796,-123.1625399,97
7/26/2021 19:40,35,1,1,0.593580541,15.6,44.2333796,-123.1625399,92
7/26/2021 19:50,35,1,1,0.533408743,15.6,44.2333796,-123.1625399,101
7/26/2021 20:00,35,1,1,0.409773082,15.6,44.2333796,-123.1625399,95
7/26/2021 20:10,35,1,1,0.592796972,15.6,44.2333796,-123.1625399,103
7/26/2021 20:20,35,1,1,0.527791723,15.6,44.2333796,-123.1625399,98
7/26/2021 20:30,35,1,1,0.752561762,15.6,44.2333796,-123.1625399,100
7/26/2021 20:40,35,1,1,0.724686186,16.4,44.2333796,-123.1625399,99
7/26/2021 20:50,35,1,1,0.799767678,16.4,44.2333796,-123.1625399,100
7/26/2021 21:00,35,1,1,0.657820091,16.4,44.2333796,-123.1625399,100
7/26/2021 21:10,35,1,1,1.36519989,18,44.2333796,-123.1625399,112
7/26/2021 21:20,35,1,1,0.923760431,17.2,44.2333796,-123.1625399,105
7/26/2021 21:30,35,1,2,0.798094983,16.4,44.2333796,-123.1625399,100
7/26/2021 21:40,35,1,1,0.817848043,16.4,44.2333796,-123.1625399,105
7/26/2021 21:50,35,1,1,0.698025658,16.4,44.2333796,-123.1625399,94
7/26/2021 22:00,35,1,1,0.749634057,17.2,44.2333796,-123.1625399,111
7/26/2021 22:10,35,1,1,0.851366782,14.8,44.2333796,-123.1625399,88
7/26/2021 22:20,35,1,1,0.86233349,14.8,44.2333796,-123.1625399,102
7/26/2021 22:30,35,1,2,0.526624471,15.6,44.2333796,-123.1625399,107
7/26/2021 22:40,35,1,1,0.624819974,14.8,44.2333796,-123.1625399,92
7/26/2021 22:50,35,1,2,0.620265544,15.6,44.2333796,-123.1625399,98
7/26/2021 23:00,35,1,2,0.59232411,14,44.2333796,-123.1625399,101
7/26/2021 23:10,35,1,1,0.441584087,14.8,44.2333796,-123.1625399,106
7/26/2021 23:20,35,1,1,0.73606993,14.8,44.2333796,-123.1625399,93
7/26/2021 23:30,35,1,2,0.669910806,14.8,44.2333796,-123.1625399,104
7/26/2021 23:40,35,1,1,0.646973502,14.8,44.2333796,-123.1625399,92
7/26/2021 23:50,35,1,1,1.096811129,15.6,44.2333796,-123.1625399,96
7/27/2021 0:00,35,1,1,0.445251792,14,44.2333796,-123.1625399,105
7/27/2021 0:10,35,1,1,0.600229112,14,44.2333796,-123.1625399,96
7/27/2021 0:20,35,1,1,0.40569489,14.8,44.2333796,-123.1625399,97
7/27/2021 0:30,35,1,2,0.579442703,14.8,44.2333796,-123.1625399,93
7/27/2021 0:40,35,1,1,0.594578682,14.8,44.2333796,-123.1625399,90
7/27/2021 0:50,35,1,2,0.440095683,14,44.2333796,-123.1625399,97
7/27/2021 1:00,35,1,2,0.327259095,14,44.2333796,-123.1625399,110
7/27/2021 1:10,35,1,2,0.535234706,14,44.2333796,-123.1625399,92
7/27/2021 1:20,35,1,2,0.401167886,14,44.2333796,-123.1625399,94
7/27/2021 1:30,35,1,1,0.454489655,14.8,44.2333796,-123.1625399,96
7/27/2021 1:40,35,1,1,0.449802824,14,44.2333796,-123.1625399,93
7/27/2021 1:50,35,1,2,0.505964426,14,44.2333796,-123.1625399,89
7/27/2021 2:00,35,1,1,0.463147379,14,44.2333796,-123.1625399,88
7/27/2021 2:10,35,1,1,0.49377072,14.8,44.2333796,-123.1625399,92
7/27/2021 2:20,35,1,2,0.565685425,14,44.2333796,-123.1625399,79
7/27/2021 2:40,35,1,1,0.843274043,14,44.2333796,-123.1625399,109
7/27/2021 2:50,35,1,2,0.765941686,14,44.2333796,-123.1625399,87
7/27/2021 3:40,35,1,1,NA,14,44.2333796,-123.1625399,72
7/27/2021 4:00,35,1,2,0,13.2,44.2333796,-123.1625399,80
7/27/2021 4:30,35,1,2,NA,14,44.2333796,-123.1625399,76
7/27/2021 4:40,35,1,2,0.890157824,15.6,44.2333796,-123.1625399,100
7/27/2021 4:50,35,1,1,0,14,44.2333796,-123.1625399,76
7/27/2021 5:00,35,1,1,0.354024481,14,44.2333796,-123.1625399,95
7/27/2021 5:10,35,1,1,0.617394907,14.8,44.2333796,-123.1625399,89
7/27/2021 5:20,35,1,1,1.115546702,14,44.2333796,-123.1625399,92
7/27/2021 5:30,35,1,2,0.641892626,14.8,44.2333796,-123.1625399,103
7/27/2021 5:40,35,1,1,0.742967025,12.4,44.2333796,-123.1625399,92
7/27/2021 5:50,35,1,1,0.533711987,13.2,44.2333796,-123.1625399,99
7/27/2021 6:00,35,1,1,0.486300118,13.2,44.2333796,-123.1625399,103
7/27/2021 6:10,35,1,1,0.746381283,13.2,44.2333796,-123.1625399,101
7/27/2021 6:20,35,1,1,1.127077207,12.4,44.2333796,-123.1625399,97
7/27/2021 6:30,35,1,1,0.542586399,14,44.2333796,-123.1625399,106
7/27/2021 6:40,35,1,2,0.407181902,13.2,44.2333796,-123.1625399,97
7/27/2021 6:50,35,1,1,0.574590155,13.2,44.2333796,-123.1625399,105
7/27/2021 7:00,35,1,1,0.80986234,13.2,44.2333796,-123.1625399,97
7/27/2021 7:10,35,1,1,0.81167945,14,44.2333796,-123.1625399,89
7/27/2021 7:20,35,1,1,0.510933099,14,44.2333796,-123.1625399,100
7/27/2021 7:30,35,1,1,0.61926736,13.2,44.2333796,-123.1625399,93
7/27/2021 7:40,35,1,2,0.461880215,13.2,44.2333796,-123.1625399,86
7/27/2021 7:50,35,1,2,0.656481334,14,44.2333796,-123.1625399,91
7/27/2021 8:00,35,1,1,0.557304437,13.2,44.2333796,-123.1625399,103
7/27/2021 8:10,35,1,1,0.584237395,14,44.2333796,-123.1625399,91
7/27/2021 8:20,35,1,1,0.545470862,13.2,44.2333796,-123.1625399,93
7/27/2021 8:30,35,1,1,1.040709817,13.2,44.2333796,-123.1625399,91
7/27/2021 8:40,35,1,1,0.364402409,13.2,44.2333796,-123.1625399,101
7/27/2021 8:50,35,1,1,0.328574444,14,44.2333796,-123.1625399,100
7/27/2021 9:00,35,1,2,0.92733706,13.2,44.2333796,-123.1625399,91
7/27/2021 9:10,35,1,1,0.509783079,13.2,44.2333796,-123.1625399,97
7/27/2021 9:20,35,1,1,0.672052981,14,44.2333796,-123.1625399,93
7/27/2021 9:30,35,1,1,0.589743995,13.2,44.2333796,-123.1625399,96
7/27/2021 9:40,35,1,1,0.798046395,13.2,44.2333796,-123.1625399,89
7/27/2021 9:50,35,1,1,0.57104185,13.2,44.2333796,-123.1625399,96
7/27/2021 10:00,35,1,1,0.57955718,14,44.2333796,-123.1625399,94
7/27/2021 10:10,35,1,1,0.48043696,14,44.2333796,-123.1625399,104
7/27/2021 10:20,35,1,1,0.416774539,13.2,44.2333796,-123.1625399,98
7/27/2021 10:30,35,1,1,0.430510588,14,44.2333796,-123.1625399,101
7/27/2021 10:40,35,1,1,0.509230251,13.2,44.2333796,-123.1625399,97
7/27/2021 10:50,35,1,1,0.896351579,14,44.2333796,-123.1625399,95
7/27/2021 11:00,35,1,1,0.543979759,13.2,44.2333796,-123.1625399,94
7/27/2021 11:10,35,1,1,0.61908349,13.2,44.2333796,-123.1625399,106
7/27/2021 11:20,35,1,1,0.656450135,13.2,44.2333796,-123.1625399,106
7/27/2021 11:30,35,1,1,0.688691319,14.8,44.2333796,-123.1625399,101
7/27/2021 11:40,35,1,1,0.526120151,14,44.2333796,-123.1625399,101
7/27/2021 11:50,35,1,1,0.665615333,14.8,44.2333796,-123.1625399,104
7/27/2021 12:00,35,1,1,0.46731539,14.8,44.2333796,-123.1625399,96
7/27/2021 12:10,35,1,1,0.511984042,14,44.2333796,-123.1625399,100
7/27/2021 12:20,35,1,1,0.565045147,14,44.2333796,-123.1625399,95
7/27/2021 12:30,35,1,1,0.45254834,14,44.2333796,-123.1625399,105
7/27/2021 12:40,35,1,1,0.525279323,14,44.2333796,-123.1625399,99
7/27/2021 12:50,35,1,1,0.513887118,14,44.2333796,-123.1625399,99
7/27/2021 13:00,35,1,1,0.474998609,14,44.2333796,-123.1625399,100
7/27/2021 13:10,35,1,1,0.495201942,14.8,44.2333796,-123.1625399,100
7/27/2021 13:20,35,1,1,0.481024548,14,44.2333796,-123.1625399,106
7/27/2021 13:30,35,1,1,0.58027439,14,44.2333796,-123.1625399,101
7/27/2021 13:40,35,1,1,0.39082919,14,44.2333796,-123.1625399,98
7/27/2021 13:50,35,1,1,0.671775298,14.8,44.2333796,-123.1625399,96
7/27/2021 14:00,35,1,1,0.667733415,14.8,44.2333796,-123.1625399,103
7/27/2021 14:10,35,1,1,0.560425916,14.8,44.2333796,-123.1625399,103
7/27/2021 14:20,35,1,1,0.364673845,14.8,44.2333796,-123.1625399,99
7/27/2021 14:30,35,1,1,0.447325665,15.6,44.2333796,-123.1625399,99
7/27/2021 14:40,35,1,2,0.353224683,14.8,44.2333796,-123.1625399,97
7/27/2021 14:50,35,1,1,0.447635865,14.8,44.2333796,-123.1625399,99
7/27/2021 15:00,35,1,1,0.470583973,14,44.2333796,-123.1625399,96
7/27/2021 15:10,35,1,2,0.40024837,14.8,44.2333796,-123.1625399,99
7/27/2021 15:20,35,1,1,0.418333629,14.8,44.2333796,-123.1625399,97
7/27/2021 15:30,35,1,1,0.422003503,14.8,44.2333796,-123.1625399,105
7/27/2021 15:40,35,1,1,0.418984514,14.8,44.2333796,-123.1625399,104
7/27/2021 15:50,35,1,1,0.489279669,15.6,44.2333796,-123.1625399,105
7/27/2021 16:00,35,1,1,0.417786374,14.8,44.2333796,-123.1625399,103
7/27/2021 16:10,35,1,1,0.524215852,14.8,44.2333796,-123.1625399,104
7/27/2021 16:20,35,1,1,0.478364561,14.8,44.2333796,-123.1625399,105
7/27/2021 16:30,35,1,1,0.576879837,15.6,44.2333796,-123.1625399,107
7/27/2021 16:40,35,1,1,0.415719015,14.8,44.2333796,-123.1625399,104
7/27/2021 16:50,35,1,1,0.517442063,14,44.2333796,-123.1625399,96
7/27/2021 17:00,35,1,1,0.593520362,15.6,44.2333796,-123.1625399,105
7/27/2021 17:10,35,1,1,0.454032897,14,44.2333796,-123.1625399,103
7/27/2021 17:20,35,1,1,0.704000425,15.6,44.2333796,-123.1625399,102
7/27/2021 17:30,35,1,1,0.559853461,14,44.2333796,-123.1625399,99
7/27/2021 17:40,35,1,1,0.508967208,14,44.2333796,-123.1625399,106
7/27/2021 17:50,35,1,1,0.569663172,15.6,44.2333796,-123.1625399,107
7/27/2021 18:00,35,1,1,0.614484102,14,44.2333796,-123.1625399,103
7/27/2021 18:10,35,1,1,0.852905298,14,44.2333796,-123.1625399,94
7/27/2021 18:20,35,1,1,0.533739683,14.8,44.2333796,-123.1625399,104
7/27/2021 18:30,35,1,1,0.566489527,14,44.2333796,-123.1625399,98
7/27/2021 18:40,35,1,1,0.872474711,14,44.2333796,-123.1625399,94
7/27/2021 18:50,35,1,1,0.806025694,14,44.2333796,-123.1625399,95
7/27/2021 19:00,35,1,1,0.425806038,14.8,44.2333796,-123.1625399,105
7/27/2021 19:10,35,1,1,0.575185005,14,44.2333796,-123.1625399,91
7/27/2021 19:20,35,1,2,0.626174785,16.4,44.2333796,-123.1625399,84
7/27/2021 19:30,35,1,2,0.302371578,14,44.2333796,-123.1625399,91
7/27/2021 19:40,35,1,1,0.461638076,14,44.2333796,-123.1625399,97
7/27/2021 19:50,35,1,1,0.724677028,14.8,44.2333796,-123.1625399,92
7/27/2021 20:00,35,1,1,0.688292907,14,44.2333796,-123.1625399,96
7/27/2021 20:10,35,1,1,0.47346713,14,44.2333796,-123.1625399,95
7/27/2021 20:20,35,1,1,0.521006983,14,44.2333796,-123.1625399,91
7/27/2021 20:30,35,1,1,0.461880215,14,44.2333796,-123.1625399,93
7/27/2021 20:40,35,1,1,0.895895094,13.2,44.2333796,-123.1625399,106
7/27/2021 20:50,35,1,1,0.810395239,14,44.2333796,-123.1625399,103
7/27/2021 21:00,35,1,1,0.479252063,13.2,44.2333796,-123.1625399,99
7/27/2021 21:10,35,1,1,0.755441815,13.2,44.2333796,-123.1625399,103
7/27/2021 21:20,35,1,1,0.546296363,14,44.2333796,-123.1625399,109
7/27/2021 21:30,35,1,1,0.631344986,14.8,44.2333796,-123.1625399,111
7/27/2021 21:40,35,1,1,0.700049103,14,44.2333796,-123.1625399,108
7/27/2021 21:50,35,1,1,0.606908274,14,44.2333796,-123.1625399,94
7/27/2021 22:00,35,1,1,0.523473485,14,44.2333796,-123.1625399,98
7/27/2021 22:10,35,1,2,0.733100196,14,44.2333796,-123.1625399,88
7/27/2021 22:20,35,1,1,0.503952631,13.2,44.2333796,-123.1625399,87
7/27/2021 22:30,35,1,1,0.433583106,13.2,44.2333796,-123.1625399,103
7/27/2021 22:40,35,1,1,0.781468875,13.2,44.2333796,-123.1625399,96
7/27/2021 22:50,35,1,1,0.582567263,13.2,44.2333796,-123.1625399,91
7/27/2021 23:00,35,1,1,0.65513842,14,44.2333796,-123.1625399,101
7/27/2021 23:10,35,1,1,0.527929614,13.2,44.2333796,-123.1625399,95
7/27/2021 23:20,35,1,2,0.769303553,13.2,44.2333796,-123.1625399,94
7/27/2021 23:30,35,1,1,0.423980616,12.4,44.2333796,-123.1625399,102
7/27/2021 23:40,35,1,1,0.557797868,13.2,44.2333796,-123.1625399,99
7/27/2021 23:50,35,1,1,0.363708722,13.2,44.2333796,-123.1625399,106
7/28/2021 0:00,35,1,1,0.579622898,14.8,44.2333796,-123.1625399,99
7/28/2021 0:10,35,1,1,0.379886464,14,44.2333796,-123.1625399,90
7/28/2021 0:20,35,1,1,0.440211111,13.2,44.2333796,-123.1625399,92
7/28/2021 0:30,35,1,1,0.92499458,13.2,44.2333796,-123.1625399,95
7/28/2021 0:40,35,1,1,0.746660007,15.6,44.2333796,-123.1625399,114
7/28/2021 0:50,35,1,1,0.492029019,13.2,44.2333796,-123.1625399,89
7/28/2021 1:00,35,1,1,0.621991535,13.2,44.2333796,-123.1625399,91
7/28/2021 1:10,35,1,1,0.441028499,13.2,44.2333796,-123.1625399,86
7/28/2021 1:20,35,1,1,0.42353821,13.2,44.2333796,-123.1625399,99
7/28/2021 1:30,35,1,1,0.551715727,14,44.2333796,-123.1625399,92
7/28/2021 1:40,35,1,1,0.455700937,13.2,44.2333796,-123.1625399,89
7/28/2021 1:50,35,1,2,0.584237395,14,44.2333796,-123.1625399,101
7/28/2021 2:00,35,1,1,0.553193446,13.2,44.2333796,-123.1625399,92
7/28/2021 2:10,35,1,1,0.741657048,13.2,44.2333796,-123.1625399,87
7/28/2021 2:20,35,1,1,0.498266449,14.8,44.2333796,-123.1625399,87
7/28/2021 2:30,35,1,1,0.819015451,13.2,44.2333796,-123.1625399,101
7/28/2021 2:40,35,1,1,0.472864371,13.2,44.2333796,-123.1625399,85
7/28/2021 2:50,35,1,1,0.559034418,14,44.2333796,-123.1625399,100
7/28/2021 3:00,35,1,2,0.409033791,13.2,44.2333796,-123.1625399,89
7/28/2021 3:10,35,1,1,0.470678724,13.2,44.2333796,-123.1625399,87
7/28/2021 3:20,35,1,1,0.453763583,13.2,44.2333796,-123.1625399,97
7/28/2021 3:30,35,1,1,0.443760157,13.2,44.2333796,-123.1625399,95
7/28/2021 3:40,35,1,1,0.527929614,13.2,44.2333796,-123.1625399,89
7/28/2021 3:50,35,1,1,0.477579095,13.2,44.2333796,-123.1625399,92
7/28/2021 4:00,35,1,1,0.369430817,12.4,44.2333796,-123.1625399,94
7/28/2021 4:10,35,1,1,0.615447407,13.2,44.2333796,-123.1625399,86
7/28/2021 4:20,35,1,2,0.538373619,13.2,44.2333796,-123.1625399,96
7/28/2021 4:30,35,1,1,0.353224683,13.2,44.2333796,-123.1625399,96
7/28/2021 4:40,35,1,1,0.465550844,13.2,44.2333796,-123.1625399,102
7/28/2021 4:50,35,1,1,0.410812759,13.2,44.2333796,-123.1625399,92
7/28/2021 5:00,35,1,1,0.536819209,13.2,44.2333796,-123.1625399,98
7/28/2021 5:10,35,1,2,0.51132537,14,44.2333796,-123.1625399,91
7/28/2021 5:20,35,1,1,0.666358239,14,44.2333796,-123.1625399,94
7/28/2021 5:30,35,1,1,0.606578317,13.2,44.2333796,-123.1625399,111
7/28/2021 5:40,35,1,2,0.551421169,13.2,44.2333796,-123.1625399,89
7/28/2021 5:50,35,1,1,0.460643586,14,44.2333796,-123.1625399,101
7/28/2021 6:00,35,1,1,0.562821177,13.2,44.2333796,-123.1625399,97
7/28/2021 6:10,35,1,1,0.379533377,13.2,44.2333796,-123.1625399,90
7/28/2021 6:20,35,1,1,0.715541753,13.2,44.2333796,-123.1625399,94
7/28/2021 6:30,35,1,1,0.845490273,15.6,44.2333796,-123.1625399,87
7/28/2021 6:40,35,1,1,0.540616932,13.2,44.2333796,-123.1625399,107
7/28/2021 6:50,35,1,1,0.615977736,13.2,44.2333796,-123.1625399,91
7/28/2021 7:00,35,1,1,0.584381704,13.2,44.2333796,-123.1625399,101
7/28/2021 7:10,35,1,1,0.351757492,13.2,44.2333796,-123.1625399,102
7/28/2021 7:20,35,1,2,0.434233969,14,44.2333796,-123.1625399,97
7/28/2021 7:30,35,1,1,0.603022689,13.2,44.2333796,-123.1625399,105
7/28/2021 7:40,35,1,1,0.857289365,13.2,44.2333796,-123.1625399,97
7/28/2021 7:50,35,1,1,0.852802865,13.2,44.2333796,-123.1625399,104
7/28/2021 8:00,35,1,1,0.575036231,14,44.2333796,-123.1625399,98
7/28/2021 8:10,35,1,1,0.900370294,13.2,44.2333796,-123.1625399,97
7/28/2021 8:20,35,1,1,0.669328021,13.2,44.2333796,-123.1625399,103
7/28/2021 8:30,35,1,1,0.581623344,13.2,44.2333796,-123.1625399,103
7/28/2021 8:40,35,1,1,0.600890605,13.2,44.2333796,-123.1625399,92
7/28/2021 8:50,35,1,1,0.620761907,13.2,44.2333796,-123.1625399,93
7/28/2021 9:00,35,1,1,0.323615934,13.2,44.2333796,-123.1625399,104
7/28/2021 9:10,35,1,2,0.511541667,13.2,44.2333796,-123.1625399,96
7/28/2021 9:20,35,1,1,0.519188453,13.2,44.2333796,-123.1625399,99
7/28/2021 9:30,35,1,1,0.538830846,13.2,44.2333796,-123.1625399,97
7/28/2021 9:40,35,1,1,0.548205345,13.2,44.2333796,-123.1625399,98
7/28/2021 9:50,35,1,1,0.241209076,13.2,44.2333796,-123.1625399,104
7/28/2021 10:00,35,1,2,0.641021911,13.2,44.2333796,-123.1625399,93
7/28/2021 10:10,35,1,1,0.361931143,14,44.2333796,-123.1625399,99
7/28/2021 10:20,35,1,1,0.452355889,14,44.2333796,-123.1625399,106
7/28/2021 10:30,35,1,1,0.692820323,12.4,44.2333796,-123.1625399,95
7/28/2021 10:40,35,1,1,0.501826239,13.2,44.2333796,-123.1625399,102
7/28/2021 10:50,35,1,1,0.407192234,14,44.2333796,-123.1625399,96
7/28/2021 11:00,35,1,1,0.560112034,13.2,44.2333796,-123.1625399,96
7/28/2021 11:10,35,1,1,0.425883221,13.2,44.2333796,-123.1625399,99
7/28/2021 11:20,35,1,1,0.4,13.2,44.2333796,-123.1625399,103
7/28/2021 11:30,35,1,1,0.589274846,13.2,44.2333796,-123.1625399,98
7/28/2021 11:40,35,1,1,0.770582112,14,44.2333796,-123.1625399,94
7/28/2021 11:50,35,1,1,0.42700841,14,44.2333796,-123.1625399,103
7/28/2021 12:00,35,1,1,0.427617987,14.8,44.2333796,-123.1625399,96
7/28/2021 12:10,35,1,2,0.721902249,14,44.2333796,-123.1625399,93
7/28/2021 12:20,35,1,1,0.503952631,14.8,44.2333796,-123.1625399,102
7/28/2021 12:30,35,1,1,0.45268765,14,44.2333796,-123.1625399,105
7/28/2021 12:40,35,1,1,0.48969327,14,44.2333796,-123.1625399,91
7/28/2021 12:50,35,1,1,0.642068729,14,44.2333796,-123.1625399,89
7/28/2021 13:00,35,1,1,0.650182161,14,44.2333796,-123.1625399,88
7/28/2021 13:10,35,1,1,0.772873426,14,44.2333796,-123.1625399,81
7/28/2021 13:20,35,1,2,0.704049909,14.8,44.2333796,-123.1625399,99
7/28/2021 13:30,35,1,1,0.536335636,14,44.2333796,-123.1625399,104
7/28/2021 13:40,35,1,1,0.387589786,14,44.2333796,-123.1625399,104
7/28/2021 13:50,35,1,2,0.82910036,14.8,44.2333796,-123.1625399,87
7/28/2021 14:00,35,1,1,0.457133584,14,44.2333796,-123.1625399,102
7/28/2021 14:10,35,1,1,0.524899579,14,44.2333796,-123.1625399,93
7/28/2021 14:20,35,1,1,0.582116744,14,44.2333796,-123.1625399,95
7/28/2021 14:30,35,1,1,0.430303719,14,44.2333796,-123.1625399,95
7/28/2021 14:40,35,1,1,0.648153195,14,44.2333796,-123.1625399,100
7/28/2021 14:50,35,1,1,0.475362811,14,44.2333796,-123.1625399,99
7/28/2021 15:00,35,1,1,0.596009945,14,44.2333796,-123.1625399,99
7/28/2021 15:10,35,1,1,0.583196017,14,44.2333796,-123.1625399,99
7/28/2021 15:20,35,1,1,0.457434972,14,44.2333796,-123.1625399,97
7/28/2021 15:30,35,1,1,0.580234667,14,44.2333796,-123.1625399,97
7/28/2021 15:40,35,1,2,0.433057869,14,44.2333796,-123.1625399,97
7/28/2021 15:50,35,1,1,0.62908568,14,44.2333796,-123.1625399,99
7/28/2021 16:00,35,1,2,0.660545047,14.8,44.2333796,-123.1625399,93
7/28/2021 16:10,35,1,1,0.786937898,14,44.2333796,-123.1625399,100
7/28/2021 16:20,35,1,1,0.67205442,14.8,44.2333796,-123.1625399,104
7/28/2021 16:30,35,1,1,0.628296349,14.8,44.2333796,-123.1625399,101
7/28/2021 16:40,35,1,1,0.747026626,14,44.2333796,-123.1625399,106
7/28/2021 16:50,35,1,1,0.553397279,14,44.2333796,-123.1625399,96
7/28/2021 17:00,35,1,1,0.666948496,14,44.2333796,-123.1625399,102
7/28/2021 17:10,35,1,1,0.526422557,14.8,44.2333796,-123.1625399,105
7/28/2021 17:20,35,1,1,0.470044386,14,44.2333796,-123.1625399,102
7/28/2021 17:30,35,1,1,0.557932403,14,44.2333796,-123.1625399,102
7/28/2021 17:40,35,1,1,0.453879647,14,44.2333796,-123.1625399,103
7/28/2021 17:50,35,1,1,0.733388428,14,44.2333796,-123.1625399,101
7/28/2021 18:00,35,1,1,0.691769799,14,44.2333796,-123.1625399,104
7/28/2021 18:10,35,1,1,0.591952059,14.8,44.2333796,-123.1625399,107
7/28/2021 18:20,35,1,1,0.713004746,14.8,44.2333796,-123.1625399,100
7/28/2021 18:30,35,1,1,0.593520362,14.8,44.2333796,-123.1625399,96
7/28/2021 18:40,35,1,1,0.899241303,14,44.2333796,-123.1625399,98
7/28/2021 18:50,35,1,1,0.647908131,14.8,44.2333796,-123.1625399,102
7/28/2021 19:00,35,1,1,0.64498062,14.8,44.2333796,-123.1625399,101
7/28/2021 19:10,35,1,1,0.500181785,14,44.2333796,-123.1625399,105
7/28/2021 19:20,35,1,1,0.517442063,14,44.2333796,-123.1625399,95
7/28/2021 19:30,35,1,1,1.050558646,15.6,44.2333796,-123.1625399,106
7/28/2021 19:40,35,1,1,0.699010289,15.6,44.2333796,-123.1625399,105
7/28/2021 19:50,35,1,2,0.707065788,15.6,44.2333796,-123.1625399,98
7/28/2021 20:00,35,1,1,0.65688527,14.8,44.2333796,-123.1625399,88
7/28/2021 20:10,35,1,1,0.55348373,14,44.2333796,-123.1625399,98
7/28/2021 20:20,35,1,1,0.738715428,14.8,44.2333796,-123.1625399,100
7/28/2021 20:30,35,1,1,0.782474707,14,44.2333796,-123.1625399,102
7/28/2021 20:40,35,1,2,0.600854093,15.6,44.2333796,-123.1625399,99
7/28/2021 20:50,35,1,1,0.786336074,15.6,44.2333796,-123.1625399,107
7/28/2021 21:00,35,1,2,0.86233349,17.2,44.2333796,-123.1625399,108
7/28/2021 21:10,35,1,1,0.818826105,14.8,44.2333796,-123.1625399,97
7/28/2021 21:20,35,1,2,1.130153667,14.8,44.2333796,-123.1625399,100
7/28/2021 21:30,35,1,1,0.845908906,14,44.2333796,-123.1625399,97
7/28/2021 21:40,35,1,1,0.965697379,14.8,44.2333796,-123.1625399,95
7/28/2021 21:50,35,1,1,0.923103184,14.8,44.2333796,-123.1625399,98
7/28/2021 22:00,35,1,1,0.714332045,13.2,44.2333796,-123.1625399,99
7/28/2021 22:10,35,1,1,0.842762813,14.8,44.2333796,-123.1625399,102
7/28/2021 22:20,35,1,1,1.078790746,14,44.2333796,-123.1625399,95
7/28/2021 22:30,35,1,1,0.830199235,14,44.2333796,-123.1625399,96
7/28/2021 22:40,35,1,1,0.688898472,14,44.2333796,-123.1625399,90
7/28/2021 22:50,35,1,1,0.526945877,14,44.2333796,-123.1625399,110
7/28/2021 23:00,35,1,2,1,14.8,44.2333796,-123.1625399,107
7/28/2021 23:10,35,1,1,0.648598699,14,44.2333796,-123.1625399,83
7/28/2021 23:20,35,1,1,0.682085637,13.2,44.2333796,-123.1625399,86
7/28/2021 23:30,35,1,2,0.604920996,15.6,44.2333796,-123.1625399,108
7/28/2021 23:40,35,1,2,0.987500833,14,44.2333796,-123.1625399,98
7/28/2021 23:50,35,1,1,0.603929783,14.8,44.2333796,-123.1625399,86
7/29/2021 0:00,35,1,1,0.86409876,14,44.2333796,-123.1625399,89
7/29/2021 0:10,35,1,1,0.565685425,14,44.2333796,-123.1625399,82
7/29/2021 0:20,35,1,2,0.475270821,13.2,44.2333796,-123.1625399,95
7/29/2021 0:30,35,1,1,1.025391911,13.2,44.2333796,-123.1625399,79
7/29/2021 0:40,35,1,1,0.667333,12.4,44.2333796,-123.1625399,101
7/29/2021 0:50,35,1,1,0.53935989,13.2,44.2333796,-123.1625399,82
7/29/2021 1:00,35,1,1,0.475354547,13.2,44.2333796,-123.1625399,89
7/29/2021 1:10,35,1,1,0.363430017,14,44.2333796,-123.1625399,88
7/29/2021 1:20,35,1,1,0.686291244,15.6,44.2333796,-123.1625399,106
7/29/2021 1:30,35,1,1,0.530659966,13.2,44.2333796,-123.1625399,97
7/29/2021 1:40,35,1,1,0.72026931,14,44.2333796,-123.1625399,75
7/29/2021 1:50,35,1,1,0.647231868,13.2,44.2333796,-123.1625399,80
7/29/2021 2:00,35,1,1,0.377123617,13.2,44.2333796,-123.1625399,91
7/29/2021 2:10,35,1,1,0.628996314,13.2,44.2333796,-123.1625399,90
7/29/2021 2:20,35,1,1,0.512695956,13.2,44.2333796,-123.1625399,80
7/29/2021 2:30,35,1,2,0.765941686,13.2,44.2333796,-123.1625399,82
7/29/2021 2:40,35,1,1,1.385640646,14.8,44.2333796,-123.1625399,94
7/29/2021 2:50,35,1,1,0.357770876,13.2,44.2333796,-123.1625399,83
7/29/2021 3:00,35,1,1,0.483844255,13.2,44.2333796,-123.1625399,85
7/29/2021 3:10,35,1,2,0.47777261,13.2,44.2333796,-123.1625399,91
7/29/2021 3:20,35,1,1,0.531368931,13.2,44.2333796,-123.1625399,95
7/29/2021 3:30,35,1,1,0.60764362,13.2,44.2333796,-123.1625399,82
7/29/2021 3:40,35,1,1,0.384307569,13.2,44.2333796,-123.1625399,81
7/29/2021 3:50,35,1,1,0.575036231,13.2,44.2333796,-123.1625399,79
7/29/2021 4:00,35,1,1,0.438178046,14,44.2333796,-123.1625399,84
7/29/2021 4:10,35,1,1,0.488999876,14,44.2333796,-123.1625399,76
7/29/2021 4:20,35,1,1,0.34299717,14,44.2333796,-123.1625399,75
7/29/2021 4:30,35,1,1,0.4,13.2,44.2333796,-123.1625399,79
7/29/2021 4:40,35,1,1,0.438178046,14,44.2333796,-123.1625399,70
7/29/2021 4:50,35,1,2,0,13.2,44.2333796,-123.1625399,79
7/29/2021 5:00,35,1,1,0.221880078,13.2,44.2333796,-123.1625399,80
7/29/2021 5:10,35,1,1,0.564043374,13.2,44.2333796,-123.1625399,103
7/29/2021 5:20,35,1,1,0.533086591,13.2,44.2333796,-123.1625399,103
7/29/2021 5:30,35,1,2,0.55461419,14,44.2333796,-123.1625399,106
7/29/2021 5:40,35,1,1,1.039540128,14,44.2333796,-123.1625399,99
7/29/2021 5:50,35,1,2,0.388431753,13.2,44.2333796,-123.1625399,99
7/29/2021 6:00,35,1,1,0.70284976,13.2,44.2333796,-123.1625399,96
7/29/2021 6:10,35,1,1,0.823885841,13.2,44.2333796,-123.1625399,93
7/29/2021 6:20,35,1,1,0.470791909,13.2,44.2333796,-123.1625399,98
7/29/2021 6:30,35,1,1,0.448489528,13.2,44.2333796,-123.1625399,101
7/29/2021 6:40,35,1,1,0.438867393,13.2,44.2333796,-123.1625399,104
7/29/2021 6:50,35,1,1,0.28149262,13.2,44.2333796,-123.1625399,102
7/29/2021 7:00,35,1,1,0.586156078,13.2,44.2333796,-123.1625399,100
7/29/2021 7:10,35,1,2,0.695774794,13.2,44.2333796,-123.1625399,95
7/29/2021 7:20,35,1,1,0.581186526,13.2,44.2333796,-123.1625399,95
7/29/2021 7:30,35,1,1,0.461880215,13.2,44.2333796,-123.1625399,80
7/29/2021 7:40,35,1,2,0.653197265,14,44.2333796,-123.1625399,85
7/29/2021 7:50,35,1,2,0.573709732,13.2,44.2333796,-123.1625399,93
7/29/2021 8:00,35,1,1,0.586542088,13.2,44.2333796,-123.1625399,98
7/29/2021 8:10,35,1,1,0.491103111,13.2,44.2333796,-123.1625399,98
7/29/2021 8:20,35,1,1,0.515589127,13.2,44.2333796,-123.1625399,106
7/29/2021 8:30,35,1,1,0.578734251,14.8,44.2333796,-123.1625399,103
7/29/2021 8:40,35,1,1,0.494048666,13.2,44.2333796,-123.1625399,99
7/29/2021 8:50,35,1,1,0.781062404,13.2,44.2333796,-123.1625399,88
7/29/2021 9:00,35,1,1,1.276105185,13.2,44.2333796,-123.1625399,101
7/29/2021 9:10,35,1,1,0,14,44.2333796,-123.1625399,86
7/29/2021 9:20,35,1,2,0.302371578,13.2,44.2333796,-123.1625399,88
7/29/2021 9:30,35,1,1,0.558509421,13.2,44.2333796,-123.1625399,100
7/29/2021 9:40,35,1,1,0.600462357,14,44.2333796,-123.1625399,88
7/29/2021 9:50,35,1,2,0.866899736,13.2,44.2333796,-123.1625399,92
7/29/2021 10:00,35,1,1,0.517409333,14,44.2333796,-123.1625399,82
7/29/2021 10:10,35,1,1,0.389578527,13.2,44.2333796,-123.1625399,98
7/29/2021 10:20,35,1,1,0.79409586,13.2,44.2333796,-123.1625399,94
7/29/2021 10:30,35,1,2,0.560272043,13.2,44.2333796,-123.1625399,90
7/29/2021 10:40,35,1,2,0.565685425,14,44.2333796,-123.1625399,74
7/29/2021 10:50,35,1,1,0.565685425,14,44.2333796,-123.1625399,96
7/29/2021 11:00,35,1,2,0.341339744,13.2,44.2333796,-123.1625399,84
7/29/2021 11:10,35,1,2,0.976822306,13.2,44.2333796,-123.1625399,93
7/29/2021 11:20,35,1,2,0.656159626,14,44.2333796,-123.1625399,91
7/29/2021 11:30,35,1,2,0.848079062,13.2,44.2333796,-123.1625399,95
7/29/2021 11:40,35,1,2,1.079917692,14.8,44.2333796,-123.1625399,98
7/29/2021 11:50,35,1,2,0.565685425,14.8,44.2333796,-123.1625399,86
7/29/2021 12:00,35,1,2,0.760951785,14,44.2333796,-123.1625399,81
7/29/2021 12:10,35,1,1,0.37032804,14,44.2333796,-123.1625399,99
7/29/2021 12:20,35,1,1,0.688186021,14,44.2333796,-123.1625399,97
7/29/2021 12:30,35,1,1,0.659380473,14,44.2333796,-123.1625399,106
7/29/2021 12:40,35,1,2,0.482418151,14.8,44.2333796,-123.1625399,90
7/29/2021 12:50,35,1,1,0.824876386,14.8,44.2333796,-123.1625399,92
7/29/2021 13:00,35,1,2,0.548795472,14.8,44.2333796,-123.1625399,93
7/29/2021 13:10,35,1,2,0.8,14.8,44.2333796,-123.1625399,91
7/29/2021 13:20,35,1,2,0.444575144,14.8,44.2333796,-123.1625399,88
7/29/2021 13:30,35,1,1,0.565685425,14.8,44.2333796,-123.1625399,80
7/29/2021 13:50,35,1,1,0.47181426,14.8,44.2333796,-123.1625399,104
7/29/2021 14:00,35,1,2,0.565685425,14,44.2333796,-123.1625399,84
7/29/2021 14:10,35,1,2,0.819756061,14.8,44.2333796,-123.1625399,86
7/29/2021 14:20,35,1,2,0.701646415,14.8,44.2333796,-123.1625399,88
7/29/2021 14:30,35,1,2,0.377123617,14.8,44.2333796,-123.1625399,88
7/29/2021 14:40,35,1,2,0.692820323,14.8,44.2333796,-123.1625399,87
7/29/2021 14:50,35,1,2,0,14,44.2333796,-123.1625399,83
7/29/2021 15:00,35,1,2,0.361813613,14.8,44.2333796,-123.1625399,95
7/29/2021 15:10,35,1,2,0.653197265,16.4,44.2333796,-123.1625399,82
7/29/2021 15:20,35,1,1,0.683880331,14.8,44.2333796,-123.1625399,99
7/29/2021 15:30,35,1,1,0.499904753,14.8,44.2333796,-123.1625399,92
7/29/2021 15:40,35,1,1,0.517067991,14.8,44.2333796,-123.1625399,100
7/29/2021 15:50,35,1,1,0.3838367,14.8,44.2333796,-123.1625399,104
7/29/2021 16:00,35,1,1,0.351953076,14.8,44.2333796,-123.1625399,104
7/29/2021 16:10,35,1,1,0.428048837,14.8,44.2333796,-123.1625399,100
7/29/2021 16:20,35,1,1,0.323105498,14.8,44.2333796,-123.1625399,99
7/29/2021 16:30,35,1,1,0.363887061,15.6,44.2333796,-123.1625399,104
7/29/2021 16:40,35,1,1,0.447433844,14.8,44.2333796,-123.1625399,103
7/29/2021 16:50,35,1,1,0.517824577,14.8,44.2333796,-123.1625399,103
7/29/2021 17:00,35,1,1,0.571314274,15.6,44.2333796,-123.1625399,94
7/29/2021 17:10,35,1,1,0.438867393,14.8,44.2333796,-123.1625399,96
7/29/2021 17:20,35,1,1,0.521910188,14.8,44.2333796,-123.1625399,101
7/29/2021 17:30,35,1,1,0.402552312,14.8,44.2333796,-123.1625399,104
7/29/2021 17:40,35,1,1,0.415099617,14.8,44.2333796,-123.1625399,94
7/29/2021 17:50,35,1,2,0.533333333,14.8,44.2333796,-123.1625399,94
7/29/2021 18:00,35,1,1,0.420255291,15.6,44.2333796,-123.1625399,107
7/29/2021 18:10,35,1,1,0.516084716,14.8,44.2333796,-123.1625399,102
7/29/2021 18:20,35,1,1,0.443491618,14.8,44.2333796,-123.1625399,103
7/29/2021 18:30,35,1,1,0.441363056,14.8,44.2333796,-123.1625399,100
7/29/2021 18:40,35,1,1,0.472749472,14.8,44.2333796,-123.1625399,104
7/29/2021 18:50,35,1,1,0.476923942,14.8,44.2333796,-123.1625399,97
7/29/2021 19:00,35,1,1,0.539061158,15.6,44.2333796,-123.1625399,104
7/29/2021 19:10,35,1,1,0.400512492,14.8,44.2333796,-123.1625399,99
7/29/2021 19:20,35,1,1,0.328340504,14.8,44.2333796,-123.1625399,94
7/29/2021 19:30,35,1,1,0.350823208,15.6,44.2333796,-123.1625399,95
7/29/2021 19:40,35,1,1,0.544623031,14.8,44.2333796,-123.1625399,98
7/29/2021 19:50,35,1,1,0.342234106,14.8,44.2333796,-123.1625399,99
7/29/2021 20:00,35,1,1,0.541140142,14.8,44.2333796,-123.1625399,97
7/29/2021 20:10,35,1,2,0.678450858,15.6,44.2333796,-123.1625399,94
7/29/2021 20:20,35,1,1,0.923760431,17.2,44.2333796,-123.1625399,112
7/29/2021 20:30,35,1,1,0.67909975,16.4,44.2333796,-123.1625399,122
7/29/2021 20:40,35,1,1,0.644007771,14.8,44.2333796,-123.1625399,95
7/29/2021 20:50,35,1,1,0.819053021,16.4,44.2333796,-123.1625399,99
7/29/2021 21:00,35,1,1,0.786357099,16.4,44.2333796,-123.1625399,102
7/29/2021 21:10,35,1,1,0.932657205,15.6,44.2333796,-123.1625399,100
7/29/2021 21:20,35,1,1,0.966966592,17.2,44.2333796,-123.1625399,111
7/29/2021 21:30,35,1,1,0.880080241,15.6,44.2333796,-123.1625399,97
7/29/2021 21:40,35,1,1,1.168781596,14.8,44.2333796,-123.1625399,98
7/29/2021 21:50,35,1,1,0.570891843,14.8,44.2333796,-123.1625399,90
7/29/2021 22:00,35,1,1,0.468395068,14.8,44.2333796,-123.1625399,104
7/29/2021 22:10,35,1,1,0.536830639,14.8,44.2333796,-123.1625399,90
7/29/2021 22:20,35,1,1,0.683880331,15.6,44.2333796,-123.1625399,101
7/29/2021 22:30,35,1,1,0.367065174,14,44.2333796,-123.1625399,91
7/29/2021 22:40,35,1,1,0.511254713,14,44.2333796,-123.1625399,88
7/29/2021 22:50,35,1,2,0.650364789,14,44.2333796,-123.1625399,88
7/29/2021 23:00,35,1,1,0.815657062,14.8,44.2333796,-123.1625399,101
7/29/2021 23:10,35,1,1,0.508601964,14,44.2333796,-123.1625399,84
7/29/2021 23:20,35,1,1,0.796963936,14,44.2333796,-123.1625399,104
7/29/2021 23:30,35,1,1,0.576848007,14,44.2333796,-123.1625399,97
7/29/2021 23:40,35,1,1,0.719788329,14,44.2333796,-123.1625399,84
7/29/2021 23:50,35,1,1,0.904310664,14.8,44.2333796,-123.1625399,83
7/30/2021 0:00,35,1,2,0.565685425,14.8,44.2333796,-123.1625399,91
7/30/2021 0:10,35,1,1,0,14,44.2333796,-123.1625399,87
7/30/2021 0:20,35,1,1,0.595219047,14,44.2333796,-123.1625399,99
7/30/2021 0:30,35,1,1,0.407181902,14,44.2333796,-123.1625399,82
7/30/2021 0:40,35,1,1,0.811348085,14,44.2333796,-123.1625399,79
7/30/2021 0:50,35,1,1,0.595219047,13.2,44.2333796,-123.1625399,83
7/30/2021 1:00,35,1,1,0.640512615,14,44.2333796,-123.1625399,88
7/30/2021 1:10,35,1,2,1.222020185,15.6,44.2333796,-123.1625399,89
7/30/2021 1:20,35,1,1,0.461880215,13.2,44.2333796,-123.1625399,84
7/30/2021 1:40,35,1,1,NA,14,44.2333796,-123.1625399,85
7/30/2021 1:50,35,1,2,0.282842712,13.2,44.2333796,-123.1625399,87
7/30/2021 2:00,35,1,1,0.34299717,13.2,44.2333796,-123.1625399,89
7/30/2021 2:10,35,1,1,0.709632967,13.2,44.2333796,-123.1625399,86
7/30/2021 2:20,35,1,1,0.366804382,13.2,44.2333796,-123.1625399,84
7/30/2021 2:30,35,1,2,0.447433844,14,44.2333796,-123.1625399,78
7/30/2021 2:40,35,1,1,0.427617987,13.2,44.2333796,-123.1625399,81
7/30/2021 2:50,35,1,1,0.511952379,14,44.2333796,-123.1625399,91
7/30/2021 3:00,35,1,2,0.384307569,13.2,44.2333796,-123.1625399,90
7/30/2021 3:10,35,1,2,0.427617987,14,44.2333796,-123.1625399,88
7/30/2021 3:20,35,1,1,0.307369794,13.2,44.2333796,-123.1625399,89
7/30/2021 3:30,35,1,1,0.628996314,12.4,44.2333796,-123.1625399,81
7/30/2021 3:40,35,1,1,0.494677554,13.2,44.2333796,-123.1625399,92
7/30/2021 3:50,35,1,1,0.352766841,14,44.2333796,-123.1625399,95
7/30/2021 4:00,35,1,1,0.461880215,13.2,44.2333796,-123.1625399,83
7/30/2021 4:20,35,1,2,NA,12.4,44.2333796,-123.1625399,93
7/30/2021 4:40,35,1,1,0.552604224,14,44.2333796,-123.1625399,84
7/30/2021 4:50,35,1,2,0.684004436,14,44.2333796,-123.1625399,100
7/30/2021 5:00,35,1,1,1.043072385,14.8,44.2333796,-123.1625399,87
7/30/2021 5:10,35,1,1,0.512695956,14,44.2333796,-123.1625399,86
7/30/2021 5:20,35,1,1,0.715541753,15.6,44.2333796,-123.1625399,88
7/30/2021 5:30,35,1,1,0.821528509,14.8,44.2333796,-123.1625399,94
7/30/2021 5:40,35,1,1,1.28472811,14,44.2333796,-123.1625399,100
7/30/2021 5:50,35,1,2,0.669328021,12.4,44.2333796,-123.1625399,92
7/30/2021 6:00,35,1,1,0.923760431,14,44.2333796,-123.1625399,93
7/30/2021 6:10,35,1,1,0.979795897,14,44.2333796,-123.1625399,102
7/30/2021 6:20,35,1,1,0.669328021,14,44.2333796,-123.1625399,84
7/30/2021 6:30,35,1,2,0.266666667,14,44.2333796,-123.1625399,89
7/30/2021 6:40,35,1,1,0.461880215,14,44.2333796,-123.1625399,76
7/30/2021 7:00,35,1,1,0,14,44.2333796,-123.1625399,79
7/30/2021 7:10,35,1,1,0.340652251,14,44.2333796,-123.1625399,83
7/30/2021 7:20,35,1,1,0.749268649,14,44.2333796,-123.1625399,95
7/30/2021 7:30,35,1,1,0.984192522,14,44.2333796,-123.1625399,94
7/30/2021 7:40,35,1,1,0.904310664,13.2,44.2333796,-123.1625399,99
7/30/2021 7:50,35,1,1,0.53935989,13.2,44.2333796,-123.1625399,92
7/30/2021 8:00,35,1,1,0.742368582,13.2,44.2333796,-123.1625399,84
7/30/2021 8:10,35,1,1,0.480196038,14,44.2333796,-123.1625399,101
7/30/2021 8:20,35,1,1,0.568290283,14,44.2333796,-123.1625399,103
7/30/2021 8:30,35,1,1,0.461880215,13.2,44.2333796,-123.1625399,94
7/30/2021 8:40,35,1,1,NA,13.2,44.2333796,-123.1625399,88
7/30/2021 8:50,35,1,2,0.719788329,14,44.2333796,-123.1625399,88
7/30/2021 9:00,35,1,1,0.565685425,14,44.2333796,-123.1625399,91
7/30/2021 9:10,35,1,2,0.923760431,14.8,44.2333796,-123.1625399,85
7/30/2021 9:20,35,1,1,0.772873426,14,44.2333796,-123.1625399,95
7/30/2021 9:30,35,1,1,0.512410092,14,44.2333796,-123.1625399,98
7/30/2021 9:40,35,1,1,0.384307569,14,44.2333796,-123.1625399,98
7/30/2021 9:50,35,1,1,0.567381637,13.2,44.2333796,-123.1625399,100
7/30/2021 10:00,35,1,1,0.533711987,13.2,44.2333796,-123.1625399,95
7/30/2021 10:10,35,1,1,0.413118224,13.2,44.2333796,-123.1625399,92
7/30/2021 10:20,35,1,1,0.640512615,13.2,44.2333796,-123.1625399,98
7/30/2021 10:30,35,1,1,0.569700276,13.2,44.2333796,-123.1625399,97
7/30/2021 10:40,35,1,1,0.722739885,13.2,44.2333796,-123.1625399,106
7/30/2021 10:50,35,1,1,0.758946638,13.2,44.2333796,-123.1625399,88
7/30/2021 11:00,35,1,1,0.555846667,13.2,44.2333796,-123.1625399,101
7/30/2021 11:10,35,1,1,0.461435886,13.2,44.2333796,-123.1625399,102
7/30/2021 11:20,35,1,2,0.565685425,13.2,44.2333796,-123.1625399,84
7/30/2021 11:30,35,1,1,0.573119192,14,44.2333796,-123.1625399,89
7/30/2021 11:40,35,1,1,0.63616498,13.2,44.2333796,-123.1625399,93
7/30/2021 11:50,35,1,1,0.590839157,13.2,44.2333796,-123.1625399,92
7/30/2021 12:00,35,1,1,0.241209076,13.2,44.2333796,-123.1625399,102
7/30/2021 12:10,35,1,2,0.427617987,12.4,44.2333796,-123.1625399,90
7/30/2021 12:20,35,1,1,0.449415204,14,44.2333796,-123.1625399,89
7/30/2021 12:30,35,1,1,0.674619234,13.2,44.2333796,-123.1625399,90
7/30/2021 12:40,35,1,2,0.443760157,13.2,44.2333796,-123.1625399,90
7/30/2021 12:50,35,1,1,0.558385952,14,44.2333796,-123.1625399,82
7/30/2021 13:00,35,1,2,0.4,14,44.2333796,-123.1625399,86
7/30/2021 13:10,35,1,1,0.494536749,14,44.2333796,-123.1625399,99
7/30/2021 13:20,35,1,1,0.494795609,14,44.2333796,-123.1625399,84
7/30/2021 13:30,35,1,1,0.447423052,14,44.2333796,-123.1625399,90
7/30/2021 13:40,35,1,2,0.565685425,14,44.2333796,-123.1625399,80
7/30/2021 13:50,35,1,1,0.302371578,14,44.2333796,-123.1625399,91
7/30/2021 14:00,35,1,1,0.649194604,14,44.2333796,-123.1625399,101
7/30/2021 14:10,35,1,1,0.621535443,14,44.2333796,-123.1625399,107
7/30/2021 14:20,35,1,1,0.49377072,13.2,44.2333796,-123.1625399,92
7/30/2021 14:30,35,1,1,0.438178046,14,44.2333796,-123.1625399,86
7/30/2021 14:40,35,1,1,0.486147991,14,44.2333796,-123.1625399,88
7/30/2021 14:50,35,1,1,0.595957075,14.8,44.2333796,-123.1625399,92
7/30/2021 15:00,35,1,1,0.555890634,14.8,44.2333796,-123.1625399,93
7/30/2021 15:10,35,1,1,0.333015722,14,44.2333796,-123.1625399,94
7/30/2021 15:20,35,1,1,0.479201994,14.8,44.2333796,-123.1625399,99
7/30/2021 15:30,35,1,1,0.352766841,14.8,44.2333796,-123.1625399,98
7/30/2021 15:40,35,1,1,0.390586917,14.8,44.2333796,-123.1625399,104
7/30/2021 15:50,35,1,1,0.701354002,14,44.2333796,-123.1625399,96
7/30/2021 16:00,35,1,1,0.580537311,15.6,44.2333796,-123.1625399,99
7/30/2021 16:10,35,1,1,0.567814471,14,44.2333796,-123.1625399,102
7/30/2021 16:20,35,1,1,0.600854093,14,44.2333796,-123.1625399,103
7/30/2021 16:30,35,1,1,0.568000655,14.8,44.2333796,-123.1625399,97
7/30/2021 16:40,35,1,1,0.553148366,14,44.2333796,-123.1625399,102
7/30/2021 16:50,35,1,1,0.609518002,14,44.2333796,-123.1625399,97
7/30/2021 17:00,35,1,1,0.490525621,14,44.2333796,-123.1625399,103
7/30/2021 17:10,35,1,1,0.531772507,14,44.2333796,-123.1625399,105
7/30/2021 17:20,35,1,1,0.470317081,14,44.2333796,-123.1625399,103
7/30/2021 17:30,35,1,1,0.62836417,14,44.2333796,-123.1625399,95
7/30/2021 17:40,35,1,1,0.475270821,14,44.2333796,-123.1625399,105
7/30/2021 17:50,35,1,1,0.460310791,14,44.2333796,-123.1625399,102
7/30/2021 18:00,35,1,1,0.658127125,14,44.2333796,-123.1625399,92
7/30/2021 18:10,35,1,1,0.522928815,14,44.2333796,-123.1625399,98
7/30/2021 18:20,35,1,1,0.589743995,14.8,44.2333796,-123.1625399,101
7/30/2021 18:30,35,1,1,0.449826005,14,44.2333796,-123.1625399,95
7/30/2021 18:40,35,1,1,0.423912681,14,44.2333796,-123.1625399,107
7/30/2021 18:50,35,1,1,0.510806301,14,44.2333796,-123.1625399,106
7/30/2021 19:00,35,1,1,0.669548304,14,44.2333796,-123.1625399,102
7/30/2021 19:10,35,1,1,0.622737038,13.2,44.2333796,-123.1625399,103
7/30/2021 19:20,35,1,1,0.542773594,13.2,44.2333796,-123.1625399,103
7/30/2021 19:30,35,1,1,0.62903302,13.2,44.2333796,-123.1625399,96
7/30/2021 19:40,35,1,1,0.650600049,13.2,44.2333796,-123.1625399,92
7/30/2021 19:50,35,1,1,0.737292827,13.2,44.2333796,-123.1625399,97
7/30/2021 20:00,35,1,1,0.479898979,13.2,44.2333796,-123.1625399,83
7/30/2021 20:10,35,1,2,0.453704698,14,44.2333796,-123.1625399,86
7/30/2021 20:20,35,1,1,0.588895602,14,44.2333796,-123.1625399,97
7/30/2021 20:30,35,1,1,0.63398382,13.2,44.2333796,-123.1625399,99
7/30/2021 20:40,35,1,1,0.893986478,14,44.2333796,-123.1625399,96
7/30/2021 20:50,35,1,1,1.099109789,14.8,44.2333796,-123.1625399,92
7/30/2021 21:00,35,1,1,0.754247233,14,44.2333796,-123.1625399,98
7/30/2021 21:10,35,1,1,0.643069562,13.2,44.2333796,-123.1625399,94
7/30/2021 21:20,35,1,2,0.880191367,14.8,44.2333796,-123.1625399,87
7/30/2021 21:30,35,1,1,0.912444033,14,44.2333796,-123.1625399,96
7/30/2021 21:40,35,1,2,1.263165154,14,44.2333796,-123.1625399,100
7/30/2021 21:50,35,1,1,0.948669073,14,44.2333796,-123.1625399,96
7/30/2021 22:00,35,1,1,1.005628758,14,44.2333796,-123.1625399,93
7/30/2021 22:10,35,1,1,1.130521153,14,44.2333796,-123.1625399,85
7/30/2021 22:20,35,1,1,0.854932214,15.6,44.2333796,-123.1625399,93
7/30/2021 22:30,35,1,1,0.656350287,14.8,44.2333796,-123.1625399,92
7/30/2021 22:40,35,1,1,0.557353815,14.8,44.2333796,-123.1625399,89
7/30/2021 22:50,35,1,1,0.683564524,14.8,44.2333796,-123.1625399,88
7/30/2021 23:00,35,1,1,0.961040001,14,44.2333796,-123.1625399,94
7/30/2021 23:10,35,1,1,0.896979057,16.4,44.2333796,-123.1625399,91
7/30/2021 23:20,35,1,1,0.955257101,14.8,44.2333796,-123.1625399,86
7/30/2021 23:30,35,1,1,0.706187864,14.8,44.2333796,-123.1625399,88
7/30/2021 23:40,35,1,1,0.701646415,14.8,44.2333796,-123.1625399,86
7/30/2021 23:50,35,1,2,0.767620596,15.6,44.2333796,-123.1625399,89
7/31/2021 0:00,35,1,1,0.859337849,14,44.2333796,-123.1625399,80
7/31/2021 0:10,35,1,1,0.665881891,14,44.2333796,-123.1625399,81
7/31/2021 0:20,35,1,2,0.821684146,15.6,44.2333796,-123.1625399,85
7/31/2021 0:30,35,1,1,0.695774794,14,44.2333796,-123.1625399,78
7/31/2021 0:40,35,1,1,0.547188454,15.6,44.2333796,-123.1625399,81
7/31/2021 0:50,35,1,1,1.310390851,13.2,44.2333796,-123.1625399,88
7/31/2021 1:00,35,1,1,0.91217919,16.4,44.2333796,-123.1625399,95
7/31/2021 1:10,35,1,2,1.006644591,17.2,44.2333796,-123.1625399,87
7/31/2021 1:20,35,1,1,0.716601554,14,44.2333796,-123.1625399,86
7/31/2021 1:30,35,1,1,0.78167416,14.8,44.2333796,-123.1625399,89
7/31/2021 1:40,35,1,1,0.57419245,14,44.2333796,-123.1625399,82
7/31/2021 1:50,35,1,1,0.755103846,15.6,44.2333796,-123.1625399,78
7/31/2021 2:00,35,1,2,0.533333333,13.2,44.2333796,-123.1625399,95
7/31/2021 2:10,35,1,1,0.715541753,14,44.2333796,-123.1625399,89
7/31/2021 2:30,35,1,1,NA,12.4,44.2333796,-123.1625399,71
7/31/2021 2:40,35,1,1,NA,14.8,44.2333796,-123.1625399,78
7/31/2021 2:50,35,1,2,0.923760431,14,44.2333796,-123.1625399,79
7/31/2021 3:00,35,1,1,0.461880215,13.2,44.2333796,-123.1625399,72
7/31/2021 3:10,35,1,1,1.6653328,14.8,44.2333796,-123.1625399,78
7/31/2021 3:20,35,1,1,0.889819451,14,44.2333796,-123.1625399,94
7/31/2021 3:30,35,1,1,0.390360029,13.2,44.2333796,-123.1625399,76
7/31/2021 3:40,35,1,1,0.428242703,13.2,44.2333796,-123.1625399,82
7/31/2021 3:50,35,1,1,0.504602473,13.2,44.2333796,-123.1625399,85
7/31/2021 4:00,35,1,1,0.449836572,13.2,44.2333796,-123.1625399,91
7/31/2021 4:10,35,1,2,0.91214034,13.2,44.2333796,-123.1625399,88
7/31/2021 4:20,35,1,2,1.006644591,14,44.2333796,-123.1625399,84
7/31/2021 4:30,35,1,2,1.697056275,17.2,44.2333796,-123.1625399,77
7/31/2021 4:40,35,1,2,0.765941686,13.2,44.2333796,-123.1625399,83
7/31/2021 4:50,35,1,2,0.732900305,13.2,44.2333796,-123.1625399,88
7/31/2021 5:00,35,1,1,0.582213305,13.2,44.2333796,-123.1625399,91
7/31/2021 5:10,35,1,1,0.705819962,14,44.2333796,-123.1625399,101
7/31/2021 5:20,35,1,1,0.621000021,14,44.2333796,-123.1625399,94
7/31/2021 5:30,35,1,1,0.464961977,13.2,44.2333796,-123.1625399,93
7/31/2021 5:40,35,1,1,0.433112234,13.2,44.2333796,-123.1625399,105
7/31/2021 5:50,35,1,1,0.550989785,13.2,44.2333796,-123.1625399,88
7/31/2021 6:00,35,1,2,0.785319854,13.2,44.2333796,-123.1625399,86
7/31/2021 6:10,35,1,1,0.302371578,13.2,44.2333796,-123.1625399,91
7/31/2021 6:20,35,1,1,0.418518691,14,44.2333796,-123.1625399,89
7/31/2021 6:30,35,1,2,0.604743157,14,44.2333796,-123.1625399,89
7/31/2021 6:40,35,1,1,0.427617987,13.2,44.2333796,-123.1625399,95
7/31/2021 6:50,35,1,1,0.508747019,13.2,44.2333796,-123.1625399,92
7/31/2021 7:00,35,1,1,0.508747019,13.2,44.2333796,-123.1625399,90
7/31/2021 7:10,35,1,1,0.354024481,13.2,44.2333796,-123.1625399,100
7/31/2021 7:20,35,1,1,0.633949898,13.2,44.2333796,-123.1625399,100
7/31/2021 7:30,35,1,1,0.4788876,13.2,44.2333796,-123.1625399,94
7/31/2021 7:40,35,1,2,0.477136042,14,44.2333796,-123.1625399,93
7/31/2021 7:50,35,1,1,0.589861431,14,44.2333796,-123.1625399,94
7/31/2021 8:00,35,1,1,0.463751924,13.2,44.2333796,-123.1625399,96
7/31/2021 8:10,35,1,1,0.461880215,13.2,44.2333796,-123.1625399,105
7/31/2021 8:20,35,1,1,0.521779617,13.2,44.2333796,-123.1625399,95
7/31/2021 8:30,35,1,1,0.494133653,13.2,44.2333796,-123.1625399,98
7/31/2021 8:40,35,1,1,0.598534796,13.2,44.2333796,-123.1625399,99
7/31/2021 8:50,35,1,1,0.425287626,14,44.2333796,-123.1625399,82
7/31/2021 9:00,35,1,1,0.325458669,14,44.2333796,-123.1625399,100
7/31/2021 9:10,35,1,1,0.586621835,14,44.2333796,-123.1625399,94
7/31/2021 9:20,35,1,1,0.36890643,13.2,44.2333796,-123.1625399,96
7/31/2021 9:30,35,1,1,0.336969416,13.2,44.2333796,-123.1625399,101
7/31/2021 9:40,35,1,1,0.45961052,13.2,44.2333796,-123.1625399,99
7/31/2021 9:50,35,1,1,0.596127856,13.2,44.2333796,-123.1625399,95
7/31/2021 10:00,35,1,1,0.7023394,13.2,44.2333796,-123.1625399,94
7/31/2021 10:10,35,1,1,0.796831671,13.2,44.2333796,-123.1625399,100
7/31/2021 10:20,35,1,1,0.631520177,13.2,44.2333796,-123.1625399,95
7/31/2021 10:30,35,1,1,0.47383133,13.2,44.2333796,-123.1625399,96
7/31/2021 10:40,35,1,1,0.555143779,14,44.2333796,-123.1625399,93
7/31/2021 10:50,35,1,2,0.59029183,13.2,44.2333796,-123.1625399,98
7/31/2021 11:00,35,1,2,0.474893472,13.2,44.2333796,-123.1625399,86
7/31/2021 11:10,35,1,1,1.066871775,14,44.2333796,-123.1625399,104
7/31/2021 11:20,35,1,2,0.614739589,14,44.2333796,-123.1625399,90
7/31/2021 11:30,35,1,1,0.419412008,13.2,44.2333796,-123.1625399,96
7/31/2021 11:40,35,1,2,0.461880215,13.2,44.2333796,-123.1625399,86
7/31/2021 11:50,35,1,1,0.629436634,14,44.2333796,-123.1625399,84
7/31/2021 12:00,35,1,2,0.661153676,14,44.2333796,-123.1625399,93
7/31/2021 12:10,35,1,2,0.361813613,14,44.2333796,-123.1625399,82
7/31/2021 12:20,35,1,1,0.692820323,13.2,44.2333796,-123.1625399,88
7/31/2021 12:30,35,1,1,0.632120811,13.2,44.2333796,-123.1625399,99
7/31/2021 12:40,35,1,1,0.857978136,13.2,44.2333796,-123.1625399,90
7/31/2021 12:50,35,1,1,0.449857246,13.2,44.2333796,-123.1625399,88
7/31/2021 13:00,35,1,1,0.437299933,13.2,44.2333796,-123.1625399,87
7/31/2021 13:10,35,1,1,0.58138512,13.2,44.2333796,-123.1625399,80
7/31/2021 13:20,35,1,1,0.315268044,13.2,44.2333796,-123.1625399,83
7/31/2021 13:30,35,1,1,0.593069214,14,44.2333796,-123.1625399,107
7/31/2021 13:40,35,1,1,0.46591418,13.2,44.2333796,-123.1625399,92
7/31/2021 13:50,35,1,2,0.565685425,13.2,44.2333796,-123.1625399,89
7/31/2021 14:00,35,1,2,0.326598632,13.2,44.2333796,-123.1625399,95
7/31/2021 14:10,35,1,2,0.4,13.2,44.2333796,-123.1625399,79
7/31/2021 14:20,35,1,1,0.570626003,14,44.2333796,-123.1625399,100
7/31/2021 14:30,35,1,1,0,14,44.2333796,-123.1625399,73
7/31/2021 14:40,35,1,1,0.907114735,12.4,44.2333796,-123.1625399,77
7/31/2021 14:50,35,1,1,0.37032804,14,44.2333796,-123.1625399,78
7/31/2021 15:00,35,1,1,0.922315926,13.2,44.2333796,-123.1625399,90
7/31/2021 15:10,35,1,1,0.664967532,14,44.2333796,-123.1625399,88
7/31/2021 15:30,35,1,2,0.706274401,13.2,44.2333796,-123.1625399,89
7/31/2021 15:40,35,1,1,0.438178046,13.2,44.2333796,-123.1625399,83
7/31/2021 15:50,35,1,1,0.56051924,13.2,44.2333796,-123.1625399,96
7/31/2021 16:00,35,1,2,0.461880215,14,44.2333796,-123.1625399,82
7/31/2021 16:10,35,1,1,1.162373052,13.2,44.2333796,-123.1625399,83
7/31/2021 16:20,35,1,1,0,13.2,44.2333796,-123.1625399,82
7/31/2021 16:30,35,1,1,0.565685425,13.2,44.2333796,-123.1625399,83
7/31/2021 16:40,35,1,1,1.292512373,13.2,44.2333796,-123.1625399,103
7/31/2021 16:50,35,1,1,1.284373751,13.2,44.2333796,-123.1625399,101
7/31/2021 17:00,35,1,1,0.768615138,13.2,44.2333796,-123.1625399,104
7/31/2021 17:10,35,1,1,1.182107624,13.2,44.2333796,-123.1625399,100
7/31/2021 17:20,35,1,1,0.478047215,13.2,44.2333796,-123.1625399,100
7/31/2021 17:30,35,1,1,0.507896824,14,44.2333796,-123.1625399,100
7/31/2021 17:40,35,1,1,0.415255549,13.2,44.2333796,-123.1625399,101
7/31/2021 17:50,35,1,1,1.566573518,13.2,44.2333796,-123.1625399,104
7/31/2021 18:00,35,1,1,0.631615236,14,44.2333796,-123.1625399,96
7/31/2021 18:10,35,1,1,0.634114351,13.2,44.2333796,-123.1625399,96
7/31/2021 18:20,35,1,1,0.511754417,13.2,44.2333796,-123.1625399,102
7/31/2021 18:30,35,1,1,0.600472627,13.2,44.2333796,-123.1625399,93
7/31/2021 18:40,35,1,1,0.599929524,14,44.2333796,-123.1625399,98
7/31/2021 18:50,35,1,1,0.761752366,14,44.2333796,-123.1625399,97
7/31/2021 19:00,35,1,1,0.613789531,14,44.2333796,-123.1625399,99
7/31/2021 19:10,35,1,1,0.610186073,13.2,44.2333796,-123.1625399,98
7/31/2021 19:20,35,1,1,0.837063513,14.8,44.2333796,-123.1625399,100
7/31/2021 19:30,35,1,1,0.571457875,14,44.2333796,-123.1625399,93
7/31/2021 19:40,35,1,1,0.654518191,13.2,44.2333796,-123.1625399,106
7/31/2021 19:50,35,1,1,0.808099608,13.2,44.2333796,-123.1625399,102
7/31/2021 20:00,35,1,1,0.701646415,13.2,44.2333796,-123.1625399,103
7/31/2021 20:10,35,1,1,0.905159323,14,44.2333796,-123.1625399,92
7/31/2021 20:20,35,1,1,0.718107346,14,44.2333796,-123.1625399,102
7/31/2021 20:30,35,1,2,0.823114355,13.2,44.2333796,-123.1625399,100
7/31/2021 20:40,35,1,1,0.503014171,14,44.2333796,-123.1625399,97
7/31/2021 20:50,35,1,1,0.903083747,13.2,44.2333796,-123.1625399,102
7/31/2021 21:00,35,1,2,0.594060436,13.2,44.2333796,-123.1625399,102
7/31/2021 21:10,35,1,2,0.732528934,14,44.2333796,-123.1625399,98
7/31/2021 21:20,35,1,1,0.765941686,13.2,44.2333796,-123.1625399,103
7/31/2021 21:30,35,1,1,0.72346445,13.2,44.2333796,-123.1625399,96
7/31/2021 21:40,35,1,1,0.601074307,13.2,44.2333796,-123.1625399,90
7/31/2021 21:50,35,1,2,0.707225613,14,44.2333796,-123.1625399,102
7/31/2021 22:00,35,1,1,0.57308032,14,44.2333796,-123.1625399,92
7/31/2021 22:10,35,1,1,0.631518858,13.2,44.2333796,-123.1625399,92
7/31/2021 22:20,35,1,1,0.816237335,16.4,44.2333796,-123.1625399,95
7/31/2021 22:30,35,1,1,0.856922277,14,44.2333796,-123.1625399,106
7/31/2021 22:40,35,1,1,0.738704414,14,44.2333796,-123.1625399,92
7/31/2021 22:50,35,1,1,0.945223409,14.8,44.2333796,-123.1625399,107
7/31/2021 23:00,35,1,2,0.559364719,14.8,44.2333796,-123.1625399,88
7/31/2021 23:10,35,1,1,0.624659451,13.2,44.2333796,-123.1625399,92
7/31/2021 23:20,35,1,2,0.614036642,14,44.2333796,-123.1625399,97
7/31/2021 23:30,35,1,2,0.779969005,13.2,44.2333796,-123.1625399,86
7/31/2021 23:40,35,1,1,0.757187779,13.2,44.2333796,-123.1625399,81
7/31/2021 23:50,35,1,2,0.314362099,13.2,44.2333796,-123.1625399,91
8/1/2021 0:00,35,1,1,0.37032804,14,44.2333796,-123.1625399,84
8/1/2021 0:10,35,1,1,0.633298245,13.2,44.2333796,-123.1625399,88
8/1/2021 0:20,35,1,1,0.622711349,13.2,44.2333796,-123.1625399,98
8/1/2021 0:30,35,1,1,0.673660287,14.8,44.2333796,-123.1625399,90
8/1/2021 0:40,35,1,1,0.491122389,13.2,44.2333796,-123.1625399,80
8/1/2021 0:50,35,1,1,0.49422143,14,44.2333796,-123.1625399,83
8/1/2021 1:00,35,1,1,0.478047215,14,44.2333796,-123.1625399,97
8/1/2021 1:10,35,1,1,0.533333333,13.2,44.2333796,-123.1625399,92
8/1/2021 1:20,35,1,2,0.498974558,14,44.2333796,-123.1625399,92
8/1/2021 1:30,35,1,1,0.534940108,13.2,44.2333796,-123.1625399,84
8/1/2021 1:40,35,1,1,0.625943191,13.2,44.2333796,-123.1625399,86
8/1/2021 1:50,35,1,1,0.524343388,13.2,44.2333796,-123.1625399,88
8/1/2021 2:00,35,1,2,0.706187864,14,44.2333796,-123.1625399,82
8/1/2021 2:10,35,1,2,0.566624323,14,44.2333796,-123.1625399,86
8/1/2021 2:20,35,1,1,0.358716112,14,44.2333796,-123.1625399,95
8/1/2021 2:30,35,1,2,0.4807942,13.2,44.2333796,-123.1625399,83
8/1/2021 2:40,35,1,1,0.380876183,13.2,44.2333796,-123.1625399,89
8/1/2021 2:50,35,1,2,0.666622368,13.2,44.2333796,-123.1625399,83
8/1/2021 3:00,35,1,2,0.529812943,13.2,44.2333796,-123.1625399,86
8/1/2021 3:10,35,1,1,0.704217797,13.2,44.2333796,-123.1625399,84
8/1/2021 3:20,35,1,1,0.574397531,13.2,44.2333796,-123.1625399,84
8/1/2021 3:30,35,1,1,0.546044601,14,44.2333796,-123.1625399,105
8/1/2021 3:40,35,1,1,0.534522484,13.2,44.2333796,-123.1625399,89
8/1/2021 3:50,35,1,1,0.545781378,14,44.2333796,-123.1625399,85
8/1/2021 4:00,35,1,1,0.471205993,14,44.2333796,-123.1625399,85
8/1/2021 4:10,35,1,1,0.659488234,13.2,44.2333796,-123.1625399,89
8/1/2021 4:20,35,1,2,0.721877219,13.2,44.2333796,-123.1625399,90
8/1/2021 4:30,35,1,2,0.367065174,13.2,44.2333796,-123.1625399,102
8/1/2021 4:40,35,1,1,0.54515631,14,44.2333796,-123.1625399,88
8/1/2021 4:50,35,1,1,0.562721114,13.2,44.2333796,-123.1625399,84
8/1/2021 5:00,35,1,1,0.612208424,13.2,44.2333796,-123.1625399,90
8/1/2021 5:10,35,1,2,0.557048499,13.2,44.2333796,-123.1625399,96
8/1/2021 5:20,35,1,1,0.806411093,13.2,44.2333796,-123.1625399,104
8/1/2021 5:30,35,1,1,0.728856314,13.2,44.2333796,-123.1625399,96
8/1/2021 5:40,35,1,1,0.662993544,13.2,44.2333796,-123.1625399,94
8/1/2021 5:50,35,1,1,0.445809868,12.4,44.2333796,-123.1625399,88
8/1/2021 6:00,35,1,2,0.54311542,13.2,44.2333796,-123.1625399,92
8/1/2021 6:10,35,1,1,0.616263109,13.2,44.2333796,-123.1625399,98
8/1/2021 6:20,35,1,1,0.490985404,13.2,44.2333796,-123.1625399,100
8/1/2021 6:30,35,1,1,0.54654339,13.2,44.2333796,-123.1625399,96
8/1/2021 6:40,35,1,1,0.82042882,13.2,44.2333796,-123.1625399,92
8/1/2021 6:50,35,1,1,0.486114896,13.2,44.2333796,-123.1625399,99
8/1/2021 7:00,35,1,1,0.671497648,13.2,44.2333796,-123.1625399,95
8/1/2021 7:10,35,1,1,0.529643745,13.2,44.2333796,-123.1625399,94
8/1/2021 7:20,35,1,1,0.571182246,13.2,44.2333796,-123.1625399,97
8/1/2021 7:30,35,1,1,0.463974921,13.2,44.2333796,-123.1625399,98
8/1/2021 7:40,35,1,1,0.47311982,13.2,44.2333796,-123.1625399,100
8/1/2021 7:50,35,1,1,0.72097495,14,44.2333796,-123.1625399,98
8/1/2021 8:00,35,1,1,0.550041321,13.2,44.2333796,-123.1625399,97
8/1/2021 8:10,35,1,1,0.697798287,13.2,44.2333796,-123.1625399,100
8/1/2021 8:20,35,1,1,0.503383556,12.4,44.2333796,-123.1625399,99
8/1/2021 8:30,35,1,1,0.436385899,13.2,44.2333796,-123.1625399,97
8/1/2021 8:40,35,1,2,0.543171668,13.2,44.2333796,-123.1625399,99
8/1/2021 8:50,35,1,1,0.721950221,13.2,44.2333796,-123.1625399,98
8/1/2021 9:00,35,1,1,0.592945542,13.2,44.2333796,-123.1625399,94
8/1/2021 9:10,35,1,1,0.606878807,13.2,44.2333796,-123.1625399,94
8/1/2021 9:20,35,1,1,0.514775867,13.2,44.2333796,-123.1625399,98
8/1/2021 9:30,35,1,1,0.47883135,13.2,44.2333796,-123.1625399,96
8/1/2021 9:40,35,1,1,0.594898486,13.2,44.2333796,-123.1625399,96
8/1/2021 9:50,35,1,1,0.606349383,14,44.2333796,-123.1625399,102
8/1/2021 10:00,35,1,1,0.519039914,14,44.2333796,-123.1625399,109
8/1/2021 10:10,35,1,1,0.524432108,13.2,44.2333796,-123.1625399,107
8/1/2021 10:20,35,1,1,0.395897327,13.2,44.2333796,-123.1625399,97
8/1/2021 10:30,35,1,2,0.496447004,14,44.2333796,-123.1625399,92
8/1/2021 10:40,35,1,1,0.468395068,13.2,44.2333796,-123.1625399,90
8/1/2021 10:50,35,1,1,0.534759997,13.2,44.2333796,-123.1625399,95
8/1/2021 11:00,35,1,1,0.399806717,13.2,44.2333796,-123.1625399,89
8/1/2021 11:10,35,1,1,0.38523473,13.2,44.2333796,-123.1625399,98
8/1/2021 11:20,35,1,1,0.375480369,13.2,44.2333796,-123.1625399,101
8/1/2021 11:30,35,1,1,0.42700841,13.2,44.2333796,-123.1625399,96
8/1/2021 11:40,35,1,1,0.560701315,13.2,44.2333796,-123.1625399,94
8/1/2021 11:50,35,1,2,0.604743157,14,44.2333796,-123.1625399,86
8/1/2021 12:00,35,1,1,0.531632308,14,44.2333796,-123.1625399,103
8/1/2021 12:10,35,1,1,0.69068173,14,44.2333796,-123.1625399,102
8/1/2021 12:20,35,1,1,0.46025787,14,44.2333796,-123.1625399,100
8/1/2021 12:30,35,1,1,0.469958224,14,44.2333796,-123.1625399,100
8/1/2021 12:40,35,1,1,0.427617987,14,44.2333796,-123.1625399,93
8/1/2021 12:50,35,1,1,0.381677546,14,44.2333796,-123.1625399,97
8/1/2021 13:00,35,1,1,0.47698738,14,44.2333796,-123.1625399,99
8/1/2021 13:10,35,1,1,0.442767002,14,44.2333796,-123.1625399,96
8/1/2021 13:20,35,1,1,0.613460625,13.2,44.2333796,-123.1625399,95
8/1/2021 13:30,35,1,2,0.475710426,14.8,44.2333796,-123.1625399,94
8/1/2021 13:40,35,1,1,0.591743965,14,44.2333796,-123.1625399,90
8/1/2021 13:50,35,1,1,0.436301472,14.8,44.2333796,-123.1625399,95
8/1/2021 14:00,35,1,1,0.574125642,14,44.2333796,-123.1625399,103
8/1/2021 14:10,35,1,1,0.504900356,14,44.2333796,-123.1625399,94
8/1/2021 14:20,35,1,1,0.357770876,14,44.2333796,-123.1625399,97
8/1/2021 14:30,35,1,1,0.71974916,14,44.2333796,-123.1625399,89
8/1/2021 14:40,35,1,1,0.578399044,14,44.2333796,-123.1625399,101
8/1/2021 14:50,35,1,2,0.515564207,14,44.2333796,-123.1625399,100
8/1/2021 15:00,35,1,1,0.711269824,14,44.2333796,-123.1625399,94
8/1/2021 15:10,35,1,1,0.658618082,14,44.2333796,-123.1625399,93
8/1/2021 15:20,35,1,1,0.613084836,14.8,44.2333796,-123.1625399,88
8/1/2021 15:30,35,1,1,0.786991003,14.8,44.2333796,-123.1625399,98
8/1/2021 15:40,35,1,1,0.749188509,14,44.2333796,-123.1625399,94
8/1/2021 15:50,35,1,1,0.784385431,14.8,44.2333796,-123.1625399,104
8/1/2021 16:00,35,1,1,0.64,14,44.2333796,-123.1625399,92
8/1/2021 16:10,35,1,1,0.993915423,14.8,44.2333796,-123.1625399,97
8/1/2021 16:20,35,1,1,0.563456621,14,44.2333796,-123.1625399,99
8/1/2021 16:30,35,1,1,0.742822579,14,44.2333796,-123.1625399,98
8/1/2021 16:40,35,1,1,0.896717661,14,44.2333796,-123.1625399,93
8/1/2021 16:50,35,1,1,0.530394835,14,44.2333796,-123.1625399,98
8/1/2021 17:00,35,1,1,0.841051973,14.8,44.2333796,-123.1625399,94
8/1/2021 17:10,35,1,2,0.782453376,14.8,44.2333796,-123.1625399,95
8/1/2021 17:20,35,1,1,0.503435491,15.6,44.2333796,-123.1625399,90
8/1/2021 17:30,35,1,1,0.395773466,14.8,44.2333796,-123.1625399,97
8/1/2021 17:40,35,1,1,0.432646271,14.8,44.2333796,-123.1625399,97
8/1/2021 17:50,35,1,1,0.584796815,14.8,44.2333796,-123.1625399,96
8/1/2021 18:00,35,1,1,0.621535443,14,44.2333796,-123.1625399,93
8/1/2021 18:10,35,1,1,0.712377957,14,44.2333796,-123.1625399,97
8/1/2021 18:20,35,1,1,0.700476029,14.8,44.2333796,-123.1625399,95
8/1/2021 18:30,35,1,1,0.651328313,14,44.2333796,-123.1625399,95
8/1/2021 18:40,35,1,1,0.519108548,14,44.2333796,-123.1625399,97
8/1/2021 18:50,35,1,2,0.452069851,14,44.2333796,-123.1625399,94
8/1/2021 19:00,35,1,1,0.411686976,14,44.2333796,-123.1625399,92
8/1/2021 19:10,35,1,1,0.550767108,14.8,44.2333796,-123.1625399,95
8/1/2021 19:20,35,1,1,0.597053698,14,44.2333796,-123.1625399,93
8/1/2021 19:30,35,1,1,0.489465749,14,44.2333796,-123.1625399,101
8/1/2021 19:40,35,1,1,0.431487912,14.8,44.2333796,-123.1625399,86
8/1/2021 19:50,35,1,1,0.526269004,14,44.2333796,-123.1625399,96
8/1/2021 20:00,35,1,1,0.382970843,14.8,44.2333796,-123.1625399,87
8/1/2021 20:10,35,1,1,0.557353815,14.8,44.2333796,-123.1625399,102
8/1/2021 20:20,35,1,1,0.382473155,14.8,44.2333796,-123.1625399,99
8/1/2021 20:30,35,1,1,0.520354908,16.4,44.2333796,-123.1625399,97
8/1/2021 20:40,35,1,1,0.810561513,15.6,44.2333796,-123.1625399,117
8/1/2021 20:50,35,1,1,0.745223205,17.2,44.2333796,-123.1625399,104
8/1/2021 21:00,35,1,1,0.771198726,17.2,44.2333796,-123.1625399,96
8/1/2021 21:10,35,1,1,1.077423241,16.4,44.2333796,-123.1625399,100
8/1/2021 21:20,35,1,1,0.538108702,16.4,44.2333796,-123.1625399,109
8/1/2021 21:30,35,1,1,0.908139777,15.6,44.2333796,-123.1625399,99
8/1/2021 21:40,35,1,1,0.778147662,14.8,44.2333796,-123.1625399,101
8/1/2021 21:50,35,1,1,0.563538603,16.4,44.2333796,-123.1625399,98
8/1/2021 22:00,35,1,1,0.480015585,14.8,44.2333796,-123.1625399,101
8/1/2021 22:10,35,1,1,0.711458742,14.8,44.2333796,-123.1625399,96
8/1/2021 22:20,35,1,1,1.047445873,14,44.2333796,-123.1625399,95
8/1/2021 22:30,35,1,1,0.453481693,14,44.2333796,-123.1625399,100
8/1/2021 22:40,35,1,2,0.356392178,14,44.2333796,-123.1625399,103
8/1/2021 22:50,35,1,1,0.656455127,14,44.2333796,-123.1625399,99
8/1/2021 23:00,35,1,1,0.8,14,44.2333796,-123.1625399,75
8/1/2021 23:10,35,1,1,0.461880215,13.2,44.2333796,-123.1625399,84
8/1/2021 23:20,35,1,2,1.013843572,14.8,44.2333796,-123.1625399,101
8/1/2021 23:30,35,1,1,0.461880215,13.2,44.2333796,-123.1625399,91
8/1/2021 23:40,35,1,1,0.705533683,14,44.2333796,-123.1625399,81
8/1/2021 23:50,35,1,1,1.079917692,14.8,44.2333796,-123.1625399,81
8/2/2021 0:00,35,1,1,0.449272917,14,44.2333796,-123.1625399,96
8/2/2021 0:10,35,1,1,0.741920233,14,44.2333796,-123.1625399,83
8/2/2021 0:20,35,1,1,1.193260645,14.8,44.2333796,-123.1625399,93
8/2/2021 0:30,35,1,2,0.786116082,13.2,44.2333796,-123.1625399,86
8/2/2021 0:40,35,1,1,0.797799171,14.8,44.2333796,-123.1625399,83
8/2/2021 0:50,35,1,1,0.592228388,14.8,44.2333796,-123.1625399,86
8/2/2021 1:00,35,1,1,0.576848007,14.8,44.2333796,-123.1625399,85
8/2/2021 1:10,35,1,1,0,14,44.2333796,-123.1625399,91
8/2/2021 1:20,35,1,1,0.486206125,14.8,44.2333796,-123.1625399,81
8/2/2021 1:30,35,1,2,0.579988339,14.8,44.2333796,-123.1625399,83
8/2/2021 1:40,35,1,2,0.584828429,13.2,44.2333796,-123.1625399,91
8/2/2021 1:50,35,1,2,0.735791599,14,44.2333796,-123.1625399,95
8/2/2021 2:00,35,1,1,0.684568389,14,44.2333796,-123.1625399,88
8/2/2021 2:10,35,1,1,0.704787382,14,44.2333796,-123.1625399,87
8/2/2021 2:20,35,1,1,0.522975212,12.4,44.2333796,-123.1625399,87
8/2/2021 2:30,35,1,2,0.532463058,14,44.2333796,-123.1625399,87
8/2/2021 2:40,35,1,2,0.422928272,14.8,44.2333796,-123.1625399,103
8/2/2021 2:50,35,1,1,0.55325126,14,44.2333796,-123.1625399,95
8/2/2021 3:00,35,1,1,0.557304437,14.8,44.2333796,-123.1625399,100
8/2/2021 3:10,35,1,1,0.510028462,14.8,44.2333796,-123.1625399,91
8/2/2021 3:20,35,1,1,0.42700841,14,44.2333796,-123.1625399,84
8/2/2021 3:30,35,1,1,0.516397779,14,44.2333796,-123.1625399,87
8/2/2021 3:40,35,1,1,0.384307569,14,44.2333796,-123.1625399,88
8/2/2021 3:50,35,1,1,0.429898632,14.8,44.2333796,-123.1625399,82
8/2/2021 4:00,35,1,1,0.357770876,14,44.2333796,-123.1625399,94
8/2/2021 4:10,35,1,1,0.443491618,14,44.2333796,-123.1625399,93
8/2/2021 4:20,35,1,1,0.660462358,14,44.2333796,-123.1625399,87
8/2/2021 4:30,35,1,2,1.261599773,17.2,44.2333796,-123.1625399,91
8/2/2021 4:40,35,1,1,0.629436634,14,44.2333796,-123.1625399,99
8/2/2021 4:50,35,1,1,0.379704917,13.2,44.2333796,-123.1625399,103
8/2/2021 5:00,35,1,2,0.530394835,13.2,44.2333796,-123.1625399,93
8/2/2021 5:10,35,1,1,0.49377072,13.2,44.2333796,-123.1625399,96
8/2/2021 5:20,35,1,2,0.58144053,13.2,44.2333796,-123.1625399,93
8/2/2021 5:30,35,1,1,0.727774122,13.2,44.2333796,-123.1625399,94
8/2/2021 5:40,35,1,1,0.728207192,14.8,44.2333796,-123.1625399,107
8/2/2021 5:50,35,1,1,0.927588712,14.8,44.2333796,-123.1625399,100
8/2/2021 6:00,35,1,1,0.70606396,14.8,44.2333796,-123.1625399,95
8/2/2021 6:10,35,1,1,0.758946638,14,44.2333796,-123.1625399,94
8/2/2021 6:20,35,1,1,0.565685425,14,44.2333796,-123.1625399,92
8/2/2021 6:30,35,1,2,0.461880215,14,44.2333796,-123.1625399,85
8/2/2021 6:40,35,1,2,0.565685425,14.8,44.2333796,-123.1625399,86
8/2/2021 6:50,35,1,1,0.565685425,14,44.2333796,-123.1625399,100
8/2/2021 7:00,35,1,1,0.831991903,15.6,44.2333796,-123.1625399,87
8/2/2021 7:10,35,1,2,0.484075209,13.2,44.2333796,-123.1625399,89
8/2/2021 7:20,35,1,1,0.525093583,14.8,44.2333796,-123.1625399,94
8/2/2021 7:30,35,1,1,0.408686176,13.2,44.2333796,-123.1625399,95
8/2/2021 7:40,35,1,1,0.560529703,13.2,44.2333796,-123.1625399,100
8/2/2021 7:50,35,1,1,0.543538723,13.2,44.2333796,-123.1625399,94
8/2/2021 8:00,35,1,1,0.460792157,13.2,44.2333796,-123.1625399,95
8/2/2021 8:10,35,1,1,0.556519081,13.2,44.2333796,-123.1625399,97
8/2/2021 8:20,35,1,1,0.463147379,13.2,44.2333796,-123.1625399,96
8/2/2021 8:30,35,1,1,0.631684629,14,44.2333796,-123.1625399,99
8/2/2021 8:40,35,1,2,0.97503222,15.6,44.2333796,-123.1625399,91
8/2/2021 8:50,35,1,1,0.458890668,13.2,44.2333796,-123.1625399,98
8/2/2021 9:00,35,1,1,0.586621835,13.2,44.2333796,-123.1625399,96
8/2/2021 9:10,35,1,1,0.648514787,14,44.2333796,-123.1625399,100
8/2/2021 9:20,35,1,1,0.432343191,13.2,44.2333796,-123.1625399,102
8/2/2021 9:30,35,1,1,0.477003635,13.2,44.2333796,-123.1625399,98
8/2/2021 9:40,35,1,1,0.554511491,13.2,44.2333796,-123.1625399,97
8/2/2021 9:50,35,1,1,0.654019828,13.2,44.2333796,-123.1625399,89
8/2/2021 10:00,35,1,1,0.922315926,13.2,44.2333796,-123.1625399,90
8/2/2021 10:10,35,1,1,0.594508005,14.8,44.2333796,-123.1625399,97
8/2/2021 10:20,35,1,1,0.723627227,14,44.2333796,-123.1625399,93
8/2/2021 10:30,35,1,1,0.315487666,14,44.2333796,-123.1625399,101
8/2/2021 10:40,35,1,1,0.452061963,14,44.2333796,-123.1625399,105
8/2/2021 10:50,35,1,1,0.360140246,14,44.2333796,-123.1625399,92
8/2/2021 11:00,35,1,2,0.682606197,14,44.2333796,-123.1625399,98
8/2/2021 11:10,35,1,1,0.471186429,14,44.2333796,-123.1625399,101
8/2/2021 11:20,35,1,1,0.727369691,14,44.2333796,-123.1625399,97
8/2/2021 11:30,35,1,2,0.8326664,14,44.2333796,-123.1625399,102
8/2/2021 11:40,35,1,1,0.540164877,14.8,44.2333796,-123.1625399,92
8/2/2021 11:50,35,1,1,0.479201994,14.8,44.2333796,-123.1625399,109
8/2/2021 12:00,35,1,1,0.496940132,14,44.2333796,-123.1625399,107
8/2/2021 12:10,35,1,1,0.564304018,14,44.2333796,-123.1625399,99
8/2/2021 12:20,35,1,1,0.739533022,14.8,44.2333796,-123.1625399,83
8/2/2021 12:30,35,1,1,0.60764362,15.6,44.2333796,-123.1625399,84
8/2/2021 12:40,35,1,1,NA,15.6,44.2333796,-123.1625399,72
8/2/2021 12:50,35,1,1,0.597811774,14.8,44.2333796,-123.1625399,98
8/2/2021 13:00,35,1,1,0.331880894,14.8,44.2333796,-123.1625399,91
8/2/2021 13:10,35,1,1,0.548795472,14.8,44.2333796,-123.1625399,97
8/2/2021 13:20,35,1,1,0.386436713,14.8,44.2333796,-123.1625399,82
8/2/2021 13:30,35,1,1,1.190785881,14.8,44.2333796,-123.1625399,97
8/2/2021 13:40,35,1,1,0.801138791,14.8,44.2333796,-123.1625399,92
8/2/2021 13:50,35,1,1,0.393892771,14.8,44.2333796,-123.1625399,90
8/2/2021 14:00,35,1,1,1.149421416,14.8,44.2333796,-123.1625399,88
8/2/2021 14:10,35,1,1,0.311399578,14.8,44.2333796,-123.1625399,95
8/2/2021 14:20,35,1,1,0.536830639,14.8,44.2333796,-123.1625399,87
8/2/2021 14:30,35,1,1,0.352766841,14.8,44.2333796,-123.1625399,95
8/2/2021 14:40,35,1,1,0.577813916,14.8,44.2333796,-123.1625399,109
8/2/2021 14:50,35,1,1,0.37032804,14.8,44.2333796,-123.1625399,105
8/2/2021 15:00,35,1,1,0.206559112,14.8,44.2333796,-123.1625399,102
8/2/2021 15:10,35,1,1,0.393892771,14.8,44.2333796,-123.1625399,93
8/2/2021 15:20,35,1,1,0.266666667,14.8,44.2333796,-123.1625399,87
8/2/2021 15:30,35,1,1,1.658915308,18,44.2333796,-123.1625399,104
8/2/2021 15:40,35,1,1,0.252982213,14.8,44.2333796,-123.1625399,94
8/2/2021 15:50,35,1,1,0.4,14.8,44.2333796,-123.1625399,74
8/2/2021 16:00,35,1,1,NA,17.2,44.2333796,-123.1625399,86
8/2/2021 16:10,35,1,1,0,14.8,44.2333796,-123.1625399,94
8/2/2021 16:20,35,1,1,0.461880215,14.8,44.2333796,-123.1625399,88
8/2/2021 16:30,35,1,1,NA,14.8,44.2333796,-123.1625399,76
8/2/2021 16:40,35,1,1,0.533333333,14.8,44.2333796,-123.1625399,101
8/2/2021 16:50,35,1,1,0.438178046,14.8,44.2333796,-123.1625399,92
8/2/2021 17:00,35,1,1,0.461880215,14.8,44.2333796,-123.1625399,83
8/2/2021 17:10,35,1,1,0.461880215,15.6,44.2333796,-123.1625399,93
8/2/2021 17:20,35,1,1,0.565685425,14.8,44.2333796,-123.1625399,98
8/2/2021 17:30,35,1,1,0.415099617,14.8,44.2333796,-123.1625399,101
8/2/2021 17:40,35,1,1,0.427617987,14.8,44.2333796,-123.1625399,100
8/2/2021 17:50,35,1,1,0.413118224,15.6,44.2333796,-123.1625399,92
8/2/2021 18:00,35,1,1,0.326598632,14.8,44.2333796,-123.1625399,89
8/2/2021 18:10,35,1,1,0.488999876,14.8,44.2333796,-123.1625399,102
8/2/2021 18:20,35,1,1,0,14.8,44.2333796,-123.1625399,92
8/2/2021 18:30,35,1,1,0.53935989,14.8,44.2333796,-123.1625399,99
8/2/2021 18:40,35,1,1,0.505964426,14.8,44.2333796,-123.1625399,96
8/2/2021 18:50,35,1,1,0.323615934,14.8,44.2333796,-123.1625399,94
8/2/2021 19:00,35,1,1,0.393892771,14.8,44.2333796,-123.1625399,101
8/2/2021 19:10,35,1,1,0.384307569,14.8,44.2333796,-123.1625399,98
8/2/2021 19:20,35,2,1,0,14.8,44.23122,-123.1629,49
8/2/2021 19:30,35,1,1,0.461880215,14,44.2333796,-123.1625399,84
8/2/2021 19:40,35,1,1,1.13137085,14.8,44.2333796,-123.1625399,75
8/2/2021 19:50,35,1,1,NA,13.2,44.2333796,-123.1625399,75
8/2/2021 20:00,35,1,1,0.653197265,14.8,44.2333796,-123.1625399,88
8/2/2021 20:10,35,2,1,2.571640203,10,44.23122,-123.1629,81
8/2/2021 20:20,35,1,1,1.032795559,14.8,44.2333796,-123.1625399,85
8/2/2021 20:30,35,1,1,0.438178046,14,44.2333796,-123.1625399,90
8/2/2021 20:40,35,1,1,0.602218122,14.8,44.2333796,-123.1625399,84
8/2/2021 20:50,35,1,1,0,14.8,44.2333796,-123.1625399,79
8/2/2021 21:00,35,1,1,1.253359123,14,44.2333796,-123.1625399,89
8/2/2021 21:10,35,1,1,0.413118224,14.8,44.2333796,-123.1625399,84
8/2/2021 21:20,35,1,1,0.927601447,14.8,44.2333796,-123.1625399,97
8/2/2021 21:30,35,1,1,1.186591758,13.2,44.2333796,-123.1625399,84
8/2/2021 22:00,35,1,1,0.4,14.8,44.2333796,-123.1625399,102
8/2/2021 22:10,35,1,1,0.787785542,14.8,44.2333796,-123.1625399,86
8/2/2021 22:20,35,1,1,0.641051767,14,44.2333796,-123.1625399,90
8/2/2021 22:30,35,1,1,1.12880182,14.8,44.2333796,-123.1625399,87
8/2/2021 22:40,35,1,1,1.081797446,11.6,44.2333796,-123.1625399,90
8/2/2021 22:50,35,1,1,0.56298524,14,44.2333796,-123.1625399,97
8/2/2021 23:00,35,1,1,0.559364719,14,44.2333796,-123.1625399,105
8/2/2021 23:10,35,1,1,0.293078039,14,44.2333796,-123.1625399,86
8/2/2021 23:20,35,1,1,0.393892771,14.8,44.2333796,-123.1625399,85
8/2/2021 23:30,35,1,1,0.469709251,14,44.2333796,-123.1625399,100
8/2/2021 23:40,35,1,1,0.357770876,14,44.2333796,-123.1625399,92
8/2/2021 23:50,35,1,1,0.411596604,14,44.2333796,-123.1625399,82
8/3/2021 0:00,35,1,1,1.889240792,14,44.2333796,-123.1625399,104
8/3/2021 0:10,35,1,1,1.389301526,14,44.2333796,-123.1625399,83
8/3/2021 0:20,35,1,1,1.413803586,14.8,44.2333796,-123.1625399,89
8/3/2021 0:30,35,1,1,0.497008595,13.2,44.2333796,-123.1625399,93
8/3/2021 0:40,35,1,1,0.975009372,14,44.2333796,-123.1625399,100
8/3/2021 0:50,35,1,1,0.835406944,13.2,44.2333796,-123.1625399,82
8/3/2021 1:00,35,1,1,0.54644851,13.2,44.2333796,-123.1625399,108
8/3/2021 1:10,35,1,1,1.024620005,15.6,44.2333796,-123.1625399,89
8/3/2021 1:20,35,1,1,0.681668738,13.2,44.2333796,-123.1625399,90
8/3/2021 1:30,35,1,1,0.859797265,14.8,44.2333796,-123.1625399,119
8/3/2021 1:40,35,1,1,1.998460946,19.6,44.2333796,-123.1625399,123
8/3/2021 1:50,35,1,1,0.405674042,14,44.2333796,-123.1625399,122
8/3/2021 2:00,35,1,1,0.59312481,14,44.2333796,-123.1625399,126
8/3/2021 2:10,35,1,1,0.382191821,14,44.2333796,-123.1625399,118
8/3/2021 2:20,35,1,1,1.174692487,14,44.2333796,-123.1625399,124
8/3/2021 2:30,35,1,1,0.48464326,14,44.2333796,-123.1625399,105
8/3/2021 2:40,35,1,1,0.398446596,13.2,44.2333796,-123.1625399,104
8/3/2021 2:50,35,1,1,0.408686176,14.8,44.2333796,-123.1625399,115
8/3/2021 3:00,35,1,1,0.604743157,14,44.2333796,-123.1625399,119
8/3/2021 3:10,35,1,1,0.50368015,14,44.2333796,-123.1625399,122
8/3/2021 3:20,35,1,1,0.503236835,14,44.2333796,-123.1625399,103
8/3/2021 3:30,35,1,1,0.789676987,14,44.2333796,-123.1625399,102
8/3/2021 3:40,35,1,1,0.62486301,14,44.2333796,-123.1625399,108
8/3/2021 3:50,35,1,1,0.482418151,14,44.2333796,-123.1625399,102
8/3/2021 4:00,35,1,1,0.734130348,14,44.2333796,-123.1625399,102
8/3/2021 4:10,35,1,1,0.514932224,14,44.2333796,-123.1625399,98
8/3/2021 4:20,35,1,1,0.380216657,14,44.2333796,-123.1625399,95
8/3/2021 4:30,35,1,1,0.468080227,14,44.2333796,-123.1625399,104
8/3/2021 4:40,35,1,1,0.836171511,14,44.2333796,-123.1625399,107
8/3/2021 4:50,35,1,1,0.349148624,14,44.2333796,-123.1625399,92
8/3/2021 5:00,35,1,1,0.492175334,14,44.2333796,-123.1625399,108
8/3/2021 5:10,35,1,1,0.656350287,14.8,44.2333796,-123.1625399,98
8/3/2021 5:20,35,1,1,0.779446106,14,44.2333796,-123.1625399,102
8/3/2021 5:30,35,1,1,0.634560215,14,44.2333796,-123.1625399,97
8/3/2021 5:40,35,1,1,1.060237032,14.8,44.2333796,-123.1625399,109
8/3/2021 5:50,35,1,1,0.701646415,14,44.2333796,-123.1625399,97
8/3/2021 6:00,35,1,1,0.494677554,14,44.2333796,-123.1625399,86
8/3/2021 6:10,35,1,1,0.511952379,13.2,44.2333796,-123.1625399,91
8/3/2021 6:20,35,1,1,0.505964426,13.2,44.2333796,-123.1625399,95
8/3/2021 6:30,35,1,1,0.348711915,14,44.2333796,-123.1625399,95
8/3/2021 6:40,35,1,1,0.591566344,13.2,44.2333796,-123.1625399,96
8/3/2021 6:50,35,1,1,0.732093294,13.2,44.2333796,-123.1625399,105
8/3/2021 7:00,35,1,1,0.802610121,13.2,44.2333796,-123.1625399,98
8/3/2021 7:10,35,1,1,0.685994341,14,44.2333796,-123.1625399,101
8/3/2021 7:20,35,1,1,0.735760745,12.4,44.2333796,-123.1625399,98
8/3/2021 7:30,35,1,1,0.876356092,13.2,44.2333796,-123.1625399,94
8/3/2021 7:40,35,1,1,0.536830639,13.2,44.2333796,-123.1625399,99
8/3/2021 7:50,35,1,1,0.586794245,13.2,44.2333796,-123.1625399,99
8/3/2021 8:00,35,1,1,0.481268166,14,44.2333796,-123.1625399,95
8/3/2021 8:10,35,1,1,0.743026185,13.2,44.2333796,-123.1625399,99
8/3/2021 8:20,35,1,1,0.910074334,14,44.2333796,-123.1625399,103
8/3/2021 8:30,35,1,1,0.536830639,13.2,44.2333796,-123.1625399,101
8/3/2021 8:40,35,1,1,0.379723219,14,44.2333796,-123.1625399,108
8/3/2021 8:50,35,1,1,0.705533683,14,44.2333796,-123.1625399,109
8/3/2021 9:00,35,1,1,0.4,14,44.2333796,-123.1625399,96
8/3/2021 9:10,35,1,1,0.505964426,14,44.2333796,-123.1625399,101
8/3/2021 9:20,35,1,1,NA,14.8,44.2333796,-123.1625399,73
8/3/2021 9:30,35,1,1,NA,14,44.2333796,-123.1625399,87
8/3/2021 9:50,35,1,1,NA,14,44.2333796,-123.1625399,81
8/3/2021 10:00,35,1,1,0,14,44.2333796,-123.1625399,91
8/3/2021 10:50,35,1,1,NA,14,44.2333796,-123.1625399,80
8/3/2021 11:50,35,1,1,NA,14,44.2333796,-123.1625399,75
8/3/2021 14:20,35,1,1,0.461880215,14,44.2333796,-123.1625399,93
8/3/2021 14:30,35,1,1,2.828427125,14,44.2333796,-123.1625399,85
8/3/2021 14:40,35,1,1,0.8,14,44.2333796,-123.1625399,79
8/3/2021 15:40,35,1,1,0.565685425,14,44.2333796,-123.1625399,90
8/3/2021 15:50,35,1,1,NA,13.2,44.2333796,-123.1625399,81
8/3/2021 16:00,35,1,1,0.461880215,14.8,44.2333796,-123.1625399,88
8/3/2021 16:10,35,1,1,0.29970746,14.8,44.2333796,-123.1625399,88
8/3/2021 16:20,35,1,1,0.335083127,14.8,44.2333796,-123.1625399,94
8/3/2021 16:30,35,1,1,0.388057,14.8,44.2333796,-123.1625399,96
8/3/2021 16:50,35,1,1,1.317236164,13.2,44.2333796,-123.1625399,80
8/3/2021 17:00,35,1,1,0.492469609,14.8,44.2333796,-123.1625399,94
8/3/2021 17:10,35,1,1,0.371276385,14.8,44.2333796,-123.1625399,97
8/3/2021 17:20,35,1,1,0.414747888,14.8,44.2333796,-123.1625399,97
8/3/2021 17:30,35,1,1,0.395628284,15.6,44.2333796,-123.1625399,98
8/3/2021 17:40,35,1,1,0.422730764,15.6,44.2333796,-123.1625399,97
8/3/2021 17:50,35,1,1,0.667333,14.8,44.2333796,-123.1625399,98
8/3/2021 18:00,35,1,1,0.333623062,14,44.2333796,-123.1625399,100
8/3/2021 18:10,35,1,1,0.592709328,14,44.2333796,-123.1625399,88
8/3/2021 18:20,35,1,1,0.451727762,14,44.2333796,-123.1625399,97
8/3/2021 18:30,35,1,1,0.470294026,14,44.2333796,-123.1625399,98
8/3/2021 18:40,35,1,1,0.443760157,14,44.2333796,-123.1625399,87
8/3/2021 18:50,35,1,1,0.669328021,14,44.2333796,-123.1625399,90
8/3/2021 19:00,35,1,1,0.388057,14,44.2333796,-123.1625399,91
8/3/2021 19:10,35,1,1,0.479315752,14,44.2333796,-123.1625399,86
8/3/2021 19:20,35,1,1,0.505964426,14.8,44.2333796,-123.1625399,99
8/3/2021 19:30,35,1,1,0.335083127,14,44.2333796,-123.1625399,91
8/3/2021 19:40,35,1,1,0.49959984,14.8,44.2333796,-123.1625399,104
8/3/2021 19:50,35,1,1,0.372607003,14,44.2333796,-123.1625399,94
8/3/2021 20:00,35,1,1,0.366190167,14,44.2333796,-123.1625399,105
8/3/2021 20:10,35,1,1,0.494302514,14,44.2333796,-123.1625399,89
8/3/2021 20:20,35,1,1,0.457077171,14.8,44.2333796,-123.1625399,91
8/3/2021 20:30,35,1,1,0.48284869,14.8,44.2333796,-123.1625399,95
8/3/2021 20:40,35,1,1,0.681304502,14.8,44.2333796,-123.1625399,94
8/3/2021 20:50,35,1,1,0.765941686,14,44.2333796,-123.1625399,89
8/3/2021 21:00,35,1,1,0.709632967,15.6,44.2333796,-123.1625399,100
8/3/2021 21:10,35,1,1,0.709506314,14,44.2333796,-123.1625399,92
8/3/2021 21:20,35,1,1,0.582345633,14,44.2333796,-123.1625399,99
8/3/2021 21:30,35,1,1,0.599682456,14,44.2333796,-123.1625399,93
8/3/2021 21:40,35,1,1,0.667368052,14,44.2333796,-123.1625399,102
8/3/2021 21:50,35,1,1,0.7140659,14.8,44.2333796,-123.1625399,90
8/3/2021 22:00,35,1,1,1.349991182,18.8,44.2333796,-123.1625399,95
8/3/2021 22:10,35,1,1,1.043610467,18,44.2333796,-123.1625399,96
8/3/2021 22:20,35,1,1,0.8,16.4,44.2333796,-123.1625399,89
8/3/2021 22:30,35,1,1,1.243037754,16.4,44.2333796,-123.1625399,88
8/3/2021 22:40,35,1,1,1.414152735,18,44.2333796,-123.1625399,101
8/3/2021 22:50,35,1,1,0.580286159,16.4,44.2333796,-123.1625399,92
8/3/2021 23:00,35,1,1,0.886546622,16.4,44.2333796,-123.1625399,83
8/3/2021 23:10,35,1,1,1.171080088,18,44.2333796,-123.1625399,82
8/3/2021 23:20,35,1,1,0.892856642,14.8,44.2333796,-123.1625399,88
8/3/2021 23:30,35,1,1,0.8,14.8,44.2333796,-123.1625399,83
8/3/2021 23:40,35,1,1,0.689513286,16.4,44.2333796,-123.1625399,83
8/3/2021 23:50,35,1,1,0.625388768,14,44.2333796,-123.1625399,81
8/4/2021 0:00,35,1,1,0.868344971,15.6,44.2333796,-123.1625399,84
8/4/2021 0:10,35,1,1,0.812800813,14.8,44.2333796,-123.1625399,80
8/4/2021 0:20,35,1,1,0.582213305,14.8,44.2333796,-123.1625399,85
8/4/2021 0:30,35,1,1,0.45961052,14,44.2333796,-123.1625399,80
8/4/2021 0:40,35,1,1,0.92193301,14,44.2333796,-123.1625399,89
8/4/2021 0:50,35,1,1,0.747837909,14,44.2333796,-123.1625399,110
8/4/2021 1:00,35,1,1,0.593623335,14.8,44.2333796,-123.1625399,104
8/4/2021 1:10,35,1,1,0.656146252,15.6,44.2333796,-123.1625399,115
8/4/2021 1:20,35,1,1,0.378833937,14,44.2333796,-123.1625399,102
8/4/2021 1:30,35,1,1,0.477988617,14,44.2333796,-123.1625399,123
8/4/2021 1:40,35,1,1,0.404542966,14,44.2333796,-123.1625399,125
8/4/2021 1:50,35,1,1,0.526120151,14.8,44.2333796,-123.1625399,114
8/4/2021 2:00,35,1,1,0.475698223,15.6,44.2333796,-123.1625399,123
8/4/2021 2:10,35,1,1,0.419826117,14,44.2333796,-123.1625399,122
8/4/2021 2:20,35,1,1,0.329974419,14,44.2333796,-123.1625399,107
8/4/2021 2:30,35,1,1,0.476221363,14,44.2333796,-123.1625399,107
8/4/2021 2:40,35,1,1,0.289637814,14.8,44.2333796,-123.1625399,108
8/4/2021 2:50,35,1,1,0.43192442,14,44.2333796,-123.1625399,109
8/4/2021 3:00,35,1,1,0.839764772,14,44.2333796,-123.1625399,130
8/4/2021 3:10,35,1,1,0.485949523,14,44.2333796,-123.1625399,123
8/4/2021 3:20,35,1,1,0.361687172,14,44.2333796,-123.1625399,100
8/4/2021 3:30,35,1,1,0.48024018,14,44.2333796,-123.1625399,101
8/4/2021 3:40,35,1,1,0.441809553,14.8,44.2333796,-123.1625399,106
8/4/2021 3:50,35,1,1,0.675301702,14,44.2333796,-123.1625399,106
8/4/2021 4:00,35,1,1,0.699202184,17.2,44.2333796,-123.1625399,115
8/4/2021 4:10,35,1,1,0.451380162,14,44.2333796,-123.1625399,111
8/4/2021 4:20,35,1,1,0.553666458,13.2,44.2333796,-123.1625399,90
8/4/2021 4:30,35,1,1,0.97234487,13.2,44.2333796,-123.1625399,80
8/4/2021 4:40,35,1,1,0.710100292,14.8,44.2333796,-123.1625399,89
8/4/2021 4:50,35,1,1,0.683880331,15.6,44.2333796,-123.1625399,80
8/4/2021 5:00,35,1,1,0.64498062,14,44.2333796,-123.1625399,80
8/4/2021 5:10,35,1,1,0.411596604,14.8,44.2333796,-123.1625399,92
8/4/2021 5:20,35,1,1,0.773722272,13.2,44.2333796,-123.1625399,86
8/4/2021 5:30,35,1,1,0.544445638,14.8,44.2333796,-123.1625399,91
8/4/2021 5:40,35,1,1,0.511309993,14,44.2333796,-123.1625399,97
8/4/2021 5:50,35,1,1,0.923760431,14,44.2333796,-123.1625399,84
8/4/2021 6:00,35,1,1,0.623910305,14,44.2333796,-123.1625399,92
8/4/2021 6:10,35,1,1,0.678622944,13.2,44.2333796,-123.1625399,95
8/4/2021 6:20,35,1,1,0.636657941,13.2,44.2333796,-123.1625399,94
8/4/2021 6:30,35,1,1,0.56298524,13.2,44.2333796,-123.1625399,91
8/4/2021 6:40,35,1,1,0.427617987,13.2,44.2333796,-123.1625399,92
8/4/2021 6:50,35,1,1,0.718107346,13.2,44.2333796,-123.1625399,93
8/4/2021 7:00,35,1,1,0.598665182,13.2,44.2333796,-123.1625399,103
8/4/2021 7:10,35,1,1,0.509964207,13.2,44.2333796,-123.1625399,94
8/4/2021 7:20,35,1,1,0.511952379,13.2,44.2333796,-123.1625399,107
8/4/2021 7:30,35,1,1,0.361813613,13.2,44.2333796,-123.1625399,100
8/4/2021 7:40,35,1,1,0.581950742,13.2,44.2333796,-123.1625399,98
8/4/2021 7:50,35,1,1,0.599414919,13.2,44.2333796,-123.1625399,93
8/4/2021 8:00,35,1,1,0.516397779,13.2,44.2333796,-123.1625399,106
8/4/2021 8:10,35,1,1,0.541119633,13.2,44.2333796,-123.1625399,98
8/4/2021 8:20,35,1,1,0.552052447,13.2,44.2333796,-123.1625399,95
8/4/2021 8:30,35,1,1,0.443760157,13.2,44.2333796,-123.1625399,95
8/4/2021 8:40,35,1,1,0.676995259,13.2,44.2333796,-123.1625399,103
8/4/2021 8:50,35,1,1,0.54272042,13.2,44.2333796,-123.1625399,96
8/4/2021 9:00,35,1,1,0.620713631,13.2,44.2333796,-123.1625399,106
8/4/2021 9:10,35,1,1,0.620863322,14,44.2333796,-123.1625399,102
8/4/2021 9:20,35,1,1,0.534940108,13.2,44.2333796,-123.1625399,97
8/4/2021 9:30,35,1,1,0.706678102,13.2,44.2333796,-123.1625399,101
8/4/2021 9:40,35,1,1,0.749681925,13.2,44.2333796,-123.1625399,102
8/4/2021 9:50,35,1,1,0.701646415,13.2,44.2333796,-123.1625399,102
8/4/2021 10:00,35,1,1,0.756724242,14.8,44.2333796,-123.1625399,104
8/4/2021 10:10,35,1,1,0.586687038,14.8,44.2333796,-123.1625399,105
8/4/2021 10:20,35,1,1,0.604743157,14,44.2333796,-123.1625399,88
8/4/2021 10:30,35,1,1,0.678450858,14,44.2333796,-123.1625399,94
8/4/2021 10:40,35,1,1,0.635898589,14,44.2333796,-123.1625399,105
8/4/2021 10:50,35,1,1,0.433567384,14,44.2333796,-123.1625399,106
8/4/2021 11:00,35,1,1,0.461880215,14,44.2333796,-123.1625399,90
8/4/2021 11:10,35,1,1,0.624659451,14.8,44.2333796,-123.1625399,91
8/4/2021 11:20,35,1,1,0.729172344,14,44.2333796,-123.1625399,81
8/4/2021 11:30,35,1,1,0.565685425,14,44.2333796,-123.1625399,92
8/4/2021 11:40,35,1,1,0.564814469,14.8,44.2333796,-123.1625399,93
8/4/2021 11:50,35,1,1,0.939428718,15.6,44.2333796,-123.1625399,85
8/4/2021 12:00,35,1,1,0.458569203,14,44.2333796,-123.1625399,89
8/4/2021 12:10,35,1,1,0.735223671,15.6,44.2333796,-123.1625399,89
8/4/2021 12:20,35,1,1,0.303239217,15.6,44.2333796,-123.1625399,89
8/4/2021 12:30,35,1,1,0.423910014,14.8,44.2333796,-123.1625399,83
8/4/2021 12:40,35,1,1,0.321287732,14.8,44.2333796,-123.1625399,82
8/4/2021 12:50,35,1,1,0.416664368,15.6,44.2333796,-123.1625399,87
8/4/2021 13:00,35,1,1,0.429357457,14.8,44.2333796,-123.1625399,103
8/4/2021 13:10,35,1,1,0.525557348,14.8,44.2333796,-123.1625399,92
8/4/2021 13:20,35,1,1,0.616195975,14.8,44.2333796,-123.1625399,91
8/4/2021 13:30,35,1,1,0.386980225,15.6,44.2333796,-123.1625399,88
8/4/2021 13:40,35,1,1,0.746641604,15.6,44.2333796,-123.1625399,93
8/4/2021 13:50,35,1,1,0.361875457,14.8,44.2333796,-123.1625399,96
8/4/2021 14:00,35,1,1,0.674619234,14.8,44.2333796,-123.1625399,98
8/4/2021 14:10,35,1,1,0.315816814,14.8,44.2333796,-123.1625399,91
8/4/2021 14:20,35,1,1,0.37032804,15.6,44.2333796,-123.1625399,95
8/4/2021 14:30,35,1,1,0.449836572,14.8,44.2333796,-123.1625399,95
8/4/2021 14:40,35,1,1,0.335083127,14.8,44.2333796,-123.1625399,88
8/4/2021 14:50,35,1,1,0.52130015,14.8,44.2333796,-123.1625399,100
8/4/2021 15:00,35,1,1,0.536830639,14.8,44.2333796,-123.1625399,93
8/4/2021 15:10,35,1,1,0.475270821,14.8,44.2333796,-123.1625399,91
8/4/2021 15:20,35,1,1,0.351757492,14.8,44.2333796,-123.1625399,97
8/4/2021 15:30,35,1,1,0.549066193,16.4,44.2333796,-123.1625399,101
8/4/2021 15:40,35,1,1,0.604743157,15.6,44.2333796,-123.1625399,88
8/4/2021 15:50,35,1,1,0.742888994,16.4,44.2333796,-123.1625399,88
8/4/2021 16:00,35,1,1,0.500434594,15.6,44.2333796,-123.1625399,97
8/4/2021 16:10,35,1,1,0.690328796,15.6,44.2333796,-123.1625399,101
8/4/2021 16:20,35,1,1,0.557304437,15.6,44.2333796,-123.1625399,95
8/4/2021 16:30,35,1,1,0.60764362,16.4,44.2333796,-123.1625399,89
8/4/2021 16:40,35,1,1,0.361931143,14.8,44.2333796,-123.1625399,97
8/4/2021 16:50,35,1,1,0.394073746,14.8,44.2333796,-123.1625399,82
8/4/2021 17:00,35,1,1,0.265684466,14.8,44.2333796,-123.1625399,99
8/4/2021 17:10,35,1,1,0.670166253,16.4,44.2333796,-123.1625399,86
8/4/2021 17:20,35,1,1,0.282842712,14.8,44.2333796,-123.1625399,94
8/4/2021 17:30,35,1,1,0.353860695,14.8,44.2333796,-123.1625399,94
8/4/2021 17:40,35,1,1,0.4,14.8,44.2333796,-123.1625399,97
8/4/2021 17:50,35,1,1,0.646669791,15.6,44.2333796,-123.1625399,97
8/4/2021 18:00,35,1,1,0.312016822,14.8,44.2333796,-123.1625399,96
8/4/2021 18:10,35,1,1,0.400864866,14.8,44.2333796,-123.1625399,96
8/4/2021 18:20,35,1,1,0.607323724,15.6,44.2333796,-123.1625399,103
8/4/2021 18:30,35,1,1,0.758297689,16.4,44.2333796,-123.1625399,103
8/4/2021 18:40,35,1,1,0.428242703,14.8,44.2333796,-123.1625399,98
8/4/2021 18:50,35,1,1,0.459794967,15.6,44.2333796,-123.1625399,106
8/4/2021 19:00,35,1,1,0.499274836,15.6,44.2333796,-123.1625399,96
8/4/2021 19:10,35,1,1,0.666376749,15.6,44.2333796,-123.1625399,106
8/4/2021 19:20,35,1,1,0.573709732,15.6,44.2333796,-123.1625399,96
8/4/2021 19:30,35,1,1,0.449687099,15.6,44.2333796,-123.1625399,101
8/4/2021 19:40,35,1,1,0.500639985,15.6,44.2333796,-123.1625399,100
8/4/2021 19:50,35,1,1,0.425095145,15.6,44.2333796,-123.1625399,94
8/4/2021 20:00,35,1,1,0.623110477,15.6,44.2333796,-123.1625399,95
8/4/2021 20:10,35,1,1,0.843000208,15.6,44.2333796,-123.1625399,100
8/4/2021 20:20,35,1,1,0.60764362,15.6,44.2333796,-123.1625399,84
8/4/2021 20:30,35,1,1,0.653197265,16.4,44.2333796,-123.1625399,93
8/4/2021 20:40,35,1,1,0.665640235,15.6,44.2333796,-123.1625399,98
8/4/2021 20:50,35,1,1,0.778765812,15.6,44.2333796,-123.1625399,104
8/4/2021 21:00,35,1,1,0.599258801,16.4,44.2333796,-123.1625399,92
8/4/2021 21:10,35,1,1,0.801138791,15.6,44.2333796,-123.1625399,105
8/4/2021 21:20,35,1,1,0.630201674,14.8,44.2333796,-123.1625399,95
8/4/2021 21:30,35,1,1,0.423549217,14.8,44.2333796,-123.1625399,98
8/4/2021 21:40,35,1,1,0.713244663,14.8,44.2333796,-123.1625399,99
8/4/2021 21:50,35,1,1,1.015920697,14.8,44.2333796,-123.1625399,103
8/4/2021 22:00,35,1,1,0.619677335,15.6,44.2333796,-123.1625399,93
8/4/2021 22:10,35,1,1,0.884010002,16.4,44.2333796,-123.1625399,107
8/4/2021 22:20,35,1,1,0.740450313,16.4,44.2333796,-123.1625399,95
8/4/2021 22:30,35,1,1,1.393982929,16.4,44.2333796,-123.1625399,108
8/4/2021 22:40,35,1,1,1.266466921,16.4,44.2333796,-123.1625399,110
8/4/2021 22:50,35,1,1,0.818253299,16.4,44.2333796,-123.1625399,109
8/4/2021 23:00,35,1,1,0.614739589,14.8,44.2333796,-123.1625399,90
8/4/2021 23:10,35,1,1,0.891239755,16.4,44.2333796,-123.1625399,96
8/4/2021 23:20,35,1,1,0.786661286,15.6,44.2333796,-123.1625399,90
8/4/2021 23:30,35,1,1,0.928695962,15.6,44.2333796,-123.1625399,107
8/4/2021 23:40,35,1,1,0.974834873,15.6,44.2333796,-123.1625399,96
8/4/2021 23:50,35,1,1,0.763667733,15.6,44.2333796,-123.1625399,101
8/5/2021 0:00,35,1,1,0.704933484,15.6,44.2333796,-123.1625399,85
8/5/2021 0:10,35,1,1,0.586156078,14.8,44.2333796,-123.1625399,89
8/5/2021 0:20,35,1,1,0.784856675,14.8,44.2333796,-123.1625399,86
8/5/2021 0:30,35,1,1,0.956026636,15.6,44.2333796,-123.1625399,83
8/5/2021 0:40,35,1,1,0.972295982,16.4,44.2333796,-123.1625399,101
8/5/2021 0:50,35,1,1,0.917968772,16.4,44.2333796,-123.1625399,93
8/5/2021 1:00,35,1,1,0.760804528,14.8,44.2333796,-123.1625399,87
8/5/2021 1:10,35,1,1,0.78725018,16.4,44.2333796,-123.1625399,90
8/5/2021 1:20,35,1,1,0.86233349,14.8,44.2333796,-123.1625399,85
8/5/2021 1:30,35,1,1,0.653633748,14.8,44.2333796,-123.1625399,86
8/5/2021 1:40,35,1,1,0.611383001,15.6,44.2333796,-123.1625399,86
8/5/2021 1:50,35,1,1,0.445421149,15.6,44.2333796,-123.1625399,90
8/5/2021 2:00,35,1,1,0.793822301,14.8,44.2333796,-123.1625399,89
8/5/2021 2:10,35,1,1,0.550041321,14,44.2333796,-123.1625399,84
8/5/2021 2:20,35,1,1,0.695892712,14,44.2333796,-123.1625399,92
8/5/2021 2:30,35,1,1,0.787364604,15.6,44.2333796,-123.1625399,85
8/5/2021 2:40,35,1,1,0.758606532,14.8,44.2333796,-123.1625399,89
8/5/2021 2:50,35,1,1,0.57999159,14,44.2333796,-123.1625399,102
8/5/2021 3:00,35,1,1,0.671081977,16.4,44.2333796,-123.1625399,123
8/5/2021 3:10,35,1,1,0.895299378,14,44.2333796,-123.1625399,109
8/5/2021 3:20,35,1,1,0.570758938,14.8,44.2333796,-123.1625399,105
8/5/2021 3:30,35,1,1,0.62814818,14.8,44.2333796,-123.1625399,113
8/5/2021 3:40,35,1,1,0.829062138,15.6,44.2333796,-123.1625399,123
8/5/2021 3:50,35,1,1,0.618565806,14,44.2333796,-123.1625399,113
8/5/2021 4:00,35,1,1,0.318427509,14,44.2333796,-123.1625399,108
8/5/2021 4:10,35,1,1,0.43358271,14,44.2333796,-123.1625399,104
8/5/2021 4:20,35,1,1,0.421852087,14,44.2333796,-123.1625399,105
8/5/2021 4:30,35,1,1,0.418984514,14,44.2333796,-123.1625399,105
8/5/2021 4:40,35,1,1,0.404206215,14,44.2333796,-123.1625399,113
8/5/2021 4:50,35,1,1,0.356365091,14,44.2333796,-123.1625399,113
8/5/2021 5:00,35,1,1,0.47311982,14,44.2333796,-123.1625399,111
8/5/2021 5:10,35,1,1,0.600605755,14,44.2333796,-123.1625399,88
8/5/2021 5:20,35,1,1,NA,14,44.2333796,-123.1625399,82
8/5/2021 5:30,35,1,1,0.461880215,14,44.2333796,-123.1625399,104
8/5/2021 5:40,35,1,1,0.600605755,14,44.2333796,-123.1625399,95
8/5/2021 5:50,35,1,1,0.438178046,14,44.2333796,-123.1625399,110
8/5/2021 6:00,35,1,1,0.438178046,14,44.2333796,-123.1625399,95
8/5/2021 6:10,35,1,1,0.533333333,14,44.2333796,-123.1625399,102
8/5/2021 6:20,35,1,1,0.326598632,14,44.2333796,-123.1625399,93
8/5/2021 6:30,35,1,1,0.414039336,14,44.2333796,-123.1625399,97
8/5/2021 6:40,35,1,1,0.739533022,14.8,44.2333796,-123.1625399,97
8/5/2021 6:50,35,1,1,0.653197265,14.8,44.2333796,-123.1625399,78
8/5/2021 7:00,35,1,1,0.595219047,14.8,44.2333796,-123.1625399,93
8/5/2021 7:10,35,1,1,0.604743157,14.8,44.2333796,-123.1625399,95
8/5/2021 7:20,35,1,1,0.792951404,14,44.2333796,-123.1625399,96
8/5/2021 7:30,35,1,1,0.63104851,14,44.2333796,-123.1625399,96
8/5/2021 7:40,35,1,1,0.534846339,14,44.2333796,-123.1625399,108
8/5/2021 7:50,35,1,1,0.265684466,14,44.2333796,-123.1625399,101
8/5/2021 8:00,35,1,1,0.701646415,15.6,44.2333796,-123.1625399,88
8/5/2021 8:10,35,1,1,0.313785816,14,44.2333796,-123.1625399,103
8/5/2021 8:20,35,1,1,0.488661351,14,44.2333796,-123.1625399,97
8/5/2021 8:30,35,1,1,0.366190167,14,44.2333796,-123.1625399,104
8/5/2021 8:40,35,1,1,0.67909975,14,44.2333796,-123.1625399,92
8/5/2021 8:50,35,1,1,0.847479924,13.2,44.2333796,-123.1625399,90
8/5/2021 9:00,35,1,1,0.614358118,13.2,44.2333796,-123.1625399,88
8/5/2021 9:10,35,1,1,0.550597761,13.2,44.2333796,-123.1625399,100
8/5/2021 9:20,35,1,1,0.475496442,13.2,44.2333796,-123.1625399,93
8/5/2021 9:30,35,1,1,0.504868077,13.2,44.2333796,-123.1625399,101
8/5/2021 9:40,35,1,1,0.792344321,13.2,44.2333796,-123.1625399,88
8/5/2021 9:50,35,1,1,0.548795472,14,44.2333796,-123.1625399,97
8/5/2021 10:00,35,1,1,0.614358118,13.2,44.2333796,-123.1625399,89
8/5/2021 10:10,35,1,1,0.565685425,13.2,44.2333796,-123.1625399,79
8/5/2021 10:20,35,1,1,0.517409333,14.8,44.2333796,-123.1625399,111
8/5/2021 10:30,35,1,1,0.461880215,14,44.2333796,-123.1625399,94
8/5/2021 10:40,35,1,1,0.505964426,14,44.2333796,-123.1625399,93
8/5/2021 10:50,35,1,1,0.357770876,14.8,44.2333796,-123.1625399,100
8/5/2021 11:00,35,1,1,0.617898812,14,44.2333796,-123.1625399,87
8/5/2021 11:10,35,1,1,0.4979731,14,44.2333796,-123.1625399,106
8/5/2021 11:20,35,1,1,0.431443844,14,44.2333796,-123.1625399,101
8/5/2021 11:30,35,1,1,0.829495775,14,44.2333796,-123.1625399,103
8/5/2021 11:40,35,1,1,0.795307877,14,44.2333796,-123.1625399,100
8/5/2021 11:50,35,1,1,0.486335007,14,44.2333796,-123.1625399,105
8/5/2021 12:00,35,1,1,0.584237395,14,44.2333796,-123.1625399,94
8/5/2021 12:10,35,1,1,0.823193209,14,44.2333796,-123.1625399,88
8/5/2021 12:20,35,1,1,0.565076834,14,44.2333796,-123.1625399,89
8/5/2021 12:30,35,1,1,0.524086507,13.2,44.2333796,-123.1625399,92
8/5/2021 12:40,35,1,1,0.438178046,14,44.2333796,-123.1625399,78
8/5/2021 12:50,35,1,1,1.031782517,14,44.2333796,-123.1625399,95
8/5/2021 13:00,35,1,1,0.565685425,13.2,44.2333796,-123.1625399,99
8/5/2021 13:10,35,1,1,0.461880215,13.2,44.2333796,-123.1625399,97
8/5/2021 13:20,35,1,1,0.32962476,13.2,44.2333796,-123.1625399,97
8/5/2021 13:30,35,1,1,0.590839157,13.2,44.2333796,-123.1625399,98
8/5/2021 13:40,35,1,1,NA,14.8,44.2333796,-123.1625399,87
8/5/2021 14:00,35,1,1,0.379862968,14,44.2333796,-123.1625399,83
8/5/2021 14:10,35,1,1,0.633298245,14.8,44.2333796,-123.1625399,83
8/5/2021 14:40,35,1,1,0.565685425,14,44.2333796,-123.1625399,88
8/5/2021 14:50,35,1,1,0.792824967,14,44.2333796,-123.1625399,103
8/5/2021 15:00,35,1,1,0.357770876,14,44.2333796,-123.1625399,85
8/5/2021 15:10,35,1,1,0,14,44.2333796,-123.1625399,81
8/5/2021 15:20,35,1,1,0.490149114,14,44.2333796,-123.1625399,86
8/5/2021 15:30,35,1,1,0.423549217,14,44.2333796,-123.1625399,99
8/5/2021 15:40,35,1,1,0.486185465,14.8,44.2333796,-123.1625399,88
8/5/2021 15:50,35,1,1,0.480859446,14.8,44.2333796,-123.1625399,105
8/5/2021 16:00,35,1,1,1.64924225,14.8,44.2333796,-123.1625399,95
8/5/2021 16:10,35,1,1,0.41194292,14.8,44.2333796,-123.1625399,95
8/5/2021 16:20,35,1,1,0.510933099,14.8,44.2333796,-123.1625399,94
8/5/2021 16:30,35,1,1,0.696208218,14.8,44.2333796,-123.1625399,101
8/5/2021 16:40,35,1,1,0.468184384,14.8,44.2333796,-123.1625399,87
8/5/2021 16:50,35,1,1,0.389587803,14.8,44.2333796,-123.1625399,89
8/5/2021 17:00,35,1,1,0.213808994,14.8,44.2333796,-123.1625399,94
8/5/2021 17:10,35,1,1,0.371697095,15.6,44.2333796,-123.1625399,86
8/5/2021 17:30,35,1,1,0.707789176,16.4,44.2333796,-123.1625399,92
8/5/2021 17:40,35,1,1,0.348395336,15.6,44.2333796,-123.1625399,103
8/5/2021 17:50,35,1,1,0.413118224,15.6,44.2333796,-123.1625399,94
8/5/2021 18:00,35,1,1,0.601447529,14.8,44.2333796,-123.1625399,88
8/5/2021 18:10,35,1,1,0.536830639,14.8,44.2333796,-123.1625399,89
8/5/2021 18:20,35,1,1,0.427617987,14.8,44.2333796,-123.1625399,83
8/5/2021 18:30,35,1,1,0.826453393,14.8,44.2333796,-123.1625399,102
8/5/2021 18:40,35,1,1,0.72026931,15.6,44.2333796,-123.1625399,94
8/5/2021 18:50,35,1,1,0.584237395,14,44.2333796,-123.1625399,84
8/5/2021 19:00,35,1,1,0.862975824,14,44.2333796,-123.1625399,105
8/5/2021 19:10,35,1,1,0.603149628,13.2,44.2333796,-123.1625399,97
8/5/2021 19:20,35,1,1,0.221880078,13.2,44.2333796,-123.1625399,98
8/5/2021 19:30,35,1,1,0.641426981,13.2,44.2333796,-123.1625399,91
8/5/2021 19:40,35,1,1,0.390360029,13.2,44.2333796,-123.1625399,98
8/5/2021 19:50,35,1,1,0.997775303,14,44.2333796,-123.1625399,81
8/5/2021 20:00,35,1,1,0.669328021,13.2,44.2333796,-123.1625399,85
8/5/2021 20:10,35,1,1,0.483844255,13.2,44.2333796,-123.1625399,78
8/5/2021 20:20,35,1,1,0.543739068,13.2,44.2333796,-123.1625399,83
8/5/2021 20:30,35,1,1,0.557304437,13.2,44.2333796,-123.1625399,97
8/5/2021 20:40,35,1,1,0.377123617,13.2,44.2333796,-123.1625399,99
8/5/2021 20:50,35,1,1,0.619677335,13.2,44.2333796,-123.1625399,90
8/5/2021 21:00,35,1,1,0.738976966,13.2,44.2333796,-123.1625399,94
8/5/2021 21:10,35,1,1,0.762770071,14,44.2333796,-123.1625399,100
8/5/2021 21:20,35,1,1,0.940390863,14,44.2333796,-123.1625399,105
8/5/2021 21:30,35,1,1,0.936050467,14,44.2333796,-123.1625399,97
8/5/2021 21:40,35,1,1,0.481268166,14,44.2333796,-123.1625399,95
8/5/2021 21:50,35,1,1,0.650860237,14.8,44.2333796,-123.1625399,112
8/5/2021 22:00,35,1,1,0.550597761,15.6,44.2333796,-123.1625399,95
8/5/2021 22:10,35,1,1,1.109400392,14.8,44.2333796,-123.1625399,88
8/5/2021 22:20,35,1,1,0.623890829,14,44.2333796,-123.1625399,85
8/5/2021 22:30,35,1,1,0.855235974,14.8,44.2333796,-123.1625399,91
8/5/2021 22:40,35,1,1,0.796963936,15.6,44.2333796,-123.1625399,82
8/5/2021 22:50,35,1,1,0.711684357,14.8,44.2333796,-123.1625399,97
8/5/2021 23:00,35,1,1,0.769887831,14.8,44.2333796,-123.1625399,101
8/5/2021 23:10,35,1,1,0.578558691,14.8,44.2333796,-123.1625399,123
8/5/2021 23:20,35,1,1,0.491051233,14.8,44.2333796,-123.1625399,131
8/5/2021 23:30,35,1,1,0.295976029,14,44.2333796,-123.1625399,107
8/5/2021 23:40,35,1,1,0.535708995,14,44.2333796,-123.1625399,97
8/5/2021 23:50,35,1,1,0.50368015,14,44.2333796,-123.1625399,102
8/6/2021 0:00,35,1,1,0.371444497,14,44.2333796,-123.1625399,108
8/6/2021 0:10,35,1,1,0.613571991,14.8,44.2333796,-123.1625399,97
8/6/2021 0:20,35,1,1,0.600280047,14,44.2333796,-123.1625399,99
8/6/2021 0:30,35,1,1,0.52129612,14,44.2333796,-123.1625399,88
8/6/2021 0:40,35,1,1,0.73652983,14,44.2333796,-123.1625399,115
8/6/2021 0:50,35,1,1,0.357770876,13.2,44.2333796,-123.1625399,95
8/6/2021 1:00,35,1,1,0.524892556,14,44.2333796,-123.1625399,116
8/6/2021 1:10,35,1,1,0.600854093,13.2,44.2333796,-123.1625399,110
8/6/2021 1:20,35,1,1,0.439580219,13.2,44.2333796,-123.1625399,94
8/6/2021 1:30,35,1,1,0.553430858,13.2,44.2333796,-123.1625399,106
8/6/2021 1:40,35,1,1,0.647606315,12.4,44.2333796,-123.1625399,95
8/6/2021 1:50,35,1,1,0.512193657,13.2,44.2333796,-123.1625399,92
8/6/2021 2:00,35,1,1,0.37405752,14,44.2333796,-123.1625399,112
8/6/2021 2:10,35,1,1,0.363887061,13.2,44.2333796,-123.1625399,107
8/6/2021 2:20,35,1,1,0.67166795,14,44.2333796,-123.1625399,114
8/6/2021 2:30,35,1,1,0.973839636,14,44.2333796,-123.1625399,121
8/6/2021 2:40,35,1,1,0.579318355,14.8,44.2333796,-123.1625399,108
8/6/2021 2:50,35,1,1,0.628763799,14,44.2333796,-123.1625399,110
8/6/2021 3:00,35,1,1,0.60809356,14.8,44.2333796,-123.1625399,116
8/6/2021 3:10,35,1,1,0.622056144,14.8,44.2333796,-123.1625399,107
8/6/2021 3:20,35,1,1,0.745721691,13.2,44.2333796,-123.1625399,98
8/6/2021 3:30,35,1,1,0.856499503,15.6,44.2333796,-123.1625399,115
8/6/2021 3:40,35,1,1,0.753710593,14,44.2333796,-123.1625399,104
8/6/2021 3:50,35,1,1,0.973188971,17.2,44.2333796,-123.1625399,119
8/6/2021 4:00,35,1,1,1.178816863,13.2,44.2333796,-123.1625399,107
8/6/2021 4:10,35,1,1,0.443760157,13.2,44.2333796,-123.1625399,94
8/6/2021 4:20,35,1,1,0.505964426,13.2,44.2333796,-123.1625399,81
8/6/2021 4:30,35,1,1,1.078790746,14.8,44.2333796,-123.1625399,107
8/6/2021 4:40,35,1,1,0.592010296,14,44.2333796,-123.1625399,105
8/6/2021 4:50,35,1,1,0.519188453,13.2,44.2333796,-123.1625399,95
8/6/2021 5:00,35,1,1,0.41194292,13.2,44.2333796,-123.1625399,89
8/6/2021 5:10,35,1,1,0.427617987,13.2,44.2333796,-123.1625399,92
8/6/2021 5:20,35,1,1,0.559434565,14.8,44.2333796,-123.1625399,87
8/6/2021 5:30,35,1,1,0.548795472,14,44.2333796,-123.1625399,94
8/6/2021 5:40,35,1,1,0.860737803,15.6,44.2333796,-123.1625399,97
8/6/2021 5:50,35,1,1,0.71496072,14,44.2333796,-123.1625399,101
8/6/2021 6:00,35,1,1,0.8,13.2,44.2333796,-123.1625399,90
8/6/2021 6:10,35,1,1,0.4,14,44.2333796,-123.1625399,81
8/6/2021 6:20,35,1,1,0.492582341,13.2,44.2333796,-123.1625399,86
8/6/2021 6:30,35,1,1,0.482418151,13.2,44.2333796,-123.1625399,103
8/6/2021 6:40,35,1,1,0.413118224,14,44.2333796,-123.1625399,95
8/6/2021 6:50,35,1,1,1.13137085,15.6,44.2333796,-123.1625399,80
8/6/2021 7:00,35,1,1,0.522701037,14,44.2333796,-123.1625399,104
8/6/2021 7:10,35,1,1,0.457238085,13.2,44.2333796,-123.1625399,101
8/6/2021 7:20,35,1,1,0.345164398,13.2,44.2333796,-123.1625399,103
8/6/2021 7:30,35,1,1,0.862554346,13.2,44.2333796,-123.1625399,93
8/6/2021 7:40,35,1,1,0.45411697,12.4,44.2333796,-123.1625399,90
8/6/2021 7:50,35,1,1,0,13.2,44.2333796,-123.1625399,99
8/6/2021 8:00,35,1,1,0.8,14,44.2333796,-123.1625399,95
8/6/2021 8:10,35,1,1,0,13.2,44.2333796,-123.1625399,86
8/6/2021 8:20,35,1,1,0.4,13.2,44.2333796,-123.1625399,102
8/6/2021 8:30,35,1,1,0.613935661,14,44.2333796,-123.1625399,105
8/6/2021 8:40,35,1,1,0.599682456,14,44.2333796,-123.1625399,108
8/6/2021 8:50,35,1,1,0.45411697,13.2,44.2333796,-123.1625399,94
8/6/2021 9:00,35,1,1,0.718825401,13.2,44.2333796,-123.1625399,104
8/6/2021 9:10,35,1,1,0.635775531,14,44.2333796,-123.1625399,99
8/6/2021 9:20,35,1,1,0.431052725,14,44.2333796,-123.1625399,99
8/6/2021 9:30,35,1,1,0.396078337,14,44.2333796,-123.1625399,99
8/6/2021 9:40,35,1,1,0.621652325,14,44.2333796,-123.1625399,100
8/6/2021 9:50,35,1,1,0.522701037,14,44.2333796,-123.1625399,103
8/6/2021 10:00,35,1,1,0.733499815,14.8,44.2333796,-123.1625399,110
8/6/2021 10:10,35,1,1,0.41194292,14,44.2333796,-123.1625399,93
8/6/2021 10:20,35,1,1,0.6322055,14,44.2333796,-123.1625399,98
8/6/2021 10:40,35,1,1,0.302371578,14.8,44.2333796,-123.1625399,93
8/6/2021 10:50,35,1,1,0.461880215,14.8,44.2333796,-123.1625399,101
8/6/2021 11:00,35,1,1,0,14.8,44.2333796,-123.1625399,103
8/6/2021 11:10,35,1,1,0.326598632,14.8,44.2333796,-123.1625399,87
8/6/2021 11:20,35,1,1,0,14.8,44.2333796,-123.1625399,92
8/6/2021 11:30,35,1,1,0.241209076,14.8,44.2333796,-123.1625399,91
8/6/2021 11:40,35,1,1,0.331231468,14.8,44.2333796,-123.1625399,97
8/6/2021 11:50,35,1,1,0.565685425,16.4,44.2333796,-123.1625399,97
8/6/2021 12:00,35,1,1,0.701646415,14.8,44.2333796,-123.1625399,86
8/6/2021 12:10,35,1,1,0.715541753,14.8,44.2333796,-123.1625399,80
8/6/2021 12:20,35,1,2,NA,14,44.2333796,-123.1625399,73
8/6/2021 12:30,35,1,1,0.565685425,14,44.2333796,-123.1625399,79
8/6/2021 12:40,35,1,1,0.461880215,14,44.2333796,-123.1625399,91
8/6/2021 12:50,35,1,1,0.851665036,13.2,44.2333796,-123.1625399,96
8/6/2021 13:00,35,1,1,0.461880215,14,44.2333796,-123.1625399,81
8/6/2021 13:10,35,1,1,0.63104851,14,44.2333796,-123.1625399,91
8/6/2021 13:20,35,1,1,0.494677554,14,44.2333796,-123.1625399,90
8/6/2021 13:30,35,1,1,0,14,44.2333796,-123.1625399,82
8/6/2021 13:40,35,1,1,0.37032804,14,44.2333796,-123.1625399,86
8/6/2021 13:50,35,1,1,0.680385847,14,44.2333796,-123.1625399,95
8/6/2021 14:00,35,1,1,0.259554274,14,44.2333796,-123.1625399,91
8/6/2021 14:10,35,1,1,0.505964426,14,44.2333796,-123.1625399,89
8/6/2021 14:20,35,1,1,0.476449453,14,44.2333796,-123.1625399,90
8/6/2021 14:30,35,1,1,0.451727762,14,44.2333796,-123.1625399,96
8/6/2021 14:40,35,1,1,0.440689116,14,44.2333796,-123.1625399,96
8/6/2021 14:50,35,1,1,0.505964426,14,44.2333796,-123.1625399,92
8/6/2021 15:00,35,1,1,0.414039336,14.8,44.2333796,-123.1625399,84
8/6/2021 15:10,35,1,1,0.709124208,14.8,44.2333796,-123.1625399,82
8/6/2021 15:20,35,1,1,0.5820855,14,44.2333796,-123.1625399,92
8/6/2021 15:30,35,1,1,0.386436713,14,44.2333796,-123.1625399,86
8/6/2021 15:40,35,1,1,0.581186526,14,44.2333796,-123.1625399,82
8/6/2021 15:50,35,1,1,0.520354908,14,44.2333796,-123.1625399,83
8/6/2021 16:00,35,1,1,NA,14,44.2333796,-123.1625399,78
8/6/2021 16:10,35,1,1,0.575036231,14,44.2333796,-123.1625399,91
8/6/2021 16:20,35,1,1,0.72127243,14.8,44.2333796,-123.1625399,93
8/6/2021 16:30,35,1,1,0.625388768,14.8,44.2333796,-123.1625399,84
8/6/2021 16:40,35,1,1,0.357770876,14.8,44.2333796,-123.1625399,93
8/6/2021 16:50,35,1,1,0.340018975,14.8,44.2333796,-123.1625399,101
8/6/2021 17:00,35,1,1,0.497187859,14.8,44.2333796,-123.1625399,95
8/6/2021 17:10,35,1,1,0.357770876,14,44.2333796,-123.1625399,91
8/6/2021 17:20,35,1,1,0.666306209,14.8,44.2333796,-123.1625399,91
8/6/2021 17:30,35,1,1,0.471673818,14.8,44.2333796,-123.1625399,95
8/6/2021 17:40,35,1,1,0.880052699,14.8,44.2333796,-123.1625399,95
8/6/2021 17:50,35,1,1,0.488999876,14,44.2333796,-123.1625399,105
8/6/2021 18:00,35,1,1,0.697531152,14,44.2333796,-123.1625399,104
8/6/2021 18:10,35,1,1,0.787785542,14,44.2333796,-123.1625399,94
8/6/2021 18:20,35,1,1,0.682242292,14,44.2333796,-123.1625399,101
8/6/2021 18:30,35,1,1,0.731098827,14,44.2333796,-123.1625399,91
8/6/2021 18:40,35,1,1,0.650399833,14,44.2333796,-123.1625399,101
8/6/2021 18:50,35,1,1,0.497008595,14,44.2333796,-123.1625399,88
8/6/2021 19:00,35,1,1,0.357770876,14,44.2333796,-123.1625399,84
8/6/2021 19:10,35,1,1,0.797799171,14,44.2333796,-123.1625399,86
8/6/2021 19:20,35,1,1,0.685994341,14.8,44.2333796,-123.1625399,94
8/6/2021 19:30,35,1,1,0.613571991,14,44.2333796,-123.1625399,102
8/6/2021 19:40,35,1,1,0.696208218,14,44.2333796,-123.1625399,81
8/6/2021 19:50,35,1,1,0.826236447,14,44.2333796,-123.1625399,94
8/6/2021 20:00,35,1,1,0.531368931,14,44.2333796,-123.1625399,81
8/6/2021 20:10,35,1,1,0.715541753,14,44.2333796,-123.1625399,100
8/6/2021 20:20,35,1,1,0.574716322,14,44.2333796,-123.1625399,98
8/6/2021 20:30,35,1,1,0.647231868,14.8,44.2333796,-123.1625399,100
8/6/2021 20:40,35,1,1,0.848528137,14,44.2333796,-123.1625399,89
8/6/2021 20:50,35,1,1,0.735149267,14,44.2333796,-123.1625399,88
8/6/2021 21:00,35,1,1,1.006644591,14,44.2333796,-123.1625399,96
8/6/2021 21:10,35,1,1,0.921925751,13.2,44.2333796,-123.1625399,96
8/6/2021 21:20,35,1,1,0.811284055,14.8,44.2333796,-123.1625399,107
8/6/2021 21:30,35,1,1,0.58138512,14,44.2333796,-123.1625399,97
8/6/2021 21:40,35,1,1,0.774290444,14.8,44.2333796,-123.1625399,99
8/6/2021 21:50,35,1,1,0.878787043,14.8,44.2333796,-123.1625399,97
8/6/2021 22:00,35,1,1,0.555532718,15.6,44.2333796,-123.1625399,96
8/6/2021 22:10,35,1,1,0.640346227,16.4,44.2333796,-123.1625399,98
8/6/2021 22:20,35,1,1,0.752715143,15.6,44.2333796,-123.1625399,86
8/6/2021 22:30,35,1,1,0.752715143,14.8,44.2333796,-123.1625399,91
8/6/2021 22:40,35,1,1,0.835572749,14.8,44.2333796,-123.1625399,94
8/6/2021 22:50,35,1,1,0.565685425,15.6,44.2333796,-123.1625399,99
8/6/2021 23:00,35,1,1,0.739533022,16.4,44.2333796,-123.1625399,84
8/6/2021 23:10,35,1,1,0.845750624,16.4,44.2333796,-123.1625399,104
8/6/2021 23:20,35,1,1,0.923760431,17.2,44.2333796,-123.1625399,93
8/6/2021 23:30,35,1,1,1.13137085,16.4,44.2333796,-123.1625399,79
8/6/2021 23:40,35,1,1,0.505964426,14.8,44.2333796,-123.1625399,86
8/6/2021 23:50,35,1,1,0.581186526,15.6,44.2333796,-123.1625399,88
8/7/2021 0:00,35,1,1,0.628335257,16.4,44.2333796,-123.1625399,83
8/7/2021 0:10,35,1,1,0.461880215,14.8,44.2333796,-123.1625399,83
8/7/2021 0:20,35,1,1,0.816496581,17.2,44.2333796,-123.1625399,91
8/7/2021 0:30,35,1,1,0.935236156,15.6,44.2333796,-123.1625399,82
8/7/2021 0:40,35,1,1,0.602786163,15.6,44.2333796,-123.1625399,83
8/7/2021 0:50,35,1,1,1.40638002,14,44.2333796,-123.1625399,91
8/7/2021 1:00,35,1,1,0.687655346,14.8,44.2333796,-123.1625399,92
8/7/2021 1:10,35,1,1,0.869449268,15.6,44.2333796,-123.1625399,92
8/7/2021 1:20,35,1,1,0.668215256,15.6,44.2333796,-123.1625399,87
8/7/2021 1:30,35,1,1,0.580574428,14.8,44.2333796,-123.1625399,91
8/7/2021 1:40,35,1,1,0.650860237,16.4,44.2333796,-123.1625399,107
8/7/2021 1:50,35,1,1,0.700476029,16.4,44.2333796,-123.1625399,91
8/7/2021 2:00,35,1,1,0.550597761,15.6,44.2333796,-123.1625399,89
8/7/2021 2:10,35,1,1,0.891792643,14.8,44.2333796,-123.1625399,85
8/7/2021 2:20,35,1,1,0.4,14.8,44.2333796,-123.1625399,96
8/7/2021 2:30,35,1,1,0.739533022,14.8,44.2333796,-123.1625399,92
8/7/2021 2:40,35,1,1,0.585667599,16.4,44.2333796,-123.1625399,99
8/7/2021 2:50,35,1,1,0.718673242,15.6,44.2333796,-123.1625399,91
8/7/2021 3:00,35,1,1,0.696208218,14.8,44.2333796,-123.1625399,89
8/7/2021 3:10,35,1,1,1.040522824,16.4,44.2333796,-123.1625399,93
8/7/2021 3:20,35,1,1,1.251339204,14.8,44.2333796,-123.1625399,92
8/7/2021 3:30,35,1,1,0.685079071,14,44.2333796,-123.1625399,83
8/7/2021 3:40,35,1,1,0.705533683,14,44.2333796,-123.1625399,88
8/7/2021 3:50,35,1,1,0.739533022,14,44.2333796,-123.1625399,89
8/7/2021 4:00,35,1,1,0.672236892,15.6,44.2333796,-123.1625399,92
8/7/2021 4:10,35,1,1,0.461880215,14,44.2333796,-123.1625399,82
8/7/2021 4:20,35,1,1,0.405095747,14,44.2333796,-123.1625399,85
8/7/2021 4:30,35,1,1,0.628724198,14.8,44.2333796,-123.1625399,81
8/7/2021 4:40,35,1,1,0.788488608,15.6,44.2333796,-123.1625399,89
8/7/2021 4:50,35,1,1,0.605750224,14,44.2333796,-123.1625399,93
8/7/2021 5:00,35,1,1,0.716229443,15.6,44.2333796,-123.1625399,100
8/7/2021 5:10,35,1,1,0.754247233,14,44.2333796,-123.1625399,93
8/7/2021 5:20,35,1,1,0.526724239,14,44.2333796,-123.1625399,101
8/7/2021 5:30,35,1,1,0.53935989,14.8,44.2333796,-123.1625399,96
8/7/2021 5:40,35,1,1,0.529731427,14,44.2333796,-123.1625399,93
8/7/2021 5:50,35,1,1,1.164171,14.8,44.2333796,-123.1625399,98
8/7/2021 6:00,35,1,1,0.758946638,13.2,44.2333796,-123.1625399,91
8/7/2021 6:10,35,1,1,0.7140659,13.2,44.2333796,-123.1625399,104
8/7/2021 6:20,35,1,1,0.458984386,14,44.2333796,-123.1625399,87
8/7/2021 6:30,35,1,1,0.543492976,13.2,44.2333796,-123.1625399,82
8/7/2021 6:40,35,1,1,0.418518691,13.2,44.2333796,-123.1625399,89
8/7/2021 6:50,35,1,1,0.266666667,13.2,44.2333796,-123.1625399,90
8/7/2021 7:00,35,1,1,1.697056275,13.2,44.2333796,-123.1625399,69
8/7/2021 7:10,35,1,1,0.599682456,13.2,44.2333796,-123.1625399,88
8/7/2021 7:20,35,1,1,0.235395955,13.2,44.2333796,-123.1625399,102
8/7/2021 7:30,35,1,1,0.377123617,13.2,44.2333796,-123.1625399,96
8/7/2021 7:40,35,1,1,0.777460253,13.2,44.2333796,-123.1625399,92
8/7/2021 7:50,35,1,1,NA,12.4,44.2333796,-123.1625399,80
8/7/2021 8:00,35,1,1,0.377123617,13.2,44.2333796,-123.1625399,99
8/7/2021 8:10,35,1,1,0.788147493,13.2,44.2333796,-123.1625399,100
8/7/2021 8:30,35,1,1,NA,13.2,44.2333796,-123.1625399,86
8/7/2021 8:40,35,1,1,NA,13.2,44.2333796,-123.1625399,97
8/7/2021 8:50,35,1,1,0.565685425,14,44.2333796,-123.1625399,88
8/7/2021 9:00,35,1,2,NA,14,44.2333796,-123.1625399,75
8/7/2021 9:10,35,1,1,0.357770876,14,44.2333796,-123.1625399,86
8/7/2021 9:30,35,1,2,NA,14,44.2333796,-123.1625399,75
8/7/2021 9:50,35,1,1,0.565685425,14,44.2333796,-123.1625399,85
8/7/2021 10:20,35,1,1,1.126308763,15.6,44.2333796,-123.1625399,99
8/7/2021 10:30,35,1,1,0.461880215,14.8,44.2333796,-123.1625399,92
8/7/2021 10:40,35,1,1,0.765941686,14,44.2333796,-123.1625399,88
8/7/2021 10:50,35,1,1,0.565685425,12.4,44.2333796,-123.1625399,98
8/7/2021 11:00,35,1,1,NA,14,44.2333796,-123.1625399,78
8/7/2021 11:20,35,1,1,0,14,44.2333796,-123.1625399,88
8/7/2021 11:30,35,1,1,0.565685425,14.8,44.2333796,-123.1625399,85
8/7/2021 12:10,35,1,2,NA,15.6,44.2333796,-123.1625399,72
8/7/2021 12:20,35,1,1,0,14.8,44.2333796,-123.1625399,91
8/7/2021 12:40,35,1,1,NA,14.8,44.2333796,-123.1625399,85
8/7/2021 12:50,35,1,1,NA,15.6,44.2333796,-123.1625399,81
8/7/2021 13:00,35,1,1,0.715541753,16.4,44.2333796,-123.1625399,85
8/7/2021 13:10,35,1,1,0.421637021,15.6,44.2333796,-123.1625399,84
8/7/2021 13:20,35,1,1,0,14.8,44.2333796,-123.1625399,79
8/7/2021 13:30,35,1,1,NA,14.8,44.2333796,-123.1625399,77
8/7/2021 13:40,35,1,1,NA,14.8,44.2333796,-123.1625399,78
8/7/2021 13:50,35,1,1,0,14.8,44.2333796,-123.1625399,80
8/7/2021 14:00,35,1,1,0.461880215,15.6,44.2333796,-123.1625399,81
8/7/2021 14:30,35,1,1,NA,16.4,44.2333796,-123.1625399,77
8/7/2021 14:40,35,1,1,1.222020185,17.2,44.2333796,-123.1625399,81
8/7/2021 14:50,35,1,1,NA,14.8,44.2333796,-123.1625399,80
8/7/2021 15:00,35,1,1,0,14.8,44.2333796,-123.1625399,84
8/7/2021 15:20,35,1,1,0.4,14.8,44.2333796,-123.1625399,89
8/7/2021 16:50,35,1,1,0.653197265,14.8,44.2333796,-123.1625399,86
8/7/2021 17:00,35,1,1,NA,14.8,44.2333796,-123.1625399,82
8/7/2021 17:10,35,1,1,0.923760431,14.8,44.2333796,-123.1625399,78
8/7/2021 17:20,35,1,1,0.461880215,14.8,44.2333796,-123.1625399,91
8/7/2021 17:30,35,1,1,0.628996314,14,44.2333796,-123.1625399,95
8/7/2021 17:40,35,1,1,0.4,14.8,44.2333796,-123.1625399,86
8/7/2021 17:50,35,1,1,0.768920084,14,44.2333796,-123.1625399,92
8/7/2021 18:00,35,1,1,0.839047079,14.8,44.2333796,-123.1625399,94
8/7/2021 18:10,35,1,1,1.13137085,15.6,44.2333796,-123.1625399,86
8/7/2021 18:20,35,1,1,1.076148335,14.8,44.2333796,-123.1625399,97
8/7/2021 18:30,35,1,1,0.461880215,14,44.2333796,-123.1625399,86
8/7/2021 18:40,35,1,1,1.186591758,15.6,44.2333796,-123.1625399,90
8/7/2021 18:50,35,1,1,0.4,14,44.2333796,-123.1625399,95
8/7/2021 19:10,35,1,1,0.923760431,14.8,44.2333796,-123.1625399,87
8/7/2021 19:20,35,1,1,0.595957075,14.8,44.2333796,-123.1625399,84
8/7/2021 19:30,35,1,1,NA,15.6,44.2333796,-123.1625399,85
8/7/2021 20:00,35,1,1,0.440385506,14.8,44.2333796,-123.1625399,92
8/7/2021 20:10,35,1,1,0.509617646,15.6,44.2333796,-123.1625399,91
8/7/2021 20:20,35,1,1,0.607323724,14.8,44.2333796,-123.1625399,100
8/7/2021 20:30,35,1,1,0.505964426,15.6,44.2333796,-123.1625399,94
8/7/2021 20:40,35,1,1,1.346600658,16.4,44.2333796,-123.1625399,101
8/7/2021 20:50,35,1,1,0.384307569,14.8,44.2333796,-123.1625399,101
8/7/2021 21:00,35,1,1,0.492582341,15.6,44.2333796,-123.1625399,108
8/7/2021 21:10,35,1,1,0.870249007,15.6,44.2333796,-123.1625399,102
8/7/2021 21:20,35,1,1,0.785319854,15.6,44.2333796,-123.1625399,103
8/7/2021 21:30,35,1,1,0.584237395,17.2,44.2333796,-123.1625399,92
8/7/2021 21:40,35,1,1,0.884010002,16.4,44.2333796,-123.1625399,100
8/7/2021 21:50,35,1,1,0.891792643,17.2,44.2333796,-123.1625399,98
8/7/2021 22:00,35,1,1,0.771146333,17.2,44.2333796,-123.1625399,106
8/7/2021 22:10,35,1,1,0.703447731,15.6,44.2333796,-123.1625399,101
8/7/2021 22:20,35,1,1,0.653197265,16.4,44.2333796,-123.1625399,88
8/7/2021 22:30,35,1,1,0.71604977,15.6,44.2333796,-123.1625399,94
8/7/2021 22:40,35,1,1,0.694318315,14.8,44.2333796,-123.1625399,93
8/7/2021 22:50,35,1,1,0.554347894,14.8,44.2333796,-123.1625399,96
8/7/2021 23:00,35,1,1,0.979795897,15.6,44.2333796,-123.1625399,87
8/7/2021 23:10,35,1,1,0.768615138,16.4,44.2333796,-123.1625399,103
8/7/2021 23:20,35,1,1,0.563833749,14.8,44.2333796,-123.1625399,96
8/7/2021 23:30,35,1,1,0.584237395,15.6,44.2333796,-123.1625399,94
8/7/2021 23:40,35,1,1,0.437787339,14.8,44.2333796,-123.1625399,109
8/7/2021 23:50,35,1,1,0.516397779,14.8,44.2333796,-123.1625399,103
8/8/2021 0:00,35,1,1,0.342234106,15.6,44.2333796,-123.1625399,106
8/8/2021 0:10,35,1,1,0.76662404,18,44.2333796,-123.1625399,123
8/8/2021 0:20,35,1,1,0.490985404,14.8,44.2333796,-123.1625399,108
8/8/2021 0:30,35,1,1,0.457681217,15.6,44.2333796,-123.1625399,109
8/8/2021 0:40,35,1,1,0.392248118,15.6,44.2333796,-123.1625399,96
8/8/2021 0:50,35,1,1,0.408770836,15.6,44.2333796,-123.1625399,115
8/8/2021 1:00,35,1,1,0.309401659,14.8,44.2333796,-123.1625399,105
8/8/2021 1:10,35,1,1,0.332239786,14.8,44.2333796,-123.1625399,97
8/8/2021 1:20,35,1,1,0.379886464,14.8,44.2333796,-123.1625399,109
8/8/2021 1:30,35,1,1,0.768721883,16.4,44.2333796,-123.1625399,125
8/8/2021 1:40,35,1,1,0.316677913,14.8,44.2333796,-123.1625399,99
8/8/2021 1:50,35,1,1,0.466130144,14.8,44.2333796,-123.1625399,106
8/8/2021 2:00,35,1,1,0.471051465,14.8,44.2333796,-123.1625399,112
8/8/2021 2:10,35,1,1,0.394838493,14.8,44.2333796,-123.1625399,113
8/8/2021 2:20,35,1,1,0.333419902,14.8,44.2333796,-123.1625399,104
8/8/2021 2:30,35,1,1,0.401350378,14.8,44.2333796,-123.1625399,110
8/8/2021 2:40,35,1,1,0.662767163,15.6,44.2333796,-123.1625399,104
8/8/2021 2:50,35,1,1,0.438867393,14.8,44.2333796,-123.1625399,107
8/8/2021 3:00,35,1,1,0.772093927,14,44.2333796,-123.1625399,102
8/8/2021 3:10,35,1,1,1.264911064,15.6,44.2333796,-123.1625399,84
8/8/2021 3:20,35,1,1,0.89213084,14.8,44.2333796,-123.1625399,82
8/8/2021 3:30,35,1,1,0.802610121,14.8,44.2333796,-123.1625399,95
8/8/2021 3:40,35,1,1,0.613935661,15.6,44.2333796,-123.1625399,101
8/8/2021 3:50,35,1,1,0.52224368,14,44.2333796,-123.1625399,89
8/8/2021 4:00,35,1,1,0.613571991,14.8,44.2333796,-123.1625399,77
8/8/2021 4:10,35,1,1,0.431487912,14.8,44.2333796,-123.1625399,104
8/8/2021 4:20,35,1,1,0.639046909,15.6,44.2333796,-123.1625399,84
8/8/2021 4:30,35,1,1,0.743026185,14,44.2333796,-123.1625399,80
8/8/2021 4:40,35,1,1,0.930335321,15.6,44.2333796,-123.1625399,104
8/8/2021 4:50,35,1,1,0.700717697,14.8,44.2333796,-123.1625399,102
8/8/2021 5:00,35,1,1,0.549066193,14,44.2333796,-123.1625399,91
8/8/2021 5:10,35,1,1,0.8,15.6,44.2333796,-123.1625399,95
8/8/2021 5:20,35,1,1,0.8428523,15.6,44.2333796,-123.1625399,101
8/8/2021 5:30,35,1,1,0.696717579,17.2,44.2333796,-123.1625399,107
8/8/2021 5:40,35,1,1,0.74065608,16.4,44.2333796,-123.1625399,95
8/8/2021 5:50,35,1,1,0.5861312,15.6,44.2333796,-123.1625399,98
8/8/2021 6:00,35,1,1,0.6,15.6,44.2333796,-123.1625399,100
8/8/2021 6:10,35,1,1,0.461880215,14,44.2333796,-123.1625399,95
8/8/2021 6:20,35,1,1,0.669328021,14,44.2333796,-123.1625399,93
8/8/2021 6:30,35,1,1,0.333623062,14,44.2333796,-123.1625399,100
8/8/2021 6:40,35,1,1,0.528180233,14,44.2333796,-123.1625399,98
8/8/2021 6:50,35,1,1,0.453704698,14,44.2333796,-123.1625399,98
8/8/2021 7:00,35,1,1,0.424264069,14,44.2333796,-123.1625399,101
8/8/2021 7:10,35,1,1,0.41199409,14,44.2333796,-123.1625399,95
8/8/2021 7:20,35,1,1,0.527950283,14.8,44.2333796,-123.1625399,106
8/8/2021 7:30,35,1,1,0.523237783,14,44.2333796,-123.1625399,98
8/8/2021 7:40,35,1,1,0.419412008,14,44.2333796,-123.1625399,97
8/8/2021 7:50,35,1,1,0.49377072,14,44.2333796,-123.1625399,97
8/8/2021 8:00,35,1,1,0.464715602,14,44.2333796,-123.1625399,98
8/8/2021 8:10,35,1,1,0.453557368,14,44.2333796,-123.1625399,93
8/8/2021 8:20,35,1,1,0.461880215,14,44.2333796,-123.1625399,82
8/8/2021 8:30,35,1,1,0.488999876,14,44.2333796,-123.1625399,95
8/8/2021 8:40,35,1,1,0.24688536,14,44.2333796,-123.1625399,93
8/8/2021 8:50,35,1,1,0.290509216,14,44.2333796,-123.1625399,94
8/8/2021 9:00,35,1,1,0.511541667,14,44.2333796,-123.1625399,91
8/8/2021 9:10,35,1,1,0.545800236,14.8,44.2333796,-123.1625399,94
8/8/2021 9:20,35,1,1,0.541847637,14,44.2333796,-123.1625399,98
8/8/2021 9:30,35,1,1,0.614024137,14,44.2333796,-123.1625399,96
8/8/2021 9:40,35,1,1,0.262440303,14,44.2333796,-123.1625399,107
8/8/2021 9:50,35,1,1,0.298834947,14,44.2333796,-123.1625399,104
8/8/2021 10:00,35,1,1,0.390071034,14,44.2333796,-123.1625399,96
8/8/2021 10:10,35,1,1,0.541901485,14,44.2333796,-123.1625399,95
8/8/2021 10:20,35,1,1,0.395139552,14,44.2333796,-123.1625399,114
8/8/2021 10:30,35,1,1,0.537617204,14,44.2333796,-123.1625399,98
8/8/2021 10:40,35,1,1,0.629641329,14,44.2333796,-123.1625399,106
8/8/2021 10:50,35,1,1,0.436393199,14,44.2333796,-123.1625399,105
8/8/2021 11:00,35,1,1,0.2,14,44.2333796,-123.1625399,92
8/8/2021 11:10,35,1,1,0.662895316,14,44.2333796,-123.1625399,84
8/8/2021 11:20,35,1,1,0.622799155,14.8,44.2333796,-123.1625399,85
8/8/2021 11:30,35,1,1,0.461880215,14,44.2333796,-123.1625399,75
8/8/2021 11:40,35,1,1,0.532900257,14.8,44.2333796,-123.1625399,95
8/8/2021 11:50,35,1,1,0.321534781,14.8,44.2333796,-123.1625399,98
8/8/2021 12:00,35,1,1,0.504868077,14.8,44.2333796,-123.1625399,86
8/8/2021 12:10,35,1,1,0.391488388,14.8,44.2333796,-123.1625399,93
8/8/2021 12:20,35,1,1,0.581950742,15.6,44.2333796,-123.1625399,91
8/8/2021 12:30,35,1,1,0,14.8,44.2333796,-123.1625399,90
8/8/2021 12:40,35,1,1,0.352766841,14.8,44.2333796,-123.1625399,95
8/8/2021 12:50,35,1,1,0.80293579,14.8,44.2333796,-123.1625399,94
8/8/2021 13:00,35,1,1,0.304759001,14.8,44.2333796,-123.1625399,99
8/8/2021 13:10,35,1,1,0.48725697,14.8,44.2333796,-123.1625399,103
8/8/2021 13:20,35,1,1,0,14.8,44.2333796,-123.1625399,98
8/8/2021 13:30,35,1,1,0.383441035,15.6,44.2333796,-123.1625399,97
8/8/2021 13:40,35,1,1,0.386672561,15.6,44.2333796,-123.1625399,104
8/8/2021 13:50,35,1,1,0.511952379,14.8,44.2333796,-123.1625399,107
8/8/2021 14:00,35,1,1,0.232642691,15.6,44.2333796,-123.1625399,97
8/8/2021 14:10,35,1,1,0.543492976,14.8,44.2333796,-123.1625399,102
8/8/2021 14:20,35,1,1,0.494150398,14.8,44.2333796,-123.1625399,100
8/8/2021 14:30,35,1,1,0.521071158,14.8,44.2333796,-123.1625399,106
8/8/2021 14:40,35,1,1,0.695868381,18,44.2333796,-123.1625399,96
8/8/2021 14:50,35,1,1,0.188561808,14.8,44.2333796,-123.1625399,93
8/8/2021 15:00,35,1,1,0,14.8,44.2333796,-123.1625399,91
8/8/2021 15:10,35,1,1,0.390360029,15.6,44.2333796,-123.1625399,102
8/8/2021 15:20,35,1,1,0.388057,14.8,44.2333796,-123.1625399,97
8/8/2021 15:30,35,1,1,0.422730764,14.8,44.2333796,-123.1625399,89
8/8/2021 15:40,35,1,1,0.428242703,14.8,44.2333796,-123.1625399,98
8/8/2021 15:50,35,1,1,0.599414919,17.2,44.2333796,-123.1625399,95
8/8/2021 16:00,35,1,1,0.29959322,14.8,44.2333796,-123.1625399,87
8/8/2021 16:10,35,1,1,0.317649022,14.8,44.2333796,-123.1625399,95
8/8/2021 16:20,35,1,1,0,14.8,44.2333796,-123.1625399,96
8/8/2021 16:30,35,1,1,NA,14.8,44.2333796,-123.1625399,98
8/8/2021 16:40,35,1,1,NA,14.8,44.2333796,-123.1625399,89
8/8/2021 16:50,35,1,1,0.438178046,14.8,44.2333796,-123.1625399,101
8/8/2021 17:00,35,1,1,0.293078039,14.8,44.2333796,-123.1625399,88
8/8/2021 17:10,35,1,1,0.565685425,17.2,44.2333796,-123.1625399,81
8/8/2021 17:20,35,1,1,0.438178046,15.6,44.2333796,-123.1625399,83
8/8/2021 17:30,35,1,1,0,14.8,44.2333796,-123.1625399,77
8/8/2021 17:40,35,1,1,0.505964426,14.8,44.2333796,-123.1625399,99
8/8/2021 17:50,35,1,1,0.366190167,15.6,44.2333796,-123.1625399,87
8/8/2021 18:00,35,1,1,0,14.8,44.2333796,-123.1625399,95
8/8/2021 18:10,35,1,1,0.614358118,14.8,44.2333796,-123.1625399,102
8/8/2021 18:20,35,1,1,0.485581583,15.6,44.2333796,-123.1625399,101
8/8/2021 18:30,35,1,1,0.41455018,14.8,44.2333796,-123.1625399,106
8/8/2021 18:40,35,1,1,0.371276385,14.8,44.2333796,-123.1625399,94
8/8/2021 18:50,35,1,1,0.421637021,15.6,44.2333796,-123.1625399,94
8/8/2021 19:00,35,1,1,0.536656315,15.6,44.2333796,-123.1625399,100
8/8/2021 19:10,35,1,1,0.4,15.6,44.2333796,-123.1625399,85
8/8/2021 19:20,35,1,1,0.565685425,14.8,44.2333796,-123.1625399,84
8/8/2021 19:30,35,1,1,0.629436634,15.6,44.2333796,-123.1625399,96
8/8/2021 19:40,35,1,1,0.336010753,14.8,44.2333796,-123.1625399,104
8/8/2021 19:50,35,1,1,0.486147991,14.8,44.2333796,-123.1625399,99
8/8/2021 20:00,35,1,1,0.497265248,14.8,44.2333796,-123.1625399,98
8/8/2021 20:10,35,1,1,0.213808994,14.8,44.2333796,-123.1625399,90
8/8/2021 20:20,35,1,1,0.326598632,14.8,44.2333796,-123.1625399,94
8/8/2021 20:30,35,1,1,0.4,14.8,44.2333796,-123.1625399,83
8/8/2021 20:40,35,1,1,0.857289365,14.8,44.2333796,-123.1625399,92
8/8/2021 20:50,35,1,1,0.848079062,17.2,44.2333796,-123.1625399,97
8/8/2021 21:00,35,1,1,0.628724198,14.8,44.2333796,-123.1625399,100
8/8/2021 21:10,35,1,1,0.696535204,16.4,44.2333796,-123.1625399,107
8/8/2021 21:20,35,1,1,0.966643678,17.2,44.2333796,-123.1625399,103
8/8/2021 21:30,35,1,1,0.914835,16.4,44.2333796,-123.1625399,89
8/8/2021 21:40,35,1,1,0.798946675,15.6,44.2333796,-123.1625399,92
8/8/2021 21:50,35,1,1,0.879160439,15.6,44.2333796,-123.1625399,109
8/8/2021 22:00,35,1,1,0.836997594,16.4,44.2333796,-123.1625399,117
8/8/2021 22:10,35,1,1,0.495965554,15.6,44.2333796,-123.1625399,122
8/8/2021 22:20,35,1,1,0.474609304,17.2,44.2333796,-123.1625399,119
8/8/2021 22:30,35,1,1,0.465354813,15.6,44.2333796,-123.1625399,121
8/8/2021 22:40,35,1,1,0.313662739,16.4,44.2333796,-123.1625399,140
8/8/2021 22:50,35,1,1,0.526010331,15.6,44.2333796,-123.1625399,117
8/8/2021 23:00,35,1,1,0.534534167,18,44.2333796,-123.1625399,126
8/8/2021 23:10,35,1,1,0.52826597,18,44.2333796,-123.1625399,125
8/8/2021 23:20,35,1,1,0.3159982,14.8,44.2333796,-123.1625399,117
8/8/2021 23:30,35,1,1,0.30324802,14.8,44.2333796,-123.1625399,118
8/8/2021 23:40,35,1,1,0.289135642,14.8,44.2333796,-123.1625399,118
8/8/2021 23:50,35,1,1,0.37409875,14.8,44.2333796,-123.1625399,118
8/9/2021 0:00,35,1,1,0.347380772,14.8,44.2333796,-123.1625399,131
8/9/2021 0:10,35,1,1,1.169651069,15.6,44.2333796,-123.1625399,126
8/9/2021 0:20,35,1,1,0.520512568,14.8,44.2333796,-123.1625399,104
8/9/2021 0:30,35,1,1,0.419149466,14.8,44.2333796,-123.1625399,115
8/9/2021 0:40,35,1,1,0.594517038,16.4,44.2333796,-123.1625399,129
8/9/2021 0:50,35,1,1,0.434693881,14.8,44.2333796,-123.1625399,130
8/9/2021 1:00,35,1,1,0.390044459,14.8,44.2333796,-123.1625399,101
8/9/2021 1:10,35,1,1,0.515960895,14.8,44.2333796,-123.1625399,109
8/9/2021 1:20,35,1,1,0.32038624,14.8,44.2333796,-123.1625399,96
8/9/2021 1:30,35,1,1,0.410113688,14.8,44.2333796,-123.1625399,96
8/9/2021 1:40,35,1,1,0.43211462,14.8,44.2333796,-123.1625399,114
8/9/2021 1:50,35,1,1,0.410716183,14.8,44.2333796,-123.1625399,114
8/9/2021 2:00,35,1,1,0.596424178,14.8,44.2333796,-123.1625399,119
8/9/2021 2:10,35,1,1,0.589024918,14.8,44.2333796,-123.1625399,101
8/9/2021 2:20,35,1,1,0.621535443,14,44.2333796,-123.1625399,91
8/9/2021 2:30,35,1,1,0.577158427,14.8,44.2333796,-123.1625399,130
8/9/2021 2:40,35,1,1,0.248809398,14.8,44.2333796,-123.1625399,116
8/9/2021 2:50,35,1,1,0.409462543,15.6,44.2333796,-123.1625399,115
8/9/2021 3:00,35,1,1,0.599837376,14.8,44.2333796,-123.1625399,119
8/9/2021 3:10,35,1,1,0.501730339,14.8,44.2333796,-123.1625399,89
8/9/2021 3:20,35,1,1,0.341466236,15.6,44.2333796,-123.1625399,113
8/9/2021 3:30,35,1,1,0.856485406,14.8,44.2333796,-123.1625399,96
8/9/2021 3:40,35,1,1,0.48507125,16.4,44.2333796,-123.1625399,87
8/9/2021 3:50,35,1,1,0.460378162,16.4,44.2333796,-123.1625399,95
8/9/2021 4:00,35,1,1,0.709632967,15.6,44.2333796,-123.1625399,86
8/9/2021 4:10,35,1,1,0.56051924,16.4,44.2333796,-123.1625399,82
8/9/2021 4:20,35,1,1,0.461880215,16.4,44.2333796,-123.1625399,83
8/9/2021 4:30,35,1,1,0.572984894,16.4,44.2333796,-123.1625399,95
8/9/2021 4:40,35,1,1,0.458984386,16.4,44.2333796,-123.1625399,86
8/9/2021 4:50,35,1,1,0.706274401,15.6,44.2333796,-123.1625399,102
8/9/2021 5:00,35,1,1,0.585456746,15.6,44.2333796,-123.1625399,96
8/9/2021 5:10,35,1,1,0.526667291,14.8,44.2333796,-123.1625399,109
8/9/2021 5:20,35,1,1,0.562668415,15.6,44.2333796,-123.1625399,110
8/9/2021 5:30,35,1,1,0.399023198,15.6,44.2333796,-123.1625399,111
8/9/2021 5:40,35,1,1,0.4,14.8,44.2333796,-123.1625399,94
8/9/2021 5:50,35,1,1,2.322560164,15.6,44.2333796,-123.1625399,92
8/9/2021 6:00,35,1,1,1.024019231,14,44.2333796,-123.1625399,89
8/9/2021 6:10,35,1,1,0.620425287,14.8,44.2333796,-123.1625399,94
8/9/2021 6:20,35,1,1,0.435124503,14,44.2333796,-123.1625399,88
8/9/2021 6:30,35,1,1,0.66704751,14.8,44.2333796,-123.1625399,87
8/9/2021 6:40,35,1,1,0.683130051,14.8,44.2333796,-123.1625399,96
8/9/2021 6:50,35,1,1,0.429357457,14,44.2333796,-123.1625399,96
8/9/2021 7:00,35,1,1,0.512410092,14.8,44.2333796,-123.1625399,91
8/9/2021 7:10,35,1,1,0.526269004,14,44.2333796,-123.1625399,103
8/9/2021 7:20,35,1,1,0.341121146,14,44.2333796,-123.1625399,100
8/9/2021 7:30,35,1,1,0.641150682,14,44.2333796,-123.1625399,107
8/9/2021 7:40,35,1,1,0.589310463,14,44.2333796,-123.1625399,99
8/9/2021 7:50,35,1,1,0.647442111,14.8,44.2333796,-123.1625399,78
8/9/2021 8:00,35,1,1,1.041585467,14,44.2333796,-123.1625399,82
8/9/2021 8:10,35,1,1,1.243886147,15.6,44.2333796,-123.1625399,80
8/9/2021 8:20,35,1,1,0.734130348,15.6,44.2333796,-123.1625399,84
8/9/2021 8:30,35,1,1,0.356365091,14.8,44.2333796,-123.1625399,91
8/9/2021 8:40,35,1,1,0.930335321,14,44.2333796,-123.1625399,97
8/9/2021 8:50,35,1,1,0.552052447,13.2,44.2333796,-123.1625399,95
8/9/2021 9:00,35,1,1,0.77805396,14.8,44.2333796,-123.1625399,97
8/9/2021 9:10,35,1,1,0.772873426,14.8,44.2333796,-123.1625399,90
8/9/2021 9:20,35,1,1,0.923760431,15.6,44.2333796,-123.1625399,97
8/9/2021 9:30,35,1,1,0.530394835,14,44.2333796,-123.1625399,98
8/9/2021 9:40,35,1,1,0.518175402,14,44.2333796,-123.1625399,91
8/9/2021 9:50,35,1,1,0.565685425,14,44.2333796,-123.1625399,81
8/9/2021 10:00,35,1,1,0.506658955,14,44.2333796,-123.1625399,95
8/9/2021 10:10,35,1,1,0.862975824,13.2,44.2333796,-123.1625399,81
8/9/2021 10:20,35,1,1,0.541801059,14,44.2333796,-123.1625399,95
8/9/2021 10:30,35,1,1,0,14,44.2333796,-123.1625399,89
8/9/2021 10:40,35,1,1,0.720203312,14,44.2333796,-123.1625399,86
8/9/2021 10:50,35,1,1,0.907114735,13.2,44.2333796,-123.1625399,79
8/9/2021 11:00,35,1,1,0.984731928,14,44.2333796,-123.1625399,90
8/9/2021 11:10,35,1,1,0.807239967,14,44.2333796,-123.1625399,88
8/9/2021 11:20,35,1,1,0.742368582,14,44.2333796,-123.1625399,97
8/9/2021 11:30,35,1,1,0.676123404,14,44.2333796,-123.1625399,94
8/9/2021 11:40,35,1,1,1.052469623,14,44.2333796,-123.1625399,85
8/9/2021 11:50,35,1,1,0.787785542,14,44.2333796,-123.1625399,90
8/9/2021 12:00,35,1,1,0.811866021,14,44.2333796,-123.1625399,90
8/9/2021 12:10,35,1,1,0.828078671,14.8,44.2333796,-123.1625399,97
8/9/2021 12:20,35,1,1,0.826236447,14,44.2333796,-123.1625399,84
8/9/2021 12:30,35,1,1,0.619677335,14,44.2333796,-123.1625399,98
8/9/2021 12:40,35,1,1,0.565685425,14.8,44.2333796,-123.1625399,88
8/9/2021 12:50,35,1,1,0.4,14.8,44.2333796,-123.1625399,82
8/9/2021 13:00,35,1,1,0.692820323,14,44.2333796,-123.1625399,82
8/9/2021 13:10,35,1,1,0.390360029,14.8,44.2333796,-123.1625399,86
8/9/2021 13:20,35,1,1,0.384307569,14.8,44.2333796,-123.1625399,84
8/9/2021 13:30,35,1,1,0.51406037,16.4,44.2333796,-123.1625399,81
8/9/2021 13:40,35,1,1,0.48885153,14.8,44.2333796,-123.1625399,88
8/9/2021 13:50,35,1,1,0.461880215,15.6,44.2333796,-123.1625399,84
8/9/2021 14:00,35,1,1,0.471673818,14.8,44.2333796,-123.1625399,91
8/9/2021 14:10,35,1,1,0.588714375,14.8,44.2333796,-123.1625399,85
8/9/2021 14:20,35,1,1,NA,14.8,44.2333796,-123.1625399,88
8/9/2021 14:30,35,1,1,0.427617987,15.6,44.2333796,-123.1625399,92
8/9/2021 14:40,35,1,1,0.326598632,14.8,44.2333796,-123.1625399,88
8/9/2021 14:50,35,1,1,0.715541753,16.4,44.2333796,-123.1625399,85
8/9/2021 15:00,35,1,1,1.043072385,17.2,44.2333796,-123.1625399,82
8/9/2021 15:10,35,1,1,0,15.6,44.2333796,-123.1625399,87
8/9/2021 15:20,35,1,1,0.705533683,17.2,44.2333796,-123.1625399,85
8/9/2021 15:30,35,1,1,0.461880215,15.6,44.2333796,-123.1625399,94
8/9/2021 15:40,35,1,1,0.75009157,17.2,44.2333796,-123.1625399,84
8/9/2021 15:50,35,1,1,0.866899736,16.4,44.2333796,-123.1625399,92
8/9/2021 16:00,35,1,1,NA,16.4,44.2333796,-123.1625399,82
8/9/2021 16:10,35,1,1,0.900370294,15.6,44.2333796,-123.1625399,86
8/9/2021 16:20,35,1,1,0.534649233,16.4,44.2333796,-123.1625399,90
8/9/2021 16:30,35,1,1,0.581186526,16.4,44.2333796,-123.1625399,87
8/9/2021 16:40,35,1,1,0.685994341,16.4,44.2333796,-123.1625399,88
8/9/2021 16:50,35,1,1,0.56298524,16.4,44.2333796,-123.1625399,86
8/9/2021 17:00,35,1,1,0.520261412,16.4,44.2333796,-123.1625399,89
8/9/2021 17:10,35,1,1,0.681304502,17.2,44.2333796,-123.1625399,81
8/9/2021 17:20,35,1,1,0.828078671,17.2,44.2333796,-123.1625399,84
8/9/2021 17:30,35,1,1,0.604743157,15.6,44.2333796,-123.1625399,87
8/9/2021 17:40,35,1,1,0.756108196,16.4,44.2333796,-123.1625399,86
8/9/2021 17:50,35,1,1,0.357770876,15.6,44.2333796,-123.1625399,89
8/9/2021 18:00,35,1,1,0.709124208,15.6,44.2333796,-123.1625399,84
8/9/2021 18:10,35,1,1,0.505964426,15.6,44.2333796,-123.1625399,89
8/9/2021 18:20,35,1,1,NA,16.4,44.2333796,-123.1625399,78
8/9/2021 18:30,35,1,1,0,15.6,44.2333796,-123.1625399,88
8/9/2021 18:40,35,1,1,0.565685425,15.6,44.2333796,-123.1625399,93
8/9/2021 18:50,35,1,1,0.679869268,14.8,44.2333796,-123.1625399,83
8/9/2021 19:00,35,1,1,0.4,15.6,44.2333796,-123.1625399,90
8/9/2021 19:10,35,1,1,0.44956119,14.8,44.2333796,-123.1625399,98
8/9/2021 19:20,35,1,1,0.434233969,15.6,44.2333796,-123.1625399,90
8/9/2021 19:30,35,1,1,0.241209076,15.6,44.2333796,-123.1625399,98
8/9/2021 19:40,35,1,1,0.349496839,15.6,44.2333796,-123.1625399,89
8/9/2021 19:50,35,1,1,0.292845663,15.6,44.2333796,-123.1625399,100
8/9/2021 20:00,35,1,1,0.480196038,15.6,44.2333796,-123.1625399,99
8/9/2021 20:10,35,1,1,0.8,16.4,44.2333796,-123.1625399,85
8/9/2021 20:20,35,1,1,0.923760431,14.8,44.2333796,-123.1625399,81
8/9/2021 20:30,35,1,1,0.600854093,16.4,44.2333796,-123.1625399,109
8/9/2021 20:40,35,1,1,0.406400406,16.4,44.2333796,-123.1625399,98
8/9/2021 20:50,35,1,1,0.797328874,17.2,44.2333796,-123.1625399,96
8/9/2021 21:00,35,1,1,0.89766202,15.6,44.2333796,-123.1625399,95
8/9/2021 21:10,35,1,1,0.61177529,15.6,44.2333796,-123.1625399,96
8/9/2021 21:20,35,1,1,0.460387868,15.6,44.2333796,-123.1625399,97
8/9/2021 21:30,35,1,1,0.694318315,16.4,44.2333796,-123.1625399,94
8/9/2021 21:40,35,1,1,5.091168825,10,44.2333796,-123.1625399,94
8/9/2021 21:50,35,1,1,0,15.6,44.2333796,-123.1625399,85
8/9/2021 22:20,35,1,1,0.357770876,16.4,44.2333796,-123.1625399,86
8/9/2021 22:30,35,1,1,NA,15.6,44.2333796,-123.1625399,79
8/9/2021 22:40,35,1,1,NA,16.4,44.2333796,-123.1625399,77
8/9/2021 22:50,35,1,1,0.765941686,14.8,44.2333796,-123.1625399,90
8/9/2021 23:10,35,1,1,NA,18,44.2333796,-123.1625399,79
8/9/2021 23:40,35,1,1,NA,16.4,44.2333796,-123.1625399,59
8/10/2021 0:10,35,1,1,1.366260102,16.4,44.2333796,-123.1625399,111
8/10/2021 0:20,35,1,1,0.461880215,17.2,44.2333796,-123.1625399,102
8/10/2021 22:10,35,1,1,NA,21.2,44.2333796,-123.1625399,88
8/10/2021 22:20,35,1,1,1.321615173,18,44.2333796,-123.1625399,105
8/10/2021 22:30,35,1,1,0.584036729,18.8,44.2333796,-123.1625399,129
8/10/2021 22:40,35,1,1,0,18,44.2333796,-123.1625399,96
8/10/2021 22:50,35,1,1,0.727937135,18,44.2333796,-123.1625399,123
8/10/2021 23:00,35,1,1,0.692453654,18.8,44.2333796,-123.1625399,116
8/10/2021 23:10,35,1,1,0.738092466,18,44.2333796,-123.1625399,114
8/10/2021 23:20,35,1,1,0.844069209,18,44.2333796,-123.1625399,118
8/10/2021 23:30,35,1,1,0.816481474,18.8,44.2333796,-123.1625399,117
8/10/2021 23:40,35,1,1,0.497868472,18.8,44.2333796,-123.1625399,110
8/10/2021 23:50,35,1,1,0.651448407,18.8,44.2333796,-123.1625399,121
8/11/2021 0:00,35,1,1,0.357770876,16.4,44.2333796,-123.1625399,85
8/11/2021 0:10,35,1,1,0.53935989,17.2,44.2333796,-123.1625399,97
8/11/2021 0:20,35,1,1,0.876356092,17.2,44.2333796,-123.1625399,80
8/11/2021 0:30,35,1,1,0.547234173,15.6,44.2333796,-123.1625399,99
8/11/2021 0:40,35,1,1,0.530659966,15.6,44.2333796,-123.1625399,109
8/11/2021 0:50,35,1,1,0.438655104,15.6,44.2333796,-123.1625399,112
8/11/2021 1:00,35,1,1,0.86545421,18,44.2333796,-123.1625399,126
8/11/2021 1:10,35,1,1,0.524086507,15.6,44.2333796,-123.1625399,95
8/11/2021 1:20,35,1,1,0.4,15.6,44.2333796,-123.1625399,96
8/11/2021 1:30,35,1,1,NA,15.6,44.2333796,-123.1625399,81
8/11/2021 1:40,35,1,1,0,15.6,44.2333796,-123.1625399,87
8/11/2021 1:50,35,1,1,0.560272043,15.6,44.2333796,-123.1625399,111
8/11/2021 2:00,35,1,1,0.548480554,14.8,44.2333796,-123.1625399,89
8/11/2021 2:10,35,1,1,0.451903224,14.8,44.2333796,-123.1625399,90
8/11/2021 2:20,35,1,1,0.388057,14.8,44.2333796,-123.1625399,105
8/11/2021 2:30,35,1,1,0.357770876,15.6,44.2333796,-123.1625399,108
8/11/2021 2:40,35,1,1,0.306785996,14.8,44.2333796,-123.1625399,83
8/11/2021 2:50,35,1,1,2.375633887,14.8,44.2333796,-123.1625399,104
8/11/2021 3:00,35,1,1,1.809448884,14.8,44.2333796,-123.1625399,92
8/11/2021 3:10,35,1,1,0.710501819,14.8,44.2333796,-123.1625399,117
8/11/2021 3:20,35,1,1,0.320974127,14.8,44.2333796,-123.1625399,100
8/11/2021 3:30,35,1,1,0.651183084,14,44.2333796,-123.1625399,101
8/11/2021 3:40,35,1,1,NA,16.4,44.2333796,-123.1625399,71
8/11/2021 3:50,35,1,1,0.505964426,16.4,44.2333796,-123.1625399,99
8/11/2021 4:10,35,1,1,0.648514787,15.6,44.2333796,-123.1625399,89
8/11/2021 4:20,35,1,1,0.709124208,14.8,44.2333796,-123.1625399,87
8/11/2021 4:30,35,1,1,0.53935989,15.6,44.2333796,-123.1625399,88
8/11/2021 4:40,35,1,1,0.8,16.4,44.2333796,-123.1625399,103
8/11/2021 4:50,35,1,1,0.709124208,14.8,44.2333796,-123.1625399,84
8/11/2021 5:00,35,1,1,1.078099648,14.8,44.2333796,-123.1625399,102
8/11/2021 5:10,35,1,1,0.613571991,14.8,44.2333796,-123.1625399,90
8/11/2021 5:20,35,1,1,0.509841604,14.8,44.2333796,-123.1625399,99
8/11/2021 5:30,35,1,1,0.735892969,15.6,44.2333796,-123.1625399,103
8/11/2021 5:40,35,1,1,0.844311281,14.8,44.2333796,-123.1625399,88
8/11/2021 5:50,35,1,1,0.679198455,14,44.2333796,-123.1625399,96
8/11/2021 6:00,35,1,1,0.424264069,14,44.2333796,-123.1625399,100
8/11/2021 6:10,35,1,1,0.638649368,14,44.2333796,-123.1625399,92
8/11/2021 6:20,35,1,1,1.053248942,14,44.2333796,-123.1625399,90
8/11/2021 6:30,35,1,1,0.702427672,14,44.2333796,-123.1625399,101
8/11/2021 6:40,35,1,1,0.715004357,14,44.2333796,-123.1625399,101
8/11/2021 6:50,35,1,1,0.992704571,14,44.2333796,-123.1625399,87
8/11/2021 7:00,35,1,1,1.004604783,14,44.2333796,-123.1625399,88
8/11/2021 7:10,35,1,1,0.846280377,14,44.2333796,-123.1625399,95
8/11/2021 7:20,35,1,1,0.731708856,14.8,44.2333796,-123.1625399,93
8/11/2021 7:30,35,1,1,0.69511933,14,44.2333796,-123.1625399,103
8/11/2021 7:40,35,1,1,0.751564026,14,44.2333796,-123.1625399,105
8/11/2021 7:50,35,1,1,0.59109031,14,44.2333796,-123.1625399,98
8/11/2021 8:00,35,1,1,0.725125128,13.2,44.2333796,-123.1625399,102
8/11/2021 8:10,35,1,1,0.853977348,14.8,44.2333796,-123.1625399,103
8/11/2021 8:20,35,1,1,0.844231765,13.2,44.2333796,-123.1625399,89
8/11/2021 8:30,35,1,1,0.69611165,14,44.2333796,-123.1625399,96
8/11/2021 8:40,35,1,1,0.525395474,14.8,44.2333796,-123.1625399,98
8/11/2021 8:50,35,1,1,0.531598911,14,44.2333796,-123.1625399,99
8/11/2021 9:00,35,1,1,0.460643586,14,44.2333796,-123.1625399,95
8/11/2021 9:10,35,1,1,0.896717661,13.2,44.2333796,-123.1625399,92
8/11/2021 9:20,35,1,1,0.459248398,14,44.2333796,-123.1625399,100
8/11/2021 9:30,35,1,1,0.376129877,14,44.2333796,-123.1625399,91
8/11/2021 9:40,35,1,1,0.293271044,14,44.2333796,-123.1625399,89
8/11/2021 9:50,35,1,1,0.264231304,14,44.2333796,-123.1625399,99
8/11/2021 10:00,35,1,1,0.326598632,14,44.2333796,-123.1625399,93
8/11/2021 10:10,35,1,1,1.13137085,14.8,44.2333796,-123.1625399,88
8/11/2021 10:20,35,1,1,0.700476029,14,44.2333796,-123.1625399,81
8/11/2021 10:30,35,1,1,NA,14.8,44.2333796,-123.1625399,76
8/11/2021 10:40,35,1,1,0.8,15.6,44.2333796,-123.1625399,85
8/11/2021 10:50,35,1,1,0.786553664,14.8,44.2333796,-123.1625399,80
8/11/2021 11:00,35,1,1,0,14,44.2333796,-123.1625399,96
8/11/2021 11:10,35,1,1,0.431487912,14,44.2333796,-123.1625399,91
8/11/2021 11:20,35,1,1,0,14,44.2333796,-123.1625399,81
8/11/2021 11:30,35,1,1,0.45411697,14.8,44.2333796,-123.1625399,81
8/11/2021 11:40,35,1,1,0.979795897,14,44.2333796,-123.1625399,80
8/11/2021 11:50,35,1,1,0.923760431,14,44.2333796,-123.1625399,102
8/11/2021 12:00,35,1,1,0.979795897,14,44.2333796,-123.1625399,78
8/11/2021 12:10,35,1,1,0.512410092,14.8,44.2333796,-123.1625399,95
8/11/2021 12:20,35,1,1,1.001175779,14,44.2333796,-123.1625399,83
8/11/2021 12:30,35,1,1,0.427617987,15.6,44.2333796,-123.1625399,84
8/11/2021 12:40,35,1,1,0.390360029,15.6,44.2333796,-123.1625399,84
8/11/2021 12:50,35,1,1,0.520354908,14.8,44.2333796,-123.1625399,83
8/11/2021 13:00,35,1,1,0.390360029,14.8,44.2333796,-123.1625399,89
8/11/2021 13:10,35,1,1,0.349148624,14.8,44.2333796,-123.1625399,93
8/11/2021 13:20,35,1,1,0.300427046,14.8,44.2333796,-123.1625399,100
8/11/2021 13:30,35,1,1,0.414039336,14.8,44.2333796,-123.1625399,84
8/11/2021 13:40,35,1,1,0.528180233,14.8,44.2333796,-123.1625399,92
8/11/2021 13:50,35,1,1,0.56298524,14.8,44.2333796,-123.1625399,88
8/11/2021 14:00,35,1,1,0.503036931,14.8,44.2333796,-123.1625399,89
8/11/2021 14:10,35,1,1,0.313785816,15.6,44.2333796,-123.1625399,82
8/11/2021 14:20,35,1,1,0.8,15.6,44.2333796,-123.1625399,80
8/11/2021 14:30,35,1,1,0.326598632,15.6,44.2333796,-123.1625399,77
8/11/2021 14:40,35,1,1,0.604743157,14.8,44.2333796,-123.1625399,78
8/11/2021 14:50,35,1,1,0.505964426,15.6,44.2333796,-123.1625399,75
8/11/2021 15:00,35,1,1,0.4,15.6,44.2333796,-123.1625399,79
8/11/2021 15:20,35,1,1,0.431487912,15.6,44.2333796,-123.1625399,93
8/11/2021 15:30,35,1,1,0.619677335,15.6,44.2333796,-123.1625399,88
8/11/2021 15:40,35,1,1,0,15.6,44.2333796,-123.1625399,80
8/11/2021 15:50,35,1,1,0.461880215,15.6,44.2333796,-123.1625399,88
8/11/2021 16:00,35,1,1,0.779969005,18,44.2333796,-123.1625399,86
8/11/2021 16:10,35,1,1,0.565685425,15.6,44.2333796,-123.1625399,82
8/11/2021 16:20,35,1,1,0.266666667,15.6,44.2333796,-123.1625399,81
8/11/2021 16:30,35,1,1,0.390360029,15.6,44.2333796,-123.1625399,80
8/11/2021 16:40,35,1,1,0.413118224,15.6,44.2333796,-123.1625399,83
8/11/2021 17:00,35,1,1,1.006644591,15.6,44.2333796,-123.1625399,89
8/11/2021 17:10,35,1,1,1.13137085,14.8,44.2333796,-123.1625399,79
8/11/2021 17:20,35,1,1,NA,15.6,44.2333796,-123.1625399,84
8/11/2021 17:30,35,1,1,0.461880215,15.6,44.2333796,-123.1625399,74
8/11/2021 17:40,35,1,1,NA,14.8,44.2333796,-123.1625399,86
8/11/2021 17:50,35,1,1,NA,14.8,44.2333796,-123.1625399,73
8/11/2021 18:00,35,1,1,0.565685425,14.8,44.2333796,-123.1625399,82
8/11/2021 18:10,35,1,1,0.565685425,15.6,44.2333796,-123.1625399,78
8/11/2021 18:20,35,1,1,0.438178046,14.8,44.2333796,-123.1625399,88
8/11/2021 18:30,35,1,1,0,15.6,44.2333796,-123.1625399,76
8/11/2021 18:40,35,1,1,0.357770876,14.8,44.2333796,-123.1625399,80
8/11/2021 19:00,35,1,1,0,14.8,44.2333796,-123.1625399,90
8/11/2021 19:10,35,1,1,0,14.8,44.2333796,-123.1625399,75
8/11/2021 19:20,35,1,1,0,14.8,44.2333796,-123.1625399,92
8/11/2021 19:30,35,1,1,0,14.8,44.2333796,-123.1625399,80
8/11/2021 19:40,35,1,1,0.8,16.4,44.2333796,-123.1625399,83
8/11/2021 20:00,35,1,1,0,14.8,44.2333796,-123.1625399,87
8/11/2021 20:10,35,1,1,0.4,14.8,44.2333796,-123.1625399,94
8/11/2021 20:20,35,1,1,0.8,17.2,44.2333796,-123.1625399,98
8/11/2021 20:30,35,1,1,0.302371578,14.8,44.2333796,-123.1625399,90
8/11/2021 20:40,35,1,1,0.826236447,14.8,44.2333796,-123.1625399,90
8/11/2021 20:50,35,1,1,0.974981146,14.8,44.2333796,-123.1625399,107
8/11/2021 21:00,35,1,1,0.621000021,16.4,44.2333796,-123.1625399,92
8/11/2021 21:10,35,1,1,0.701646415,14.8,44.2333796,-123.1625399,99
8/11/2021 21:20,35,1,1,0.548795472,14.8,44.2333796,-123.1625399,96
8/11/2021 21:30,35,1,1,0.478091444,14.8,44.2333796,-123.1625399,96
8/11/2021 21:40,35,1,1,0.66704751,15.6,44.2333796,-123.1625399,92
8/11/2021 21:50,35,1,1,0.445421149,15.6,44.2333796,-123.1625399,93
8/11/2021 22:00,35,1,1,0.359182207,14.8,44.2333796,-123.1625399,90
8/11/2021 22:10,35,1,1,0.472749472,14.8,44.2333796,-123.1625399,95
8/11/2021 22:20,35,1,1,0.393682302,15.6,44.2333796,-123.1625399,94
8/11/2021 22:30,35,1,1,0.538074167,15.6,44.2333796,-123.1625399,87
8/11/2021 22:40,35,1,1,0.989355108,14.8,44.2333796,-123.1625399,91
8/11/2021 22:50,35,1,1,0.411596604,14.8,44.2333796,-123.1625399,85
8/11/2021 23:00,35,1,1,0.622799155,14.8,44.2333796,-123.1625399,86
8/11/2021 23:10,35,1,1,1.073312629,13.2,44.2333796,-123.1625399,85
8/11/2021 23:20,35,1,1,0.405839725,14.8,44.2333796,-123.1625399,81
8/11/2021 23:30,35,1,1,NA,14.8,44.2333796,-123.1625399,86
8/11/2021 23:40,35,1,1,0.765941686,16.4,44.2333796,-123.1625399,97
8/11/2021 23:50,35,1,1,0.786553664,14.8,44.2333796,-123.1625399,80
8/12/2021 0:00,35,1,1,NA,14.8,44.2333796,-123.1625399,80
8/12/2021 0:10,35,1,1,0.533333333,15.6,44.2333796,-123.1625399,86
8/12/2021 0:20,35,1,1,0.438178046,14.8,44.2333796,-123.1625399,91
8/12/2021 0:30,35,1,1,0.413118224,14.8,44.2333796,-123.1625399,79
8/12/2021 0:40,35,1,1,0.461880215,15.6,44.2333796,-123.1625399,79
8/12/2021 0:50,35,1,1,0.876356092,17.2,44.2333796,-123.1625399,81
8/12/2021 1:10,35,1,1,0.931971796,14.8,44.2333796,-123.1625399,81
8/12/2021 1:40,35,1,2,0.8,16.4,44.2333796,-123.1625399,76
8/12/2021 1:50,35,1,1,0.565685425,14.8,44.2333796,-123.1625399,75
8/12/2021 2:00,35,1,1,0.904310664,14.8,44.2333796,-123.1625399,80
8/12/2021 2:10,35,1,1,0.891712686,14.8,44.2333796,-123.1625399,85
8/12/2021 2:20,35,1,1,0.461880215,14.8,44.2333796,-123.1625399,83
8/12/2021 2:30,35,1,1,NA,14.8,44.2333796,-123.1625399,91
8/12/2021 2:40,35,1,1,0.438178046,14,44.2333796,-123.1625399,86
8/12/2021 2:50,35,1,1,1.013873001,14.8,44.2333796,-123.1625399,87
8/12/2021 3:00,35,1,1,0.49531135,14,44.2333796,-123.1625399,85
8/12/2021 3:10,35,1,1,0.587877538,14.8,44.2333796,-123.1625399,83
8/12/2021 3:20,35,1,1,1.222020185,14.8,44.2333796,-123.1625399,78
8/12/2021 3:30,35,1,1,1.250777536,14,44.2333796,-123.1625399,82
8/12/2021 3:50,35,1,1,NA,12.4,44.2333796,-123.1625399,93
8/12/2021 4:00,35,1,1,1.257448397,13.2,44.2333796,-123.1625399,90
8/12/2021 4:30,35,1,1,1.460593487,12.4,44.2333796,-123.1625399,82
8/12/2021 4:40,35,1,1,1.209486314,14,44.2333796,-123.1625399,80
8/12/2021 5:10,35,1,1,0,14.8,44.2333796,-123.1625399,86
8/12/2021 5:20,35,1,1,NA,15.6,44.2333796,-123.1625399,88
8/12/2021 5:30,35,1,1,1.011928851,14,44.2333796,-123.1625399,91
8/12/2021 5:40,35,1,1,0.505964426,14.8,44.2333796,-123.1625399,107
8/12/2021 5:50,35,1,1,0.565685425,14,44.2333796,-123.1625399,77
8/12/2021 6:00,35,1,1,0.386436713,14,44.2333796,-123.1625399,105
8/12/2021 6:10,35,1,1,0.326598632,14,44.2333796,-123.1625399,86
8/12/2021 6:20,35,1,1,0.492582341,14,44.2333796,-123.1625399,88
8/12/2021 6:30,35,1,1,0.413118224,14,44.2333796,-123.1625399,83
8/12/2021 6:40,35,1,1,0.390360029,14,44.2333796,-123.1625399,98
8/12/2021 6:50,35,1,1,0.504482828,14,44.2333796,-123.1625399,98
8/12/2021 7:00,35,1,1,0.398090681,14,44.2333796,-123.1625399,88
8/12/2021 7:10,35,1,1,0.54053114,14,44.2333796,-123.1625399,96
8/12/2021 7:20,35,1,1,0.409773082,14,44.2333796,-123.1625399,96
8/12/2021 7:30,35,1,1,0.54272042,14,44.2333796,-123.1625399,93
8/12/2021 7:40,35,1,1,0.391918359,14,44.2333796,-123.1625399,99
8/12/2021 7:50,35,1,1,0.59029183,14.8,44.2333796,-123.1625399,92
8/12/2021 8:00,35,1,1,0.533435888,14,44.2333796,-123.1625399,103
8/12/2021 8:10,35,1,1,0.565076834,14,44.2333796,-123.1625399,102
8/12/2021 8:20,35,1,1,0.326598632,14,44.2333796,-123.1625399,89
8/12/2021 8:30,35,1,1,0.366190167,14,44.2333796,-123.1625399,91
8/12/2021 8:40,35,1,1,0.368710879,14,44.2333796,-123.1625399,93
8/12/2021 8:50,35,1,1,0.451520728,14.8,44.2333796,-123.1625399,95
8/12/2021 9:00,35,1,1,0.643645531,14.8,44.2333796,-123.1625399,102
8/12/2021 9:10,35,1,1,0.569954809,14,44.2333796,-123.1625399,95
8/12/2021 9:20,35,1,1,0.62701105,14,44.2333796,-123.1625399,94
8/12/2021 9:30,35,1,1,0.353339051,14,44.2333796,-123.1625399,106
8/12/2021 9:40,35,1,1,0.628724198,14,44.2333796,-123.1625399,97
8/12/2021 9:50,35,1,1,0.541119633,14.8,44.2333796,-123.1625399,94
8/12/2021 10:00,35,1,1,0.281000069,14,44.2333796,-123.1625399,89
8/12/2021 10:10,35,1,1,0.599682456,14,44.2333796,-123.1625399,98
8/12/2021 10:20,35,1,1,0.368710879,14,44.2333796,-123.1625399,99
8/12/2021 10:30,35,1,1,0.460387868,14,44.2333796,-123.1625399,100
8/12/2021 10:40,35,1,1,0.466386471,15.6,44.2333796,-123.1625399,99
8/12/2021 10:50,35,1,1,0.461880215,14.8,44.2333796,-123.1625399,87
8/12/2021 11:00,35,1,1,0.4,14,44.2333796,-123.1625399,93
8/12/2021 11:10,35,1,1,0,14,44.2333796,-123.1625399,80
8/12/2021 11:20,35,1,1,NA,14.8,44.2333796,-123.1625399,78
8/12/2021 11:30,35,1,1,0.565685425,14,44.2333796,-123.1625399,81
8/12/2021 11:40,35,1,1,0.461880215,14,44.2333796,-123.1625399,77
8/12/2021 11:50,35,1,1,1.222020185,14.8,44.2333796,-123.1625399,88
8/12/2021 12:00,35,1,1,0.413118224,14,44.2333796,-123.1625399,78
8/12/2021 12:10,35,1,1,0.461880215,14,44.2333796,-123.1625399,77
8/12/2021 12:20,35,1,1,0.653197265,14,44.2333796,-123.1625399,84
8/12/2021 12:40,35,1,1,0.413118224,14,44.2333796,-123.1625399,78
8/12/2021 12:50,35,1,1,0.565685425,14.8,44.2333796,-123.1625399,80
8/12/2021 13:00,35,1,1,0.923760431,15.6,44.2333796,-123.1625399,77
8/12/2021 13:20,35,1,1,0.4,14.8,44.2333796,-123.1625399,108
8/12/2021 13:30,35,1,1,0,13.2,44.2333796,-123.1625399,77
8/12/2021 13:40,35,1,1,0.230940108,14.8,44.2333796,-123.1625399,83
8/12/2021 13:50,35,1,1,0.311399578,15.6,44.2333796,-123.1625399,105
8/12/2021 14:00,35,1,1,0.414039336,15.6,44.2333796,-123.1625399,77
8/12/2021 14:10,35,1,1,0.629436634,16.4,44.2333796,-123.1625399,80
8/12/2021 14:20,35,1,1,0.715541753,16.4,44.2333796,-123.1625399,74
8/12/2021 14:30,35,1,1,0.282842712,15.6,44.2333796,-123.1625399,82
8/12/2021 14:40,35,1,1,0.478091444,15.6,44.2333796,-123.1625399,89
8/12/2021 14:50,35,1,1,0.401167886,14.8,44.2333796,-123.1625399,79
8/12/2021 15:00,35,1,1,0.409878031,15.6,44.2333796,-123.1625399,87
8/12/2021 15:10,35,1,1,0.188403286,14.8,44.2333796,-123.1625399,89
8/12/2021 15:20,35,1,1,0.349789853,14.8,44.2333796,-123.1625399,88
8/12/2021 15:30,35,1,1,0.244102861,14.8,44.2333796,-123.1625399,91
8/12/2021 15:40,35,1,1,0.331880894,14.8,44.2333796,-123.1625399,83
8/12/2021 15:50,35,1,1,0.504602473,14.8,44.2333796,-123.1625399,86
8/12/2021 16:00,35,1,1,0.388057,14.8,44.2333796,-123.1625399,86
8/12/2021 16:10,35,1,1,0.550041321,14.8,44.2333796,-123.1625399,79
8/12/2021 16:20,35,1,1,0.4,14.8,44.2333796,-123.1625399,88
8/12/2021 16:40,35,1,1,0.340652251,14.8,44.2333796,-123.1625399,82
8/12/2021 16:50,35,1,1,0.438178046,14.8,44.2333796,-123.1625399,83
8/12/2021 17:00,35,1,1,0,14.8,44.2333796,-123.1625399,75
8/12/2021 17:10,35,1,1,0.282842712,14.8,44.2333796,-123.1625399,83
8/12/2021 17:20,35,1,1,0.461880215,15.6,44.2333796,-123.1625399,90
8/12/2021 17:30,35,1,1,0.4,14.8,44.2333796,-123.1625399,77
8/12/2021 17:40,35,1,1,0.565685425,15.6,44.2333796,-123.1625399,81
8/12/2021 17:50,35,1,1,NA,14.8,44.2333796,-123.1625399,74
8/12/2021 18:00,35,1,1,0,14.8,44.2333796,-123.1625399,91
8/12/2021 18:10,35,1,1,0,14.8,44.2333796,-123.1625399,78
8/12/2021 18:40,35,1,1,0.550041321,14.8,44.2333796,-123.1625399,79
8/12/2021 18:50,35,1,1,0.4,14.8,44.2333796,-123.1625399,86
8/12/2021 19:00,35,1,1,0.923760431,14,44.2333796,-123.1625399,97
8/12/2021 19:10,35,1,1,NA,14,44.2333796,-123.1625399,94
8/12/2021 19:20,35,1,1,NA,14,44.2333796,-123.1625399,74
8/12/2021 19:30,35,1,1,0.461880215,14,44.2333796,-123.1625399,94
8/12/2021 19:40,35,1,1,0,14.8,44.2333796,-123.1625399,72
8/12/2021 19:50,35,1,1,0,14.8,44.2333796,-123.1625399,79
8/12/2021 20:00,35,1,1,NA,14,44.2333796,-123.1625399,78
8/12/2021 20:10,35,1,1,0.710100292,14,44.2333796,-123.1625399,96
8/12/2021 20:20,35,1,1,0.438178046,14,44.2333796,-123.1625399,92
8/12/2021 20:30,35,1,1,0.488999876,15.6,44.2333796,-123.1625399,95
8/12/2021 20:40,35,1,1,0.766615239,16.4,44.2333796,-123.1625399,102
8/12/2021 20:50,35,1,1,0.6322055,15.6,44.2333796,-123.1625399,99
8/12/2021 21:00,35,1,1,1.179342899,15.6,44.2333796,-123.1625399,94
8/12/2021 21:10,35,1,1,0.823885841,17.2,44.2333796,-123.1625399,105
8/12/2021 21:20,35,1,1,0.494677554,14.8,44.2333796,-123.1625399,101
8/12/2021 21:30,35,1,1,0.749268649,15.6,44.2333796,-123.1625399,96
8/12/2021 21:40,35,1,1,0.572984894,15.6,44.2333796,-123.1625399,97
8/12/2021 21:50,35,1,1,0.676123404,15.6,44.2333796,-123.1625399,89
8/12/2021 22:00,35,1,1,0,14.8,44.2333796,-123.1625399,78
8/12/2021 22:10,35,1,1,0.669328021,14.8,44.2333796,-123.1625399,81
8/12/2021 22:40,35,1,1,0.326598632,15.6,44.2333796,-123.1625399,77
8/12/2021 22:50,35,1,1,0.559364719,14.8,44.2333796,-123.1625399,86
8/12/2021 23:00,35,1,1,0.480859446,15.6,44.2333796,-123.1625399,85
8/12/2021 23:10,35,1,1,0.341121146,14.8,44.2333796,-123.1625399,81
8/12/2021 23:20,35,1,1,0.282842712,14.8,44.2333796,-123.1625399,83
8/12/2021 23:30,35,1,1,0.4,14,44.2333796,-123.1625399,85
8/12/2021 23:40,35,1,1,0.533333333,14,44.2333796,-123.1625399,80
8/12/2021 23:50,35,1,1,0.438178046,14,44.2333796,-123.1625399,80
8/13/2021 0:00,35,1,1,0.787785542,16.4,44.2333796,-123.1625399,91
8/13/2021 0:20,35,1,1,0.37032804,14,44.2333796,-123.1625399,91
8/13/2021 0:40,35,1,1,0.780720058,15.6,44.2333796,-123.1625399,81
8/13/2021 0:50,35,1,1,0.646761667,14,44.2333796,-123.1625399,99
8/13/2021 1:00,35,1,1,0,14,44.2333796,-123.1625399,91
8/13/2021 1:10,35,1,1,0.864748214,14,44.2333796,-123.1625399,84
8/13/2021 1:20,35,1,1,0.704437282,14.8,44.2333796,-123.1625399,86
8/13/2021 1:40,35,1,1,0.876356092,16.4,44.2333796,-123.1625399,104
8/13/2021 1:50,35,1,1,0,14.8,44.2333796,-123.1625399,90
8/13/2021 2:00,35,1,1,0.765941686,15.6,44.2333796,-123.1625399,82
8/13/2021 2:20,35,1,1,0.550041321,15.6,44.2333796,-123.1625399,78
8/13/2021 2:30,35,1,1,1.222020185,14.8,44.2333796,-123.1625399,85
8/13/2021 2:40,35,1,1,1.13137085,14,44.2333796,-123.1625399,79
8/13/2021 2:50,35,1,1,1.006644591,14,44.2333796,-123.1625399,78
8/13/2021 3:10,35,1,1,1.13137085,12.4,44.2333796,-123.1625399,76
8/13/2021 3:20,35,1,1,0.595219047,14,44.2333796,-123.1625399,81
8/13/2021 3:40,35,1,1,0.653197265,15.6,44.2333796,-123.1625399,84
8/13/2021 3:50,35,1,1,1.073312629,15.6,44.2333796,-123.1625399,83
8/13/2021 4:00,35,1,1,1.13137085,15.6,44.2333796,-123.1625399,75
8/13/2021 4:10,35,1,1,0.565685425,15.6,44.2333796,-123.1625399,79
8/13/2021 4:20,35,1,1,1.222020185,14.8,44.2333796,-123.1625399,88
8/13/2021 4:30,35,1,1,0.826236447,14.8,44.2333796,-123.1625399,83
8/13/2021 4:40,35,1,1,1.13137085,14,44.2333796,-123.1625399,90
8/13/2021 4:50,35,1,1,NA,14,44.2333796,-123.1625399,88
8/13/2021 5:00,35,1,1,NA,14,44.2333796,-123.1625399,75
8/13/2021 5:10,35,1,1,0.482418151,14.8,44.2333796,-123.1625399,87
8/13/2021 5:20,35,1,1,0,14,44.2333796,-123.1625399,94
8/13/2021 5:30,35,1,1,0.559364719,14,44.2333796,-123.1625399,92
8/13/2021 5:40,35,1,1,0.629436634,14,44.2333796,-123.1625399,92
8/13/2021 5:50,35,1,1,0.751469149,15.6,44.2333796,-123.1625399,89
8/13/2021 6:00,35,1,1,0.302371578,14.8,44.2333796,-123.1625399,91
8/13/2021 6:10,35,1,1,1.239354671,14.8,44.2333796,-123.1625399,79
8/13/2021 6:20,35,1,1,0.685994341,13.2,44.2333796,-123.1625399,87
8/13/2021 6:30,35,1,1,0,14,44.2333796,-123.1625399,97
8/13/2021 6:40,35,1,1,0.690372187,14.8,44.2333796,-123.1625399,96
8/13/2021 6:50,35,1,1,0.241209076,14,44.2333796,-123.1625399,90
8/13/2021 7:00,35,1,1,0.431052725,14.8,44.2333796,-123.1625399,93
8/13/2021 7:10,35,1,1,0.627932202,14,44.2333796,-123.1625399,98
8/13/2021 7:20,35,1,1,0.538711621,14,44.2333796,-123.1625399,99
8/13/2021 7:30,35,1,1,0.533333333,14,44.2333796,-123.1625399,96
8/13/2021 7:40,35,1,1,0.469631607,14,44.2333796,-123.1625399,97
8/13/2021 7:50,35,1,1,0.37032804,14,44.2333796,-123.1625399,96
8/13/2021 8:00,35,1,1,0.444842733,14,44.2333796,-123.1625399,99
8/13/2021 8:10,35,1,1,0.675890218,14,44.2333796,-123.1625399,100
8/13/2021 8:20,35,1,1,0.49377072,14,44.2333796,-123.1625399,99
8/13/2021 8:30,35,1,1,0.879826823,14,44.2333796,-123.1625399,92
8/13/2021 8:40,35,1,1,1.222020185,16.4,44.2333796,-123.1625399,89
8/13/2021 8:50,35,1,1,0.8,14,44.2333796,-123.1625399,83
8/13/2021 9:00,35,1,1,0.653197265,15.6,44.2333796,-123.1625399,77
8/13/2021 9:10,35,1,1,0.540898723,14,44.2333796,-123.1625399,79
8/13/2021 9:20,35,1,1,0.481663783,14.8,44.2333796,-123.1625399,80
8/13/2021 9:40,35,1,1,0.427617987,14,44.2333796,-123.1625399,78
8/13/2021 9:50,35,1,1,0.503112009,14,44.2333796,-123.1625399,86
8/13/2021 10:10,35,1,1,0.474893472,14,44.2333796,-123.1625399,79
8/13/2021 10:20,35,1,1,0.357770876,14,44.2333796,-123.1625399,83
8/13/2021 10:30,35,1,1,1.13137085,14.8,44.2333796,-123.1625399,96
8/13/2021 10:40,35,1,1,NA,14,44.2333796,-123.1625399,77
8/13/2021 10:50,35,1,1,0.508747019,14,44.2333796,-123.1625399,97
8/13/2021 11:00,35,1,1,0.512410092,14,44.2333796,-123.1625399,86
8/13/2021 11:10,35,1,1,0.719788329,14.8,44.2333796,-123.1625399,79
8/13/2021 11:20,35,1,1,0.486259399,14.8,44.2333796,-123.1625399,79
8/13/2021 11:30,35,1,1,0.497008595,14,44.2333796,-123.1625399,80
8/13/2021 11:40,35,1,1,0.760951785,14,44.2333796,-123.1625399,103
8/13/2021 11:50,35,1,1,0.520354908,14,44.2333796,-123.1625399,90
8/13/2021 12:00,35,1,1,0.461551592,13.2,44.2333796,-123.1625399,90
8/13/2021 12:10,35,1,1,0.574716322,14,44.2333796,-123.1625399,83
8/13/2021 12:20,35,1,1,0.592637758,14,44.2333796,-123.1625399,87
8/13/2021 12:30,35,1,1,0.456288991,14.8,44.2333796,-123.1625399,91
8/13/2021 12:40,35,1,1,0.683130051,14,44.2333796,-123.1625399,80
8/13/2021 12:50,35,1,1,NA,14.8,44.2333796,-123.1625399,81
8/13/2021 13:00,35,1,1,0.605729777,15.6,44.2333796,-123.1625399,84
8/13/2021 13:10,35,1,1,0.606951599,14.8,44.2333796,-123.1625399,89
8/13/2021 13:20,35,1,1,0.62701105,14.8,44.2333796,-123.1625399,98
8/13/2021 13:30,35,1,1,0.546504041,14.8,44.2333796,-123.1625399,81
8/13/2021 13:40,35,1,1,0.748100047,15.6,44.2333796,-123.1625399,83
8/13/2021 13:50,35,1,1,0.499411418,15.6,44.2333796,-123.1625399,89
8/13/2021 14:00,35,1,1,0,14.8,44.2333796,-123.1625399,104
8/13/2021 14:10,35,1,1,0.287592502,14.8,44.2333796,-123.1625399,102
8/13/2021 14:20,35,1,1,0.4,14.8,44.2333796,-123.1625399,81
8/13/2021 14:30,35,1,1,0.411686976,14.8,44.2333796,-123.1625399,86
8/13/2021 14:40,35,1,1,0.4,14.8,44.2333796,-123.1625399,96
8/13/2021 14:50,35,1,1,0.443444426,14.8,44.2333796,-123.1625399,86
8/13/2021 15:00,35,1,1,0.373741274,14.8,44.2333796,-123.1625399,88
8/13/2021 15:10,35,1,1,0.265035663,14.8,44.2333796,-123.1625399,90
8/13/2021 15:20,35,1,1,0.547188454,15.6,44.2333796,-123.1625399,85
8/13/2021 15:30,35,1,1,0.244671097,14.8,44.2333796,-123.1625399,89
8/13/2021 15:40,35,1,1,0.422730764,14.8,44.2333796,-123.1625399,80
8/13/2021 15:50,35,1,1,0.49377072,14.8,44.2333796,-123.1625399,100
8/13/2021 16:00,35,1,1,0.653197265,15.6,44.2333796,-123.1625399,80
8/13/2021 16:10,35,1,1,0.499274836,14,44.2333796,-123.1625399,84
8/13/2021 16:20,35,1,1,0.627058701,14,44.2333796,-123.1625399,80
8/13/2021 16:30,35,1,1,0.543492976,14,44.2333796,-123.1625399,79
8/13/2021 16:40,35,1,1,0,14,44.2333796,-123.1625399,73
8/13/2021 16:50,35,1,1,0.307482446,14,44.2333796,-123.1625399,85
8/13/2021 17:00,35,1,1,0.292118697,14,44.2333796,-123.1625399,86
8/13/2021 17:10,35,1,1,0.4,14,44.2333796,-123.1625399,76
8/13/2021 17:30,35,1,1,0.4,14,44.2333796,-123.1625399,86
8/13/2021 17:40,35,1,1,0.4,14,44.2333796,-123.1625399,87
8/13/2021 17:50,35,1,1,0.394838493,14.8,44.2333796,-123.1625399,88
8/13/2021 18:00,35,1,1,0.377123617,14,44.2333796,-123.1625399,93
8/13/2021 18:10,35,1,1,0.554347894,14,44.2333796,-123.1625399,89
8/13/2021 18:20,35,1,1,0.447433844,14,44.2333796,-123.1625399,86
8/13/2021 18:40,35,1,1,0.246234805,14,44.2333796,-123.1625399,86
8/13/2021 18:50,35,1,1,1.213260071,13.2,44.2333796,-123.1625399,85
8/13/2021 19:00,35,1,1,0.692820323,14.8,44.2333796,-123.1625399,78
8/13/2021 19:10,35,1,1,0.463147379,14,44.2333796,-123.1625399,83
8/13/2021 19:20,35,1,1,0.483713236,14,44.2333796,-123.1625399,90
8/13/2021 19:30,35,1,1,1.13137085,13.2,44.2333796,-123.1625399,75
8/13/2021 19:40,35,1,1,0.565685425,14,44.2333796,-123.1625399,81
8/13/2021 19:50,35,1,1,1.222020185,16.4,44.2333796,-123.1625399,86
8/13/2021 20:00,35,1,1,0.357770876,14,44.2333796,-123.1625399,91
8/13/2021 20:10,35,1,1,0.427617987,14,44.2333796,-123.1625399,92
8/13/2021 20:20,35,1,1,0.604743157,14.8,44.2333796,-123.1625399,83
8/13/2021 20:30,35,1,1,0.46642192,14,44.2333796,-123.1625399,103
8/13/2021 20:40,35,1,1,0.256205046,14,44.2333796,-123.1625399,100
8/13/2021 20:50,35,1,1,0.416418821,13.2,44.2333796,-123.1625399,97
8/13/2021 21:00,35,1,1,0.627820619,14,44.2333796,-123.1625399,96
8/13/2021 21:10,35,1,1,0.574716322,14,44.2333796,-123.1625399,102
8/13/2021 21:20,35,1,1,0.504482828,14,44.2333796,-123.1625399,94
8/13/2021 21:30,35,1,1,0.36890643,14,44.2333796,-123.1625399,91
8/13/2021 21:40,35,1,1,0.380475892,14,44.2333796,-123.1625399,87
8/13/2021 21:50,35,1,1,2.089882713,14,44.2333796,-123.1625399,86
8/13/2021 22:00,35,1,1,0.653197265,14,44.2333796,-123.1625399,92
8/13/2021 22:10,35,1,1,1.276105185,14,44.2333796,-123.1625399,84
8/13/2021 22:20,35,1,1,0.749744224,15.6,44.2333796,-123.1625399,101
8/13/2021 22:30,35,1,1,0.628724198,14,44.2333796,-123.1625399,88
8/13/2021 22:40,35,1,1,1.229929784,14.8,44.2333796,-123.1625399,87
8/13/2021 22:50,35,1,1,1.588850038,14,44.2333796,-123.1625399,88
8/13/2021 23:00,35,1,1,0.63104851,14.8,44.2333796,-123.1625399,83
8/13/2021 23:10,35,1,1,0.719788329,15.6,44.2333796,-123.1625399,95
8/13/2021 23:20,35,1,1,0.780720058,14,44.2333796,-123.1625399,81
8/13/2021 23:30,35,1,1,0.786553664,14,44.2333796,-123.1625399,82
8/13/2021 23:40,35,1,1,0.98754144,16.4,44.2333796,-123.1625399,94
8/13/2021 23:50,35,1,1,0.703514984,14.8,44.2333796,-123.1625399,104
8/14/2021 0:00,35,1,1,0.8,14.8,44.2333796,-123.1625399,87
8/14/2021 0:20,35,1,1,0.8,14,44.2333796,-123.1625399,100
8/14/2021 0:30,35,1,1,0.534846339,15.6,44.2333796,-123.1625399,85
8/14/2021 0:40,35,1,1,0.461880215,14,44.2333796,-123.1625399,79
8/14/2021 0:50,35,1,1,0.584237395,14.8,44.2333796,-123.1625399,85
8/14/2021 1:00,35,1,1,0.894427191,14.8,44.2333796,-123.1625399,97
8/14/2021 1:10,35,1,1,0.4,14,44.2333796,-123.1625399,83
8/14/2021 1:20,35,1,1,0.512410092,14.8,44.2333796,-123.1625399,86
8/14/2021 1:30,35,1,1,0.669328021,14,44.2333796,-123.1625399,88
8/14/2021 1:40,35,1,1,0.326598632,14.8,44.2333796,-123.1625399,83
8/14/2021 1:50,35,1,1,0.776114,14,44.2333796,-123.1625399,88
8/14/2021 2:00,35,1,1,0.8,14,44.2333796,-123.1625399,82
8/14/2021 2:10,35,1,1,0.461880215,13.2,44.2333796,-123.1625399,77
8/14/2021 2:20,35,1,1,0.461880215,14,44.2333796,-123.1625399,88
8/14/2021 2:30,35,1,1,0.732900305,14,44.2333796,-123.1625399,83
8/14/2021 2:40,35,1,1,1.2,14,44.2333796,-123.1625399,75
8/14/2021 2:50,35,1,1,0.461880215,14,44.2333796,-123.1625399,77
8/14/2021 3:00,35,1,1,0.653197265,15.6,44.2333796,-123.1625399,80
8/14/2021 3:10,35,1,1,0.968848113,14.8,44.2333796,-123.1625399,94
8/14/2021 3:20,35,1,1,0,14,44.2333796,-123.1625399,84
8/14/2021 3:30,35,1,1,1.13137085,14.8,44.2333796,-123.1625399,73
8/14/2021 3:40,35,1,1,0.37032804,14.8,44.2333796,-123.1625399,77
8/14/2021 3:50,35,1,1,NA,14.8,44.2333796,-123.1625399,86
8/14/2021 4:00,35,1,1,NA,15.6,44.2333796,-123.1625399,79
8/14/2021 4:10,35,1,2,0.669328021,14.8,44.2333796,-123.1625399,83
8/14/2021 4:20,35,1,1,0.461880215,14,44.2333796,-123.1625399,84
8/14/2021 4:30,35,1,1,0.461880215,14.8,44.2333796,-123.1625399,80
8/14/2021 4:40,35,1,1,1.372750685,14,44.2333796,-123.1625399,88
8/14/2021 4:50,35,1,1,0.505964426,14.8,44.2333796,-123.1625399,87
8/14/2021 5:00,35,1,1,0.565685425,14,44.2333796,-123.1625399,77
8/14/2021 5:10,35,1,1,0.438178046,14.8,44.2333796,-123.1625399,91
8/14/2021 5:20,35,1,1,0.625388768,14,44.2333796,-123.1625399,80
8/14/2021 5:30,35,1,1,0.57419245,14,44.2333796,-123.1625399,95
8/14/2021 5:40,35,1,1,0.864243974,14,44.2333796,-123.1625399,115
8/14/2021 5:50,35,1,1,0.914039376,14,44.2333796,-123.1625399,118
8/14/2021 6:00,35,1,1,0.626518507,14,44.2333796,-123.1625399,113
8/14/2021 6:10,35,1,1,0.53393905,14,44.2333796,-123.1625399,117
8/14/2021 6:20,35,1,1,0.491133507,14,44.2333796,-123.1625399,94
8/14/2021 6:30,35,1,1,0.40060015,14,44.2333796,-123.1625399,93
8/14/2021 6:40,35,1,1,0.437185569,14,44.2333796,-123.1625399,81
8/14/2021 6:50,35,1,1,0.611872006,14,44.2333796,-123.1625399,86
8/14/2021 7:00,35,1,1,0.651183084,14,44.2333796,-123.1625399,93
8/14/2021 7:10,35,1,1,0.622319895,13.2,44.2333796,-123.1625399,97
8/14/2021 7:20,35,1,1,0.900370294,13.2,44.2333796,-123.1625399,95
8/14/2021 7:30,35,1,1,0.578734251,14,44.2333796,-123.1625399,84
8/14/2021 7:40,35,1,1,0.517970834,13.2,44.2333796,-123.1625399,99
8/14/2021 7:50,35,1,1,0.323011044,13.2,44.2333796,-123.1625399,95
8/14/2021 8:00,35,1,1,0.45268765,13.2,44.2333796,-123.1625399,94
8/14/2021 8:10,35,1,1,0.297335515,13.2,44.2333796,-123.1625399,91
8/14/2021 8:20,35,1,1,0.51406037,13.2,44.2333796,-123.1625399,87
8/14/2021 8:30,35,1,1,0.487604813,14.8,44.2333796,-123.1625399,95
8/14/2021 8:40,35,1,1,0.46687366,14,44.2333796,-123.1625399,89
8/14/2021 8:50,35,1,1,0.461880215,14,44.2333796,-123.1625399,90
8/14/2021 9:00,35,1,1,0.39784365,14,44.2333796,-123.1625399,91
8/14/2021 9:10,35,1,1,0.595219047,13.2,44.2333796,-123.1625399,82
8/14/2021 9:20,35,1,1,NA,12.4,44.2333796,-123.1625399,75
8/14/2021 9:30,35,1,1,0,13.2,44.2333796,-123.1625399,83
8/14/2021 9:40,35,1,1,0.461880215,13.2,44.2333796,-123.1625399,82
8/14/2021 9:50,35,1,1,NA,13.2,44.2333796,-123.1625399,75
8/14/2021 10:00,35,1,1,0.48074017,13.2,44.2333796,-123.1625399,106
8/14/2021 10:10,35,1,1,0.512410092,13.2,44.2333796,-123.1625399,86
8/14/2021 10:20,35,1,1,0.311399578,13.2,44.2333796,-123.1625399,84
8/14/2021 10:30,35,1,1,0.48074017,13.2,44.2333796,-123.1625399,88
8/14/2021 10:40,35,1,1,0.956182887,14,44.2333796,-123.1625399,84
8/14/2021 10:50,35,1,1,0.461880215,13.2,44.2333796,-123.1625399,82
8/14/2021 11:00,35,1,1,0,13.2,44.2333796,-123.1625399,78
8/14/2021 11:10,35,1,1,0.653197265,14,44.2333796,-123.1625399,79
8/14/2021 11:20,35,1,1,0.608453272,14,44.2333796,-123.1625399,88
8/14/2021 11:30,35,1,1,0.461880215,14,44.2333796,-123.1625399,80
8/14/2021 11:40,35,1,1,0.8,14,44.2333796,-123.1625399,82
8/14/2021 11:50,35,1,1,0.602218122,14,44.2333796,-123.1625399,85
8/14/2021 12:00,35,1,1,0.789676987,14.8,44.2333796,-123.1625399,89
8/14/2021 12:10,35,1,1,0.438178046,14,44.2333796,-123.1625399,83
8/14/2021 12:20,35,1,1,0.414039336,14,44.2333796,-123.1625399,90
8/14/2021 12:30,35,1,1,0.728207192,14,44.2333796,-123.1625399,84
8/14/2021 12:40,35,1,1,0.674619234,14.8,44.2333796,-123.1625399,88
8/14/2021 12:50,35,1,1,0.548795472,14,44.2333796,-123.1625399,83
8/14/2021 13:00,35,1,1,0.421637021,14.8,44.2333796,-123.1625399,79
8/14/2021 13:10,35,1,1,0.979795897,14,44.2333796,-123.1625399,83
8/14/2021 13:20,35,1,1,0.855235974,14,44.2333796,-123.1625399,100
8/14/2021 13:30,35,1,1,0.427617987,14,44.2333796,-123.1625399,93
8/14/2021 13:40,35,1,1,0.41194292,14,44.2333796,-123.1625399,92
8/14/2021 13:50,35,1,1,0.76325887,14.8,44.2333796,-123.1625399,82
8/14/2021 14:00,35,1,1,0.634259974,14.8,44.2333796,-123.1625399,80
8/14/2021 14:10,35,1,1,0.590839157,14,44.2333796,-123.1625399,90
8/14/2021 14:20,35,1,1,0.407181902,14,44.2333796,-123.1625399,88
8/14/2021 14:30,35,1,1,0.505964426,14,44.2333796,-123.1625399,84
8/14/2021 14:40,35,1,1,1.366260102,14.8,44.2333796,-123.1625399,83
8/14/2021 14:50,35,1,1,0.709124208,14,44.2333796,-123.1625399,90
8/14/2021 15:00,35,1,1,0.49531135,14,44.2333796,-123.1625399,87
8/14/2021 15:10,35,1,1,0.679869268,14,44.2333796,-123.1625399,81
8/14/2021 15:20,35,1,1,0.511952379,13.2,44.2333796,-123.1625399,85
8/14/2021 15:30,35,1,1,0.517335833,15.6,44.2333796,-123.1625399,81
8/14/2021 15:40,35,1,1,0,14.8,44.2333796,-123.1625399,85
8/14/2021 15:50,35,1,1,0.337309617,14.8,44.2333796,-123.1625399,95
8/14/2021 16:00,35,1,1,0.533333333,14.8,44.2333796,-123.1625399,96
8/14/2021 16:10,35,1,1,0.386436713,14.8,44.2333796,-123.1625399,97
8/14/2021 16:20,35,1,1,0.393892771,15.6,44.2333796,-123.1625399,99
8/14/2021 16:30,35,1,1,0.825242777,17.2,44.2333796,-123.1625399,91
8/14/2021 16:40,35,1,1,0.373679493,14.8,44.2333796,-123.1625399,96
8/14/2021 16:50,35,1,1,0.241209076,14.8,44.2333796,-123.1625399,89
8/14/2021 17:00,35,1,1,0.53935989,15.6,44.2333796,-123.1625399,83
8/14/2021 17:10,35,1,1,0.653197265,14.8,44.2333796,-123.1625399,91
8/14/2021 17:20,35,1,1,0.4,15.6,44.2333796,-123.1625399,93
8/14/2021 17:30,35,1,1,NA,15.6,44.2333796,-123.1625399,82
8/14/2021 17:40,35,1,1,NA,14,44.2333796,-123.1625399,76
8/14/2021 17:50,35,1,1,0,14,44.2333796,-123.1625399,91
8/14/2021 18:00,35,1,1,0.413118224,14,44.2333796,-123.1625399,90
8/14/2021 18:20,35,1,1,0.461880215,14,44.2333796,-123.1625399,86
8/14/2021 18:40,35,1,1,0.4,14,44.2333796,-123.1625399,83
8/14/2021 18:50,35,1,1,1.13137085,14,44.2333796,-123.1625399,79
8/14/2021 19:00,35,1,1,0,14,44.2333796,-123.1625399,88
8/14/2021 19:20,35,1,1,0.461880215,14.8,44.2333796,-123.1625399,82
8/14/2021 19:30,35,1,1,0.461880215,14.8,44.2333796,-123.1625399,84
8/14/2021 19:40,35,1,1,0.709124208,14.8,44.2333796,-123.1625399,93
8/14/2021 19:50,35,1,1,0.337392934,14.8,44.2333796,-123.1625399,84
8/14/2021 20:00,35,1,1,0.402099752,14.8,44.2333796,-123.1625399,87
8/14/2021 20:10,35,1,1,0.396475702,15.6,44.2333796,-123.1625399,87
8/14/2021 20:20,35,1,1,0.565685425,14.8,44.2333796,-123.1625399,93
8/14/2021 20:30,35,1,1,0.358741763,14.8,44.2333796,-123.1625399,103
8/14/2021 20:40,35,1,1,0.711934389,15.6,44.2333796,-123.1625399,102
8/14/2021 20:50,35,1,1,1.042142316,14.8,44.2333796,-123.1625399,97
8/14/2021 21:00,35,1,1,1.54488403,18.8,44.2333796,-123.1625399,100
8/14/2021 21:10,35,1,1,0.772245839,14.8,44.2333796,-123.1625399,98
8/14/2021 21:20,35,1,1,0.915230604,16.4,44.2333796,-123.1625399,92
8/14/2021 21:30,35,1,1,0.819756061,17.2,44.2333796,-123.1625399,95
8/14/2021 21:40,35,1,1,0.772245839,16.4,44.2333796,-123.1625399,96
8/14/2021 21:50,35,1,1,0.977391486,16.4,44.2333796,-123.1625399,92
8/14/2021 22:00,35,1,1,0.896717661,16.4,44.2333796,-123.1625399,91
8/14/2021 22:10,35,1,1,0.855235974,15.6,44.2333796,-123.1625399,87
8/14/2021 22:20,35,1,1,1.313374425,17.2,44.2333796,-123.1625399,103
8/14/2021 22:30,35,1,1,0.438178046,14.8,44.2333796,-123.1625399,84
8/14/2021 22:40,35,1,1,0.505964426,15.6,44.2333796,-123.1625399,88
8/14/2021 22:50,35,1,1,0.890157824,15.6,44.2333796,-123.1625399,81
8/14/2021 23:00,35,1,1,1.177568116,18,44.2333796,-123.1625399,92
8/14/2021 23:10,35,1,1,0.427617987,15.6,44.2333796,-123.1625399,88
8/14/2021 23:20,35,1,1,NA,16.4,44.2333796,-123.1625399,81
8/14/2021 23:40,35,1,1,0.8,16.4,44.2333796,-123.1625399,93
8/14/2021 23:50,35,1,1,0.438178046,15.6,44.2333796,-123.1625399,82
8/15/2021 0:00,35,1,1,0.461880215,14.8,44.2333796,-123.1625399,80
8/15/2021 0:10,35,1,1,NA,14.8,44.2333796,-123.1625399,57
8/15/2021 0:20,35,1,1,0.438178046,15.6,44.2333796,-123.1625399,85
8/15/2021 0:30,35,1,1,1.250777536,15.6,44.2333796,-123.1625399,90
8/15/2021 0:40,35,1,1,0.923760431,16.4,44.2333796,-123.1625399,79
8/15/2021 0:50,35,1,1,0.629436634,14.8,44.2333796,-123.1625399,90
8/15/2021 1:00,35,1,1,0.581950742,16.4,44.2333796,-123.1625399,84
8/15/2021 1:10,35,1,1,0.438178046,15.6,44.2333796,-123.1625399,78
8/15/2021 1:20,35,1,1,0.552052447,15.6,44.2333796,-123.1625399,108
8/15/2021 1:30,35,1,1,0.535627251,14.8,44.2333796,-123.1625399,81
8/15/2021 1:40,35,1,1,0,14.8,44.2333796,-123.1625399,81
8/15/2021 1:50,35,1,1,NA,14,44.2333796,-123.1625399,53
8/15/2021 2:00,35,1,1,0.565685425,15.6,44.2333796,-123.1625399,82
8/15/2021 2:10,35,1,1,0.4,14.8,44.2333796,-123.1625399,79
8/15/2021 2:20,35,1,1,0,14.8,44.2333796,-123.1625399,79
8/15/2021 2:30,35,1,1,NA,15.6,44.2333796,-123.1625399,83
8/15/2021 2:40,35,1,1,0.715541753,14,44.2333796,-123.1625399,88
8/15/2021 2:50,35,1,1,0.505964426,13.2,44.2333796,-123.1625399,82
8/15/2021 3:00,35,1,1,0.780720058,14,44.2333796,-123.1625399,80
8/15/2021 3:10,35,1,1,0.719788329,14.8,44.2333796,-123.1625399,90
8/15/2021 3:20,35,1,1,0.461880215,15.6,44.2333796,-123.1625399,81
8/15/2021 3:30,35,1,1,0.326598632,15.6,44.2333796,-123.1625399,84
8/15/2021 3:40,35,1,1,0.357770876,14.8,44.2333796,-123.1625399,79
8/15/2021 3:50,35,1,1,0.923760431,14.8,44.2333796,-123.1625399,77
8/15/2021 4:00,35,1,1,0.53935989,15.6,44.2333796,-123.1625399,92
8/15/2021 4:10,35,1,1,NA,14.8,44.2333796,-123.1625399,64
8/15/2021 4:20,35,1,1,0,14,44.2333796,-123.1625399,80
8/15/2021 4:30,35,1,1,NA,14,44.2333796,-123.1625399,64
8/15/2021 4:40,35,1,1,0.765941686,14.8,44.2333796,-123.1625399,85
8/15/2021 4:50,35,1,1,0.8,14,44.2333796,-123.1625399,76
8/15/2021 5:00,35,1,1,1.697056275,14.8,44.2333796,-123.1625399,78
8/15/2021 5:10,35,1,1,0.669328021,14,44.2333796,-123.1625399,84
8/15/2021 5:20,35,1,1,1.6,15.6,44.2333796,-123.1625399,89
8/15/2021 5:30,35,1,1,0.602218122,14.8,44.2333796,-123.1625399,88
8/15/2021 5:40,35,1,1,0.520354908,14,44.2333796,-123.1625399,90
8/15/2021 5:50,35,1,1,0.399013562,14,44.2333796,-123.1625399,97
8/15/2021 6:00,35,1,1,0.543492976,14,44.2333796,-123.1625399,98
8/15/2021 6:20,35,1,1,0.461880215,13.2,44.2333796,-123.1625399,84
8/15/2021 6:30,35,1,1,NA,14,44.2333796,-123.1625399,79
8/15/2021 6:40,35,1,1,NA,14.8,44.2333796,-123.1625399,77
8/15/2021 6:50,35,1,1,0.565685425,14.8,44.2333796,-123.1625399,82
8/15/2021 7:00,35,1,1,0.600605755,14.8,44.2333796,-123.1625399,82
8/15/2021 7:10,35,1,1,0.67909975,15.6,44.2333796,-123.1625399,78
8/15/2021 7:20,35,1,1,1.222020185,14,44.2333796,-123.1625399,100
8/15/2021 7:30,35,1,1,0.4,14,44.2333796,-123.1625399,81
8/15/2021 7:40,35,1,1,0.876356092,14,44.2333796,-123.1625399,93
8/15/2021 7:50,35,1,1,1.032795559,14,44.2333796,-123.1625399,82
8/15/2021 8:10,35,1,1,0.614358118,14,44.2333796,-123.1625399,95
8/15/2021 8:20,35,1,1,0.562000139,14,44.2333796,-123.1625399,96
8/15/2021 8:30,35,1,1,0.56298524,14,44.2333796,-123.1625399,82
8/15/2021 8:40,35,1,1,0.599258801,14,44.2333796,-123.1625399,93
8/15/2021 8:50,35,1,1,0.516397779,14,44.2333796,-123.1625399,90
8/15/2021 9:00,35,1,1,0.723627227,15.6,44.2333796,-123.1625399,82
8/15/2021 9:10,35,1,1,0.461311047,14,44.2333796,-123.1625399,87
8/15/2021 9:20,35,1,1,0,14,44.2333796,-123.1625399,92
8/15/2021 9:30,35,1,1,0.761752366,14,44.2333796,-123.1625399,76
8/15/2021 9:40,35,1,1,0.932600445,12.4,44.2333796,-123.1625399,78
8/15/2021 9:50,35,1,1,0.4,14.8,44.2333796,-123.1625399,80
8/15/2021 10:00,35,1,1,0.331231468,14,44.2333796,-123.1625399,86
8/15/2021 10:10,35,1,1,1.063328109,14,44.2333796,-123.1625399,82
8/15/2021 10:20,35,1,1,0.8,15.6,44.2333796,-123.1625399,77
8/15/2021 10:30,35,1,1,0.548527059,14.8,44.2333796,-123.1625399,85
8/15/2021 10:40,35,1,1,0,14,44.2333796,-123.1625399,84
8/15/2021 10:50,35,1,1,NA,15.6,44.2333796,-123.1625399,74
8/15/2021 11:00,35,1,1,0.773858607,14,44.2333796,-123.1625399,92
8/15/2021 11:20,35,1,1,0.503322296,14,44.2333796,-123.1625399,82
8/15/2021 11:30,35,1,1,0.461880215,14,44.2333796,-123.1625399,80
8/15/2021 11:40,35,1,1,NA,14.8,44.2333796,-123.1625399,90
8/15/2021 11:50,35,1,1,0.629436634,13.2,44.2333796,-123.1625399,85
8/15/2021 12:00,35,1,1,0.565685425,14,44.2333796,-123.1625399,87
8/15/2021 12:10,35,1,1,0.390360029,14,44.2333796,-123.1625399,82
8/15/2021 12:20,35,1,1,0,14,44.2333796,-123.1625399,76
8/15/2021 12:30,35,1,1,0.174574312,14,44.2333796,-123.1625399,90
8/15/2021 12:40,35,1,1,0.578890931,14,44.2333796,-123.1625399,85
8/15/2021 12:50,35,1,1,0.400844774,14,44.2333796,-123.1625399,84
8/15/2021 13:00,35,1,1,0.461880215,14,44.2333796,-123.1625399,87
8/15/2021 13:10,35,1,1,0.511952379,14.8,44.2333796,-123.1625399,87
8/15/2021 13:20,35,1,1,0.42700841,14.8,44.2333796,-123.1625399,87
8/15/2021 13:30,35,1,1,0,14,44.2333796,-123.1625399,84
8/15/2021 13:50,35,1,1,0,14.8,44.2333796,-123.1625399,82
8/15/2021 14:00,35,1,1,0,14.8,44.2333796,-123.1625399,77
8/15/2021 14:10,35,1,1,0.355409327,14.8,44.2333796,-123.1625399,80
8/15/2021 14:20,35,1,1,0.390360029,14.8,44.2333796,-123.1625399,83
8/15/2021 14:30,35,1,1,0.49531135,14.8,44.2333796,-123.1625399,86
8/15/2021 14:40,35,1,1,0.474893472,15.6,44.2333796,-123.1625399,80
8/15/2021 14:50,35,1,1,0.300427046,15.6,44.2333796,-123.1625399,84
8/15/2021 15:00,35,1,1,0.414039336,14.8,44.2333796,-123.1625399,84
8/15/2021 15:10,35,1,1,0.445421149,14.8,44.2333796,-123.1625399,96
8/15/2021 15:20,35,1,1,0.325470482,15.6,44.2333796,-123.1625399,99
8/15/2021 15:30,35,1,1,0.565685425,15.6,44.2333796,-123.1625399,81
8/15/2021 15:40,35,1,1,0.37032804,14.8,44.2333796,-123.1625399,81
8/15/2021 15:50,35,1,1,0.366606056,14.8,44.2333796,-123.1625399,92
8/15/2021 16:00,35,1,1,0.375734575,14.8,44.2333796,-123.1625399,82
8/15/2021 16:10,35,1,1,0.44002635,14.8,44.2333796,-123.1625399,84
8/15/2021 16:20,35,1,1,0.4,14.8,44.2333796,-123.1625399,84
8/15/2021 16:30,35,1,1,0.266666667,14.8,44.2333796,-123.1625399,88
8/15/2021 16:40,35,1,1,0.638179228,16.4,44.2333796,-123.1625399,82
8/15/2021 16:50,35,1,1,0.565685425,14.8,44.2333796,-123.1625399,84
8/15/2021 17:00,35,1,1,0.461880215,14.8,44.2333796,-123.1625399,89
8/15/2021 17:10,35,1,1,0,14.8,44.2333796,-123.1625399,93
8/15/2021 17:20,35,1,1,0.438178046,15.6,44.2333796,-123.1625399,83
8/15/2021 17:40,35,1,1,0.732380333,14,44.2333796,-123.1625399,89
8/15/2021 17:50,35,1,1,0.461880215,13.2,44.2333796,-123.1625399,80
8/15/2021 18:00,35,1,1,0.715541753,14.8,44.2333796,-123.1625399,79
8/15/2021 18:20,35,1,1,0.461880215,14,44.2333796,-123.1625399,82
8/15/2021 18:30,35,1,1,0.461880215,14.8,44.2333796,-123.1625399,83
8/15/2021 18:40,35,1,1,0.602218122,14,44.2333796,-123.1625399,80
8/15/2021 18:50,35,1,1,0.390360029,14,44.2333796,-123.1625399,92
8/15/2021 19:00,35,1,1,0.266666667,13.2,44.2333796,-123.1625399,83
8/15/2021 19:10,35,1,1,0.479315752,14,44.2333796,-123.1625399,81
8/15/2021 19:20,35,1,1,0.337309617,14,44.2333796,-123.1625399,85
8/15/2021 19:30,35,1,1,0.375045785,14.8,44.2333796,-123.1625399,87
8/15/2021 19:40,35,1,1,0.438178046,14,44.2333796,-123.1625399,76
8/15/2021 19:50,35,1,1,0.390360029,14.8,44.2333796,-123.1625399,80
8/15/2021 20:00,35,1,1,0.4,14,44.2333796,-123.1625399,76
8/15/2021 20:20,35,1,1,0,14.8,44.2333796,-123.1625399,82
8/15/2021 20:30,35,1,1,0.461880215,14.8,44.2333796,-123.1625399,92
8/15/2021 20:40,35,1,1,0.74065608,14.8,44.2333796,-123.1625399,95
8/15/2021 20:50,35,1,1,0.595219047,14.8,44.2333796,-123.1625399,93
8/15/2021 21:00,35,1,1,0.504340138,14.8,44.2333796,-123.1625399,92
8/15/2021 21:10,35,1,1,0.333623062,14.8,44.2333796,-123.1625399,104
8/15/2021 21:20,35,1,1,0.366190167,14.8,44.2333796,-123.1625399,97
8/15/2021 21:30,35,1,1,0.260352168,14.8,44.2333796,-123.1625399,97
8/15/2021 21:40,35,1,1,0.46642192,14.8,44.2333796,-123.1625399,99
8/15/2021 21:50,35,1,1,0.326598632,14.8,44.2333796,-123.1625399,80
8/15/2021 22:10,35,1,1,0.213808994,14.8,44.2333796,-123.1625399,96
8/15/2021 22:20,35,1,1,0.221880078,14.8,44.2333796,-123.1625399,95
8/15/2021 22:40,35,1,1,0.417786374,14,44.2333796,-123.1625399,86
8/15/2021 22:50,35,1,1,NA,14,44.2333796,-123.1625399,80
8/15/2021 23:10,35,1,1,1.538830725,17.2,44.2333796,-123.1625399,76
8/15/2021 23:50,35,2,1,0.692820323,13.2,44.23122,-123.1629,78
8/16/2021 0:00,35,2,1,0.431487912,14,44.23122,-123.1629,93
8/16/2021 0:10,35,2,2,NA,14,44.23122,-123.1629,74
8/16/2021 0:20,35,2,1,0.4,13.2,44.23122,-123.1629,83
8/16/2021 0:30,35,2,1,0,13.2,44.23122,-123.1629,100
8/16/2021 0:40,35,2,1,0.337309617,13.2,44.23122,-123.1629,85
8/16/2021 0:50,35,2,1,0.658618082,14,44.23122,-123.1629,85
8/16/2021 1:10,35,2,1,0.4,13.2,44.23122,-123.1629,82
8/16/2021 1:20,35,1,1,NA,14,44.2333796,-123.1625399,78
8/16/2021 1:30,35,2,1,0,14,44.23122,-123.1629,82
8/16/2021 1:40,35,1,1,0.56298524,14,44.2333796,-123.1625399,88
8/16/2021 1:50,35,1,1,0.45411697,14,44.2333796,-123.1625399,91
8/16/2021 2:00,35,1,1,NA,14,44.2333796,-123.1625399,72
8/16/2021 2:20,35,1,1,1.006644591,17.2,44.2333796,-123.1625399,82
8/16/2021 3:00,35,1,1,0.505964426,14,44.2333796,-123.1625399,98
8/16/2021 3:40,35,1,2,1.697056275,16.4,44.2333796,-123.1625399,76
8/16/2021 3:50,35,1,1,0,14.8,44.2333796,-123.1625399,81
8/16/2021 4:00,35,1,1,0.461880215,14,44.2333796,-123.1625399,98
8/16/2021 4:10,35,1,1,1.222020185,14,44.2333796,-123.1625399,85
8/16/2021 4:20,35,1,1,1.13137085,14.8,44.2333796,-123.1625399,80
8/16/2021 4:30,35,1,1,1.040279683,14,44.2333796,-123.1625399,93
8/16/2021 4:50,35,1,1,0.461880215,13.2,44.2333796,-123.1625399,78
8/16/2021 5:00,35,1,2,0,14,44.2333796,-123.1625399,79
8/16/2021 5:10,35,1,1,0.752431955,15.6,44.2333796,-123.1625399,85
8/16/2021 5:20,35,1,1,0.461880215,14.8,44.2333796,-123.1625399,90
8/16/2021 5:40,35,1,1,0.839047079,13.2,44.2333796,-123.1625399,86
8/16/2021 5:50,35,1,1,0.453634892,14,44.2333796,-123.1625399,97
8/16/2021 6:00,35,1,1,0.414747888,14,44.2333796,-123.1625399,98
8/16/2021 6:10,35,1,1,0.505964426,14,44.2333796,-123.1625399,90
8/16/2021 6:20,35,1,1,0,14,44.2333796,-123.1625399,90
8/16/2021 6:30,35,1,1,1.486052371,14,44.2333796,-123.1625399,93
8/16/2021 6:40,35,1,1,0.357770876,14,44.2333796,-123.1625399,81
8/16/2021 6:50,35,1,1,NA,14,44.2333796,-123.1625399,97
8/16/2021 7:00,35,1,1,0.503952631,14,44.2333796,-123.1625399,79
8/16/2021 7:10,35,1,1,0.505964426,13.2,44.2333796,-123.1625399,77
8/16/2021 7:20,35,1,1,0.458984386,14.8,44.2333796,-123.1625399,92
8/16/2021 7:30,35,1,1,0.8,14,44.2333796,-123.1625399,84
8/16/2021 7:40,35,1,1,0.266666667,14,44.2333796,-123.1625399,88
8/16/2021 7:50,35,1,1,0.4,14.8,44.2333796,-123.1625399,79
8/16/2021 8:00,35,1,1,0.647165767,14,44.2333796,-123.1625399,91
8/16/2021 8:10,35,1,1,0.629861212,14,44.2333796,-123.1625399,86
8/16/2021 8:20,35,1,1,0.533333333,14.8,44.2333796,-123.1625399,83
8/16/2021 8:30,35,1,1,0.653197265,14,44.2333796,-123.1625399,87
8/16/2021 8:40,35,1,1,0.742368582,14,44.2333796,-123.1625399,83
8/16/2021 8:50,35,1,1,0.550989785,15.6,44.2333796,-123.1625399,90
8/16/2021 9:00,35,1,1,0.792344321,14.8,44.2333796,-123.1625399,87
8/16/2021 9:10,35,1,1,0.708048963,14,44.2333796,-123.1625399,86
8/16/2021 9:20,35,1,1,0.41194292,14,44.2333796,-123.1625399,88
8/16/2021 9:30,35,1,1,0.584036729,14.8,44.2333796,-123.1625399,86
8/16/2021 9:40,35,1,1,0.326598632,14,44.2333796,-123.1625399,85
8/16/2021 9:50,35,1,1,0.411596604,14,44.2333796,-123.1625399,90
8/16/2021 10:00,35,1,1,0.326598632,14,44.2333796,-123.1625399,80
8/16/2021 10:10,35,1,1,0.431487912,14,44.2333796,-123.1625399,82
8/16/2021 10:20,35,1,1,0.393892771,14,44.2333796,-123.1625399,93
8/16/2021 10:30,35,1,1,0.660336245,14.8,44.2333796,-123.1625399,97
8/16/2021 10:40,35,1,1,0.294357188,14.8,44.2333796,-123.1625399,93
8/16/2021 10:50,35,1,1,0.413118224,14.8,44.2333796,-123.1625399,93
8/16/2021 11:00,35,1,1,0.416664368,15.6,44.2333796,-123.1625399,82
8/16/2021 11:10,35,1,1,0.384307569,14.8,44.2333796,-123.1625399,83
8/16/2021 11:20,35,1,1,0.382970843,15.6,44.2333796,-123.1625399,84
8/16/2021 11:30,35,1,1,0.38523473,14.8,44.2333796,-123.1625399,86
8/16/2021 11:40,35,1,1,0.461880215,15.6,44.2333796,-123.1625399,87
8/16/2021 11:50,35,1,1,0.254982103,14.8,44.2333796,-123.1625399,92
8/16/2021 12:00,35,1,1,0.444842733,15.6,44.2333796,-123.1625399,87
8/16/2021 12:10,35,1,1,0.327259095,14.8,44.2333796,-123.1625399,89
8/16/2021 12:20,35,1,1,0.478091444,14.8,44.2333796,-123.1625399,85
8/16/2021 12:30,35,1,1,0.355409327,14.8,44.2333796,-123.1625399,84
8/16/2021 12:40,35,1,1,0.355409327,15.6,44.2333796,-123.1625399,90
8/16/2021 12:50,35,1,1,0.375045785,14,44.2333796,-123.1625399,86
8/16/2021 13:00,35,1,1,0.629436634,14.8,44.2333796,-123.1625399,88
8/16/2021 13:10,35,1,1,0.667618368,14,44.2333796,-123.1625399,83
8/16/2021 13:20,35,1,1,0.523090039,14.8,44.2333796,-123.1625399,87
8/16/2021 13:30,35,1,1,0.600854093,14.8,44.2333796,-123.1625399,89
8/16/2021 13:40,35,1,1,0.427617987,13.2,44.2333796,-123.1625399,95
8/16/2021 13:50,35,1,1,0.413118224,14,44.2333796,-123.1625399,84
8/16/2021 14:00,35,1,1,0.358741763,14,44.2333796,-123.1625399,88
8/16/2021 14:10,35,1,1,0.213808994,14,44.2333796,-123.1625399,88
8/16/2021 14:20,35,1,1,0.352766841,14.8,44.2333796,-123.1625399,92
8/16/2021 14:30,35,1,1,0.302371578,15.6,44.2333796,-123.1625399,78
8/16/2021 14:40,35,1,1,0.414039336,14.8,44.2333796,-123.1625399,84
8/16/2021 14:50,35,1,1,NA,14.8,44.2333796,-123.1625399,74
8/16/2021 15:10,35,1,1,0.394073746,15.6,44.2333796,-123.1625399,91
8/16/2021 15:20,35,1,1,0.565685425,14.8,44.2333796,-123.1625399,76
8/16/2021 15:40,35,1,1,0.364836146,14.8,44.2333796,-123.1625399,92
8/16/2021 15:50,35,1,1,0.434794381,14.8,44.2333796,-123.1625399,92
8/16/2021 16:00,35,1,1,0.312016822,15.6,44.2333796,-123.1625399,96
8/16/2021 16:10,35,1,1,0.45411697,15.6,44.2333796,-123.1625399,83
8/16/2021 16:20,35,1,1,0.431487912,15.6,44.2333796,-123.1625399,86
8/16/2021 16:30,35,1,1,0.386436713,14.8,44.2333796,-123.1625399,85
8/16/2021 16:40,35,1,1,0.682242292,14.8,44.2333796,-123.1625399,91
8/16/2021 16:50,35,1,1,0.463147379,14.8,44.2333796,-123.1625399,88
8/16/2021 17:10,35,1,1,0.622799155,15.6,44.2333796,-123.1625399,84
8/16/2021 17:20,35,1,1,0.393892771,14.8,44.2333796,-123.1625399,84
8/16/2021 17:30,35,1,1,0.438655104,14.8,44.2333796,-123.1625399,89
8/16/2021 17:40,35,1,1,0.473002212,15.6,44.2333796,-123.1625399,86
8/16/2021 17:50,35,1,1,0.266666667,14.8,44.2333796,-123.1625399,87
8/16/2021 18:00,35,1,1,0.497008595,15.6,44.2333796,-123.1625399,90
8/16/2021 18:10,35,1,1,0.419412008,14.8,44.2333796,-123.1625399,83
8/16/2021 18:20,35,1,1,0.828078671,14.8,44.2333796,-123.1625399,87
8/16/2021 18:30,35,1,1,0,14.8,44.2333796,-123.1625399,89
8/16/2021 18:40,35,1,1,0,14.8,44.2333796,-123.1625399,87
8/16/2021 18:50,35,1,1,NA,14.8,44.2333796,-123.1625399,88
8/16/2021 19:10,35,1,1,0.935236156,15.6,44.2333796,-123.1625399,87
8/16/2021 19:20,35,1,1,0.715541753,14.8,44.2333796,-123.1625399,92
8/16/2021 19:30,35,1,1,0.90252172,16.4,44.2333796,-123.1625399,93
8/16/2021 19:40,35,1,1,0.461880215,16.4,44.2333796,-123.1625399,78
8/16/2021 19:50,35,1,1,0.653197265,15.6,44.2333796,-123.1625399,92
8/16/2021 20:00,35,1,1,1.697056275,15.6,44.2333796,-123.1625399,75
8/16/2021 20:10,35,1,1,0.461880215,14.8,44.2333796,-123.1625399,85
8/16/2021 20:20,35,1,1,0.581950742,15.6,44.2333796,-123.1625399,99
8/16/2021 20:30,35,1,1,0.373679493,14.8,44.2333796,-123.1625399,97
8/16/2021 20:40,35,1,1,2.078460969,15.6,44.2333796,-123.1625399,100
8/16/2021 20:50,35,1,1,0.504340138,14.8,44.2333796,-123.1625399,100
8/16/2021 21:00,35,1,1,0,14.8,44.2333796,-123.1625399,97
8/16/2021 21:10,35,1,1,1.545746853,10,44.2333796,-123.1625399,88
8/16/2021 21:20,35,1,1,0.386436713,14.8,44.2333796,-123.1625399,88
8/16/2021 21:30,35,1,1,0.438178046,14.8,44.2333796,-123.1625399,80
8/16/2021 21:40,35,1,1,0.386436713,15.6,44.2333796,-123.1625399,96
8/16/2021 21:50,35,1,1,0.539958846,15.6,44.2333796,-123.1625399,92
8/16/2021 22:00,35,1,1,0.593219042,14.8,44.2333796,-123.1625399,102
8/16/2021 22:10,35,1,1,NA,14.8,44.2333796,-123.1625399,83
8/16/2021 22:20,35,1,1,0.302371578,15.6,44.2333796,-123.1625399,81
8/16/2021 22:30,35,1,1,0,14.8,44.2333796,-123.1625399,77
8/16/2021 22:40,35,1,2,0.461880215,15.6,44.2333796,-123.1625399,78
8/16/2021 23:00,35,1,1,0.550041321,15.6,44.2333796,-123.1625399,96
8/16/2021 23:10,35,1,1,0.285078658,14.8,44.2333796,-123.1625399,105
8/16/2021 23:20,35,1,1,0.427617987,14.8,44.2333796,-123.1625399,88
8/16/2021 23:30,35,1,1,0,15.6,44.2333796,-123.1625399,94
8/16/2021 23:40,35,1,1,0.4,15.6,44.2333796,-123.1625399,88
8/16/2021 23:50,35,1,1,0.282842712,14.8,44.2333796,-123.1625399,100
8/17/2021 0:00,35,1,1,2.571640203,11.6,44.2333796,-123.1625399,79
8/17/2021 0:10,35,1,1,0.674619234,14.8,44.2333796,-123.1625399,102
8/17/2021 0:20,35,1,1,0.910544293,15.6,44.2333796,-123.1625399,96
8/17/2021 0:30,35,1,1,0.478091444,15.6,44.2333796,-123.1625399,100
8/17/2021 0:40,35,1,1,0.721246868,14.8,44.2333796,-123.1625399,99
8/17/2021 0:50,35,1,1,0.8,15.6,44.2333796,-123.1625399,95
8/17/2021 1:00,35,1,1,0.653197265,14,44.2333796,-123.1625399,93
8/17/2021 1:10,35,1,1,1.541798579,18,44.2333796,-123.1625399,98
8/17/2021 1:20,35,1,1,0.533333333,14,44.2333796,-123.1625399,103
8/17/2021 1:30,35,1,1,0.684468211,14,44.2333796,-123.1625399,99
8/17/2021 1:40,35,1,1,1.385640646,14,44.2333796,-123.1625399,85
8/17/2021 1:50,35,1,1,0.565685425,14.8,44.2333796,-123.1625399,93
8/17/2021 2:00,35,1,1,0.565685425,14.8,44.2333796,-123.1625399,84
8/17/2021 2:10,35,1,1,0.923760431,14.8,44.2333796,-123.1625399,87
8/17/2021 2:20,35,1,1,0,14,44.2333796,-123.1625399,92
8/17/2021 2:30,35,1,2,0.461880215,14,44.2333796,-123.1625399,79
8/17/2021 2:40,35,1,2,NA,14,44.2333796,-123.1625399,71
8/17/2021 2:50,35,1,1,0.357770876,14,44.2333796,-123.1625399,91
8/17/2021 3:00,35,1,1,0.821528509,14,44.2333796,-123.1625399,92
8/17/2021 3:10,35,1,1,0.390360029,14,44.2333796,-123.1625399,101
8/17/2021 3:20,35,1,1,0.701646415,14,44.2333796,-123.1625399,94
8/17/2021 3:30,35,1,2,1.093008082,15.6,44.2333796,-123.1625399,91
8/17/2021 3:40,35,1,1,0.302371578,14,44.2333796,-123.1625399,96
8/17/2021 4:00,35,1,1,NA,14,44.2333796,-123.1625399,97
8/17/2021 4:10,35,1,1,1.006644591,14,44.2333796,-123.1625399,77
8/17/2021 4:20,35,1,1,0.640512615,14,44.2333796,-123.1625399,105
8/17/2021 4:40,35,1,1,0.431166745,14,44.2333796,-123.1625399,95
8/17/2021 4:50,35,1,1,1.222020185,13.2,44.2333796,-123.1625399,85
8/17/2021 5:00,35,1,1,0.653197265,14.8,44.2333796,-123.1625399,81
8/17/2021 5:10,35,1,2,0,14.8,44.2333796,-123.1625399,79
8/17/2021 5:20,35,1,1,1.927020133,14.8,44.2333796,-123.1625399,99
8/17/2021 5:30,35,1,1,0.413118224,15.6,44.2333796,-123.1625399,95
8/17/2021 5:40,35,1,1,1.02934715,14.8,44.2333796,-123.1625399,88
8/17/2021 5:50,35,1,1,0.780720058,15.6,44.2333796,-123.1625399,89
8/17/2021 6:00,35,1,2,0.8,14.8,44.2333796,-123.1625399,81
8/17/2021 6:10,35,1,1,NA,14.8,44.2333796,-123.1625399,78
8/17/2021 6:20,35,1,1,0,15.6,44.2333796,-123.1625399,106
8/17/2021 6:30,35,1,1,NA,14,44.2333796,-123.1625399,77
8/17/2021 6:40,35,1,1,0.461880215,14.8,44.2333796,-123.1625399,83
8/17/2021 6:50,35,1,1,0.565685425,14,44.2333796,-123.1625399,79
8/17/2021 7:00,35,1,1,0.653197265,13.2,44.2333796,-123.1625399,84
8/17/2021 7:10,35,1,1,0,14,44.2333796,-123.1625399,80
8/17/2021 7:20,35,1,1,0.765941686,13.2,44.2333796,-123.1625399,84
8/17/2021 7:30,35,1,1,0,14,44.2333796,-123.1625399,79
8/17/2021 7:40,35,1,1,0.565685425,14,44.2333796,-123.1625399,89
8/17/2021 7:50,35,1,1,NA,14,44.2333796,-123.1625399,79
8/17/2021 8:00,35,1,1,0.4,14,44.2333796,-123.1625399,95
8/17/2021 8:10,35,1,1,NA,14,44.2333796,-123.1625399,78
8/17/2021 8:20,35,1,1,0.461880215,14,44.2333796,-123.1625399,89
8/17/2021 8:30,35,1,1,NA,14,44.2333796,-123.1625399,73
8/17/2021 9:20,35,1,1,0,14.8,44.2333796,-123.1625399,77
8/17/2021 9:40,35,1,1,NA,14.8,44.2333796,-123.1625399,77
8/17/2021 9:50,35,1,1,NA,14,44.2333796,-123.1625399,86
8/17/2021 10:40,35,1,1,0.8,14.8,44.2333796,-123.1625399,85
8/17/2021 11:00,35,1,1,NA,14,44.2333796,-123.1625399,82
8/17/2021 11:10,35,1,1,NA,14,44.2333796,-123.1625399,77
8/17/2021 11:20,35,1,1,NA,15.6,44.2333796,-123.1625399,84
8/17/2021 11:50,35,1,2,0.8,15.6,44.2333796,-123.1625399,76
8/17/2021 12:20,35,1,1,NA,14.8,44.2333796,-123.1625399,85
8/17/2021 12:30,35,1,1,NA,14.8,44.2333796,-123.1625399,73
8/17/2021 13:10,35,1,1,NA,14,44.2333796,-123.1625399,75
8/17/2021 13:30,35,1,1,NA,14,44.2333796,-123.1625399,84
8/17/2021 13:50,35,1,1,NA,14,44.2333796,-123.1625399,81
8/17/2021 14:00,35,1,1,NA,14.8,44.2333796,-123.1625399,74
8/17/2021 14:20,35,1,1,NA,14,44.2333796,-123.1625399,83
8/17/2021 14:30,35,1,1,0,14,44.2333796,-123.1625399,84
8/17/2021 15:00,35,1,1,1.13137085,14.8,44.2333796,-123.1625399,78
8/17/2021 15:10,35,1,1,0,14,44.2333796,-123.1625399,79
8/17/2021 15:40,35,1,1,0.540898723,14,44.2333796,-123.1625399,81
8/17/2021 15:50,35,1,1,0.705533683,14,44.2333796,-123.1625399,90
8/17/2021 16:00,35,1,1,0.461880215,14.8,44.2333796,-123.1625399,87
8/17/2021 16:10,35,1,1,NA,14,44.2333796,-123.1625399,81
8/17/2021 16:20,35,1,1,NA,14,44.2333796,-123.1625399,79
8/17/2021 16:30,35,1,1,NA,14,44.2333796,-123.1625399,83
8/17/2021 17:50,35,1,1,NA,14,44.2333796,-123.1625399,87
8/17/2021 18:20,35,1,1,0.565685425,14.8,44.2333796,-123.1625399,82
8/17/2021 18:30,35,1,1,0,14,44.2333796,-123.1625399,87
8/17/2021 18:40,35,1,1,0.623890829,14,44.2333796,-123.1625399,85
8/17/2021 18:50,35,1,1,0.604743157,14.8,44.2333796,-123.1625399,88
8/17/2021 19:00,35,1,1,0.658618082,14,44.2333796,-123.1625399,87
8/17/2021 19:10,35,1,1,0,14,44.2333796,-123.1625399,80
8/17/2021 19:50,35,1,1,0.302371578,14,44.2333796,-123.1625399,88
8/17/2021 20:00,35,1,1,NA,14,44.2333796,-123.1625399,86
8/17/2021 20:10,35,1,1,0.565685425,14.8,44.2333796,-123.1625399,83
8/17/2021 20:20,35,1,1,0.843274043,14,44.2333796,-123.1625399,97
8/17/2021 20:30,35,1,1,0.94373746,15.6,44.2333796,-123.1625399,115
8/17/2021 20:40,35,1,1,0.752270782,18,44.2333796,-123.1625399,118
8/17/2021 20:50,35,1,1,0.565685425,18.8,44.2333796,-123.1625399,114
8/17/2021 21:00,35,1,1,0.449836572,18.8,44.2333796,-123.1625399,118
8/17/2021 21:10,35,1,1,0.865700427,17.2,44.2333796,-123.1625399,112
8/17/2021 21:20,35,1,1,NA,18.8,44.2333796,-123.1625399,76
